ISO-10303-21;
HEADER;
FILE_DESCRIPTION(('Open CASCADE Model'),'2;1');
FILE_NAME('Open CASCADE Shape Model','2026-09-15T10:25:57',('Author'),(
    'Open CASCADE'),'Open CASCADE STEP processor 7.8','Open CASCADE 7.8'
  ,'Unknown');
FILE_SCHEMA(('AUTOMOTIVE_DESIGN { 1 0 10303 214 1 1 1 1 }'));
ENDSEC;
DATA;
#1 = APPLICATION_PROTOCOL_DEFINITION('international standard',
  'automotive_design',2000,#2);
#2 = APPLICATION_CONTEXT(
  'core data for automotive mechanical design processes');
#3 = SHAPE_DEFINITION_REPRESENTATION(#4,#10);
#4 = PRODUCT_DEFINITION_SHAPE('','',#5);
#5 = PRODUCT_DEFINITION('design','',#6,#9);
#6 = PRODUCT_DEFINITION_FORMATION('','',#7);
#7 = PRODUCT('Open CASCADE STEP translator 7.8 3',
  'Open CASCADE STEP translator 7.8 3','',(#8));
#8 = PRODUCT_CONTEXT('',#2,'mechanical');
#9 = PRODUCT_DEFINITION_CONTEXT('part definition',#2,'design');
#10 = ADVANCED_BREP_SHAPE_REPRESENTATION('',(#11,#15),#16686);
#11 = AXIS2_PLACEMENT_3D('',#12,#13,#14);
#12 = CARTESIAN_POINT('',(0.,0.,0.));
#13 = DIRECTION('',(0.,0.,1.));
#14 = DIRECTION('',(1.,0.,-0.));
#15 = MANIFOLD_SOLID_BREP('',#16);
#16 = CLOSED_SHELL('',(#17,#139,#220,#301,#384,#465,#546,#629,#710,#791,
    #874,#955,#1036,#1119,#1200,#1281,#1364,#1445,#1526,#1609,#1690,
    #1771,#1854,#1935,#2016,#2099,#2180,#2261,#2344,#2425,#2506,#2589,
    #2670,#2751,#2834,#2915,#2996,#3079,#3160,#3241,#3324,#3405,#3486,
    #3569,#3650,#3731,#3814,#3895,#3976,#4059,#4140,#4221,#4304,#4385,
    #4466,#4549,#4630,#4711,#4794,#4875,#4956,#5039,#5120,#5201,#5284,
    #5365,#5446,#5529,#5610,#5691,#5774,#5855,#5936,#6019,#6100,#6181,
    #6264,#6345,#6426,#6509,#6590,#6671,#6754,#6835,#6916,#6999,#7080,
    #7161,#7244,#7325,#7406,#7489,#7570,#7651,#7734,#7815,#7896,#7979,
    #8060,#8141,#8224,#8305,#8386,#8469,#8550,#8631,#8714,#8795,#8876,
    #8959,#9040,#9121,#9204,#9285,#9366,#9449,#9530,#9611,#9694,#9770,
    #9822,#12661,#12815,#12906,#12932,#13009,#13036,#13041,#13090,#13117
    ,#13144,#13172,#13200,#13228,#13256,#13283,#13310,#13338,#13366,
    #13394,#13422,#13449,#13476,#13504,#13532,#13560,#13588,#13615,
    #13642,#13670,#13698,#13726,#13754,#13781,#13808,#13836,#13864,
    #13892,#13920,#13947,#13974,#14002,#14030,#14058,#14086,#14113,
    #14140,#14168,#14196,#14224,#14252,#14279,#14306,#14334,#14362,
    #14390,#14418,#14445,#14472,#14500,#14528,#14556,#14584,#14611,
    #14638,#14666,#14694,#14722,#14750,#14777,#14804,#14832,#14860,
    #14888,#14916,#14943,#14970,#14998,#15026,#15054,#15082,#15109,
    #15136,#15164,#15192,#15220,#15248,#15275,#15302,#15330,#15358,
    #15386,#15414,#15441,#15468,#15496,#15524,#15552,#15580,#15607,
    #15634,#15662,#15690,#15718,#15746,#15773,#15800,#15828,#15856,
    #15884,#15912,#15939,#15966,#15994,#16022,#16050,#16078,#16105,
    #16132,#16160,#16188,#16216,#16244,#16271,#16298,#16326,#16354,
    #16361,#16415,#16497,#16504,#16539,#16593,#16675,#16682));
#17 = ADVANCED_FACE('',(#18),#32,.T.);
#18 = FACE_BOUND('',#19,.T.);
#19 = EDGE_LOOP('',(#20,#55,#84,#112));
#20 = ORIENTED_EDGE('',*,*,#21,.F.);
#21 = EDGE_CURVE('',#22,#24,#26,.T.);
#22 = VERTEX_POINT('',#23);
#23 = CARTESIAN_POINT('',(19.147286833269,17.738052573901,
    64.511994732266));
#24 = VERTEX_POINT('',#25);
#25 = CARTESIAN_POINT('',(19.147286833269,27.238052573901,
    48.057512060362));
#26 = SURFACE_CURVE('',#27,(#31,#43),.PCURVE_S1.);
#27 = LINE('',#28,#29);
#28 = CARTESIAN_POINT('',(19.147286833269,17.238052573901,
    65.378020136051));
#29 = VECTOR('',#30,1.);
#30 = DIRECTION('',(-5.947623346206E-16,0.5,-0.866025403784));
#31 = PCURVE('',#32,#37);
#32 = CYLINDRICAL_SURFACE('',#33,19.284210105952);
#33 = AXIS2_PLACEMENT_3D('',#34,#35,#36);
#34 = CARTESIAN_POINT('',(-1.580957587066E-12,19.224663947881,
    66.524990747593));
#35 = DIRECTION('',(-5.947623346206E-16,0.5,-0.866025403784));
#36 = DIRECTION('',(-1.,-2.973811673103E-16,5.150792909956E-16));
#37 = DEFINITIONAL_REPRESENTATION('',(#38),#42);
#38 = LINE('',#39,#40);
#39 = CARTESIAN_POINT('',(3.260829370296,0.));
#40 = VECTOR('',#41,1.);
#41 = DIRECTION('',(0.,1.));
#42 = ( GEOMETRIC_REPRESENTATION_CONTEXT(2) 
PARAMETRIC_REPRESENTATION_CONTEXT() REPRESENTATION_CONTEXT('2D SPACE',''
  ) );
#43 = PCURVE('',#44,#49);
#44 = PLANE('',#45);
#45 = AXIS2_PLACEMENT_3D('',#46,#47,#48);
#46 = CARTESIAN_POINT('',(18.844046843952,17.599509094433,
    65.586707155481));
#47 = DIRECTION('',(-0.809016994375,-0.509036960455,-0.293892626146));
#48 = DIRECTION('',(0.587785252292,-0.700629269222,-0.404508497187));
#49 = DEFINITIONAL_REPRESENTATION('',(#50),#54);
#50 = LINE('',#51,#52);
#51 = CARTESIAN_POINT('',(0.515902684074,0.));
#52 = VECTOR('',#53,1.);
#53 = DIRECTION('',(0.,-1.));
#54 = ( GEOMETRIC_REPRESENTATION_CONTEXT(2) 
PARAMETRIC_REPRESENTATION_CONTEXT() REPRESENTATION_CONTEXT('2D SPACE',''
  ) );
#55 = ORIENTED_EDGE('',*,*,#56,.F.);
#56 = EDGE_CURVE('',#57,#22,#59,.T.);
#57 = VERTEX_POINT('',#58);
#58 = CARTESIAN_POINT('',(18.919018734183,16.489912464452,
    63.791380704089));
#59 = SURFACE_CURVE('',#60,(#65,#72),.PCURVE_S1.);
#60 = CIRCLE('',#61,19.284210105952);
#61 = AXIS2_PLACEMENT_3D('',#62,#63,#64);
#62 = CARTESIAN_POINT('',(-1.581845765486E-12,19.724663947881,
    65.658965343809));
#63 = DIRECTION('',(5.947623346206E-16,-0.5,0.866025403784));
#64 = DIRECTION('',(1.,2.973811673103E-16,-5.150792909956E-16));
#65 = PCURVE('',#32,#66);
#66 = DEFINITIONAL_REPRESENTATION('',(#67),#71);
#67 = LINE('',#68,#69);
#68 = CARTESIAN_POINT('',(9.424777960769,1.));
#69 = VECTOR('',#70,1.);
#70 = DIRECTION('',(-1.,0.));
#71 = ( GEOMETRIC_REPRESENTATION_CONTEXT(2) 
PARAMETRIC_REPRESENTATION_CONTEXT() REPRESENTATION_CONTEXT('2D SPACE',''
  ) );
#72 = PCURVE('',#73,#78);
#73 = CONICAL_SURFACE('',#74,18.284210105952,0.785398163397);
#74 = AXIS2_PLACEMENT_3D('',#75,#76,#77);
#75 = CARTESIAN_POINT('',(-1.580957587066E-12,19.224663947881,
    66.524990747593));
#76 = DIRECTION('',(-5.947623346206E-16,0.5,-0.866025403784));
#77 = DIRECTION('',(-1.,-2.973811673103E-16,5.150792909956E-16));
#78 = DEFINITIONAL_REPRESENTATION('',(#79),#83);
#79 = LINE('',#80,#81);
#80 = CARTESIAN_POINT('',(9.424777960769,1.));
#81 = VECTOR('',#82,1.);
#82 = DIRECTION('',(-1.,2.489383946701E-14));
#83 = ( GEOMETRIC_REPRESENTATION_CONTEXT(2) 
PARAMETRIC_REPRESENTATION_CONTEXT() REPRESENTATION_CONTEXT('2D SPACE',''
  ) );
#84 = ORIENTED_EDGE('',*,*,#85,.T.);
#85 = EDGE_CURVE('',#57,#86,#88,.T.);
#86 = VERTEX_POINT('',#87);
#87 = CARTESIAN_POINT('',(18.919018734183,25.989912464452,
    47.336898032185));
#88 = SURFACE_CURVE('',#89,(#93,#100),.PCURVE_S1.);
#89 = LINE('',#90,#91);
#90 = CARTESIAN_POINT('',(18.919018734183,15.989912464452,
    64.657406107874));
#91 = VECTOR('',#92,1.);
#92 = DIRECTION('',(-5.947623346206E-16,0.5,-0.866025403784));
#93 = PCURVE('',#32,#94);
#94 = DEFINITIONAL_REPRESENTATION('',(#95),#99);
#95 = LINE('',#96,#97);
#96 = CARTESIAN_POINT('',(3.336515202243,0.));
#97 = VECTOR('',#98,1.);
#98 = DIRECTION('',(0.,1.));
#99 = ( GEOMETRIC_REPRESENTATION_CONTEXT(2) 
PARAMETRIC_REPRESENTATION_CONTEXT() REPRESENTATION_CONTEXT('2D SPACE',''
  ) );
#100 = PCURVE('',#101,#106);
#101 = PLANE('',#102);
#102 = AXIS2_PLACEMENT_3D('',#103,#104,#105);
#103 = CARTESIAN_POINT('',(18.501644695323,15.72729893026,
    64.505786113215));
#104 = DIRECTION('',(0.587785252292,-0.700629269222,-0.404508497187));
#105 = DIRECTION('',(0.809016994375,0.509036960455,0.293892626146));
#106 = DEFINITIONAL_REPRESENTATION('',(#107),#111);
#107 = LINE('',#108,#109);
#108 = CARTESIAN_POINT('',(0.515902684074,0.));
#109 = VECTOR('',#110,1.);
#110 = DIRECTION('',(0.,-1.));
#111 = ( GEOMETRIC_REPRESENTATION_CONTEXT(2) 
PARAMETRIC_REPRESENTATION_CONTEXT() REPRESENTATION_CONTEXT('2D SPACE',''
  ) );
#112 = ORIENTED_EDGE('',*,*,#113,.T.);
#113 = EDGE_CURVE('',#86,#24,#114,.T.);
#114 = SURFACE_CURVE('',#115,(#120,#127),.PCURVE_S1.);
#115 = CIRCLE('',#116,19.284210105952);
#116 = AXIS2_PLACEMENT_3D('',#117,#118,#119);
#117 = CARTESIAN_POINT('',(-1.593392084942E-12,29.224663947881,
    49.204482671905));
#118 = DIRECTION('',(5.947623346206E-16,-0.5,0.866025403784));
#119 = DIRECTION('',(1.,2.973811673103E-16,-5.150792909956E-16));
#120 = PCURVE('',#32,#121);
#121 = DEFINITIONAL_REPRESENTATION('',(#122),#126);
#122 = LINE('',#123,#124);
#123 = CARTESIAN_POINT('',(9.424777960769,20.));
#124 = VECTOR('',#125,1.);
#125 = DIRECTION('',(-1.,0.));
#126 = ( GEOMETRIC_REPRESENTATION_CONTEXT(2) 
PARAMETRIC_REPRESENTATION_CONTEXT() REPRESENTATION_CONTEXT('2D SPACE',''
  ) );
#127 = PCURVE('',#128,#133);
#128 = PLANE('',#129);
#129 = AXIS2_PLACEMENT_3D('',#130,#131,#132);
#130 = CARTESIAN_POINT('',(-8.881784197001E-16,29.224663947881,
    49.204482671904));
#131 = DIRECTION('',(5.947623346206E-16,-0.5,0.866025403784));
#132 = DIRECTION('',(1.,2.973811673103E-16,-5.150792909956E-16));
#133 = DEFINITIONAL_REPRESENTATION('',(#134),#138);
#134 = CIRCLE('',#135,19.284210105952);
#135 = AXIS2_PLACEMENT_2D('',#136,#137);
#136 = CARTESIAN_POINT('',(-1.592503906522E-12,3.37507799486E-13));
#137 = DIRECTION('',(1.,0.));
#138 = ( GEOMETRIC_REPRESENTATION_CONTEXT(2) 
PARAMETRIC_REPRESENTATION_CONTEXT() REPRESENTATION_CONTEXT('2D SPACE',''
  ) );
#139 = ADVANCED_FACE('',(#140),#44,.F.);
#140 = FACE_BOUND('',#141,.T.);
#141 = EDGE_LOOP('',(#142,#172,#198,#199));
#142 = ORIENTED_EDGE('',*,*,#143,.F.);
#143 = EDGE_CURVE('',#144,#146,#148,.T.);
#144 = VERTEX_POINT('',#145);
#145 = CARTESIAN_POINT('',(18.540806854635,18.460965614966,
    64.929368771126));
#146 = VERTEX_POINT('',#147);
#147 = CARTESIAN_POINT('',(18.540806854635,27.960965614966,
    48.474886099222));
#148 = SURFACE_CURVE('',#149,(#153,#160),.PCURVE_S1.);
#149 = LINE('',#150,#151);
#150 = CARTESIAN_POINT('',(18.540806854635,17.960965614966,
    65.795394174911));
#151 = VECTOR('',#152,1.);
#152 = DIRECTION('',(-5.947623346206E-16,0.5,-0.866025403784));
#153 = PCURVE('',#44,#154);
#154 = DEFINITIONAL_REPRESENTATION('',(#155),#159);
#155 = LINE('',#156,#157);
#156 = CARTESIAN_POINT('',(-0.515902684074,0.));
#157 = VECTOR('',#158,1.);
#158 = DIRECTION('',(0.,-1.));
#159 = ( GEOMETRIC_REPRESENTATION_CONTEXT(2) 
PARAMETRIC_REPRESENTATION_CONTEXT() REPRESENTATION_CONTEXT('2D SPACE',''
  ) );
#160 = PCURVE('',#161,#166);
#161 = PLANE('',#162);
#162 = AXIS2_PLACEMENT_3D('',#163,#164,#165);
#163 = CARTESIAN_POINT('',(18.905605140976,18.276890198195,
    65.977793318081));
#164 = DIRECTION('',(0.707106781187,-0.612372435696,-0.353553390593));
#165 = DIRECTION('',(0.707106781187,0.612372435696,0.353553390593));
#166 = DEFINITIONAL_REPRESENTATION('',(#167),#171);
#167 = LINE('',#168,#169);
#168 = CARTESIAN_POINT('',(-0.515902684074,0.));
#169 = VECTOR('',#170,1.);
#170 = DIRECTION('',(0.,-1.));
#171 = ( GEOMETRIC_REPRESENTATION_CONTEXT(2) 
PARAMETRIC_REPRESENTATION_CONTEXT() REPRESENTATION_CONTEXT('2D SPACE',''
  ) );
#172 = ORIENTED_EDGE('',*,*,#173,.T.);
#173 = EDGE_CURVE('',#144,#22,#174,.T.);
#174 = SURFACE_CURVE('',#175,(#179,#186),.PCURVE_S1.);
#175 = LINE('',#176,#177);
#176 = CARTESIAN_POINT('',(19.147286833269,17.738052573901,
    64.511994732266));
#177 = VECTOR('',#178,1.);
#178 = DIRECTION('',(0.587785252292,-0.700629269222,-0.404508497187));
#179 = PCURVE('',#44,#180);
#180 = DEFINITIONAL_REPRESENTATION('',(#181),#185);
#181 = LINE('',#182,#183);
#182 = CARTESIAN_POINT('',(0.515902684074,-1.));
#183 = VECTOR('',#184,1.);
#184 = DIRECTION('',(1.,0.));
#185 = ( GEOMETRIC_REPRESENTATION_CONTEXT(2) 
PARAMETRIC_REPRESENTATION_CONTEXT() REPRESENTATION_CONTEXT('2D SPACE',''
  ) );
#186 = PCURVE('',#187,#192);
#187 = PLANE('',#188);
#188 = AXIS2_PLACEMENT_3D('',#189,#190,#191);
#189 = CARTESIAN_POINT('',(10.632211061979,25.914496719674,
    70.387367499221));
#190 = DIRECTION('',(0.572061402818,6.390096019135E-03,0.820185904585));
#191 = DIRECTION('',(0.587785252292,-0.700629269222,-0.404508497187));
#192 = DEFINITIONAL_REPRESENTATION('',(#193),#197);
#193 = LINE('',#194,#195);
#194 = CARTESIAN_POINT('',(13.110330255582,1.414213562373));
#195 = VECTOR('',#196,1.);
#196 = DIRECTION('',(1.,-1.110223024625E-16));
#197 = ( GEOMETRIC_REPRESENTATION_CONTEXT(2) 
PARAMETRIC_REPRESENTATION_CONTEXT() REPRESENTATION_CONTEXT('2D SPACE',''
  ) );
#198 = ORIENTED_EDGE('',*,*,#21,.T.);
#199 = ORIENTED_EDGE('',*,*,#200,.T.);
#200 = EDGE_CURVE('',#24,#146,#201,.T.);
#201 = SURFACE_CURVE('',#202,(#206,#213),.PCURVE_S1.);
#202 = LINE('',#203,#204);
#203 = CARTESIAN_POINT('',(18.844046843952,27.599509094433,
    48.266199079792));
#204 = VECTOR('',#205,1.);
#205 = DIRECTION('',(-0.587785252292,0.700629269222,0.404508497187));
#206 = PCURVE('',#44,#207);
#207 = DEFINITIONAL_REPRESENTATION('',(#208),#212);
#208 = LINE('',#209,#210);
#209 = CARTESIAN_POINT('',(0.,-20.));
#210 = VECTOR('',#211,1.);
#211 = DIRECTION('',(-1.,0.));
#212 = ( GEOMETRIC_REPRESENTATION_CONTEXT(2) 
PARAMETRIC_REPRESENTATION_CONTEXT() REPRESENTATION_CONTEXT('2D SPACE',''
  ) );
#213 = PCURVE('',#128,#214);
#214 = DEFINITIONAL_REPRESENTATION('',(#215),#219);
#215 = LINE('',#216,#217);
#216 = CARTESIAN_POINT('',(18.844046843952,-1.876567184225));
#217 = VECTOR('',#218,1.);
#218 = DIRECTION('',(-0.587785252292,0.809016994375));
#219 = ( GEOMETRIC_REPRESENTATION_CONTEXT(2) 
PARAMETRIC_REPRESENTATION_CONTEXT() REPRESENTATION_CONTEXT('2D SPACE',''
  ) );
#220 = ADVANCED_FACE('',(#221),#161,.T.);
#221 = FACE_BOUND('',#222,.T.);
#222 = EDGE_LOOP('',(#223,#253,#279,#280));
#223 = ORIENTED_EDGE('',*,*,#224,.F.);
#224 = EDGE_CURVE('',#225,#227,#229,.T.);
#225 = VERTEX_POINT('',#226);
#226 = CARTESIAN_POINT('',(19.270403427317,19.092814781423,
    65.294167057467));
#227 = VERTEX_POINT('',#228);
#228 = CARTESIAN_POINT('',(19.270403427317,28.592814781423,
    48.839684385563));
#229 = SURFACE_CURVE('',#230,(#234,#241),.PCURVE_S1.);
#230 = LINE('',#231,#232);
#231 = CARTESIAN_POINT('',(19.270403427317,18.592814781423,
    66.160192461252));
#232 = VECTOR('',#233,1.);
#233 = DIRECTION('',(-5.947623346206E-16,0.5,-0.866025403784));
#234 = PCURVE('',#161,#235);
#235 = DEFINITIONAL_REPRESENTATION('',(#236),#240);
#236 = LINE('',#237,#238);
#237 = CARTESIAN_POINT('',(0.515902684074,0.));
#238 = VECTOR('',#239,1.);
#239 = DIRECTION('',(0.,-1.));
#240 = ( GEOMETRIC_REPRESENTATION_CONTEXT(2) 
PARAMETRIC_REPRESENTATION_CONTEXT() REPRESENTATION_CONTEXT('2D SPACE',''
  ) );
#241 = PCURVE('',#242,#247);
#242 = CYLINDRICAL_SURFACE('',#243,19.284210105954);
#243 = AXIS2_PLACEMENT_3D('',#244,#245,#246);
#244 = CARTESIAN_POINT('',(-3.357314426466E-12,19.224663947881,
    66.524990747593));
#245 = DIRECTION('',(-5.947623346206E-16,0.5,-0.866025403784));
#246 = DIRECTION('',(-1.,-2.973811673103E-16,5.150792909956E-16));
#247 = DEFINITIONAL_REPRESENTATION('',(#248),#252);
#248 = LINE('',#249,#250);
#249 = CARTESIAN_POINT('',(3.179435569563,0.));
#250 = VECTOR('',#251,1.);
#251 = DIRECTION('',(0.,1.));
#252 = ( GEOMETRIC_REPRESENTATION_CONTEXT(2) 
PARAMETRIC_REPRESENTATION_CONTEXT() REPRESENTATION_CONTEXT('2D SPACE',''
  ) );
#253 = ORIENTED_EDGE('',*,*,#254,.T.);
#254 = EDGE_CURVE('',#225,#144,#255,.T.);
#255 = SURFACE_CURVE('',#256,(#260,#267),.PCURVE_S1.);
#256 = LINE('',#257,#258);
#257 = CARTESIAN_POINT('',(18.905605140976,18.776890198195,
    65.111767914297));
#258 = VECTOR('',#259,1.);
#259 = DIRECTION('',(-0.707106781187,-0.612372435696,-0.353553390593));
#260 = PCURVE('',#161,#261);
#261 = DEFINITIONAL_REPRESENTATION('',(#262),#266);
#262 = LINE('',#263,#264);
#263 = CARTESIAN_POINT('',(0.,-1.));
#264 = VECTOR('',#265,1.);
#265 = DIRECTION('',(-1.,0.));
#266 = ( GEOMETRIC_REPRESENTATION_CONTEXT(2) 
PARAMETRIC_REPRESENTATION_CONTEXT() REPRESENTATION_CONTEXT('2D SPACE',''
  ) );
#267 = PCURVE('',#268,#273);
#268 = PLANE('',#269);
#269 = AXIS2_PLACEMENT_3D('',#270,#271,#272);
#270 = CARTESIAN_POINT('',(18.905605140976,18.776890198195,
    65.111767914297));
#271 = DIRECTION('',(-0.5,0.786566092485,-0.362372435696));
#272 = DIRECTION('',(-0.707106781187,-0.612372435696,-0.353553390593));
#273 = DEFINITIONAL_REPRESENTATION('',(#274),#278);
#274 = LINE('',#275,#276);
#275 = CARTESIAN_POINT('',(0.,0.));
#276 = VECTOR('',#277,1.);
#277 = DIRECTION('',(1.,-1.387778780781E-16));
#278 = ( GEOMETRIC_REPRESENTATION_CONTEXT(2) 
PARAMETRIC_REPRESENTATION_CONTEXT() REPRESENTATION_CONTEXT('2D SPACE',''
  ) );
#279 = ORIENTED_EDGE('',*,*,#143,.T.);
#280 = ORIENTED_EDGE('',*,*,#281,.F.);
#281 = EDGE_CURVE('',#227,#146,#282,.T.);
#282 = SURFACE_CURVE('',#283,(#287,#294),.PCURVE_S1.);
#283 = LINE('',#284,#285);
#284 = CARTESIAN_POINT('',(18.905605140976,28.276890198195,
    48.657285242392));
#285 = VECTOR('',#286,1.);
#286 = DIRECTION('',(-0.707106781187,-0.612372435696,-0.353553390593));
#287 = PCURVE('',#161,#288);
#288 = DEFINITIONAL_REPRESENTATION('',(#289),#293);
#289 = LINE('',#290,#291);
#290 = CARTESIAN_POINT('',(0.,-20.));
#291 = VECTOR('',#292,1.);
#292 = DIRECTION('',(-1.,0.));
#293 = ( GEOMETRIC_REPRESENTATION_CONTEXT(2) 
PARAMETRIC_REPRESENTATION_CONTEXT() REPRESENTATION_CONTEXT('2D SPACE',''
  ) );
#294 = PCURVE('',#128,#295);
#295 = DEFINITIONAL_REPRESENTATION('',(#296),#300);
#296 = LINE('',#297,#298);
#297 = CARTESIAN_POINT('',(18.905605140976,-1.094394859024));
#298 = VECTOR('',#299,1.);
#299 = DIRECTION('',(-0.707106781187,-0.707106781187));
#300 = ( GEOMETRIC_REPRESENTATION_CONTEXT(2) 
PARAMETRIC_REPRESENTATION_CONTEXT() REPRESENTATION_CONTEXT('2D SPACE',''
  ) );
#301 = ADVANCED_FACE('',(#302),#242,.T.);
#302 = FACE_BOUND('',#303,.T.);
#303 = EDGE_LOOP('',(#304,#334,#361,#362));
#304 = ORIENTED_EDGE('',*,*,#305,.F.);
#305 = EDGE_CURVE('',#306,#308,#310,.T.);
#306 = VERTEX_POINT('',#307);
#307 = CARTESIAN_POINT('',(19.270403427317,20.356513114338,
    66.02376363015));
#308 = VERTEX_POINT('',#309);
#309 = CARTESIAN_POINT('',(19.270403427317,29.856513114338,
    49.569280958246));
#310 = SURFACE_CURVE('',#311,(#315,#322),.PCURVE_S1.);
#311 = LINE('',#312,#313);
#312 = CARTESIAN_POINT('',(19.270403427317,19.856513114338,
    66.889789033935));
#313 = VECTOR('',#314,1.);
#314 = DIRECTION('',(-5.947623346206E-16,0.5,-0.866025403784));
#315 = PCURVE('',#242,#316);
#316 = DEFINITIONAL_REPRESENTATION('',(#317),#321);
#317 = LINE('',#318,#319);
#318 = CARTESIAN_POINT('',(3.103749737616,0.));
#319 = VECTOR('',#320,1.);
#320 = DIRECTION('',(0.,1.));
#321 = ( GEOMETRIC_REPRESENTATION_CONTEXT(2) 
PARAMETRIC_REPRESENTATION_CONTEXT() REPRESENTATION_CONTEXT('2D SPACE',''
  ) );
#322 = PCURVE('',#323,#328);
#323 = PLANE('',#324);
#324 = AXIS2_PLACEMENT_3D('',#325,#326,#327);
#325 = CARTESIAN_POINT('',(18.905605140976,20.172437697567,
    67.072188177105));
#326 = DIRECTION('',(-0.707106781187,-0.612372435696,-0.353553390593));
#327 = DIRECTION('',(0.707106781187,-0.612372435696,-0.353553390593));
#328 = DEFINITIONAL_REPRESENTATION('',(#329),#333);
#329 = LINE('',#330,#331);
#330 = CARTESIAN_POINT('',(0.515902684074,0.));
#331 = VECTOR('',#332,1.);
#332 = DIRECTION('',(0.,-1.));
#333 = ( GEOMETRIC_REPRESENTATION_CONTEXT(2) 
PARAMETRIC_REPRESENTATION_CONTEXT() REPRESENTATION_CONTEXT('2D SPACE',''
  ) );
#334 = ORIENTED_EDGE('',*,*,#335,.F.);
#335 = EDGE_CURVE('',#225,#306,#336,.T.);
#336 = SURFACE_CURVE('',#337,(#342,#349),.PCURVE_S1.);
#337 = CIRCLE('',#338,19.284210105954);
#338 = AXIS2_PLACEMENT_3D('',#339,#340,#341);
#339 = CARTESIAN_POINT('',(-3.358202604886E-12,19.724663947881,
    65.658965343809));
#340 = DIRECTION('',(5.947623346206E-16,-0.5,0.866025403784));
#341 = DIRECTION('',(1.,2.973811673103E-16,-5.150792909956E-16));
#342 = PCURVE('',#242,#343);
#343 = DEFINITIONAL_REPRESENTATION('',(#344),#348);
#344 = LINE('',#345,#346);
#345 = CARTESIAN_POINT('',(9.424777960769,1.));
#346 = VECTOR('',#347,1.);
#347 = DIRECTION('',(-1.,0.));
#348 = ( GEOMETRIC_REPRESENTATION_CONTEXT(2) 
PARAMETRIC_REPRESENTATION_CONTEXT() REPRESENTATION_CONTEXT('2D SPACE',''
  ) );
#349 = PCURVE('',#350,#355);
#350 = CONICAL_SURFACE('',#351,18.284210105954,0.785398163397);
#351 = AXIS2_PLACEMENT_3D('',#352,#353,#354);
#352 = CARTESIAN_POINT('',(-3.357314426466E-12,19.224663947881,
    66.524990747593));
#353 = DIRECTION('',(-5.947623346206E-16,0.5,-0.866025403784));
#354 = DIRECTION('',(-1.,-2.973811673103E-16,5.150792909956E-16));
#355 = DEFINITIONAL_REPRESENTATION('',(#356),#360);
#356 = LINE('',#357,#358);
#357 = CARTESIAN_POINT('',(9.424777960769,1.));
#358 = VECTOR('',#359,1.);
#359 = DIRECTION('',(-1.,0.));
#360 = ( GEOMETRIC_REPRESENTATION_CONTEXT(2) 
PARAMETRIC_REPRESENTATION_CONTEXT() REPRESENTATION_CONTEXT('2D SPACE',''
  ) );
#361 = ORIENTED_EDGE('',*,*,#224,.T.);
#362 = ORIENTED_EDGE('',*,*,#363,.T.);
#363 = EDGE_CURVE('',#227,#308,#364,.T.);
#364 = SURFACE_CURVE('',#365,(#370,#377),.PCURVE_S1.);
#365 = CIRCLE('',#366,19.284210105954);
#366 = AXIS2_PLACEMENT_3D('',#367,#368,#369);
#367 = CARTESIAN_POINT('',(-3.369748924342E-12,29.224663947881,
    49.204482671904));
#368 = DIRECTION('',(5.947623346206E-16,-0.5,0.866025403784));
#369 = DIRECTION('',(1.,2.973811673103E-16,-5.150792909956E-16));
#370 = PCURVE('',#242,#371);
#371 = DEFINITIONAL_REPRESENTATION('',(#372),#376);
#372 = LINE('',#373,#374);
#373 = CARTESIAN_POINT('',(9.424777960769,20.));
#374 = VECTOR('',#375,1.);
#375 = DIRECTION('',(-1.,0.));
#376 = ( GEOMETRIC_REPRESENTATION_CONTEXT(2) 
PARAMETRIC_REPRESENTATION_CONTEXT() REPRESENTATION_CONTEXT('2D SPACE',''
  ) );
#377 = PCURVE('',#128,#378);
#378 = DEFINITIONAL_REPRESENTATION('',(#379),#383);
#379 = CIRCLE('',#380,19.284210105954);
#380 = AXIS2_PLACEMENT_2D('',#381,#382);
#381 = CARTESIAN_POINT('',(-3.368860745923E-12,-2.6645352591E-15));
#382 = DIRECTION('',(1.,0.));
#383 = ( GEOMETRIC_REPRESENTATION_CONTEXT(2) 
PARAMETRIC_REPRESENTATION_CONTEXT() REPRESENTATION_CONTEXT('2D SPACE',''
  ) );
#384 = ADVANCED_FACE('',(#385),#323,.F.);
#385 = FACE_BOUND('',#386,.T.);
#386 = EDGE_LOOP('',(#387,#417,#443,#444));
#387 = ORIENTED_EDGE('',*,*,#388,.F.);
#388 = EDGE_CURVE('',#389,#391,#393,.T.);
#389 = VERTEX_POINT('',#390);
#390 = CARTESIAN_POINT('',(18.540806854635,20.988362280795,
    66.388561916491));
#391 = VERTEX_POINT('',#392);
#392 = CARTESIAN_POINT('',(18.540806854635,30.488362280795,
    49.934079244587));
#393 = SURFACE_CURVE('',#394,(#398,#405),.PCURVE_S1.);
#394 = LINE('',#395,#396);
#395 = CARTESIAN_POINT('',(18.540806854635,20.488362280795,
    67.254587320276));
#396 = VECTOR('',#397,1.);
#397 = DIRECTION('',(-5.947623346206E-16,0.5,-0.866025403784));
#398 = PCURVE('',#323,#399);
#399 = DEFINITIONAL_REPRESENTATION('',(#400),#404);
#400 = LINE('',#401,#402);
#401 = CARTESIAN_POINT('',(-0.515902684074,0.));
#402 = VECTOR('',#403,1.);
#403 = DIRECTION('',(0.,-1.));
#404 = ( GEOMETRIC_REPRESENTATION_CONTEXT(2) 
PARAMETRIC_REPRESENTATION_CONTEXT() REPRESENTATION_CONTEXT('2D SPACE',''
  ) );
#405 = PCURVE('',#406,#411);
#406 = PLANE('',#407);
#407 = AXIS2_PLACEMENT_3D('',#408,#409,#410);
#408 = CARTESIAN_POINT('',(18.844046843952,20.849818801328,
    67.463274339706));
#409 = DIRECTION('',(0.809016994375,-0.509036960455,-0.293892626146));
#410 = DIRECTION('',(0.587785252292,0.700629269222,0.404508497187));
#411 = DEFINITIONAL_REPRESENTATION('',(#412),#416);
#412 = LINE('',#413,#414);
#413 = CARTESIAN_POINT('',(-0.515902684074,0.));
#414 = VECTOR('',#415,1.);
#415 = DIRECTION('',(0.,-1.));
#416 = ( GEOMETRIC_REPRESENTATION_CONTEXT(2) 
PARAMETRIC_REPRESENTATION_CONTEXT() REPRESENTATION_CONTEXT('2D SPACE',''
  ) );
#417 = ORIENTED_EDGE('',*,*,#418,.T.);
#418 = EDGE_CURVE('',#389,#306,#419,.T.);
#419 = SURFACE_CURVE('',#420,(#424,#431),.PCURVE_S1.);
#420 = LINE('',#421,#422);
#421 = CARTESIAN_POINT('',(19.270403427317,20.356513114338,
    66.02376363015));
#422 = VECTOR('',#423,1.);
#423 = DIRECTION('',(0.707106781187,-0.612372435696,-0.353553390593));
#424 = PCURVE('',#323,#425);
#425 = DEFINITIONAL_REPRESENTATION('',(#426),#430);
#426 = LINE('',#427,#428);
#427 = CARTESIAN_POINT('',(0.515902684074,-1.));
#428 = VECTOR('',#429,1.);
#429 = DIRECTION('',(1.,0.));
#430 = ( GEOMETRIC_REPRESENTATION_CONTEXT(2) 
PARAMETRIC_REPRESENTATION_CONTEXT() REPRESENTATION_CONTEXT('2D SPACE',''
  ) );
#431 = PCURVE('',#432,#437);
#432 = PLANE('',#433);
#433 = AXIS2_PLACEMENT_3D('',#434,#435,#436);
#434 = CARTESIAN_POINT('',(9.292893218813,27.272545550029,71.171437357)
  );
#435 = DIRECTION('',(0.5,7.945931129895E-02,0.862372435696));
#436 = DIRECTION('',(0.707106781187,-0.612372435696,-0.353553390593));
#437 = DEFINITIONAL_REPRESENTATION('',(#438),#442);
#438 = LINE('',#439,#440);
#439 = CARTESIAN_POINT('',(13.110330255582,1.414213562373));
#440 = VECTOR('',#441,1.);
#441 = DIRECTION('',(1.,-1.387778780781E-16));
#442 = ( GEOMETRIC_REPRESENTATION_CONTEXT(2) 
PARAMETRIC_REPRESENTATION_CONTEXT() REPRESENTATION_CONTEXT('2D SPACE',''
  ) );
#443 = ORIENTED_EDGE('',*,*,#305,.T.);
#444 = ORIENTED_EDGE('',*,*,#445,.T.);
#445 = EDGE_CURVE('',#308,#391,#446,.T.);
#446 = SURFACE_CURVE('',#447,(#451,#458),.PCURVE_S1.);
#447 = LINE('',#448,#449);
#448 = CARTESIAN_POINT('',(18.905605140976,30.172437697567,
    49.751680101416));
#449 = VECTOR('',#450,1.);
#450 = DIRECTION('',(-0.707106781187,0.612372435696,0.353553390593));
#451 = PCURVE('',#323,#452);
#452 = DEFINITIONAL_REPRESENTATION('',(#453),#457);
#453 = LINE('',#454,#455);
#454 = CARTESIAN_POINT('',(0.,-20.));
#455 = VECTOR('',#456,1.);
#456 = DIRECTION('',(-1.,0.));
#457 = ( GEOMETRIC_REPRESENTATION_CONTEXT(2) 
PARAMETRIC_REPRESENTATION_CONTEXT() REPRESENTATION_CONTEXT('2D SPACE',''
  ) );
#458 = PCURVE('',#128,#459);
#459 = DEFINITIONAL_REPRESENTATION('',(#460),#464);
#460 = LINE('',#461,#462);
#461 = CARTESIAN_POINT('',(18.905605140976,1.094394859024));
#462 = VECTOR('',#463,1.);
#463 = DIRECTION('',(-0.707106781187,0.707106781187));
#464 = ( GEOMETRIC_REPRESENTATION_CONTEXT(2) 
PARAMETRIC_REPRESENTATION_CONTEXT() REPRESENTATION_CONTEXT('2D SPACE',''
  ) );
#465 = ADVANCED_FACE('',(#466),#406,.T.);
#466 = FACE_BOUND('',#467,.T.);
#467 = EDGE_LOOP('',(#468,#498,#524,#525));
#468 = ORIENTED_EDGE('',*,*,#469,.F.);
#469 = EDGE_CURVE('',#470,#472,#474,.T.);
#470 = VERTEX_POINT('',#471);
#471 = CARTESIAN_POINT('',(19.147286833269,21.711275321861,
    66.805935955351));
#472 = VERTEX_POINT('',#473);
#473 = CARTESIAN_POINT('',(19.147286833269,31.211275321861,
    50.351453283447));
#474 = SURFACE_CURVE('',#475,(#479,#486),.PCURVE_S1.);
#475 = LINE('',#476,#477);
#476 = CARTESIAN_POINT('',(19.147286833269,21.211275321861,
    67.671961359136));
#477 = VECTOR('',#478,1.);
#478 = DIRECTION('',(-5.947623346206E-16,0.5,-0.866025403784));
#479 = PCURVE('',#406,#480);
#480 = DEFINITIONAL_REPRESENTATION('',(#481),#485);
#481 = LINE('',#482,#483);
#482 = CARTESIAN_POINT('',(0.515902684074,0.));
#483 = VECTOR('',#484,1.);
#484 = DIRECTION('',(0.,-1.));
#485 = ( GEOMETRIC_REPRESENTATION_CONTEXT(2) 
PARAMETRIC_REPRESENTATION_CONTEXT() REPRESENTATION_CONTEXT('2D SPACE',''
  ) );
#486 = PCURVE('',#487,#492);
#487 = CYLINDRICAL_SURFACE('',#488,19.284210105952);
#488 = AXIS2_PLACEMENT_3D('',#489,#490,#491);
#489 = CARTESIAN_POINT('',(-1.553424056056E-12,19.22466394788,
    66.524990747593));
#490 = DIRECTION('',(-5.947623346206E-16,0.5,-0.866025403784));
#491 = DIRECTION('',(-1.,-2.973811673103E-16,5.150792909956E-16));
#492 = DEFINITIONAL_REPRESENTATION('',(#493),#497);
#493 = LINE('',#494,#495);
#494 = CARTESIAN_POINT('',(3.022355936884,0.));
#495 = VECTOR('',#496,1.);
#496 = DIRECTION('',(0.,1.));
#497 = ( GEOMETRIC_REPRESENTATION_CONTEXT(2) 
PARAMETRIC_REPRESENTATION_CONTEXT() REPRESENTATION_CONTEXT('2D SPACE',''
  ) );
#498 = ORIENTED_EDGE('',*,*,#499,.T.);
#499 = EDGE_CURVE('',#470,#389,#500,.T.);
#500 = SURFACE_CURVE('',#501,(#505,#512),.PCURVE_S1.);
#501 = LINE('',#502,#503);
#502 = CARTESIAN_POINT('',(18.844046843952,21.349818801328,
    66.597248935921));
#503 = VECTOR('',#504,1.);
#504 = DIRECTION('',(-0.587785252292,-0.700629269222,-0.404508497187));
#505 = PCURVE('',#406,#506);
#506 = DEFINITIONAL_REPRESENTATION('',(#507),#511);
#507 = LINE('',#508,#509);
#508 = CARTESIAN_POINT('',(0.,-1.));
#509 = VECTOR('',#510,1.);
#510 = DIRECTION('',(-1.,0.));
#511 = ( GEOMETRIC_REPRESENTATION_CONTEXT(2) 
PARAMETRIC_REPRESENTATION_CONTEXT() REPRESENTATION_CONTEXT('2D SPACE',''
  ) );
#512 = PCURVE('',#513,#518);
#513 = PLANE('',#514);
#514 = AXIS2_PLACEMENT_3D('',#515,#516,#517);
#515 = CARTESIAN_POINT('',(18.844046843952,21.349818801328,
    66.597248935921));
#516 = DIRECTION('',(-0.572061402818,0.713496877206,-0.404558966807));
#517 = DIRECTION('',(-0.587785252292,-0.700629269222,-0.404508497187));
#518 = DEFINITIONAL_REPRESENTATION('',(#519),#523);
#519 = LINE('',#520,#521);
#520 = CARTESIAN_POINT('',(0.,0.));
#521 = VECTOR('',#522,1.);
#522 = DIRECTION('',(1.,-1.942890293094E-16));
#523 = ( GEOMETRIC_REPRESENTATION_CONTEXT(2) 
PARAMETRIC_REPRESENTATION_CONTEXT() REPRESENTATION_CONTEXT('2D SPACE',''
  ) );
#524 = ORIENTED_EDGE('',*,*,#388,.T.);
#525 = ORIENTED_EDGE('',*,*,#526,.F.);
#526 = EDGE_CURVE('',#472,#391,#527,.T.);
#527 = SURFACE_CURVE('',#528,(#532,#539),.PCURVE_S1.);
#528 = LINE('',#529,#530);
#529 = CARTESIAN_POINT('',(18.844046843952,30.849818801328,
    50.142766264017));
#530 = VECTOR('',#531,1.);
#531 = DIRECTION('',(-0.587785252292,-0.700629269222,-0.404508497187));
#532 = PCURVE('',#406,#533);
#533 = DEFINITIONAL_REPRESENTATION('',(#534),#538);
#534 = LINE('',#535,#536);
#535 = CARTESIAN_POINT('',(0.,-20.));
#536 = VECTOR('',#537,1.);
#537 = DIRECTION('',(-1.,0.));
#538 = ( GEOMETRIC_REPRESENTATION_CONTEXT(2) 
PARAMETRIC_REPRESENTATION_CONTEXT() REPRESENTATION_CONTEXT('2D SPACE',''
  ) );
#539 = PCURVE('',#128,#540);
#540 = DEFINITIONAL_REPRESENTATION('',(#541),#545);
#541 = LINE('',#542,#543);
#542 = CARTESIAN_POINT('',(18.844046843952,1.876567184225));
#543 = VECTOR('',#544,1.);
#544 = DIRECTION('',(-0.587785252292,-0.809016994375));
#545 = ( GEOMETRIC_REPRESENTATION_CONTEXT(2) 
PARAMETRIC_REPRESENTATION_CONTEXT() REPRESENTATION_CONTEXT('2D SPACE',''
  ) );
#546 = ADVANCED_FACE('',(#547),#487,.T.);
#547 = FACE_BOUND('',#548,.T.);
#548 = EDGE_LOOP('',(#549,#579,#606,#607));
#549 = ORIENTED_EDGE('',*,*,#550,.F.);
#550 = EDGE_CURVE('',#551,#553,#555,.T.);
#551 = VERTEX_POINT('',#552);
#552 = CARTESIAN_POINT('',(18.919018734183,22.95941543131,
    67.526549983528));
#553 = VERTEX_POINT('',#554);
#554 = CARTESIAN_POINT('',(18.919018734183,32.45941543131,
    51.072067311624));
#555 = SURFACE_CURVE('',#556,(#560,#567),.PCURVE_S1.);
#556 = LINE('',#557,#558);
#557 = CARTESIAN_POINT('',(18.919018734183,22.45941543131,
    68.392575387313));
#558 = VECTOR('',#559,1.);
#559 = DIRECTION('',(-5.947623346206E-16,0.5,-0.866025403784));
#560 = PCURVE('',#487,#561);
#561 = DEFINITIONAL_REPRESENTATION('',(#562),#566);
#562 = LINE('',#563,#564);
#563 = CARTESIAN_POINT('',(2.946670104937,0.));
#564 = VECTOR('',#565,1.);
#565 = DIRECTION('',(0.,1.));
#566 = ( GEOMETRIC_REPRESENTATION_CONTEXT(2) 
PARAMETRIC_REPRESENTATION_CONTEXT() REPRESENTATION_CONTEXT('2D SPACE',''
  ) );
#567 = PCURVE('',#568,#573);
#568 = PLANE('',#569);
#569 = AXIS2_PLACEMENT_3D('',#570,#571,#572);
#570 = CARTESIAN_POINT('',(18.501644695323,22.722028965502,
    68.544195381971));
#571 = DIRECTION('',(-0.587785252292,-0.700629269222,-0.404508497187));
#572 = DIRECTION('',(0.809016994375,-0.509036960455,-0.293892626146));
#573 = DEFINITIONAL_REPRESENTATION('',(#574),#578);
#574 = LINE('',#575,#576);
#575 = CARTESIAN_POINT('',(0.515902684074,0.));
#576 = VECTOR('',#577,1.);
#577 = DIRECTION('',(0.,-1.));
#578 = ( GEOMETRIC_REPRESENTATION_CONTEXT(2) 
PARAMETRIC_REPRESENTATION_CONTEXT() REPRESENTATION_CONTEXT('2D SPACE',''
  ) );
#579 = ORIENTED_EDGE('',*,*,#580,.F.);
#580 = EDGE_CURVE('',#470,#551,#581,.T.);
#581 = SURFACE_CURVE('',#582,(#587,#594),.PCURVE_S1.);
#582 = CIRCLE('',#583,19.284210105952);
#583 = AXIS2_PLACEMENT_3D('',#584,#585,#586);
#584 = CARTESIAN_POINT('',(-1.554312234475E-12,19.72466394788,
    65.658965343809));
#585 = DIRECTION('',(5.947623346206E-16,-0.5,0.866025403784));
#586 = DIRECTION('',(1.,2.973811673103E-16,-5.150792909956E-16));
#587 = PCURVE('',#487,#588);
#588 = DEFINITIONAL_REPRESENTATION('',(#589),#593);
#589 = LINE('',#590,#591);
#590 = CARTESIAN_POINT('',(3.14159265359,1.));
#591 = VECTOR('',#592,1.);
#592 = DIRECTION('',(-1.,0.));
#593 = ( GEOMETRIC_REPRESENTATION_CONTEXT(2) 
PARAMETRIC_REPRESENTATION_CONTEXT() REPRESENTATION_CONTEXT('2D SPACE',''
  ) );
#594 = PCURVE('',#595,#600);
#595 = CONICAL_SURFACE('',#596,18.284210105952,0.785398163397);
#596 = AXIS2_PLACEMENT_3D('',#597,#598,#599);
#597 = CARTESIAN_POINT('',(-1.553424056056E-12,19.22466394788,
    66.524990747593));
#598 = DIRECTION('',(-5.947623346206E-16,0.5,-0.866025403784));
#599 = DIRECTION('',(-1.,-2.973811673103E-16,5.150792909956E-16));
#600 = DEFINITIONAL_REPRESENTATION('',(#601),#605);
#601 = LINE('',#602,#603);
#602 = CARTESIAN_POINT('',(3.14159265359,1.));
#603 = VECTOR('',#604,1.);
#604 = DIRECTION('',(-1.,0.));
#605 = ( GEOMETRIC_REPRESENTATION_CONTEXT(2) 
PARAMETRIC_REPRESENTATION_CONTEXT() REPRESENTATION_CONTEXT('2D SPACE',''
  ) );
#606 = ORIENTED_EDGE('',*,*,#469,.T.);
#607 = ORIENTED_EDGE('',*,*,#608,.T.);
#608 = EDGE_CURVE('',#472,#553,#609,.T.);
#609 = SURFACE_CURVE('',#610,(#615,#622),.PCURVE_S1.);
#610 = CIRCLE('',#611,19.284210105952);
#611 = AXIS2_PLACEMENT_3D('',#612,#613,#614);
#612 = CARTESIAN_POINT('',(-1.565858553931E-12,29.22466394788,
    49.204482671904));
#613 = DIRECTION('',(5.947623346206E-16,-0.5,0.866025403784));
#614 = DIRECTION('',(1.,2.973811673103E-16,-5.150792909956E-16));
#615 = PCURVE('',#487,#616);
#616 = DEFINITIONAL_REPRESENTATION('',(#617),#621);
#617 = LINE('',#618,#619);
#618 = CARTESIAN_POINT('',(3.14159265359,20.));
#619 = VECTOR('',#620,1.);
#620 = DIRECTION('',(-1.,0.));
#621 = ( GEOMETRIC_REPRESENTATION_CONTEXT(2) 
PARAMETRIC_REPRESENTATION_CONTEXT() REPRESENTATION_CONTEXT('2D SPACE',''
  ) );
#622 = PCURVE('',#128,#623);
#623 = DEFINITIONAL_REPRESENTATION('',(#624),#628);
#624 = CIRCLE('',#625,19.284210105952);
#625 = AXIS2_PLACEMENT_2D('',#626,#627);
#626 = CARTESIAN_POINT('',(-1.564970375512E-12,-3.348432642269E-13));
#627 = DIRECTION('',(1.,0.));
#628 = ( GEOMETRIC_REPRESENTATION_CONTEXT(2) 
PARAMETRIC_REPRESENTATION_CONTEXT() REPRESENTATION_CONTEXT('2D SPACE',''
  ) );
#629 = ADVANCED_FACE('',(#630),#568,.F.);
#630 = FACE_BOUND('',#631,.T.);
#631 = EDGE_LOOP('',(#632,#662,#688,#689));
#632 = ORIENTED_EDGE('',*,*,#633,.F.);
#633 = EDGE_CURVE('',#634,#636,#638,.T.);
#634 = VERTEX_POINT('',#635);
#635 = CARTESIAN_POINT('',(18.084270656464,23.484642499694,
    67.829789972845));
#636 = VERTEX_POINT('',#637);
#637 = CARTESIAN_POINT('',(18.084270656464,32.984642499694,
    51.375307300941));
#638 = SURFACE_CURVE('',#639,(#643,#650),.PCURVE_S1.);
#639 = LINE('',#640,#641);
#640 = CARTESIAN_POINT('',(18.084270656464,22.984642499694,
    68.69581537663));
#641 = VECTOR('',#642,1.);
#642 = DIRECTION('',(-5.947623346206E-16,0.5,-0.866025403784));
#643 = PCURVE('',#568,#644);
#644 = DEFINITIONAL_REPRESENTATION('',(#645),#649);
#645 = LINE('',#646,#647);
#646 = CARTESIAN_POINT('',(-0.515902684074,0.));
#647 = VECTOR('',#648,1.);
#648 = DIRECTION('',(0.,-1.));
#649 = ( GEOMETRIC_REPRESENTATION_CONTEXT(2) 
PARAMETRIC_REPRESENTATION_CONTEXT() REPRESENTATION_CONTEXT('2D SPACE',''
  ) );
#650 = PCURVE('',#651,#656);
#651 = PLANE('',#652);
#652 = AXIS2_PLACEMENT_3D('',#653,#654,#655);
#653 = CARTESIAN_POINT('',(18.318485573823,23.382730698389,
    68.925651705308));
#654 = DIRECTION('',(0.891006524188,-0.393167305851,-0.22699524987));
#655 = DIRECTION('',(0.45399049974,0.771634284885,0.445503262094));
#656 = DEFINITIONAL_REPRESENTATION('',(#657),#661);
#657 = LINE('',#658,#659);
#658 = CARTESIAN_POINT('',(-0.515902684074,0.));
#659 = VECTOR('',#660,1.);
#660 = DIRECTION('',(0.,-1.));
#661 = ( GEOMETRIC_REPRESENTATION_CONTEXT(2) 
PARAMETRIC_REPRESENTATION_CONTEXT() REPRESENTATION_CONTEXT('2D SPACE',''
  ) );
#662 = ORIENTED_EDGE('',*,*,#663,.T.);
#663 = EDGE_CURVE('',#634,#551,#664,.T.);
#664 = SURFACE_CURVE('',#665,(#669,#676),.PCURVE_S1.);
#665 = LINE('',#666,#667);
#666 = CARTESIAN_POINT('',(18.919018734183,22.95941543131,
    67.526549983528));
#667 = VECTOR('',#668,1.);
#668 = DIRECTION('',(0.809016994375,-0.509036960455,-0.293892626146));
#669 = PCURVE('',#568,#670);
#670 = DEFINITIONAL_REPRESENTATION('',(#671),#675);
#671 = LINE('',#672,#673);
#672 = CARTESIAN_POINT('',(0.515902684074,-1.));
#673 = VECTOR('',#674,1.);
#674 = DIRECTION('',(1.,0.));
#675 = ( GEOMETRIC_REPRESENTATION_CONTEXT(2) 
PARAMETRIC_REPRESENTATION_CONTEXT() REPRESENTATION_CONTEXT('2D SPACE',''
  ) );
#676 = PCURVE('',#677,#682);
#677 = PLANE('',#678);
#678 = AXIS2_PLACEMENT_3D('',#679,#680,#681);
#679 = CARTESIAN_POINT('',(7.724753503257,28.432428825952,
    71.841096278583));
#680 = DIRECTION('',(0.415626937777,0.141866316771,0.898403137105));
#681 = DIRECTION('',(0.809016994375,-0.509036960455,-0.293892626146));
#682 = DEFINITIONAL_REPRESENTATION('',(#683),#687);
#683 = LINE('',#684,#685);
#684 = CARTESIAN_POINT('',(13.110330255582,1.414213562373));
#685 = VECTOR('',#686,1.);
#686 = DIRECTION('',(1.,-5.551115123126E-17));
#687 = ( GEOMETRIC_REPRESENTATION_CONTEXT(2) 
PARAMETRIC_REPRESENTATION_CONTEXT() REPRESENTATION_CONTEXT('2D SPACE',''
  ) );
#688 = ORIENTED_EDGE('',*,*,#550,.T.);
#689 = ORIENTED_EDGE('',*,*,#690,.T.);
#690 = EDGE_CURVE('',#553,#636,#691,.T.);
#691 = SURFACE_CURVE('',#692,(#696,#703),.PCURVE_S1.);
#692 = LINE('',#693,#694);
#693 = CARTESIAN_POINT('',(18.501644695323,32.722028965502,
    51.223687306282));
#694 = VECTOR('',#695,1.);
#695 = DIRECTION('',(-0.809016994375,0.509036960455,0.293892626146));
#696 = PCURVE('',#568,#697);
#697 = DEFINITIONAL_REPRESENTATION('',(#698),#702);
#698 = LINE('',#699,#700);
#699 = CARTESIAN_POINT('',(0.,-20.));
#700 = VECTOR('',#701,1.);
#701 = DIRECTION('',(-1.,0.));
#702 = ( GEOMETRIC_REPRESENTATION_CONTEXT(2) 
PARAMETRIC_REPRESENTATION_CONTEXT() REPRESENTATION_CONTEXT('2D SPACE',''
  ) );
#703 = PCURVE('',#128,#704);
#704 = DEFINITIONAL_REPRESENTATION('',(#705),#709);
#705 = LINE('',#706,#707);
#706 = CARTESIAN_POINT('',(18.501644695323,4.038409268756));
#707 = VECTOR('',#708,1.);
#708 = DIRECTION('',(-0.809016994375,0.587785252292));
#709 = ( GEOMETRIC_REPRESENTATION_CONTEXT(2) 
PARAMETRIC_REPRESENTATION_CONTEXT() REPRESENTATION_CONTEXT('2D SPACE',''
  ) );
#710 = ADVANCED_FACE('',(#711),#651,.T.);
#711 = FACE_BOUND('',#712,.T.);
#712 = EDGE_LOOP('',(#713,#743,#769,#770));
#713 = ORIENTED_EDGE('',*,*,#714,.F.);
#714 = EDGE_CURVE('',#715,#717,#719,.T.);
#715 = VERTEX_POINT('',#716);
#716 = CARTESIAN_POINT('',(18.552700491183,24.280818897085,
    68.289462630202));
#717 = VERTEX_POINT('',#718);
#718 = CARTESIAN_POINT('',(18.552700491183,33.780818897085,
    51.834979958297));
#719 = SURFACE_CURVE('',#720,(#724,#731),.PCURVE_S1.);
#720 = LINE('',#721,#722);
#721 = CARTESIAN_POINT('',(18.552700491183,23.780818897085,
    69.155488033986));
#722 = VECTOR('',#723,1.);
#723 = DIRECTION('',(-5.947623346206E-16,0.5,-0.866025403784));
#724 = PCURVE('',#651,#725);
#725 = DEFINITIONAL_REPRESENTATION('',(#726),#730);
#726 = LINE('',#727,#728);
#727 = CARTESIAN_POINT('',(0.515902684074,0.));
#728 = VECTOR('',#729,1.);
#729 = DIRECTION('',(0.,-1.));
#730 = ( GEOMETRIC_REPRESENTATION_CONTEXT(2) 
PARAMETRIC_REPRESENTATION_CONTEXT() REPRESENTATION_CONTEXT('2D SPACE',''
  ) );
#731 = PCURVE('',#732,#737);
#732 = CYLINDRICAL_SURFACE('',#733,19.284210105952);
#733 = AXIS2_PLACEMENT_3D('',#734,#735,#736);
#734 = CARTESIAN_POINT('',(-2.113864638886E-12,19.22466394788,
    66.524990747593));
#735 = DIRECTION('',(-5.947623346206E-16,0.5,-0.866025403784));
#736 = DIRECTION('',(-1.,-2.973811673103E-16,5.150792909956E-16));
#737 = DEFINITIONAL_REPRESENTATION('',(#738),#742);
#738 = LINE('',#739,#740);
#739 = CARTESIAN_POINT('',(2.865276304204,0.));
#740 = VECTOR('',#741,1.);
#741 = DIRECTION('',(0.,1.));
#742 = ( GEOMETRIC_REPRESENTATION_CONTEXT(2) 
PARAMETRIC_REPRESENTATION_CONTEXT() REPRESENTATION_CONTEXT('2D SPACE',''
  ) );
#743 = ORIENTED_EDGE('',*,*,#744,.T.);
#744 = EDGE_CURVE('',#715,#634,#745,.T.);
#745 = SURFACE_CURVE('',#746,(#750,#757),.PCURVE_S1.);
#746 = LINE('',#747,#748);
#747 = CARTESIAN_POINT('',(18.318485573823,23.882730698389,
    68.059626301523));
#748 = VECTOR('',#749,1.);
#749 = DIRECTION('',(-0.45399049974,-0.771634284885,-0.445503262094));
#750 = PCURVE('',#651,#751);
#751 = DEFINITIONAL_REPRESENTATION('',(#752),#756);
#752 = LINE('',#753,#754);
#753 = CARTESIAN_POINT('',(0.,-1.));
#754 = VECTOR('',#755,1.);
#755 = DIRECTION('',(-1.,0.));
#756 = ( GEOMETRIC_REPRESENTATION_CONTEXT(2) 
PARAMETRIC_REPRESENTATION_CONTEXT() REPRESENTATION_CONTEXT('2D SPACE',''
  ) );
#757 = PCURVE('',#758,#763);
#758 = PLANE('',#759);
#759 = AXIS2_PLACEMENT_3D('',#760,#761,#762);
#760 = CARTESIAN_POINT('',(18.318485573823,23.882730698389,
    68.059626301523));
#761 = DIRECTION('',(-0.630036755335,0.631564658702,-0.451862555216));
#762 = DIRECTION('',(-0.45399049974,-0.771634284885,-0.445503262094));
#763 = DEFINITIONAL_REPRESENTATION('',(#764),#768);
#764 = LINE('',#765,#766);
#765 = CARTESIAN_POINT('',(0.,0.));
#766 = VECTOR('',#767,1.);
#767 = DIRECTION('',(1.,-8.326672684689E-17));
#768 = ( GEOMETRIC_REPRESENTATION_CONTEXT(2) 
PARAMETRIC_REPRESENTATION_CONTEXT() REPRESENTATION_CONTEXT('2D SPACE',''
  ) );
#769 = ORIENTED_EDGE('',*,*,#633,.T.);
#770 = ORIENTED_EDGE('',*,*,#771,.F.);
#771 = EDGE_CURVE('',#717,#636,#772,.T.);
#772 = SURFACE_CURVE('',#773,(#777,#784),.PCURVE_S1.);
#773 = LINE('',#774,#775);
#774 = CARTESIAN_POINT('',(18.318485573823,33.382730698389,
    51.605143629619));
#775 = VECTOR('',#776,1.);
#776 = DIRECTION('',(-0.45399049974,-0.771634284885,-0.445503262094));
#777 = PCURVE('',#651,#778);
#778 = DEFINITIONAL_REPRESENTATION('',(#779),#783);
#779 = LINE('',#780,#781);
#780 = CARTESIAN_POINT('',(0.,-20.));
#781 = VECTOR('',#782,1.);
#782 = DIRECTION('',(-1.,0.));
#783 = ( GEOMETRIC_REPRESENTATION_CONTEXT(2) 
PARAMETRIC_REPRESENTATION_CONTEXT() REPRESENTATION_CONTEXT('2D SPACE',''
  ) );
#784 = PCURVE('',#128,#785);
#785 = DEFINITIONAL_REPRESENTATION('',(#786),#790);
#786 = LINE('',#787,#788);
#787 = CARTESIAN_POINT('',(18.318485573823,4.801321915429));
#788 = VECTOR('',#789,1.);
#789 = DIRECTION('',(-0.45399049974,-0.891006524188));
#790 = ( GEOMETRIC_REPRESENTATION_CONTEXT(2) 
PARAMETRIC_REPRESENTATION_CONTEXT() REPRESENTATION_CONTEXT('2D SPACE',''
  ) );
#791 = ADVANCED_FACE('',(#792),#732,.T.);
#792 = FACE_BOUND('',#793,.T.);
#793 = EDGE_LOOP('',(#794,#824,#851,#852));
#794 = ORIENTED_EDGE('',*,*,#795,.F.);
#795 = EDGE_CURVE('',#796,#798,#800,.T.);
#796 = VERTEX_POINT('',#797);
#797 = CARTESIAN_POINT('',(18.10178501119,25.482667431235,
    68.983350204918));
#798 = VERTEX_POINT('',#799);
#799 = CARTESIAN_POINT('',(18.10178501119,34.982667431235,
    52.528867533014));
#800 = SURFACE_CURVE('',#801,(#805,#812),.PCURVE_S1.);
#801 = LINE('',#802,#803);
#802 = CARTESIAN_POINT('',(18.10178501119,24.982667431235,
    69.849375608703));
#803 = VECTOR('',#804,1.);
#804 = DIRECTION('',(-5.947623346206E-16,0.5,-0.866025403784));
#805 = PCURVE('',#732,#806);
#806 = DEFINITIONAL_REPRESENTATION('',(#807),#811);
#807 = LINE('',#808,#809);
#808 = CARTESIAN_POINT('',(2.789590472257,0.));
#809 = VECTOR('',#810,1.);
#810 = DIRECTION('',(0.,1.));
#811 = ( GEOMETRIC_REPRESENTATION_CONTEXT(2) 
PARAMETRIC_REPRESENTATION_CONTEXT() REPRESENTATION_CONTEXT('2D SPACE',''
  ) );
#812 = PCURVE('',#813,#818);
#813 = PLANE('',#814);
#814 = AXIS2_PLACEMENT_3D('',#815,#816,#817);
#815 = CARTESIAN_POINT('',(17.642112353833,25.185503499614,
    69.966483067383));
#816 = DIRECTION('',(-0.45399049974,-0.771634284885,-0.445503262094));
#817 = DIRECTION('',(0.891006524188,-0.393167305851,-0.22699524987));
#818 = DEFINITIONAL_REPRESENTATION('',(#819),#823);
#819 = LINE('',#820,#821);
#820 = CARTESIAN_POINT('',(0.515902684074,0.));
#821 = VECTOR('',#822,1.);
#822 = DIRECTION('',(0.,-1.));
#823 = ( GEOMETRIC_REPRESENTATION_CONTEXT(2) 
PARAMETRIC_REPRESENTATION_CONTEXT() REPRESENTATION_CONTEXT('2D SPACE',''
  ) );
#824 = ORIENTED_EDGE('',*,*,#825,.F.);
#825 = EDGE_CURVE('',#715,#796,#826,.T.);
#826 = SURFACE_CURVE('',#827,(#832,#839),.PCURVE_S1.);
#827 = CIRCLE('',#828,19.284210105952);
#828 = AXIS2_PLACEMENT_3D('',#829,#830,#831);
#829 = CARTESIAN_POINT('',(-2.114752817306E-12,19.72466394788,
    65.658965343808));
#830 = DIRECTION('',(5.947623346206E-16,-0.5,0.866025403784));
#831 = DIRECTION('',(1.,2.973811673103E-16,-5.150792909956E-16));
#832 = PCURVE('',#732,#833);
#833 = DEFINITIONAL_REPRESENTATION('',(#834),#838);
#834 = LINE('',#835,#836);
#835 = CARTESIAN_POINT('',(3.14159265359,1.));
#836 = VECTOR('',#837,1.);
#837 = DIRECTION('',(-1.,0.));
#838 = ( GEOMETRIC_REPRESENTATION_CONTEXT(2) 
PARAMETRIC_REPRESENTATION_CONTEXT() REPRESENTATION_CONTEXT('2D SPACE',''
  ) );
#839 = PCURVE('',#840,#845);
#840 = CONICAL_SURFACE('',#841,18.284210105952,0.785398163397);
#841 = AXIS2_PLACEMENT_3D('',#842,#843,#844);
#842 = CARTESIAN_POINT('',(-2.113864638886E-12,19.22466394788,
    66.524990747593));
#843 = DIRECTION('',(-5.947623346206E-16,0.5,-0.866025403784));
#844 = DIRECTION('',(-1.,-2.973811673103E-16,5.150792909956E-16));
#845 = DEFINITIONAL_REPRESENTATION('',(#846),#850);
#846 = LINE('',#847,#848);
#847 = CARTESIAN_POINT('',(3.14159265359,1.));
#848 = VECTOR('',#849,1.);
#849 = DIRECTION('',(-1.,0.));
#850 = ( GEOMETRIC_REPRESENTATION_CONTEXT(2) 
PARAMETRIC_REPRESENTATION_CONTEXT() REPRESENTATION_CONTEXT('2D SPACE',''
  ) );
#851 = ORIENTED_EDGE('',*,*,#714,.T.);
#852 = ORIENTED_EDGE('',*,*,#853,.T.);
#853 = EDGE_CURVE('',#717,#798,#854,.T.);
#854 = SURFACE_CURVE('',#855,(#860,#867),.PCURVE_S1.);
#855 = CIRCLE('',#856,19.284210105952);
#856 = AXIS2_PLACEMENT_3D('',#857,#858,#859);
#857 = CARTESIAN_POINT('',(-2.126299136762E-12,29.22466394788,
    49.204482671904));
#858 = DIRECTION('',(5.947623346206E-16,-0.5,0.866025403784));
#859 = DIRECTION('',(1.,2.973811673103E-16,-5.150792909956E-16));
#860 = PCURVE('',#732,#861);
#861 = DEFINITIONAL_REPRESENTATION('',(#862),#866);
#862 = LINE('',#863,#864);
#863 = CARTESIAN_POINT('',(3.14159265359,20.));
#864 = VECTOR('',#865,1.);
#865 = DIRECTION('',(-1.,0.));
#866 = ( GEOMETRIC_REPRESENTATION_CONTEXT(2) 
PARAMETRIC_REPRESENTATION_CONTEXT() REPRESENTATION_CONTEXT('2D SPACE',''
  ) );
#867 = PCURVE('',#128,#868);
#868 = DEFINITIONAL_REPRESENTATION('',(#869),#873);
#869 = CIRCLE('',#870,19.284210105952);
#870 = AXIS2_PLACEMENT_2D('',#871,#872);
#871 = CARTESIAN_POINT('',(-2.125410958342E-12,-5.666578317687E-13));
#872 = DIRECTION('',(1.,0.));
#873 = ( GEOMETRIC_REPRESENTATION_CONTEXT(2) 
PARAMETRIC_REPRESENTATION_CONTEXT() REPRESENTATION_CONTEXT('2D SPACE',''
  ) );
#874 = ADVANCED_FACE('',(#875),#813,.F.);
#875 = FACE_BOUND('',#876,.T.);
#876 = EDGE_LOOP('',(#877,#907,#933,#934));
#877 = ORIENTED_EDGE('',*,*,#878,.F.);
#878 = EDGE_CURVE('',#879,#881,#883,.T.);
#879 = VERTEX_POINT('',#880);
#880 = CARTESIAN_POINT('',(17.182439696477,25.888339567993,
    69.217565122278));
#881 = VERTEX_POINT('',#882);
#882 = CARTESIAN_POINT('',(17.182439696477,35.388339567993,
    52.763082450374));
#883 = SURFACE_CURVE('',#884,(#888,#895),.PCURVE_S1.);
#884 = LINE('',#885,#886);
#885 = CARTESIAN_POINT('',(17.182439696477,25.388339567993,
    70.083590526062));
#886 = VECTOR('',#887,1.);
#887 = DIRECTION('',(-5.947623346206E-16,0.5,-0.866025403784));
#888 = PCURVE('',#813,#889);
#889 = DEFINITIONAL_REPRESENTATION('',(#890),#894);
#890 = LINE('',#891,#892);
#891 = CARTESIAN_POINT('',(-0.515902684074,0.));
#892 = VECTOR('',#893,1.);
#893 = DIRECTION('',(0.,-1.));
#894 = ( GEOMETRIC_REPRESENTATION_CONTEXT(2) 
PARAMETRIC_REPRESENTATION_CONTEXT() REPRESENTATION_CONTEXT('2D SPACE',''
  ) );
#895 = PCURVE('',#896,#901);
#896 = PLANE('',#897);
#897 = AXIS2_PLACEMENT_3D('',#898,#899,#900);
#898 = CARTESIAN_POINT('',(17.3418623933,25.813257192221,70.328916830794
    ));
#899 = DIRECTION('',(0.951056516295,-0.26761656733,-0.154508497187));
#900 = DIRECTION('',(0.309016994375,0.823639103546,0.475528258148));
#901 = DEFINITIONAL_REPRESENTATION('',(#902),#906);
#902 = LINE('',#903,#904);
#903 = CARTESIAN_POINT('',(-0.515902684074,0.));
#904 = VECTOR('',#905,1.);
#905 = DIRECTION('',(0.,-1.));
#906 = ( GEOMETRIC_REPRESENTATION_CONTEXT(2) 
PARAMETRIC_REPRESENTATION_CONTEXT() REPRESENTATION_CONTEXT('2D SPACE',''
  ) );
#907 = ORIENTED_EDGE('',*,*,#908,.T.);
#908 = EDGE_CURVE('',#879,#796,#909,.T.);
#909 = SURFACE_CURVE('',#910,(#914,#921),.PCURVE_S1.);
#910 = LINE('',#911,#912);
#911 = CARTESIAN_POINT('',(18.10178501119,25.482667431235,
    68.983350204918));
#912 = VECTOR('',#913,1.);
#913 = DIRECTION('',(0.891006524188,-0.393167305851,-0.22699524987));
#914 = PCURVE('',#813,#915);
#915 = DEFINITIONAL_REPRESENTATION('',(#916),#920);
#916 = LINE('',#917,#918);
#917 = CARTESIAN_POINT('',(0.515902684074,-1.));
#918 = VECTOR('',#919,1.);
#919 = DIRECTION('',(1.,0.));
#920 = ( GEOMETRIC_REPRESENTATION_CONTEXT(2) 
PARAMETRIC_REPRESENTATION_CONTEXT() REPRESENTATION_CONTEXT('2D SPACE',''
  ) );
#921 = PCURVE('',#922,#927);
#922 = PLANE('',#923);
#923 = AXIS2_PLACEMENT_3D('',#924,#925,#926);
#924 = CARTESIAN_POINT('',(5.966404719463,29.365586371757,
    72.379855038849));
#925 = DIRECTION('',(0.32101976096,0.192074444845,0.927390813363));
#926 = DIRECTION('',(0.891006524188,-0.393167305851,-0.22699524987));
#927 = DEFINITIONAL_REPRESENTATION('',(#928),#932);
#928 = LINE('',#929,#930);
#929 = CARTESIAN_POINT('',(13.110330255582,1.414213562373));
#930 = VECTOR('',#931,1.);
#931 = DIRECTION('',(1.,-1.110223024625E-16));
#932 = ( GEOMETRIC_REPRESENTATION_CONTEXT(2) 
PARAMETRIC_REPRESENTATION_CONTEXT() REPRESENTATION_CONTEXT('2D SPACE',''
  ) );
#933 = ORIENTED_EDGE('',*,*,#795,.T.);
#934 = ORIENTED_EDGE('',*,*,#935,.T.);
#935 = EDGE_CURVE('',#798,#881,#936,.T.);
#936 = SURFACE_CURVE('',#937,(#941,#948),.PCURVE_S1.);
#937 = LINE('',#938,#939);
#938 = CARTESIAN_POINT('',(17.642112353833,35.185503499614,
    52.645974991694));
#939 = VECTOR('',#940,1.);
#940 = DIRECTION('',(-0.891006524188,0.393167305851,0.22699524987));
#941 = PCURVE('',#813,#942);
#942 = DEFINITIONAL_REPRESENTATION('',(#943),#947);
#943 = LINE('',#944,#945);
#944 = CARTESIAN_POINT('',(0.,-20.));
#945 = VECTOR('',#946,1.);
#946 = DIRECTION('',(-1.,0.));
#947 = ( GEOMETRIC_REPRESENTATION_CONTEXT(2) 
PARAMETRIC_REPRESENTATION_CONTEXT() REPRESENTATION_CONTEXT('2D SPACE',''
  ) );
#948 = PCURVE('',#128,#949);
#949 = DEFINITIONAL_REPRESENTATION('',(#950),#954);
#950 = LINE('',#951,#952);
#951 = CARTESIAN_POINT('',(17.642112353833,6.882984639579));
#952 = VECTOR('',#953,1.);
#953 = DIRECTION('',(-0.891006524188,0.45399049974));
#954 = ( GEOMETRIC_REPRESENTATION_CONTEXT(2) 
PARAMETRIC_REPRESENTATION_CONTEXT() REPRESENTATION_CONTEXT('2D SPACE',''
  ) );
#955 = ADVANCED_FACE('',(#956),#896,.T.);
#956 = FACE_BOUND('',#957,.T.);
#957 = EDGE_LOOP('',(#958,#988,#1014,#1015));
#958 = ORIENTED_EDGE('',*,*,#959,.F.);
#959 = EDGE_CURVE('',#960,#962,#964,.T.);
#960 = VERTEX_POINT('',#961);
#961 = CARTESIAN_POINT('',(17.501285090122,26.738174816449,
    69.708217731741));
#962 = VERTEX_POINT('',#963);
#963 = CARTESIAN_POINT('',(17.501285090122,36.238174816449,
    53.253735059837));
#964 = SURFACE_CURVE('',#965,(#969,#976),.PCURVE_S1.);
#965 = LINE('',#966,#967);
#966 = CARTESIAN_POINT('',(17.501285090122,26.238174816449,
    70.574243135526));
#967 = VECTOR('',#968,1.);
#968 = DIRECTION('',(-5.947623346206E-16,0.5,-0.866025403784));
#969 = PCURVE('',#896,#970);
#970 = DEFINITIONAL_REPRESENTATION('',(#971),#975);
#971 = LINE('',#972,#973);
#972 = CARTESIAN_POINT('',(0.515902684074,0.));
#973 = VECTOR('',#974,1.);
#974 = DIRECTION('',(0.,-1.));
#975 = ( GEOMETRIC_REPRESENTATION_CONTEXT(2) 
PARAMETRIC_REPRESENTATION_CONTEXT() REPRESENTATION_CONTEXT('2D SPACE',''
  ) );
#976 = PCURVE('',#977,#982);
#977 = CYLINDRICAL_SURFACE('',#978,19.284210105953);
#978 = AXIS2_PLACEMENT_3D('',#979,#980,#981);
#979 = CARTESIAN_POINT('',(-2.285283073888E-12,19.22466394788,
    66.524990747593));
#980 = DIRECTION('',(-5.947623346206E-16,0.5,-0.866025403784));
#981 = DIRECTION('',(-1.,-2.973811673103E-16,5.150792909956E-16));
#982 = DEFINITIONAL_REPRESENTATION('',(#983),#987);
#983 = LINE('',#984,#985);
#984 = CARTESIAN_POINT('',(2.708196671525,0.));
#985 = VECTOR('',#986,1.);
#986 = DIRECTION('',(0.,1.));
#987 = ( GEOMETRIC_REPRESENTATION_CONTEXT(2) 
PARAMETRIC_REPRESENTATION_CONTEXT() REPRESENTATION_CONTEXT('2D SPACE',''
  ) );
#988 = ORIENTED_EDGE('',*,*,#989,.T.);
#989 = EDGE_CURVE('',#960,#879,#990,.T.);
#990 = SURFACE_CURVE('',#991,(#995,#1002),.PCURVE_S1.);
#991 = LINE('',#992,#993);
#992 = CARTESIAN_POINT('',(17.3418623933,26.313257192221,69.46289142701)
  );
#993 = VECTOR('',#994,1.);
#994 = DIRECTION('',(-0.309016994375,-0.823639103546,-0.475528258148));
#995 = PCURVE('',#896,#996);
#996 = DEFINITIONAL_REPRESENTATION('',(#997),#1001);
#997 = LINE('',#998,#999);
#998 = CARTESIAN_POINT('',(0.,-1.));
#999 = VECTOR('',#1000,1.);
#1000 = DIRECTION('',(-1.,0.));
#1001 = ( GEOMETRIC_REPRESENTATION_CONTEXT(2) 
PARAMETRIC_REPRESENTATION_CONTEXT() REPRESENTATION_CONTEXT('2D SPACE',''
  ) );
#1002 = PCURVE('',#1003,#1008);
#1003 = PLANE('',#1004);
#1004 = AXIS2_PLACEMENT_3D('',#1005,#1006,#1007);
#1005 = CARTESIAN_POINT('',(17.3418623933,26.313257192221,69.46289142701
    ));
#1006 = DIRECTION('',(-0.672498511964,0.54278688011,-0.503118429584));
#1007 = DIRECTION('',(-0.309016994375,-0.823639103546,-0.475528258148));
#1008 = DEFINITIONAL_REPRESENTATION('',(#1009),#1013);
#1009 = LINE('',#1010,#1011);
#1010 = CARTESIAN_POINT('',(0.,0.));
#1011 = VECTOR('',#1012,1.);
#1012 = DIRECTION('',(1.,-1.249000902703E-16));
#1013 = ( GEOMETRIC_REPRESENTATION_CONTEXT(2) 
PARAMETRIC_REPRESENTATION_CONTEXT() REPRESENTATION_CONTEXT('2D SPACE',''
  ) );
#1014 = ORIENTED_EDGE('',*,*,#878,.T.);
#1015 = ORIENTED_EDGE('',*,*,#1016,.F.);
#1016 = EDGE_CURVE('',#962,#881,#1017,.T.);
#1017 = SURFACE_CURVE('',#1018,(#1022,#1029),.PCURVE_S1.);
#1018 = LINE('',#1019,#1020);
#1019 = CARTESIAN_POINT('',(17.3418623933,35.813257192221,
    53.008408755105));
#1020 = VECTOR('',#1021,1.);
#1021 = DIRECTION('',(-0.309016994375,-0.823639103546,-0.475528258148));
#1022 = PCURVE('',#896,#1023);
#1023 = DEFINITIONAL_REPRESENTATION('',(#1024),#1028);
#1024 = LINE('',#1025,#1026);
#1025 = CARTESIAN_POINT('',(0.,-20.));
#1026 = VECTOR('',#1027,1.);
#1027 = DIRECTION('',(-1.,0.));
#1028 = ( GEOMETRIC_REPRESENTATION_CONTEXT(2) 
PARAMETRIC_REPRESENTATION_CONTEXT() REPRESENTATION_CONTEXT('2D SPACE',''
  ) );
#1029 = PCURVE('',#128,#1030);
#1030 = DEFINITIONAL_REPRESENTATION('',(#1031),#1035);
#1031 = LINE('',#1032,#1033);
#1032 = CARTESIAN_POINT('',(17.3418623933,7.607852166402));
#1033 = VECTOR('',#1034,1.);
#1034 = DIRECTION('',(-0.309016994375,-0.951056516295));
#1035 = ( GEOMETRIC_REPRESENTATION_CONTEXT(2) 
PARAMETRIC_REPRESENTATION_CONTEXT() REPRESENTATION_CONTEXT('2D SPACE',''
  ) );
#1036 = ADVANCED_FACE('',(#1037),#977,.T.);
#1037 = FACE_BOUND('',#1038,.T.);
#1038 = EDGE_LOOP('',(#1039,#1069,#1096,#1097));
#1039 = ORIENTED_EDGE('',*,*,#1040,.F.);
#1040 = EDGE_CURVE('',#1041,#1043,#1045,.T.);
#1041 = VERTEX_POINT('',#1042);
#1042 = CARTESIAN_POINT('',(16.838825264841,27.864138275682,
    70.358293038027));
#1043 = VERTEX_POINT('',#1044);
#1044 = CARTESIAN_POINT('',(16.838825264841,37.364138275682,
    53.903810366123));
#1045 = SURFACE_CURVE('',#1046,(#1050,#1057),.PCURVE_S1.);
#1046 = LINE('',#1047,#1048);
#1047 = CARTESIAN_POINT('',(16.838825264841,27.364138275682,
    71.224318441811));
#1048 = VECTOR('',#1049,1.);
#1049 = DIRECTION('',(-5.947623346206E-16,0.5,-0.866025403784));
#1050 = PCURVE('',#977,#1051);
#1051 = DEFINITIONAL_REPRESENTATION('',(#1052),#1056);
#1052 = LINE('',#1053,#1054);
#1053 = CARTESIAN_POINT('',(2.632510839578,0.));
#1054 = VECTOR('',#1055,1.);
#1055 = DIRECTION('',(0.,1.));
#1056 = ( GEOMETRIC_REPRESENTATION_CONTEXT(2) 
PARAMETRIC_REPRESENTATION_CONTEXT() REPRESENTATION_CONTEXT('2D SPACE',''
  ) );
#1057 = PCURVE('',#1058,#1063);
#1058 = PLANE('',#1059);
#1059 = AXIS2_PLACEMENT_3D('',#1060,#1061,#1062);
#1060 = CARTESIAN_POINT('',(16.348172655378,27.50220238107,
    71.304029790223));
#1061 = DIRECTION('',(-0.309016994375,-0.823639103546,-0.475528258148));
#1062 = DIRECTION('',(0.951056516295,-0.26761656733,-0.154508497187));
#1063 = DEFINITIONAL_REPRESENTATION('',(#1064),#1068);
#1064 = LINE('',#1065,#1066);
#1065 = CARTESIAN_POINT('',(0.515902684074,0.));
#1066 = VECTOR('',#1067,1.);
#1067 = DIRECTION('',(0.,-1.));
#1068 = ( GEOMETRIC_REPRESENTATION_CONTEXT(2) 
PARAMETRIC_REPRESENTATION_CONTEXT() REPRESENTATION_CONTEXT('2D SPACE',''
  ) );
#1069 = ORIENTED_EDGE('',*,*,#1070,.F.);
#1070 = EDGE_CURVE('',#960,#1041,#1071,.T.);
#1071 = SURFACE_CURVE('',#1072,(#1077,#1084),.PCURVE_S1.);
#1072 = CIRCLE('',#1073,19.284210105953);
#1073 = AXIS2_PLACEMENT_3D('',#1074,#1075,#1076);
#1074 = CARTESIAN_POINT('',(-2.286171252308E-12,19.72466394788,
    65.658965343808));
#1075 = DIRECTION('',(5.947623346206E-16,-0.5,0.866025403784));
#1076 = DIRECTION('',(1.,2.973811673103E-16,-5.150792909956E-16));
#1077 = PCURVE('',#977,#1078);
#1078 = DEFINITIONAL_REPRESENTATION('',(#1079),#1083);
#1079 = LINE('',#1080,#1081);
#1080 = CARTESIAN_POINT('',(3.14159265359,1.));
#1081 = VECTOR('',#1082,1.);
#1082 = DIRECTION('',(-1.,0.));
#1083 = ( GEOMETRIC_REPRESENTATION_CONTEXT(2) 
PARAMETRIC_REPRESENTATION_CONTEXT() REPRESENTATION_CONTEXT('2D SPACE',''
  ) );
#1084 = PCURVE('',#1085,#1090);
#1085 = CONICAL_SURFACE('',#1086,18.284210105953,0.785398163397);
#1086 = AXIS2_PLACEMENT_3D('',#1087,#1088,#1089);
#1087 = CARTESIAN_POINT('',(-2.285283073888E-12,19.22466394788,
    66.524990747593));
#1088 = DIRECTION('',(-5.947623346206E-16,0.5,-0.866025403784));
#1089 = DIRECTION('',(-1.,-2.973811673103E-16,5.150792909956E-16));
#1090 = DEFINITIONAL_REPRESENTATION('',(#1091),#1095);
#1091 = LINE('',#1092,#1093);
#1092 = CARTESIAN_POINT('',(3.14159265359,1.));
#1093 = VECTOR('',#1094,1.);
#1094 = DIRECTION('',(-1.,-2.489383946701E-14));
#1095 = ( GEOMETRIC_REPRESENTATION_CONTEXT(2) 
PARAMETRIC_REPRESENTATION_CONTEXT() REPRESENTATION_CONTEXT('2D SPACE',''
  ) );
#1096 = ORIENTED_EDGE('',*,*,#959,.T.);
#1097 = ORIENTED_EDGE('',*,*,#1098,.T.);
#1098 = EDGE_CURVE('',#962,#1043,#1099,.T.);
#1099 = SURFACE_CURVE('',#1100,(#1105,#1112),.PCURVE_S1.);
#1100 = CIRCLE('',#1101,19.284210105953);
#1101 = AXIS2_PLACEMENT_3D('',#1102,#1103,#1104);
#1102 = CARTESIAN_POINT('',(-2.297717571764E-12,29.22466394788,
    49.204482671904));
#1103 = DIRECTION('',(5.947623346206E-16,-0.5,0.866025403784));
#1104 = DIRECTION('',(1.,2.973811673103E-16,-5.150792909956E-16));
#1105 = PCURVE('',#977,#1106);
#1106 = DEFINITIONAL_REPRESENTATION('',(#1107),#1111);
#1107 = LINE('',#1108,#1109);
#1108 = CARTESIAN_POINT('',(3.14159265359,20.));
#1109 = VECTOR('',#1110,1.);
#1110 = DIRECTION('',(-1.,0.));
#1111 = ( GEOMETRIC_REPRESENTATION_CONTEXT(2) 
PARAMETRIC_REPRESENTATION_CONTEXT() REPRESENTATION_CONTEXT('2D SPACE',''
  ) );
#1112 = PCURVE('',#128,#1113);
#1113 = DEFINITIONAL_REPRESENTATION('',(#1114),#1118);
#1114 = CIRCLE('',#1115,19.284210105953);
#1115 = AXIS2_PLACEMENT_2D('',#1116,#1117);
#1116 = CARTESIAN_POINT('',(-2.296829393345E-12,-1.225686219186E-12));
#1117 = DIRECTION('',(1.,0.));
#1118 = ( GEOMETRIC_REPRESENTATION_CONTEXT(2) 
PARAMETRIC_REPRESENTATION_CONTEXT() REPRESENTATION_CONTEXT('2D SPACE',''
  ) );
#1119 = ADVANCED_FACE('',(#1120),#1058,.F.);
#1120 = FACE_BOUND('',#1121,.T.);
#1121 = EDGE_LOOP('',(#1122,#1152,#1178,#1179));
#1122 = ORIENTED_EDGE('',*,*,#1123,.F.);
#1123 = EDGE_CURVE('',#1124,#1126,#1128,.T.);
#1124 = VERTEX_POINT('',#1125);
#1125 = CARTESIAN_POINT('',(15.857520045915,28.140266486458,
    70.517715734849));
#1126 = VERTEX_POINT('',#1127);
#1127 = CARTESIAN_POINT('',(15.857520045915,37.640266486458,
    54.063233062945));
#1128 = SURFACE_CURVE('',#1129,(#1133,#1140),.PCURVE_S1.);
#1129 = LINE('',#1130,#1131);
#1130 = CARTESIAN_POINT('',(15.857520045915,27.640266486458,
    71.383741138634));
#1131 = VECTOR('',#1132,1.);
#1132 = DIRECTION('',(-5.947623346206E-16,0.5,-0.866025403784));
#1133 = PCURVE('',#1058,#1134);
#1134 = DEFINITIONAL_REPRESENTATION('',(#1135),#1139);
#1135 = LINE('',#1136,#1137);
#1136 = CARTESIAN_POINT('',(-0.515902684074,0.));
#1137 = VECTOR('',#1138,1.);
#1138 = DIRECTION('',(0.,-1.));
#1139 = ( GEOMETRIC_REPRESENTATION_CONTEXT(2) 
PARAMETRIC_REPRESENTATION_CONTEXT() REPRESENTATION_CONTEXT('2D SPACE',''
  ) );
#1140 = PCURVE('',#1141,#1146);
#1141 = PLANE('',#1142);
#1142 = AXIS2_PLACEMENT_3D('',#1143,#1144,#1145);
#1143 = CARTESIAN_POINT('',(15.938225006311,28.08155065409,
    71.638516671605));
#1144 = DIRECTION('',(0.987688340595,-0.135476220752,-7.821723252012E-02
    ));
#1145 = DIRECTION('',(0.15643446504,0.855363193977,0.493844170298));
#1146 = DEFINITIONAL_REPRESENTATION('',(#1147),#1151);
#1147 = LINE('',#1148,#1149);
#1148 = CARTESIAN_POINT('',(-0.515902684074,0.));
#1149 = VECTOR('',#1150,1.);
#1150 = DIRECTION('',(0.,-1.));
#1151 = ( GEOMETRIC_REPRESENTATION_CONTEXT(2) 
PARAMETRIC_REPRESENTATION_CONTEXT() REPRESENTATION_CONTEXT('2D SPACE',''
  ) );
#1152 = ORIENTED_EDGE('',*,*,#1153,.T.);
#1153 = EDGE_CURVE('',#1124,#1041,#1154,.T.);
#1154 = SURFACE_CURVE('',#1155,(#1159,#1166),.PCURVE_S1.);
#1155 = LINE('',#1156,#1157);
#1156 = CARTESIAN_POINT('',(16.838825264841,27.864138275682,
    70.358293038027));
#1157 = VECTOR('',#1158,1.);
#1158 = DIRECTION('',(0.951056516295,-0.26761656733,-0.154508497187));
#1159 = PCURVE('',#1058,#1160);
#1160 = DEFINITIONAL_REPRESENTATION('',(#1161),#1165);
#1161 = LINE('',#1162,#1163);
#1162 = CARTESIAN_POINT('',(0.515902684074,-1.));
#1163 = VECTOR('',#1164,1.);
#1164 = DIRECTION('',(1.,0.));
#1165 = ( GEOMETRIC_REPRESENTATION_CONTEXT(2) 
PARAMETRIC_REPRESENTATION_CONTEXT() REPRESENTATION_CONTEXT('2D SPACE',''
  ) );
#1166 = PCURVE('',#1167,#1172);
#1167 = PLANE('',#1168);
#1168 = AXIS2_PLACEMENT_3D('',#1169,#1170,#1171);
#1169 = CARTESIAN_POINT('',(4.061143250113,30.049040751695,
    72.774447609085));
#1170 = DIRECTION('',(0.218508012224,0.228847404775,0.948621691678));
#1171 = DIRECTION('',(0.951056516295,-0.26761656733,-0.154508497187));
#1172 = DEFINITIONAL_REPRESENTATION('',(#1173),#1177);
#1173 = LINE('',#1174,#1175);
#1174 = CARTESIAN_POINT('',(13.110330255582,1.414213562373));
#1175 = VECTOR('',#1176,1.);
#1176 = DIRECTION('',(1.,-4.163336342344E-17));
#1177 = ( GEOMETRIC_REPRESENTATION_CONTEXT(2) 
PARAMETRIC_REPRESENTATION_CONTEXT() REPRESENTATION_CONTEXT('2D SPACE',''
  ) );
#1178 = ORIENTED_EDGE('',*,*,#1040,.T.);
#1179 = ORIENTED_EDGE('',*,*,#1180,.T.);
#1180 = EDGE_CURVE('',#1043,#1126,#1181,.T.);
#1181 = SURFACE_CURVE('',#1182,(#1186,#1193),.PCURVE_S1.);
#1182 = LINE('',#1183,#1184);
#1183 = CARTESIAN_POINT('',(16.348172655378,37.50220238107,
    53.983521714534));
#1184 = VECTOR('',#1185,1.);
#1185 = DIRECTION('',(-0.951056516295,0.26761656733,0.154508497187));
#1186 = PCURVE('',#1058,#1187);
#1187 = DEFINITIONAL_REPRESENTATION('',(#1188),#1192);
#1188 = LINE('',#1189,#1190);
#1189 = CARTESIAN_POINT('',(0.,-20.));
#1190 = VECTOR('',#1191,1.);
#1191 = DIRECTION('',(-1.,0.));
#1192 = ( GEOMETRIC_REPRESENTATION_CONTEXT(2) 
PARAMETRIC_REPRESENTATION_CONTEXT() REPRESENTATION_CONTEXT('2D SPACE',''
  ) );
#1193 = PCURVE('',#128,#1194);
#1194 = DEFINITIONAL_REPRESENTATION('',(#1195),#1199);
#1195 = LINE('',#1196,#1197);
#1196 = CARTESIAN_POINT('',(16.348172655378,9.558078085259));
#1197 = VECTOR('',#1198,1.);
#1198 = DIRECTION('',(-0.951056516295,0.309016994375));
#1199 = ( GEOMETRIC_REPRESENTATION_CONTEXT(2) 
PARAMETRIC_REPRESENTATION_CONTEXT() REPRESENTATION_CONTEXT('2D SPACE',''
  ) );
#1200 = ADVANCED_FACE('',(#1201),#1141,.T.);
#1201 = FACE_BOUND('',#1202,.T.);
#1202 = EDGE_LOOP('',(#1203,#1233,#1259,#1260));
#1203 = ORIENTED_EDGE('',*,*,#1204,.F.);
#1204 = EDGE_CURVE('',#1205,#1207,#1209,.T.);
#1205 = VERTEX_POINT('',#1206);
#1206 = CARTESIAN_POINT('',(16.018929966707,29.022834821721,
    71.027266800791));
#1207 = VERTEX_POINT('',#1208);
#1208 = CARTESIAN_POINT('',(16.018929966707,38.522834821721,
    54.572784128887));
#1209 = SURFACE_CURVE('',#1210,(#1214,#1221),.PCURVE_S1.);
#1210 = LINE('',#1211,#1212);
#1211 = CARTESIAN_POINT('',(16.018929966707,28.522834821721,
    71.893292204576));
#1212 = VECTOR('',#1213,1.);
#1213 = DIRECTION('',(-5.947623346206E-16,0.5,-0.866025403784));
#1214 = PCURVE('',#1141,#1215);
#1215 = DEFINITIONAL_REPRESENTATION('',(#1216),#1220);
#1216 = LINE('',#1217,#1218);
#1217 = CARTESIAN_POINT('',(0.515902684074,0.));
#1218 = VECTOR('',#1219,1.);
#1219 = DIRECTION('',(0.,-1.));
#1220 = ( GEOMETRIC_REPRESENTATION_CONTEXT(2) 
PARAMETRIC_REPRESENTATION_CONTEXT() REPRESENTATION_CONTEXT('2D SPACE',''
  ) );
#1221 = PCURVE('',#1222,#1227);
#1222 = CYLINDRICAL_SURFACE('',#1223,19.284210105953);
#1223 = AXIS2_PLACEMENT_3D('',#1224,#1225,#1226);
#1224 = CARTESIAN_POINT('',(-1.816324868287E-12,19.224663947879,
    66.524990747592));
#1225 = DIRECTION('',(-5.947623346206E-16,0.5,-0.866025403784));
#1226 = DIRECTION('',(-1.,-2.973811673103E-16,5.150792909956E-16));
#1227 = DEFINITIONAL_REPRESENTATION('',(#1228),#1232);
#1228 = LINE('',#1229,#1230);
#1229 = CARTESIAN_POINT('',(2.551117038845,0.));
#1230 = VECTOR('',#1231,1.);
#1231 = DIRECTION('',(0.,1.));
#1232 = ( GEOMETRIC_REPRESENTATION_CONTEXT(2) 
PARAMETRIC_REPRESENTATION_CONTEXT() REPRESENTATION_CONTEXT('2D SPACE',''
  ) );
#1233 = ORIENTED_EDGE('',*,*,#1234,.T.);
#1234 = EDGE_CURVE('',#1205,#1124,#1235,.T.);
#1235 = SURFACE_CURVE('',#1236,(#1240,#1247),.PCURVE_S1.);
#1236 = LINE('',#1237,#1238);
#1237 = CARTESIAN_POINT('',(15.938225006311,28.58155065409,
    70.77249126782));
#1238 = VECTOR('',#1239,1.);
#1239 = DIRECTION('',(-0.15643446504,-0.855363193977,-0.493844170298));
#1240 = PCURVE('',#1141,#1241);
#1241 = DEFINITIONAL_REPRESENTATION('',(#1242),#1246);
#1242 = LINE('',#1243,#1244);
#1243 = CARTESIAN_POINT('',(0.,-1.));
#1244 = VECTOR('',#1245,1.);
#1245 = DIRECTION('',(-1.,0.));
#1246 = ( GEOMETRIC_REPRESENTATION_CONTEXT(2) 
PARAMETRIC_REPRESENTATION_CONTEXT() REPRESENTATION_CONTEXT('2D SPACE',''
  ) );
#1247 = PCURVE('',#1248,#1253);
#1248 = PLANE('',#1249);
#1249 = AXIS2_PLACEMENT_3D('',#1250,#1251,#1252);
#1250 = CARTESIAN_POINT('',(15.938225006311,28.58155065409,
    70.77249126782));
#1251 = DIRECTION('',(-0.698401123334,0.449349544977,-0.557064500175));
#1252 = DIRECTION('',(-0.15643446504,-0.855363193977,-0.493844170298));
#1253 = DEFINITIONAL_REPRESENTATION('',(#1254),#1258);
#1254 = LINE('',#1255,#1256);
#1255 = CARTESIAN_POINT('',(-0.,0.));
#1256 = VECTOR('',#1257,1.);
#1257 = DIRECTION('',(1.,-3.469446951954E-17));
#1258 = ( GEOMETRIC_REPRESENTATION_CONTEXT(2) 
PARAMETRIC_REPRESENTATION_CONTEXT() REPRESENTATION_CONTEXT('2D SPACE',''
  ) );
#1259 = ORIENTED_EDGE('',*,*,#1123,.T.);
#1260 = ORIENTED_EDGE('',*,*,#1261,.F.);
#1261 = EDGE_CURVE('',#1207,#1126,#1262,.T.);
#1262 = SURFACE_CURVE('',#1263,(#1267,#1274),.PCURVE_S1.);
#1263 = LINE('',#1264,#1265);
#1264 = CARTESIAN_POINT('',(15.938225006311,38.08155065409,
    54.318008595916));
#1265 = VECTOR('',#1266,1.);
#1266 = DIRECTION('',(-0.15643446504,-0.855363193977,-0.493844170298));
#1267 = PCURVE('',#1141,#1268);
#1268 = DEFINITIONAL_REPRESENTATION('',(#1269),#1273);
#1269 = LINE('',#1270,#1271);
#1270 = CARTESIAN_POINT('',(0.,-20.));
#1271 = VECTOR('',#1272,1.);
#1272 = DIRECTION('',(-1.,0.));
#1273 = ( GEOMETRIC_REPRESENTATION_CONTEXT(2) 
PARAMETRIC_REPRESENTATION_CONTEXT() REPRESENTATION_CONTEXT('2D SPACE',''
  ) );
#1274 = PCURVE('',#128,#1275);
#1275 = DEFINITIONAL_REPRESENTATION('',(#1276),#1280);
#1276 = LINE('',#1277,#1278);
#1277 = CARTESIAN_POINT('',(15.938225006311,10.227051848023));
#1278 = VECTOR('',#1279,1.);
#1279 = DIRECTION('',(-0.15643446504,-0.987688340595));
#1280 = ( GEOMETRIC_REPRESENTATION_CONTEXT(2) 
PARAMETRIC_REPRESENTATION_CONTEXT() REPRESENTATION_CONTEXT('2D SPACE',''
  ) );
#1281 = ADVANCED_FACE('',(#1282),#1222,.T.);
#1282 = FACE_BOUND('',#1283,.T.);
#1283 = EDGE_LOOP('',(#1284,#1314,#1341,#1342));
#1284 = ORIENTED_EDGE('',*,*,#1285,.F.);
#1285 = EDGE_CURVE('',#1286,#1288,#1290,.T.);
#1286 = VERTEX_POINT('',#1287);
#1287 = CARTESIAN_POINT('',(15.161237755615,30.045188248812,
    71.617522827129));
#1288 = VERTEX_POINT('',#1289);
#1289 = CARTESIAN_POINT('',(15.161237755615,39.545188248812,
    55.163040155225));
#1290 = SURFACE_CURVE('',#1291,(#1295,#1302),.PCURVE_S1.);
#1291 = LINE('',#1292,#1293);
#1292 = CARTESIAN_POINT('',(15.161237755615,29.545188248812,
    72.483548230914));
#1293 = VECTOR('',#1294,1.);
#1294 = DIRECTION('',(-5.947623346206E-16,0.5,-0.866025403784));
#1295 = PCURVE('',#1222,#1296);
#1296 = DEFINITIONAL_REPRESENTATION('',(#1297),#1301);
#1297 = LINE('',#1298,#1299);
#1298 = CARTESIAN_POINT('',(2.475431206898,0.));
#1299 = VECTOR('',#1300,1.);
#1300 = DIRECTION('',(0.,1.));
#1301 = ( GEOMETRIC_REPRESENTATION_CONTEXT(2) 
PARAMETRIC_REPRESENTATION_CONTEXT() REPRESENTATION_CONTEXT('2D SPACE',''
  ) );
#1302 = PCURVE('',#1303,#1308);
#1303 = PLANE('',#1304);
#1304 = AXIS2_PLACEMENT_3D('',#1305,#1306,#1307);
#1305 = CARTESIAN_POINT('',(14.651686689673,29.615080794726,
    72.523900711112));
#1306 = DIRECTION('',(-0.15643446504,-0.855363193977,-0.493844170298));
#1307 = DIRECTION('',(0.987688340595,-0.135476220752,-7.821723252012E-02
    ));
#1308 = DEFINITIONAL_REPRESENTATION('',(#1309),#1313);
#1309 = LINE('',#1310,#1311);
#1310 = CARTESIAN_POINT('',(0.515902684074,0.));
#1311 = VECTOR('',#1312,1.);
#1312 = DIRECTION('',(0.,-1.));
#1313 = ( GEOMETRIC_REPRESENTATION_CONTEXT(2) 
PARAMETRIC_REPRESENTATION_CONTEXT() REPRESENTATION_CONTEXT('2D SPACE',''
  ) );
#1314 = ORIENTED_EDGE('',*,*,#1315,.F.);
#1315 = EDGE_CURVE('',#1205,#1286,#1316,.T.);
#1316 = SURFACE_CURVE('',#1317,(#1322,#1329),.PCURVE_S1.);
#1317 = CIRCLE('',#1318,19.284210105953);
#1318 = AXIS2_PLACEMENT_3D('',#1319,#1320,#1321);
#1319 = CARTESIAN_POINT('',(-1.817213046706E-12,19.724663947879,
    65.658965343808));
#1320 = DIRECTION('',(5.947623346206E-16,-0.5,0.866025403784));
#1321 = DIRECTION('',(1.,2.973811673103E-16,-5.150792909956E-16));
#1322 = PCURVE('',#1222,#1323);
#1323 = DEFINITIONAL_REPRESENTATION('',(#1324),#1328);
#1324 = LINE('',#1325,#1326);
#1325 = CARTESIAN_POINT('',(3.14159265359,1.));
#1326 = VECTOR('',#1327,1.);
#1327 = DIRECTION('',(-1.,0.));
#1328 = ( GEOMETRIC_REPRESENTATION_CONTEXT(2) 
PARAMETRIC_REPRESENTATION_CONTEXT() REPRESENTATION_CONTEXT('2D SPACE',''
  ) );
#1329 = PCURVE('',#1330,#1335);
#1330 = CONICAL_SURFACE('',#1331,18.284210105953,0.785398163397);
#1331 = AXIS2_PLACEMENT_3D('',#1332,#1333,#1334);
#1332 = CARTESIAN_POINT('',(-1.816324868287E-12,19.224663947879,
    66.524990747592));
#1333 = DIRECTION('',(-5.947623346206E-16,0.5,-0.866025403784));
#1334 = DIRECTION('',(-1.,-2.973811673103E-16,5.150792909956E-16));
#1335 = DEFINITIONAL_REPRESENTATION('',(#1336),#1340);
#1336 = LINE('',#1337,#1338);
#1337 = CARTESIAN_POINT('',(3.14159265359,1.));
#1338 = VECTOR('',#1339,1.);
#1339 = DIRECTION('',(-1.,0.));
#1340 = ( GEOMETRIC_REPRESENTATION_CONTEXT(2) 
PARAMETRIC_REPRESENTATION_CONTEXT() REPRESENTATION_CONTEXT('2D SPACE',''
  ) );
#1341 = ORIENTED_EDGE('',*,*,#1204,.T.);
#1342 = ORIENTED_EDGE('',*,*,#1343,.T.);
#1343 = EDGE_CURVE('',#1207,#1288,#1344,.T.);
#1344 = SURFACE_CURVE('',#1345,(#1350,#1357),.PCURVE_S1.);
#1345 = CIRCLE('',#1346,19.284210105953);
#1346 = AXIS2_PLACEMENT_3D('',#1347,#1348,#1349);
#1347 = CARTESIAN_POINT('',(-1.828759366163E-12,29.224663947879,
    49.204482671904));
#1348 = DIRECTION('',(5.947623346206E-16,-0.5,0.866025403784));
#1349 = DIRECTION('',(1.,2.973811673103E-16,-5.150792909956E-16));
#1350 = PCURVE('',#1222,#1351);
#1351 = DEFINITIONAL_REPRESENTATION('',(#1352),#1356);
#1352 = LINE('',#1353,#1354);
#1353 = CARTESIAN_POINT('',(3.14159265359,20.));
#1354 = VECTOR('',#1355,1.);
#1355 = DIRECTION('',(-1.,0.));
#1356 = ( GEOMETRIC_REPRESENTATION_CONTEXT(2) 
PARAMETRIC_REPRESENTATION_CONTEXT() REPRESENTATION_CONTEXT('2D SPACE',''
  ) );
#1357 = PCURVE('',#128,#1358);
#1358 = DEFINITIONAL_REPRESENTATION('',(#1359),#1363);
#1359 = CIRCLE('',#1360,19.284210105953);
#1360 = AXIS2_PLACEMENT_2D('',#1361,#1362);
#1361 = CARTESIAN_POINT('',(-1.827871187743E-12,-1.399769189447E-12));
#1362 = DIRECTION('',(1.,0.));
#1363 = ( GEOMETRIC_REPRESENTATION_CONTEXT(2) 
PARAMETRIC_REPRESENTATION_CONTEXT() REPRESENTATION_CONTEXT('2D SPACE',''
  ) );
#1364 = ADVANCED_FACE('',(#1365),#1303,.F.);
#1365 = FACE_BOUND('',#1366,.T.);
#1366 = EDGE_LOOP('',(#1367,#1397,#1423,#1424));
#1367 = ORIENTED_EDGE('',*,*,#1368,.F.);
#1368 = EDGE_CURVE('',#1369,#1371,#1373,.T.);
#1369 = VERTEX_POINT('',#1370);
#1370 = CARTESIAN_POINT('',(14.142135623731,30.184973340641,
    71.698227787525));
#1371 = VERTEX_POINT('',#1372);
#1372 = CARTESIAN_POINT('',(14.142135623731,39.684973340641,
    55.243745115621));
#1373 = SURFACE_CURVE('',#1374,(#1378,#1385),.PCURVE_S1.);
#1374 = LINE('',#1375,#1376);
#1375 = CARTESIAN_POINT('',(14.142135623731,29.684973340641,
    72.56425319131));
#1376 = VECTOR('',#1377,1.);
#1377 = DIRECTION('',(-5.947623346206E-16,0.5,-0.866025403784));
#1378 = PCURVE('',#1303,#1379);
#1379 = DEFINITIONAL_REPRESENTATION('',(#1380),#1384);
#1380 = LINE('',#1381,#1382);
#1381 = CARTESIAN_POINT('',(-0.515902684074,0.));
#1382 = VECTOR('',#1383,1.);
#1383 = DIRECTION('',(0.,-1.));
#1384 = ( GEOMETRIC_REPRESENTATION_CONTEXT(2) 
PARAMETRIC_REPRESENTATION_CONTEXT() REPRESENTATION_CONTEXT('2D SPACE',''
  ) );
#1385 = PCURVE('',#1386,#1391);
#1386 = PLANE('',#1387);
#1387 = AXIS2_PLACEMENT_3D('',#1388,#1389,#1390);
#1388 = CARTESIAN_POINT('',(14.142135623731,30.13175817093,
    72.822204533347));
#1389 = DIRECTION('',(1.,2.973811673103E-16,-5.150792909956E-16));
#1390 = DIRECTION('',(-5.947623346206E-16,0.5,-0.866025403784));
#1391 = DEFINITIONAL_REPRESENTATION('',(#1392),#1396);
#1392 = LINE('',#1393,#1394);
#1393 = CARTESIAN_POINT('',(0.,-0.515902684074));
#1394 = VECTOR('',#1395,1.);
#1395 = DIRECTION('',(1.,0.));
#1396 = ( GEOMETRIC_REPRESENTATION_CONTEXT(2) 
PARAMETRIC_REPRESENTATION_CONTEXT() REPRESENTATION_CONTEXT('2D SPACE',''
  ) );
#1397 = ORIENTED_EDGE('',*,*,#1398,.T.);
#1398 = EDGE_CURVE('',#1369,#1286,#1399,.T.);
#1399 = SURFACE_CURVE('',#1400,(#1404,#1411),.PCURVE_S1.);
#1400 = LINE('',#1401,#1402);
#1401 = CARTESIAN_POINT('',(15.161237755615,30.045188248812,
    71.617522827129));
#1402 = VECTOR('',#1403,1.);
#1403 = DIRECTION('',(0.987688340595,-0.135476220752,-7.821723252012E-02
    ));
#1404 = PCURVE('',#1303,#1405);
#1405 = DEFINITIONAL_REPRESENTATION('',(#1406),#1410);
#1406 = LINE('',#1407,#1408);
#1407 = CARTESIAN_POINT('',(0.515902684074,-1.));
#1408 = VECTOR('',#1409,1.);
#1409 = DIRECTION('',(1.,0.));
#1410 = ( GEOMETRIC_REPRESENTATION_CONTEXT(2) 
PARAMETRIC_REPRESENTATION_CONTEXT() REPRESENTATION_CONTEXT('2D SPACE',''
  ) );
#1411 = PCURVE('',#1412,#1417);
#1412 = PLANE('',#1413);
#1413 = AXIS2_PLACEMENT_3D('',#1414,#1415,#1416);
#1414 = CARTESIAN_POINT('',(2.055882955785,30.465963050675,
    73.015157810633));
#1415 = DIRECTION('',(0.110615871041,0.251279724245,0.961572997363));
#1416 = DIRECTION('',(0.987688340595,-0.135476220752,-7.821723252012E-02
    ));
#1417 = DEFINITIONAL_REPRESENTATION('',(#1418),#1422);
#1418 = LINE('',#1419,#1420);
#1419 = CARTESIAN_POINT('',(13.110330255582,1.414213562373));
#1420 = VECTOR('',#1421,1.);
#1421 = DIRECTION('',(1.,-6.245004513517E-17));
#1422 = ( GEOMETRIC_REPRESENTATION_CONTEXT(2) 
PARAMETRIC_REPRESENTATION_CONTEXT() REPRESENTATION_CONTEXT('2D SPACE',''
  ) );
#1423 = ORIENTED_EDGE('',*,*,#1285,.T.);
#1424 = ORIENTED_EDGE('',*,*,#1425,.T.);
#1425 = EDGE_CURVE('',#1288,#1371,#1426,.T.);
#1426 = SURFACE_CURVE('',#1427,(#1431,#1438),.PCURVE_S1.);
#1427 = LINE('',#1428,#1429);
#1428 = CARTESIAN_POINT('',(14.651686689673,39.615080794726,
    55.203392635423));
#1429 = VECTOR('',#1430,1.);
#1430 = DIRECTION('',(-0.987688340595,0.135476220752,7.821723252012E-02)
  );
#1431 = PCURVE('',#1303,#1432);
#1432 = DEFINITIONAL_REPRESENTATION('',(#1433),#1437);
#1433 = LINE('',#1434,#1435);
#1434 = CARTESIAN_POINT('',(0.,-20.));
#1435 = VECTOR('',#1436,1.);
#1436 = DIRECTION('',(-1.,0.));
#1437 = ( GEOMETRIC_REPRESENTATION_CONTEXT(2) 
PARAMETRIC_REPRESENTATION_CONTEXT() REPRESENTATION_CONTEXT('2D SPACE',''
  ) );
#1438 = PCURVE('',#128,#1439);
#1439 = DEFINITIONAL_REPRESENTATION('',(#1440),#1444);
#1440 = LINE('',#1441,#1442);
#1441 = CARTESIAN_POINT('',(14.651686689673,11.997819927037));
#1442 = VECTOR('',#1443,1.);
#1443 = DIRECTION('',(-0.987688340595,0.15643446504));
#1444 = ( GEOMETRIC_REPRESENTATION_CONTEXT(2) 
PARAMETRIC_REPRESENTATION_CONTEXT() REPRESENTATION_CONTEXT('2D SPACE',''
  ) );
#1445 = ADVANCED_FACE('',(#1446),#1386,.T.);
#1446 = FACE_BOUND('',#1447,.T.);
#1447 = EDGE_LOOP('',(#1448,#1478,#1504,#1505));
#1448 = ORIENTED_EDGE('',*,*,#1449,.F.);
#1449 = EDGE_CURVE('',#1450,#1452,#1454,.T.);
#1450 = VERTEX_POINT('',#1451);
#1451 = CARTESIAN_POINT('',(14.142135623731,31.078543001219,
    72.2141304716));
#1452 = VERTEX_POINT('',#1453);
#1453 = CARTESIAN_POINT('',(14.142135623731,40.578543001219,
    55.759647799696));
#1454 = SURFACE_CURVE('',#1455,(#1459,#1466),.PCURVE_S1.);
#1455 = LINE('',#1456,#1457);
#1456 = CARTESIAN_POINT('',(14.142135623731,30.578543001219,
    73.080155875384));
#1457 = VECTOR('',#1458,1.);
#1458 = DIRECTION('',(-5.947623346206E-16,0.5,-0.866025403784));
#1459 = PCURVE('',#1386,#1460);
#1460 = DEFINITIONAL_REPRESENTATION('',(#1461),#1465);
#1461 = LINE('',#1462,#1463);
#1462 = CARTESIAN_POINT('',(0.,0.515902684074));
#1463 = VECTOR('',#1464,1.);
#1464 = DIRECTION('',(1.,0.));
#1465 = ( GEOMETRIC_REPRESENTATION_CONTEXT(2) 
PARAMETRIC_REPRESENTATION_CONTEXT() REPRESENTATION_CONTEXT('2D SPACE',''
  ) );
#1466 = PCURVE('',#1467,#1472);
#1467 = CYLINDRICAL_SURFACE('',#1468,19.284210105954);
#1468 = AXIS2_PLACEMENT_3D('',#1469,#1470,#1471);
#1469 = CARTESIAN_POINT('',(-2.480682326222E-12,19.224663947879,
    66.524990747592));
#1470 = DIRECTION('',(-5.947623346206E-16,0.5,-0.866025403784));
#1471 = DIRECTION('',(-1.,-2.973811673103E-16,5.150792909956E-16));
#1472 = DEFINITIONAL_REPRESENTATION('',(#1473),#1477);
#1473 = LINE('',#1474,#1475);
#1474 = CARTESIAN_POINT('',(2.394037406166,0.));
#1475 = VECTOR('',#1476,1.);
#1476 = DIRECTION('',(0.,1.));
#1477 = ( GEOMETRIC_REPRESENTATION_CONTEXT(2) 
PARAMETRIC_REPRESENTATION_CONTEXT() REPRESENTATION_CONTEXT('2D SPACE',''
  ) );
#1478 = ORIENTED_EDGE('',*,*,#1479,.T.);
#1479 = EDGE_CURVE('',#1450,#1369,#1480,.T.);
#1480 = SURFACE_CURVE('',#1481,(#1485,#1492),.PCURVE_S1.);
#1481 = LINE('',#1482,#1483);
#1482 = CARTESIAN_POINT('',(14.142135623731,30.63175817093,
    71.956179129563));
#1483 = VECTOR('',#1484,1.);
#1484 = DIRECTION('',(-8.381647117973E-31,-0.866025403784,-0.5));
#1485 = PCURVE('',#1386,#1486);
#1486 = DEFINITIONAL_REPRESENTATION('',(#1487),#1491);
#1487 = LINE('',#1488,#1489);
#1488 = CARTESIAN_POINT('',(1.,0.));
#1489 = VECTOR('',#1490,1.);
#1490 = DIRECTION('',(0.,-1.));
#1491 = ( GEOMETRIC_REPRESENTATION_CONTEXT(2) 
PARAMETRIC_REPRESENTATION_CONTEXT() REPRESENTATION_CONTEXT('2D SPACE',''
  ) );
#1492 = PCURVE('',#1493,#1498);
#1493 = PLANE('',#1494);
#1494 = AXIS2_PLACEMENT_3D('',#1495,#1496,#1497);
#1495 = CARTESIAN_POINT('',(14.142135623731,30.63175817093,
    71.956179129563));
#1496 = DIRECTION('',(-0.707106781187,0.353553390593,-0.612372435696));
#1497 = DIRECTION('',(-8.381647117973E-31,-0.866025403784,-0.5));
#1498 = DEFINITIONAL_REPRESENTATION('',(#1499),#1503);
#1499 = LINE('',#1500,#1501);
#1500 = CARTESIAN_POINT('',(0.,0.));
#1501 = VECTOR('',#1502,1.);
#1502 = DIRECTION('',(1.,0.));
#1503 = ( GEOMETRIC_REPRESENTATION_CONTEXT(2) 
PARAMETRIC_REPRESENTATION_CONTEXT() REPRESENTATION_CONTEXT('2D SPACE',''
  ) );
#1504 = ORIENTED_EDGE('',*,*,#1368,.T.);
#1505 = ORIENTED_EDGE('',*,*,#1506,.F.);
#1506 = EDGE_CURVE('',#1452,#1371,#1507,.T.);
#1507 = SURFACE_CURVE('',#1508,(#1512,#1519),.PCURVE_S1.);
#1508 = LINE('',#1509,#1510);
#1509 = CARTESIAN_POINT('',(14.142135623731,40.13175817093,
    55.501696457658));
#1510 = VECTOR('',#1511,1.);
#1511 = DIRECTION('',(-8.381647117973E-31,-0.866025403784,-0.5));
#1512 = PCURVE('',#1386,#1513);
#1513 = DEFINITIONAL_REPRESENTATION('',(#1514),#1518);
#1514 = LINE('',#1515,#1516);
#1515 = CARTESIAN_POINT('',(20.,0.));
#1516 = VECTOR('',#1517,1.);
#1517 = DIRECTION('',(0.,-1.));
#1518 = ( GEOMETRIC_REPRESENTATION_CONTEXT(2) 
PARAMETRIC_REPRESENTATION_CONTEXT() REPRESENTATION_CONTEXT('2D SPACE',''
  ) );
#1519 = PCURVE('',#128,#1520);
#1520 = DEFINITIONAL_REPRESENTATION('',(#1521),#1525);
#1521 = LINE('',#1522,#1523);
#1522 = CARTESIAN_POINT('',(14.142135623731,12.594427571508));
#1523 = VECTOR('',#1524,1.);
#1524 = DIRECTION('',(0.,-1.));
#1525 = ( GEOMETRIC_REPRESENTATION_CONTEXT(2) 
PARAMETRIC_REPRESENTATION_CONTEXT() REPRESENTATION_CONTEXT('2D SPACE',''
  ) );
#1526 = ADVANCED_FACE('',(#1527),#1467,.T.);
#1527 = FACE_BOUND('',#1528,.T.);
#1528 = EDGE_LOOP('',(#1529,#1559,#1586,#1587));
#1529 = ORIENTED_EDGE('',*,*,#1530,.F.);
#1530 = EDGE_CURVE('',#1531,#1533,#1535,.T.);
#1531 = VERTEX_POINT('',#1532);
#1532 = CARTESIAN_POINT('',(13.110330255582,31.972112661797,
    72.730033155674));
#1533 = VERTEX_POINT('',#1534);
#1534 = CARTESIAN_POINT('',(13.110330255582,41.472112661797,
    56.27555048377));
#1535 = SURFACE_CURVE('',#1536,(#1540,#1547),.PCURVE_S1.);
#1536 = LINE('',#1537,#1538);
#1537 = CARTESIAN_POINT('',(13.110330255582,31.472112661797,
    73.596058559459));
#1538 = VECTOR('',#1539,1.);
#1539 = DIRECTION('',(-5.947623346206E-16,0.5,-0.866025403784));
#1540 = PCURVE('',#1467,#1541);
#1541 = DEFINITIONAL_REPRESENTATION('',(#1542),#1546);
#1542 = LINE('',#1543,#1544);
#1543 = CARTESIAN_POINT('',(2.318351574219,0.));
#1544 = VECTOR('',#1545,1.);
#1545 = DIRECTION('',(0.,1.));
#1546 = ( GEOMETRIC_REPRESENTATION_CONTEXT(2) 
PARAMETRIC_REPRESENTATION_CONTEXT() REPRESENTATION_CONTEXT('2D SPACE',''
  ) );
#1547 = PCURVE('',#1548,#1553);
#1548 = PLANE('',#1549);
#1549 = AXIS2_PLACEMENT_3D('',#1550,#1551,#1552);
#1550 = CARTESIAN_POINT('',(12.594427571508,31.472112661797,
    73.596058559459));
#1551 = DIRECTION('',(-8.381647117973E-31,-0.866025403784,-0.5));
#1552 = DIRECTION('',(-5.947623346206E-16,0.5,-0.866025403784));
#1553 = DEFINITIONAL_REPRESENTATION('',(#1554),#1558);
#1554 = LINE('',#1555,#1556);
#1555 = CARTESIAN_POINT('',(0.,0.515902684074));
#1556 = VECTOR('',#1557,1.);
#1557 = DIRECTION('',(1.,0.));
#1558 = ( GEOMETRIC_REPRESENTATION_CONTEXT(2) 
PARAMETRIC_REPRESENTATION_CONTEXT() REPRESENTATION_CONTEXT('2D SPACE',''
  ) );
#1559 = ORIENTED_EDGE('',*,*,#1560,.F.);
#1560 = EDGE_CURVE('',#1450,#1531,#1561,.T.);
#1561 = SURFACE_CURVE('',#1562,(#1567,#1574),.PCURVE_S1.);
#1562 = CIRCLE('',#1563,19.284210105954);
#1563 = AXIS2_PLACEMENT_3D('',#1564,#1565,#1566);
#1564 = CARTESIAN_POINT('',(-2.481570504642E-12,19.724663947879,
    65.658965343808));
#1565 = DIRECTION('',(5.947623346206E-16,-0.5,0.866025403784));
#1566 = DIRECTION('',(1.,2.973811673103E-16,-5.150792909956E-16));
#1567 = PCURVE('',#1467,#1568);
#1568 = DEFINITIONAL_REPRESENTATION('',(#1569),#1573);
#1569 = LINE('',#1570,#1571);
#1570 = CARTESIAN_POINT('',(3.14159265359,1.));
#1571 = VECTOR('',#1572,1.);
#1572 = DIRECTION('',(-1.,0.));
#1573 = ( GEOMETRIC_REPRESENTATION_CONTEXT(2) 
PARAMETRIC_REPRESENTATION_CONTEXT() REPRESENTATION_CONTEXT('2D SPACE',''
  ) );
#1574 = PCURVE('',#1575,#1580);
#1575 = CONICAL_SURFACE('',#1576,18.284210105954,0.785398163397);
#1576 = AXIS2_PLACEMENT_3D('',#1577,#1578,#1579);
#1577 = CARTESIAN_POINT('',(-2.480682326222E-12,19.224663947879,
    66.524990747592));
#1578 = DIRECTION('',(-5.947623346206E-16,0.5,-0.866025403784));
#1579 = DIRECTION('',(-1.,-2.973811673103E-16,5.150792909956E-16));
#1580 = DEFINITIONAL_REPRESENTATION('',(#1581),#1585);
#1581 = LINE('',#1582,#1583);
#1582 = CARTESIAN_POINT('',(3.14159265359,1.));
#1583 = VECTOR('',#1584,1.);
#1584 = DIRECTION('',(-1.,-4.563870568953E-14));
#1585 = ( GEOMETRIC_REPRESENTATION_CONTEXT(2) 
PARAMETRIC_REPRESENTATION_CONTEXT() REPRESENTATION_CONTEXT('2D SPACE',''
  ) );
#1586 = ORIENTED_EDGE('',*,*,#1449,.T.);
#1587 = ORIENTED_EDGE('',*,*,#1588,.T.);
#1588 = EDGE_CURVE('',#1452,#1533,#1589,.T.);
#1589 = SURFACE_CURVE('',#1590,(#1595,#1602),.PCURVE_S1.);
#1590 = CIRCLE('',#1591,19.284210105954);
#1591 = AXIS2_PLACEMENT_3D('',#1592,#1593,#1594);
#1592 = CARTESIAN_POINT('',(-2.493116824098E-12,29.224663947879,
    49.204482671903));
#1593 = DIRECTION('',(5.947623346206E-16,-0.5,0.866025403784));
#1594 = DIRECTION('',(1.,2.973811673103E-16,-5.150792909956E-16));
#1595 = PCURVE('',#1467,#1596);
#1596 = DEFINITIONAL_REPRESENTATION('',(#1597),#1601);
#1597 = LINE('',#1598,#1599);
#1598 = CARTESIAN_POINT('',(3.14159265359,20.));
#1599 = VECTOR('',#1600,1.);
#1600 = DIRECTION('',(-1.,0.));
#1601 = ( GEOMETRIC_REPRESENTATION_CONTEXT(2) 
PARAMETRIC_REPRESENTATION_CONTEXT() REPRESENTATION_CONTEXT('2D SPACE',''
  ) );
#1602 = PCURVE('',#128,#1603);
#1603 = DEFINITIONAL_REPRESENTATION('',(#1604),#1608);
#1604 = CIRCLE('',#1605,19.284210105954);
#1605 = AXIS2_PLACEMENT_2D('',#1606,#1607);
#1606 = CARTESIAN_POINT('',(-2.492228645679E-12,-2.492228645679E-12));
#1607 = DIRECTION('',(1.,0.));
#1608 = ( GEOMETRIC_REPRESENTATION_CONTEXT(2) 
PARAMETRIC_REPRESENTATION_CONTEXT() REPRESENTATION_CONTEXT('2D SPACE',''
  ) );
#1609 = ADVANCED_FACE('',(#1610),#1548,.F.);
#1610 = FACE_BOUND('',#1611,.T.);
#1611 = EDGE_LOOP('',(#1612,#1642,#1668,#1669));
#1612 = ORIENTED_EDGE('',*,*,#1613,.F.);
#1613 = EDGE_CURVE('',#1614,#1616,#1618,.T.);
#1614 = VERTEX_POINT('',#1615);
#1615 = CARTESIAN_POINT('',(12.078524887433,31.972112661797,
    72.730033155674));
#1616 = VERTEX_POINT('',#1617);
#1617 = CARTESIAN_POINT('',(12.078524887433,41.472112661797,
    56.27555048377));
#1618 = SURFACE_CURVE('',#1619,(#1623,#1630),.PCURVE_S1.);
#1619 = LINE('',#1620,#1621);
#1620 = CARTESIAN_POINT('',(12.078524887433,31.472112661797,
    73.596058559459));
#1621 = VECTOR('',#1622,1.);
#1622 = DIRECTION('',(-5.947623346206E-16,0.5,-0.866025403784));
#1623 = PCURVE('',#1548,#1624);
#1624 = DEFINITIONAL_REPRESENTATION('',(#1625),#1629);
#1625 = LINE('',#1626,#1627);
#1626 = CARTESIAN_POINT('',(0.,-0.515902684074));
#1627 = VECTOR('',#1628,1.);
#1628 = DIRECTION('',(1.,0.));
#1629 = ( GEOMETRIC_REPRESENTATION_CONTEXT(2) 
PARAMETRIC_REPRESENTATION_CONTEXT() REPRESENTATION_CONTEXT('2D SPACE',''
  ) );
#1630 = PCURVE('',#1631,#1636);
#1631 = PLANE('',#1632);
#1632 = AXIS2_PLACEMENT_3D('',#1633,#1634,#1635);
#1633 = CARTESIAN_POINT('',(11.997819927037,31.913396829428,
    73.85083409243));
#1634 = DIRECTION('',(0.987688340595,0.135476220752,7.821723252011E-02)
  );
#1635 = DIRECTION('',(-0.15643446504,0.855363193977,0.493844170298));
#1636 = DEFINITIONAL_REPRESENTATION('',(#1637),#1641);
#1637 = LINE('',#1638,#1639);
#1638 = CARTESIAN_POINT('',(-0.515902684074,0.));
#1639 = VECTOR('',#1640,1.);
#1640 = DIRECTION('',(0.,-1.));
#1641 = ( GEOMETRIC_REPRESENTATION_CONTEXT(2) 
PARAMETRIC_REPRESENTATION_CONTEXT() REPRESENTATION_CONTEXT('2D SPACE',''
  ) );
#1642 = ORIENTED_EDGE('',*,*,#1643,.T.);
#1643 = EDGE_CURVE('',#1614,#1531,#1644,.T.);
#1644 = SURFACE_CURVE('',#1645,(#1649,#1656),.PCURVE_S1.);
#1645 = LINE('',#1646,#1647);
#1646 = CARTESIAN_POINT('',(13.110330255582,31.972112661797,
    72.730033155674));
#1647 = VECTOR('',#1648,1.);
#1648 = DIRECTION('',(1.,2.973811673103E-16,-5.150792909956E-16));
#1649 = PCURVE('',#1548,#1650);
#1650 = DEFINITIONAL_REPRESENTATION('',(#1651),#1655);
#1651 = LINE('',#1652,#1653);
#1652 = CARTESIAN_POINT('',(1.,0.515902684074));
#1653 = VECTOR('',#1654,1.);
#1654 = DIRECTION('',(0.,1.));
#1655 = ( GEOMETRIC_REPRESENTATION_CONTEXT(2) 
PARAMETRIC_REPRESENTATION_CONTEXT() REPRESENTATION_CONTEXT('2D SPACE',''
  ) );
#1656 = PCURVE('',#1657,#1662);
#1657 = PLANE('',#1658);
#1658 = AXIS2_PLACEMENT_3D('',#1659,#1660,#1661);
#1659 = CARTESIAN_POINT('',(1.15463194561E-14,30.606087258012,
    73.096058559459));
#1660 = DIRECTION('',(4.205604800046E-16,0.258819045103,0.965925826289)
  );
#1661 = DIRECTION('',(1.,2.973811673103E-16,-5.150792909956E-16));
#1662 = DEFINITIONAL_REPRESENTATION('',(#1663),#1667);
#1663 = LINE('',#1664,#1665);
#1664 = CARTESIAN_POINT('',(13.110330255582,1.414213562373));
#1665 = VECTOR('',#1666,1.);
#1666 = DIRECTION('',(1.,0.));
#1667 = ( GEOMETRIC_REPRESENTATION_CONTEXT(2) 
PARAMETRIC_REPRESENTATION_CONTEXT() REPRESENTATION_CONTEXT('2D SPACE',''
  ) );
#1668 = ORIENTED_EDGE('',*,*,#1530,.T.);
#1669 = ORIENTED_EDGE('',*,*,#1670,.T.);
#1670 = EDGE_CURVE('',#1533,#1616,#1671,.T.);
#1671 = SURFACE_CURVE('',#1672,(#1676,#1683),.PCURVE_S1.);
#1672 = LINE('',#1673,#1674);
#1673 = CARTESIAN_POINT('',(12.594427571508,41.472112661797,
    56.27555048377));
#1674 = VECTOR('',#1675,1.);
#1675 = DIRECTION('',(-1.,-2.973811673103E-16,5.150792909956E-16));
#1676 = PCURVE('',#1548,#1677);
#1677 = DEFINITIONAL_REPRESENTATION('',(#1678),#1682);
#1678 = LINE('',#1679,#1680);
#1679 = CARTESIAN_POINT('',(20.,0.));
#1680 = VECTOR('',#1681,1.);
#1681 = DIRECTION('',(0.,-1.));
#1682 = ( GEOMETRIC_REPRESENTATION_CONTEXT(2) 
PARAMETRIC_REPRESENTATION_CONTEXT() REPRESENTATION_CONTEXT('2D SPACE',''
  ) );
#1683 = PCURVE('',#128,#1684);
#1684 = DEFINITIONAL_REPRESENTATION('',(#1685),#1689);
#1685 = LINE('',#1686,#1687);
#1686 = CARTESIAN_POINT('',(12.594427571508,14.142135623731));
#1687 = VECTOR('',#1688,1.);
#1688 = DIRECTION('',(-1.,0.));
#1689 = ( GEOMETRIC_REPRESENTATION_CONTEXT(2) 
PARAMETRIC_REPRESENTATION_CONTEXT() REPRESENTATION_CONTEXT('2D SPACE',''
  ) );
#1690 = ADVANCED_FACE('',(#1691),#1631,.T.);
#1691 = FACE_BOUND('',#1692,.T.);
#1692 = EDGE_LOOP('',(#1693,#1723,#1749,#1750));
#1693 = ORIENTED_EDGE('',*,*,#1694,.F.);
#1694 = EDGE_CURVE('',#1695,#1697,#1699,.T.);
#1695 = VERTEX_POINT('',#1696);
#1696 = CARTESIAN_POINT('',(11.917114966642,32.854680997059,
    73.239584221616));
#1697 = VERTEX_POINT('',#1698);
#1698 = CARTESIAN_POINT('',(11.917114966642,42.354680997059,
    56.785101549712));
#1699 = SURFACE_CURVE('',#1700,(#1704,#1711),.PCURVE_S1.);
#1700 = LINE('',#1701,#1702);
#1701 = CARTESIAN_POINT('',(11.917114966642,32.354680997059,
    74.105609625401));
#1702 = VECTOR('',#1703,1.);
#1703 = DIRECTION('',(-5.947623346206E-16,0.5,-0.866025403784));
#1704 = PCURVE('',#1631,#1705);
#1705 = DEFINITIONAL_REPRESENTATION('',(#1706),#1710);
#1706 = LINE('',#1707,#1708);
#1707 = CARTESIAN_POINT('',(0.515902684074,0.));
#1708 = VECTOR('',#1709,1.);
#1709 = DIRECTION('',(0.,-1.));
#1710 = ( GEOMETRIC_REPRESENTATION_CONTEXT(2) 
PARAMETRIC_REPRESENTATION_CONTEXT() REPRESENTATION_CONTEXT('2D SPACE',''
  ) );
#1711 = PCURVE('',#1712,#1717);
#1712 = CYLINDRICAL_SURFACE('',#1713,19.284210105952);
#1713 = AXIS2_PLACEMENT_3D('',#1714,#1715,#1716);
#1714 = CARTESIAN_POINT('',(-7.496225862269E-13,19.22466394788,
    66.524990747593));
#1715 = DIRECTION('',(-5.947623346206E-16,0.5,-0.866025403784));
#1716 = DIRECTION('',(-1.,-2.973811673103E-16,5.150792909956E-16));
#1717 = DEFINITIONAL_REPRESENTATION('',(#1718),#1722);
#1718 = LINE('',#1719,#1720);
#1719 = CARTESIAN_POINT('',(2.236957773486,0.));
#1720 = VECTOR('',#1721,1.);
#1721 = DIRECTION('',(0.,1.));
#1722 = ( GEOMETRIC_REPRESENTATION_CONTEXT(2) 
PARAMETRIC_REPRESENTATION_CONTEXT() REPRESENTATION_CONTEXT('2D SPACE',''
  ) );
#1723 = ORIENTED_EDGE('',*,*,#1724,.T.);
#1724 = EDGE_CURVE('',#1695,#1614,#1725,.T.);
#1725 = SURFACE_CURVE('',#1726,(#1730,#1737),.PCURVE_S1.);
#1726 = LINE('',#1727,#1728);
#1727 = CARTESIAN_POINT('',(11.997819927037,32.413396829428,
    72.984808688645));
#1728 = VECTOR('',#1729,1.);
#1729 = DIRECTION('',(0.15643446504,-0.855363193977,-0.493844170298));
#1730 = PCURVE('',#1631,#1731);
#1731 = DEFINITIONAL_REPRESENTATION('',(#1732),#1736);
#1732 = LINE('',#1733,#1734);
#1733 = CARTESIAN_POINT('',(0.,-1.));
#1734 = VECTOR('',#1735,1.);
#1735 = DIRECTION('',(-1.,0.));
#1736 = ( GEOMETRIC_REPRESENTATION_CONTEXT(2) 
PARAMETRIC_REPRESENTATION_CONTEXT() REPRESENTATION_CONTEXT('2D SPACE',''
  ) );
#1737 = PCURVE('',#1738,#1743);
#1738 = PLANE('',#1739);
#1739 = AXIS2_PLACEMENT_3D('',#1740,#1741,#1742);
#1740 = CARTESIAN_POINT('',(11.997819927037,32.413396829428,
    72.984808688645));
#1741 = DIRECTION('',(-0.698401123334,0.25775723621,-0.667680371216));
#1742 = DIRECTION('',(0.15643446504,-0.855363193977,-0.493844170298));
#1743 = DEFINITIONAL_REPRESENTATION('',(#1744),#1748);
#1744 = LINE('',#1745,#1746);
#1745 = CARTESIAN_POINT('',(0.,0.));
#1746 = VECTOR('',#1747,1.);
#1747 = DIRECTION('',(1.,3.469446951954E-17));
#1748 = ( GEOMETRIC_REPRESENTATION_CONTEXT(2) 
PARAMETRIC_REPRESENTATION_CONTEXT() REPRESENTATION_CONTEXT('2D SPACE',''
  ) );
#1749 = ORIENTED_EDGE('',*,*,#1613,.T.);
#1750 = ORIENTED_EDGE('',*,*,#1751,.F.);
#1751 = EDGE_CURVE('',#1697,#1616,#1752,.T.);
#1752 = SURFACE_CURVE('',#1753,(#1757,#1764),.PCURVE_S1.);
#1753 = LINE('',#1754,#1755);
#1754 = CARTESIAN_POINT('',(11.997819927037,41.913396829428,
    56.530326016741));
#1755 = VECTOR('',#1756,1.);
#1756 = DIRECTION('',(0.15643446504,-0.855363193977,-0.493844170298));
#1757 = PCURVE('',#1631,#1758);
#1758 = DEFINITIONAL_REPRESENTATION('',(#1759),#1763);
#1759 = LINE('',#1760,#1761);
#1760 = CARTESIAN_POINT('',(0.,-20.));
#1761 = VECTOR('',#1762,1.);
#1762 = DIRECTION('',(-1.,0.));
#1763 = ( GEOMETRIC_REPRESENTATION_CONTEXT(2) 
PARAMETRIC_REPRESENTATION_CONTEXT() REPRESENTATION_CONTEXT('2D SPACE',''
  ) );
#1764 = PCURVE('',#128,#1765);
#1765 = DEFINITIONAL_REPRESENTATION('',(#1766),#1770);
#1766 = LINE('',#1767,#1768);
#1767 = CARTESIAN_POINT('',(11.997819927037,14.651686689673));
#1768 = VECTOR('',#1769,1.);
#1769 = DIRECTION('',(0.15643446504,-0.987688340595));
#1770 = ( GEOMETRIC_REPRESENTATION_CONTEXT(2) 
PARAMETRIC_REPRESENTATION_CONTEXT() REPRESENTATION_CONTEXT('2D SPACE',''
  ) );
#1771 = ADVANCED_FACE('',(#1772),#1712,.T.);
#1772 = FACE_BOUND('',#1773,.T.);
#1773 = EDGE_LOOP('',(#1774,#1804,#1831,#1832));
#1774 = ORIENTED_EDGE('',*,*,#1775,.F.);
#1775 = EDGE_CURVE('',#1776,#1778,#1780,.T.);
#1776 = VERTEX_POINT('',#1777);
#1777 = CARTESIAN_POINT('',(10.736602913966,33.597464240493,
    73.668430327162));
#1778 = VERTEX_POINT('',#1779);
#1779 = CARTESIAN_POINT('',(10.736602913966,43.097464240493,
    57.213947655258));
#1780 = SURFACE_CURVE('',#1781,(#1785,#1792),.PCURVE_S1.);
#1781 = LINE('',#1782,#1783);
#1782 = CARTESIAN_POINT('',(10.736602913966,33.097464240493,
    74.534455730947));
#1783 = VECTOR('',#1784,1.);
#1784 = DIRECTION('',(-5.947623346206E-16,0.5,-0.866025403784));
#1785 = PCURVE('',#1712,#1786);
#1786 = DEFINITIONAL_REPRESENTATION('',(#1787),#1791);
#1787 = LINE('',#1788,#1789);
#1788 = CARTESIAN_POINT('',(2.161271941539,0.));
#1789 = VECTOR('',#1790,1.);
#1790 = DIRECTION('',(0.,1.));
#1791 = ( GEOMETRIC_REPRESENTATION_CONTEXT(2) 
PARAMETRIC_REPRESENTATION_CONTEXT() REPRESENTATION_CONTEXT('2D SPACE',''
  ) );
#1792 = PCURVE('',#1793,#1798);
#1793 = PLANE('',#1794);
#1794 = AXIS2_PLACEMENT_3D('',#1795,#1796,#1797);
#1795 = CARTESIAN_POINT('',(10.227051848024,33.027571694578,
    74.494103250749));
#1796 = DIRECTION('',(0.15643446504,-0.855363193977,-0.493844170298));
#1797 = DIRECTION('',(0.987688340595,0.135476220752,7.821723252011E-02)
  );
#1798 = DEFINITIONAL_REPRESENTATION('',(#1799),#1803);
#1799 = LINE('',#1800,#1801);
#1800 = CARTESIAN_POINT('',(0.515902684074,0.));
#1801 = VECTOR('',#1802,1.);
#1802 = DIRECTION('',(0.,-1.));
#1803 = ( GEOMETRIC_REPRESENTATION_CONTEXT(2) 
PARAMETRIC_REPRESENTATION_CONTEXT() REPRESENTATION_CONTEXT('2D SPACE',''
  ) );
#1804 = ORIENTED_EDGE('',*,*,#1805,.F.);
#1805 = EDGE_CURVE('',#1695,#1776,#1806,.T.);
#1806 = SURFACE_CURVE('',#1807,(#1812,#1819),.PCURVE_S1.);
#1807 = CIRCLE('',#1808,19.284210105952);
#1808 = AXIS2_PLACEMENT_3D('',#1809,#1810,#1811);
#1809 = CARTESIAN_POINT('',(-7.505107646466E-13,19.72466394788,
    65.658965343808));
#1810 = DIRECTION('',(5.947623346206E-16,-0.5,0.866025403784));
#1811 = DIRECTION('',(1.,2.973811673103E-16,-5.150792909956E-16));
#1812 = PCURVE('',#1712,#1813);
#1813 = DEFINITIONAL_REPRESENTATION('',(#1814),#1818);
#1814 = LINE('',#1815,#1816);
#1815 = CARTESIAN_POINT('',(3.14159265359,1.));
#1816 = VECTOR('',#1817,1.);
#1817 = DIRECTION('',(-1.,0.));
#1818 = ( GEOMETRIC_REPRESENTATION_CONTEXT(2) 
PARAMETRIC_REPRESENTATION_CONTEXT() REPRESENTATION_CONTEXT('2D SPACE',''
  ) );
#1819 = PCURVE('',#1820,#1825);
#1820 = CONICAL_SURFACE('',#1821,18.284210105951,0.785398163397);
#1821 = AXIS2_PLACEMENT_3D('',#1822,#1823,#1824);
#1822 = CARTESIAN_POINT('',(-7.496225862269E-13,19.22466394788,
    66.524990747593));
#1823 = DIRECTION('',(-5.947623346206E-16,0.5,-0.866025403784));
#1824 = DIRECTION('',(-1.,-2.973811673103E-16,5.150792909956E-16));
#1825 = DEFINITIONAL_REPRESENTATION('',(#1826),#1830);
#1826 = LINE('',#1827,#1828);
#1827 = CARTESIAN_POINT('',(3.14159265359,1.));
#1828 = VECTOR('',#1829,1.);
#1829 = DIRECTION('',(-1.,0.));
#1830 = ( GEOMETRIC_REPRESENTATION_CONTEXT(2) 
PARAMETRIC_REPRESENTATION_CONTEXT() REPRESENTATION_CONTEXT('2D SPACE',''
  ) );
#1831 = ORIENTED_EDGE('',*,*,#1694,.T.);
#1832 = ORIENTED_EDGE('',*,*,#1833,.T.);
#1833 = EDGE_CURVE('',#1697,#1778,#1834,.T.);
#1834 = SURFACE_CURVE('',#1835,(#1840,#1847),.PCURVE_S1.);
#1835 = CIRCLE('',#1836,19.284210105952);
#1836 = AXIS2_PLACEMENT_3D('',#1837,#1838,#1839);
#1837 = CARTESIAN_POINT('',(-7.620570841027E-13,29.22466394788,
    49.204482671904));
#1838 = DIRECTION('',(5.947623346206E-16,-0.5,0.866025403784));
#1839 = DIRECTION('',(1.,2.973811673103E-16,-5.150792909956E-16));
#1840 = PCURVE('',#1712,#1841);
#1841 = DEFINITIONAL_REPRESENTATION('',(#1842),#1846);
#1842 = LINE('',#1843,#1844);
#1843 = CARTESIAN_POINT('',(3.14159265359,20.));
#1844 = VECTOR('',#1845,1.);
#1845 = DIRECTION('',(-1.,0.));
#1846 = ( GEOMETRIC_REPRESENTATION_CONTEXT(2) 
PARAMETRIC_REPRESENTATION_CONTEXT() REPRESENTATION_CONTEXT('2D SPACE',''
  ) );
#1847 = PCURVE('',#128,#1848);
#1848 = DEFINITIONAL_REPRESENTATION('',(#1849),#1853);
#1849 = CIRCLE('',#1850,19.284210105952);
#1850 = AXIS2_PLACEMENT_2D('',#1851,#1852);
#1851 = CARTESIAN_POINT('',(-7.61168905683E-13,-9.849898674474E-13));
#1852 = DIRECTION('',(1.,0.));
#1853 = ( GEOMETRIC_REPRESENTATION_CONTEXT(2) 
PARAMETRIC_REPRESENTATION_CONTEXT() REPRESENTATION_CONTEXT('2D SPACE',''
  ) );
#1854 = ADVANCED_FACE('',(#1855),#1793,.F.);
#1855 = FACE_BOUND('',#1856,.T.);
#1856 = EDGE_LOOP('',(#1857,#1887,#1913,#1914));
#1857 = ORIENTED_EDGE('',*,*,#1858,.F.);
#1858 = EDGE_CURVE('',#1859,#1861,#1863,.T.);
#1859 = VERTEX_POINT('',#1860);
#1860 = CARTESIAN_POINT('',(9.717500782081,33.457679148664,
    73.587725366766));
#1861 = VERTEX_POINT('',#1862);
#1862 = CARTESIAN_POINT('',(9.717500782081,42.957679148664,
    57.133242694862));
#1863 = SURFACE_CURVE('',#1864,(#1868,#1875),.PCURVE_S1.);
#1864 = LINE('',#1865,#1866);
#1865 = CARTESIAN_POINT('',(9.717500782081,32.957679148664,
    74.453750770551));
#1866 = VECTOR('',#1867,1.);
#1867 = DIRECTION('',(-5.947623346206E-16,0.5,-0.866025403784));
#1868 = PCURVE('',#1793,#1869);
#1869 = DEFINITIONAL_REPRESENTATION('',(#1870),#1874);
#1870 = LINE('',#1871,#1872);
#1871 = CARTESIAN_POINT('',(-0.515902684074,0.));
#1872 = VECTOR('',#1873,1.);
#1873 = DIRECTION('',(0.,-1.));
#1874 = ( GEOMETRIC_REPRESENTATION_CONTEXT(2) 
PARAMETRIC_REPRESENTATION_CONTEXT() REPRESENTATION_CONTEXT('2D SPACE',''
  ) );
#1875 = PCURVE('',#1876,#1881);
#1876 = PLANE('',#1877);
#1877 = AXIS2_PLACEMENT_3D('',#1878,#1879,#1880);
#1878 = CARTESIAN_POINT('',(9.558078085259,33.382596772892,
    74.699077075282));
#1879 = DIRECTION('',(0.951056516295,0.26761656733,0.154508497187));
#1880 = DIRECTION('',(-0.309016994375,0.823639103546,0.475528258148));
#1881 = DEFINITIONAL_REPRESENTATION('',(#1882),#1886);
#1882 = LINE('',#1883,#1884);
#1883 = CARTESIAN_POINT('',(-0.515902684074,0.));
#1884 = VECTOR('',#1885,1.);
#1885 = DIRECTION('',(0.,-1.));
#1886 = ( GEOMETRIC_REPRESENTATION_CONTEXT(2) 
PARAMETRIC_REPRESENTATION_CONTEXT() REPRESENTATION_CONTEXT('2D SPACE',''
  ) );
#1887 = ORIENTED_EDGE('',*,*,#1888,.T.);
#1888 = EDGE_CURVE('',#1859,#1776,#1889,.T.);
#1889 = SURFACE_CURVE('',#1890,(#1894,#1901),.PCURVE_S1.);
#1890 = LINE('',#1891,#1892);
#1891 = CARTESIAN_POINT('',(10.736602913966,33.597464240493,
    73.668430327162));
#1892 = VECTOR('',#1893,1.);
#1893 = DIRECTION('',(0.987688340595,0.135476220752,7.821723252011E-02)
  );
#1894 = PCURVE('',#1793,#1895);
#1895 = DEFINITIONAL_REPRESENTATION('',(#1896),#1900);
#1896 = LINE('',#1897,#1898);
#1897 = CARTESIAN_POINT('',(0.515902684074,-1.));
#1898 = VECTOR('',#1899,1.);
#1899 = DIRECTION('',(1.,0.));
#1900 = ( GEOMETRIC_REPRESENTATION_CONTEXT(2) 
PARAMETRIC_REPRESENTATION_CONTEXT() REPRESENTATION_CONTEXT('2D SPACE',''
  ) );
#1901 = PCURVE('',#1902,#1907);
#1902 = PLANE('',#1903);
#1903 = AXIS2_PLACEMENT_3D('',#1904,#1905,#1906);
#1904 = CARTESIAN_POINT('',(-2.055882955784,30.465963050675,
    73.015157810633));
#1905 = DIRECTION('',(-0.110615871041,0.251279724245,0.961572997363));
#1906 = DIRECTION('',(0.987688340595,0.135476220752,7.821723252011E-02)
  );
#1907 = DEFINITIONAL_REPRESENTATION('',(#1908),#1912);
#1908 = LINE('',#1909,#1910);
#1909 = CARTESIAN_POINT('',(13.110330255582,1.414213562373));
#1910 = VECTOR('',#1911,1.);
#1911 = DIRECTION('',(1.,6.245004513517E-17));
#1912 = ( GEOMETRIC_REPRESENTATION_CONTEXT(2) 
PARAMETRIC_REPRESENTATION_CONTEXT() REPRESENTATION_CONTEXT('2D SPACE',''
  ) );
#1913 = ORIENTED_EDGE('',*,*,#1775,.T.);
#1914 = ORIENTED_EDGE('',*,*,#1915,.T.);
#1915 = EDGE_CURVE('',#1778,#1861,#1916,.T.);
#1916 = SURFACE_CURVE('',#1917,(#1921,#1928),.PCURVE_S1.);
#1917 = LINE('',#1918,#1919);
#1918 = CARTESIAN_POINT('',(10.227051848023,43.027571694578,
    57.17359517506));
#1919 = VECTOR('',#1920,1.);
#1920 = DIRECTION('',(-0.987688340595,-0.135476220752,
    -7.821723252011E-02));
#1921 = PCURVE('',#1793,#1922);
#1922 = DEFINITIONAL_REPRESENTATION('',(#1923),#1927);
#1923 = LINE('',#1924,#1925);
#1924 = CARTESIAN_POINT('',(0.,-20.));
#1925 = VECTOR('',#1926,1.);
#1926 = DIRECTION('',(-1.,0.));
#1927 = ( GEOMETRIC_REPRESENTATION_CONTEXT(2) 
PARAMETRIC_REPRESENTATION_CONTEXT() REPRESENTATION_CONTEXT('2D SPACE',''
  ) );
#1928 = PCURVE('',#128,#1929);
#1929 = DEFINITIONAL_REPRESENTATION('',(#1930),#1934);
#1930 = LINE('',#1931,#1932);
#1931 = CARTESIAN_POINT('',(10.227051848024,15.938225006311));
#1932 = VECTOR('',#1933,1.);
#1933 = DIRECTION('',(-0.987688340595,-0.15643446504));
#1934 = ( GEOMETRIC_REPRESENTATION_CONTEXT(2) 
PARAMETRIC_REPRESENTATION_CONTEXT() REPRESENTATION_CONTEXT('2D SPACE',''
  ) );
#1935 = ADVANCED_FACE('',(#1936),#1876,.T.);
#1936 = FACE_BOUND('',#1937,.T.);
#1937 = EDGE_LOOP('',(#1938,#1968,#1994,#1995));
#1938 = ORIENTED_EDGE('',*,*,#1939,.F.);
#1939 = EDGE_CURVE('',#1940,#1942,#1944,.T.);
#1940 = VERTEX_POINT('',#1941);
#1941 = CARTESIAN_POINT('',(9.398655388436,34.30751439712,
    74.078377976229));
#1942 = VERTEX_POINT('',#1943);
#1943 = CARTESIAN_POINT('',(9.398655388436,43.80751439712,
    57.623895304325));
#1944 = SURFACE_CURVE('',#1945,(#1949,#1956),.PCURVE_S1.);
#1945 = LINE('',#1946,#1947);
#1946 = CARTESIAN_POINT('',(9.398655388436,33.80751439712,
    74.944403380014));
#1947 = VECTOR('',#1948,1.);
#1948 = DIRECTION('',(-5.947623346206E-16,0.5,-0.866025403784));
#1949 = PCURVE('',#1876,#1950);
#1950 = DEFINITIONAL_REPRESENTATION('',(#1951),#1955);
#1951 = LINE('',#1952,#1953);
#1952 = CARTESIAN_POINT('',(0.515902684074,0.));
#1953 = VECTOR('',#1954,1.);
#1954 = DIRECTION('',(0.,-1.));
#1955 = ( GEOMETRIC_REPRESENTATION_CONTEXT(2) 
PARAMETRIC_REPRESENTATION_CONTEXT() REPRESENTATION_CONTEXT('2D SPACE',''
  ) );
#1956 = PCURVE('',#1957,#1962);
#1957 = CYLINDRICAL_SURFACE('',#1958,19.284210105951);
#1958 = AXIS2_PLACEMENT_3D('',#1959,#1960,#1961);
#1959 = CARTESIAN_POINT('',(-3.250733016102E-13,19.22466394788,
    66.524990747593));
#1960 = DIRECTION('',(-5.947623346206E-16,0.5,-0.866025403784));
#1961 = DIRECTION('',(-1.,-2.973811673103E-16,5.150792909956E-16));
#1962 = DEFINITIONAL_REPRESENTATION('',(#1963),#1967);
#1963 = LINE('',#1964,#1965);
#1964 = CARTESIAN_POINT('',(2.079878140807,0.));
#1965 = VECTOR('',#1966,1.);
#1966 = DIRECTION('',(0.,1.));
#1967 = ( GEOMETRIC_REPRESENTATION_CONTEXT(2) 
PARAMETRIC_REPRESENTATION_CONTEXT() REPRESENTATION_CONTEXT('2D SPACE',''
  ) );
#1968 = ORIENTED_EDGE('',*,*,#1969,.T.);
#1969 = EDGE_CURVE('',#1940,#1859,#1970,.T.);
#1970 = SURFACE_CURVE('',#1971,(#1975,#1982),.PCURVE_S1.);
#1971 = LINE('',#1972,#1973);
#1972 = CARTESIAN_POINT('',(9.558078085259,33.882596772892,
    73.833051671498));
#1973 = VECTOR('',#1974,1.);
#1974 = DIRECTION('',(0.309016994375,-0.823639103546,-0.475528258148));
#1975 = PCURVE('',#1876,#1976);
#1976 = DEFINITIONAL_REPRESENTATION('',(#1977),#1981);
#1977 = LINE('',#1978,#1979);
#1978 = CARTESIAN_POINT('',(0.,-1.));
#1979 = VECTOR('',#1980,1.);
#1980 = DIRECTION('',(-1.,0.));
#1981 = ( GEOMETRIC_REPRESENTATION_CONTEXT(2) 
PARAMETRIC_REPRESENTATION_CONTEXT() REPRESENTATION_CONTEXT('2D SPACE',''
  ) );
#1982 = PCURVE('',#1983,#1988);
#1983 = PLANE('',#1984);
#1984 = AXIS2_PLACEMENT_3D('',#1985,#1986,#1987);
#1985 = CARTESIAN_POINT('',(9.558078085259,33.882596772892,
    73.833051671498));
#1986 = DIRECTION('',(-0.672498511964,0.164319901076,-0.721626441808));
#1987 = DIRECTION('',(0.309016994375,-0.823639103546,-0.475528258148));
#1988 = DEFINITIONAL_REPRESENTATION('',(#1989),#1993);
#1989 = LINE('',#1990,#1991);
#1990 = CARTESIAN_POINT('',(0.,0.));
#1991 = VECTOR('',#1992,1.);
#1992 = DIRECTION('',(1.,5.551115123126E-17));
#1993 = ( GEOMETRIC_REPRESENTATION_CONTEXT(2) 
PARAMETRIC_REPRESENTATION_CONTEXT() REPRESENTATION_CONTEXT('2D SPACE',''
  ) );
#1994 = ORIENTED_EDGE('',*,*,#1858,.T.);
#1995 = ORIENTED_EDGE('',*,*,#1996,.F.);
#1996 = EDGE_CURVE('',#1942,#1861,#1997,.T.);
#1997 = SURFACE_CURVE('',#1998,(#2002,#2009),.PCURVE_S1.);
#1998 = LINE('',#1999,#2000);
#1999 = CARTESIAN_POINT('',(9.558078085259,43.382596772892,
    57.378568999593));
#2000 = VECTOR('',#2001,1.);
#2001 = DIRECTION('',(0.309016994375,-0.823639103546,-0.475528258148));
#2002 = PCURVE('',#1876,#2003);
#2003 = DEFINITIONAL_REPRESENTATION('',(#2004),#2008);
#2004 = LINE('',#2005,#2006);
#2005 = CARTESIAN_POINT('',(0.,-20.));
#2006 = VECTOR('',#2007,1.);
#2007 = DIRECTION('',(-1.,0.));
#2008 = ( GEOMETRIC_REPRESENTATION_CONTEXT(2) 
PARAMETRIC_REPRESENTATION_CONTEXT() REPRESENTATION_CONTEXT('2D SPACE',''
  ) );
#2009 = PCURVE('',#128,#2010);
#2010 = DEFINITIONAL_REPRESENTATION('',(#2011),#2015);
#2011 = LINE('',#2012,#2013);
#2012 = CARTESIAN_POINT('',(9.558078085259,16.348172655378));
#2013 = VECTOR('',#2014,1.);
#2014 = DIRECTION('',(0.309016994375,-0.951056516295));
#2015 = ( GEOMETRIC_REPRESENTATION_CONTEXT(2) 
PARAMETRIC_REPRESENTATION_CONTEXT() REPRESENTATION_CONTEXT('2D SPACE',''
  ) );
#2016 = ADVANCED_FACE('',(#2017),#1957,.T.);
#2017 = FACE_BOUND('',#2018,.T.);
#2018 = EDGE_LOOP('',(#2019,#2049,#2076,#2077));
#2019 = ORIENTED_EDGE('',*,*,#2020,.F.);
#2020 = EDGE_CURVE('',#2021,#2023,#2025,.T.);
#2021 = VERTEX_POINT('',#2022);
#2022 = CARTESIAN_POINT('',(8.098504775865,34.8812214348,74.40960788887)
  );
#2023 = VERTEX_POINT('',#2024);
#2024 = CARTESIAN_POINT('',(8.098504775865,44.3812214348,57.955125216965
    ));
#2025 = SURFACE_CURVE('',#2026,(#2030,#2037),.PCURVE_S1.);
#2026 = LINE('',#2027,#2028);
#2027 = CARTESIAN_POINT('',(8.098504775865,34.3812214348,75.275633292654
    ));
#2028 = VECTOR('',#2029,1.);
#2029 = DIRECTION('',(-5.947623346206E-16,0.5,-0.866025403784));
#2030 = PCURVE('',#1957,#2031);
#2031 = DEFINITIONAL_REPRESENTATION('',(#2032),#2036);
#2032 = LINE('',#2033,#2034);
#2033 = CARTESIAN_POINT('',(2.00419230886,0.));
#2034 = VECTOR('',#2035,1.);
#2035 = DIRECTION('',(0.,1.));
#2036 = ( GEOMETRIC_REPRESENTATION_CONTEXT(2) 
PARAMETRIC_REPRESENTATION_CONTEXT() REPRESENTATION_CONTEXT('2D SPACE',''
  ) );
#2037 = PCURVE('',#2038,#2043);
#2038 = PLANE('',#2039);
#2039 = AXIS2_PLACEMENT_3D('',#2040,#2041,#2042);
#2040 = CARTESIAN_POINT('',(7.607852166402,34.243157329412,
    75.195921944243));
#2041 = DIRECTION('',(0.309016994375,-0.823639103546,-0.475528258148));
#2042 = DIRECTION('',(0.951056516295,0.26761656733,0.154508497187));
#2043 = DEFINITIONAL_REPRESENTATION('',(#2044),#2048);
#2044 = LINE('',#2045,#2046);
#2045 = CARTESIAN_POINT('',(0.515902684074,0.));
#2046 = VECTOR('',#2047,1.);
#2047 = DIRECTION('',(0.,-1.));
#2048 = ( GEOMETRIC_REPRESENTATION_CONTEXT(2) 
PARAMETRIC_REPRESENTATION_CONTEXT() REPRESENTATION_CONTEXT('2D SPACE',''
  ) );
#2049 = ORIENTED_EDGE('',*,*,#2050,.F.);
#2050 = EDGE_CURVE('',#1940,#2021,#2051,.T.);
#2051 = SURFACE_CURVE('',#2052,(#2057,#2064),.PCURVE_S1.);
#2052 = CIRCLE('',#2053,19.284210105951);
#2053 = AXIS2_PLACEMENT_3D('',#2054,#2055,#2056);
#2054 = CARTESIAN_POINT('',(-3.259614800299E-13,19.72466394788,
    65.658965343808));
#2055 = DIRECTION('',(5.947623346206E-16,-0.5,0.866025403784));
#2056 = DIRECTION('',(1.,2.973811673103E-16,-5.150792909956E-16));
#2057 = PCURVE('',#1957,#2058);
#2058 = DEFINITIONAL_REPRESENTATION('',(#2059),#2063);
#2059 = LINE('',#2060,#2061);
#2060 = CARTESIAN_POINT('',(3.14159265359,1.));
#2061 = VECTOR('',#2062,1.);
#2062 = DIRECTION('',(-1.,0.));
#2063 = ( GEOMETRIC_REPRESENTATION_CONTEXT(2) 
PARAMETRIC_REPRESENTATION_CONTEXT() REPRESENTATION_CONTEXT('2D SPACE',''
  ) );
#2064 = PCURVE('',#2065,#2070);
#2065 = CONICAL_SURFACE('',#2066,18.284210105951,0.785398163397);
#2066 = AXIS2_PLACEMENT_3D('',#2067,#2068,#2069);
#2067 = CARTESIAN_POINT('',(-3.250733016102E-13,19.22466394788,
    66.524990747593));
#2068 = DIRECTION('',(-5.947623346206E-16,0.5,-0.866025403784));
#2069 = DIRECTION('',(-1.,-2.973811673103E-16,5.150792909956E-16));
#2070 = DEFINITIONAL_REPRESENTATION('',(#2071),#2075);
#2071 = LINE('',#2072,#2073);
#2072 = CARTESIAN_POINT('',(3.14159265359,1.));
#2073 = VECTOR('',#2074,1.);
#2074 = DIRECTION('',(-1.,2.489383946701E-14));
#2075 = ( GEOMETRIC_REPRESENTATION_CONTEXT(2) 
PARAMETRIC_REPRESENTATION_CONTEXT() REPRESENTATION_CONTEXT('2D SPACE',''
  ) );
#2076 = ORIENTED_EDGE('',*,*,#1939,.T.);
#2077 = ORIENTED_EDGE('',*,*,#2078,.T.);
#2078 = EDGE_CURVE('',#1942,#2023,#2079,.T.);
#2079 = SURFACE_CURVE('',#2080,(#2085,#2092),.PCURVE_S1.);
#2080 = CIRCLE('',#2081,19.284210105951);
#2081 = AXIS2_PLACEMENT_3D('',#2082,#2083,#2084);
#2082 = CARTESIAN_POINT('',(-3.37507799486E-13,29.22466394788,
    49.204482671904));
#2083 = DIRECTION('',(5.947623346206E-16,-0.5,0.866025403784));
#2084 = DIRECTION('',(1.,2.973811673103E-16,-5.150792909956E-16));
#2085 = PCURVE('',#1957,#2086);
#2086 = DEFINITIONAL_REPRESENTATION('',(#2087),#2091);
#2087 = LINE('',#2088,#2089);
#2088 = CARTESIAN_POINT('',(3.14159265359,20.));
#2089 = VECTOR('',#2090,1.);
#2090 = DIRECTION('',(-1.,0.));
#2091 = ( GEOMETRIC_REPRESENTATION_CONTEXT(2) 
PARAMETRIC_REPRESENTATION_CONTEXT() REPRESENTATION_CONTEXT('2D SPACE',''
  ) );
#2092 = PCURVE('',#128,#2093);
#2093 = DEFINITIONAL_REPRESENTATION('',(#2094),#2098);
#2094 = CIRCLE('',#2095,19.284210105951);
#2095 = AXIS2_PLACEMENT_2D('',#2096,#2097);
#2096 = CARTESIAN_POINT('',(-3.366196210663E-13,-5.533351554732E-13));
#2097 = DIRECTION('',(1.,0.));
#2098 = ( GEOMETRIC_REPRESENTATION_CONTEXT(2) 
PARAMETRIC_REPRESENTATION_CONTEXT() REPRESENTATION_CONTEXT('2D SPACE',''
  ) );
#2099 = ADVANCED_FACE('',(#2100),#2038,.F.);
#2100 = FACE_BOUND('',#2101,.T.);
#2101 = EDGE_LOOP('',(#2102,#2132,#2158,#2159));
#2102 = ORIENTED_EDGE('',*,*,#2103,.F.);
#2103 = EDGE_CURVE('',#2104,#2106,#2108,.T.);
#2104 = VERTEX_POINT('',#2105);
#2105 = CARTESIAN_POINT('',(7.117199556939,34.605093224024,
    74.250185192047));
#2106 = VERTEX_POINT('',#2107);
#2107 = CARTESIAN_POINT('',(7.117199556939,44.105093224024,
    57.795702520143));
#2108 = SURFACE_CURVE('',#2109,(#2113,#2120),.PCURVE_S1.);
#2109 = LINE('',#2110,#2111);
#2110 = CARTESIAN_POINT('',(7.117199556939,34.105093224024,
    75.116210595832));
#2111 = VECTOR('',#2112,1.);
#2112 = DIRECTION('',(-5.947623346206E-16,0.5,-0.866025403784));
#2113 = PCURVE('',#2038,#2114);
#2114 = DEFINITIONAL_REPRESENTATION('',(#2115),#2119);
#2115 = LINE('',#2116,#2117);
#2116 = CARTESIAN_POINT('',(-0.515902684074,0.));
#2117 = VECTOR('',#2118,1.);
#2118 = DIRECTION('',(0.,-1.));
#2119 = ( GEOMETRIC_REPRESENTATION_CONTEXT(2) 
PARAMETRIC_REPRESENTATION_CONTEXT() REPRESENTATION_CONTEXT('2D SPACE',''
  ) );
#2120 = PCURVE('',#2121,#2126);
#2121 = PLANE('',#2122);
#2122 = AXIS2_PLACEMENT_3D('',#2123,#2124,#2125);
#2123 = CARTESIAN_POINT('',(6.882984639579,34.50318142272,75.34604692451
    ));
#2124 = DIRECTION('',(0.891006524188,0.393167305851,0.22699524987));
#2125 = DIRECTION('',(-0.45399049974,0.771634284885,0.445503262094));
#2126 = DEFINITIONAL_REPRESENTATION('',(#2127),#2131);
#2127 = LINE('',#2128,#2129);
#2128 = CARTESIAN_POINT('',(-0.515902684074,0.));
#2129 = VECTOR('',#2130,1.);
#2130 = DIRECTION('',(0.,-1.));
#2131 = ( GEOMETRIC_REPRESENTATION_CONTEXT(2) 
PARAMETRIC_REPRESENTATION_CONTEXT() REPRESENTATION_CONTEXT('2D SPACE',''
  ) );
#2132 = ORIENTED_EDGE('',*,*,#2133,.T.);
#2133 = EDGE_CURVE('',#2104,#2021,#2134,.T.);
#2134 = SURFACE_CURVE('',#2135,(#2139,#2146),.PCURVE_S1.);
#2135 = LINE('',#2136,#2137);
#2136 = CARTESIAN_POINT('',(8.098504775865,34.8812214348,74.40960788887)
  );
#2137 = VECTOR('',#2138,1.);
#2138 = DIRECTION('',(0.951056516295,0.26761656733,0.154508497187));
#2139 = PCURVE('',#2038,#2140);
#2140 = DEFINITIONAL_REPRESENTATION('',(#2141),#2145);
#2141 = LINE('',#2142,#2143);
#2142 = CARTESIAN_POINT('',(0.515902684074,-1.));
#2143 = VECTOR('',#2144,1.);
#2144 = DIRECTION('',(1.,0.));
#2145 = ( GEOMETRIC_REPRESENTATION_CONTEXT(2) 
PARAMETRIC_REPRESENTATION_CONTEXT() REPRESENTATION_CONTEXT('2D SPACE',''
  ) );
#2146 = PCURVE('',#2147,#2152);
#2147 = PLANE('',#2148);
#2148 = AXIS2_PLACEMENT_3D('',#2149,#2150,#2151);
#2149 = CARTESIAN_POINT('',(-4.061143250113,30.049040751695,
    72.774447609085));
#2150 = DIRECTION('',(-0.218508012224,0.228847404775,0.948621691678));
#2151 = DIRECTION('',(0.951056516295,0.26761656733,0.154508497187));
#2152 = DEFINITIONAL_REPRESENTATION('',(#2153),#2157);
#2153 = LINE('',#2154,#2155);
#2154 = CARTESIAN_POINT('',(13.110330255582,1.414213562373));
#2155 = VECTOR('',#2156,1.);
#2156 = DIRECTION('',(1.,2.775557561563E-17));
#2157 = ( GEOMETRIC_REPRESENTATION_CONTEXT(2) 
PARAMETRIC_REPRESENTATION_CONTEXT() REPRESENTATION_CONTEXT('2D SPACE',''
  ) );
#2158 = ORIENTED_EDGE('',*,*,#2020,.T.);
#2159 = ORIENTED_EDGE('',*,*,#2160,.T.);
#2160 = EDGE_CURVE('',#2023,#2106,#2161,.T.);
#2161 = SURFACE_CURVE('',#2162,(#2166,#2173),.PCURVE_S1.);
#2162 = LINE('',#2163,#2164);
#2163 = CARTESIAN_POINT('',(7.607852166402,44.243157329412,
    57.875413868554));
#2164 = VECTOR('',#2165,1.);
#2165 = DIRECTION('',(-0.951056516295,-0.26761656733,-0.154508497187));
#2166 = PCURVE('',#2038,#2167);
#2167 = DEFINITIONAL_REPRESENTATION('',(#2168),#2172);
#2168 = LINE('',#2169,#2170);
#2169 = CARTESIAN_POINT('',(0.,-20.));
#2170 = VECTOR('',#2171,1.);
#2171 = DIRECTION('',(-1.,0.));
#2172 = ( GEOMETRIC_REPRESENTATION_CONTEXT(2) 
PARAMETRIC_REPRESENTATION_CONTEXT() REPRESENTATION_CONTEXT('2D SPACE',''
  ) );
#2173 = PCURVE('',#128,#2174);
#2174 = DEFINITIONAL_REPRESENTATION('',(#2175),#2179);
#2175 = LINE('',#2176,#2177);
#2176 = CARTESIAN_POINT('',(7.607852166402,17.3418623933));
#2177 = VECTOR('',#2178,1.);
#2178 = DIRECTION('',(-0.951056516295,-0.309016994375));
#2179 = ( GEOMETRIC_REPRESENTATION_CONTEXT(2) 
PARAMETRIC_REPRESENTATION_CONTEXT() REPRESENTATION_CONTEXT('2D SPACE',''
  ) );
#2180 = ADVANCED_FACE('',(#2181),#2121,.T.);
#2181 = FACE_BOUND('',#2182,.T.);
#2182 = EDGE_LOOP('',(#2183,#2213,#2239,#2240));
#2183 = ORIENTED_EDGE('',*,*,#2184,.F.);
#2184 = EDGE_CURVE('',#2185,#2187,#2189,.T.);
#2185 = VERTEX_POINT('',#2186);
#2186 = CARTESIAN_POINT('',(6.648769722219,35.401269621416,
    74.709857849404));
#2187 = VERTEX_POINT('',#2188);
#2188 = CARTESIAN_POINT('',(6.648769722219,44.901269621416,
    58.255375177499));
#2189 = SURFACE_CURVE('',#2190,(#2194,#2201),.PCURVE_S1.);
#2190 = LINE('',#2191,#2192);
#2191 = CARTESIAN_POINT('',(6.648769722219,34.901269621416,
    75.575883253188));
#2192 = VECTOR('',#2193,1.);
#2193 = DIRECTION('',(-5.947623346206E-16,0.5,-0.866025403784));
#2194 = PCURVE('',#2121,#2195);
#2195 = DEFINITIONAL_REPRESENTATION('',(#2196),#2200);
#2196 = LINE('',#2197,#2198);
#2197 = CARTESIAN_POINT('',(0.515902684074,0.));
#2198 = VECTOR('',#2199,1.);
#2199 = DIRECTION('',(0.,-1.));
#2200 = ( GEOMETRIC_REPRESENTATION_CONTEXT(2) 
PARAMETRIC_REPRESENTATION_CONTEXT() REPRESENTATION_CONTEXT('2D SPACE',''
  ) );
#2201 = PCURVE('',#2202,#2207);
#2202 = CYLINDRICAL_SURFACE('',#2203,19.284210105953);
#2203 = AXIS2_PLACEMENT_3D('',#2204,#2205,#2206);
#2204 = CARTESIAN_POINT('',(-6.892264536873E-13,19.224663947879,
    66.524990747592));
#2205 = DIRECTION('',(-5.947623346206E-16,0.5,-0.866025403784));
#2206 = DIRECTION('',(-1.,-2.973811673103E-16,5.150792909956E-16));
#2207 = DEFINITIONAL_REPRESENTATION('',(#2208),#2212);
#2208 = LINE('',#2209,#2210);
#2209 = CARTESIAN_POINT('',(1.922798508127,0.));
#2210 = VECTOR('',#2211,1.);
#2211 = DIRECTION('',(0.,1.));
#2212 = ( GEOMETRIC_REPRESENTATION_CONTEXT(2) 
PARAMETRIC_REPRESENTATION_CONTEXT() REPRESENTATION_CONTEXT('2D SPACE',''
  ) );
#2213 = ORIENTED_EDGE('',*,*,#2214,.T.);
#2214 = EDGE_CURVE('',#2185,#2104,#2215,.T.);
#2215 = SURFACE_CURVE('',#2216,(#2220,#2227),.PCURVE_S1.);
#2216 = LINE('',#2217,#2218);
#2217 = CARTESIAN_POINT('',(6.882984639579,35.00318142272,
    74.480021520725));
#2218 = VECTOR('',#2219,1.);
#2219 = DIRECTION('',(0.45399049974,-0.771634284885,-0.445503262094));
#2220 = PCURVE('',#2121,#2221);
#2221 = DEFINITIONAL_REPRESENTATION('',(#2222),#2226);
#2222 = LINE('',#2223,#2224);
#2223 = CARTESIAN_POINT('',(0.,-1.));
#2224 = VECTOR('',#2225,1.);
#2225 = DIRECTION('',(-1.,0.));
#2226 = ( GEOMETRIC_REPRESENTATION_CONTEXT(2) 
PARAMETRIC_REPRESENTATION_CONTEXT() REPRESENTATION_CONTEXT('2D SPACE',''
  ) );
#2227 = PCURVE('',#2228,#2233);
#2228 = PLANE('',#2229);
#2229 = AXIS2_PLACEMENT_3D('',#2230,#2231,#2232);
#2230 = CARTESIAN_POINT('',(6.882984639579,35.00318142272,
    74.480021520725));
#2231 = DIRECTION('',(-0.630036755335,7.554212248502E-02,-0.772882316176
    ));
#2232 = DIRECTION('',(0.45399049974,-0.771634284885,-0.445503262094));
#2233 = DEFINITIONAL_REPRESENTATION('',(#2234),#2238);
#2234 = LINE('',#2235,#2236);
#2235 = CARTESIAN_POINT('',(0.,0.));
#2236 = VECTOR('',#2237,1.);
#2237 = DIRECTION('',(1.,1.110223024625E-16));
#2238 = ( GEOMETRIC_REPRESENTATION_CONTEXT(2) 
PARAMETRIC_REPRESENTATION_CONTEXT() REPRESENTATION_CONTEXT('2D SPACE',''
  ) );
#2239 = ORIENTED_EDGE('',*,*,#2103,.T.);
#2240 = ORIENTED_EDGE('',*,*,#2241,.F.);
#2241 = EDGE_CURVE('',#2187,#2106,#2242,.T.);
#2242 = SURFACE_CURVE('',#2243,(#2247,#2254),.PCURVE_S1.);
#2243 = LINE('',#2244,#2245);
#2244 = CARTESIAN_POINT('',(6.882984639579,44.50318142272,
    58.025538848821));
#2245 = VECTOR('',#2246,1.);
#2246 = DIRECTION('',(0.45399049974,-0.771634284885,-0.445503262094));
#2247 = PCURVE('',#2121,#2248);
#2248 = DEFINITIONAL_REPRESENTATION('',(#2249),#2253);
#2249 = LINE('',#2250,#2251);
#2250 = CARTESIAN_POINT('',(0.,-20.));
#2251 = VECTOR('',#2252,1.);
#2252 = DIRECTION('',(-1.,0.));
#2253 = ( GEOMETRIC_REPRESENTATION_CONTEXT(2) 
PARAMETRIC_REPRESENTATION_CONTEXT() REPRESENTATION_CONTEXT('2D SPACE',''
  ) );
#2254 = PCURVE('',#128,#2255);
#2255 = DEFINITIONAL_REPRESENTATION('',(#2256),#2260);
#2256 = LINE('',#2257,#2258);
#2257 = CARTESIAN_POINT('',(6.882984639579,17.642112353833));
#2258 = VECTOR('',#2259,1.);
#2259 = DIRECTION('',(0.45399049974,-0.891006524188));
#2260 = ( GEOMETRIC_REPRESENTATION_CONTEXT(2) 
PARAMETRIC_REPRESENTATION_CONTEXT() REPRESENTATION_CONTEXT('2D SPACE',''
  ) );
#2261 = ADVANCED_FACE('',(#2262),#2202,.T.);
#2262 = FACE_BOUND('',#2263,.T.);
#2263 = EDGE_LOOP('',(#2264,#2294,#2321,#2322));
#2264 = ORIENTED_EDGE('',*,*,#2265,.F.);
#2265 = EDGE_CURVE('',#2266,#2268,#2270,.T.);
#2266 = VERTEX_POINT('',#2267);
#2267 = CARTESIAN_POINT('',(5.260994572786,35.791773882049,74.9353155894
    ));
#2268 = VERTEX_POINT('',#2269);
#2269 = CARTESIAN_POINT('',(5.260994572786,45.291773882049,
    58.480832917496));
#2270 = SURFACE_CURVE('',#2271,(#2275,#2282),.PCURVE_S1.);
#2271 = LINE('',#2272,#2273);
#2272 = CARTESIAN_POINT('',(5.260994572786,35.291773882049,
    75.801340993185));
#2273 = VECTOR('',#2274,1.);
#2274 = DIRECTION('',(-5.947623346206E-16,0.5,-0.866025403784));
#2275 = PCURVE('',#2202,#2276);
#2276 = DEFINITIONAL_REPRESENTATION('',(#2277),#2281);
#2277 = LINE('',#2278,#2279);
#2278 = CARTESIAN_POINT('',(1.84711267618,0.));
#2279 = VECTOR('',#2280,1.);
#2280 = DIRECTION('',(0.,1.));
#2281 = ( GEOMETRIC_REPRESENTATION_CONTEXT(2) 
PARAMETRIC_REPRESENTATION_CONTEXT() REPRESENTATION_CONTEXT('2D SPACE',''
  ) );
#2282 = PCURVE('',#2283,#2288);
#2283 = PLANE('',#2284);
#2284 = AXIS2_PLACEMENT_3D('',#2285,#2286,#2287);
#2285 = CARTESIAN_POINT('',(4.801321915429,35.088937813671,
    75.684233534505));
#2286 = DIRECTION('',(0.45399049974,-0.771634284885,-0.445503262094));
#2287 = DIRECTION('',(0.891006524188,0.393167305851,0.22699524987));
#2288 = DEFINITIONAL_REPRESENTATION('',(#2289),#2293);
#2289 = LINE('',#2290,#2291);
#2290 = CARTESIAN_POINT('',(0.515902684074,0.));
#2291 = VECTOR('',#2292,1.);
#2292 = DIRECTION('',(0.,-1.));
#2293 = ( GEOMETRIC_REPRESENTATION_CONTEXT(2) 
PARAMETRIC_REPRESENTATION_CONTEXT() REPRESENTATION_CONTEXT('2D SPACE',''
  ) );
#2294 = ORIENTED_EDGE('',*,*,#2295,.F.);
#2295 = EDGE_CURVE('',#2185,#2266,#2296,.T.);
#2296 = SURFACE_CURVE('',#2297,(#2302,#2309),.PCURVE_S1.);
#2297 = CIRCLE('',#2298,19.284210105953);
#2298 = AXIS2_PLACEMENT_3D('',#2299,#2300,#2301);
#2299 = CARTESIAN_POINT('',(-6.90114632107E-13,19.724663947879,
    65.658965343808));
#2300 = DIRECTION('',(5.947623346206E-16,-0.5,0.866025403784));
#2301 = DIRECTION('',(1.,2.973811673103E-16,-5.150792909956E-16));
#2302 = PCURVE('',#2202,#2303);
#2303 = DEFINITIONAL_REPRESENTATION('',(#2304),#2308);
#2304 = LINE('',#2305,#2306);
#2305 = CARTESIAN_POINT('',(3.14159265359,1.));
#2306 = VECTOR('',#2307,1.);
#2307 = DIRECTION('',(-1.,0.));
#2308 = ( GEOMETRIC_REPRESENTATION_CONTEXT(2) 
PARAMETRIC_REPRESENTATION_CONTEXT() REPRESENTATION_CONTEXT('2D SPACE',''
  ) );
#2309 = PCURVE('',#2310,#2315);
#2310 = CONICAL_SURFACE('',#2311,18.284210105953,0.785398163397);
#2311 = AXIS2_PLACEMENT_3D('',#2312,#2313,#2314);
#2312 = CARTESIAN_POINT('',(-6.892264536873E-13,19.224663947879,
    66.524990747592));
#2313 = DIRECTION('',(-5.947623346206E-16,0.5,-0.866025403784));
#2314 = DIRECTION('',(-1.,-2.973811673103E-16,5.150792909956E-16));
#2315 = DEFINITIONAL_REPRESENTATION('',(#2316),#2320);
#2316 = LINE('',#2317,#2318);
#2317 = CARTESIAN_POINT('',(3.14159265359,1.));
#2318 = VECTOR('',#2319,1.);
#2319 = DIRECTION('',(-1.,2.281935284476E-14));
#2320 = ( GEOMETRIC_REPRESENTATION_CONTEXT(2) 
PARAMETRIC_REPRESENTATION_CONTEXT() REPRESENTATION_CONTEXT('2D SPACE',''
  ) );
#2321 = ORIENTED_EDGE('',*,*,#2184,.T.);
#2322 = ORIENTED_EDGE('',*,*,#2323,.T.);
#2323 = EDGE_CURVE('',#2187,#2268,#2324,.T.);
#2324 = SURFACE_CURVE('',#2325,(#2330,#2337),.PCURVE_S1.);
#2325 = CIRCLE('',#2326,19.284210105953);
#2326 = AXIS2_PLACEMENT_3D('',#2327,#2328,#2329);
#2327 = CARTESIAN_POINT('',(-7.016609515631E-13,29.224663947879,
    49.204482671903));
#2328 = DIRECTION('',(5.947623346206E-16,-0.5,0.866025403784));
#2329 = DIRECTION('',(1.,2.973811673103E-16,-5.150792909956E-16));
#2330 = PCURVE('',#2202,#2331);
#2331 = DEFINITIONAL_REPRESENTATION('',(#2332),#2336);
#2332 = LINE('',#2333,#2334);
#2333 = CARTESIAN_POINT('',(3.14159265359,20.));
#2334 = VECTOR('',#2335,1.);
#2335 = DIRECTION('',(-1.,0.));
#2336 = ( GEOMETRIC_REPRESENTATION_CONTEXT(2) 
PARAMETRIC_REPRESENTATION_CONTEXT() REPRESENTATION_CONTEXT('2D SPACE',''
  ) );
#2337 = PCURVE('',#128,#2338);
#2338 = DEFINITIONAL_REPRESENTATION('',(#2339),#2343);
#2339 = CIRCLE('',#2340,19.284210105953);
#2340 = AXIS2_PLACEMENT_2D('',#2341,#2342);
#2341 = CARTESIAN_POINT('',(-7.007727731434E-13,-2.25153229394E-12));
#2342 = DIRECTION('',(1.,0.));
#2343 = ( GEOMETRIC_REPRESENTATION_CONTEXT(2) 
PARAMETRIC_REPRESENTATION_CONTEXT() REPRESENTATION_CONTEXT('2D SPACE',''
  ) );
#2344 = ADVANCED_FACE('',(#2345),#2283,.F.);
#2345 = FACE_BOUND('',#2346,.T.);
#2346 = EDGE_LOOP('',(#2347,#2377,#2403,#2404));
#2347 = ORIENTED_EDGE('',*,*,#2348,.F.);
#2348 = EDGE_CURVE('',#2349,#2351,#2353,.T.);
#2349 = VERTEX_POINT('',#2350);
#2350 = CARTESIAN_POINT('',(4.341649258073,35.386101745292,
    74.70110067204));
#2351 = VERTEX_POINT('',#2352);
#2352 = CARTESIAN_POINT('',(4.341649258073,44.886101745292,
    58.246618000136));
#2353 = SURFACE_CURVE('',#2354,(#2358,#2365),.PCURVE_S1.);
#2354 = LINE('',#2355,#2356);
#2355 = CARTESIAN_POINT('',(4.341649258073,34.886101745292,
    75.567126075825));
#2356 = VECTOR('',#2357,1.);
#2357 = DIRECTION('',(-5.947623346206E-16,0.5,-0.866025403784));
#2358 = PCURVE('',#2283,#2359);
#2359 = DEFINITIONAL_REPRESENTATION('',(#2360),#2364);
#2360 = LINE('',#2361,#2362);
#2361 = CARTESIAN_POINT('',(-0.515902684074,0.));
#2362 = VECTOR('',#2363,1.);
#2363 = DIRECTION('',(0.,-1.));
#2364 = ( GEOMETRIC_REPRESENTATION_CONTEXT(2) 
PARAMETRIC_REPRESENTATION_CONTEXT() REPRESENTATION_CONTEXT('2D SPACE',''
  ) );
#2365 = PCURVE('',#2366,#2371);
#2366 = PLANE('',#2367);
#2367 = AXIS2_PLACEMENT_3D('',#2368,#2369,#2370);
#2368 = CARTESIAN_POINT('',(4.038409268756,35.247558265824,
    75.775813095255));
#2369 = DIRECTION('',(0.809016994375,0.509036960455,0.293892626146));
#2370 = DIRECTION('',(-0.587785252292,0.700629269222,0.404508497187));
#2371 = DEFINITIONAL_REPRESENTATION('',(#2372),#2376);
#2372 = LINE('',#2373,#2374);
#2373 = CARTESIAN_POINT('',(-0.515902684074,0.));
#2374 = VECTOR('',#2375,1.);
#2375 = DIRECTION('',(0.,-1.));
#2376 = ( GEOMETRIC_REPRESENTATION_CONTEXT(2) 
PARAMETRIC_REPRESENTATION_CONTEXT() REPRESENTATION_CONTEXT('2D SPACE',''
  ) );
#2377 = ORIENTED_EDGE('',*,*,#2378,.T.);
#2378 = EDGE_CURVE('',#2349,#2266,#2379,.T.);
#2379 = SURFACE_CURVE('',#2380,(#2384,#2391),.PCURVE_S1.);
#2380 = LINE('',#2381,#2382);
#2381 = CARTESIAN_POINT('',(5.260994572786,35.791773882049,74.9353155894
    ));
#2382 = VECTOR('',#2383,1.);
#2383 = DIRECTION('',(0.891006524188,0.393167305851,0.22699524987));
#2384 = PCURVE('',#2283,#2385);
#2385 = DEFINITIONAL_REPRESENTATION('',(#2386),#2390);
#2386 = LINE('',#2387,#2388);
#2387 = CARTESIAN_POINT('',(0.515902684074,-1.));
#2388 = VECTOR('',#2389,1.);
#2389 = DIRECTION('',(1.,0.));
#2390 = ( GEOMETRIC_REPRESENTATION_CONTEXT(2) 
PARAMETRIC_REPRESENTATION_CONTEXT() REPRESENTATION_CONTEXT('2D SPACE',''
  ) );
#2391 = PCURVE('',#2392,#2397);
#2392 = PLANE('',#2393);
#2393 = AXIS2_PLACEMENT_3D('',#2394,#2395,#2396);
#2394 = CARTESIAN_POINT('',(-5.966404719462,29.365586371757,
    72.379855038849));
#2395 = DIRECTION('',(-0.32101976096,0.192074444845,0.927390813363));
#2396 = DIRECTION('',(0.891006524188,0.393167305851,0.22699524987));
#2397 = DEFINITIONAL_REPRESENTATION('',(#2398),#2402);
#2398 = LINE('',#2399,#2400);
#2399 = CARTESIAN_POINT('',(13.110330255582,1.414213562373));
#2400 = VECTOR('',#2401,1.);
#2401 = DIRECTION('',(1.,1.110223024625E-16));
#2402 = ( GEOMETRIC_REPRESENTATION_CONTEXT(2) 
PARAMETRIC_REPRESENTATION_CONTEXT() REPRESENTATION_CONTEXT('2D SPACE',''
  ) );
#2403 = ORIENTED_EDGE('',*,*,#2265,.T.);
#2404 = ORIENTED_EDGE('',*,*,#2405,.T.);
#2405 = EDGE_CURVE('',#2268,#2351,#2406,.T.);
#2406 = SURFACE_CURVE('',#2407,(#2411,#2418),.PCURVE_S1.);
#2407 = LINE('',#2408,#2409);
#2408 = CARTESIAN_POINT('',(4.801321915429,45.088937813671,
    58.363725458816));
#2409 = VECTOR('',#2410,1.);
#2410 = DIRECTION('',(-0.891006524188,-0.393167305851,-0.22699524987));
#2411 = PCURVE('',#2283,#2412);
#2412 = DEFINITIONAL_REPRESENTATION('',(#2413),#2417);
#2413 = LINE('',#2414,#2415);
#2414 = CARTESIAN_POINT('',(0.,-20.));
#2415 = VECTOR('',#2416,1.);
#2416 = DIRECTION('',(-1.,0.));
#2417 = ( GEOMETRIC_REPRESENTATION_CONTEXT(2) 
PARAMETRIC_REPRESENTATION_CONTEXT() REPRESENTATION_CONTEXT('2D SPACE',''
  ) );
#2418 = PCURVE('',#128,#2419);
#2419 = DEFINITIONAL_REPRESENTATION('',(#2420),#2424);
#2420 = LINE('',#2421,#2422);
#2421 = CARTESIAN_POINT('',(4.801321915429,18.318485573823));
#2422 = VECTOR('',#2423,1.);
#2423 = DIRECTION('',(-0.891006524188,-0.45399049974));
#2424 = ( GEOMETRIC_REPRESENTATION_CONTEXT(2) 
PARAMETRIC_REPRESENTATION_CONTEXT() REPRESENTATION_CONTEXT('2D SPACE',''
  ) );
#2425 = ADVANCED_FACE('',(#2426),#2366,.T.);
#2426 = FACE_BOUND('',#2427,.T.);
#2427 = EDGE_LOOP('',(#2428,#2458,#2484,#2485));
#2428 = ORIENTED_EDGE('',*,*,#2429,.F.);
#2429 = EDGE_CURVE('',#2430,#2432,#2434,.T.);
#2430 = VERTEX_POINT('',#2431);
#2431 = CARTESIAN_POINT('',(3.735169279439,36.109014786357,75.1184747109
    ));
#2432 = VERTEX_POINT('',#2433);
#2433 = CARTESIAN_POINT('',(3.735169279439,45.609014786357,
    58.663992038996));
#2434 = SURFACE_CURVE('',#2435,(#2439,#2446),.PCURVE_S1.);
#2435 = LINE('',#2436,#2437);
#2436 = CARTESIAN_POINT('',(3.735169279439,35.609014786357,
    75.984500114685));
#2437 = VECTOR('',#2438,1.);
#2438 = DIRECTION('',(-5.947623346206E-16,0.5,-0.866025403784));
#2439 = PCURVE('',#2366,#2440);
#2440 = DEFINITIONAL_REPRESENTATION('',(#2441),#2445);
#2441 = LINE('',#2442,#2443);
#2442 = CARTESIAN_POINT('',(0.515902684074,0.));
#2443 = VECTOR('',#2444,1.);
#2444 = DIRECTION('',(0.,-1.));
#2445 = ( GEOMETRIC_REPRESENTATION_CONTEXT(2) 
PARAMETRIC_REPRESENTATION_CONTEXT() REPRESENTATION_CONTEXT('2D SPACE',''
  ) );
#2446 = PCURVE('',#2447,#2452);
#2447 = CYLINDRICAL_SURFACE('',#2448,19.284210105952);
#2448 = AXIS2_PLACEMENT_3D('',#2449,#2450,#2451);
#2449 = CARTESIAN_POINT('',(-3.090860900556E-13,19.224663947879,
    66.524990747592));
#2450 = DIRECTION('',(-5.947623346206E-16,0.5,-0.866025403784));
#2451 = DIRECTION('',(-1.,-2.973811673103E-16,5.150792909956E-16));
#2452 = DEFINITIONAL_REPRESENTATION('',(#2453),#2457);
#2453 = LINE('',#2454,#2455);
#2454 = CARTESIAN_POINT('',(1.765718875448,0.));
#2455 = VECTOR('',#2456,1.);
#2456 = DIRECTION('',(0.,1.));
#2457 = ( GEOMETRIC_REPRESENTATION_CONTEXT(2) 
PARAMETRIC_REPRESENTATION_CONTEXT() REPRESENTATION_CONTEXT('2D SPACE',''
  ) );
#2458 = ORIENTED_EDGE('',*,*,#2459,.T.);
#2459 = EDGE_CURVE('',#2430,#2349,#2460,.T.);
#2460 = SURFACE_CURVE('',#2461,(#2465,#2472),.PCURVE_S1.);
#2461 = LINE('',#2462,#2463);
#2462 = CARTESIAN_POINT('',(4.038409268756,35.747558265824,
    74.90978769147));
#2463 = VECTOR('',#2464,1.);
#2464 = DIRECTION('',(0.587785252292,-0.700629269222,-0.404508497187));
#2465 = PCURVE('',#2366,#2466);
#2466 = DEFINITIONAL_REPRESENTATION('',(#2467),#2471);
#2467 = LINE('',#2468,#2469);
#2468 = CARTESIAN_POINT('',(0.,-1.));
#2469 = VECTOR('',#2470,1.);
#2470 = DIRECTION('',(-1.,0.));
#2471 = ( GEOMETRIC_REPRESENTATION_CONTEXT(2) 
PARAMETRIC_REPRESENTATION_CONTEXT() REPRESENTATION_CONTEXT('2D SPACE',''
  ) );
#2472 = PCURVE('',#2473,#2478);
#2473 = PLANE('',#2474);
#2474 = AXIS2_PLACEMENT_3D('',#2475,#2476,#2477);
#2475 = CARTESIAN_POINT('',(4.038409268756,35.747558265824,
    74.90978769147));
#2476 = DIRECTION('',(-0.572061402818,-6.390096019135E-03,
    -0.820185904585));
#2477 = DIRECTION('',(0.587785252292,-0.700629269222,-0.404508497187));
#2478 = DEFINITIONAL_REPRESENTATION('',(#2479),#2483);
#2479 = LINE('',#2480,#2481);
#2480 = CARTESIAN_POINT('',(0.,0.));
#2481 = VECTOR('',#2482,1.);
#2482 = DIRECTION('',(1.,2.775557561563E-17));
#2483 = ( GEOMETRIC_REPRESENTATION_CONTEXT(2) 
PARAMETRIC_REPRESENTATION_CONTEXT() REPRESENTATION_CONTEXT('2D SPACE',''
  ) );
#2484 = ORIENTED_EDGE('',*,*,#2348,.T.);
#2485 = ORIENTED_EDGE('',*,*,#2486,.F.);
#2486 = EDGE_CURVE('',#2432,#2351,#2487,.T.);
#2487 = SURFACE_CURVE('',#2488,(#2492,#2499),.PCURVE_S1.);
#2488 = LINE('',#2489,#2490);
#2489 = CARTESIAN_POINT('',(4.038409268756,45.247558265824,
    58.455305019566));
#2490 = VECTOR('',#2491,1.);
#2491 = DIRECTION('',(0.587785252292,-0.700629269222,-0.404508497187));
#2492 = PCURVE('',#2366,#2493);
#2493 = DEFINITIONAL_REPRESENTATION('',(#2494),#2498);
#2494 = LINE('',#2495,#2496);
#2495 = CARTESIAN_POINT('',(0.,-20.));
#2496 = VECTOR('',#2497,1.);
#2497 = DIRECTION('',(-1.,0.));
#2498 = ( GEOMETRIC_REPRESENTATION_CONTEXT(2) 
PARAMETRIC_REPRESENTATION_CONTEXT() REPRESENTATION_CONTEXT('2D SPACE',''
  ) );
#2499 = PCURVE('',#128,#2500);
#2500 = DEFINITIONAL_REPRESENTATION('',(#2501),#2505);
#2501 = LINE('',#2502,#2503);
#2502 = CARTESIAN_POINT('',(4.038409268756,18.501644695323));
#2503 = VECTOR('',#2504,1.);
#2504 = DIRECTION('',(0.587785252292,-0.809016994375));
#2505 = ( GEOMETRIC_REPRESENTATION_CONTEXT(2) 
PARAMETRIC_REPRESENTATION_CONTEXT() REPRESENTATION_CONTEXT('2D SPACE',''
  ) );
#2506 = ADVANCED_FACE('',(#2507),#2447,.T.);
#2507 = FACE_BOUND('',#2508,.T.);
#2508 = EDGE_LOOP('',(#2509,#2539,#2566,#2567));
#2509 = ORIENTED_EDGE('',*,*,#2510,.F.);
#2510 = EDGE_CURVE('',#2511,#2513,#2515,.T.);
#2511 = VERTEX_POINT('',#2512);
#2512 = CARTESIAN_POINT('',(2.293941223085,36.306700759039,
    75.232608760443));
#2513 = VERTEX_POINT('',#2514);
#2514 = CARTESIAN_POINT('',(2.293941223085,45.806700759039,
    58.778126088539));
#2515 = SURFACE_CURVE('',#2516,(#2520,#2527),.PCURVE_S1.);
#2516 = LINE('',#2517,#2518);
#2517 = CARTESIAN_POINT('',(2.293941223085,35.806700759039,
    76.098634164228));
#2518 = VECTOR('',#2519,1.);
#2519 = DIRECTION('',(-5.947623346206E-16,0.5,-0.866025403784));
#2520 = PCURVE('',#2447,#2521);
#2521 = DEFINITIONAL_REPRESENTATION('',(#2522),#2526);
#2522 = LINE('',#2523,#2524);
#2523 = CARTESIAN_POINT('',(1.690033043501,0.));
#2524 = VECTOR('',#2525,1.);
#2525 = DIRECTION('',(0.,1.));
#2526 = ( GEOMETRIC_REPRESENTATION_CONTEXT(2) 
PARAMETRIC_REPRESENTATION_CONTEXT() REPRESENTATION_CONTEXT('2D SPACE',''
  ) );
#2527 = PCURVE('',#2528,#2533);
#2528 = PLANE('',#2529);
#2529 = AXIS2_PLACEMENT_3D('',#2530,#2531,#2532);
#2530 = CARTESIAN_POINT('',(1.876567184225,35.544087224847,
    75.947014169569));
#2531 = DIRECTION('',(0.587785252292,-0.700629269222,-0.404508497187));
#2532 = DIRECTION('',(0.809016994375,0.509036960455,0.293892626146));
#2533 = DEFINITIONAL_REPRESENTATION('',(#2534),#2538);
#2534 = LINE('',#2535,#2536);
#2535 = CARTESIAN_POINT('',(0.515902684074,0.));
#2536 = VECTOR('',#2537,1.);
#2537 = DIRECTION('',(0.,-1.));
#2538 = ( GEOMETRIC_REPRESENTATION_CONTEXT(2) 
PARAMETRIC_REPRESENTATION_CONTEXT() REPRESENTATION_CONTEXT('2D SPACE',''
  ) );
#2539 = ORIENTED_EDGE('',*,*,#2540,.F.);
#2540 = EDGE_CURVE('',#2430,#2511,#2541,.T.);
#2541 = SURFACE_CURVE('',#2542,(#2547,#2554),.PCURVE_S1.);
#2542 = CIRCLE('',#2543,19.284210105952);
#2543 = AXIS2_PLACEMENT_3D('',#2544,#2545,#2546);
#2544 = CARTESIAN_POINT('',(-3.099742684753E-13,19.724663947879,
    65.658965343808));
#2545 = DIRECTION('',(5.947623346206E-16,-0.5,0.866025403784));
#2546 = DIRECTION('',(1.,2.973811673103E-16,-5.150792909956E-16));
#2547 = PCURVE('',#2447,#2548);
#2548 = DEFINITIONAL_REPRESENTATION('',(#2549),#2553);
#2549 = LINE('',#2550,#2551);
#2550 = CARTESIAN_POINT('',(3.14159265359,1.));
#2551 = VECTOR('',#2552,1.);
#2552 = DIRECTION('',(-1.,0.));
#2553 = ( GEOMETRIC_REPRESENTATION_CONTEXT(2) 
PARAMETRIC_REPRESENTATION_CONTEXT() REPRESENTATION_CONTEXT('2D SPACE',''
  ) );
#2554 = PCURVE('',#2555,#2560);
#2555 = CONICAL_SURFACE('',#2556,18.284210105952,0.785398163397);
#2556 = AXIS2_PLACEMENT_3D('',#2557,#2558,#2559);
#2557 = CARTESIAN_POINT('',(-3.090860900556E-13,19.224663947879,
    66.524990747592));
#2558 = DIRECTION('',(-5.947623346206E-16,0.5,-0.866025403784));
#2559 = DIRECTION('',(-1.,-2.973811673103E-16,5.150792909956E-16));
#2560 = DEFINITIONAL_REPRESENTATION('',(#2561),#2565);
#2561 = LINE('',#2562,#2563);
#2562 = CARTESIAN_POINT('',(3.14159265359,1.));
#2563 = VECTOR('',#2564,1.);
#2564 = DIRECTION('',(-1.,2.489383946701E-14));
#2565 = ( GEOMETRIC_REPRESENTATION_CONTEXT(2) 
PARAMETRIC_REPRESENTATION_CONTEXT() REPRESENTATION_CONTEXT('2D SPACE',''
  ) );
#2566 = ORIENTED_EDGE('',*,*,#2429,.T.);
#2567 = ORIENTED_EDGE('',*,*,#2568,.T.);
#2568 = EDGE_CURVE('',#2432,#2513,#2569,.T.);
#2569 = SURFACE_CURVE('',#2570,(#2575,#2582),.PCURVE_S1.);
#2570 = CIRCLE('',#2571,19.284210105952);
#2571 = AXIS2_PLACEMENT_3D('',#2572,#2573,#2574);
#2572 = CARTESIAN_POINT('',(-3.215205879314E-13,29.224663947879,
    49.204482671904));
#2573 = DIRECTION('',(5.947623346206E-16,-0.5,0.866025403784));
#2574 = DIRECTION('',(1.,2.973811673103E-16,-5.150792909956E-16));
#2575 = PCURVE('',#2447,#2576);
#2576 = DEFINITIONAL_REPRESENTATION('',(#2577),#2581);
#2577 = LINE('',#2578,#2579);
#2578 = CARTESIAN_POINT('',(3.14159265359,20.));
#2579 = VECTOR('',#2580,1.);
#2580 = DIRECTION('',(-1.,0.));
#2581 = ( GEOMETRIC_REPRESENTATION_CONTEXT(2) 
PARAMETRIC_REPRESENTATION_CONTEXT() REPRESENTATION_CONTEXT('2D SPACE',''
  ) );
#2582 = PCURVE('',#128,#2583);
#2583 = DEFINITIONAL_REPRESENTATION('',(#2584),#2588);
#2584 = CIRCLE('',#2585,19.284210105952);
#2585 = AXIS2_PLACEMENT_2D('',#2586,#2587);
#2586 = CARTESIAN_POINT('',(-3.206324095117E-13,-1.443289932013E-12));
#2587 = DIRECTION('',(1.,0.));
#2588 = ( GEOMETRIC_REPRESENTATION_CONTEXT(2) 
PARAMETRIC_REPRESENTATION_CONTEXT() REPRESENTATION_CONTEXT('2D SPACE',''
  ) );
#2589 = ADVANCED_FACE('',(#2590),#2528,.F.);
#2590 = FACE_BOUND('',#2591,.T.);
#2591 = EDGE_LOOP('',(#2592,#2622,#2648,#2649));
#2592 = ORIENTED_EDGE('',*,*,#2593,.F.);
#2593 = EDGE_CURVE('',#2594,#2596,#2598,.T.);
#2594 = VERTEX_POINT('',#2595);
#2595 = CARTESIAN_POINT('',(1.459193145365,35.781473690655,
    74.929368771126));
#2596 = VERTEX_POINT('',#2597);
#2597 = CARTESIAN_POINT('',(1.459193145365,45.281473690655,
    58.474886099222));
#2598 = SURFACE_CURVE('',#2599,(#2603,#2610),.PCURVE_S1.);
#2599 = LINE('',#2600,#2601);
#2600 = CARTESIAN_POINT('',(1.459193145365,35.281473690655,
    75.795394174911));
#2601 = VECTOR('',#2602,1.);
#2602 = DIRECTION('',(-5.947623346206E-16,0.5,-0.866025403784));
#2603 = PCURVE('',#2528,#2604);
#2604 = DEFINITIONAL_REPRESENTATION('',(#2605),#2609);
#2605 = LINE('',#2606,#2607);
#2606 = CARTESIAN_POINT('',(-0.515902684074,0.));
#2607 = VECTOR('',#2608,1.);
#2608 = DIRECTION('',(0.,-1.));
#2609 = ( GEOMETRIC_REPRESENTATION_CONTEXT(2) 
PARAMETRIC_REPRESENTATION_CONTEXT() REPRESENTATION_CONTEXT('2D SPACE',''
  ) );
#2610 = PCURVE('',#2611,#2616);
#2611 = PLANE('',#2612);
#2612 = AXIS2_PLACEMENT_3D('',#2613,#2614,#2615);
#2613 = CARTESIAN_POINT('',(1.094394859024,35.597398273884,
    75.977793318081));
#2614 = DIRECTION('',(0.707106781187,0.612372435696,0.353553390593));
#2615 = DIRECTION('',(-0.707106781187,0.612372435696,0.353553390593));
#2616 = DEFINITIONAL_REPRESENTATION('',(#2617),#2621);
#2617 = LINE('',#2618,#2619);
#2618 = CARTESIAN_POINT('',(-0.515902684074,0.));
#2619 = VECTOR('',#2620,1.);
#2620 = DIRECTION('',(0.,-1.));
#2621 = ( GEOMETRIC_REPRESENTATION_CONTEXT(2) 
PARAMETRIC_REPRESENTATION_CONTEXT() REPRESENTATION_CONTEXT('2D SPACE',''
  ) );
#2622 = ORIENTED_EDGE('',*,*,#2623,.T.);
#2623 = EDGE_CURVE('',#2594,#2511,#2624,.T.);
#2624 = SURFACE_CURVE('',#2625,(#2629,#2636),.PCURVE_S1.);
#2625 = LINE('',#2626,#2627);
#2626 = CARTESIAN_POINT('',(2.293941223085,36.306700759039,
    75.232608760443));
#2627 = VECTOR('',#2628,1.);
#2628 = DIRECTION('',(0.809016994375,0.509036960455,0.293892626146));
#2629 = PCURVE('',#2528,#2630);
#2630 = DEFINITIONAL_REPRESENTATION('',(#2631),#2635);
#2631 = LINE('',#2632,#2633);
#2632 = CARTESIAN_POINT('',(0.515902684074,-1.));
#2633 = VECTOR('',#2634,1.);
#2634 = DIRECTION('',(1.,0.));
#2635 = ( GEOMETRIC_REPRESENTATION_CONTEXT(2) 
PARAMETRIC_REPRESENTATION_CONTEXT() REPRESENTATION_CONTEXT('2D SPACE',''
  ) );
#2636 = PCURVE('',#2637,#2642);
#2637 = PLANE('',#2638);
#2638 = AXIS2_PLACEMENT_3D('',#2639,#2640,#2641);
#2639 = CARTESIAN_POINT('',(-7.724753503257,28.432428825952,
    71.841096278583));
#2640 = DIRECTION('',(-0.415626937777,0.141866316771,0.898403137105));
#2641 = DIRECTION('',(0.809016994375,0.509036960455,0.293892626146));
#2642 = DEFINITIONAL_REPRESENTATION('',(#2643),#2647);
#2643 = LINE('',#2644,#2645);
#2644 = CARTESIAN_POINT('',(13.110330255582,1.414213562373));
#2645 = VECTOR('',#2646,1.);
#2646 = DIRECTION('',(1.,2.775557561563E-17));
#2647 = ( GEOMETRIC_REPRESENTATION_CONTEXT(2) 
PARAMETRIC_REPRESENTATION_CONTEXT() REPRESENTATION_CONTEXT('2D SPACE',''
  ) );
#2648 = ORIENTED_EDGE('',*,*,#2510,.T.);
#2649 = ORIENTED_EDGE('',*,*,#2650,.T.);
#2650 = EDGE_CURVE('',#2513,#2596,#2651,.T.);
#2651 = SURFACE_CURVE('',#2652,(#2656,#2663),.PCURVE_S1.);
#2652 = LINE('',#2653,#2654);
#2653 = CARTESIAN_POINT('',(1.876567184225,45.544087224847,
    58.62650609388));
#2654 = VECTOR('',#2655,1.);
#2655 = DIRECTION('',(-0.809016994375,-0.509036960455,-0.293892626146));
#2656 = PCURVE('',#2528,#2657);
#2657 = DEFINITIONAL_REPRESENTATION('',(#2658),#2662);
#2658 = LINE('',#2659,#2660);
#2659 = CARTESIAN_POINT('',(0.,-20.));
#2660 = VECTOR('',#2661,1.);
#2661 = DIRECTION('',(-1.,0.));
#2662 = ( GEOMETRIC_REPRESENTATION_CONTEXT(2) 
PARAMETRIC_REPRESENTATION_CONTEXT() REPRESENTATION_CONTEXT('2D SPACE',''
  ) );
#2663 = PCURVE('',#128,#2664);
#2664 = DEFINITIONAL_REPRESENTATION('',(#2665),#2669);
#2665 = LINE('',#2666,#2667);
#2666 = CARTESIAN_POINT('',(1.876567184225,18.844046843952));
#2667 = VECTOR('',#2668,1.);
#2668 = DIRECTION('',(-0.809016994375,-0.587785252292));
#2669 = ( GEOMETRIC_REPRESENTATION_CONTEXT(2) 
PARAMETRIC_REPRESENTATION_CONTEXT() REPRESENTATION_CONTEXT('2D SPACE',''
  ) );
#2670 = ADVANCED_FACE('',(#2671),#2611,.T.);
#2671 = FACE_BOUND('',#2672,.T.);
#2672 = EDGE_LOOP('',(#2673,#2703,#2729,#2730));
#2673 = ORIENTED_EDGE('',*,*,#2674,.F.);
#2674 = EDGE_CURVE('',#2675,#2677,#2679,.T.);
#2675 = VERTEX_POINT('',#2676);
#2676 = CARTESIAN_POINT('',(0.729596572683,36.413322857112,
    75.294167057467));
#2677 = VERTEX_POINT('',#2678);
#2678 = CARTESIAN_POINT('',(0.729596572683,45.913322857112,
    58.839684385563));
#2679 = SURFACE_CURVE('',#2680,(#2684,#2691),.PCURVE_S1.);
#2680 = LINE('',#2681,#2682);
#2681 = CARTESIAN_POINT('',(0.729596572683,35.913322857112,
    76.160192461252));
#2682 = VECTOR('',#2683,1.);
#2683 = DIRECTION('',(-5.947623346206E-16,0.5,-0.866025403784));
#2684 = PCURVE('',#2611,#2685);
#2685 = DEFINITIONAL_REPRESENTATION('',(#2686),#2690);
#2686 = LINE('',#2687,#2688);
#2687 = CARTESIAN_POINT('',(0.515902684074,0.));
#2688 = VECTOR('',#2689,1.);
#2689 = DIRECTION('',(0.,-1.));
#2690 = ( GEOMETRIC_REPRESENTATION_CONTEXT(2) 
PARAMETRIC_REPRESENTATION_CONTEXT() REPRESENTATION_CONTEXT('2D SPACE',''
  ) );
#2691 = PCURVE('',#2692,#2697);
#2692 = CYLINDRICAL_SURFACE('',#2693,19.284210105954);
#2693 = AXIS2_PLACEMENT_3D('',#2694,#2695,#2696);
#2694 = CARTESIAN_POINT('',(8.881784197001E-15,19.224663947878,
    66.524990747591));
#2695 = DIRECTION('',(-5.947623346206E-16,0.5,-0.866025403784));
#2696 = DIRECTION('',(-1.,-2.973811673103E-16,5.150792909956E-16));
#2697 = DEFINITIONAL_REPRESENTATION('',(#2698),#2702);
#2698 = LINE('',#2699,#2700);
#2699 = CARTESIAN_POINT('',(1.608639242768,0.));
#2700 = VECTOR('',#2701,1.);
#2701 = DIRECTION('',(0.,1.));
#2702 = ( GEOMETRIC_REPRESENTATION_CONTEXT(2) 
PARAMETRIC_REPRESENTATION_CONTEXT() REPRESENTATION_CONTEXT('2D SPACE',''
  ) );
#2703 = ORIENTED_EDGE('',*,*,#2704,.T.);
#2704 = EDGE_CURVE('',#2675,#2594,#2705,.T.);
#2705 = SURFACE_CURVE('',#2706,(#2710,#2717),.PCURVE_S1.);
#2706 = LINE('',#2707,#2708);
#2707 = CARTESIAN_POINT('',(1.094394859024,36.097398273884,
    75.111767914297));
#2708 = VECTOR('',#2709,1.);
#2709 = DIRECTION('',(0.707106781187,-0.612372435696,-0.353553390593));
#2710 = PCURVE('',#2611,#2711);
#2711 = DEFINITIONAL_REPRESENTATION('',(#2712),#2716);
#2712 = LINE('',#2713,#2714);
#2713 = CARTESIAN_POINT('',(0.,-1.));
#2714 = VECTOR('',#2715,1.);
#2715 = DIRECTION('',(-1.,0.));
#2716 = ( GEOMETRIC_REPRESENTATION_CONTEXT(2) 
PARAMETRIC_REPRESENTATION_CONTEXT() REPRESENTATION_CONTEXT('2D SPACE',''
  ) );
#2717 = PCURVE('',#2718,#2723);
#2718 = PLANE('',#2719);
#2719 = AXIS2_PLACEMENT_3D('',#2720,#2721,#2722);
#2720 = CARTESIAN_POINT('',(1.094394859024,36.097398273884,
    75.111767914297));
#2721 = DIRECTION('',(-0.5,-7.945931129895E-02,-0.862372435696));
#2722 = DIRECTION('',(0.707106781187,-0.612372435696,-0.353553390593));
#2723 = DEFINITIONAL_REPRESENTATION('',(#2724),#2728);
#2724 = LINE('',#2725,#2726);
#2725 = CARTESIAN_POINT('',(0.,0.));
#2726 = VECTOR('',#2727,1.);
#2727 = DIRECTION('',(1.,1.387778780781E-16));
#2728 = ( GEOMETRIC_REPRESENTATION_CONTEXT(2) 
PARAMETRIC_REPRESENTATION_CONTEXT() REPRESENTATION_CONTEXT('2D SPACE',''
  ) );
#2729 = ORIENTED_EDGE('',*,*,#2593,.T.);
#2730 = ORIENTED_EDGE('',*,*,#2731,.F.);
#2731 = EDGE_CURVE('',#2677,#2596,#2732,.T.);
#2732 = SURFACE_CURVE('',#2733,(#2737,#2744),.PCURVE_S1.);
#2733 = LINE('',#2734,#2735);
#2734 = CARTESIAN_POINT('',(1.094394859024,45.597398273884,
    58.657285242392));
#2735 = VECTOR('',#2736,1.);
#2736 = DIRECTION('',(0.707106781187,-0.612372435696,-0.353553390593));
#2737 = PCURVE('',#2611,#2738);
#2738 = DEFINITIONAL_REPRESENTATION('',(#2739),#2743);
#2739 = LINE('',#2740,#2741);
#2740 = CARTESIAN_POINT('',(0.,-20.));
#2741 = VECTOR('',#2742,1.);
#2742 = DIRECTION('',(-1.,0.));
#2743 = ( GEOMETRIC_REPRESENTATION_CONTEXT(2) 
PARAMETRIC_REPRESENTATION_CONTEXT() REPRESENTATION_CONTEXT('2D SPACE',''
  ) );
#2744 = PCURVE('',#128,#2745);
#2745 = DEFINITIONAL_REPRESENTATION('',(#2746),#2750);
#2746 = LINE('',#2747,#2748);
#2747 = CARTESIAN_POINT('',(1.094394859024,18.905605140976));
#2748 = VECTOR('',#2749,1.);
#2749 = DIRECTION('',(0.707106781187,-0.707106781187));
#2750 = ( GEOMETRIC_REPRESENTATION_CONTEXT(2) 
PARAMETRIC_REPRESENTATION_CONTEXT() REPRESENTATION_CONTEXT('2D SPACE',''
  ) );
#2751 = ADVANCED_FACE('',(#2752),#2692,.T.);
#2752 = FACE_BOUND('',#2753,.T.);
#2753 = EDGE_LOOP('',(#2754,#2784,#2811,#2812));
#2754 = ORIENTED_EDGE('',*,*,#2755,.F.);
#2755 = EDGE_CURVE('',#2756,#2758,#2760,.T.);
#2756 = VERTEX_POINT('',#2757);
#2757 = CARTESIAN_POINT('',(-0.729596572683,36.413322857112,
    75.294167057467));
#2758 = VERTEX_POINT('',#2759);
#2759 = CARTESIAN_POINT('',(-0.729596572683,45.913322857112,
    58.839684385563));
#2760 = SURFACE_CURVE('',#2761,(#2765,#2772),.PCURVE_S1.);
#2761 = LINE('',#2762,#2763);
#2762 = CARTESIAN_POINT('',(-0.729596572683,35.913322857112,
    76.160192461252));
#2763 = VECTOR('',#2764,1.);
#2764 = DIRECTION('',(-5.947623346206E-16,0.5,-0.866025403784));
#2765 = PCURVE('',#2692,#2766);
#2766 = DEFINITIONAL_REPRESENTATION('',(#2767),#2771);
#2767 = LINE('',#2768,#2769);
#2768 = CARTESIAN_POINT('',(1.532953410821,0.));
#2769 = VECTOR('',#2770,1.);
#2770 = DIRECTION('',(0.,1.));
#2771 = ( GEOMETRIC_REPRESENTATION_CONTEXT(2) 
PARAMETRIC_REPRESENTATION_CONTEXT() REPRESENTATION_CONTEXT('2D SPACE',''
  ) );
#2772 = PCURVE('',#2773,#2778);
#2773 = PLANE('',#2774);
#2774 = AXIS2_PLACEMENT_3D('',#2775,#2776,#2777);
#2775 = CARTESIAN_POINT('',(-1.094394859024,35.597398273884,
    75.977793318081));
#2776 = DIRECTION('',(0.707106781187,-0.612372435696,-0.353553390593));
#2777 = DIRECTION('',(0.707106781187,0.612372435696,0.353553390593));
#2778 = DEFINITIONAL_REPRESENTATION('',(#2779),#2783);
#2779 = LINE('',#2780,#2781);
#2780 = CARTESIAN_POINT('',(0.515902684074,0.));
#2781 = VECTOR('',#2782,1.);
#2782 = DIRECTION('',(0.,-1.));
#2783 = ( GEOMETRIC_REPRESENTATION_CONTEXT(2) 
PARAMETRIC_REPRESENTATION_CONTEXT() REPRESENTATION_CONTEXT('2D SPACE',''
  ) );
#2784 = ORIENTED_EDGE('',*,*,#2785,.F.);
#2785 = EDGE_CURVE('',#2675,#2756,#2786,.T.);
#2786 = SURFACE_CURVE('',#2787,(#2792,#2799),.PCURVE_S1.);
#2787 = CIRCLE('',#2788,19.284210105954);
#2788 = AXIS2_PLACEMENT_3D('',#2789,#2790,#2791);
#2789 = CARTESIAN_POINT('',(7.993605777301E-15,19.724663947878,
    65.658965343807));
#2790 = DIRECTION('',(5.947623346206E-16,-0.5,0.866025403784));
#2791 = DIRECTION('',(1.,2.973811673103E-16,-5.150792909956E-16));
#2792 = PCURVE('',#2692,#2793);
#2793 = DEFINITIONAL_REPRESENTATION('',(#2794),#2798);
#2794 = LINE('',#2795,#2796);
#2795 = CARTESIAN_POINT('',(3.14159265359,1.));
#2796 = VECTOR('',#2797,1.);
#2797 = DIRECTION('',(-1.,0.));
#2798 = ( GEOMETRIC_REPRESENTATION_CONTEXT(2) 
PARAMETRIC_REPRESENTATION_CONTEXT() REPRESENTATION_CONTEXT('2D SPACE',''
  ) );
#2799 = PCURVE('',#2800,#2805);
#2800 = CONICAL_SURFACE('',#2801,18.284210105954,0.785398163397);
#2801 = AXIS2_PLACEMENT_3D('',#2802,#2803,#2804);
#2802 = CARTESIAN_POINT('',(8.881784197001E-15,19.224663947878,
    66.524990747591));
#2803 = DIRECTION('',(-5.947623346206E-16,0.5,-0.866025403784));
#2804 = DIRECTION('',(-1.,-2.973811673103E-16,5.150792909956E-16));
#2805 = DEFINITIONAL_REPRESENTATION('',(#2806),#2810);
#2806 = LINE('',#2807,#2808);
#2807 = CARTESIAN_POINT('',(3.14159265359,1.));
#2808 = VECTOR('',#2809,1.);
#2809 = DIRECTION('',(-1.,0.));
#2810 = ( GEOMETRIC_REPRESENTATION_CONTEXT(2) 
PARAMETRIC_REPRESENTATION_CONTEXT() REPRESENTATION_CONTEXT('2D SPACE',''
  ) );
#2811 = ORIENTED_EDGE('',*,*,#2674,.T.);
#2812 = ORIENTED_EDGE('',*,*,#2813,.T.);
#2813 = EDGE_CURVE('',#2677,#2758,#2814,.T.);
#2814 = SURFACE_CURVE('',#2815,(#2820,#2827),.PCURVE_S1.);
#2815 = CIRCLE('',#2816,19.284210105954);
#2816 = AXIS2_PLACEMENT_3D('',#2817,#2818,#2819);
#2817 = CARTESIAN_POINT('',(-3.552713678801E-15,29.224663947878,
    49.204482671903));
#2818 = DIRECTION('',(5.947623346206E-16,-0.5,0.866025403784));
#2819 = DIRECTION('',(1.,2.973811673103E-16,-5.150792909956E-16));
#2820 = PCURVE('',#2692,#2821);
#2821 = DEFINITIONAL_REPRESENTATION('',(#2822),#2826);
#2822 = LINE('',#2823,#2824);
#2823 = CARTESIAN_POINT('',(3.14159265359,20.));
#2824 = VECTOR('',#2825,1.);
#2825 = DIRECTION('',(-1.,0.));
#2826 = ( GEOMETRIC_REPRESENTATION_CONTEXT(2) 
PARAMETRIC_REPRESENTATION_CONTEXT() REPRESENTATION_CONTEXT('2D SPACE',''
  ) );
#2827 = PCURVE('',#128,#2828);
#2828 = DEFINITIONAL_REPRESENTATION('',(#2829),#2833);
#2829 = CIRCLE('',#2830,19.284210105954);
#2830 = AXIS2_PLACEMENT_2D('',#2831,#2832);
#2831 = CARTESIAN_POINT('',(-2.6645352591E-15,-3.534950110406E-12));
#2832 = DIRECTION('',(1.,0.));
#2833 = ( GEOMETRIC_REPRESENTATION_CONTEXT(2) 
PARAMETRIC_REPRESENTATION_CONTEXT() REPRESENTATION_CONTEXT('2D SPACE',''
  ) );
#2834 = ADVANCED_FACE('',(#2835),#2773,.F.);
#2835 = FACE_BOUND('',#2836,.T.);
#2836 = EDGE_LOOP('',(#2837,#2867,#2893,#2894));
#2837 = ORIENTED_EDGE('',*,*,#2838,.F.);
#2838 = EDGE_CURVE('',#2839,#2841,#2843,.T.);
#2839 = VERTEX_POINT('',#2840);
#2840 = CARTESIAN_POINT('',(-1.459193145365,35.781473690655,
    74.929368771126));
#2841 = VERTEX_POINT('',#2842);
#2842 = CARTESIAN_POINT('',(-1.459193145365,45.281473690655,
    58.474886099222));
#2843 = SURFACE_CURVE('',#2844,(#2848,#2855),.PCURVE_S1.);
#2844 = LINE('',#2845,#2846);
#2845 = CARTESIAN_POINT('',(-1.459193145365,35.281473690655,
    75.795394174911));
#2846 = VECTOR('',#2847,1.);
#2847 = DIRECTION('',(-5.947623346206E-16,0.5,-0.866025403784));
#2848 = PCURVE('',#2773,#2849);
#2849 = DEFINITIONAL_REPRESENTATION('',(#2850),#2854);
#2850 = LINE('',#2851,#2852);
#2851 = CARTESIAN_POINT('',(-0.515902684074,0.));
#2852 = VECTOR('',#2853,1.);
#2853 = DIRECTION('',(0.,-1.));
#2854 = ( GEOMETRIC_REPRESENTATION_CONTEXT(2) 
PARAMETRIC_REPRESENTATION_CONTEXT() REPRESENTATION_CONTEXT('2D SPACE',''
  ) );
#2855 = PCURVE('',#2856,#2861);
#2856 = PLANE('',#2857);
#2857 = AXIS2_PLACEMENT_3D('',#2858,#2859,#2860);
#2858 = CARTESIAN_POINT('',(-1.876567184225,35.544087224847,
    75.947014169569));
#2859 = DIRECTION('',(0.587785252292,0.700629269222,0.404508497187));
#2860 = DIRECTION('',(-0.809016994375,0.509036960455,0.293892626146));
#2861 = DEFINITIONAL_REPRESENTATION('',(#2862),#2866);
#2862 = LINE('',#2863,#2864);
#2863 = CARTESIAN_POINT('',(-0.515902684074,0.));
#2864 = VECTOR('',#2865,1.);
#2865 = DIRECTION('',(0.,-1.));
#2866 = ( GEOMETRIC_REPRESENTATION_CONTEXT(2) 
PARAMETRIC_REPRESENTATION_CONTEXT() REPRESENTATION_CONTEXT('2D SPACE',''
  ) );
#2867 = ORIENTED_EDGE('',*,*,#2868,.T.);
#2868 = EDGE_CURVE('',#2839,#2756,#2869,.T.);
#2869 = SURFACE_CURVE('',#2870,(#2874,#2881),.PCURVE_S1.);
#2870 = LINE('',#2871,#2872);
#2871 = CARTESIAN_POINT('',(-0.729596572683,36.413322857112,
    75.294167057467));
#2872 = VECTOR('',#2873,1.);
#2873 = DIRECTION('',(0.707106781187,0.612372435696,0.353553390593));
#2874 = PCURVE('',#2773,#2875);
#2875 = DEFINITIONAL_REPRESENTATION('',(#2876),#2880);
#2876 = LINE('',#2877,#2878);
#2877 = CARTESIAN_POINT('',(0.515902684074,-1.));
#2878 = VECTOR('',#2879,1.);
#2879 = DIRECTION('',(1.,0.));
#2880 = ( GEOMETRIC_REPRESENTATION_CONTEXT(2) 
PARAMETRIC_REPRESENTATION_CONTEXT() REPRESENTATION_CONTEXT('2D SPACE',''
  ) );
#2881 = PCURVE('',#2882,#2887);
#2882 = PLANE('',#2883);
#2883 = AXIS2_PLACEMENT_3D('',#2884,#2885,#2886);
#2884 = CARTESIAN_POINT('',(-9.292893218813,27.272545550029,71.171437357
    ));
#2885 = DIRECTION('',(-0.5,7.945931129895E-02,0.862372435696));
#2886 = DIRECTION('',(0.707106781187,0.612372435696,0.353553390593));
#2887 = DEFINITIONAL_REPRESENTATION('',(#2888),#2892);
#2888 = LINE('',#2889,#2890);
#2889 = CARTESIAN_POINT('',(13.110330255582,1.414213562373));
#2890 = VECTOR('',#2891,1.);
#2891 = DIRECTION('',(1.,-5.551115123126E-17));
#2892 = ( GEOMETRIC_REPRESENTATION_CONTEXT(2) 
PARAMETRIC_REPRESENTATION_CONTEXT() REPRESENTATION_CONTEXT('2D SPACE',''
  ) );
#2893 = ORIENTED_EDGE('',*,*,#2755,.T.);
#2894 = ORIENTED_EDGE('',*,*,#2895,.T.);
#2895 = EDGE_CURVE('',#2758,#2841,#2896,.T.);
#2896 = SURFACE_CURVE('',#2897,(#2901,#2908),.PCURVE_S1.);
#2897 = LINE('',#2898,#2899);
#2898 = CARTESIAN_POINT('',(-1.094394859024,45.597398273884,
    58.657285242392));
#2899 = VECTOR('',#2900,1.);
#2900 = DIRECTION('',(-0.707106781187,-0.612372435696,-0.353553390593));
#2901 = PCURVE('',#2773,#2902);
#2902 = DEFINITIONAL_REPRESENTATION('',(#2903),#2907);
#2903 = LINE('',#2904,#2905);
#2904 = CARTESIAN_POINT('',(0.,-20.));
#2905 = VECTOR('',#2906,1.);
#2906 = DIRECTION('',(-1.,0.));
#2907 = ( GEOMETRIC_REPRESENTATION_CONTEXT(2) 
PARAMETRIC_REPRESENTATION_CONTEXT() REPRESENTATION_CONTEXT('2D SPACE',''
  ) );
#2908 = PCURVE('',#128,#2909);
#2909 = DEFINITIONAL_REPRESENTATION('',(#2910),#2914);
#2910 = LINE('',#2911,#2912);
#2911 = CARTESIAN_POINT('',(-1.094394859024,18.905605140976));
#2912 = VECTOR('',#2913,1.);
#2913 = DIRECTION('',(-0.707106781187,-0.707106781187));
#2914 = ( GEOMETRIC_REPRESENTATION_CONTEXT(2) 
PARAMETRIC_REPRESENTATION_CONTEXT() REPRESENTATION_CONTEXT('2D SPACE',''
  ) );
#2915 = ADVANCED_FACE('',(#2916),#2856,.T.);
#2916 = FACE_BOUND('',#2917,.T.);
#2917 = EDGE_LOOP('',(#2918,#2948,#2974,#2975));
#2918 = ORIENTED_EDGE('',*,*,#2919,.F.);
#2919 = EDGE_CURVE('',#2920,#2922,#2924,.T.);
#2920 = VERTEX_POINT('',#2921);
#2921 = CARTESIAN_POINT('',(-2.293941223085,36.306700759039,
    75.232608760443));
#2922 = VERTEX_POINT('',#2923);
#2923 = CARTESIAN_POINT('',(-2.293941223085,45.806700759039,
    58.778126088539));
#2924 = SURFACE_CURVE('',#2925,(#2929,#2936),.PCURVE_S1.);
#2925 = LINE('',#2926,#2927);
#2926 = CARTESIAN_POINT('',(-2.293941223085,35.806700759039,
    76.098634164228));
#2927 = VECTOR('',#2928,1.);
#2928 = DIRECTION('',(-5.947623346206E-16,0.5,-0.866025403784));
#2929 = PCURVE('',#2856,#2930);
#2930 = DEFINITIONAL_REPRESENTATION('',(#2931),#2935);
#2931 = LINE('',#2932,#2933);
#2932 = CARTESIAN_POINT('',(0.515902684074,0.));
#2933 = VECTOR('',#2934,1.);
#2934 = DIRECTION('',(0.,-1.));
#2935 = ( GEOMETRIC_REPRESENTATION_CONTEXT(2) 
PARAMETRIC_REPRESENTATION_CONTEXT() REPRESENTATION_CONTEXT('2D SPACE',''
  ) );
#2936 = PCURVE('',#2937,#2942);
#2937 = CYLINDRICAL_SURFACE('',#2938,19.284210105952);
#2938 = AXIS2_PLACEMENT_3D('',#2939,#2940,#2941);
#2939 = CARTESIAN_POINT('',(3.392841563254E-13,19.224663947879,
    66.524990747592));
#2940 = DIRECTION('',(-5.947623346206E-16,0.5,-0.866025403784));
#2941 = DIRECTION('',(-1.,-2.973811673103E-16,5.150792909956E-16));
#2942 = DEFINITIONAL_REPRESENTATION('',(#2943),#2947);
#2943 = LINE('',#2944,#2945);
#2944 = CARTESIAN_POINT('',(1.451559610089,0.));
#2945 = VECTOR('',#2946,1.);
#2946 = DIRECTION('',(0.,1.));
#2947 = ( GEOMETRIC_REPRESENTATION_CONTEXT(2) 
PARAMETRIC_REPRESENTATION_CONTEXT() REPRESENTATION_CONTEXT('2D SPACE',''
  ) );
#2948 = ORIENTED_EDGE('',*,*,#2949,.T.);
#2949 = EDGE_CURVE('',#2920,#2839,#2950,.T.);
#2950 = SURFACE_CURVE('',#2951,(#2955,#2962),.PCURVE_S1.);
#2951 = LINE('',#2952,#2953);
#2952 = CARTESIAN_POINT('',(-1.876567184225,36.044087224847,
    75.080988765785));
#2953 = VECTOR('',#2954,1.);
#2954 = DIRECTION('',(0.809016994375,-0.509036960455,-0.293892626146));
#2955 = PCURVE('',#2856,#2956);
#2956 = DEFINITIONAL_REPRESENTATION('',(#2957),#2961);
#2957 = LINE('',#2958,#2959);
#2958 = CARTESIAN_POINT('',(0.,-1.));
#2959 = VECTOR('',#2960,1.);
#2960 = DIRECTION('',(-1.,0.));
#2961 = ( GEOMETRIC_REPRESENTATION_CONTEXT(2) 
PARAMETRIC_REPRESENTATION_CONTEXT() REPRESENTATION_CONTEXT('2D SPACE',''
  ) );
#2962 = PCURVE('',#2963,#2968);
#2963 = PLANE('',#2964);
#2964 = AXIS2_PLACEMENT_3D('',#2965,#2966,#2967);
#2965 = CARTESIAN_POINT('',(-1.876567184225,36.044087224847,
    75.080988765785));
#2966 = DIRECTION('',(-0.415626937777,-0.141866316771,-0.898403137105));
#2967 = DIRECTION('',(0.809016994375,-0.509036960455,-0.293892626146));
#2968 = DEFINITIONAL_REPRESENTATION('',(#2969),#2973);
#2969 = LINE('',#2970,#2971);
#2970 = CARTESIAN_POINT('',(0.,0.));
#2971 = VECTOR('',#2972,1.);
#2972 = DIRECTION('',(1.,3.608224830032E-16));
#2973 = ( GEOMETRIC_REPRESENTATION_CONTEXT(2) 
PARAMETRIC_REPRESENTATION_CONTEXT() REPRESENTATION_CONTEXT('2D SPACE',''
  ) );
#2974 = ORIENTED_EDGE('',*,*,#2838,.T.);
#2975 = ORIENTED_EDGE('',*,*,#2976,.F.);
#2976 = EDGE_CURVE('',#2922,#2841,#2977,.T.);
#2977 = SURFACE_CURVE('',#2978,(#2982,#2989),.PCURVE_S1.);
#2978 = LINE('',#2979,#2980);
#2979 = CARTESIAN_POINT('',(-1.876567184225,45.544087224847,
    58.62650609388));
#2980 = VECTOR('',#2981,1.);
#2981 = DIRECTION('',(0.809016994375,-0.509036960455,-0.293892626146));
#2982 = PCURVE('',#2856,#2983);
#2983 = DEFINITIONAL_REPRESENTATION('',(#2984),#2988);
#2984 = LINE('',#2985,#2986);
#2985 = CARTESIAN_POINT('',(0.,-20.));
#2986 = VECTOR('',#2987,1.);
#2987 = DIRECTION('',(-1.,0.));
#2988 = ( GEOMETRIC_REPRESENTATION_CONTEXT(2) 
PARAMETRIC_REPRESENTATION_CONTEXT() REPRESENTATION_CONTEXT('2D SPACE',''
  ) );
#2989 = PCURVE('',#128,#2990);
#2990 = DEFINITIONAL_REPRESENTATION('',(#2991),#2995);
#2991 = LINE('',#2992,#2993);
#2992 = CARTESIAN_POINT('',(-1.876567184225,18.844046843952));
#2993 = VECTOR('',#2994,1.);
#2994 = DIRECTION('',(0.809016994375,-0.587785252292));
#2995 = ( GEOMETRIC_REPRESENTATION_CONTEXT(2) 
PARAMETRIC_REPRESENTATION_CONTEXT() REPRESENTATION_CONTEXT('2D SPACE',''
  ) );
#2996 = ADVANCED_FACE('',(#2997),#2937,.T.);
#2997 = FACE_BOUND('',#2998,.T.);
#2998 = EDGE_LOOP('',(#2999,#3029,#3056,#3057));
#2999 = ORIENTED_EDGE('',*,*,#3000,.F.);
#3000 = EDGE_CURVE('',#3001,#3003,#3005,.T.);
#3001 = VERTEX_POINT('',#3002);
#3002 = CARTESIAN_POINT('',(-3.735169279439,36.109014786357,
    75.1184747109));
#3003 = VERTEX_POINT('',#3004);
#3004 = CARTESIAN_POINT('',(-3.735169279439,45.609014786357,
    58.663992038996));
#3005 = SURFACE_CURVE('',#3006,(#3010,#3017),.PCURVE_S1.);
#3006 = LINE('',#3007,#3008);
#3007 = CARTESIAN_POINT('',(-3.735169279439,35.609014786357,
    75.984500114685));
#3008 = VECTOR('',#3009,1.);
#3009 = DIRECTION('',(-5.947623346206E-16,0.5,-0.866025403784));
#3010 = PCURVE('',#2937,#3011);
#3011 = DEFINITIONAL_REPRESENTATION('',(#3012),#3016);
#3012 = LINE('',#3013,#3014);
#3013 = CARTESIAN_POINT('',(1.375873778142,0.));
#3014 = VECTOR('',#3015,1.);
#3015 = DIRECTION('',(0.,1.));
#3016 = ( GEOMETRIC_REPRESENTATION_CONTEXT(2) 
PARAMETRIC_REPRESENTATION_CONTEXT() REPRESENTATION_CONTEXT('2D SPACE',''
  ) );
#3017 = PCURVE('',#3018,#3023);
#3018 = PLANE('',#3019);
#3019 = AXIS2_PLACEMENT_3D('',#3020,#3021,#3022);
#3020 = CARTESIAN_POINT('',(-4.038409268756,35.247558265824,
    75.775813095255));
#3021 = DIRECTION('',(0.809016994375,-0.509036960455,-0.293892626146));
#3022 = DIRECTION('',(0.587785252292,0.700629269222,0.404508497187));
#3023 = DEFINITIONAL_REPRESENTATION('',(#3024),#3028);
#3024 = LINE('',#3025,#3026);
#3025 = CARTESIAN_POINT('',(0.515902684074,0.));
#3026 = VECTOR('',#3027,1.);
#3027 = DIRECTION('',(0.,-1.));
#3028 = ( GEOMETRIC_REPRESENTATION_CONTEXT(2) 
PARAMETRIC_REPRESENTATION_CONTEXT() REPRESENTATION_CONTEXT('2D SPACE',''
  ) );
#3029 = ORIENTED_EDGE('',*,*,#3030,.F.);
#3030 = EDGE_CURVE('',#2920,#3001,#3031,.T.);
#3031 = SURFACE_CURVE('',#3032,(#3037,#3044),.PCURVE_S1.);
#3032 = CIRCLE('',#3033,19.284210105952);
#3033 = AXIS2_PLACEMENT_3D('',#3034,#3035,#3036);
#3034 = CARTESIAN_POINT('',(3.383959779057E-13,19.724663947879,
    65.658965343808));
#3035 = DIRECTION('',(5.947623346206E-16,-0.5,0.866025403784));
#3036 = DIRECTION('',(1.,2.973811673103E-16,-5.150792909956E-16));
#3037 = PCURVE('',#2937,#3038);
#3038 = DEFINITIONAL_REPRESENTATION('',(#3039),#3043);
#3039 = LINE('',#3040,#3041);
#3040 = CARTESIAN_POINT('',(3.14159265359,1.));
#3041 = VECTOR('',#3042,1.);
#3042 = DIRECTION('',(-1.,0.));
#3043 = ( GEOMETRIC_REPRESENTATION_CONTEXT(2) 
PARAMETRIC_REPRESENTATION_CONTEXT() REPRESENTATION_CONTEXT('2D SPACE',''
  ) );
#3044 = PCURVE('',#3045,#3050);
#3045 = CONICAL_SURFACE('',#3046,18.284210105952,0.785398163397);
#3046 = AXIS2_PLACEMENT_3D('',#3047,#3048,#3049);
#3047 = CARTESIAN_POINT('',(3.392841563254E-13,19.224663947879,
    66.524990747592));
#3048 = DIRECTION('',(-5.947623346206E-16,0.5,-0.866025403784));
#3049 = DIRECTION('',(-1.,-2.973811673103E-16,5.150792909956E-16));
#3050 = DEFINITIONAL_REPRESENTATION('',(#3051),#3055);
#3051 = LINE('',#3052,#3053);
#3052 = CARTESIAN_POINT('',(3.14159265359,1.));
#3053 = VECTOR('',#3054,1.);
#3054 = DIRECTION('',(-1.,0.));
#3055 = ( GEOMETRIC_REPRESENTATION_CONTEXT(2) 
PARAMETRIC_REPRESENTATION_CONTEXT() REPRESENTATION_CONTEXT('2D SPACE',''
  ) );
#3056 = ORIENTED_EDGE('',*,*,#2919,.T.);
#3057 = ORIENTED_EDGE('',*,*,#3058,.T.);
#3058 = EDGE_CURVE('',#2922,#3003,#3059,.T.);
#3059 = SURFACE_CURVE('',#3060,(#3065,#3072),.PCURVE_S1.);
#3060 = CIRCLE('',#3061,19.284210105952);
#3061 = AXIS2_PLACEMENT_3D('',#3062,#3063,#3064);
#3062 = CARTESIAN_POINT('',(3.268496584496E-13,29.224663947879,
    49.204482671904));
#3063 = DIRECTION('',(5.947623346206E-16,-0.5,0.866025403784));
#3064 = DIRECTION('',(1.,2.973811673103E-16,-5.150792909956E-16));
#3065 = PCURVE('',#2937,#3066);
#3066 = DEFINITIONAL_REPRESENTATION('',(#3067),#3071);
#3067 = LINE('',#3068,#3069);
#3068 = CARTESIAN_POINT('',(3.14159265359,20.));
#3069 = VECTOR('',#3070,1.);
#3070 = DIRECTION('',(-1.,0.));
#3071 = ( GEOMETRIC_REPRESENTATION_CONTEXT(2) 
PARAMETRIC_REPRESENTATION_CONTEXT() REPRESENTATION_CONTEXT('2D SPACE',''
  ) );
#3072 = PCURVE('',#128,#3073);
#3073 = DEFINITIONAL_REPRESENTATION('',(#3074),#3078);
#3074 = CIRCLE('',#3075,19.284210105952);
#3075 = AXIS2_PLACEMENT_2D('',#3076,#3077);
#3076 = CARTESIAN_POINT('',(3.277378368693E-13,-1.572075802869E-12));
#3077 = DIRECTION('',(1.,0.));
#3078 = ( GEOMETRIC_REPRESENTATION_CONTEXT(2) 
PARAMETRIC_REPRESENTATION_CONTEXT() REPRESENTATION_CONTEXT('2D SPACE',''
  ) );
#3079 = ADVANCED_FACE('',(#3080),#3018,.F.);
#3080 = FACE_BOUND('',#3081,.T.);
#3081 = EDGE_LOOP('',(#3082,#3112,#3138,#3139));
#3082 = ORIENTED_EDGE('',*,*,#3083,.F.);
#3083 = EDGE_CURVE('',#3084,#3086,#3088,.T.);
#3084 = VERTEX_POINT('',#3085);
#3085 = CARTESIAN_POINT('',(-4.341649258073,35.386101745292,
    74.70110067204));
#3086 = VERTEX_POINT('',#3087);
#3087 = CARTESIAN_POINT('',(-4.341649258073,44.886101745292,
    58.246618000136));
#3088 = SURFACE_CURVE('',#3089,(#3093,#3100),.PCURVE_S1.);
#3089 = LINE('',#3090,#3091);
#3090 = CARTESIAN_POINT('',(-4.341649258073,34.886101745292,
    75.567126075825));
#3091 = VECTOR('',#3092,1.);
#3092 = DIRECTION('',(-5.947623346206E-16,0.5,-0.866025403784));
#3093 = PCURVE('',#3018,#3094);
#3094 = DEFINITIONAL_REPRESENTATION('',(#3095),#3099);
#3095 = LINE('',#3096,#3097);
#3096 = CARTESIAN_POINT('',(-0.515902684074,0.));
#3097 = VECTOR('',#3098,1.);
#3098 = DIRECTION('',(0.,-1.));
#3099 = ( GEOMETRIC_REPRESENTATION_CONTEXT(2) 
PARAMETRIC_REPRESENTATION_CONTEXT() REPRESENTATION_CONTEXT('2D SPACE',''
  ) );
#3100 = PCURVE('',#3101,#3106);
#3101 = PLANE('',#3102);
#3102 = AXIS2_PLACEMENT_3D('',#3103,#3104,#3105);
#3103 = CARTESIAN_POINT('',(-4.801321915429,35.088937813671,
    75.684233534505));
#3104 = DIRECTION('',(0.45399049974,0.771634284885,0.445503262094));
#3105 = DIRECTION('',(-0.891006524188,0.393167305851,0.22699524987));
#3106 = DEFINITIONAL_REPRESENTATION('',(#3107),#3111);
#3107 = LINE('',#3108,#3109);
#3108 = CARTESIAN_POINT('',(-0.515902684074,0.));
#3109 = VECTOR('',#3110,1.);
#3110 = DIRECTION('',(0.,-1.));
#3111 = ( GEOMETRIC_REPRESENTATION_CONTEXT(2) 
PARAMETRIC_REPRESENTATION_CONTEXT() REPRESENTATION_CONTEXT('2D SPACE',''
  ) );
#3112 = ORIENTED_EDGE('',*,*,#3113,.T.);
#3113 = EDGE_CURVE('',#3084,#3001,#3114,.T.);
#3114 = SURFACE_CURVE('',#3115,(#3119,#3126),.PCURVE_S1.);
#3115 = LINE('',#3116,#3117);
#3116 = CARTESIAN_POINT('',(-3.735169279439,36.109014786357,
    75.1184747109));
#3117 = VECTOR('',#3118,1.);
#3118 = DIRECTION('',(0.587785252292,0.700629269222,0.404508497187));
#3119 = PCURVE('',#3018,#3120);
#3120 = DEFINITIONAL_REPRESENTATION('',(#3121),#3125);
#3121 = LINE('',#3122,#3123);
#3122 = CARTESIAN_POINT('',(0.515902684074,-1.));
#3123 = VECTOR('',#3124,1.);
#3124 = DIRECTION('',(1.,0.));
#3125 = ( GEOMETRIC_REPRESENTATION_CONTEXT(2) 
PARAMETRIC_REPRESENTATION_CONTEXT() REPRESENTATION_CONTEXT('2D SPACE',''
  ) );
#3126 = PCURVE('',#3127,#3132);
#3127 = PLANE('',#3128);
#3128 = AXIS2_PLACEMENT_3D('',#3129,#3130,#3131);
#3129 = CARTESIAN_POINT('',(-10.63221106197,25.914496719674,
    70.387367499222));
#3130 = DIRECTION('',(-0.572061402818,6.390096019135E-03,0.820185904585)
  );
#3131 = DIRECTION('',(0.587785252292,0.700629269222,0.404508497187));
#3132 = DEFINITIONAL_REPRESENTATION('',(#3133),#3137);
#3133 = LINE('',#3134,#3135);
#3134 = CARTESIAN_POINT('',(13.110330255582,1.414213562373));
#3135 = VECTOR('',#3136,1.);
#3136 = DIRECTION('',(1.,8.326672684689E-17));
#3137 = ( GEOMETRIC_REPRESENTATION_CONTEXT(2) 
PARAMETRIC_REPRESENTATION_CONTEXT() REPRESENTATION_CONTEXT('2D SPACE',''
  ) );
#3138 = ORIENTED_EDGE('',*,*,#3000,.T.);
#3139 = ORIENTED_EDGE('',*,*,#3140,.T.);
#3140 = EDGE_CURVE('',#3003,#3086,#3141,.T.);
#3141 = SURFACE_CURVE('',#3142,(#3146,#3153),.PCURVE_S1.);
#3142 = LINE('',#3143,#3144);
#3143 = CARTESIAN_POINT('',(-4.038409268756,45.247558265824,
    58.455305019566));
#3144 = VECTOR('',#3145,1.);
#3145 = DIRECTION('',(-0.587785252292,-0.700629269222,-0.404508497187));
#3146 = PCURVE('',#3018,#3147);
#3147 = DEFINITIONAL_REPRESENTATION('',(#3148),#3152);
#3148 = LINE('',#3149,#3150);
#3149 = CARTESIAN_POINT('',(0.,-20.));
#3150 = VECTOR('',#3151,1.);
#3151 = DIRECTION('',(-1.,0.));
#3152 = ( GEOMETRIC_REPRESENTATION_CONTEXT(2) 
PARAMETRIC_REPRESENTATION_CONTEXT() REPRESENTATION_CONTEXT('2D SPACE',''
  ) );
#3153 = PCURVE('',#128,#3154);
#3154 = DEFINITIONAL_REPRESENTATION('',(#3155),#3159);
#3155 = LINE('',#3156,#3157);
#3156 = CARTESIAN_POINT('',(-4.038409268756,18.501644695323));
#3157 = VECTOR('',#3158,1.);
#3158 = DIRECTION('',(-0.587785252292,-0.809016994375));
#3159 = ( GEOMETRIC_REPRESENTATION_CONTEXT(2) 
PARAMETRIC_REPRESENTATION_CONTEXT() REPRESENTATION_CONTEXT('2D SPACE',''
  ) );
#3160 = ADVANCED_FACE('',(#3161),#3101,.T.);
#3161 = FACE_BOUND('',#3162,.T.);
#3162 = EDGE_LOOP('',(#3163,#3193,#3219,#3220));
#3163 = ORIENTED_EDGE('',*,*,#3164,.F.);
#3164 = EDGE_CURVE('',#3165,#3167,#3169,.T.);
#3165 = VERTEX_POINT('',#3166);
#3166 = CARTESIAN_POINT('',(-5.260994572786,35.791773882049,
    74.9353155894));
#3167 = VERTEX_POINT('',#3168);
#3168 = CARTESIAN_POINT('',(-5.260994572786,45.291773882049,
    58.480832917496));
#3169 = SURFACE_CURVE('',#3170,(#3174,#3181),.PCURVE_S1.);
#3170 = LINE('',#3171,#3172);
#3171 = CARTESIAN_POINT('',(-5.260994572786,35.291773882049,
    75.801340993185));
#3172 = VECTOR('',#3173,1.);
#3173 = DIRECTION('',(-5.947623346206E-16,0.5,-0.866025403784));
#3174 = PCURVE('',#3101,#3175);
#3175 = DEFINITIONAL_REPRESENTATION('',(#3176),#3180);
#3176 = LINE('',#3177,#3178);
#3177 = CARTESIAN_POINT('',(0.515902684074,0.));
#3178 = VECTOR('',#3179,1.);
#3179 = DIRECTION('',(0.,-1.));
#3180 = ( GEOMETRIC_REPRESENTATION_CONTEXT(2) 
PARAMETRIC_REPRESENTATION_CONTEXT() REPRESENTATION_CONTEXT('2D SPACE',''
  ) );
#3181 = PCURVE('',#3182,#3187);
#3182 = CYLINDRICAL_SURFACE('',#3183,19.284210105952);
#3183 = AXIS2_PLACEMENT_3D('',#3184,#3185,#3186);
#3184 = CARTESIAN_POINT('',(5.559996907323E-13,19.224663947879,
    66.524990747592));
#3185 = DIRECTION('',(-5.947623346206E-16,0.5,-0.866025403784));
#3186 = DIRECTION('',(-1.,-2.973811673103E-16,5.150792909956E-16));
#3187 = DEFINITIONAL_REPRESENTATION('',(#3188),#3192);
#3188 = LINE('',#3189,#3190);
#3189 = CARTESIAN_POINT('',(1.29447997741,0.));
#3190 = VECTOR('',#3191,1.);
#3191 = DIRECTION('',(0.,1.));
#3192 = ( GEOMETRIC_REPRESENTATION_CONTEXT(2) 
PARAMETRIC_REPRESENTATION_CONTEXT() REPRESENTATION_CONTEXT('2D SPACE',''
  ) );
#3193 = ORIENTED_EDGE('',*,*,#3194,.T.);
#3194 = EDGE_CURVE('',#3165,#3084,#3195,.T.);
#3195 = SURFACE_CURVE('',#3196,(#3200,#3207),.PCURVE_S1.);
#3196 = LINE('',#3197,#3198);
#3197 = CARTESIAN_POINT('',(-4.801321915429,35.588937813671,
    74.81820813072));
#3198 = VECTOR('',#3199,1.);
#3199 = DIRECTION('',(0.891006524188,-0.393167305851,-0.22699524987));
#3200 = PCURVE('',#3101,#3201);
#3201 = DEFINITIONAL_REPRESENTATION('',(#3202),#3206);
#3202 = LINE('',#3203,#3204);
#3203 = CARTESIAN_POINT('',(0.,-1.));
#3204 = VECTOR('',#3205,1.);
#3205 = DIRECTION('',(-1.,0.));
#3206 = ( GEOMETRIC_REPRESENTATION_CONTEXT(2) 
PARAMETRIC_REPRESENTATION_CONTEXT() REPRESENTATION_CONTEXT('2D SPACE',''
  ) );
#3207 = PCURVE('',#3208,#3213);
#3208 = PLANE('',#3209);
#3209 = AXIS2_PLACEMENT_3D('',#3210,#3211,#3212);
#3210 = CARTESIAN_POINT('',(-4.801321915429,35.588937813671,
    74.81820813072));
#3211 = DIRECTION('',(-0.32101976096,-0.192074444845,-0.927390813363));
#3212 = DIRECTION('',(0.891006524188,-0.393167305851,-0.22699524987));
#3213 = DEFINITIONAL_REPRESENTATION('',(#3214),#3218);
#3214 = LINE('',#3215,#3216);
#3215 = CARTESIAN_POINT('',(0.,0.));
#3216 = VECTOR('',#3217,1.);
#3217 = DIRECTION('',(1.,1.110223024625E-16));
#3218 = ( GEOMETRIC_REPRESENTATION_CONTEXT(2) 
PARAMETRIC_REPRESENTATION_CONTEXT() REPRESENTATION_CONTEXT('2D SPACE',''
  ) );
#3219 = ORIENTED_EDGE('',*,*,#3083,.T.);
#3220 = ORIENTED_EDGE('',*,*,#3221,.F.);
#3221 = EDGE_CURVE('',#3167,#3086,#3222,.T.);
#3222 = SURFACE_CURVE('',#3223,(#3227,#3234),.PCURVE_S1.);
#3223 = LINE('',#3224,#3225);
#3224 = CARTESIAN_POINT('',(-4.801321915429,45.088937813671,
    58.363725458816));
#3225 = VECTOR('',#3226,1.);
#3226 = DIRECTION('',(0.891006524188,-0.393167305851,-0.22699524987));
#3227 = PCURVE('',#3101,#3228);
#3228 = DEFINITIONAL_REPRESENTATION('',(#3229),#3233);
#3229 = LINE('',#3230,#3231);
#3230 = CARTESIAN_POINT('',(0.,-20.));
#3231 = VECTOR('',#3232,1.);
#3232 = DIRECTION('',(-1.,0.));
#3233 = ( GEOMETRIC_REPRESENTATION_CONTEXT(2) 
PARAMETRIC_REPRESENTATION_CONTEXT() REPRESENTATION_CONTEXT('2D SPACE',''
  ) );
#3234 = PCURVE('',#128,#3235);
#3235 = DEFINITIONAL_REPRESENTATION('',(#3236),#3240);
#3236 = LINE('',#3237,#3238);
#3237 = CARTESIAN_POINT('',(-4.801321915429,18.318485573823));
#3238 = VECTOR('',#3239,1.);
#3239 = DIRECTION('',(0.891006524188,-0.45399049974));
#3240 = ( GEOMETRIC_REPRESENTATION_CONTEXT(2) 
PARAMETRIC_REPRESENTATION_CONTEXT() REPRESENTATION_CONTEXT('2D SPACE',''
  ) );
#3241 = ADVANCED_FACE('',(#3242),#3182,.T.);
#3242 = FACE_BOUND('',#3243,.T.);
#3243 = EDGE_LOOP('',(#3244,#3274,#3301,#3302));
#3244 = ORIENTED_EDGE('',*,*,#3245,.F.);
#3245 = EDGE_CURVE('',#3246,#3248,#3250,.T.);
#3246 = VERTEX_POINT('',#3247);
#3247 = CARTESIAN_POINT('',(-6.648769722219,35.401269621416,
    74.709857849404));
#3248 = VERTEX_POINT('',#3249);
#3249 = CARTESIAN_POINT('',(-6.648769722219,44.901269621416,
    58.255375177499));
#3250 = SURFACE_CURVE('',#3251,(#3255,#3262),.PCURVE_S1.);
#3251 = LINE('',#3252,#3253);
#3252 = CARTESIAN_POINT('',(-6.648769722219,34.901269621416,
    75.575883253188));
#3253 = VECTOR('',#3254,1.);
#3254 = DIRECTION('',(-5.947623346206E-16,0.5,-0.866025403784));
#3255 = PCURVE('',#3182,#3256);
#3256 = DEFINITIONAL_REPRESENTATION('',(#3257),#3261);
#3257 = LINE('',#3258,#3259);
#3258 = CARTESIAN_POINT('',(1.218794145462,0.));
#3259 = VECTOR('',#3260,1.);
#3260 = DIRECTION('',(0.,1.));
#3261 = ( GEOMETRIC_REPRESENTATION_CONTEXT(2) 
PARAMETRIC_REPRESENTATION_CONTEXT() REPRESENTATION_CONTEXT('2D SPACE',''
  ) );
#3262 = PCURVE('',#3263,#3268);
#3263 = PLANE('',#3264);
#3264 = AXIS2_PLACEMENT_3D('',#3265,#3266,#3267);
#3265 = CARTESIAN_POINT('',(-6.882984639579,34.50318142272,
    75.34604692451));
#3266 = DIRECTION('',(0.891006524188,-0.393167305851,-0.22699524987));
#3267 = DIRECTION('',(0.45399049974,0.771634284885,0.445503262094));
#3268 = DEFINITIONAL_REPRESENTATION('',(#3269),#3273);
#3269 = LINE('',#3270,#3271);
#3270 = CARTESIAN_POINT('',(0.515902684074,0.));
#3271 = VECTOR('',#3272,1.);
#3272 = DIRECTION('',(0.,-1.));
#3273 = ( GEOMETRIC_REPRESENTATION_CONTEXT(2) 
PARAMETRIC_REPRESENTATION_CONTEXT() REPRESENTATION_CONTEXT('2D SPACE',''
  ) );
#3274 = ORIENTED_EDGE('',*,*,#3275,.F.);
#3275 = EDGE_CURVE('',#3165,#3246,#3276,.T.);
#3276 = SURFACE_CURVE('',#3277,(#3282,#3289),.PCURVE_S1.);
#3277 = CIRCLE('',#3278,19.284210105952);
#3278 = AXIS2_PLACEMENT_3D('',#3279,#3280,#3281);
#3279 = CARTESIAN_POINT('',(5.551115123126E-13,19.724663947879,
    65.658965343808));
#3280 = DIRECTION('',(5.947623346206E-16,-0.5,0.866025403784));
#3281 = DIRECTION('',(1.,2.973811673103E-16,-5.150792909956E-16));
#3282 = PCURVE('',#3182,#3283);
#3283 = DEFINITIONAL_REPRESENTATION('',(#3284),#3288);
#3284 = LINE('',#3285,#3286);
#3285 = CARTESIAN_POINT('',(3.14159265359,1.));
#3286 = VECTOR('',#3287,1.);
#3287 = DIRECTION('',(-1.,0.));
#3288 = ( GEOMETRIC_REPRESENTATION_CONTEXT(2) 
PARAMETRIC_REPRESENTATION_CONTEXT() REPRESENTATION_CONTEXT('2D SPACE',''
  ) );
#3289 = PCURVE('',#3290,#3295);
#3290 = CONICAL_SURFACE('',#3291,18.284210105952,0.785398163397);
#3291 = AXIS2_PLACEMENT_3D('',#3292,#3293,#3294);
#3292 = CARTESIAN_POINT('',(5.559996907323E-13,19.224663947879,
    66.524990747592));
#3293 = DIRECTION('',(-5.947623346206E-16,0.5,-0.866025403784));
#3294 = DIRECTION('',(-1.,-2.973811673103E-16,5.150792909956E-16));
#3295 = DEFINITIONAL_REPRESENTATION('',(#3296),#3300);
#3296 = LINE('',#3297,#3298);
#3297 = CARTESIAN_POINT('',(3.14159265359,1.));
#3298 = VECTOR('',#3299,1.);
#3299 = DIRECTION('',(-1.,0.));
#3300 = ( GEOMETRIC_REPRESENTATION_CONTEXT(2) 
PARAMETRIC_REPRESENTATION_CONTEXT() REPRESENTATION_CONTEXT('2D SPACE',''
  ) );
#3301 = ORIENTED_EDGE('',*,*,#3164,.T.);
#3302 = ORIENTED_EDGE('',*,*,#3303,.T.);
#3303 = EDGE_CURVE('',#3167,#3248,#3304,.T.);
#3304 = SURFACE_CURVE('',#3305,(#3310,#3317),.PCURVE_S1.);
#3305 = CIRCLE('',#3306,19.284210105952);
#3306 = AXIS2_PLACEMENT_3D('',#3307,#3308,#3309);
#3307 = CARTESIAN_POINT('',(5.435651928565E-13,29.224663947879,
    49.204482671903));
#3308 = DIRECTION('',(5.947623346206E-16,-0.5,0.866025403784));
#3309 = DIRECTION('',(1.,2.973811673103E-16,-5.150792909956E-16));
#3310 = PCURVE('',#3182,#3311);
#3311 = DEFINITIONAL_REPRESENTATION('',(#3312),#3316);
#3312 = LINE('',#3313,#3314);
#3313 = CARTESIAN_POINT('',(3.14159265359,20.));
#3314 = VECTOR('',#3315,1.);
#3315 = DIRECTION('',(-1.,0.));
#3316 = ( GEOMETRIC_REPRESENTATION_CONTEXT(2) 
PARAMETRIC_REPRESENTATION_CONTEXT() REPRESENTATION_CONTEXT('2D SPACE',''
  ) );
#3317 = PCURVE('',#128,#3318);
#3318 = DEFINITIONAL_REPRESENTATION('',(#3319),#3323);
#3319 = CIRCLE('',#3320,19.284210105952);
#3320 = AXIS2_PLACEMENT_2D('',#3321,#3322);
#3321 = CARTESIAN_POINT('',(5.444533712762E-13,-2.029487689015E-12));
#3322 = DIRECTION('',(1.,0.));
#3323 = ( GEOMETRIC_REPRESENTATION_CONTEXT(2) 
PARAMETRIC_REPRESENTATION_CONTEXT() REPRESENTATION_CONTEXT('2D SPACE',''
  ) );
#3324 = ADVANCED_FACE('',(#3325),#3263,.F.);
#3325 = FACE_BOUND('',#3326,.T.);
#3326 = EDGE_LOOP('',(#3327,#3357,#3383,#3384));
#3327 = ORIENTED_EDGE('',*,*,#3328,.F.);
#3328 = EDGE_CURVE('',#3329,#3331,#3333,.T.);
#3329 = VERTEX_POINT('',#3330);
#3330 = CARTESIAN_POINT('',(-7.117199556939,34.605093224024,
    74.250185192047));
#3331 = VERTEX_POINT('',#3332);
#3332 = CARTESIAN_POINT('',(-7.117199556939,44.105093224024,
    57.795702520143));
#3333 = SURFACE_CURVE('',#3334,(#3338,#3345),.PCURVE_S1.);
#3334 = LINE('',#3335,#3336);
#3335 = CARTESIAN_POINT('',(-7.117199556939,34.105093224024,
    75.116210595832));
#3336 = VECTOR('',#3337,1.);
#3337 = DIRECTION('',(-5.947623346206E-16,0.5,-0.866025403784));
#3338 = PCURVE('',#3263,#3339);
#3339 = DEFINITIONAL_REPRESENTATION('',(#3340),#3344);
#3340 = LINE('',#3341,#3342);
#3341 = CARTESIAN_POINT('',(-0.515902684074,0.));
#3342 = VECTOR('',#3343,1.);
#3343 = DIRECTION('',(0.,-1.));
#3344 = ( GEOMETRIC_REPRESENTATION_CONTEXT(2) 
PARAMETRIC_REPRESENTATION_CONTEXT() REPRESENTATION_CONTEXT('2D SPACE',''
  ) );
#3345 = PCURVE('',#3346,#3351);
#3346 = PLANE('',#3347);
#3347 = AXIS2_PLACEMENT_3D('',#3348,#3349,#3350);
#3348 = CARTESIAN_POINT('',(-7.607852166402,34.243157329412,
    75.195921944243));
#3349 = DIRECTION('',(0.309016994375,0.823639103546,0.475528258148));
#3350 = DIRECTION('',(-0.951056516295,0.26761656733,0.154508497187));
#3351 = DEFINITIONAL_REPRESENTATION('',(#3352),#3356);
#3352 = LINE('',#3353,#3354);
#3353 = CARTESIAN_POINT('',(-0.515902684074,0.));
#3354 = VECTOR('',#3355,1.);
#3355 = DIRECTION('',(0.,-1.));
#3356 = ( GEOMETRIC_REPRESENTATION_CONTEXT(2) 
PARAMETRIC_REPRESENTATION_CONTEXT() REPRESENTATION_CONTEXT('2D SPACE',''
  ) );
#3357 = ORIENTED_EDGE('',*,*,#3358,.T.);
#3358 = EDGE_CURVE('',#3329,#3246,#3359,.T.);
#3359 = SURFACE_CURVE('',#3360,(#3364,#3371),.PCURVE_S1.);
#3360 = LINE('',#3361,#3362);
#3361 = CARTESIAN_POINT('',(-6.648769722219,35.401269621416,
    74.709857849404));
#3362 = VECTOR('',#3363,1.);
#3363 = DIRECTION('',(0.45399049974,0.771634284885,0.445503262094));
#3364 = PCURVE('',#3263,#3365);
#3365 = DEFINITIONAL_REPRESENTATION('',(#3366),#3370);
#3366 = LINE('',#3367,#3368);
#3367 = CARTESIAN_POINT('',(0.515902684074,-1.));
#3368 = VECTOR('',#3369,1.);
#3369 = DIRECTION('',(1.,0.));
#3370 = ( GEOMETRIC_REPRESENTATION_CONTEXT(2) 
PARAMETRIC_REPRESENTATION_CONTEXT() REPRESENTATION_CONTEXT('2D SPACE',''
  ) );
#3371 = PCURVE('',#3372,#3377);
#3372 = PLANE('',#3373);
#3373 = AXIS2_PLACEMENT_3D('',#3374,#3375,#3376);
#3374 = CARTESIAN_POINT('',(-11.70972858251,24.391722004195,
    69.508193107324));
#3375 = DIRECTION('',(-0.630036755335,-7.554212248502E-02,0.772882316176
    ));
#3376 = DIRECTION('',(0.45399049974,0.771634284885,0.445503262094));
#3377 = DEFINITIONAL_REPRESENTATION('',(#3378),#3382);
#3378 = LINE('',#3379,#3380);
#3379 = CARTESIAN_POINT('',(13.110330255582,1.414213562373));
#3380 = VECTOR('',#3381,1.);
#3381 = DIRECTION('',(1.,1.665334536938E-16));
#3382 = ( GEOMETRIC_REPRESENTATION_CONTEXT(2) 
PARAMETRIC_REPRESENTATION_CONTEXT() REPRESENTATION_CONTEXT('2D SPACE',''
  ) );
#3383 = ORIENTED_EDGE('',*,*,#3245,.T.);
#3384 = ORIENTED_EDGE('',*,*,#3385,.T.);
#3385 = EDGE_CURVE('',#3248,#3331,#3386,.T.);
#3386 = SURFACE_CURVE('',#3387,(#3391,#3398),.PCURVE_S1.);
#3387 = LINE('',#3388,#3389);
#3388 = CARTESIAN_POINT('',(-6.882984639579,44.50318142272,
    58.025538848821));
#3389 = VECTOR('',#3390,1.);
#3390 = DIRECTION('',(-0.45399049974,-0.771634284885,-0.445503262094));
#3391 = PCURVE('',#3263,#3392);
#3392 = DEFINITIONAL_REPRESENTATION('',(#3393),#3397);
#3393 = LINE('',#3394,#3395);
#3394 = CARTESIAN_POINT('',(0.,-20.));
#3395 = VECTOR('',#3396,1.);
#3396 = DIRECTION('',(-1.,0.));
#3397 = ( GEOMETRIC_REPRESENTATION_CONTEXT(2) 
PARAMETRIC_REPRESENTATION_CONTEXT() REPRESENTATION_CONTEXT('2D SPACE',''
  ) );
#3398 = PCURVE('',#128,#3399);
#3399 = DEFINITIONAL_REPRESENTATION('',(#3400),#3404);
#3400 = LINE('',#3401,#3402);
#3401 = CARTESIAN_POINT('',(-6.882984639579,17.642112353833));
#3402 = VECTOR('',#3403,1.);
#3403 = DIRECTION('',(-0.45399049974,-0.891006524188));
#3404 = ( GEOMETRIC_REPRESENTATION_CONTEXT(2) 
PARAMETRIC_REPRESENTATION_CONTEXT() REPRESENTATION_CONTEXT('2D SPACE',''
  ) );
#3405 = ADVANCED_FACE('',(#3406),#3346,.T.);
#3406 = FACE_BOUND('',#3407,.T.);
#3407 = EDGE_LOOP('',(#3408,#3438,#3464,#3465));
#3408 = ORIENTED_EDGE('',*,*,#3409,.F.);
#3409 = EDGE_CURVE('',#3410,#3412,#3414,.T.);
#3410 = VERTEX_POINT('',#3411);
#3411 = CARTESIAN_POINT('',(-8.098504775865,34.8812214348,74.40960788887
    ));
#3412 = VERTEX_POINT('',#3413);
#3413 = CARTESIAN_POINT('',(-8.098504775865,44.3812214348,
    57.955125216965));
#3414 = SURFACE_CURVE('',#3415,(#3419,#3426),.PCURVE_S1.);
#3415 = LINE('',#3416,#3417);
#3416 = CARTESIAN_POINT('',(-8.098504775865,34.3812214348,
    75.275633292654));
#3417 = VECTOR('',#3418,1.);
#3418 = DIRECTION('',(-5.947623346206E-16,0.5,-0.866025403784));
#3419 = PCURVE('',#3346,#3420);
#3420 = DEFINITIONAL_REPRESENTATION('',(#3421),#3425);
#3421 = LINE('',#3422,#3423);
#3422 = CARTESIAN_POINT('',(0.515902684074,0.));
#3423 = VECTOR('',#3424,1.);
#3424 = DIRECTION('',(0.,-1.));
#3425 = ( GEOMETRIC_REPRESENTATION_CONTEXT(2) 
PARAMETRIC_REPRESENTATION_CONTEXT() REPRESENTATION_CONTEXT('2D SPACE',''
  ) );
#3426 = PCURVE('',#3427,#3432);
#3427 = CYLINDRICAL_SURFACE('',#3428,19.284210105951);
#3428 = AXIS2_PLACEMENT_3D('',#3429,#3430,#3431);
#3429 = CARTESIAN_POINT('',(5.702105454475E-13,19.22466394788,
    66.524990747593));
#3430 = DIRECTION('',(-5.947623346206E-16,0.5,-0.866025403784));
#3431 = DIRECTION('',(-1.,-2.973811673103E-16,5.150792909956E-16));
#3432 = DEFINITIONAL_REPRESENTATION('',(#3433),#3437);
#3433 = LINE('',#3434,#3435);
#3434 = CARTESIAN_POINT('',(1.13740034473,0.));
#3435 = VECTOR('',#3436,1.);
#3436 = DIRECTION('',(0.,1.));
#3437 = ( GEOMETRIC_REPRESENTATION_CONTEXT(2) 
PARAMETRIC_REPRESENTATION_CONTEXT() REPRESENTATION_CONTEXT('2D SPACE',''
  ) );
#3438 = ORIENTED_EDGE('',*,*,#3439,.T.);
#3439 = EDGE_CURVE('',#3410,#3329,#3440,.T.);
#3440 = SURFACE_CURVE('',#3441,(#3445,#3452),.PCURVE_S1.);
#3441 = LINE('',#3442,#3443);
#3442 = CARTESIAN_POINT('',(-7.607852166402,34.743157329412,
    74.329896540459));
#3443 = VECTOR('',#3444,1.);
#3444 = DIRECTION('',(0.951056516295,-0.26761656733,-0.154508497187));
#3445 = PCURVE('',#3346,#3446);
#3446 = DEFINITIONAL_REPRESENTATION('',(#3447),#3451);
#3447 = LINE('',#3448,#3449);
#3448 = CARTESIAN_POINT('',(0.,-1.));
#3449 = VECTOR('',#3450,1.);
#3450 = DIRECTION('',(-1.,0.));
#3451 = ( GEOMETRIC_REPRESENTATION_CONTEXT(2) 
PARAMETRIC_REPRESENTATION_CONTEXT() REPRESENTATION_CONTEXT('2D SPACE',''
  ) );
#3452 = PCURVE('',#3453,#3458);
#3453 = PLANE('',#3454);
#3454 = AXIS2_PLACEMENT_3D('',#3455,#3456,#3457);
#3455 = CARTESIAN_POINT('',(-7.607852166402,34.743157329412,
    74.329896540459));
#3456 = DIRECTION('',(-0.218508012224,-0.228847404775,-0.948621691678));
#3457 = DIRECTION('',(0.951056516295,-0.26761656733,-0.154508497187));
#3458 = DEFINITIONAL_REPRESENTATION('',(#3459),#3463);
#3459 = LINE('',#3460,#3461);
#3460 = CARTESIAN_POINT('',(0.,0.));
#3461 = VECTOR('',#3462,1.);
#3462 = DIRECTION('',(1.,9.71445146547E-17));
#3463 = ( GEOMETRIC_REPRESENTATION_CONTEXT(2) 
PARAMETRIC_REPRESENTATION_CONTEXT() REPRESENTATION_CONTEXT('2D SPACE',''
  ) );
#3464 = ORIENTED_EDGE('',*,*,#3328,.T.);
#3465 = ORIENTED_EDGE('',*,*,#3466,.F.);
#3466 = EDGE_CURVE('',#3412,#3331,#3467,.T.);
#3467 = SURFACE_CURVE('',#3468,(#3472,#3479),.PCURVE_S1.);
#3468 = LINE('',#3469,#3470);
#3469 = CARTESIAN_POINT('',(-7.607852166402,44.243157329412,
    57.875413868554));
#3470 = VECTOR('',#3471,1.);
#3471 = DIRECTION('',(0.951056516295,-0.26761656733,-0.154508497187));
#3472 = PCURVE('',#3346,#3473);
#3473 = DEFINITIONAL_REPRESENTATION('',(#3474),#3478);
#3474 = LINE('',#3475,#3476);
#3475 = CARTESIAN_POINT('',(0.,-20.));
#3476 = VECTOR('',#3477,1.);
#3477 = DIRECTION('',(-1.,0.));
#3478 = ( GEOMETRIC_REPRESENTATION_CONTEXT(2) 
PARAMETRIC_REPRESENTATION_CONTEXT() REPRESENTATION_CONTEXT('2D SPACE',''
  ) );
#3479 = PCURVE('',#128,#3480);
#3480 = DEFINITIONAL_REPRESENTATION('',(#3481),#3485);
#3481 = LINE('',#3482,#3483);
#3482 = CARTESIAN_POINT('',(-7.607852166402,17.3418623933));
#3483 = VECTOR('',#3484,1.);
#3484 = DIRECTION('',(0.951056516295,-0.309016994375));
#3485 = ( GEOMETRIC_REPRESENTATION_CONTEXT(2) 
PARAMETRIC_REPRESENTATION_CONTEXT() REPRESENTATION_CONTEXT('2D SPACE',''
  ) );
#3486 = ADVANCED_FACE('',(#3487),#3427,.T.);
#3487 = FACE_BOUND('',#3488,.T.);
#3488 = EDGE_LOOP('',(#3489,#3519,#3546,#3547));
#3489 = ORIENTED_EDGE('',*,*,#3490,.F.);
#3490 = EDGE_CURVE('',#3491,#3493,#3495,.T.);
#3491 = VERTEX_POINT('',#3492);
#3492 = CARTESIAN_POINT('',(-9.398655388436,34.30751439712,
    74.078377976229));
#3493 = VERTEX_POINT('',#3494);
#3494 = CARTESIAN_POINT('',(-9.398655388436,43.80751439712,
    57.623895304325));
#3495 = SURFACE_CURVE('',#3496,(#3500,#3507),.PCURVE_S1.);
#3496 = LINE('',#3497,#3498);
#3497 = CARTESIAN_POINT('',(-9.398655388436,33.80751439712,
    74.944403380014));
#3498 = VECTOR('',#3499,1.);
#3499 = DIRECTION('',(-5.947623346206E-16,0.5,-0.866025403784));
#3500 = PCURVE('',#3427,#3501);
#3501 = DEFINITIONAL_REPRESENTATION('',(#3502),#3506);
#3502 = LINE('',#3503,#3504);
#3503 = CARTESIAN_POINT('',(1.061714512783,0.));
#3504 = VECTOR('',#3505,1.);
#3505 = DIRECTION('',(0.,1.));
#3506 = ( GEOMETRIC_REPRESENTATION_CONTEXT(2) 
PARAMETRIC_REPRESENTATION_CONTEXT() REPRESENTATION_CONTEXT('2D SPACE',''
  ) );
#3507 = PCURVE('',#3508,#3513);
#3508 = PLANE('',#3509);
#3509 = AXIS2_PLACEMENT_3D('',#3510,#3511,#3512);
#3510 = CARTESIAN_POINT('',(-9.558078085259,33.382596772892,
    74.699077075282));
#3511 = DIRECTION('',(0.951056516295,-0.26761656733,-0.154508497187));
#3512 = DIRECTION('',(0.309016994375,0.823639103546,0.475528258148));
#3513 = DEFINITIONAL_REPRESENTATION('',(#3514),#3518);
#3514 = LINE('',#3515,#3516);
#3515 = CARTESIAN_POINT('',(0.515902684074,0.));
#3516 = VECTOR('',#3517,1.);
#3517 = DIRECTION('',(0.,-1.));
#3518 = ( GEOMETRIC_REPRESENTATION_CONTEXT(2) 
PARAMETRIC_REPRESENTATION_CONTEXT() REPRESENTATION_CONTEXT('2D SPACE',''
  ) );
#3519 = ORIENTED_EDGE('',*,*,#3520,.F.);
#3520 = EDGE_CURVE('',#3410,#3491,#3521,.T.);
#3521 = SURFACE_CURVE('',#3522,(#3527,#3534),.PCURVE_S1.);
#3522 = CIRCLE('',#3523,19.284210105951);
#3523 = AXIS2_PLACEMENT_3D('',#3524,#3525,#3526);
#3524 = CARTESIAN_POINT('',(5.693223670278E-13,19.72466394788,
    65.658965343808));
#3525 = DIRECTION('',(5.947623346206E-16,-0.5,0.866025403784));
#3526 = DIRECTION('',(1.,2.973811673103E-16,-5.150792909956E-16));
#3527 = PCURVE('',#3427,#3528);
#3528 = DEFINITIONAL_REPRESENTATION('',(#3529),#3533);
#3529 = LINE('',#3530,#3531);
#3530 = CARTESIAN_POINT('',(3.14159265359,1.));
#3531 = VECTOR('',#3532,1.);
#3532 = DIRECTION('',(-1.,0.));
#3533 = ( GEOMETRIC_REPRESENTATION_CONTEXT(2) 
PARAMETRIC_REPRESENTATION_CONTEXT() REPRESENTATION_CONTEXT('2D SPACE',''
  ) );
#3534 = PCURVE('',#3535,#3540);
#3535 = CONICAL_SURFACE('',#3536,18.284210105951,0.785398163397);
#3536 = AXIS2_PLACEMENT_3D('',#3537,#3538,#3539);
#3537 = CARTESIAN_POINT('',(5.702105454475E-13,19.22466394788,
    66.524990747593));
#3538 = DIRECTION('',(-5.947623346206E-16,0.5,-0.866025403784));
#3539 = DIRECTION('',(-1.,-2.973811673103E-16,5.150792909956E-16));
#3540 = DEFINITIONAL_REPRESENTATION('',(#3541),#3545);
#3541 = LINE('',#3542,#3543);
#3542 = CARTESIAN_POINT('',(3.14159265359,1.));
#3543 = VECTOR('',#3544,1.);
#3544 = DIRECTION('',(-1.,0.));
#3545 = ( GEOMETRIC_REPRESENTATION_CONTEXT(2) 
PARAMETRIC_REPRESENTATION_CONTEXT() REPRESENTATION_CONTEXT('2D SPACE',''
  ) );
#3546 = ORIENTED_EDGE('',*,*,#3409,.T.);
#3547 = ORIENTED_EDGE('',*,*,#3548,.T.);
#3548 = EDGE_CURVE('',#3412,#3493,#3549,.T.);
#3549 = SURFACE_CURVE('',#3550,(#3555,#3562),.PCURVE_S1.);
#3550 = CIRCLE('',#3551,19.284210105951);
#3551 = AXIS2_PLACEMENT_3D('',#3552,#3553,#3554);
#3552 = CARTESIAN_POINT('',(5.577760475717E-13,29.22466394788,
    49.204482671904));
#3553 = DIRECTION('',(5.947623346206E-16,-0.5,0.866025403784));
#3554 = DIRECTION('',(1.,2.973811673103E-16,-5.150792909956E-16));
#3555 = PCURVE('',#3427,#3556);
#3556 = DEFINITIONAL_REPRESENTATION('',(#3557),#3561);
#3557 = LINE('',#3558,#3559);
#3558 = CARTESIAN_POINT('',(3.14159265359,20.));
#3559 = VECTOR('',#3560,1.);
#3560 = DIRECTION('',(-1.,0.));
#3561 = ( GEOMETRIC_REPRESENTATION_CONTEXT(2) 
PARAMETRIC_REPRESENTATION_CONTEXT() REPRESENTATION_CONTEXT('2D SPACE',''
  ) );
#3562 = PCURVE('',#128,#3563);
#3563 = DEFINITIONAL_REPRESENTATION('',(#3564),#3568);
#3564 = CIRCLE('',#3565,19.284210105951);
#3565 = AXIS2_PLACEMENT_2D('',#3566,#3567);
#3566 = CARTESIAN_POINT('',(5.586642259914E-13,-1.026734253173E-12));
#3567 = DIRECTION('',(1.,0.));
#3568 = ( GEOMETRIC_REPRESENTATION_CONTEXT(2) 
PARAMETRIC_REPRESENTATION_CONTEXT() REPRESENTATION_CONTEXT('2D SPACE',''
  ) );
#3569 = ADVANCED_FACE('',(#3570),#3508,.F.);
#3570 = FACE_BOUND('',#3571,.T.);
#3571 = EDGE_LOOP('',(#3572,#3602,#3628,#3629));
#3572 = ORIENTED_EDGE('',*,*,#3573,.F.);
#3573 = EDGE_CURVE('',#3574,#3576,#3578,.T.);
#3574 = VERTEX_POINT('',#3575);
#3575 = CARTESIAN_POINT('',(-9.717500782081,33.457679148664,
    73.587725366766));
#3576 = VERTEX_POINT('',#3577);
#3577 = CARTESIAN_POINT('',(-9.717500782081,42.957679148664,
    57.133242694862));
#3578 = SURFACE_CURVE('',#3579,(#3583,#3590),.PCURVE_S1.);
#3579 = LINE('',#3580,#3581);
#3580 = CARTESIAN_POINT('',(-9.717500782081,32.957679148664,
    74.453750770551));
#3581 = VECTOR('',#3582,1.);
#3582 = DIRECTION('',(-5.947623346206E-16,0.5,-0.866025403784));
#3583 = PCURVE('',#3508,#3584);
#3584 = DEFINITIONAL_REPRESENTATION('',(#3585),#3589);
#3585 = LINE('',#3586,#3587);
#3586 = CARTESIAN_POINT('',(-0.515902684074,0.));
#3587 = VECTOR('',#3588,1.);
#3588 = DIRECTION('',(0.,-1.));
#3589 = ( GEOMETRIC_REPRESENTATION_CONTEXT(2) 
PARAMETRIC_REPRESENTATION_CONTEXT() REPRESENTATION_CONTEXT('2D SPACE',''
  ) );
#3590 = PCURVE('',#3591,#3596);
#3591 = PLANE('',#3592);
#3592 = AXIS2_PLACEMENT_3D('',#3593,#3594,#3595);
#3593 = CARTESIAN_POINT('',(-10.22705184802,33.027571694578,
    74.494103250749));
#3594 = DIRECTION('',(0.15643446504,0.855363193977,0.493844170298));
#3595 = DIRECTION('',(-0.987688340595,0.135476220752,7.821723252012E-02)
  );
#3596 = DEFINITIONAL_REPRESENTATION('',(#3597),#3601);
#3597 = LINE('',#3598,#3599);
#3598 = CARTESIAN_POINT('',(-0.515902684074,0.));
#3599 = VECTOR('',#3600,1.);
#3600 = DIRECTION('',(0.,-1.));
#3601 = ( GEOMETRIC_REPRESENTATION_CONTEXT(2) 
PARAMETRIC_REPRESENTATION_CONTEXT() REPRESENTATION_CONTEXT('2D SPACE',''
  ) );
#3602 = ORIENTED_EDGE('',*,*,#3603,.T.);
#3603 = EDGE_CURVE('',#3574,#3491,#3604,.T.);
#3604 = SURFACE_CURVE('',#3605,(#3609,#3616),.PCURVE_S1.);
#3605 = LINE('',#3606,#3607);
#3606 = CARTESIAN_POINT('',(-9.398655388436,34.30751439712,
    74.078377976229));
#3607 = VECTOR('',#3608,1.);
#3608 = DIRECTION('',(0.309016994375,0.823639103546,0.475528258148));
#3609 = PCURVE('',#3508,#3610);
#3610 = DEFINITIONAL_REPRESENTATION('',(#3611),#3615);
#3611 = LINE('',#3612,#3613);
#3612 = CARTESIAN_POINT('',(0.515902684074,-1.));
#3613 = VECTOR('',#3614,1.);
#3614 = DIRECTION('',(1.,0.));
#3615 = ( GEOMETRIC_REPRESENTATION_CONTEXT(2) 
PARAMETRIC_REPRESENTATION_CONTEXT() REPRESENTATION_CONTEXT('2D SPACE',''
  ) );
#3616 = PCURVE('',#3617,#3622);
#3617 = PLANE('',#3618);
#3618 = AXIS2_PLACEMENT_3D('',#3619,#3620,#3621);
#3619 = CARTESIAN_POINT('',(-12.49891372298,22.741717170886,
    68.55556237265));
#3620 = DIRECTION('',(-0.672498511964,-0.164319901076,0.721626441808));
#3621 = DIRECTION('',(0.309016994375,0.823639103546,0.475528258148));
#3622 = DEFINITIONAL_REPRESENTATION('',(#3623),#3627);
#3623 = LINE('',#3624,#3625);
#3624 = CARTESIAN_POINT('',(13.110330255582,1.414213562373));
#3625 = VECTOR('',#3626,1.);
#3626 = DIRECTION('',(1.,-4.163336342344E-17));
#3627 = ( GEOMETRIC_REPRESENTATION_CONTEXT(2) 
PARAMETRIC_REPRESENTATION_CONTEXT() REPRESENTATION_CONTEXT('2D SPACE',''
  ) );
#3628 = ORIENTED_EDGE('',*,*,#3490,.T.);
#3629 = ORIENTED_EDGE('',*,*,#3630,.T.);
#3630 = EDGE_CURVE('',#3493,#3576,#3631,.T.);
#3631 = SURFACE_CURVE('',#3632,(#3636,#3643),.PCURVE_S1.);
#3632 = LINE('',#3633,#3634);
#3633 = CARTESIAN_POINT('',(-9.558078085259,43.382596772892,
    57.378568999593));
#3634 = VECTOR('',#3635,1.);
#3635 = DIRECTION('',(-0.309016994375,-0.823639103546,-0.475528258148));
#3636 = PCURVE('',#3508,#3637);
#3637 = DEFINITIONAL_REPRESENTATION('',(#3638),#3642);
#3638 = LINE('',#3639,#3640);
#3639 = CARTESIAN_POINT('',(0.,-20.));
#3640 = VECTOR('',#3641,1.);
#3641 = DIRECTION('',(-1.,0.));
#3642 = ( GEOMETRIC_REPRESENTATION_CONTEXT(2) 
PARAMETRIC_REPRESENTATION_CONTEXT() REPRESENTATION_CONTEXT('2D SPACE',''
  ) );
#3643 = PCURVE('',#128,#3644);
#3644 = DEFINITIONAL_REPRESENTATION('',(#3645),#3649);
#3645 = LINE('',#3646,#3647);
#3646 = CARTESIAN_POINT('',(-9.558078085259,16.348172655378));
#3647 = VECTOR('',#3648,1.);
#3648 = DIRECTION('',(-0.309016994375,-0.951056516295));
#3649 = ( GEOMETRIC_REPRESENTATION_CONTEXT(2) 
PARAMETRIC_REPRESENTATION_CONTEXT() REPRESENTATION_CONTEXT('2D SPACE',''
  ) );
#3650 = ADVANCED_FACE('',(#3651),#3591,.T.);
#3651 = FACE_BOUND('',#3652,.T.);
#3652 = EDGE_LOOP('',(#3653,#3683,#3709,#3710));
#3653 = ORIENTED_EDGE('',*,*,#3654,.F.);
#3654 = EDGE_CURVE('',#3655,#3657,#3659,.T.);
#3655 = VERTEX_POINT('',#3656);
#3656 = CARTESIAN_POINT('',(-10.73660291396,33.597464240493,
    73.668430327162));
#3657 = VERTEX_POINT('',#3658);
#3658 = CARTESIAN_POINT('',(-10.73660291396,43.097464240493,
    57.213947655258));
#3659 = SURFACE_CURVE('',#3660,(#3664,#3671),.PCURVE_S1.);
#3660 = LINE('',#3661,#3662);
#3661 = CARTESIAN_POINT('',(-10.73660291396,33.097464240493,
    74.534455730947));
#3662 = VECTOR('',#3663,1.);
#3663 = DIRECTION('',(-5.947623346206E-16,0.5,-0.866025403784));
#3664 = PCURVE('',#3591,#3665);
#3665 = DEFINITIONAL_REPRESENTATION('',(#3666),#3670);
#3666 = LINE('',#3667,#3668);
#3667 = CARTESIAN_POINT('',(0.515902684074,0.));
#3668 = VECTOR('',#3669,1.);
#3669 = DIRECTION('',(0.,-1.));
#3670 = ( GEOMETRIC_REPRESENTATION_CONTEXT(2) 
PARAMETRIC_REPRESENTATION_CONTEXT() REPRESENTATION_CONTEXT('2D SPACE',''
  ) );
#3671 = PCURVE('',#3672,#3677);
#3672 = CYLINDRICAL_SURFACE('',#3673,19.284210105952);
#3673 = AXIS2_PLACEMENT_3D('',#3674,#3675,#3676);
#3674 = CARTESIAN_POINT('',(1.386446513152E-12,19.224663947879,
    66.524990747592));
#3675 = DIRECTION('',(-5.947623346206E-16,0.5,-0.866025403784));
#3676 = DIRECTION('',(-1.,-2.973811673103E-16,5.150792909956E-16));
#3677 = DEFINITIONAL_REPRESENTATION('',(#3678),#3682);
#3678 = LINE('',#3679,#3680);
#3679 = CARTESIAN_POINT('',(0.980320712051,0.));
#3680 = VECTOR('',#3681,1.);
#3681 = DIRECTION('',(0.,1.));
#3682 = ( GEOMETRIC_REPRESENTATION_CONTEXT(2) 
PARAMETRIC_REPRESENTATION_CONTEXT() REPRESENTATION_CONTEXT('2D SPACE',''
  ) );
#3683 = ORIENTED_EDGE('',*,*,#3684,.T.);
#3684 = EDGE_CURVE('',#3655,#3574,#3685,.T.);
#3685 = SURFACE_CURVE('',#3686,(#3690,#3697),.PCURVE_S1.);
#3686 = LINE('',#3687,#3688);
#3687 = CARTESIAN_POINT('',(-10.22705184802,33.527571694578,
    73.628077846964));
#3688 = VECTOR('',#3689,1.);
#3689 = DIRECTION('',(0.987688340595,-0.135476220752,-7.821723252012E-02
    ));
#3690 = PCURVE('',#3591,#3691);
#3691 = DEFINITIONAL_REPRESENTATION('',(#3692),#3696);
#3692 = LINE('',#3693,#3694);
#3693 = CARTESIAN_POINT('',(0.,-1.));
#3694 = VECTOR('',#3695,1.);
#3695 = DIRECTION('',(-1.,0.));
#3696 = ( GEOMETRIC_REPRESENTATION_CONTEXT(2) 
PARAMETRIC_REPRESENTATION_CONTEXT() REPRESENTATION_CONTEXT('2D SPACE',''
  ) );
#3697 = PCURVE('',#3698,#3703);
#3698 = PLANE('',#3699);
#3699 = AXIS2_PLACEMENT_3D('',#3700,#3701,#3702);
#3700 = CARTESIAN_POINT('',(-10.22705184802,33.527571694578,
    73.628077846964));
#3701 = DIRECTION('',(-0.110615871041,-0.251279724245,-0.961572997363));
#3702 = DIRECTION('',(0.987688340595,-0.135476220752,-7.821723252012E-02
    ));
#3703 = DEFINITIONAL_REPRESENTATION('',(#3704),#3708);
#3704 = LINE('',#3705,#3706);
#3705 = CARTESIAN_POINT('',(0.,0.));
#3706 = VECTOR('',#3707,1.);
#3707 = DIRECTION('',(1.,6.938893903907E-17));
#3708 = ( GEOMETRIC_REPRESENTATION_CONTEXT(2) 
PARAMETRIC_REPRESENTATION_CONTEXT() REPRESENTATION_CONTEXT('2D SPACE',''
  ) );
#3709 = ORIENTED_EDGE('',*,*,#3573,.T.);
#3710 = ORIENTED_EDGE('',*,*,#3711,.F.);
#3711 = EDGE_CURVE('',#3657,#3576,#3712,.T.);
#3712 = SURFACE_CURVE('',#3713,(#3717,#3724),.PCURVE_S1.);
#3713 = LINE('',#3714,#3715);
#3714 = CARTESIAN_POINT('',(-10.22705184802,43.027571694578,
    57.17359517506));
#3715 = VECTOR('',#3716,1.);
#3716 = DIRECTION('',(0.987688340595,-0.135476220752,-7.821723252012E-02
    ));
#3717 = PCURVE('',#3591,#3718);
#3718 = DEFINITIONAL_REPRESENTATION('',(#3719),#3723);
#3719 = LINE('',#3720,#3721);
#3720 = CARTESIAN_POINT('',(0.,-20.));
#3721 = VECTOR('',#3722,1.);
#3722 = DIRECTION('',(-1.,0.));
#3723 = ( GEOMETRIC_REPRESENTATION_CONTEXT(2) 
PARAMETRIC_REPRESENTATION_CONTEXT() REPRESENTATION_CONTEXT('2D SPACE',''
  ) );
#3724 = PCURVE('',#128,#3725);
#3725 = DEFINITIONAL_REPRESENTATION('',(#3726),#3730);
#3726 = LINE('',#3727,#3728);
#3727 = CARTESIAN_POINT('',(-10.22705184802,15.938225006311));
#3728 = VECTOR('',#3729,1.);
#3729 = DIRECTION('',(0.987688340595,-0.15643446504));
#3730 = ( GEOMETRIC_REPRESENTATION_CONTEXT(2) 
PARAMETRIC_REPRESENTATION_CONTEXT() REPRESENTATION_CONTEXT('2D SPACE',''
  ) );
#3731 = ADVANCED_FACE('',(#3732),#3672,.T.);
#3732 = FACE_BOUND('',#3733,.T.);
#3733 = EDGE_LOOP('',(#3734,#3764,#3791,#3792));
#3734 = ORIENTED_EDGE('',*,*,#3735,.F.);
#3735 = EDGE_CURVE('',#3736,#3738,#3740,.T.);
#3736 = VERTEX_POINT('',#3737);
#3737 = CARTESIAN_POINT('',(-11.91711496664,32.854680997059,
    73.239584221616));
#3738 = VERTEX_POINT('',#3739);
#3739 = CARTESIAN_POINT('',(-11.91711496664,42.354680997059,
    56.785101549712));
#3740 = SURFACE_CURVE('',#3741,(#3745,#3752),.PCURVE_S1.);
#3741 = LINE('',#3742,#3743);
#3742 = CARTESIAN_POINT('',(-11.91711496664,32.354680997059,
    74.105609625401));
#3743 = VECTOR('',#3744,1.);
#3744 = DIRECTION('',(-5.947623346206E-16,0.5,-0.866025403784));
#3745 = PCURVE('',#3672,#3746);
#3746 = DEFINITIONAL_REPRESENTATION('',(#3747),#3751);
#3747 = LINE('',#3748,#3749);
#3748 = CARTESIAN_POINT('',(0.904634880103,0.));
#3749 = VECTOR('',#3750,1.);
#3750 = DIRECTION('',(0.,1.));
#3751 = ( GEOMETRIC_REPRESENTATION_CONTEXT(2) 
PARAMETRIC_REPRESENTATION_CONTEXT() REPRESENTATION_CONTEXT('2D SPACE',''
  ) );
#3752 = PCURVE('',#3753,#3758);
#3753 = PLANE('',#3754);
#3754 = AXIS2_PLACEMENT_3D('',#3755,#3756,#3757);
#3755 = CARTESIAN_POINT('',(-11.99781992703,31.913396829428,
    73.85083409243));
#3756 = DIRECTION('',(0.987688340595,-0.135476220752,-7.821723252012E-02
    ));
#3757 = DIRECTION('',(0.15643446504,0.855363193977,0.493844170298));
#3758 = DEFINITIONAL_REPRESENTATION('',(#3759),#3763);
#3759 = LINE('',#3760,#3761);
#3760 = CARTESIAN_POINT('',(0.515902684074,0.));
#3761 = VECTOR('',#3762,1.);
#3762 = DIRECTION('',(0.,-1.));
#3763 = ( GEOMETRIC_REPRESENTATION_CONTEXT(2) 
PARAMETRIC_REPRESENTATION_CONTEXT() REPRESENTATION_CONTEXT('2D SPACE',''
  ) );
#3764 = ORIENTED_EDGE('',*,*,#3765,.F.);
#3765 = EDGE_CURVE('',#3655,#3736,#3766,.T.);
#3766 = SURFACE_CURVE('',#3767,(#3772,#3779),.PCURVE_S1.);
#3767 = CIRCLE('',#3768,19.284210105952);
#3768 = AXIS2_PLACEMENT_3D('',#3769,#3770,#3771);
#3769 = CARTESIAN_POINT('',(1.385558334732E-12,19.724663947879,
    65.658965343808));
#3770 = DIRECTION('',(5.947623346206E-16,-0.5,0.866025403784));
#3771 = DIRECTION('',(1.,2.973811673103E-16,-5.150792909956E-16));
#3772 = PCURVE('',#3672,#3773);
#3773 = DEFINITIONAL_REPRESENTATION('',(#3774),#3778);
#3774 = LINE('',#3775,#3776);
#3775 = CARTESIAN_POINT('',(3.14159265359,1.));
#3776 = VECTOR('',#3777,1.);
#3777 = DIRECTION('',(-1.,0.));
#3778 = ( GEOMETRIC_REPRESENTATION_CONTEXT(2) 
PARAMETRIC_REPRESENTATION_CONTEXT() REPRESENTATION_CONTEXT('2D SPACE',''
  ) );
#3779 = PCURVE('',#3780,#3785);
#3780 = CONICAL_SURFACE('',#3781,18.284210105952,0.785398163397);
#3781 = AXIS2_PLACEMENT_3D('',#3782,#3783,#3784);
#3782 = CARTESIAN_POINT('',(1.386446513152E-12,19.224663947879,
    66.524990747592));
#3783 = DIRECTION('',(-5.947623346206E-16,0.5,-0.866025403784));
#3784 = DIRECTION('',(-1.,-2.973811673103E-16,5.150792909956E-16));
#3785 = DEFINITIONAL_REPRESENTATION('',(#3786),#3790);
#3786 = LINE('',#3787,#3788);
#3787 = CARTESIAN_POINT('',(3.14159265359,1.));
#3788 = VECTOR('',#3789,1.);
#3789 = DIRECTION('',(-1.,2.489383946701E-14));
#3790 = ( GEOMETRIC_REPRESENTATION_CONTEXT(2) 
PARAMETRIC_REPRESENTATION_CONTEXT() REPRESENTATION_CONTEXT('2D SPACE',''
  ) );
#3791 = ORIENTED_EDGE('',*,*,#3654,.T.);
#3792 = ORIENTED_EDGE('',*,*,#3793,.T.);
#3793 = EDGE_CURVE('',#3657,#3738,#3794,.T.);
#3794 = SURFACE_CURVE('',#3795,(#3800,#3807),.PCURVE_S1.);
#3795 = CIRCLE('',#3796,19.284210105952);
#3796 = AXIS2_PLACEMENT_3D('',#3797,#3798,#3799);
#3797 = CARTESIAN_POINT('',(1.374012015276E-12,29.224663947879,
    49.204482671904));
#3798 = DIRECTION('',(5.947623346206E-16,-0.5,0.866025403784));
#3799 = DIRECTION('',(1.,2.973811673103E-16,-5.150792909956E-16));
#3800 = PCURVE('',#3672,#3801);
#3801 = DEFINITIONAL_REPRESENTATION('',(#3802),#3806);
#3802 = LINE('',#3803,#3804);
#3803 = CARTESIAN_POINT('',(3.14159265359,20.));
#3804 = VECTOR('',#3805,1.);
#3805 = DIRECTION('',(-1.,0.));
#3806 = ( GEOMETRIC_REPRESENTATION_CONTEXT(2) 
PARAMETRIC_REPRESENTATION_CONTEXT() REPRESENTATION_CONTEXT('2D SPACE',''
  ) );
#3807 = PCURVE('',#128,#3808);
#3808 = DEFINITIONAL_REPRESENTATION('',(#3809),#3813);
#3809 = CIRCLE('',#3810,19.284210105953);
#3810 = AXIS2_PLACEMENT_2D('',#3811,#3812);
#3811 = CARTESIAN_POINT('',(1.374900193696E-12,-1.799449478312E-12));
#3812 = DIRECTION('',(1.,0.));
#3813 = ( GEOMETRIC_REPRESENTATION_CONTEXT(2) 
PARAMETRIC_REPRESENTATION_CONTEXT() REPRESENTATION_CONTEXT('2D SPACE',''
  ) );
#3814 = ADVANCED_FACE('',(#3815),#3753,.F.);
#3815 = FACE_BOUND('',#3816,.T.);
#3816 = EDGE_LOOP('',(#3817,#3847,#3873,#3874));
#3817 = ORIENTED_EDGE('',*,*,#3818,.F.);
#3818 = EDGE_CURVE('',#3819,#3821,#3823,.T.);
#3819 = VERTEX_POINT('',#3820);
#3820 = CARTESIAN_POINT('',(-12.07852488743,31.972112661797,
    72.730033155674));
#3821 = VERTEX_POINT('',#3822);
#3822 = CARTESIAN_POINT('',(-12.07852488743,41.472112661797,
    56.27555048377));
#3823 = SURFACE_CURVE('',#3824,(#3828,#3835),.PCURVE_S1.);
#3824 = LINE('',#3825,#3826);
#3825 = CARTESIAN_POINT('',(-12.07852488743,31.472112661797,
    73.596058559459));
#3826 = VECTOR('',#3827,1.);
#3827 = DIRECTION('',(-5.947623346206E-16,0.5,-0.866025403784));
#3828 = PCURVE('',#3753,#3829);
#3829 = DEFINITIONAL_REPRESENTATION('',(#3830),#3834);
#3830 = LINE('',#3831,#3832);
#3831 = CARTESIAN_POINT('',(-0.515902684074,0.));
#3832 = VECTOR('',#3833,1.);
#3833 = DIRECTION('',(0.,-1.));
#3834 = ( GEOMETRIC_REPRESENTATION_CONTEXT(2) 
PARAMETRIC_REPRESENTATION_CONTEXT() REPRESENTATION_CONTEXT('2D SPACE',''
  ) );
#3835 = PCURVE('',#3836,#3841);
#3836 = PLANE('',#3837);
#3837 = AXIS2_PLACEMENT_3D('',#3838,#3839,#3840);
#3838 = CARTESIAN_POINT('',(-12.5944275715,31.472112661797,
    73.596058559459));
#3839 = DIRECTION('',(8.381647117973E-31,0.866025403784,0.5));
#3840 = DIRECTION('',(5.947623346206E-16,-0.5,0.866025403784));
#3841 = DEFINITIONAL_REPRESENTATION('',(#3842),#3846);
#3842 = LINE('',#3843,#3844);
#3843 = CARTESIAN_POINT('',(0.,0.515902684074));
#3844 = VECTOR('',#3845,1.);
#3845 = DIRECTION('',(-1.,0.));
#3846 = ( GEOMETRIC_REPRESENTATION_CONTEXT(2) 
PARAMETRIC_REPRESENTATION_CONTEXT() REPRESENTATION_CONTEXT('2D SPACE',''
  ) );
#3847 = ORIENTED_EDGE('',*,*,#3848,.T.);
#3848 = EDGE_CURVE('',#3819,#3736,#3849,.T.);
#3849 = SURFACE_CURVE('',#3850,(#3854,#3861),.PCURVE_S1.);
#3850 = LINE('',#3851,#3852);
#3851 = CARTESIAN_POINT('',(-11.91711496664,32.854680997059,
    73.239584221616));
#3852 = VECTOR('',#3853,1.);
#3853 = DIRECTION('',(0.15643446504,0.855363193977,0.493844170298));
#3854 = PCURVE('',#3753,#3855);
#3855 = DEFINITIONAL_REPRESENTATION('',(#3856),#3860);
#3856 = LINE('',#3857,#3858);
#3857 = CARTESIAN_POINT('',(0.515902684074,-1.));
#3858 = VECTOR('',#3859,1.);
#3859 = DIRECTION('',(1.,0.));
#3860 = ( GEOMETRIC_REPRESENTATION_CONTEXT(2) 
PARAMETRIC_REPRESENTATION_CONTEXT() REPRESENTATION_CONTEXT('2D SPACE',''
  ) );
#3861 = PCURVE('',#3862,#3867);
#3862 = PLANE('',#3863);
#3863 = AXIS2_PLACEMENT_3D('',#3864,#3865,#3866);
#3864 = CARTESIAN_POINT('',(-12.98033412607,21.005110814798,
    67.552932225485));
#3865 = DIRECTION('',(-0.698401123334,-0.25775723621,0.667680371216));
#3866 = DIRECTION('',(0.15643446504,0.855363193977,0.493844170298));
#3867 = DEFINITIONAL_REPRESENTATION('',(#3868),#3872);
#3868 = LINE('',#3869,#3870);
#3869 = CARTESIAN_POINT('',(13.110330255582,1.414213562373));
#3870 = VECTOR('',#3871,1.);
#3871 = DIRECTION('',(1.,6.245004513517E-17));
#3872 = ( GEOMETRIC_REPRESENTATION_CONTEXT(2) 
PARAMETRIC_REPRESENTATION_CONTEXT() REPRESENTATION_CONTEXT('2D SPACE',''
  ) );
#3873 = ORIENTED_EDGE('',*,*,#3735,.T.);
#3874 = ORIENTED_EDGE('',*,*,#3875,.T.);
#3875 = EDGE_CURVE('',#3738,#3821,#3876,.T.);
#3876 = SURFACE_CURVE('',#3877,(#3881,#3888),.PCURVE_S1.);
#3877 = LINE('',#3878,#3879);
#3878 = CARTESIAN_POINT('',(-11.99781992703,41.913396829428,
    56.530326016741));
#3879 = VECTOR('',#3880,1.);
#3880 = DIRECTION('',(-0.15643446504,-0.855363193977,-0.493844170298));
#3881 = PCURVE('',#3753,#3882);
#3882 = DEFINITIONAL_REPRESENTATION('',(#3883),#3887);
#3883 = LINE('',#3884,#3885);
#3884 = CARTESIAN_POINT('',(0.,-20.));
#3885 = VECTOR('',#3886,1.);
#3886 = DIRECTION('',(-1.,0.));
#3887 = ( GEOMETRIC_REPRESENTATION_CONTEXT(2) 
PARAMETRIC_REPRESENTATION_CONTEXT() REPRESENTATION_CONTEXT('2D SPACE',''
  ) );
#3888 = PCURVE('',#128,#3889);
#3889 = DEFINITIONAL_REPRESENTATION('',(#3890),#3894);
#3890 = LINE('',#3891,#3892);
#3891 = CARTESIAN_POINT('',(-11.99781992703,14.651686689673));
#3892 = VECTOR('',#3893,1.);
#3893 = DIRECTION('',(-0.15643446504,-0.987688340595));
#3894 = ( GEOMETRIC_REPRESENTATION_CONTEXT(2) 
PARAMETRIC_REPRESENTATION_CONTEXT() REPRESENTATION_CONTEXT('2D SPACE',''
  ) );
#3895 = ADVANCED_FACE('',(#3896),#3836,.T.);
#3896 = FACE_BOUND('',#3897,.T.);
#3897 = EDGE_LOOP('',(#3898,#3928,#3954,#3955));
#3898 = ORIENTED_EDGE('',*,*,#3899,.F.);
#3899 = EDGE_CURVE('',#3900,#3902,#3904,.T.);
#3900 = VERTEX_POINT('',#3901);
#3901 = CARTESIAN_POINT('',(-13.11033025558,31.972112661797,
    72.730033155674));
#3902 = VERTEX_POINT('',#3903);
#3903 = CARTESIAN_POINT('',(-13.11033025558,41.472112661797,
    56.27555048377));
#3904 = SURFACE_CURVE('',#3905,(#3909,#3916),.PCURVE_S1.);
#3905 = LINE('',#3906,#3907);
#3906 = CARTESIAN_POINT('',(-13.11033025558,31.472112661797,
    73.596058559459));
#3907 = VECTOR('',#3908,1.);
#3908 = DIRECTION('',(-5.947623346206E-16,0.5,-0.866025403784));
#3909 = PCURVE('',#3836,#3910);
#3910 = DEFINITIONAL_REPRESENTATION('',(#3911),#3915);
#3911 = LINE('',#3912,#3913);
#3912 = CARTESIAN_POINT('',(0.,-0.515902684074));
#3913 = VECTOR('',#3914,1.);
#3914 = DIRECTION('',(-1.,0.));
#3915 = ( GEOMETRIC_REPRESENTATION_CONTEXT(2) 
PARAMETRIC_REPRESENTATION_CONTEXT() REPRESENTATION_CONTEXT('2D SPACE',''
  ) );
#3916 = PCURVE('',#3917,#3922);
#3917 = CYLINDRICAL_SURFACE('',#3918,19.284210105954);
#3918 = AXIS2_PLACEMENT_3D('',#3919,#3920,#3921);
#3919 = CARTESIAN_POINT('',(2.501998608295E-12,19.224663947879,
    66.524990747592));
#3920 = DIRECTION('',(-5.947623346206E-16,0.5,-0.866025403784));
#3921 = DIRECTION('',(-1.,-2.973811673103E-16,5.150792909956E-16));
#3922 = DEFINITIONAL_REPRESENTATION('',(#3923),#3927);
#3923 = LINE('',#3924,#3925);
#3924 = CARTESIAN_POINT('',(0.823241079371,0.));
#3925 = VECTOR('',#3926,1.);
#3926 = DIRECTION('',(0.,1.));
#3927 = ( GEOMETRIC_REPRESENTATION_CONTEXT(2) 
PARAMETRIC_REPRESENTATION_CONTEXT() REPRESENTATION_CONTEXT('2D SPACE',''
  ) );
#3928 = ORIENTED_EDGE('',*,*,#3929,.T.);
#3929 = EDGE_CURVE('',#3900,#3819,#3930,.T.);
#3930 = SURFACE_CURVE('',#3931,(#3935,#3942),.PCURVE_S1.);
#3931 = LINE('',#3932,#3933);
#3932 = CARTESIAN_POINT('',(-12.5944275715,31.972112661797,
    72.730033155674));
#3933 = VECTOR('',#3934,1.);
#3934 = DIRECTION('',(1.,2.973811673103E-16,-5.150792909956E-16));
#3935 = PCURVE('',#3836,#3936);
#3936 = DEFINITIONAL_REPRESENTATION('',(#3937),#3941);
#3937 = LINE('',#3938,#3939);
#3938 = CARTESIAN_POINT('',(-1.,0.));
#3939 = VECTOR('',#3940,1.);
#3940 = DIRECTION('',(0.,1.));
#3941 = ( GEOMETRIC_REPRESENTATION_CONTEXT(2) 
PARAMETRIC_REPRESENTATION_CONTEXT() REPRESENTATION_CONTEXT('2D SPACE',''
  ) );
#3942 = PCURVE('',#3943,#3948);
#3943 = PLANE('',#3944);
#3944 = AXIS2_PLACEMENT_3D('',#3945,#3946,#3947);
#3945 = CARTESIAN_POINT('',(-12.5944275715,31.972112661797,
    72.730033155674));
#3946 = DIRECTION('',(-4.205604800046E-16,-0.258819045103,
    -0.965925826289));
#3947 = DIRECTION('',(1.,2.973811673103E-16,-5.150792909956E-16));
#3948 = DEFINITIONAL_REPRESENTATION('',(#3949),#3953);
#3949 = LINE('',#3950,#3951);
#3950 = CARTESIAN_POINT('',(0.,0.));
#3951 = VECTOR('',#3952,1.);
#3952 = DIRECTION('',(1.,0.));
#3953 = ( GEOMETRIC_REPRESENTATION_CONTEXT(2) 
PARAMETRIC_REPRESENTATION_CONTEXT() REPRESENTATION_CONTEXT('2D SPACE',''
  ) );
#3954 = ORIENTED_EDGE('',*,*,#3818,.T.);
#3955 = ORIENTED_EDGE('',*,*,#3956,.F.);
#3956 = EDGE_CURVE('',#3902,#3821,#3957,.T.);
#3957 = SURFACE_CURVE('',#3958,(#3962,#3969),.PCURVE_S1.);
#3958 = LINE('',#3959,#3960);
#3959 = CARTESIAN_POINT('',(-12.5944275715,41.472112661797,
    56.27555048377));
#3960 = VECTOR('',#3961,1.);
#3961 = DIRECTION('',(1.,2.973811673103E-16,-5.150792909956E-16));
#3962 = PCURVE('',#3836,#3963);
#3963 = DEFINITIONAL_REPRESENTATION('',(#3964),#3968);
#3964 = LINE('',#3965,#3966);
#3965 = CARTESIAN_POINT('',(-20.,0.));
#3966 = VECTOR('',#3967,1.);
#3967 = DIRECTION('',(0.,1.));
#3968 = ( GEOMETRIC_REPRESENTATION_CONTEXT(2) 
PARAMETRIC_REPRESENTATION_CONTEXT() REPRESENTATION_CONTEXT('2D SPACE',''
  ) );
#3969 = PCURVE('',#128,#3970);
#3970 = DEFINITIONAL_REPRESENTATION('',(#3971),#3975);
#3971 = LINE('',#3972,#3973);
#3972 = CARTESIAN_POINT('',(-12.5944275715,14.142135623731));
#3973 = VECTOR('',#3974,1.);
#3974 = DIRECTION('',(1.,0.));
#3975 = ( GEOMETRIC_REPRESENTATION_CONTEXT(2) 
PARAMETRIC_REPRESENTATION_CONTEXT() REPRESENTATION_CONTEXT('2D SPACE',''
  ) );
#3976 = ADVANCED_FACE('',(#3977),#3917,.T.);
#3977 = FACE_BOUND('',#3978,.T.);
#3978 = EDGE_LOOP('',(#3979,#4009,#4036,#4037));
#3979 = ORIENTED_EDGE('',*,*,#3980,.F.);
#3980 = EDGE_CURVE('',#3981,#3983,#3985,.T.);
#3981 = VERTEX_POINT('',#3982);
#3982 = CARTESIAN_POINT('',(-14.14213562373,31.078543001219,
    72.2141304716));
#3983 = VERTEX_POINT('',#3984);
#3984 = CARTESIAN_POINT('',(-14.14213562373,40.578543001219,
    55.759647799696));
#3985 = SURFACE_CURVE('',#3986,(#3990,#3997),.PCURVE_S1.);
#3986 = LINE('',#3987,#3988);
#3987 = CARTESIAN_POINT('',(-14.14213562373,30.578543001219,
    73.080155875384));
#3988 = VECTOR('',#3989,1.);
#3989 = DIRECTION('',(-5.947623346206E-16,0.5,-0.866025403784));
#3990 = PCURVE('',#3917,#3991);
#3991 = DEFINITIONAL_REPRESENTATION('',(#3992),#3996);
#3992 = LINE('',#3993,#3994);
#3993 = CARTESIAN_POINT('',(0.747555247424,0.));
#3994 = VECTOR('',#3995,1.);
#3995 = DIRECTION('',(0.,1.));
#3996 = ( GEOMETRIC_REPRESENTATION_CONTEXT(2) 
PARAMETRIC_REPRESENTATION_CONTEXT() REPRESENTATION_CONTEXT('2D SPACE',''
  ) );
#3997 = PCURVE('',#3998,#4003);
#3998 = PLANE('',#3999);
#3999 = AXIS2_PLACEMENT_3D('',#4000,#4001,#4002);
#4000 = CARTESIAN_POINT('',(-14.14213562373,30.13175817093,
    72.822204533347));
#4001 = DIRECTION('',(1.,2.973811673103E-16,-5.150792909956E-16));
#4002 = DIRECTION('',(-5.947623346206E-16,0.5,-0.866025403784));
#4003 = DEFINITIONAL_REPRESENTATION('',(#4004),#4008);
#4004 = LINE('',#4005,#4006);
#4005 = CARTESIAN_POINT('',(0.,0.515902684074));
#4006 = VECTOR('',#4007,1.);
#4007 = DIRECTION('',(1.,0.));
#4008 = ( GEOMETRIC_REPRESENTATION_CONTEXT(2) 
PARAMETRIC_REPRESENTATION_CONTEXT() REPRESENTATION_CONTEXT('2D SPACE',''
  ) );
#4009 = ORIENTED_EDGE('',*,*,#4010,.F.);
#4010 = EDGE_CURVE('',#3900,#3981,#4011,.T.);
#4011 = SURFACE_CURVE('',#4012,(#4017,#4024),.PCURVE_S1.);
#4012 = CIRCLE('',#4013,19.284210105954);
#4013 = AXIS2_PLACEMENT_3D('',#4014,#4015,#4016);
#4014 = CARTESIAN_POINT('',(2.501110429876E-12,19.724663947879,
    65.658965343808));
#4015 = DIRECTION('',(5.947623346206E-16,-0.5,0.866025403784));
#4016 = DIRECTION('',(1.,2.973811673103E-16,-5.150792909956E-16));
#4017 = PCURVE('',#3917,#4018);
#4018 = DEFINITIONAL_REPRESENTATION('',(#4019),#4023);
#4019 = LINE('',#4020,#4021);
#4020 = CARTESIAN_POINT('',(3.14159265359,1.));
#4021 = VECTOR('',#4022,1.);
#4022 = DIRECTION('',(-1.,0.));
#4023 = ( GEOMETRIC_REPRESENTATION_CONTEXT(2) 
PARAMETRIC_REPRESENTATION_CONTEXT() REPRESENTATION_CONTEXT('2D SPACE',''
  ) );
#4024 = PCURVE('',#4025,#4030);
#4025 = CONICAL_SURFACE('',#4026,18.284210105954,0.785398163397);
#4026 = AXIS2_PLACEMENT_3D('',#4027,#4028,#4029);
#4027 = CARTESIAN_POINT('',(2.501998608295E-12,19.224663947879,
    66.524990747592));
#4028 = DIRECTION('',(-5.947623346206E-16,0.5,-0.866025403784));
#4029 = DIRECTION('',(-1.,-2.973811673103E-16,5.150792909956E-16));
#4030 = DEFINITIONAL_REPRESENTATION('',(#4031),#4035);
#4031 = LINE('',#4032,#4033);
#4032 = CARTESIAN_POINT('',(3.14159265359,1.));
#4033 = VECTOR('',#4034,1.);
#4034 = DIRECTION('',(-1.,2.281935284476E-14));
#4035 = ( GEOMETRIC_REPRESENTATION_CONTEXT(2) 
PARAMETRIC_REPRESENTATION_CONTEXT() REPRESENTATION_CONTEXT('2D SPACE',''
  ) );
#4036 = ORIENTED_EDGE('',*,*,#3899,.T.);
#4037 = ORIENTED_EDGE('',*,*,#4038,.T.);
#4038 = EDGE_CURVE('',#3902,#3983,#4039,.T.);
#4039 = SURFACE_CURVE('',#4040,(#4045,#4052),.PCURVE_S1.);
#4040 = CIRCLE('',#4041,19.284210105954);
#4041 = AXIS2_PLACEMENT_3D('',#4042,#4043,#4044);
#4042 = CARTESIAN_POINT('',(2.489564110419E-12,29.224663947879,
    49.204482671903));
#4043 = DIRECTION('',(5.947623346206E-16,-0.5,0.866025403784));
#4044 = DIRECTION('',(1.,2.973811673103E-16,-5.150792909956E-16));
#4045 = PCURVE('',#3917,#4046);
#4046 = DEFINITIONAL_REPRESENTATION('',(#4047),#4051);
#4047 = LINE('',#4048,#4049);
#4048 = CARTESIAN_POINT('',(3.14159265359,20.));
#4049 = VECTOR('',#4050,1.);
#4050 = DIRECTION('',(-1.,0.));
#4051 = ( GEOMETRIC_REPRESENTATION_CONTEXT(2) 
PARAMETRIC_REPRESENTATION_CONTEXT() REPRESENTATION_CONTEXT('2D SPACE',''
  ) );
#4052 = PCURVE('',#128,#4053);
#4053 = DEFINITIONAL_REPRESENTATION('',(#4054),#4058);
#4054 = CIRCLE('',#4055,19.284210105954);
#4055 = AXIS2_PLACEMENT_2D('',#4056,#4057);
#4056 = CARTESIAN_POINT('',(2.490452288839E-12,-2.494005002518E-12));
#4057 = DIRECTION('',(1.,0.));
#4058 = ( GEOMETRIC_REPRESENTATION_CONTEXT(2) 
PARAMETRIC_REPRESENTATION_CONTEXT() REPRESENTATION_CONTEXT('2D SPACE',''
  ) );
#4059 = ADVANCED_FACE('',(#4060),#3998,.F.);
#4060 = FACE_BOUND('',#4061,.T.);
#4061 = EDGE_LOOP('',(#4062,#4092,#4118,#4119));
#4062 = ORIENTED_EDGE('',*,*,#4063,.F.);
#4063 = EDGE_CURVE('',#4064,#4066,#4068,.T.);
#4064 = VERTEX_POINT('',#4065);
#4065 = CARTESIAN_POINT('',(-14.14213562373,30.184973340641,
    71.698227787525));
#4066 = VERTEX_POINT('',#4067);
#4067 = CARTESIAN_POINT('',(-14.14213562373,39.684973340641,
    55.243745115621));
#4068 = SURFACE_CURVE('',#4069,(#4073,#4080),.PCURVE_S1.);
#4069 = LINE('',#4070,#4071);
#4070 = CARTESIAN_POINT('',(-14.14213562373,29.684973340641,
    72.56425319131));
#4071 = VECTOR('',#4072,1.);
#4072 = DIRECTION('',(-5.947623346206E-16,0.5,-0.866025403784));
#4073 = PCURVE('',#3998,#4074);
#4074 = DEFINITIONAL_REPRESENTATION('',(#4075),#4079);
#4075 = LINE('',#4076,#4077);
#4076 = CARTESIAN_POINT('',(0.,-0.515902684074));
#4077 = VECTOR('',#4078,1.);
#4078 = DIRECTION('',(1.,0.));
#4079 = ( GEOMETRIC_REPRESENTATION_CONTEXT(2) 
PARAMETRIC_REPRESENTATION_CONTEXT() REPRESENTATION_CONTEXT('2D SPACE',''
  ) );
#4080 = PCURVE('',#4081,#4086);
#4081 = PLANE('',#4082);
#4082 = AXIS2_PLACEMENT_3D('',#4083,#4084,#4085);
#4083 = CARTESIAN_POINT('',(-14.65168668967,29.615080794726,
    72.523900711112));
#4084 = DIRECTION('',(-0.15643446504,0.855363193977,0.493844170298));
#4085 = DIRECTION('',(-0.987688340595,-0.135476220752,
    -7.821723252011E-02));
#4086 = DEFINITIONAL_REPRESENTATION('',(#4087),#4091);
#4087 = LINE('',#4088,#4089);
#4088 = CARTESIAN_POINT('',(-0.515902684074,0.));
#4089 = VECTOR('',#4090,1.);
#4090 = DIRECTION('',(-0.,-1.));
#4091 = ( GEOMETRIC_REPRESENTATION_CONTEXT(2) 
PARAMETRIC_REPRESENTATION_CONTEXT() REPRESENTATION_CONTEXT('2D SPACE',''
  ) );
#4092 = ORIENTED_EDGE('',*,*,#4093,.T.);
#4093 = EDGE_CURVE('',#4064,#3981,#4094,.T.);
#4094 = SURFACE_CURVE('',#4095,(#4099,#4106),.PCURVE_S1.);
#4095 = LINE('',#4096,#4097);
#4096 = CARTESIAN_POINT('',(-14.14213562373,31.078543001219,
    72.2141304716));
#4097 = VECTOR('',#4098,1.);
#4098 = DIRECTION('',(8.381647117973E-31,0.866025403784,0.5));
#4099 = PCURVE('',#3998,#4100);
#4100 = DEFINITIONAL_REPRESENTATION('',(#4101),#4105);
#4101 = LINE('',#4102,#4103);
#4102 = CARTESIAN_POINT('',(1.,0.515902684074));
#4103 = VECTOR('',#4104,1.);
#4104 = DIRECTION('',(0.,1.));
#4105 = ( GEOMETRIC_REPRESENTATION_CONTEXT(2) 
PARAMETRIC_REPRESENTATION_CONTEXT() REPRESENTATION_CONTEXT('2D SPACE',''
  ) );
#4106 = PCURVE('',#4107,#4112);
#4107 = PLANE('',#4108);
#4108 = AXIS2_PLACEMENT_3D('',#4109,#4110,#4111);
#4109 = CARTESIAN_POINT('',(-13.14213562373,19.224663947881,
    66.524990747593));
#4110 = DIRECTION('',(-0.707106781187,-0.353553390593,0.612372435696));
#4111 = DIRECTION('',(8.381647117973E-31,0.866025403784,0.5));
#4112 = DEFINITIONAL_REPRESENTATION('',(#4113),#4117);
#4113 = LINE('',#4114,#4115);
#4114 = CARTESIAN_POINT('',(13.110330255582,1.414213562373));
#4115 = VECTOR('',#4116,1.);
#4116 = DIRECTION('',(1.,0.));
#4117 = ( GEOMETRIC_REPRESENTATION_CONTEXT(2) 
PARAMETRIC_REPRESENTATION_CONTEXT() REPRESENTATION_CONTEXT('2D SPACE',''
  ) );
#4118 = ORIENTED_EDGE('',*,*,#3980,.T.);
#4119 = ORIENTED_EDGE('',*,*,#4120,.T.);
#4120 = EDGE_CURVE('',#3983,#4066,#4121,.T.);
#4121 = SURFACE_CURVE('',#4122,(#4126,#4133),.PCURVE_S1.);
#4122 = LINE('',#4123,#4124);
#4123 = CARTESIAN_POINT('',(-14.14213562373,40.13175817093,
    55.501696457658));
#4124 = VECTOR('',#4125,1.);
#4125 = DIRECTION('',(-8.381647117973E-31,-0.866025403784,-0.5));
#4126 = PCURVE('',#3998,#4127);
#4127 = DEFINITIONAL_REPRESENTATION('',(#4128),#4132);
#4128 = LINE('',#4129,#4130);
#4129 = CARTESIAN_POINT('',(20.,0.));
#4130 = VECTOR('',#4131,1.);
#4131 = DIRECTION('',(0.,-1.));
#4132 = ( GEOMETRIC_REPRESENTATION_CONTEXT(2) 
PARAMETRIC_REPRESENTATION_CONTEXT() REPRESENTATION_CONTEXT('2D SPACE',''
  ) );
#4133 = PCURVE('',#128,#4134);
#4134 = DEFINITIONAL_REPRESENTATION('',(#4135),#4139);
#4135 = LINE('',#4136,#4137);
#4136 = CARTESIAN_POINT('',(-14.14213562373,12.594427571508));
#4137 = VECTOR('',#4138,1.);
#4138 = DIRECTION('',(0.,-1.));
#4139 = ( GEOMETRIC_REPRESENTATION_CONTEXT(2) 
PARAMETRIC_REPRESENTATION_CONTEXT() REPRESENTATION_CONTEXT('2D SPACE',''
  ) );
#4140 = ADVANCED_FACE('',(#4141),#4081,.T.);
#4141 = FACE_BOUND('',#4142,.T.);
#4142 = EDGE_LOOP('',(#4143,#4173,#4199,#4200));
#4143 = ORIENTED_EDGE('',*,*,#4144,.F.);
#4144 = EDGE_CURVE('',#4145,#4147,#4149,.T.);
#4145 = VERTEX_POINT('',#4146);
#4146 = CARTESIAN_POINT('',(-15.16123775561,30.045188248812,
    71.617522827129));
#4147 = VERTEX_POINT('',#4148);
#4148 = CARTESIAN_POINT('',(-15.16123775561,39.545188248812,
    55.163040155225));
#4149 = SURFACE_CURVE('',#4150,(#4154,#4161),.PCURVE_S1.);
#4150 = LINE('',#4151,#4152);
#4151 = CARTESIAN_POINT('',(-15.16123775561,29.545188248812,
    72.483548230914));
#4152 = VECTOR('',#4153,1.);
#4153 = DIRECTION('',(-5.947623346206E-16,0.5,-0.866025403784));
#4154 = PCURVE('',#4081,#4155);
#4155 = DEFINITIONAL_REPRESENTATION('',(#4156),#4160);
#4156 = LINE('',#4157,#4158);
#4157 = CARTESIAN_POINT('',(0.515902684074,0.));
#4158 = VECTOR('',#4159,1.);
#4159 = DIRECTION('',(-0.,-1.));
#4160 = ( GEOMETRIC_REPRESENTATION_CONTEXT(2) 
PARAMETRIC_REPRESENTATION_CONTEXT() REPRESENTATION_CONTEXT('2D SPACE',''
  ) );
#4161 = PCURVE('',#4162,#4167);
#4162 = CYLINDRICAL_SURFACE('',#4163,19.284210105952);
#4163 = AXIS2_PLACEMENT_3D('',#4164,#4165,#4166);
#4164 = CARTESIAN_POINT('',(1.437072683075E-12,19.22466394788,
    66.524990747593));
#4165 = DIRECTION('',(-5.947623346206E-16,0.5,-0.866025403784));
#4166 = DIRECTION('',(-1.,-2.973811673103E-16,5.150792909956E-16));
#4167 = DEFINITIONAL_REPRESENTATION('',(#4168),#4172);
#4168 = LINE('',#4169,#4170);
#4169 = CARTESIAN_POINT('',(0.666161446692,0.));
#4170 = VECTOR('',#4171,1.);
#4171 = DIRECTION('',(0.,1.));
#4172 = ( GEOMETRIC_REPRESENTATION_CONTEXT(2) 
PARAMETRIC_REPRESENTATION_CONTEXT() REPRESENTATION_CONTEXT('2D SPACE',''
  ) );
#4173 = ORIENTED_EDGE('',*,*,#4174,.T.);
#4174 = EDGE_CURVE('',#4145,#4064,#4175,.T.);
#4175 = SURFACE_CURVE('',#4176,(#4180,#4187),.PCURVE_S1.);
#4176 = LINE('',#4177,#4178);
#4177 = CARTESIAN_POINT('',(-14.65168668967,30.115080794726,
    71.657875307327));
#4178 = VECTOR('',#4179,1.);
#4179 = DIRECTION('',(0.987688340595,0.135476220752,7.821723252011E-02)
  );
#4180 = PCURVE('',#4081,#4181);
#4181 = DEFINITIONAL_REPRESENTATION('',(#4182),#4186);
#4182 = LINE('',#4183,#4184);
#4183 = CARTESIAN_POINT('',(-0.,-1.));
#4184 = VECTOR('',#4185,1.);
#4185 = DIRECTION('',(-1.,0.));
#4186 = ( GEOMETRIC_REPRESENTATION_CONTEXT(2) 
PARAMETRIC_REPRESENTATION_CONTEXT() REPRESENTATION_CONTEXT('2D SPACE',''
  ) );
#4187 = PCURVE('',#4188,#4193);
#4188 = PLANE('',#4189);
#4189 = AXIS2_PLACEMENT_3D('',#4190,#4191,#4192);
#4190 = CARTESIAN_POINT('',(-14.65168668967,30.115080794726,
    71.657875307327));
#4191 = DIRECTION('',(0.110615871041,-0.251279724245,-0.961572997363));
#4192 = DIRECTION('',(0.987688340595,0.135476220752,7.821723252011E-02)
  );
#4193 = DEFINITIONAL_REPRESENTATION('',(#4194),#4198);
#4194 = LINE('',#4195,#4196);
#4195 = CARTESIAN_POINT('',(0.,0.));
#4196 = VECTOR('',#4197,1.);
#4197 = DIRECTION('',(1.,-6.245004513517E-17));
#4198 = ( GEOMETRIC_REPRESENTATION_CONTEXT(2) 
PARAMETRIC_REPRESENTATION_CONTEXT() REPRESENTATION_CONTEXT('2D SPACE',''
  ) );
#4199 = ORIENTED_EDGE('',*,*,#4063,.T.);
#4200 = ORIENTED_EDGE('',*,*,#4201,.F.);
#4201 = EDGE_CURVE('',#4147,#4066,#4202,.T.);
#4202 = SURFACE_CURVE('',#4203,(#4207,#4214),.PCURVE_S1.);
#4203 = LINE('',#4204,#4205);
#4204 = CARTESIAN_POINT('',(-14.65168668967,39.615080794726,
    55.203392635423));
#4205 = VECTOR('',#4206,1.);
#4206 = DIRECTION('',(0.987688340595,0.135476220752,7.821723252011E-02)
  );
#4207 = PCURVE('',#4081,#4208);
#4208 = DEFINITIONAL_REPRESENTATION('',(#4209),#4213);
#4209 = LINE('',#4210,#4211);
#4210 = CARTESIAN_POINT('',(-0.,-20.));
#4211 = VECTOR('',#4212,1.);
#4212 = DIRECTION('',(-1.,0.));
#4213 = ( GEOMETRIC_REPRESENTATION_CONTEXT(2) 
PARAMETRIC_REPRESENTATION_CONTEXT() REPRESENTATION_CONTEXT('2D SPACE',''
  ) );
#4214 = PCURVE('',#128,#4215);
#4215 = DEFINITIONAL_REPRESENTATION('',(#4216),#4220);
#4216 = LINE('',#4217,#4218);
#4217 = CARTESIAN_POINT('',(-14.65168668967,11.997819927037));
#4218 = VECTOR('',#4219,1.);
#4219 = DIRECTION('',(0.987688340595,0.15643446504));
#4220 = ( GEOMETRIC_REPRESENTATION_CONTEXT(2) 
PARAMETRIC_REPRESENTATION_CONTEXT() REPRESENTATION_CONTEXT('2D SPACE',''
  ) );
#4221 = ADVANCED_FACE('',(#4222),#4162,.T.);
#4222 = FACE_BOUND('',#4223,.T.);
#4223 = EDGE_LOOP('',(#4224,#4254,#4281,#4282));
#4224 = ORIENTED_EDGE('',*,*,#4225,.F.);
#4225 = EDGE_CURVE('',#4226,#4228,#4230,.T.);
#4226 = VERTEX_POINT('',#4227);
#4227 = CARTESIAN_POINT('',(-16.0189299667,29.022834821721,
    71.027266800792));
#4228 = VERTEX_POINT('',#4229);
#4229 = CARTESIAN_POINT('',(-16.0189299667,38.522834821721,
    54.572784128887));
#4230 = SURFACE_CURVE('',#4231,(#4235,#4242),.PCURVE_S1.);
#4231 = LINE('',#4232,#4233);
#4232 = CARTESIAN_POINT('',(-16.0189299667,28.522834821721,
    71.893292204576));
#4233 = VECTOR('',#4234,1.);
#4234 = DIRECTION('',(-5.947623346206E-16,0.5,-0.866025403784));
#4235 = PCURVE('',#4162,#4236);
#4236 = DEFINITIONAL_REPRESENTATION('',(#4237),#4241);
#4237 = LINE('',#4238,#4239);
#4238 = CARTESIAN_POINT('',(0.590475614744,0.));
#4239 = VECTOR('',#4240,1.);
#4240 = DIRECTION('',(0.,1.));
#4241 = ( GEOMETRIC_REPRESENTATION_CONTEXT(2) 
PARAMETRIC_REPRESENTATION_CONTEXT() REPRESENTATION_CONTEXT('2D SPACE',''
  ) );
#4242 = PCURVE('',#4243,#4248);
#4243 = PLANE('',#4244);
#4244 = AXIS2_PLACEMENT_3D('',#4245,#4246,#4247);
#4245 = CARTESIAN_POINT('',(-15.93822500631,28.08155065409,
    71.638516671605));
#4246 = DIRECTION('',(0.987688340595,0.135476220752,7.821723252011E-02)
  );
#4247 = DIRECTION('',(-0.15643446504,0.855363193977,0.493844170298));
#4248 = DEFINITIONAL_REPRESENTATION('',(#4249),#4253);
#4249 = LINE('',#4250,#4251);
#4250 = CARTESIAN_POINT('',(0.515902684074,0.));
#4251 = VECTOR('',#4252,1.);
#4252 = DIRECTION('',(0.,-1.));
#4253 = ( GEOMETRIC_REPRESENTATION_CONTEXT(2) 
PARAMETRIC_REPRESENTATION_CONTEXT() REPRESENTATION_CONTEXT('2D SPACE',''
  ) );
#4254 = ORIENTED_EDGE('',*,*,#4255,.F.);
#4255 = EDGE_CURVE('',#4145,#4226,#4256,.T.);
#4256 = SURFACE_CURVE('',#4257,(#4262,#4269),.PCURVE_S1.);
#4257 = CIRCLE('',#4258,19.284210105952);
#4258 = AXIS2_PLACEMENT_3D('',#4259,#4260,#4261);
#4259 = CARTESIAN_POINT('',(1.436184504655E-12,19.72466394788,
    65.658965343808));
#4260 = DIRECTION('',(5.947623346206E-16,-0.5,0.866025403784));
#4261 = DIRECTION('',(1.,2.973811673103E-16,-5.150792909956E-16));
#4262 = PCURVE('',#4162,#4263);
#4263 = DEFINITIONAL_REPRESENTATION('',(#4264),#4268);
#4264 = LINE('',#4265,#4266);
#4265 = CARTESIAN_POINT('',(3.14159265359,1.));
#4266 = VECTOR('',#4267,1.);
#4267 = DIRECTION('',(-1.,0.));
#4268 = ( GEOMETRIC_REPRESENTATION_CONTEXT(2) 
PARAMETRIC_REPRESENTATION_CONTEXT() REPRESENTATION_CONTEXT('2D SPACE',''
  ) );
#4269 = PCURVE('',#4270,#4275);
#4270 = CONICAL_SURFACE('',#4271,18.284210105952,0.785398163397);
#4271 = AXIS2_PLACEMENT_3D('',#4272,#4273,#4274);
#4272 = CARTESIAN_POINT('',(1.437072683075E-12,19.22466394788,
    66.524990747593));
#4273 = DIRECTION('',(-5.947623346206E-16,0.5,-0.866025403784));
#4274 = DIRECTION('',(-1.,-2.973811673103E-16,5.150792909956E-16));
#4275 = DEFINITIONAL_REPRESENTATION('',(#4276),#4280);
#4276 = LINE('',#4277,#4278);
#4277 = CARTESIAN_POINT('',(3.14159265359,1.));
#4278 = VECTOR('',#4279,1.);
#4279 = DIRECTION('',(-1.,0.));
#4280 = ( GEOMETRIC_REPRESENTATION_CONTEXT(2) 
PARAMETRIC_REPRESENTATION_CONTEXT() REPRESENTATION_CONTEXT('2D SPACE',''
  ) );
#4281 = ORIENTED_EDGE('',*,*,#4144,.T.);
#4282 = ORIENTED_EDGE('',*,*,#4283,.T.);
#4283 = EDGE_CURVE('',#4147,#4228,#4284,.T.);
#4284 = SURFACE_CURVE('',#4285,(#4290,#4297),.PCURVE_S1.);
#4285 = CIRCLE('',#4286,19.284210105952);
#4286 = AXIS2_PLACEMENT_3D('',#4287,#4288,#4289);
#4287 = CARTESIAN_POINT('',(1.424638185199E-12,29.22466394788,
    49.204482671904));
#4288 = DIRECTION('',(5.947623346206E-16,-0.5,0.866025403784));
#4289 = DIRECTION('',(1.,2.973811673103E-16,-5.150792909956E-16));
#4290 = PCURVE('',#4162,#4291);
#4291 = DEFINITIONAL_REPRESENTATION('',(#4292),#4296);
#4292 = LINE('',#4293,#4294);
#4293 = CARTESIAN_POINT('',(3.14159265359,20.));
#4294 = VECTOR('',#4295,1.);
#4295 = DIRECTION('',(-1.,0.));
#4296 = ( GEOMETRIC_REPRESENTATION_CONTEXT(2) 
PARAMETRIC_REPRESENTATION_CONTEXT() REPRESENTATION_CONTEXT('2D SPACE',''
  ) );
#4297 = PCURVE('',#128,#4298);
#4298 = DEFINITIONAL_REPRESENTATION('',(#4299),#4303);
#4299 = CIRCLE('',#4300,19.284210105952);
#4300 = AXIS2_PLACEMENT_2D('',#4301,#4302);
#4301 = CARTESIAN_POINT('',(1.425526363619E-12,-1.109334846205E-12));
#4302 = DIRECTION('',(1.,0.));
#4303 = ( GEOMETRIC_REPRESENTATION_CONTEXT(2) 
PARAMETRIC_REPRESENTATION_CONTEXT() REPRESENTATION_CONTEXT('2D SPACE',''
  ) );
#4304 = ADVANCED_FACE('',(#4305),#4243,.F.);
#4305 = FACE_BOUND('',#4306,.T.);
#4306 = EDGE_LOOP('',(#4307,#4337,#4363,#4364));
#4307 = ORIENTED_EDGE('',*,*,#4308,.F.);
#4308 = EDGE_CURVE('',#4309,#4311,#4313,.T.);
#4309 = VERTEX_POINT('',#4310);
#4310 = CARTESIAN_POINT('',(-15.85752004591,28.140266486458,
    70.517715734849));
#4311 = VERTEX_POINT('',#4312);
#4312 = CARTESIAN_POINT('',(-15.85752004591,37.640266486458,
    54.063233062945));
#4313 = SURFACE_CURVE('',#4314,(#4318,#4325),.PCURVE_S1.);
#4314 = LINE('',#4315,#4316);
#4315 = CARTESIAN_POINT('',(-15.85752004591,27.640266486458,
    71.383741138634));
#4316 = VECTOR('',#4317,1.);
#4317 = DIRECTION('',(-5.947623346206E-16,0.5,-0.866025403784));
#4318 = PCURVE('',#4243,#4319);
#4319 = DEFINITIONAL_REPRESENTATION('',(#4320),#4324);
#4320 = LINE('',#4321,#4322);
#4321 = CARTESIAN_POINT('',(-0.515902684074,0.));
#4322 = VECTOR('',#4323,1.);
#4323 = DIRECTION('',(0.,-1.));
#4324 = ( GEOMETRIC_REPRESENTATION_CONTEXT(2) 
PARAMETRIC_REPRESENTATION_CONTEXT() REPRESENTATION_CONTEXT('2D SPACE',''
  ) );
#4325 = PCURVE('',#4326,#4331);
#4326 = PLANE('',#4327);
#4327 = AXIS2_PLACEMENT_3D('',#4328,#4329,#4330);
#4328 = CARTESIAN_POINT('',(-16.34817265537,27.50220238107,
    71.304029790223));
#4329 = DIRECTION('',(-0.309016994375,0.823639103546,0.475528258148));
#4330 = DIRECTION('',(-0.951056516295,-0.26761656733,-0.154508497187));
#4331 = DEFINITIONAL_REPRESENTATION('',(#4332),#4336);
#4332 = LINE('',#4333,#4334);
#4333 = CARTESIAN_POINT('',(-0.515902684074,0.));
#4334 = VECTOR('',#4335,1.);
#4335 = DIRECTION('',(-0.,-1.));
#4336 = ( GEOMETRIC_REPRESENTATION_CONTEXT(2) 
PARAMETRIC_REPRESENTATION_CONTEXT() REPRESENTATION_CONTEXT('2D SPACE',''
  ) );
#4337 = ORIENTED_EDGE('',*,*,#4338,.T.);
#4338 = EDGE_CURVE('',#4309,#4226,#4339,.T.);
#4339 = SURFACE_CURVE('',#4340,(#4344,#4351),.PCURVE_S1.);
#4340 = LINE('',#4341,#4342);
#4341 = CARTESIAN_POINT('',(-16.0189299667,29.022834821721,
    71.027266800792));
#4342 = VECTOR('',#4343,1.);
#4343 = DIRECTION('',(-0.15643446504,0.855363193977,0.493844170298));
#4344 = PCURVE('',#4243,#4345);
#4345 = DEFINITIONAL_REPRESENTATION('',(#4346),#4350);
#4346 = LINE('',#4347,#4348);
#4347 = CARTESIAN_POINT('',(0.515902684074,-1.));
#4348 = VECTOR('',#4349,1.);
#4349 = DIRECTION('',(1.,0.));
#4350 = ( GEOMETRIC_REPRESENTATION_CONTEXT(2) 
PARAMETRIC_REPRESENTATION_CONTEXT() REPRESENTATION_CONTEXT('2D SPACE',''
  ) );
#4351 = PCURVE('',#4352,#4357);
#4352 = PLANE('',#4353);
#4353 = AXIS2_PLACEMENT_3D('',#4354,#4355,#4356);
#4354 = CARTESIAN_POINT('',(-12.98033412607,17.444217080964,
    65.497049269701));
#4355 = DIRECTION('',(-0.698401123334,-0.449349544977,0.557064500175));
#4356 = DIRECTION('',(-0.15643446504,0.855363193977,0.493844170298));
#4357 = DEFINITIONAL_REPRESENTATION('',(#4358),#4362);
#4358 = LINE('',#4359,#4360);
#4359 = CARTESIAN_POINT('',(13.110330255582,1.414213562373));
#4360 = VECTOR('',#4361,1.);
#4361 = DIRECTION('',(1.,-4.163336342344E-17));
#4362 = ( GEOMETRIC_REPRESENTATION_CONTEXT(2) 
PARAMETRIC_REPRESENTATION_CONTEXT() REPRESENTATION_CONTEXT('2D SPACE',''
  ) );
#4363 = ORIENTED_EDGE('',*,*,#4225,.T.);
#4364 = ORIENTED_EDGE('',*,*,#4365,.T.);
#4365 = EDGE_CURVE('',#4228,#4311,#4366,.T.);
#4366 = SURFACE_CURVE('',#4367,(#4371,#4378),.PCURVE_S1.);
#4367 = LINE('',#4368,#4369);
#4368 = CARTESIAN_POINT('',(-15.93822500631,38.08155065409,
    54.318008595916));
#4369 = VECTOR('',#4370,1.);
#4370 = DIRECTION('',(0.15643446504,-0.855363193977,-0.493844170298));
#4371 = PCURVE('',#4243,#4372);
#4372 = DEFINITIONAL_REPRESENTATION('',(#4373),#4377);
#4373 = LINE('',#4374,#4375);
#4374 = CARTESIAN_POINT('',(0.,-20.));
#4375 = VECTOR('',#4376,1.);
#4376 = DIRECTION('',(-1.,0.));
#4377 = ( GEOMETRIC_REPRESENTATION_CONTEXT(2) 
PARAMETRIC_REPRESENTATION_CONTEXT() REPRESENTATION_CONTEXT('2D SPACE',''
  ) );
#4378 = PCURVE('',#128,#4379);
#4379 = DEFINITIONAL_REPRESENTATION('',(#4380),#4384);
#4380 = LINE('',#4381,#4382);
#4381 = CARTESIAN_POINT('',(-15.93822500631,10.227051848023));
#4382 = VECTOR('',#4383,1.);
#4383 = DIRECTION('',(0.15643446504,-0.987688340595));
#4384 = ( GEOMETRIC_REPRESENTATION_CONTEXT(2) 
PARAMETRIC_REPRESENTATION_CONTEXT() REPRESENTATION_CONTEXT('2D SPACE',''
  ) );
#4385 = ADVANCED_FACE('',(#4386),#4326,.T.);
#4386 = FACE_BOUND('',#4387,.T.);
#4387 = EDGE_LOOP('',(#4388,#4418,#4444,#4445));
#4388 = ORIENTED_EDGE('',*,*,#4389,.F.);
#4389 = EDGE_CURVE('',#4390,#4392,#4394,.T.);
#4390 = VERTEX_POINT('',#4391);
#4391 = CARTESIAN_POINT('',(-16.83882526484,27.864138275682,
    70.358293038027));
#4392 = VERTEX_POINT('',#4393);
#4393 = CARTESIAN_POINT('',(-16.83882526484,37.364138275682,
    53.903810366123));
#4394 = SURFACE_CURVE('',#4395,(#4399,#4406),.PCURVE_S1.);
#4395 = LINE('',#4396,#4397);
#4396 = CARTESIAN_POINT('',(-16.83882526484,27.364138275682,
    71.224318441811));
#4397 = VECTOR('',#4398,1.);
#4398 = DIRECTION('',(-5.947623346206E-16,0.5,-0.866025403784));
#4399 = PCURVE('',#4326,#4400);
#4400 = DEFINITIONAL_REPRESENTATION('',(#4401),#4405);
#4401 = LINE('',#4402,#4403);
#4402 = CARTESIAN_POINT('',(0.515902684074,0.));
#4403 = VECTOR('',#4404,1.);
#4404 = DIRECTION('',(-0.,-1.));
#4405 = ( GEOMETRIC_REPRESENTATION_CONTEXT(2) 
PARAMETRIC_REPRESENTATION_CONTEXT() REPRESENTATION_CONTEXT('2D SPACE',''
  ) );
#4406 = PCURVE('',#4407,#4412);
#4407 = CYLINDRICAL_SURFACE('',#4408,19.284210105952);
#4408 = AXIS2_PLACEMENT_3D('',#4409,#4410,#4411);
#4409 = CARTESIAN_POINT('',(1.453059894629E-12,19.22466394788,
    66.524990747593));
#4410 = DIRECTION('',(-5.947623346206E-16,0.5,-0.866025403784));
#4411 = DIRECTION('',(-1.,-2.973811673103E-16,5.150792909956E-16));
#4412 = DEFINITIONAL_REPRESENTATION('',(#4413),#4417);
#4413 = LINE('',#4414,#4415);
#4414 = CARTESIAN_POINT('',(0.509081814012,0.));
#4415 = VECTOR('',#4416,1.);
#4416 = DIRECTION('',(0.,1.));
#4417 = ( GEOMETRIC_REPRESENTATION_CONTEXT(2) 
PARAMETRIC_REPRESENTATION_CONTEXT() REPRESENTATION_CONTEXT('2D SPACE',''
  ) );
#4418 = ORIENTED_EDGE('',*,*,#4419,.T.);
#4419 = EDGE_CURVE('',#4390,#4309,#4420,.T.);
#4420 = SURFACE_CURVE('',#4421,(#4425,#4432),.PCURVE_S1.);
#4421 = LINE('',#4422,#4423);
#4422 = CARTESIAN_POINT('',(-16.34817265537,28.00220238107,
    70.438004386438));
#4423 = VECTOR('',#4424,1.);
#4424 = DIRECTION('',(0.951056516295,0.26761656733,0.154508497187));
#4425 = PCURVE('',#4326,#4426);
#4426 = DEFINITIONAL_REPRESENTATION('',(#4427),#4431);
#4427 = LINE('',#4428,#4429);
#4428 = CARTESIAN_POINT('',(-0.,-1.));
#4429 = VECTOR('',#4430,1.);
#4430 = DIRECTION('',(-1.,0.));
#4431 = ( GEOMETRIC_REPRESENTATION_CONTEXT(2) 
PARAMETRIC_REPRESENTATION_CONTEXT() REPRESENTATION_CONTEXT('2D SPACE',''
  ) );
#4432 = PCURVE('',#4433,#4438);
#4433 = PLANE('',#4434);
#4434 = AXIS2_PLACEMENT_3D('',#4435,#4436,#4437);
#4435 = CARTESIAN_POINT('',(-16.34817265537,28.00220238107,
    70.438004386438));
#4436 = DIRECTION('',(0.218508012224,-0.228847404775,-0.948621691678));
#4437 = DIRECTION('',(0.951056516295,0.26761656733,0.154508497187));
#4438 = DEFINITIONAL_REPRESENTATION('',(#4439),#4443);
#4439 = LINE('',#4440,#4441);
#4440 = CARTESIAN_POINT('',(0.,0.));
#4441 = VECTOR('',#4442,1.);
#4442 = DIRECTION('',(1.,-5.551115123126E-17));
#4443 = ( GEOMETRIC_REPRESENTATION_CONTEXT(2) 
PARAMETRIC_REPRESENTATION_CONTEXT() REPRESENTATION_CONTEXT('2D SPACE',''
  ) );
#4444 = ORIENTED_EDGE('',*,*,#4308,.T.);
#4445 = ORIENTED_EDGE('',*,*,#4446,.F.);
#4446 = EDGE_CURVE('',#4392,#4311,#4447,.T.);
#4447 = SURFACE_CURVE('',#4448,(#4452,#4459),.PCURVE_S1.);
#4448 = LINE('',#4449,#4450);
#4449 = CARTESIAN_POINT('',(-16.34817265537,37.50220238107,
    53.983521714534));
#4450 = VECTOR('',#4451,1.);
#4451 = DIRECTION('',(0.951056516295,0.26761656733,0.154508497187));
#4452 = PCURVE('',#4326,#4453);
#4453 = DEFINITIONAL_REPRESENTATION('',(#4454),#4458);
#4454 = LINE('',#4455,#4456);
#4455 = CARTESIAN_POINT('',(-0.,-20.));
#4456 = VECTOR('',#4457,1.);
#4457 = DIRECTION('',(-1.,0.));
#4458 = ( GEOMETRIC_REPRESENTATION_CONTEXT(2) 
PARAMETRIC_REPRESENTATION_CONTEXT() REPRESENTATION_CONTEXT('2D SPACE',''
  ) );
#4459 = PCURVE('',#128,#4460);
#4460 = DEFINITIONAL_REPRESENTATION('',(#4461),#4465);
#4461 = LINE('',#4462,#4463);
#4462 = CARTESIAN_POINT('',(-16.34817265537,9.558078085259));
#4463 = VECTOR('',#4464,1.);
#4464 = DIRECTION('',(0.951056516295,0.309016994375));
#4465 = ( GEOMETRIC_REPRESENTATION_CONTEXT(2) 
PARAMETRIC_REPRESENTATION_CONTEXT() REPRESENTATION_CONTEXT('2D SPACE',''
  ) );
#4466 = ADVANCED_FACE('',(#4467),#4407,.T.);
#4467 = FACE_BOUND('',#4468,.T.);
#4468 = EDGE_LOOP('',(#4469,#4499,#4526,#4527));
#4469 = ORIENTED_EDGE('',*,*,#4470,.F.);
#4470 = EDGE_CURVE('',#4471,#4473,#4475,.T.);
#4471 = VERTEX_POINT('',#4472);
#4472 = CARTESIAN_POINT('',(-17.50128509012,26.738174816449,
    69.708217731741));
#4473 = VERTEX_POINT('',#4474);
#4474 = CARTESIAN_POINT('',(-17.50128509012,36.238174816449,
    53.253735059837));
#4475 = SURFACE_CURVE('',#4476,(#4480,#4487),.PCURVE_S1.);
#4476 = LINE('',#4477,#4478);
#4477 = CARTESIAN_POINT('',(-17.50128509012,26.238174816449,
    70.574243135526));
#4478 = VECTOR('',#4479,1.);
#4479 = DIRECTION('',(-5.947623346206E-16,0.5,-0.866025403784));
#4480 = PCURVE('',#4407,#4481);
#4481 = DEFINITIONAL_REPRESENTATION('',(#4482),#4486);
#4482 = LINE('',#4483,#4484);
#4483 = CARTESIAN_POINT('',(0.433395982065,0.));
#4484 = VECTOR('',#4485,1.);
#4485 = DIRECTION('',(0.,1.));
#4486 = ( GEOMETRIC_REPRESENTATION_CONTEXT(2) 
PARAMETRIC_REPRESENTATION_CONTEXT() REPRESENTATION_CONTEXT('2D SPACE',''
  ) );
#4487 = PCURVE('',#4488,#4493);
#4488 = PLANE('',#4489);
#4489 = AXIS2_PLACEMENT_3D('',#4490,#4491,#4492);
#4490 = CARTESIAN_POINT('',(-17.34186239329,25.813257192221,
    70.328916830794));
#4491 = DIRECTION('',(0.951056516295,0.26761656733,0.154508497187));
#4492 = DIRECTION('',(-0.309016994375,0.823639103546,0.475528258148));
#4493 = DEFINITIONAL_REPRESENTATION('',(#4494),#4498);
#4494 = LINE('',#4495,#4496);
#4495 = CARTESIAN_POINT('',(0.515902684074,0.));
#4496 = VECTOR('',#4497,1.);
#4497 = DIRECTION('',(0.,-1.));
#4498 = ( GEOMETRIC_REPRESENTATION_CONTEXT(2) 
PARAMETRIC_REPRESENTATION_CONTEXT() REPRESENTATION_CONTEXT('2D SPACE',''
  ) );
#4499 = ORIENTED_EDGE('',*,*,#4500,.F.);
#4500 = EDGE_CURVE('',#4390,#4471,#4501,.T.);
#4501 = SURFACE_CURVE('',#4502,(#4507,#4514),.PCURVE_S1.);
#4502 = CIRCLE('',#4503,19.284210105952);
#4503 = AXIS2_PLACEMENT_3D('',#4504,#4505,#4506);
#4504 = CARTESIAN_POINT('',(1.45217171621E-12,19.72466394788,
    65.658965343808));
#4505 = DIRECTION('',(5.947623346206E-16,-0.5,0.866025403784));
#4506 = DIRECTION('',(1.,2.973811673103E-16,-5.150792909956E-16));
#4507 = PCURVE('',#4407,#4508);
#4508 = DEFINITIONAL_REPRESENTATION('',(#4509),#4513);
#4509 = LINE('',#4510,#4511);
#4510 = CARTESIAN_POINT('',(3.14159265359,1.));
#4511 = VECTOR('',#4512,1.);
#4512 = DIRECTION('',(-1.,0.));
#4513 = ( GEOMETRIC_REPRESENTATION_CONTEXT(2) 
PARAMETRIC_REPRESENTATION_CONTEXT() REPRESENTATION_CONTEXT('2D SPACE',''
  ) );
#4514 = PCURVE('',#4515,#4520);
#4515 = CONICAL_SURFACE('',#4516,18.284210105952,0.785398163397);
#4516 = AXIS2_PLACEMENT_3D('',#4517,#4518,#4519);
#4517 = CARTESIAN_POINT('',(1.453059894629E-12,19.22466394788,
    66.524990747593));
#4518 = DIRECTION('',(-5.947623346206E-16,0.5,-0.866025403784));
#4519 = DIRECTION('',(-1.,-2.973811673103E-16,5.150792909956E-16));
#4520 = DEFINITIONAL_REPRESENTATION('',(#4521),#4525);
#4521 = LINE('',#4522,#4523);
#4522 = CARTESIAN_POINT('',(3.14159265359,1.));
#4523 = VECTOR('',#4524,1.);
#4524 = DIRECTION('',(-1.,0.));
#4525 = ( GEOMETRIC_REPRESENTATION_CONTEXT(2) 
PARAMETRIC_REPRESENTATION_CONTEXT() REPRESENTATION_CONTEXT('2D SPACE',''
  ) );
#4526 = ORIENTED_EDGE('',*,*,#4389,.T.);
#4527 = ORIENTED_EDGE('',*,*,#4528,.T.);
#4528 = EDGE_CURVE('',#4392,#4473,#4529,.T.);
#4529 = SURFACE_CURVE('',#4530,(#4535,#4542),.PCURVE_S1.);
#4530 = CIRCLE('',#4531,19.284210105952);
#4531 = AXIS2_PLACEMENT_3D('',#4532,#4533,#4534);
#4532 = CARTESIAN_POINT('',(1.440625396754E-12,29.22466394788,
    49.204482671904));
#4533 = DIRECTION('',(5.947623346206E-16,-0.5,0.866025403784));
#4534 = DIRECTION('',(1.,2.973811673103E-16,-5.150792909956E-16));
#4535 = PCURVE('',#4407,#4536);
#4536 = DEFINITIONAL_REPRESENTATION('',(#4537),#4541);
#4537 = LINE('',#4538,#4539);
#4538 = CARTESIAN_POINT('',(3.14159265359,20.));
#4539 = VECTOR('',#4540,1.);
#4540 = DIRECTION('',(-1.,0.));
#4541 = ( GEOMETRIC_REPRESENTATION_CONTEXT(2) 
PARAMETRIC_REPRESENTATION_CONTEXT() REPRESENTATION_CONTEXT('2D SPACE',''
  ) );
#4542 = PCURVE('',#128,#4543);
#4543 = DEFINITIONAL_REPRESENTATION('',(#4544),#4548);
#4544 = CIRCLE('',#4545,19.284210105952);
#4545 = AXIS2_PLACEMENT_2D('',#4546,#4547);
#4546 = CARTESIAN_POINT('',(1.441513575173E-12,-8.091305403468E-13));
#4547 = DIRECTION('',(1.,0.));
#4548 = ( GEOMETRIC_REPRESENTATION_CONTEXT(2) 
PARAMETRIC_REPRESENTATION_CONTEXT() REPRESENTATION_CONTEXT('2D SPACE',''
  ) );
#4549 = ADVANCED_FACE('',(#4550),#4488,.F.);
#4550 = FACE_BOUND('',#4551,.T.);
#4551 = EDGE_LOOP('',(#4552,#4582,#4608,#4609));
#4552 = ORIENTED_EDGE('',*,*,#4553,.F.);
#4553 = EDGE_CURVE('',#4554,#4556,#4558,.T.);
#4554 = VERTEX_POINT('',#4555);
#4555 = CARTESIAN_POINT('',(-17.18243969647,25.888339567993,
    69.217565122278));
#4556 = VERTEX_POINT('',#4557);
#4557 = CARTESIAN_POINT('',(-17.18243969647,35.388339567993,
    52.763082450374));
#4558 = SURFACE_CURVE('',#4559,(#4563,#4570),.PCURVE_S1.);
#4559 = LINE('',#4560,#4561);
#4560 = CARTESIAN_POINT('',(-17.18243969647,25.388339567993,
    70.083590526062));
#4561 = VECTOR('',#4562,1.);
#4562 = DIRECTION('',(-5.947623346206E-16,0.5,-0.866025403784));
#4563 = PCURVE('',#4488,#4564);
#4564 = DEFINITIONAL_REPRESENTATION('',(#4565),#4569);
#4565 = LINE('',#4566,#4567);
#4566 = CARTESIAN_POINT('',(-0.515902684074,0.));
#4567 = VECTOR('',#4568,1.);
#4568 = DIRECTION('',(0.,-1.));
#4569 = ( GEOMETRIC_REPRESENTATION_CONTEXT(2) 
PARAMETRIC_REPRESENTATION_CONTEXT() REPRESENTATION_CONTEXT('2D SPACE',''
  ) );
#4570 = PCURVE('',#4571,#4576);
#4571 = PLANE('',#4572);
#4572 = AXIS2_PLACEMENT_3D('',#4573,#4574,#4575);
#4573 = CARTESIAN_POINT('',(-17.64211235383,25.185503499614,
    69.966483067383));
#4574 = DIRECTION('',(-0.45399049974,0.771634284885,0.445503262094));
#4575 = DIRECTION('',(-0.891006524188,-0.393167305851,-0.22699524987));
#4576 = DEFINITIONAL_REPRESENTATION('',(#4577),#4581);
#4577 = LINE('',#4578,#4579);
#4578 = CARTESIAN_POINT('',(-0.515902684074,0.));
#4579 = VECTOR('',#4580,1.);
#4580 = DIRECTION('',(-0.,-1.));
#4581 = ( GEOMETRIC_REPRESENTATION_CONTEXT(2) 
PARAMETRIC_REPRESENTATION_CONTEXT() REPRESENTATION_CONTEXT('2D SPACE',''
  ) );
#4582 = ORIENTED_EDGE('',*,*,#4583,.T.);
#4583 = EDGE_CURVE('',#4554,#4471,#4584,.T.);
#4584 = SURFACE_CURVE('',#4585,(#4589,#4596),.PCURVE_S1.);
#4585 = LINE('',#4586,#4587);
#4586 = CARTESIAN_POINT('',(-17.50128509012,26.738174816449,
    69.708217731741));
#4587 = VECTOR('',#4588,1.);
#4588 = DIRECTION('',(-0.309016994375,0.823639103546,0.475528258148));
#4589 = PCURVE('',#4488,#4590);
#4590 = DEFINITIONAL_REPRESENTATION('',(#4591),#4595);
#4591 = LINE('',#4592,#4593);
#4592 = CARTESIAN_POINT('',(0.515902684074,-1.));
#4593 = VECTOR('',#4594,1.);
#4594 = DIRECTION('',(1.,0.));
#4595 = ( GEOMETRIC_REPRESENTATION_CONTEXT(2) 
PARAMETRIC_REPRESENTATION_CONTEXT() REPRESENTATION_CONTEXT('2D SPACE',''
  ) );
#4596 = PCURVE('',#4597,#4602);
#4597 = PLANE('',#4598);
#4598 = AXIS2_PLACEMENT_3D('',#4599,#4600,#4601);
#4599 = CARTESIAN_POINT('',(-12.49891372298,15.707610724875,
    64.494419122537));
#4600 = DIRECTION('',(-0.672498511964,-0.54278688011,0.503118429584));
#4601 = DIRECTION('',(-0.309016994375,0.823639103546,0.475528258148));
#4602 = DEFINITIONAL_REPRESENTATION('',(#4603),#4607);
#4603 = LINE('',#4604,#4605);
#4604 = CARTESIAN_POINT('',(13.110330255582,1.414213562373));
#4605 = VECTOR('',#4606,1.);
#4606 = DIRECTION('',(1.,-1.387778780781E-16));
#4607 = ( GEOMETRIC_REPRESENTATION_CONTEXT(2) 
PARAMETRIC_REPRESENTATION_CONTEXT() REPRESENTATION_CONTEXT('2D SPACE',''
  ) );
#4608 = ORIENTED_EDGE('',*,*,#4470,.T.);
#4609 = ORIENTED_EDGE('',*,*,#4610,.T.);
#4610 = EDGE_CURVE('',#4473,#4556,#4611,.T.);
#4611 = SURFACE_CURVE('',#4612,(#4616,#4623),.PCURVE_S1.);
#4612 = LINE('',#4613,#4614);
#4613 = CARTESIAN_POINT('',(-17.3418623933,35.813257192221,
    53.008408755105));
#4614 = VECTOR('',#4615,1.);
#4615 = DIRECTION('',(0.309016994375,-0.823639103546,-0.475528258148));
#4616 = PCURVE('',#4488,#4617);
#4617 = DEFINITIONAL_REPRESENTATION('',(#4618),#4622);
#4618 = LINE('',#4619,#4620);
#4619 = CARTESIAN_POINT('',(0.,-20.));
#4620 = VECTOR('',#4621,1.);
#4621 = DIRECTION('',(-1.,0.));
#4622 = ( GEOMETRIC_REPRESENTATION_CONTEXT(2) 
PARAMETRIC_REPRESENTATION_CONTEXT() REPRESENTATION_CONTEXT('2D SPACE',''
  ) );
#4623 = PCURVE('',#128,#4624);
#4624 = DEFINITIONAL_REPRESENTATION('',(#4625),#4629);
#4625 = LINE('',#4626,#4627);
#4626 = CARTESIAN_POINT('',(-17.3418623933,7.607852166402));
#4627 = VECTOR('',#4628,1.);
#4628 = DIRECTION('',(0.309016994375,-0.951056516295));
#4629 = ( GEOMETRIC_REPRESENTATION_CONTEXT(2) 
PARAMETRIC_REPRESENTATION_CONTEXT() REPRESENTATION_CONTEXT('2D SPACE',''
  ) );
#4630 = ADVANCED_FACE('',(#4631),#4571,.T.);
#4631 = FACE_BOUND('',#4632,.T.);
#4632 = EDGE_LOOP('',(#4633,#4663,#4689,#4690));
#4633 = ORIENTED_EDGE('',*,*,#4634,.F.);
#4634 = EDGE_CURVE('',#4635,#4637,#4639,.T.);
#4635 = VERTEX_POINT('',#4636);
#4636 = CARTESIAN_POINT('',(-18.10178501119,25.482667431235,
    68.983350204918));
#4637 = VERTEX_POINT('',#4638);
#4638 = CARTESIAN_POINT('',(-18.10178501119,34.982667431235,
    52.528867533014));
#4639 = SURFACE_CURVE('',#4640,(#4644,#4651),.PCURVE_S1.);
#4640 = LINE('',#4641,#4642);
#4641 = CARTESIAN_POINT('',(-18.10178501119,24.982667431235,
    69.849375608703));
#4642 = VECTOR('',#4643,1.);
#4643 = DIRECTION('',(-5.947623346206E-16,0.5,-0.866025403784));
#4644 = PCURVE('',#4571,#4645);
#4645 = DEFINITIONAL_REPRESENTATION('',(#4646),#4650);
#4646 = LINE('',#4647,#4648);
#4647 = CARTESIAN_POINT('',(0.515902684074,0.));
#4648 = VECTOR('',#4649,1.);
#4649 = DIRECTION('',(-0.,-1.));
#4650 = ( GEOMETRIC_REPRESENTATION_CONTEXT(2) 
PARAMETRIC_REPRESENTATION_CONTEXT() REPRESENTATION_CONTEXT('2D SPACE',''
  ) );
#4651 = PCURVE('',#4652,#4657);
#4652 = CYLINDRICAL_SURFACE('',#4653,19.284210105951);
#4653 = AXIS2_PLACEMENT_3D('',#4654,#4655,#4656);
#4654 = CARTESIAN_POINT('',(3.952393967666E-13,19.224663947881,
    66.524990747593));
#4655 = DIRECTION('',(-5.947623346206E-16,0.5,-0.866025403784));
#4656 = DIRECTION('',(-1.,-2.973811673103E-16,5.150792909956E-16));
#4657 = DEFINITIONAL_REPRESENTATION('',(#4658),#4662);
#4658 = LINE('',#4659,#4660);
#4659 = CARTESIAN_POINT('',(0.352002181333,0.));
#4660 = VECTOR('',#4661,1.);
#4661 = DIRECTION('',(0.,1.));
#4662 = ( GEOMETRIC_REPRESENTATION_CONTEXT(2) 
PARAMETRIC_REPRESENTATION_CONTEXT() REPRESENTATION_CONTEXT('2D SPACE',''
  ) );
#4663 = ORIENTED_EDGE('',*,*,#4664,.T.);
#4664 = EDGE_CURVE('',#4635,#4554,#4665,.T.);
#4665 = SURFACE_CURVE('',#4666,(#4670,#4677),.PCURVE_S1.);
#4666 = LINE('',#4667,#4668);
#4667 = CARTESIAN_POINT('',(-17.64211235383,25.685503499614,
    69.100457663598));
#4668 = VECTOR('',#4669,1.);
#4669 = DIRECTION('',(0.891006524188,0.393167305851,0.22699524987));
#4670 = PCURVE('',#4571,#4671);
#4671 = DEFINITIONAL_REPRESENTATION('',(#4672),#4676);
#4672 = LINE('',#4673,#4674);
#4673 = CARTESIAN_POINT('',(-0.,-1.));
#4674 = VECTOR('',#4675,1.);
#4675 = DIRECTION('',(-1.,0.));
#4676 = ( GEOMETRIC_REPRESENTATION_CONTEXT(2) 
PARAMETRIC_REPRESENTATION_CONTEXT() REPRESENTATION_CONTEXT('2D SPACE',''
  ) );
#4677 = PCURVE('',#4678,#4683);
#4678 = PLANE('',#4679);
#4679 = AXIS2_PLACEMENT_3D('',#4680,#4681,#4682);
#4680 = CARTESIAN_POINT('',(-17.64211235383,25.685503499614,
    69.100457663598));
#4681 = DIRECTION('',(0.32101976096,-0.192074444845,-0.927390813363));
#4682 = DIRECTION('',(0.891006524188,0.393167305851,0.22699524987));
#4683 = DEFINITIONAL_REPRESENTATION('',(#4684),#4688);
#4684 = LINE('',#4685,#4686);
#4685 = CARTESIAN_POINT('',(0.,0.));
#4686 = VECTOR('',#4687,1.);
#4687 = DIRECTION('',(1.,-1.110223024625E-16));
#4688 = ( GEOMETRIC_REPRESENTATION_CONTEXT(2) 
PARAMETRIC_REPRESENTATION_CONTEXT() REPRESENTATION_CONTEXT('2D SPACE',''
  ) );
#4689 = ORIENTED_EDGE('',*,*,#4553,.T.);
#4690 = ORIENTED_EDGE('',*,*,#4691,.F.);
#4691 = EDGE_CURVE('',#4637,#4556,#4692,.T.);
#4692 = SURFACE_CURVE('',#4693,(#4697,#4704),.PCURVE_S1.);
#4693 = LINE('',#4694,#4695);
#4694 = CARTESIAN_POINT('',(-17.64211235383,35.185503499614,
    52.645974991694));
#4695 = VECTOR('',#4696,1.);
#4696 = DIRECTION('',(0.891006524188,0.393167305851,0.22699524987));
#4697 = PCURVE('',#4571,#4698);
#4698 = DEFINITIONAL_REPRESENTATION('',(#4699),#4703);
#4699 = LINE('',#4700,#4701);
#4700 = CARTESIAN_POINT('',(-0.,-20.));
#4701 = VECTOR('',#4702,1.);
#4702 = DIRECTION('',(-1.,0.));
#4703 = ( GEOMETRIC_REPRESENTATION_CONTEXT(2) 
PARAMETRIC_REPRESENTATION_CONTEXT() REPRESENTATION_CONTEXT('2D SPACE',''
  ) );
#4704 = PCURVE('',#128,#4705);
#4705 = DEFINITIONAL_REPRESENTATION('',(#4706),#4710);
#4706 = LINE('',#4707,#4708);
#4707 = CARTESIAN_POINT('',(-17.64211235383,6.882984639579));
#4708 = VECTOR('',#4709,1.);
#4709 = DIRECTION('',(0.891006524188,0.45399049974));
#4710 = ( GEOMETRIC_REPRESENTATION_CONTEXT(2) 
PARAMETRIC_REPRESENTATION_CONTEXT() REPRESENTATION_CONTEXT('2D SPACE',''
  ) );
#4711 = ADVANCED_FACE('',(#4712),#4652,.T.);
#4712 = FACE_BOUND('',#4713,.T.);
#4713 = EDGE_LOOP('',(#4714,#4744,#4771,#4772));
#4714 = ORIENTED_EDGE('',*,*,#4715,.F.);
#4715 = EDGE_CURVE('',#4716,#4718,#4720,.T.);
#4716 = VERTEX_POINT('',#4717);
#4717 = CARTESIAN_POINT('',(-18.55270049118,24.280818897085,
    68.289462630202));
#4718 = VERTEX_POINT('',#4719);
#4719 = CARTESIAN_POINT('',(-18.55270049118,33.780818897085,
    51.834979958297));
#4720 = SURFACE_CURVE('',#4721,(#4725,#4732),.PCURVE_S1.);
#4721 = LINE('',#4722,#4723);
#4722 = CARTESIAN_POINT('',(-18.55270049118,23.780818897085,
    69.155488033986));
#4723 = VECTOR('',#4724,1.);
#4724 = DIRECTION('',(-5.947623346206E-16,0.5,-0.866025403784));
#4725 = PCURVE('',#4652,#4726);
#4726 = DEFINITIONAL_REPRESENTATION('',(#4727),#4731);
#4727 = LINE('',#4728,#4729);
#4728 = CARTESIAN_POINT('',(0.276316349385,0.));
#4729 = VECTOR('',#4730,1.);
#4730 = DIRECTION('',(0.,1.));
#4731 = ( GEOMETRIC_REPRESENTATION_CONTEXT(2) 
PARAMETRIC_REPRESENTATION_CONTEXT() REPRESENTATION_CONTEXT('2D SPACE',''
  ) );
#4732 = PCURVE('',#4733,#4738);
#4733 = PLANE('',#4734);
#4734 = AXIS2_PLACEMENT_3D('',#4735,#4736,#4737);
#4735 = CARTESIAN_POINT('',(-18.31848557382,23.382730698389,
    68.925651705308));
#4736 = DIRECTION('',(0.891006524188,0.393167305851,0.22699524987));
#4737 = DIRECTION('',(-0.45399049974,0.771634284885,0.445503262094));
#4738 = DEFINITIONAL_REPRESENTATION('',(#4739),#4743);
#4739 = LINE('',#4740,#4741);
#4740 = CARTESIAN_POINT('',(0.515902684074,0.));
#4741 = VECTOR('',#4742,1.);
#4742 = DIRECTION('',(0.,-1.));
#4743 = ( GEOMETRIC_REPRESENTATION_CONTEXT(2) 
PARAMETRIC_REPRESENTATION_CONTEXT() REPRESENTATION_CONTEXT('2D SPACE',''
  ) );
#4744 = ORIENTED_EDGE('',*,*,#4745,.F.);
#4745 = EDGE_CURVE('',#4635,#4716,#4746,.T.);
#4746 = SURFACE_CURVE('',#4747,(#4752,#4759),.PCURVE_S1.);
#4747 = CIRCLE('',#4748,19.284210105951);
#4748 = AXIS2_PLACEMENT_3D('',#4749,#4750,#4751);
#4749 = CARTESIAN_POINT('',(3.943512183469E-13,19.724663947881,
    65.658965343809));
#4750 = DIRECTION('',(5.947623346206E-16,-0.5,0.866025403784));
#4751 = DIRECTION('',(1.,2.973811673103E-16,-5.150792909956E-16));
#4752 = PCURVE('',#4652,#4753);
#4753 = DEFINITIONAL_REPRESENTATION('',(#4754),#4758);
#4754 = LINE('',#4755,#4756);
#4755 = CARTESIAN_POINT('',(3.14159265359,1.));
#4756 = VECTOR('',#4757,1.);
#4757 = DIRECTION('',(-1.,0.));
#4758 = ( GEOMETRIC_REPRESENTATION_CONTEXT(2) 
PARAMETRIC_REPRESENTATION_CONTEXT() REPRESENTATION_CONTEXT('2D SPACE',''
  ) );
#4759 = PCURVE('',#4760,#4765);
#4760 = CONICAL_SURFACE('',#4761,18.284210105951,0.785398163397);
#4761 = AXIS2_PLACEMENT_3D('',#4762,#4763,#4764);
#4762 = CARTESIAN_POINT('',(3.952393967666E-13,19.224663947881,
    66.524990747593));
#4763 = DIRECTION('',(-5.947623346206E-16,0.5,-0.866025403784));
#4764 = DIRECTION('',(-1.,-2.973811673103E-16,5.150792909956E-16));
#4765 = DEFINITIONAL_REPRESENTATION('',(#4766),#4770);
#4766 = LINE('',#4767,#4768);
#4767 = CARTESIAN_POINT('',(3.14159265359,1.));
#4768 = VECTOR('',#4769,1.);
#4769 = DIRECTION('',(-1.,0.));
#4770 = ( GEOMETRIC_REPRESENTATION_CONTEXT(2) 
PARAMETRIC_REPRESENTATION_CONTEXT() REPRESENTATION_CONTEXT('2D SPACE',''
  ) );
#4771 = ORIENTED_EDGE('',*,*,#4634,.T.);
#4772 = ORIENTED_EDGE('',*,*,#4773,.T.);
#4773 = EDGE_CURVE('',#4637,#4718,#4774,.T.);
#4774 = SURFACE_CURVE('',#4775,(#4780,#4787),.PCURVE_S1.);
#4775 = CIRCLE('',#4776,19.284210105951);
#4776 = AXIS2_PLACEMENT_3D('',#4777,#4778,#4779);
#4777 = CARTESIAN_POINT('',(3.828048988908E-13,29.224663947881,
    49.204482671904));
#4778 = DIRECTION('',(5.947623346206E-16,-0.5,0.866025403784));
#4779 = DIRECTION('',(1.,2.973811673103E-16,-5.150792909956E-16));
#4780 = PCURVE('',#4652,#4781);
#4781 = DEFINITIONAL_REPRESENTATION('',(#4782),#4786);
#4782 = LINE('',#4783,#4784);
#4783 = CARTESIAN_POINT('',(3.14159265359,20.));
#4784 = VECTOR('',#4785,1.);
#4785 = DIRECTION('',(-1.,0.));
#4786 = ( GEOMETRIC_REPRESENTATION_CONTEXT(2) 
PARAMETRIC_REPRESENTATION_CONTEXT() REPRESENTATION_CONTEXT('2D SPACE',''
  ) );
#4787 = PCURVE('',#128,#4788);
#4788 = DEFINITIONAL_REPRESENTATION('',(#4789),#4793);
#4789 = CIRCLE('',#4790,19.284210105951);
#4790 = AXIS2_PLACEMENT_2D('',#4791,#4792);
#4791 = CARTESIAN_POINT('',(3.836930773105E-13,-6.483702463811E-14));
#4792 = DIRECTION('',(1.,0.));
#4793 = ( GEOMETRIC_REPRESENTATION_CONTEXT(2) 
PARAMETRIC_REPRESENTATION_CONTEXT() REPRESENTATION_CONTEXT('2D SPACE',''
  ) );
#4794 = ADVANCED_FACE('',(#4795),#4733,.F.);
#4795 = FACE_BOUND('',#4796,.T.);
#4796 = EDGE_LOOP('',(#4797,#4827,#4853,#4854));
#4797 = ORIENTED_EDGE('',*,*,#4798,.F.);
#4798 = EDGE_CURVE('',#4799,#4801,#4803,.T.);
#4799 = VERTEX_POINT('',#4800);
#4800 = CARTESIAN_POINT('',(-18.08427065646,23.484642499694,
    67.829789972845));
#4801 = VERTEX_POINT('',#4802);
#4802 = CARTESIAN_POINT('',(-18.08427065646,32.984642499694,
    51.375307300941));
#4803 = SURFACE_CURVE('',#4804,(#4808,#4815),.PCURVE_S1.);
#4804 = LINE('',#4805,#4806);
#4805 = CARTESIAN_POINT('',(-18.08427065646,22.984642499694,
    68.69581537663));
#4806 = VECTOR('',#4807,1.);
#4807 = DIRECTION('',(-5.947623346206E-16,0.5,-0.866025403784));
#4808 = PCURVE('',#4733,#4809);
#4809 = DEFINITIONAL_REPRESENTATION('',(#4810),#4814);
#4810 = LINE('',#4811,#4812);
#4811 = CARTESIAN_POINT('',(-0.515902684074,0.));
#4812 = VECTOR('',#4813,1.);
#4813 = DIRECTION('',(0.,-1.));
#4814 = ( GEOMETRIC_REPRESENTATION_CONTEXT(2) 
PARAMETRIC_REPRESENTATION_CONTEXT() REPRESENTATION_CONTEXT('2D SPACE',''
  ) );
#4815 = PCURVE('',#4816,#4821);
#4816 = PLANE('',#4817);
#4817 = AXIS2_PLACEMENT_3D('',#4818,#4819,#4820);
#4818 = CARTESIAN_POINT('',(-18.50164469532,22.722028965502,
    68.544195381971));
#4819 = DIRECTION('',(-0.587785252292,0.700629269222,0.404508497187));
#4820 = DIRECTION('',(-0.809016994375,-0.509036960455,-0.293892626146));
#4821 = DEFINITIONAL_REPRESENTATION('',(#4822),#4826);
#4822 = LINE('',#4823,#4824);
#4823 = CARTESIAN_POINT('',(-0.515902684074,0.));
#4824 = VECTOR('',#4825,1.);
#4825 = DIRECTION('',(-0.,-1.));
#4826 = ( GEOMETRIC_REPRESENTATION_CONTEXT(2) 
PARAMETRIC_REPRESENTATION_CONTEXT() REPRESENTATION_CONTEXT('2D SPACE',''
  ) );
#4827 = ORIENTED_EDGE('',*,*,#4828,.T.);
#4828 = EDGE_CURVE('',#4799,#4716,#4829,.T.);
#4829 = SURFACE_CURVE('',#4830,(#4834,#4841),.PCURVE_S1.);
#4830 = LINE('',#4831,#4832);
#4831 = CARTESIAN_POINT('',(-18.55270049118,24.280818897085,
    68.289462630202));
#4832 = VECTOR('',#4833,1.);
#4833 = DIRECTION('',(-0.45399049974,0.771634284885,0.445503262094));
#4834 = PCURVE('',#4733,#4835);
#4835 = DEFINITIONAL_REPRESENTATION('',(#4836),#4840);
#4836 = LINE('',#4837,#4838);
#4837 = CARTESIAN_POINT('',(0.515902684074,-1.));
#4838 = VECTOR('',#4839,1.);
#4839 = DIRECTION('',(1.,0.));
#4840 = ( GEOMETRIC_REPRESENTATION_CONTEXT(2) 
PARAMETRIC_REPRESENTATION_CONTEXT() REPRESENTATION_CONTEXT('2D SPACE',''
  ) );
#4841 = PCURVE('',#4842,#4847);
#4842 = PLANE('',#4843);
#4843 = AXIS2_PLACEMENT_3D('',#4844,#4845,#4846);
#4844 = CARTESIAN_POINT('',(-11.70972858251,14.057605891567,
    63.541788387862));
#4845 = DIRECTION('',(-0.630036755335,-0.631564658702,0.451862555216));
#4846 = DIRECTION('',(-0.45399049974,0.771634284885,0.445503262094));
#4847 = DEFINITIONAL_REPRESENTATION('',(#4848),#4852);
#4848 = LINE('',#4849,#4850);
#4849 = CARTESIAN_POINT('',(13.110330255582,1.414213562373));
#4850 = VECTOR('',#4851,1.);
#4851 = DIRECTION('',(1.,-1.665334536938E-16));
#4852 = ( GEOMETRIC_REPRESENTATION_CONTEXT(2) 
PARAMETRIC_REPRESENTATION_CONTEXT() REPRESENTATION_CONTEXT('2D SPACE',''
  ) );
#4853 = ORIENTED_EDGE('',*,*,#4715,.T.);
#4854 = ORIENTED_EDGE('',*,*,#4855,.T.);
#4855 = EDGE_CURVE('',#4718,#4801,#4856,.T.);
#4856 = SURFACE_CURVE('',#4857,(#4861,#4868),.PCURVE_S1.);
#4857 = LINE('',#4858,#4859);
#4858 = CARTESIAN_POINT('',(-18.31848557382,33.382730698389,
    51.605143629619));
#4859 = VECTOR('',#4860,1.);
#4860 = DIRECTION('',(0.45399049974,-0.771634284885,-0.445503262094));
#4861 = PCURVE('',#4733,#4862);
#4862 = DEFINITIONAL_REPRESENTATION('',(#4863),#4867);
#4863 = LINE('',#4864,#4865);
#4864 = CARTESIAN_POINT('',(0.,-20.));
#4865 = VECTOR('',#4866,1.);
#4866 = DIRECTION('',(-1.,0.));
#4867 = ( GEOMETRIC_REPRESENTATION_CONTEXT(2) 
PARAMETRIC_REPRESENTATION_CONTEXT() REPRESENTATION_CONTEXT('2D SPACE',''
  ) );
#4868 = PCURVE('',#128,#4869);
#4869 = DEFINITIONAL_REPRESENTATION('',(#4870),#4874);
#4870 = LINE('',#4871,#4872);
#4871 = CARTESIAN_POINT('',(-18.31848557382,4.801321915429));
#4872 = VECTOR('',#4873,1.);
#4873 = DIRECTION('',(0.45399049974,-0.891006524188));
#4874 = ( GEOMETRIC_REPRESENTATION_CONTEXT(2) 
PARAMETRIC_REPRESENTATION_CONTEXT() REPRESENTATION_CONTEXT('2D SPACE',''
  ) );
#4875 = ADVANCED_FACE('',(#4876),#4816,.T.);
#4876 = FACE_BOUND('',#4877,.T.);
#4877 = EDGE_LOOP('',(#4878,#4908,#4934,#4935));
#4878 = ORIENTED_EDGE('',*,*,#4879,.F.);
#4879 = EDGE_CURVE('',#4880,#4882,#4884,.T.);
#4880 = VERTEX_POINT('',#4881);
#4881 = CARTESIAN_POINT('',(-18.91901873418,22.95941543131,
    67.526549983528));
#4882 = VERTEX_POINT('',#4883);
#4883 = CARTESIAN_POINT('',(-18.91901873418,32.45941543131,
    51.072067311624));
#4884 = SURFACE_CURVE('',#4885,(#4889,#4896),.PCURVE_S1.);
#4885 = LINE('',#4886,#4887);
#4886 = CARTESIAN_POINT('',(-18.91901873418,22.45941543131,
    68.392575387313));
#4887 = VECTOR('',#4888,1.);
#4888 = DIRECTION('',(-5.947623346206E-16,0.5,-0.866025403784));
#4889 = PCURVE('',#4816,#4890);
#4890 = DEFINITIONAL_REPRESENTATION('',(#4891),#4895);
#4891 = LINE('',#4892,#4893);
#4892 = CARTESIAN_POINT('',(0.515902684074,0.));
#4893 = VECTOR('',#4894,1.);
#4894 = DIRECTION('',(-0.,-1.));
#4895 = ( GEOMETRIC_REPRESENTATION_CONTEXT(2) 
PARAMETRIC_REPRESENTATION_CONTEXT() REPRESENTATION_CONTEXT('2D SPACE',''
  ) );
#4896 = PCURVE('',#4897,#4902);
#4897 = CYLINDRICAL_SURFACE('',#4898,19.284210105952);
#4898 = AXIS2_PLACEMENT_3D('',#4899,#4900,#4901);
#4899 = CARTESIAN_POINT('',(1.586286657584E-12,19.22466394788,
    66.524990747593));
#4900 = DIRECTION('',(-5.947623346206E-16,0.5,-0.866025403784));
#4901 = DIRECTION('',(-1.,-2.973811673103E-16,5.150792909956E-16));
#4902 = DEFINITIONAL_REPRESENTATION('',(#4903),#4907);
#4903 = LINE('',#4904,#4905);
#4904 = CARTESIAN_POINT('',(0.194922548653,0.));
#4905 = VECTOR('',#4906,1.);
#4906 = DIRECTION('',(0.,1.));
#4907 = ( GEOMETRIC_REPRESENTATION_CONTEXT(2) 
PARAMETRIC_REPRESENTATION_CONTEXT() REPRESENTATION_CONTEXT('2D SPACE',''
  ) );
#4908 = ORIENTED_EDGE('',*,*,#4909,.T.);
#4909 = EDGE_CURVE('',#4880,#4799,#4910,.T.);
#4910 = SURFACE_CURVE('',#4911,(#4915,#4922),.PCURVE_S1.);
#4911 = LINE('',#4912,#4913);
#4912 = CARTESIAN_POINT('',(-18.50164469532,23.222028965502,
    67.678169978187));
#4913 = VECTOR('',#4914,1.);
#4914 = DIRECTION('',(0.809016994375,0.509036960455,0.293892626146));
#4915 = PCURVE('',#4816,#4916);
#4916 = DEFINITIONAL_REPRESENTATION('',(#4917),#4921);
#4917 = LINE('',#4918,#4919);
#4918 = CARTESIAN_POINT('',(-0.,-1.));
#4919 = VECTOR('',#4920,1.);
#4920 = DIRECTION('',(-1.,0.));
#4921 = ( GEOMETRIC_REPRESENTATION_CONTEXT(2) 
PARAMETRIC_REPRESENTATION_CONTEXT() REPRESENTATION_CONTEXT('2D SPACE',''
  ) );
#4922 = PCURVE('',#4923,#4928);
#4923 = PLANE('',#4924);
#4924 = AXIS2_PLACEMENT_3D('',#4925,#4926,#4927);
#4925 = CARTESIAN_POINT('',(-18.50164469532,23.222028965502,
    67.678169978187));
#4926 = DIRECTION('',(0.415626937777,-0.141866316771,-0.898403137105));
#4927 = DIRECTION('',(0.809016994375,0.509036960455,0.293892626146));
#4928 = DEFINITIONAL_REPRESENTATION('',(#4929),#4933);
#4929 = LINE('',#4930,#4931);
#4930 = CARTESIAN_POINT('',(0.,0.));
#4931 = VECTOR('',#4932,1.);
#4932 = DIRECTION('',(1.,-1.942890293094E-16));
#4933 = ( GEOMETRIC_REPRESENTATION_CONTEXT(2) 
PARAMETRIC_REPRESENTATION_CONTEXT() REPRESENTATION_CONTEXT('2D SPACE',''
  ) );
#4934 = ORIENTED_EDGE('',*,*,#4798,.T.);
#4935 = ORIENTED_EDGE('',*,*,#4936,.F.);
#4936 = EDGE_CURVE('',#4882,#4801,#4937,.T.);
#4937 = SURFACE_CURVE('',#4938,(#4942,#4949),.PCURVE_S1.);
#4938 = LINE('',#4939,#4940);
#4939 = CARTESIAN_POINT('',(-18.50164469532,32.722028965502,
    51.223687306282));
#4940 = VECTOR('',#4941,1.);
#4941 = DIRECTION('',(0.809016994375,0.509036960455,0.293892626146));
#4942 = PCURVE('',#4816,#4943);
#4943 = DEFINITIONAL_REPRESENTATION('',(#4944),#4948);
#4944 = LINE('',#4945,#4946);
#4945 = CARTESIAN_POINT('',(-0.,-20.));
#4946 = VECTOR('',#4947,1.);
#4947 = DIRECTION('',(-1.,0.));
#4948 = ( GEOMETRIC_REPRESENTATION_CONTEXT(2) 
PARAMETRIC_REPRESENTATION_CONTEXT() REPRESENTATION_CONTEXT('2D SPACE',''
  ) );
#4949 = PCURVE('',#128,#4950);
#4950 = DEFINITIONAL_REPRESENTATION('',(#4951),#4955);
#4951 = LINE('',#4952,#4953);
#4952 = CARTESIAN_POINT('',(-18.50164469532,4.038409268756));
#4953 = VECTOR('',#4954,1.);
#4954 = DIRECTION('',(0.809016994375,0.587785252292));
#4955 = ( GEOMETRIC_REPRESENTATION_CONTEXT(2) 
PARAMETRIC_REPRESENTATION_CONTEXT() REPRESENTATION_CONTEXT('2D SPACE',''
  ) );
#4956 = ADVANCED_FACE('',(#4957),#4897,.T.);
#4957 = FACE_BOUND('',#4958,.T.);
#4958 = EDGE_LOOP('',(#4959,#4989,#5016,#5017));
#4959 = ORIENTED_EDGE('',*,*,#4960,.F.);
#4960 = EDGE_CURVE('',#4961,#4963,#4965,.T.);
#4961 = VERTEX_POINT('',#4962);
#4962 = CARTESIAN_POINT('',(-19.14728683326,21.711275321861,
    66.805935955351));
#4963 = VERTEX_POINT('',#4964);
#4964 = CARTESIAN_POINT('',(-19.14728683326,31.211275321861,
    50.351453283447));
#4965 = SURFACE_CURVE('',#4966,(#4970,#4977),.PCURVE_S1.);
#4966 = LINE('',#4967,#4968);
#4967 = CARTESIAN_POINT('',(-19.14728683326,21.211275321861,
    67.671961359136));
#4968 = VECTOR('',#4969,1.);
#4969 = DIRECTION('',(-5.947623346206E-16,0.5,-0.866025403784));
#4970 = PCURVE('',#4897,#4971);
#4971 = DEFINITIONAL_REPRESENTATION('',(#4972),#4976);
#4972 = LINE('',#4973,#4974);
#4973 = CARTESIAN_POINT('',(0.119236716706,0.));
#4974 = VECTOR('',#4975,1.);
#4975 = DIRECTION('',(0.,1.));
#4976 = ( GEOMETRIC_REPRESENTATION_CONTEXT(2) 
PARAMETRIC_REPRESENTATION_CONTEXT() REPRESENTATION_CONTEXT('2D SPACE',''
  ) );
#4977 = PCURVE('',#4978,#4983);
#4978 = PLANE('',#4979);
#4979 = AXIS2_PLACEMENT_3D('',#4980,#4981,#4982);
#4980 = CARTESIAN_POINT('',(-18.84404684395,20.849818801328,
    67.463274339706));
#4981 = DIRECTION('',(0.809016994375,0.509036960455,0.293892626146));
#4982 = DIRECTION('',(-0.587785252292,0.700629269222,0.404508497187));
#4983 = DEFINITIONAL_REPRESENTATION('',(#4984),#4988);
#4984 = LINE('',#4985,#4986);
#4985 = CARTESIAN_POINT('',(0.515902684074,0.));
#4986 = VECTOR('',#4987,1.);
#4987 = DIRECTION('',(0.,-1.));
#4988 = ( GEOMETRIC_REPRESENTATION_CONTEXT(2) 
PARAMETRIC_REPRESENTATION_CONTEXT() REPRESENTATION_CONTEXT('2D SPACE',''
  ) );
#4989 = ORIENTED_EDGE('',*,*,#4990,.F.);
#4990 = EDGE_CURVE('',#4880,#4961,#4991,.T.);
#4991 = SURFACE_CURVE('',#4992,(#4997,#5004),.PCURVE_S1.);
#4992 = CIRCLE('',#4993,19.284210105952);
#4993 = AXIS2_PLACEMENT_3D('',#4994,#4995,#4996);
#4994 = CARTESIAN_POINT('',(1.585398479165E-12,19.72466394788,
    65.658965343809));
#4995 = DIRECTION('',(5.947623346206E-16,-0.5,0.866025403784));
#4996 = DIRECTION('',(1.,2.973811673103E-16,-5.150792909956E-16));
#4997 = PCURVE('',#4897,#4998);
#4998 = DEFINITIONAL_REPRESENTATION('',(#4999),#5003);
#4999 = LINE('',#5000,#5001);
#5000 = CARTESIAN_POINT('',(3.14159265359,1.));
#5001 = VECTOR('',#5002,1.);
#5002 = DIRECTION('',(-1.,0.));
#5003 = ( GEOMETRIC_REPRESENTATION_CONTEXT(2) 
PARAMETRIC_REPRESENTATION_CONTEXT() REPRESENTATION_CONTEXT('2D SPACE',''
  ) );
#5004 = PCURVE('',#5005,#5010);
#5005 = CONICAL_SURFACE('',#5006,18.284210105952,0.785398163397);
#5006 = AXIS2_PLACEMENT_3D('',#5007,#5008,#5009);
#5007 = CARTESIAN_POINT('',(1.586286657584E-12,19.22466394788,
    66.524990747593));
#5008 = DIRECTION('',(-5.947623346206E-16,0.5,-0.866025403784));
#5009 = DIRECTION('',(-1.,-2.973811673103E-16,5.150792909956E-16));
#5010 = DEFINITIONAL_REPRESENTATION('',(#5011),#5015);
#5011 = LINE('',#5012,#5013);
#5012 = CARTESIAN_POINT('',(3.14159265359,1.));
#5013 = VECTOR('',#5014,1.);
#5014 = DIRECTION('',(-1.,-2.489383946701E-14));
#5015 = ( GEOMETRIC_REPRESENTATION_CONTEXT(2) 
PARAMETRIC_REPRESENTATION_CONTEXT() REPRESENTATION_CONTEXT('2D SPACE',''
  ) );
#5016 = ORIENTED_EDGE('',*,*,#4879,.T.);
#5017 = ORIENTED_EDGE('',*,*,#5018,.T.);
#5018 = EDGE_CURVE('',#4882,#4963,#5019,.T.);
#5019 = SURFACE_CURVE('',#5020,(#5025,#5032),.PCURVE_S1.);
#5020 = CIRCLE('',#5021,19.284210105952);
#5021 = AXIS2_PLACEMENT_3D('',#5022,#5023,#5024);
#5022 = CARTESIAN_POINT('',(1.573852159709E-12,29.22466394788,
    49.204482671904));
#5023 = DIRECTION('',(5.947623346206E-16,-0.5,0.866025403784));
#5024 = DIRECTION('',(1.,2.973811673103E-16,-5.150792909956E-16));
#5025 = PCURVE('',#4897,#5026);
#5026 = DEFINITIONAL_REPRESENTATION('',(#5027),#5031);
#5027 = LINE('',#5028,#5029);
#5028 = CARTESIAN_POINT('',(3.14159265359,20.));
#5029 = VECTOR('',#5030,1.);
#5030 = DIRECTION('',(-1.,0.));
#5031 = ( GEOMETRIC_REPRESENTATION_CONTEXT(2) 
PARAMETRIC_REPRESENTATION_CONTEXT() REPRESENTATION_CONTEXT('2D SPACE',''
  ) );
#5032 = PCURVE('',#128,#5033);
#5033 = DEFINITIONAL_REPRESENTATION('',(#5034),#5038);
#5034 = CIRCLE('',#5035,19.284210105952);
#5035 = AXIS2_PLACEMENT_2D('',#5036,#5037);
#5036 = CARTESIAN_POINT('',(1.574740338128E-12,-3.28626015289E-13));
#5037 = DIRECTION('',(1.,0.));
#5038 = ( GEOMETRIC_REPRESENTATION_CONTEXT(2) 
PARAMETRIC_REPRESENTATION_CONTEXT() REPRESENTATION_CONTEXT('2D SPACE',''
  ) );
#5039 = ADVANCED_FACE('',(#5040),#4978,.F.);
#5040 = FACE_BOUND('',#5041,.T.);
#5041 = EDGE_LOOP('',(#5042,#5072,#5098,#5099));
#5042 = ORIENTED_EDGE('',*,*,#5043,.F.);
#5043 = EDGE_CURVE('',#5044,#5046,#5048,.T.);
#5044 = VERTEX_POINT('',#5045);
#5045 = CARTESIAN_POINT('',(-18.54080685463,20.988362280795,
    66.388561916491));
#5046 = VERTEX_POINT('',#5047);
#5047 = CARTESIAN_POINT('',(-18.54080685463,30.488362280795,
    49.934079244587));
#5048 = SURFACE_CURVE('',#5049,(#5053,#5060),.PCURVE_S1.);
#5049 = LINE('',#5050,#5051);
#5050 = CARTESIAN_POINT('',(-18.54080685463,20.488362280795,
    67.254587320276));
#5051 = VECTOR('',#5052,1.);
#5052 = DIRECTION('',(-5.947623346206E-16,0.5,-0.866025403784));
#5053 = PCURVE('',#4978,#5054);
#5054 = DEFINITIONAL_REPRESENTATION('',(#5055),#5059);
#5055 = LINE('',#5056,#5057);
#5056 = CARTESIAN_POINT('',(-0.515902684074,0.));
#5057 = VECTOR('',#5058,1.);
#5058 = DIRECTION('',(0.,-1.));
#5059 = ( GEOMETRIC_REPRESENTATION_CONTEXT(2) 
PARAMETRIC_REPRESENTATION_CONTEXT() REPRESENTATION_CONTEXT('2D SPACE',''
  ) );
#5060 = PCURVE('',#5061,#5066);
#5061 = PLANE('',#5062);
#5062 = AXIS2_PLACEMENT_3D('',#5063,#5064,#5065);
#5063 = CARTESIAN_POINT('',(-18.90560514097,20.172437697567,
    67.072188177105));
#5064 = DIRECTION('',(-0.707106781187,0.612372435696,0.353553390593));
#5065 = DIRECTION('',(-0.707106781187,-0.612372435696,-0.353553390593));
#5066 = DEFINITIONAL_REPRESENTATION('',(#5067),#5071);
#5067 = LINE('',#5068,#5069);
#5068 = CARTESIAN_POINT('',(-0.515902684074,0.));
#5069 = VECTOR('',#5070,1.);
#5070 = DIRECTION('',(-0.,-1.));
#5071 = ( GEOMETRIC_REPRESENTATION_CONTEXT(2) 
PARAMETRIC_REPRESENTATION_CONTEXT() REPRESENTATION_CONTEXT('2D SPACE',''
  ) );
#5072 = ORIENTED_EDGE('',*,*,#5073,.T.);
#5073 = EDGE_CURVE('',#5044,#4961,#5074,.T.);
#5074 = SURFACE_CURVE('',#5075,(#5079,#5086),.PCURVE_S1.);
#5075 = LINE('',#5076,#5077);
#5076 = CARTESIAN_POINT('',(-19.14728683326,21.711275321861,
    66.805935955351));
#5077 = VECTOR('',#5078,1.);
#5078 = DIRECTION('',(-0.587785252292,0.700629269222,0.404508497187));
#5079 = PCURVE('',#4978,#5080);
#5080 = DEFINITIONAL_REPRESENTATION('',(#5081),#5085);
#5081 = LINE('',#5082,#5083);
#5082 = CARTESIAN_POINT('',(0.515902684074,-1.));
#5083 = VECTOR('',#5084,1.);
#5084 = DIRECTION('',(1.,0.));
#5085 = ( GEOMETRIC_REPRESENTATION_CONTEXT(2) 
PARAMETRIC_REPRESENTATION_CONTEXT() REPRESENTATION_CONTEXT('2D SPACE',''
  ) );
#5086 = PCURVE('',#5087,#5092);
#5087 = PLANE('',#5088);
#5088 = AXIS2_PLACEMENT_3D('',#5089,#5090,#5091);
#5089 = CARTESIAN_POINT('',(-10.63221106197,12.534831176088,
    62.662613995965));
#5090 = DIRECTION('',(-0.572061402818,-0.713496877206,0.404558966807));
#5091 = DIRECTION('',(-0.587785252292,0.700629269222,0.404508497187));
#5092 = DEFINITIONAL_REPRESENTATION('',(#5093),#5097);
#5093 = LINE('',#5094,#5095);
#5094 = CARTESIAN_POINT('',(13.110330255582,1.414213562373));
#5095 = VECTOR('',#5096,1.);
#5096 = DIRECTION('',(1.,-3.330669073875E-16));
#5097 = ( GEOMETRIC_REPRESENTATION_CONTEXT(2) 
PARAMETRIC_REPRESENTATION_CONTEXT() REPRESENTATION_CONTEXT('2D SPACE',''
  ) );
#5098 = ORIENTED_EDGE('',*,*,#4960,.T.);
#5099 = ORIENTED_EDGE('',*,*,#5100,.T.);
#5100 = EDGE_CURVE('',#4963,#5046,#5101,.T.);
#5101 = SURFACE_CURVE('',#5102,(#5106,#5113),.PCURVE_S1.);
#5102 = LINE('',#5103,#5104);
#5103 = CARTESIAN_POINT('',(-18.84404684395,30.849818801328,
    50.142766264017));
#5104 = VECTOR('',#5105,1.);
#5105 = DIRECTION('',(0.587785252292,-0.700629269222,-0.404508497187));
#5106 = PCURVE('',#4978,#5107);
#5107 = DEFINITIONAL_REPRESENTATION('',(#5108),#5112);
#5108 = LINE('',#5109,#5110);
#5109 = CARTESIAN_POINT('',(0.,-20.));
#5110 = VECTOR('',#5111,1.);
#5111 = DIRECTION('',(-1.,0.));
#5112 = ( GEOMETRIC_REPRESENTATION_CONTEXT(2) 
PARAMETRIC_REPRESENTATION_CONTEXT() REPRESENTATION_CONTEXT('2D SPACE',''
  ) );
#5113 = PCURVE('',#128,#5114);
#5114 = DEFINITIONAL_REPRESENTATION('',(#5115),#5119);
#5115 = LINE('',#5116,#5117);
#5116 = CARTESIAN_POINT('',(-18.84404684395,1.876567184225));
#5117 = VECTOR('',#5118,1.);
#5118 = DIRECTION('',(0.587785252292,-0.809016994375));
#5119 = ( GEOMETRIC_REPRESENTATION_CONTEXT(2) 
PARAMETRIC_REPRESENTATION_CONTEXT() REPRESENTATION_CONTEXT('2D SPACE',''
  ) );
#5120 = ADVANCED_FACE('',(#5121),#5061,.T.);
#5121 = FACE_BOUND('',#5122,.T.);
#5122 = EDGE_LOOP('',(#5123,#5153,#5179,#5180));
#5123 = ORIENTED_EDGE('',*,*,#5124,.F.);
#5124 = EDGE_CURVE('',#5125,#5127,#5129,.T.);
#5125 = VERTEX_POINT('',#5126);
#5126 = CARTESIAN_POINT('',(-19.27040342731,20.356513114338,
    66.02376363015));
#5127 = VERTEX_POINT('',#5128);
#5128 = CARTESIAN_POINT('',(-19.27040342731,29.856513114338,
    49.569280958246));
#5129 = SURFACE_CURVE('',#5130,(#5134,#5141),.PCURVE_S1.);
#5130 = LINE('',#5131,#5132);
#5131 = CARTESIAN_POINT('',(-19.27040342731,19.856513114338,
    66.889789033935));
#5132 = VECTOR('',#5133,1.);
#5133 = DIRECTION('',(-5.947623346206E-16,0.5,-0.866025403784));
#5134 = PCURVE('',#5061,#5135);
#5135 = DEFINITIONAL_REPRESENTATION('',(#5136),#5140);
#5136 = LINE('',#5137,#5138);
#5137 = CARTESIAN_POINT('',(0.515902684074,0.));
#5138 = VECTOR('',#5139,1.);
#5139 = DIRECTION('',(-0.,-1.));
#5140 = ( GEOMETRIC_REPRESENTATION_CONTEXT(2) 
PARAMETRIC_REPRESENTATION_CONTEXT() REPRESENTATION_CONTEXT('2D SPACE',''
  ) );
#5141 = PCURVE('',#5142,#5147);
#5142 = CYLINDRICAL_SURFACE('',#5143,19.284210105954);
#5143 = AXIS2_PLACEMENT_3D('',#5144,#5145,#5146);
#5144 = CARTESIAN_POINT('',(3.546496429863E-12,19.224663947881,
    66.524990747593));
#5145 = DIRECTION('',(-5.947623346206E-16,0.5,-0.866025403784));
#5146 = DIRECTION('',(-1.,-2.973811673103E-16,5.150792909956E-16));
#5147 = DEFINITIONAL_REPRESENTATION('',(#5148),#5152);
#5148 = LINE('',#5149,#5150);
#5149 = CARTESIAN_POINT('',(6.321028223153,0.));
#5150 = VECTOR('',#5151,1.);
#5151 = DIRECTION('',(0.,1.));
#5152 = ( GEOMETRIC_REPRESENTATION_CONTEXT(2) 
PARAMETRIC_REPRESENTATION_CONTEXT() REPRESENTATION_CONTEXT('2D SPACE',''
  ) );
#5153 = ORIENTED_EDGE('',*,*,#5154,.T.);
#5154 = EDGE_CURVE('',#5125,#5044,#5155,.T.);
#5155 = SURFACE_CURVE('',#5156,(#5160,#5167),.PCURVE_S1.);
#5156 = LINE('',#5157,#5158);
#5157 = CARTESIAN_POINT('',(-18.90560514097,20.672437697567,
    66.206162773321));
#5158 = VECTOR('',#5159,1.);
#5159 = DIRECTION('',(0.707106781187,0.612372435696,0.353553390593));
#5160 = PCURVE('',#5061,#5161);
#5161 = DEFINITIONAL_REPRESENTATION('',(#5162),#5166);
#5162 = LINE('',#5163,#5164);
#5163 = CARTESIAN_POINT('',(-0.,-1.));
#5164 = VECTOR('',#5165,1.);
#5165 = DIRECTION('',(-1.,0.));
#5166 = ( GEOMETRIC_REPRESENTATION_CONTEXT(2) 
PARAMETRIC_REPRESENTATION_CONTEXT() REPRESENTATION_CONTEXT('2D SPACE',''
  ) );
#5167 = PCURVE('',#5168,#5173);
#5168 = PLANE('',#5169);
#5169 = AXIS2_PLACEMENT_3D('',#5170,#5171,#5172);
#5170 = CARTESIAN_POINT('',(-18.90560514097,20.672437697567,
    66.206162773321));
#5171 = DIRECTION('',(0.5,-7.945931129895E-02,-0.862372435696));
#5172 = DIRECTION('',(0.707106781187,0.612372435696,0.353553390593));
#5173 = DEFINITIONAL_REPRESENTATION('',(#5174),#5178);
#5174 = LINE('',#5175,#5176);
#5175 = CARTESIAN_POINT('',(0.,0.));
#5176 = VECTOR('',#5177,1.);
#5177 = DIRECTION('',(1.,5.551115123126E-17));
#5178 = ( GEOMETRIC_REPRESENTATION_CONTEXT(2) 
PARAMETRIC_REPRESENTATION_CONTEXT() REPRESENTATION_CONTEXT('2D SPACE',''
  ) );
#5179 = ORIENTED_EDGE('',*,*,#5043,.T.);
#5180 = ORIENTED_EDGE('',*,*,#5181,.F.);
#5181 = EDGE_CURVE('',#5127,#5046,#5182,.T.);
#5182 = SURFACE_CURVE('',#5183,(#5187,#5194),.PCURVE_S1.);
#5183 = LINE('',#5184,#5185);
#5184 = CARTESIAN_POINT('',(-18.90560514097,30.172437697567,
    49.751680101416));
#5185 = VECTOR('',#5186,1.);
#5186 = DIRECTION('',(0.707106781187,0.612372435696,0.353553390593));
#5187 = PCURVE('',#5061,#5188);
#5188 = DEFINITIONAL_REPRESENTATION('',(#5189),#5193);
#5189 = LINE('',#5190,#5191);
#5190 = CARTESIAN_POINT('',(-0.,-20.));
#5191 = VECTOR('',#5192,1.);
#5192 = DIRECTION('',(-1.,0.));
#5193 = ( GEOMETRIC_REPRESENTATION_CONTEXT(2) 
PARAMETRIC_REPRESENTATION_CONTEXT() REPRESENTATION_CONTEXT('2D SPACE',''
  ) );
#5194 = PCURVE('',#128,#5195);
#5195 = DEFINITIONAL_REPRESENTATION('',(#5196),#5200);
#5196 = LINE('',#5197,#5198);
#5197 = CARTESIAN_POINT('',(-18.90560514097,1.094394859024));
#5198 = VECTOR('',#5199,1.);
#5199 = DIRECTION('',(0.707106781187,0.707106781187));
#5200 = ( GEOMETRIC_REPRESENTATION_CONTEXT(2) 
PARAMETRIC_REPRESENTATION_CONTEXT() REPRESENTATION_CONTEXT('2D SPACE',''
  ) );
#5201 = ADVANCED_FACE('',(#5202),#5142,.T.);
#5202 = FACE_BOUND('',#5203,.T.);
#5203 = EDGE_LOOP('',(#5204,#5234,#5261,#5262));
#5204 = ORIENTED_EDGE('',*,*,#5205,.F.);
#5205 = EDGE_CURVE('',#5206,#5208,#5210,.T.);
#5206 = VERTEX_POINT('',#5207);
#5207 = CARTESIAN_POINT('',(-19.27040342731,19.092814781423,
    65.294167057467));
#5208 = VERTEX_POINT('',#5209);
#5209 = CARTESIAN_POINT('',(-19.27040342731,28.592814781423,
    48.839684385563));
#5210 = SURFACE_CURVE('',#5211,(#5215,#5222),.PCURVE_S1.);
#5211 = LINE('',#5212,#5213);
#5212 = CARTESIAN_POINT('',(-19.27040342731,18.592814781423,
    66.160192461252));
#5213 = VECTOR('',#5214,1.);
#5214 = DIRECTION('',(-5.947623346206E-16,0.5,-0.866025403784));
#5215 = PCURVE('',#5142,#5216);
#5216 = DEFINITIONAL_REPRESENTATION('',(#5217),#5221);
#5217 = LINE('',#5218,#5219);
#5218 = CARTESIAN_POINT('',(6.245342391206,0.));
#5219 = VECTOR('',#5220,1.);
#5220 = DIRECTION('',(0.,1.));
#5221 = ( GEOMETRIC_REPRESENTATION_CONTEXT(2) 
PARAMETRIC_REPRESENTATION_CONTEXT() REPRESENTATION_CONTEXT('2D SPACE',''
  ) );
#5222 = PCURVE('',#5223,#5228);
#5223 = PLANE('',#5224);
#5224 = AXIS2_PLACEMENT_3D('',#5225,#5226,#5227);
#5225 = CARTESIAN_POINT('',(-18.90560514097,18.276890198195,
    65.977793318081));
#5226 = DIRECTION('',(0.707106781187,0.612372435696,0.353553390593));
#5227 = DIRECTION('',(-0.707106781187,0.612372435696,0.353553390593));
#5228 = DEFINITIONAL_REPRESENTATION('',(#5229),#5233);
#5229 = LINE('',#5230,#5231);
#5230 = CARTESIAN_POINT('',(0.515902684074,0.));
#5231 = VECTOR('',#5232,1.);
#5232 = DIRECTION('',(0.,-1.));
#5233 = ( GEOMETRIC_REPRESENTATION_CONTEXT(2) 
PARAMETRIC_REPRESENTATION_CONTEXT() REPRESENTATION_CONTEXT('2D SPACE',''
  ) );
#5234 = ORIENTED_EDGE('',*,*,#5235,.F.);
#5235 = EDGE_CURVE('',#5125,#5206,#5236,.T.);
#5236 = SURFACE_CURVE('',#5237,(#5242,#5249),.PCURVE_S1.);
#5237 = CIRCLE('',#5238,19.284210105954);
#5238 = AXIS2_PLACEMENT_3D('',#5239,#5240,#5241);
#5239 = CARTESIAN_POINT('',(3.545608251443E-12,19.724663947881,
    65.658965343809));
#5240 = DIRECTION('',(5.947623346206E-16,-0.5,0.866025403784));
#5241 = DIRECTION('',(1.,2.973811673103E-16,-5.150792909956E-16));
#5242 = PCURVE('',#5142,#5243);
#5243 = DEFINITIONAL_REPRESENTATION('',(#5244),#5248);
#5244 = LINE('',#5245,#5246);
#5245 = CARTESIAN_POINT('',(9.424777960769,1.));
#5246 = VECTOR('',#5247,1.);
#5247 = DIRECTION('',(-1.,0.));
#5248 = ( GEOMETRIC_REPRESENTATION_CONTEXT(2) 
PARAMETRIC_REPRESENTATION_CONTEXT() REPRESENTATION_CONTEXT('2D SPACE',''
  ) );
#5249 = PCURVE('',#5250,#5255);
#5250 = CONICAL_SURFACE('',#5251,18.284210105954,0.785398163397);
#5251 = AXIS2_PLACEMENT_3D('',#5252,#5253,#5254);
#5252 = CARTESIAN_POINT('',(3.546496429863E-12,19.224663947881,
    66.524990747593));
#5253 = DIRECTION('',(-5.947623346206E-16,0.5,-0.866025403784));
#5254 = DIRECTION('',(-1.,-2.973811673103E-16,5.150792909956E-16));
#5255 = DEFINITIONAL_REPRESENTATION('',(#5256),#5260);
#5256 = LINE('',#5257,#5258);
#5257 = CARTESIAN_POINT('',(3.14159265359,1.));
#5258 = VECTOR('',#5259,1.);
#5259 = DIRECTION('',(-1.,0.));
#5260 = ( GEOMETRIC_REPRESENTATION_CONTEXT(2) 
PARAMETRIC_REPRESENTATION_CONTEXT() REPRESENTATION_CONTEXT('2D SPACE',''
  ) );
#5261 = ORIENTED_EDGE('',*,*,#5124,.T.);
#5262 = ORIENTED_EDGE('',*,*,#5263,.T.);
#5263 = EDGE_CURVE('',#5127,#5208,#5264,.T.);
#5264 = SURFACE_CURVE('',#5265,(#5270,#5277),.PCURVE_S1.);
#5265 = CIRCLE('',#5266,19.284210105954);
#5266 = AXIS2_PLACEMENT_3D('',#5267,#5268,#5269);
#5267 = CARTESIAN_POINT('',(3.534061931987E-12,29.224663947881,
    49.204482671904));
#5268 = DIRECTION('',(5.947623346206E-16,-0.5,0.866025403784));
#5269 = DIRECTION('',(1.,2.973811673103E-16,-5.150792909956E-16));
#5270 = PCURVE('',#5142,#5271);
#5271 = DEFINITIONAL_REPRESENTATION('',(#5272),#5276);
#5272 = LINE('',#5273,#5274);
#5273 = CARTESIAN_POINT('',(9.424777960769,20.));
#5274 = VECTOR('',#5275,1.);
#5275 = DIRECTION('',(-1.,0.));
#5276 = ( GEOMETRIC_REPRESENTATION_CONTEXT(2) 
PARAMETRIC_REPRESENTATION_CONTEXT() REPRESENTATION_CONTEXT('2D SPACE',''
  ) );
#5277 = PCURVE('',#128,#5278);
#5278 = DEFINITIONAL_REPRESENTATION('',(#5279),#5283);
#5279 = CIRCLE('',#5280,19.284210105954);
#5280 = AXIS2_PLACEMENT_2D('',#5281,#5282);
#5281 = CARTESIAN_POINT('',(3.534950110406E-12,7.105427357601E-15));
#5282 = DIRECTION('',(1.,0.));
#5283 = ( GEOMETRIC_REPRESENTATION_CONTEXT(2) 
PARAMETRIC_REPRESENTATION_CONTEXT() REPRESENTATION_CONTEXT('2D SPACE',''
  ) );
#5284 = ADVANCED_FACE('',(#5285),#5223,.F.);
#5285 = FACE_BOUND('',#5286,.T.);
#5286 = EDGE_LOOP('',(#5287,#5317,#5343,#5344));
#5287 = ORIENTED_EDGE('',*,*,#5288,.F.);
#5288 = EDGE_CURVE('',#5289,#5291,#5293,.T.);
#5289 = VERTEX_POINT('',#5290);
#5290 = CARTESIAN_POINT('',(-18.54080685463,18.460965614966,
    64.929368771126));
#5291 = VERTEX_POINT('',#5292);
#5292 = CARTESIAN_POINT('',(-18.54080685463,27.960965614966,
    48.474886099222));
#5293 = SURFACE_CURVE('',#5294,(#5298,#5305),.PCURVE_S1.);
#5294 = LINE('',#5295,#5296);
#5295 = CARTESIAN_POINT('',(-18.54080685463,17.960965614966,
    65.795394174911));
#5296 = VECTOR('',#5297,1.);
#5297 = DIRECTION('',(-5.947623346206E-16,0.5,-0.866025403784));
#5298 = PCURVE('',#5223,#5299);
#5299 = DEFINITIONAL_REPRESENTATION('',(#5300),#5304);
#5300 = LINE('',#5301,#5302);
#5301 = CARTESIAN_POINT('',(-0.515902684074,0.));
#5302 = VECTOR('',#5303,1.);
#5303 = DIRECTION('',(0.,-1.));
#5304 = ( GEOMETRIC_REPRESENTATION_CONTEXT(2) 
PARAMETRIC_REPRESENTATION_CONTEXT() REPRESENTATION_CONTEXT('2D SPACE',''
  ) );
#5305 = PCURVE('',#5306,#5311);
#5306 = PLANE('',#5307);
#5307 = AXIS2_PLACEMENT_3D('',#5308,#5309,#5310);
#5308 = CARTESIAN_POINT('',(-18.84404684395,17.599509094433,
    65.586707155481));
#5309 = DIRECTION('',(-0.809016994375,0.509036960455,0.293892626146));
#5310 = DIRECTION('',(-0.587785252292,-0.700629269222,-0.404508497187));
#5311 = DEFINITIONAL_REPRESENTATION('',(#5312),#5316);
#5312 = LINE('',#5313,#5314);
#5313 = CARTESIAN_POINT('',(-0.515902684074,0.));
#5314 = VECTOR('',#5315,1.);
#5315 = DIRECTION('',(-0.,-1.));
#5316 = ( GEOMETRIC_REPRESENTATION_CONTEXT(2) 
PARAMETRIC_REPRESENTATION_CONTEXT() REPRESENTATION_CONTEXT('2D SPACE',''
  ) );
#5317 = ORIENTED_EDGE('',*,*,#5318,.T.);
#5318 = EDGE_CURVE('',#5289,#5206,#5319,.T.);
#5319 = SURFACE_CURVE('',#5320,(#5324,#5331),.PCURVE_S1.);
#5320 = LINE('',#5321,#5322);
#5321 = CARTESIAN_POINT('',(-19.27040342731,19.092814781423,
    65.294167057467));
#5322 = VECTOR('',#5323,1.);
#5323 = DIRECTION('',(-0.707106781187,0.612372435696,0.353553390593));
#5324 = PCURVE('',#5223,#5325);
#5325 = DEFINITIONAL_REPRESENTATION('',(#5326),#5330);
#5326 = LINE('',#5327,#5328);
#5327 = CARTESIAN_POINT('',(0.515902684074,-1.));
#5328 = VECTOR('',#5329,1.);
#5329 = DIRECTION('',(1.,0.));
#5330 = ( GEOMETRIC_REPRESENTATION_CONTEXT(2) 
PARAMETRIC_REPRESENTATION_CONTEXT() REPRESENTATION_CONTEXT('2D SPACE',''
  ) );
#5331 = PCURVE('',#5332,#5337);
#5332 = PLANE('',#5333);
#5333 = AXIS2_PLACEMENT_3D('',#5334,#5335,#5336);
#5334 = CARTESIAN_POINT('',(-9.292893218813,11.176782345732,
    61.878544138186));
#5335 = DIRECTION('',(-0.5,-0.786566092485,0.362372435696));
#5336 = DIRECTION('',(-0.707106781187,0.612372435696,0.353553390593));
#5337 = DEFINITIONAL_REPRESENTATION('',(#5338),#5342);
#5338 = LINE('',#5339,#5340);
#5339 = CARTESIAN_POINT('',(13.110330255582,1.414213562373));
#5340 = VECTOR('',#5341,1.);
#5341 = DIRECTION('',(1.,-2.22044604925E-16));
#5342 = ( GEOMETRIC_REPRESENTATION_CONTEXT(2) 
PARAMETRIC_REPRESENTATION_CONTEXT() REPRESENTATION_CONTEXT('2D SPACE',''
  ) );
#5343 = ORIENTED_EDGE('',*,*,#5205,.T.);
#5344 = ORIENTED_EDGE('',*,*,#5345,.T.);
#5345 = EDGE_CURVE('',#5208,#5291,#5346,.T.);
#5346 = SURFACE_CURVE('',#5347,(#5351,#5358),.PCURVE_S1.);
#5347 = LINE('',#5348,#5349);
#5348 = CARTESIAN_POINT('',(-18.90560514097,28.276890198195,
    48.657285242392));
#5349 = VECTOR('',#5350,1.);
#5350 = DIRECTION('',(0.707106781187,-0.612372435696,-0.353553390593));
#5351 = PCURVE('',#5223,#5352);
#5352 = DEFINITIONAL_REPRESENTATION('',(#5353),#5357);
#5353 = LINE('',#5354,#5355);
#5354 = CARTESIAN_POINT('',(0.,-20.));
#5355 = VECTOR('',#5356,1.);
#5356 = DIRECTION('',(-1.,0.));
#5357 = ( GEOMETRIC_REPRESENTATION_CONTEXT(2) 
PARAMETRIC_REPRESENTATION_CONTEXT() REPRESENTATION_CONTEXT('2D SPACE',''
  ) );
#5358 = PCURVE('',#128,#5359);
#5359 = DEFINITIONAL_REPRESENTATION('',(#5360),#5364);
#5360 = LINE('',#5361,#5362);
#5361 = CARTESIAN_POINT('',(-18.90560514097,-1.094394859024));
#5362 = VECTOR('',#5363,1.);
#5363 = DIRECTION('',(0.707106781187,-0.707106781187));
#5364 = ( GEOMETRIC_REPRESENTATION_CONTEXT(2) 
PARAMETRIC_REPRESENTATION_CONTEXT() REPRESENTATION_CONTEXT('2D SPACE',''
  ) );
#5365 = ADVANCED_FACE('',(#5366),#5306,.T.);
#5366 = FACE_BOUND('',#5367,.T.);
#5367 = EDGE_LOOP('',(#5368,#5398,#5424,#5425));
#5368 = ORIENTED_EDGE('',*,*,#5369,.F.);
#5369 = EDGE_CURVE('',#5370,#5372,#5374,.T.);
#5370 = VERTEX_POINT('',#5371);
#5371 = CARTESIAN_POINT('',(-19.14728683326,17.738052573901,
    64.511994732266));
#5372 = VERTEX_POINT('',#5373);
#5373 = CARTESIAN_POINT('',(-19.14728683326,27.238052573901,
    48.057512060362));
#5374 = SURFACE_CURVE('',#5375,(#5379,#5386),.PCURVE_S1.);
#5375 = LINE('',#5376,#5377);
#5376 = CARTESIAN_POINT('',(-19.14728683326,17.238052573901,
    65.378020136051));
#5377 = VECTOR('',#5378,1.);
#5378 = DIRECTION('',(-5.947623346206E-16,0.5,-0.866025403784));
#5379 = PCURVE('',#5306,#5380);
#5380 = DEFINITIONAL_REPRESENTATION('',(#5381),#5385);
#5381 = LINE('',#5382,#5383);
#5382 = CARTESIAN_POINT('',(0.515902684074,0.));
#5383 = VECTOR('',#5384,1.);
#5384 = DIRECTION('',(-0.,-1.));
#5385 = ( GEOMETRIC_REPRESENTATION_CONTEXT(2) 
PARAMETRIC_REPRESENTATION_CONTEXT() REPRESENTATION_CONTEXT('2D SPACE',''
  ) );
#5386 = PCURVE('',#5387,#5392);
#5387 = CYLINDRICAL_SURFACE('',#5388,19.284210105952);
#5388 = AXIS2_PLACEMENT_3D('',#5389,#5390,#5391);
#5389 = CARTESIAN_POINT('',(1.6004975123E-12,19.224663947881,
    66.524990747593));
#5390 = DIRECTION('',(-5.947623346206E-16,0.5,-0.866025403784));
#5391 = DIRECTION('',(-1.,-2.973811673103E-16,5.150792909956E-16));
#5392 = DEFINITIONAL_REPRESENTATION('',(#5393),#5397);
#5393 = LINE('',#5394,#5395);
#5394 = CARTESIAN_POINT('',(6.163948590474,0.));
#5395 = VECTOR('',#5396,1.);
#5396 = DIRECTION('',(0.,1.));
#5397 = ( GEOMETRIC_REPRESENTATION_CONTEXT(2) 
PARAMETRIC_REPRESENTATION_CONTEXT() REPRESENTATION_CONTEXT('2D SPACE',''
  ) );
#5398 = ORIENTED_EDGE('',*,*,#5399,.T.);
#5399 = EDGE_CURVE('',#5370,#5289,#5400,.T.);
#5400 = SURFACE_CURVE('',#5401,(#5405,#5412),.PCURVE_S1.);
#5401 = LINE('',#5402,#5403);
#5402 = CARTESIAN_POINT('',(-18.84404684395,18.099509094433,
    64.720681751696));
#5403 = VECTOR('',#5404,1.);
#5404 = DIRECTION('',(0.587785252292,0.700629269222,0.404508497187));
#5405 = PCURVE('',#5306,#5406);
#5406 = DEFINITIONAL_REPRESENTATION('',(#5407),#5411);
#5407 = LINE('',#5408,#5409);
#5408 = CARTESIAN_POINT('',(-0.,-1.));
#5409 = VECTOR('',#5410,1.);
#5410 = DIRECTION('',(-1.,0.));
#5411 = ( GEOMETRIC_REPRESENTATION_CONTEXT(2) 
PARAMETRIC_REPRESENTATION_CONTEXT() REPRESENTATION_CONTEXT('2D SPACE',''
  ) );
#5412 = PCURVE('',#5413,#5418);
#5413 = PLANE('',#5414);
#5414 = AXIS2_PLACEMENT_3D('',#5415,#5416,#5417);
#5415 = CARTESIAN_POINT('',(-18.84404684395,18.099509094433,
    64.720681751696));
#5416 = DIRECTION('',(0.572061402818,-6.390096019136E-03,-0.820185904585
    ));
#5417 = DIRECTION('',(0.587785252292,0.700629269222,0.404508497187));
#5418 = DEFINITIONAL_REPRESENTATION('',(#5419),#5423);
#5419 = LINE('',#5420,#5421);
#5420 = CARTESIAN_POINT('',(0.,0.));
#5421 = VECTOR('',#5422,1.);
#5422 = DIRECTION('',(1.,-2.775557561563E-17));
#5423 = ( GEOMETRIC_REPRESENTATION_CONTEXT(2) 
PARAMETRIC_REPRESENTATION_CONTEXT() REPRESENTATION_CONTEXT('2D SPACE',''
  ) );
#5424 = ORIENTED_EDGE('',*,*,#5288,.T.);
#5425 = ORIENTED_EDGE('',*,*,#5426,.F.);
#5426 = EDGE_CURVE('',#5372,#5291,#5427,.T.);
#5427 = SURFACE_CURVE('',#5428,(#5432,#5439),.PCURVE_S1.);
#5428 = LINE('',#5429,#5430);
#5429 = CARTESIAN_POINT('',(-18.84404684395,27.599509094433,
    48.266199079792));
#5430 = VECTOR('',#5431,1.);
#5431 = DIRECTION('',(0.587785252292,0.700629269222,0.404508497187));
#5432 = PCURVE('',#5306,#5433);
#5433 = DEFINITIONAL_REPRESENTATION('',(#5434),#5438);
#5434 = LINE('',#5435,#5436);
#5435 = CARTESIAN_POINT('',(-0.,-20.));
#5436 = VECTOR('',#5437,1.);
#5437 = DIRECTION('',(-1.,0.));
#5438 = ( GEOMETRIC_REPRESENTATION_CONTEXT(2) 
PARAMETRIC_REPRESENTATION_CONTEXT() REPRESENTATION_CONTEXT('2D SPACE',''
  ) );
#5439 = PCURVE('',#128,#5440);
#5440 = DEFINITIONAL_REPRESENTATION('',(#5441),#5445);
#5441 = LINE('',#5442,#5443);
#5442 = CARTESIAN_POINT('',(-18.84404684395,-1.876567184225));
#5443 = VECTOR('',#5444,1.);
#5444 = DIRECTION('',(0.587785252292,0.809016994375));
#5445 = ( GEOMETRIC_REPRESENTATION_CONTEXT(2) 
PARAMETRIC_REPRESENTATION_CONTEXT() REPRESENTATION_CONTEXT('2D SPACE',''
  ) );
#5446 = ADVANCED_FACE('',(#5447),#5387,.T.);
#5447 = FACE_BOUND('',#5448,.T.);
#5448 = EDGE_LOOP('',(#5449,#5479,#5506,#5507));
#5449 = ORIENTED_EDGE('',*,*,#5450,.F.);
#5450 = EDGE_CURVE('',#5451,#5453,#5455,.T.);
#5451 = VERTEX_POINT('',#5452);
#5452 = CARTESIAN_POINT('',(-18.91901873418,16.489912464452,
    63.791380704089));
#5453 = VERTEX_POINT('',#5454);
#5454 = CARTESIAN_POINT('',(-18.91901873418,25.989912464452,
    47.336898032185));
#5455 = SURFACE_CURVE('',#5456,(#5460,#5467),.PCURVE_S1.);
#5456 = LINE('',#5457,#5458);
#5457 = CARTESIAN_POINT('',(-18.91901873418,15.989912464452,
    64.657406107874));
#5458 = VECTOR('',#5459,1.);
#5459 = DIRECTION('',(-5.947623346206E-16,0.5,-0.866025403784));
#5460 = PCURVE('',#5387,#5461);
#5461 = DEFINITIONAL_REPRESENTATION('',(#5462),#5466);
#5462 = LINE('',#5463,#5464);
#5463 = CARTESIAN_POINT('',(6.088262758526,0.));
#5464 = VECTOR('',#5465,1.);
#5465 = DIRECTION('',(0.,1.));
#5466 = ( GEOMETRIC_REPRESENTATION_CONTEXT(2) 
PARAMETRIC_REPRESENTATION_CONTEXT() REPRESENTATION_CONTEXT('2D SPACE',''
  ) );
#5467 = PCURVE('',#5468,#5473);
#5468 = PLANE('',#5469);
#5469 = AXIS2_PLACEMENT_3D('',#5470,#5471,#5472);
#5470 = CARTESIAN_POINT('',(-18.50164469532,15.72729893026,
    64.505786113215));
#5471 = DIRECTION('',(0.587785252292,0.700629269222,0.404508497187));
#5472 = DIRECTION('',(-0.809016994375,0.509036960455,0.293892626146));
#5473 = DEFINITIONAL_REPRESENTATION('',(#5474),#5478);
#5474 = LINE('',#5475,#5476);
#5475 = CARTESIAN_POINT('',(0.515902684074,0.));
#5476 = VECTOR('',#5477,1.);
#5477 = DIRECTION('',(0.,-1.));
#5478 = ( GEOMETRIC_REPRESENTATION_CONTEXT(2) 
PARAMETRIC_REPRESENTATION_CONTEXT() REPRESENTATION_CONTEXT('2D SPACE',''
  ) );
#5479 = ORIENTED_EDGE('',*,*,#5480,.F.);
#5480 = EDGE_CURVE('',#5370,#5451,#5481,.T.);
#5481 = SURFACE_CURVE('',#5482,(#5487,#5494),.PCURVE_S1.);
#5482 = CIRCLE('',#5483,19.284210105952);
#5483 = AXIS2_PLACEMENT_3D('',#5484,#5485,#5486);
#5484 = CARTESIAN_POINT('',(1.59960933388E-12,19.724663947881,
    65.658965343809));
#5485 = DIRECTION('',(5.947623346206E-16,-0.5,0.866025403784));
#5486 = DIRECTION('',(1.,2.973811673103E-16,-5.150792909956E-16));
#5487 = PCURVE('',#5387,#5488);
#5488 = DEFINITIONAL_REPRESENTATION('',(#5489),#5493);
#5489 = LINE('',#5490,#5491);
#5490 = CARTESIAN_POINT('',(9.424777960769,1.));
#5491 = VECTOR('',#5492,1.);
#5492 = DIRECTION('',(-1.,0.));
#5493 = ( GEOMETRIC_REPRESENTATION_CONTEXT(2) 
PARAMETRIC_REPRESENTATION_CONTEXT() REPRESENTATION_CONTEXT('2D SPACE',''
  ) );
#5494 = PCURVE('',#5495,#5500);
#5495 = CONICAL_SURFACE('',#5496,18.284210105952,0.785398163397);
#5496 = AXIS2_PLACEMENT_3D('',#5497,#5498,#5499);
#5497 = CARTESIAN_POINT('',(1.6004975123E-12,19.224663947881,
    66.524990747593));
#5498 = DIRECTION('',(-5.947623346206E-16,0.5,-0.866025403784));
#5499 = DIRECTION('',(-1.,-2.973811673103E-16,5.150792909956E-16));
#5500 = DEFINITIONAL_REPRESENTATION('',(#5501),#5505);
#5501 = LINE('',#5502,#5503);
#5502 = CARTESIAN_POINT('',(9.424777960769,1.));
#5503 = VECTOR('',#5504,1.);
#5504 = DIRECTION('',(-1.,-2.489383946701E-14));
#5505 = ( GEOMETRIC_REPRESENTATION_CONTEXT(2) 
PARAMETRIC_REPRESENTATION_CONTEXT() REPRESENTATION_CONTEXT('2D SPACE',''
  ) );
#5506 = ORIENTED_EDGE('',*,*,#5369,.T.);
#5507 = ORIENTED_EDGE('',*,*,#5508,.T.);
#5508 = EDGE_CURVE('',#5372,#5453,#5509,.T.);
#5509 = SURFACE_CURVE('',#5510,(#5515,#5522),.PCURVE_S1.);
#5510 = CIRCLE('',#5511,19.284210105952);
#5511 = AXIS2_PLACEMENT_3D('',#5512,#5513,#5514);
#5512 = CARTESIAN_POINT('',(1.588063014424E-12,29.224663947881,
    49.204482671905));
#5513 = DIRECTION('',(5.947623346206E-16,-0.5,0.866025403784));
#5514 = DIRECTION('',(1.,2.973811673103E-16,-5.150792909956E-16));
#5515 = PCURVE('',#5387,#5516);
#5516 = DEFINITIONAL_REPRESENTATION('',(#5517),#5521);
#5517 = LINE('',#5518,#5519);
#5518 = CARTESIAN_POINT('',(9.424777960769,20.));
#5519 = VECTOR('',#5520,1.);
#5520 = DIRECTION('',(-1.,0.));
#5521 = ( GEOMETRIC_REPRESENTATION_CONTEXT(2) 
PARAMETRIC_REPRESENTATION_CONTEXT() REPRESENTATION_CONTEXT('2D SPACE',''
  ) );
#5522 = PCURVE('',#128,#5523);
#5523 = DEFINITIONAL_REPRESENTATION('',(#5524),#5528);
#5524 = CIRCLE('',#5525,19.284210105952);
#5525 = AXIS2_PLACEMENT_2D('',#5526,#5527);
#5526 = CARTESIAN_POINT('',(1.588951192844E-12,3.446132268436E-13));
#5527 = DIRECTION('',(1.,0.));
#5528 = ( GEOMETRIC_REPRESENTATION_CONTEXT(2) 
PARAMETRIC_REPRESENTATION_CONTEXT() REPRESENTATION_CONTEXT('2D SPACE',''
  ) );
#5529 = ADVANCED_FACE('',(#5530),#5468,.F.);
#5530 = FACE_BOUND('',#5531,.T.);
#5531 = EDGE_LOOP('',(#5532,#5562,#5588,#5589));
#5532 = ORIENTED_EDGE('',*,*,#5533,.F.);
#5533 = EDGE_CURVE('',#5534,#5536,#5538,.T.);
#5534 = VERTEX_POINT('',#5535);
#5535 = CARTESIAN_POINT('',(-18.08427065646,15.964685396068,
    63.488140714772));
#5536 = VERTEX_POINT('',#5537);
#5537 = CARTESIAN_POINT('',(-18.08427065646,25.464685396068,
    47.033658042868));
#5538 = SURFACE_CURVE('',#5539,(#5543,#5550),.PCURVE_S1.);
#5539 = LINE('',#5540,#5541);
#5540 = CARTESIAN_POINT('',(-18.08427065646,15.464685396068,
    64.354166118557));
#5541 = VECTOR('',#5542,1.);
#5542 = DIRECTION('',(-5.947623346206E-16,0.5,-0.866025403784));
#5543 = PCURVE('',#5468,#5544);
#5544 = DEFINITIONAL_REPRESENTATION('',(#5545),#5549);
#5545 = LINE('',#5546,#5547);
#5546 = CARTESIAN_POINT('',(-0.515902684074,0.));
#5547 = VECTOR('',#5548,1.);
#5548 = DIRECTION('',(0.,-1.));
#5549 = ( GEOMETRIC_REPRESENTATION_CONTEXT(2) 
PARAMETRIC_REPRESENTATION_CONTEXT() REPRESENTATION_CONTEXT('2D SPACE',''
  ) );
#5550 = PCURVE('',#5551,#5556);
#5551 = PLANE('',#5552);
#5552 = AXIS2_PLACEMENT_3D('',#5553,#5554,#5555);
#5553 = CARTESIAN_POINT('',(-18.31848557382,15.066597197372,
    64.124329789879));
#5554 = DIRECTION('',(-0.891006524188,0.393167305851,0.22699524987));
#5555 = DIRECTION('',(-0.45399049974,-0.771634284885,-0.445503262094));
#5556 = DEFINITIONAL_REPRESENTATION('',(#5557),#5561);
#5557 = LINE('',#5558,#5559);
#5558 = CARTESIAN_POINT('',(-0.515902684074,0.));
#5559 = VECTOR('',#5560,1.);
#5560 = DIRECTION('',(-0.,-1.));
#5561 = ( GEOMETRIC_REPRESENTATION_CONTEXT(2) 
PARAMETRIC_REPRESENTATION_CONTEXT() REPRESENTATION_CONTEXT('2D SPACE',''
  ) );
#5562 = ORIENTED_EDGE('',*,*,#5563,.T.);
#5563 = EDGE_CURVE('',#5534,#5451,#5564,.T.);
#5564 = SURFACE_CURVE('',#5565,(#5569,#5576),.PCURVE_S1.);
#5565 = LINE('',#5566,#5567);
#5566 = CARTESIAN_POINT('',(-18.91901873418,16.489912464452,
    63.791380704089));
#5567 = VECTOR('',#5568,1.);
#5568 = DIRECTION('',(-0.809016994375,0.509036960455,0.293892626146));
#5569 = PCURVE('',#5468,#5570);
#5570 = DEFINITIONAL_REPRESENTATION('',(#5571),#5575);
#5571 = LINE('',#5572,#5573);
#5572 = CARTESIAN_POINT('',(0.515902684074,-1.));
#5573 = VECTOR('',#5574,1.);
#5574 = DIRECTION('',(1.,0.));
#5575 = ( GEOMETRIC_REPRESENTATION_CONTEXT(2) 
PARAMETRIC_REPRESENTATION_CONTEXT() REPRESENTATION_CONTEXT('2D SPACE',''
  ) );
#5576 = PCURVE('',#5577,#5582);
#5577 = PLANE('',#5578);
#5578 = AXIS2_PLACEMENT_3D('',#5579,#5580,#5581);
#5579 = CARTESIAN_POINT('',(-7.724753503257,10.016899069809,
    61.208885216604));
#5580 = DIRECTION('',(-0.415626937777,-0.848973097958,0.326341734287));
#5581 = DIRECTION('',(-0.809016994375,0.509036960455,0.293892626146));
#5582 = DEFINITIONAL_REPRESENTATION('',(#5583),#5587);
#5583 = LINE('',#5584,#5585);
#5584 = CARTESIAN_POINT('',(13.110330255582,1.414213562373));
#5585 = VECTOR('',#5586,1.);
#5586 = DIRECTION('',(1.,-8.326672684689E-17));
#5587 = ( GEOMETRIC_REPRESENTATION_CONTEXT(2) 
PARAMETRIC_REPRESENTATION_CONTEXT() REPRESENTATION_CONTEXT('2D SPACE',''
  ) );
#5588 = ORIENTED_EDGE('',*,*,#5450,.T.);
#5589 = ORIENTED_EDGE('',*,*,#5590,.T.);
#5590 = EDGE_CURVE('',#5453,#5536,#5591,.T.);
#5591 = SURFACE_CURVE('',#5592,(#5596,#5603),.PCURVE_S1.);
#5592 = LINE('',#5593,#5594);
#5593 = CARTESIAN_POINT('',(-18.50164469532,25.72729893026,
    47.185278037527));
#5594 = VECTOR('',#5595,1.);
#5595 = DIRECTION('',(0.809016994375,-0.509036960455,-0.293892626146));
#5596 = PCURVE('',#5468,#5597);
#5597 = DEFINITIONAL_REPRESENTATION('',(#5598),#5602);
#5598 = LINE('',#5599,#5600);
#5599 = CARTESIAN_POINT('',(0.,-20.));
#5600 = VECTOR('',#5601,1.);
#5601 = DIRECTION('',(-1.,0.));
#5602 = ( GEOMETRIC_REPRESENTATION_CONTEXT(2) 
PARAMETRIC_REPRESENTATION_CONTEXT() REPRESENTATION_CONTEXT('2D SPACE',''
  ) );
#5603 = PCURVE('',#128,#5604);
#5604 = DEFINITIONAL_REPRESENTATION('',(#5605),#5609);
#5605 = LINE('',#5606,#5607);
#5606 = CARTESIAN_POINT('',(-18.50164469532,-4.038409268756));
#5607 = VECTOR('',#5608,1.);
#5608 = DIRECTION('',(0.809016994375,-0.587785252292));
#5609 = ( GEOMETRIC_REPRESENTATION_CONTEXT(2) 
PARAMETRIC_REPRESENTATION_CONTEXT() REPRESENTATION_CONTEXT('2D SPACE',''
  ) );
#5610 = ADVANCED_FACE('',(#5611),#5551,.T.);
#5611 = FACE_BOUND('',#5612,.T.);
#5612 = EDGE_LOOP('',(#5613,#5643,#5669,#5670));
#5613 = ORIENTED_EDGE('',*,*,#5614,.F.);
#5614 = EDGE_CURVE('',#5615,#5617,#5619,.T.);
#5615 = VERTEX_POINT('',#5616);
#5616 = CARTESIAN_POINT('',(-18.55270049118,15.168508998676,
    63.028468057416));
#5617 = VERTEX_POINT('',#5618);
#5618 = CARTESIAN_POINT('',(-18.55270049118,24.668508998676,
    46.573985385512));
#5619 = SURFACE_CURVE('',#5620,(#5624,#5631),.PCURVE_S1.);
#5620 = LINE('',#5621,#5622);
#5621 = CARTESIAN_POINT('',(-18.55270049118,14.668508998676,
    63.8944934612));
#5622 = VECTOR('',#5623,1.);
#5623 = DIRECTION('',(-5.947623346206E-16,0.5,-0.866025403784));
#5624 = PCURVE('',#5551,#5625);
#5625 = DEFINITIONAL_REPRESENTATION('',(#5626),#5630);
#5626 = LINE('',#5627,#5628);
#5627 = CARTESIAN_POINT('',(0.515902684074,0.));
#5628 = VECTOR('',#5629,1.);
#5629 = DIRECTION('',(-0.,-1.));
#5630 = ( GEOMETRIC_REPRESENTATION_CONTEXT(2) 
PARAMETRIC_REPRESENTATION_CONTEXT() REPRESENTATION_CONTEXT('2D SPACE',''
  ) );
#5631 = PCURVE('',#5632,#5637);
#5632 = CYLINDRICAL_SURFACE('',#5633,19.284210105952);
#5633 = AXIS2_PLACEMENT_3D('',#5634,#5635,#5636);
#5634 = CARTESIAN_POINT('',(1.858957432432E-12,19.224663947881,
    66.524990747593));
#5635 = DIRECTION('',(-5.947623346206E-16,0.5,-0.866025403784));
#5636 = DIRECTION('',(-1.,-2.973811673103E-16,5.150792909956E-16));
#5637 = DEFINITIONAL_REPRESENTATION('',(#5638),#5642);
#5638 = LINE('',#5639,#5640);
#5639 = CARTESIAN_POINT('',(6.006868957794,0.));
#5640 = VECTOR('',#5641,1.);
#5641 = DIRECTION('',(0.,1.));
#5642 = ( GEOMETRIC_REPRESENTATION_CONTEXT(2) 
PARAMETRIC_REPRESENTATION_CONTEXT() REPRESENTATION_CONTEXT('2D SPACE',''
  ) );
#5643 = ORIENTED_EDGE('',*,*,#5644,.T.);
#5644 = EDGE_CURVE('',#5615,#5534,#5645,.T.);
#5645 = SURFACE_CURVE('',#5646,(#5650,#5657),.PCURVE_S1.);
#5646 = LINE('',#5647,#5648);
#5647 = CARTESIAN_POINT('',(-18.31848557382,15.566597197372,
    63.258304386094));
#5648 = VECTOR('',#5649,1.);
#5649 = DIRECTION('',(0.45399049974,0.771634284885,0.445503262094));
#5650 = PCURVE('',#5551,#5651);
#5651 = DEFINITIONAL_REPRESENTATION('',(#5652),#5656);
#5652 = LINE('',#5653,#5654);
#5653 = CARTESIAN_POINT('',(-0.,-1.));
#5654 = VECTOR('',#5655,1.);
#5655 = DIRECTION('',(-1.,0.));
#5656 = ( GEOMETRIC_REPRESENTATION_CONTEXT(2) 
PARAMETRIC_REPRESENTATION_CONTEXT() REPRESENTATION_CONTEXT('2D SPACE',''
  ) );
#5657 = PCURVE('',#5658,#5663);
#5658 = PLANE('',#5659);
#5659 = AXIS2_PLACEMENT_3D('',#5660,#5661,#5662);
#5660 = CARTESIAN_POINT('',(-18.31848557382,15.566597197372,
    63.258304386094));
#5661 = DIRECTION('',(0.630036755335,7.554212248502E-02,-0.772882316176)
  );
#5662 = DIRECTION('',(0.45399049974,0.771634284885,0.445503262094));
#5663 = DEFINITIONAL_REPRESENTATION('',(#5664),#5668);
#5664 = LINE('',#5665,#5666);
#5665 = CARTESIAN_POINT('',(0.,0.));
#5666 = VECTOR('',#5667,1.);
#5667 = DIRECTION('',(1.,-1.387778780781E-16));
#5668 = ( GEOMETRIC_REPRESENTATION_CONTEXT(2) 
PARAMETRIC_REPRESENTATION_CONTEXT() REPRESENTATION_CONTEXT('2D SPACE',''
  ) );
#5669 = ORIENTED_EDGE('',*,*,#5533,.T.);
#5670 = ORIENTED_EDGE('',*,*,#5671,.F.);
#5671 = EDGE_CURVE('',#5617,#5536,#5672,.T.);
#5672 = SURFACE_CURVE('',#5673,(#5677,#5684),.PCURVE_S1.);
#5673 = LINE('',#5674,#5675);
#5674 = CARTESIAN_POINT('',(-18.31848557382,25.066597197372,
    46.80382171419));
#5675 = VECTOR('',#5676,1.);
#5676 = DIRECTION('',(0.45399049974,0.771634284885,0.445503262094));
#5677 = PCURVE('',#5551,#5678);
#5678 = DEFINITIONAL_REPRESENTATION('',(#5679),#5683);
#5679 = LINE('',#5680,#5681);
#5680 = CARTESIAN_POINT('',(-0.,-20.));
#5681 = VECTOR('',#5682,1.);
#5682 = DIRECTION('',(-1.,0.));
#5683 = ( GEOMETRIC_REPRESENTATION_CONTEXT(2) 
PARAMETRIC_REPRESENTATION_CONTEXT() REPRESENTATION_CONTEXT('2D SPACE',''
  ) );
#5684 = PCURVE('',#128,#5685);
#5685 = DEFINITIONAL_REPRESENTATION('',(#5686),#5690);
#5686 = LINE('',#5687,#5688);
#5687 = CARTESIAN_POINT('',(-18.31848557382,-4.801321915429));
#5688 = VECTOR('',#5689,1.);
#5689 = DIRECTION('',(0.45399049974,0.891006524188));
#5690 = ( GEOMETRIC_REPRESENTATION_CONTEXT(2) 
PARAMETRIC_REPRESENTATION_CONTEXT() REPRESENTATION_CONTEXT('2D SPACE',''
  ) );
#5691 = ADVANCED_FACE('',(#5692),#5632,.T.);
#5692 = FACE_BOUND('',#5693,.T.);
#5693 = EDGE_LOOP('',(#5694,#5724,#5751,#5752));
#5694 = ORIENTED_EDGE('',*,*,#5695,.F.);
#5695 = EDGE_CURVE('',#5696,#5698,#5700,.T.);
#5696 = VERTEX_POINT('',#5697);
#5697 = CARTESIAN_POINT('',(-18.10178501119,13.966660464526,
    62.334580482699));
#5698 = VERTEX_POINT('',#5699);
#5699 = CARTESIAN_POINT('',(-18.10178501119,23.466660464526,
    45.880097810795));
#5700 = SURFACE_CURVE('',#5701,(#5705,#5712),.PCURVE_S1.);
#5701 = LINE('',#5702,#5703);
#5702 = CARTESIAN_POINT('',(-18.10178501119,13.466660464526,
    63.200605886484));
#5703 = VECTOR('',#5704,1.);
#5704 = DIRECTION('',(-5.947623346206E-16,0.5,-0.866025403784));
#5705 = PCURVE('',#5632,#5706);
#5706 = DEFINITIONAL_REPRESENTATION('',(#5707),#5711);
#5707 = LINE('',#5708,#5709);
#5708 = CARTESIAN_POINT('',(5.931183125847,0.));
#5709 = VECTOR('',#5710,1.);
#5710 = DIRECTION('',(0.,1.));
#5711 = ( GEOMETRIC_REPRESENTATION_CONTEXT(2) 
PARAMETRIC_REPRESENTATION_CONTEXT() REPRESENTATION_CONTEXT('2D SPACE',''
  ) );
#5712 = PCURVE('',#5713,#5718);
#5713 = PLANE('',#5714);
#5714 = AXIS2_PLACEMENT_3D('',#5715,#5716,#5717);
#5715 = CARTESIAN_POINT('',(-17.64211235383,13.263824396148,
    63.083498427804));
#5716 = DIRECTION('',(0.45399049974,0.771634284885,0.445503262094));
#5717 = DIRECTION('',(-0.891006524188,0.393167305851,0.22699524987));
#5718 = DEFINITIONAL_REPRESENTATION('',(#5719),#5723);
#5719 = LINE('',#5720,#5721);
#5720 = CARTESIAN_POINT('',(0.515902684074,0.));
#5721 = VECTOR('',#5722,1.);
#5722 = DIRECTION('',(0.,-1.));
#5723 = ( GEOMETRIC_REPRESENTATION_CONTEXT(2) 
PARAMETRIC_REPRESENTATION_CONTEXT() REPRESENTATION_CONTEXT('2D SPACE',''
  ) );
#5724 = ORIENTED_EDGE('',*,*,#5725,.F.);
#5725 = EDGE_CURVE('',#5615,#5696,#5726,.T.);
#5726 = SURFACE_CURVE('',#5727,(#5732,#5739),.PCURVE_S1.);
#5727 = CIRCLE('',#5728,19.284210105952);
#5728 = AXIS2_PLACEMENT_3D('',#5729,#5730,#5731);
#5729 = CARTESIAN_POINT('',(1.858069254013E-12,19.724663947881,
    65.658965343809));
#5730 = DIRECTION('',(5.947623346206E-16,-0.5,0.866025403784));
#5731 = DIRECTION('',(1.,2.973811673103E-16,-5.150792909956E-16));
#5732 = PCURVE('',#5632,#5733);
#5733 = DEFINITIONAL_REPRESENTATION('',(#5734),#5738);
#5734 = LINE('',#5735,#5736);
#5735 = CARTESIAN_POINT('',(9.424777960769,1.));
#5736 = VECTOR('',#5737,1.);
#5737 = DIRECTION('',(-1.,0.));
#5738 = ( GEOMETRIC_REPRESENTATION_CONTEXT(2) 
PARAMETRIC_REPRESENTATION_CONTEXT() REPRESENTATION_CONTEXT('2D SPACE',''
  ) );
#5739 = PCURVE('',#5740,#5745);
#5740 = CONICAL_SURFACE('',#5741,18.284210105952,0.785398163397);
#5741 = AXIS2_PLACEMENT_3D('',#5742,#5743,#5744);
#5742 = CARTESIAN_POINT('',(1.858957432432E-12,19.224663947881,
    66.524990747593));
#5743 = DIRECTION('',(-5.947623346206E-16,0.5,-0.866025403784));
#5744 = DIRECTION('',(-1.,-2.973811673103E-16,5.150792909956E-16));
#5745 = DEFINITIONAL_REPRESENTATION('',(#5746),#5750);
#5746 = LINE('',#5747,#5748);
#5747 = CARTESIAN_POINT('',(9.424777960769,1.));
#5748 = VECTOR('',#5749,1.);
#5749 = DIRECTION('',(-1.,4.771319231177E-14));
#5750 = ( GEOMETRIC_REPRESENTATION_CONTEXT(2) 
PARAMETRIC_REPRESENTATION_CONTEXT() REPRESENTATION_CONTEXT('2D SPACE',''
  ) );
#5751 = ORIENTED_EDGE('',*,*,#5614,.T.);
#5752 = ORIENTED_EDGE('',*,*,#5753,.T.);
#5753 = EDGE_CURVE('',#5617,#5698,#5754,.T.);
#5754 = SURFACE_CURVE('',#5755,(#5760,#5767),.PCURVE_S1.);
#5755 = CIRCLE('',#5756,19.284210105952);
#5756 = AXIS2_PLACEMENT_3D('',#5757,#5758,#5759);
#5757 = CARTESIAN_POINT('',(1.846522934557E-12,29.224663947881,
    49.204482671905));
#5758 = DIRECTION('',(5.947623346206E-16,-0.5,0.866025403784));
#5759 = DIRECTION('',(1.,2.973811673103E-16,-5.150792909956E-16));
#5760 = PCURVE('',#5632,#5761);
#5761 = DEFINITIONAL_REPRESENTATION('',(#5762),#5766);
#5762 = LINE('',#5763,#5764);
#5763 = CARTESIAN_POINT('',(9.424777960769,20.));
#5764 = VECTOR('',#5765,1.);
#5765 = DIRECTION('',(-1.,0.));
#5766 = ( GEOMETRIC_REPRESENTATION_CONTEXT(2) 
PARAMETRIC_REPRESENTATION_CONTEXT() REPRESENTATION_CONTEXT('2D SPACE',''
  ) );
#5767 = PCURVE('',#128,#5768);
#5768 = DEFINITIONAL_REPRESENTATION('',(#5769),#5773);
#5769 = CIRCLE('',#5770,19.284210105952);
#5770 = AXIS2_PLACEMENT_2D('',#5771,#5772);
#5771 = CARTESIAN_POINT('',(1.847411112976E-12,5.053735208094E-13));
#5772 = DIRECTION('',(1.,0.));
#5773 = ( GEOMETRIC_REPRESENTATION_CONTEXT(2) 
PARAMETRIC_REPRESENTATION_CONTEXT() REPRESENTATION_CONTEXT('2D SPACE',''
  ) );
#5774 = ADVANCED_FACE('',(#5775),#5713,.F.);
#5775 = FACE_BOUND('',#5776,.T.);
#5776 = EDGE_LOOP('',(#5777,#5807,#5833,#5834));
#5777 = ORIENTED_EDGE('',*,*,#5778,.F.);
#5778 = EDGE_CURVE('',#5779,#5781,#5783,.T.);
#5779 = VERTEX_POINT('',#5780);
#5780 = CARTESIAN_POINT('',(-17.18243969647,13.560988327769,
    62.100365565339));
#5781 = VERTEX_POINT('',#5782);
#5782 = CARTESIAN_POINT('',(-17.18243969647,23.060988327769,
    45.645882893435));
#5783 = SURFACE_CURVE('',#5784,(#5788,#5795),.PCURVE_S1.);
#5784 = LINE('',#5785,#5786);
#5785 = CARTESIAN_POINT('',(-17.18243969647,13.060988327769,
    62.966390969124));
#5786 = VECTOR('',#5787,1.);
#5787 = DIRECTION('',(-5.947623346206E-16,0.5,-0.866025403784));
#5788 = PCURVE('',#5713,#5789);
#5789 = DEFINITIONAL_REPRESENTATION('',(#5790),#5794);
#5790 = LINE('',#5791,#5792);
#5791 = CARTESIAN_POINT('',(-0.515902684074,0.));
#5792 = VECTOR('',#5793,1.);
#5793 = DIRECTION('',(0.,-1.));
#5794 = ( GEOMETRIC_REPRESENTATION_CONTEXT(2) 
PARAMETRIC_REPRESENTATION_CONTEXT() REPRESENTATION_CONTEXT('2D SPACE',''
  ) );
#5795 = PCURVE('',#5796,#5801);
#5796 = PLANE('',#5797);
#5797 = AXIS2_PLACEMENT_3D('',#5798,#5799,#5800);
#5798 = CARTESIAN_POINT('',(-17.34186239329,12.63607070354,
    62.721064664392));
#5799 = DIRECTION('',(-0.951056516295,0.26761656733,0.154508497187));
#5800 = DIRECTION('',(-0.309016994375,-0.823639103546,-0.475528258148));
#5801 = DEFINITIONAL_REPRESENTATION('',(#5802),#5806);
#5802 = LINE('',#5803,#5804);
#5803 = CARTESIAN_POINT('',(-0.515902684074,0.));
#5804 = VECTOR('',#5805,1.);
#5805 = DIRECTION('',(-0.,-1.));
#5806 = ( GEOMETRIC_REPRESENTATION_CONTEXT(2) 
PARAMETRIC_REPRESENTATION_CONTEXT() REPRESENTATION_CONTEXT('2D SPACE',''
  ) );
#5807 = ORIENTED_EDGE('',*,*,#5808,.T.);
#5808 = EDGE_CURVE('',#5779,#5696,#5809,.T.);
#5809 = SURFACE_CURVE('',#5810,(#5814,#5821),.PCURVE_S1.);
#5810 = LINE('',#5811,#5812);
#5811 = CARTESIAN_POINT('',(-18.10178501119,13.966660464526,
    62.334580482699));
#5812 = VECTOR('',#5813,1.);
#5813 = DIRECTION('',(-0.891006524188,0.393167305851,0.22699524987));
#5814 = PCURVE('',#5713,#5815);
#5815 = DEFINITIONAL_REPRESENTATION('',(#5816),#5820);
#5816 = LINE('',#5817,#5818);
#5817 = CARTESIAN_POINT('',(0.515902684074,-1.));
#5818 = VECTOR('',#5819,1.);
#5819 = DIRECTION('',(1.,0.));
#5820 = ( GEOMETRIC_REPRESENTATION_CONTEXT(2) 
PARAMETRIC_REPRESENTATION_CONTEXT() REPRESENTATION_CONTEXT('2D SPACE',''
  ) );
#5821 = PCURVE('',#5822,#5827);
#5822 = PLANE('',#5823);
#5823 = AXIS2_PLACEMENT_3D('',#5824,#5825,#5826);
#5824 = CARTESIAN_POINT('',(-5.966404719462,9.083741524004,
    60.670126456337));
#5825 = DIRECTION('',(-0.32101976096,-0.899181226031,0.297354058028));
#5826 = DIRECTION('',(-0.891006524188,0.393167305851,0.22699524987));
#5827 = DEFINITIONAL_REPRESENTATION('',(#5828),#5832);
#5828 = LINE('',#5829,#5830);
#5829 = CARTESIAN_POINT('',(13.110330255582,1.414213562373));
#5830 = VECTOR('',#5831,1.);
#5831 = DIRECTION('',(1.,-1.110223024625E-16));
#5832 = ( GEOMETRIC_REPRESENTATION_CONTEXT(2) 
PARAMETRIC_REPRESENTATION_CONTEXT() REPRESENTATION_CONTEXT('2D SPACE',''
  ) );
#5833 = ORIENTED_EDGE('',*,*,#5695,.T.);
#5834 = ORIENTED_EDGE('',*,*,#5835,.T.);
#5835 = EDGE_CURVE('',#5698,#5781,#5836,.T.);
#5836 = SURFACE_CURVE('',#5837,(#5841,#5848),.PCURVE_S1.);
#5837 = LINE('',#5838,#5839);
#5838 = CARTESIAN_POINT('',(-17.64211235383,23.263824396148,
    45.762990352115));
#5839 = VECTOR('',#5840,1.);
#5840 = DIRECTION('',(0.891006524188,-0.393167305851,-0.22699524987));
#5841 = PCURVE('',#5713,#5842);
#5842 = DEFINITIONAL_REPRESENTATION('',(#5843),#5847);
#5843 = LINE('',#5844,#5845);
#5844 = CARTESIAN_POINT('',(0.,-20.));
#5845 = VECTOR('',#5846,1.);
#5846 = DIRECTION('',(-1.,0.));
#5847 = ( GEOMETRIC_REPRESENTATION_CONTEXT(2) 
PARAMETRIC_REPRESENTATION_CONTEXT() REPRESENTATION_CONTEXT('2D SPACE',''
  ) );
#5848 = PCURVE('',#128,#5849);
#5849 = DEFINITIONAL_REPRESENTATION('',(#5850),#5854);
#5850 = LINE('',#5851,#5852);
#5851 = CARTESIAN_POINT('',(-17.64211235383,-6.882984639579));
#5852 = VECTOR('',#5853,1.);
#5853 = DIRECTION('',(0.891006524188,-0.45399049974));
#5854 = ( GEOMETRIC_REPRESENTATION_CONTEXT(2) 
PARAMETRIC_REPRESENTATION_CONTEXT() REPRESENTATION_CONTEXT('2D SPACE',''
  ) );
#5855 = ADVANCED_FACE('',(#5856),#5796,.T.);
#5856 = FACE_BOUND('',#5857,.T.);
#5857 = EDGE_LOOP('',(#5858,#5888,#5914,#5915));
#5858 = ORIENTED_EDGE('',*,*,#5859,.F.);
#5859 = EDGE_CURVE('',#5860,#5862,#5864,.T.);
#5860 = VERTEX_POINT('',#5861);
#5861 = CARTESIAN_POINT('',(-17.50128509012,12.711153079312,
    61.609712955876));
#5862 = VERTEX_POINT('',#5863);
#5863 = CARTESIAN_POINT('',(-17.50128509012,22.211153079312,
    45.155230283972));
#5864 = SURFACE_CURVE('',#5865,(#5869,#5876),.PCURVE_S1.);
#5865 = LINE('',#5866,#5867);
#5866 = CARTESIAN_POINT('',(-17.50128509012,12.211153079312,
    62.475738359661));
#5867 = VECTOR('',#5868,1.);
#5868 = DIRECTION('',(-5.947623346206E-16,0.5,-0.866025403784));
#5869 = PCURVE('',#5796,#5870);
#5870 = DEFINITIONAL_REPRESENTATION('',(#5871),#5875);
#5871 = LINE('',#5872,#5873);
#5872 = CARTESIAN_POINT('',(0.515902684074,0.));
#5873 = VECTOR('',#5874,1.);
#5874 = DIRECTION('',(-0.,-1.));
#5875 = ( GEOMETRIC_REPRESENTATION_CONTEXT(2) 
PARAMETRIC_REPRESENTATION_CONTEXT() REPRESENTATION_CONTEXT('2D SPACE',''
  ) );
#5876 = PCURVE('',#5877,#5882);
#5877 = CYLINDRICAL_SURFACE('',#5878,19.284210105951);
#5878 = AXIS2_PLACEMENT_3D('',#5879,#5880,#5881);
#5879 = CARTESIAN_POINT('',(8.819611707622E-13,19.224663947881,
    66.524990747593));
#5880 = DIRECTION('',(-5.947623346206E-16,0.5,-0.866025403784));
#5881 = DIRECTION('',(-1.,-2.973811673103E-16,5.150792909956E-16));
#5882 = DEFINITIONAL_REPRESENTATION('',(#5883),#5887);
#5883 = LINE('',#5884,#5885);
#5884 = CARTESIAN_POINT('',(5.849789325115,0.));
#5885 = VECTOR('',#5886,1.);
#5886 = DIRECTION('',(0.,1.));
#5887 = ( GEOMETRIC_REPRESENTATION_CONTEXT(2) 
PARAMETRIC_REPRESENTATION_CONTEXT() REPRESENTATION_CONTEXT('2D SPACE',''
  ) );
#5888 = ORIENTED_EDGE('',*,*,#5889,.T.);
#5889 = EDGE_CURVE('',#5860,#5779,#5890,.T.);
#5890 = SURFACE_CURVE('',#5891,(#5895,#5902),.PCURVE_S1.);
#5891 = LINE('',#5892,#5893);
#5892 = CARTESIAN_POINT('',(-17.34186239329,13.13607070354,
    61.855039260608));
#5893 = VECTOR('',#5894,1.);
#5894 = DIRECTION('',(0.309016994375,0.823639103546,0.475528258148));
#5895 = PCURVE('',#5796,#5896);
#5896 = DEFINITIONAL_REPRESENTATION('',(#5897),#5901);
#5897 = LINE('',#5898,#5899);
#5898 = CARTESIAN_POINT('',(-0.,-1.));
#5899 = VECTOR('',#5900,1.);
#5900 = DIRECTION('',(-1.,0.));
#5901 = ( GEOMETRIC_REPRESENTATION_CONTEXT(2) 
PARAMETRIC_REPRESENTATION_CONTEXT() REPRESENTATION_CONTEXT('2D SPACE',''
  ) );
#5902 = PCURVE('',#5903,#5908);
#5903 = PLANE('',#5904);
#5904 = AXIS2_PLACEMENT_3D('',#5905,#5906,#5907);
#5905 = CARTESIAN_POINT('',(-17.34186239329,13.13607070354,
    61.855039260608));
#5906 = DIRECTION('',(0.672498511964,0.164319901076,-0.721626441808));
#5907 = DIRECTION('',(0.309016994375,0.823639103546,0.475528258148));
#5908 = DEFINITIONAL_REPRESENTATION('',(#5909),#5913);
#5909 = LINE('',#5910,#5911);
#5910 = CARTESIAN_POINT('',(0.,0.));
#5911 = VECTOR('',#5912,1.);
#5912 = DIRECTION('',(1.,-1.249000902703E-16));
#5913 = ( GEOMETRIC_REPRESENTATION_CONTEXT(2) 
PARAMETRIC_REPRESENTATION_CONTEXT() REPRESENTATION_CONTEXT('2D SPACE',''
  ) );
#5914 = ORIENTED_EDGE('',*,*,#5778,.T.);
#5915 = ORIENTED_EDGE('',*,*,#5916,.F.);
#5916 = EDGE_CURVE('',#5862,#5781,#5917,.T.);
#5917 = SURFACE_CURVE('',#5918,(#5922,#5929),.PCURVE_S1.);
#5918 = LINE('',#5919,#5920);
#5919 = CARTESIAN_POINT('',(-17.3418623933,22.63607070354,
    45.400556588704));
#5920 = VECTOR('',#5921,1.);
#5921 = DIRECTION('',(0.309016994375,0.823639103546,0.475528258148));
#5922 = PCURVE('',#5796,#5923);
#5923 = DEFINITIONAL_REPRESENTATION('',(#5924),#5928);
#5924 = LINE('',#5925,#5926);
#5925 = CARTESIAN_POINT('',(-0.,-20.));
#5926 = VECTOR('',#5927,1.);
#5927 = DIRECTION('',(-1.,0.));
#5928 = ( GEOMETRIC_REPRESENTATION_CONTEXT(2) 
PARAMETRIC_REPRESENTATION_CONTEXT() REPRESENTATION_CONTEXT('2D SPACE',''
  ) );
#5929 = PCURVE('',#128,#5930);
#5930 = DEFINITIONAL_REPRESENTATION('',(#5931),#5935);
#5931 = LINE('',#5932,#5933);
#5932 = CARTESIAN_POINT('',(-17.3418623933,-7.607852166402));
#5933 = VECTOR('',#5934,1.);
#5934 = DIRECTION('',(0.309016994375,0.951056516295));
#5935 = ( GEOMETRIC_REPRESENTATION_CONTEXT(2) 
PARAMETRIC_REPRESENTATION_CONTEXT() REPRESENTATION_CONTEXT('2D SPACE',''
  ) );
#5936 = ADVANCED_FACE('',(#5937),#5877,.T.);
#5937 = FACE_BOUND('',#5938,.T.);
#5938 = EDGE_LOOP('',(#5939,#5969,#5996,#5997));
#5939 = ORIENTED_EDGE('',*,*,#5940,.F.);
#5940 = EDGE_CURVE('',#5941,#5943,#5945,.T.);
#5941 = VERTEX_POINT('',#5942);
#5942 = CARTESIAN_POINT('',(-16.83882526484,11.585189620079,
    60.959637649591));
#5943 = VERTEX_POINT('',#5944);
#5944 = CARTESIAN_POINT('',(-16.83882526484,21.085189620079,
    44.505154977686));
#5945 = SURFACE_CURVE('',#5946,(#5950,#5957),.PCURVE_S1.);
#5946 = LINE('',#5947,#5948);
#5947 = CARTESIAN_POINT('',(-16.83882526484,11.085189620079,
    61.825663053375));
#5948 = VECTOR('',#5949,1.);
#5949 = DIRECTION('',(-5.947623346206E-16,0.5,-0.866025403784));
#5950 = PCURVE('',#5877,#5951);
#5951 = DEFINITIONAL_REPRESENTATION('',(#5952),#5956);
#5952 = LINE('',#5953,#5954);
#5953 = CARTESIAN_POINT('',(5.774103493168,0.));
#5954 = VECTOR('',#5955,1.);
#5955 = DIRECTION('',(0.,1.));
#5956 = ( GEOMETRIC_REPRESENTATION_CONTEXT(2) 
PARAMETRIC_REPRESENTATION_CONTEXT() REPRESENTATION_CONTEXT('2D SPACE',''
  ) );
#5957 = PCURVE('',#5958,#5963);
#5958 = PLANE('',#5959);
#5959 = AXIS2_PLACEMENT_3D('',#5960,#5961,#5962);
#5960 = CARTESIAN_POINT('',(-16.34817265537,10.947125514691,
    61.745951704964));
#5961 = DIRECTION('',(0.309016994375,0.823639103546,0.475528258148));
#5962 = DIRECTION('',(-0.951056516295,0.26761656733,0.154508497187));
#5963 = DEFINITIONAL_REPRESENTATION('',(#5964),#5968);
#5964 = LINE('',#5965,#5966);
#5965 = CARTESIAN_POINT('',(0.515902684074,0.));
#5966 = VECTOR('',#5967,1.);
#5967 = DIRECTION('',(0.,-1.));
#5968 = ( GEOMETRIC_REPRESENTATION_CONTEXT(2) 
PARAMETRIC_REPRESENTATION_CONTEXT() REPRESENTATION_CONTEXT('2D SPACE',''
  ) );
#5969 = ORIENTED_EDGE('',*,*,#5970,.F.);
#5970 = EDGE_CURVE('',#5860,#5941,#5971,.T.);
#5971 = SURFACE_CURVE('',#5972,(#5977,#5984),.PCURVE_S1.);
#5972 = CIRCLE('',#5973,19.284210105951);
#5973 = AXIS2_PLACEMENT_3D('',#5974,#5975,#5976);
#5974 = CARTESIAN_POINT('',(8.810729923425E-13,19.724663947881,
    65.658965343809));
#5975 = DIRECTION('',(5.947623346206E-16,-0.5,0.866025403784));
#5976 = DIRECTION('',(1.,2.973811673103E-16,-5.150792909956E-16));
#5977 = PCURVE('',#5877,#5978);
#5978 = DEFINITIONAL_REPRESENTATION('',(#5979),#5983);
#5979 = LINE('',#5980,#5981);
#5980 = CARTESIAN_POINT('',(9.424777960769,1.));
#5981 = VECTOR('',#5982,1.);
#5982 = DIRECTION('',(-1.,0.));
#5983 = ( GEOMETRIC_REPRESENTATION_CONTEXT(2) 
PARAMETRIC_REPRESENTATION_CONTEXT() REPRESENTATION_CONTEXT('2D SPACE',''
  ) );
#5984 = PCURVE('',#5985,#5990);
#5985 = CONICAL_SURFACE('',#5986,18.284210105951,0.785398163397);
#5986 = AXIS2_PLACEMENT_3D('',#5987,#5988,#5989);
#5987 = CARTESIAN_POINT('',(8.819611707622E-13,19.224663947881,
    66.524990747593));
#5988 = DIRECTION('',(-5.947623346206E-16,0.5,-0.866025403784));
#5989 = DIRECTION('',(-1.,-2.973811673103E-16,5.150792909956E-16));
#5990 = DEFINITIONAL_REPRESENTATION('',(#5991),#5995);
#5991 = LINE('',#5992,#5993);
#5992 = CARTESIAN_POINT('',(9.424777960769,1.));
#5993 = VECTOR('',#5994,1.);
#5994 = DIRECTION('',(-1.,0.));
#5995 = ( GEOMETRIC_REPRESENTATION_CONTEXT(2) 
PARAMETRIC_REPRESENTATION_CONTEXT() REPRESENTATION_CONTEXT('2D SPACE',''
  ) );
#5996 = ORIENTED_EDGE('',*,*,#5859,.T.);
#5997 = ORIENTED_EDGE('',*,*,#5998,.T.);
#5998 = EDGE_CURVE('',#5862,#5943,#5999,.T.);
#5999 = SURFACE_CURVE('',#6000,(#6005,#6012),.PCURVE_S1.);
#6000 = CIRCLE('',#6001,19.284210105951);
#6001 = AXIS2_PLACEMENT_3D('',#6002,#6003,#6004);
#6002 = CARTESIAN_POINT('',(8.695266728864E-13,29.224663947881,
    49.204482671905));
#6003 = DIRECTION('',(5.947623346206E-16,-0.5,0.866025403784));
#6004 = DIRECTION('',(1.,2.973811673103E-16,-5.150792909956E-16));
#6005 = PCURVE('',#5877,#6006);
#6006 = DEFINITIONAL_REPRESENTATION('',(#6007),#6011);
#6007 = LINE('',#6008,#6009);
#6008 = CARTESIAN_POINT('',(9.424777960769,20.));
#6009 = VECTOR('',#6010,1.);
#6010 = DIRECTION('',(-1.,0.));
#6011 = ( GEOMETRIC_REPRESENTATION_CONTEXT(2) 
PARAMETRIC_REPRESENTATION_CONTEXT() REPRESENTATION_CONTEXT('2D SPACE',''
  ) );
#6012 = PCURVE('',#128,#6013);
#6013 = DEFINITIONAL_REPRESENTATION('',(#6014),#6018);
#6014 = CIRCLE('',#6015,19.284210105951);
#6015 = AXIS2_PLACEMENT_2D('',#6016,#6017);
#6016 = CARTESIAN_POINT('',(8.704148513061E-13,5.21360732364E-13));
#6017 = DIRECTION('',(1.,0.));
#6018 = ( GEOMETRIC_REPRESENTATION_CONTEXT(2) 
PARAMETRIC_REPRESENTATION_CONTEXT() REPRESENTATION_CONTEXT('2D SPACE',''
  ) );
#6019 = ADVANCED_FACE('',(#6020),#5958,.F.);
#6020 = FACE_BOUND('',#6021,.T.);
#6021 = EDGE_LOOP('',(#6022,#6052,#6078,#6079));
#6022 = ORIENTED_EDGE('',*,*,#6023,.F.);
#6023 = EDGE_CURVE('',#6024,#6026,#6028,.T.);
#6024 = VERTEX_POINT('',#6025);
#6025 = CARTESIAN_POINT('',(-15.85752004591,11.309061409303,
    60.800214952768));
#6026 = VERTEX_POINT('',#6027);
#6027 = CARTESIAN_POINT('',(-15.85752004591,20.809061409303,
    44.345732280864));
#6028 = SURFACE_CURVE('',#6029,(#6033,#6040),.PCURVE_S1.);
#6029 = LINE('',#6030,#6031);
#6030 = CARTESIAN_POINT('',(-15.85752004591,10.809061409303,
    61.666240356552));
#6031 = VECTOR('',#6032,1.);
#6032 = DIRECTION('',(-5.947623346206E-16,0.5,-0.866025403784));
#6033 = PCURVE('',#5958,#6034);
#6034 = DEFINITIONAL_REPRESENTATION('',(#6035),#6039);
#6035 = LINE('',#6036,#6037);
#6036 = CARTESIAN_POINT('',(-0.515902684074,0.));
#6037 = VECTOR('',#6038,1.);
#6038 = DIRECTION('',(0.,-1.));
#6039 = ( GEOMETRIC_REPRESENTATION_CONTEXT(2) 
PARAMETRIC_REPRESENTATION_CONTEXT() REPRESENTATION_CONTEXT('2D SPACE',''
  ) );
#6040 = PCURVE('',#6041,#6046);
#6041 = PLANE('',#6042);
#6042 = AXIS2_PLACEMENT_3D('',#6043,#6044,#6045);
#6043 = CARTESIAN_POINT('',(-15.93822500631,10.367777241672,
    61.411464823581));
#6044 = DIRECTION('',(-0.987688340595,0.135476220752,7.821723252012E-02)
  );
#6045 = DIRECTION('',(-0.15643446504,-0.855363193977,-0.493844170298));
#6046 = DEFINITIONAL_REPRESENTATION('',(#6047),#6051);
#6047 = LINE('',#6048,#6049);
#6048 = CARTESIAN_POINT('',(-0.515902684074,0.));
#6049 = VECTOR('',#6050,1.);
#6050 = DIRECTION('',(-0.,-1.));
#6051 = ( GEOMETRIC_REPRESENTATION_CONTEXT(2) 
PARAMETRIC_REPRESENTATION_CONTEXT() REPRESENTATION_CONTEXT('2D SPACE',''
  ) );
#6052 = ORIENTED_EDGE('',*,*,#6053,.T.);
#6053 = EDGE_CURVE('',#6024,#5941,#6054,.T.);
#6054 = SURFACE_CURVE('',#6055,(#6059,#6066),.PCURVE_S1.);
#6055 = LINE('',#6056,#6057);
#6056 = CARTESIAN_POINT('',(-16.83882526484,11.585189620079,
    60.959637649591));
#6057 = VECTOR('',#6058,1.);
#6058 = DIRECTION('',(-0.951056516295,0.26761656733,0.154508497187));
#6059 = PCURVE('',#5958,#6060);
#6060 = DEFINITIONAL_REPRESENTATION('',(#6061),#6065);
#6061 = LINE('',#6062,#6063);
#6062 = CARTESIAN_POINT('',(0.515902684074,-1.));
#6063 = VECTOR('',#6064,1.);
#6064 = DIRECTION('',(1.,0.));
#6065 = ( GEOMETRIC_REPRESENTATION_CONTEXT(2) 
PARAMETRIC_REPRESENTATION_CONTEXT() REPRESENTATION_CONTEXT('2D SPACE',''
  ) );
#6066 = PCURVE('',#6067,#6072);
#6067 = PLANE('',#6068);
#6068 = AXIS2_PLACEMENT_3D('',#6069,#6070,#6071);
#6069 = CARTESIAN_POINT('',(-4.061143250113,8.400287144067,
    60.275533886101));
#6070 = DIRECTION('',(-0.218508012224,-0.935954185961,0.276123179714));
#6071 = DIRECTION('',(-0.951056516295,0.26761656733,0.154508497187));
#6072 = DEFINITIONAL_REPRESENTATION('',(#6073),#6077);
#6073 = LINE('',#6074,#6075);
#6074 = CARTESIAN_POINT('',(13.110330255582,1.414213562373));
#6075 = VECTOR('',#6076,1.);
#6076 = DIRECTION('',(1.,-8.326672684689E-17));
#6077 = ( GEOMETRIC_REPRESENTATION_CONTEXT(2) 
PARAMETRIC_REPRESENTATION_CONTEXT() REPRESENTATION_CONTEXT('2D SPACE',''
  ) );
#6078 = ORIENTED_EDGE('',*,*,#5940,.T.);
#6079 = ORIENTED_EDGE('',*,*,#6080,.T.);
#6080 = EDGE_CURVE('',#5943,#6026,#6081,.T.);
#6081 = SURFACE_CURVE('',#6082,(#6086,#6093),.PCURVE_S1.);
#6082 = LINE('',#6083,#6084);
#6083 = CARTESIAN_POINT('',(-16.34817265537,20.947125514691,
    44.425443629275));
#6084 = VECTOR('',#6085,1.);
#6085 = DIRECTION('',(0.951056516295,-0.26761656733,-0.154508497187));
#6086 = PCURVE('',#5958,#6087);
#6087 = DEFINITIONAL_REPRESENTATION('',(#6088),#6092);
#6088 = LINE('',#6089,#6090);
#6089 = CARTESIAN_POINT('',(0.,-20.));
#6090 = VECTOR('',#6091,1.);
#6091 = DIRECTION('',(-1.,0.));
#6092 = ( GEOMETRIC_REPRESENTATION_CONTEXT(2) 
PARAMETRIC_REPRESENTATION_CONTEXT() REPRESENTATION_CONTEXT('2D SPACE',''
  ) );
#6093 = PCURVE('',#128,#6094);
#6094 = DEFINITIONAL_REPRESENTATION('',(#6095),#6099);
#6095 = LINE('',#6096,#6097);
#6096 = CARTESIAN_POINT('',(-16.34817265537,-9.558078085259));
#6097 = VECTOR('',#6098,1.);
#6098 = DIRECTION('',(0.951056516295,-0.309016994375));
#6099 = ( GEOMETRIC_REPRESENTATION_CONTEXT(2) 
PARAMETRIC_REPRESENTATION_CONTEXT() REPRESENTATION_CONTEXT('2D SPACE',''
  ) );
#6100 = ADVANCED_FACE('',(#6101),#6041,.T.);
#6101 = FACE_BOUND('',#6102,.T.);
#6102 = EDGE_LOOP('',(#6103,#6133,#6159,#6160));
#6103 = ORIENTED_EDGE('',*,*,#6104,.F.);
#6104 = EDGE_CURVE('',#6105,#6107,#6109,.T.);
#6105 = VERTEX_POINT('',#6106);
#6106 = CARTESIAN_POINT('',(-16.0189299667,10.426493074041,
    60.290663886826));
#6107 = VERTEX_POINT('',#6108);
#6108 = CARTESIAN_POINT('',(-16.0189299667,19.926493074041,
    43.836181214922));
#6109 = SURFACE_CURVE('',#6110,(#6114,#6121),.PCURVE_S1.);
#6110 = LINE('',#6111,#6112);
#6111 = CARTESIAN_POINT('',(-16.0189299667,9.926493074041,
    61.156689290611));
#6112 = VECTOR('',#6113,1.);
#6113 = DIRECTION('',(-5.947623346206E-16,0.5,-0.866025403784));
#6114 = PCURVE('',#6041,#6115);
#6115 = DEFINITIONAL_REPRESENTATION('',(#6116),#6120);
#6116 = LINE('',#6117,#6118);
#6117 = CARTESIAN_POINT('',(0.515902684074,0.));
#6118 = VECTOR('',#6119,1.);
#6119 = DIRECTION('',(-0.,-1.));
#6120 = ( GEOMETRIC_REPRESENTATION_CONTEXT(2) 
PARAMETRIC_REPRESENTATION_CONTEXT() REPRESENTATION_CONTEXT('2D SPACE',''
  ) );
#6121 = PCURVE('',#6122,#6127);
#6122 = CYLINDRICAL_SURFACE('',#6123,19.284210105952);
#6123 = AXIS2_PLACEMENT_3D('',#6124,#6125,#6126);
#6124 = CARTESIAN_POINT('',(1.384670156312E-12,19.224663947882,
    66.524990747594));
#6125 = DIRECTION('',(-5.947623346206E-16,0.5,-0.866025403784));
#6126 = DIRECTION('',(-1.,-2.973811673103E-16,5.150792909956E-16));
#6127 = DEFINITIONAL_REPRESENTATION('',(#6128),#6132);
#6128 = LINE('',#6129,#6130);
#6129 = CARTESIAN_POINT('',(5.692709692435,0.));
#6130 = VECTOR('',#6131,1.);
#6131 = DIRECTION('',(0.,1.));
#6132 = ( GEOMETRIC_REPRESENTATION_CONTEXT(2) 
PARAMETRIC_REPRESENTATION_CONTEXT() REPRESENTATION_CONTEXT('2D SPACE',''
  ) );
#6133 = ORIENTED_EDGE('',*,*,#6134,.T.);
#6134 = EDGE_CURVE('',#6105,#6024,#6135,.T.);
#6135 = SURFACE_CURVE('',#6136,(#6140,#6147),.PCURVE_S1.);
#6136 = LINE('',#6137,#6138);
#6137 = CARTESIAN_POINT('',(-15.93822500631,10.867777241672,
    60.545439419797));
#6138 = VECTOR('',#6139,1.);
#6139 = DIRECTION('',(0.15643446504,0.855363193977,0.493844170298));
#6140 = PCURVE('',#6041,#6141);
#6141 = DEFINITIONAL_REPRESENTATION('',(#6142),#6146);
#6142 = LINE('',#6143,#6144);
#6143 = CARTESIAN_POINT('',(-0.,-1.));
#6144 = VECTOR('',#6145,1.);
#6145 = DIRECTION('',(-1.,0.));
#6146 = ( GEOMETRIC_REPRESENTATION_CONTEXT(2) 
PARAMETRIC_REPRESENTATION_CONTEXT() REPRESENTATION_CONTEXT('2D SPACE',''
  ) );
#6147 = PCURVE('',#6148,#6153);
#6148 = PLANE('',#6149);
#6149 = AXIS2_PLACEMENT_3D('',#6150,#6151,#6152);
#6150 = CARTESIAN_POINT('',(-15.93822500631,10.867777241672,
    60.545439419797));
#6151 = DIRECTION('',(0.698401123334,0.25775723621,-0.667680371216));
#6152 = DIRECTION('',(0.15643446504,0.855363193977,0.493844170298));
#6153 = DEFINITIONAL_REPRESENTATION('',(#6154),#6158);
#6154 = LINE('',#6155,#6156);
#6155 = CARTESIAN_POINT('',(0.,0.));
#6156 = VECTOR('',#6157,1.);
#6157 = DIRECTION('',(1.,-3.469446951954E-17));
#6158 = ( GEOMETRIC_REPRESENTATION_CONTEXT(2) 
PARAMETRIC_REPRESENTATION_CONTEXT() REPRESENTATION_CONTEXT('2D SPACE',''
  ) );
#6159 = ORIENTED_EDGE('',*,*,#6023,.T.);
#6160 = ORIENTED_EDGE('',*,*,#6161,.F.);
#6161 = EDGE_CURVE('',#6107,#6026,#6162,.T.);
#6162 = SURFACE_CURVE('',#6163,(#6167,#6174),.PCURVE_S1.);
#6163 = LINE('',#6164,#6165);
#6164 = CARTESIAN_POINT('',(-15.93822500631,20.367777241672,
    44.090956747893));
#6165 = VECTOR('',#6166,1.);
#6166 = DIRECTION('',(0.15643446504,0.855363193977,0.493844170298));
#6167 = PCURVE('',#6041,#6168);
#6168 = DEFINITIONAL_REPRESENTATION('',(#6169),#6173);
#6169 = LINE('',#6170,#6171);
#6170 = CARTESIAN_POINT('',(-0.,-20.));
#6171 = VECTOR('',#6172,1.);
#6172 = DIRECTION('',(-1.,0.));
#6173 = ( GEOMETRIC_REPRESENTATION_CONTEXT(2) 
PARAMETRIC_REPRESENTATION_CONTEXT() REPRESENTATION_CONTEXT('2D SPACE',''
  ) );
#6174 = PCURVE('',#128,#6175);
#6175 = DEFINITIONAL_REPRESENTATION('',(#6176),#6180);
#6176 = LINE('',#6177,#6178);
#6177 = CARTESIAN_POINT('',(-15.93822500631,-10.22705184802));
#6178 = VECTOR('',#6179,1.);
#6179 = DIRECTION('',(0.15643446504,0.987688340595));
#6180 = ( GEOMETRIC_REPRESENTATION_CONTEXT(2) 
PARAMETRIC_REPRESENTATION_CONTEXT() REPRESENTATION_CONTEXT('2D SPACE',''
  ) );
#6181 = ADVANCED_FACE('',(#6182),#6122,.T.);
#6182 = FACE_BOUND('',#6183,.T.);
#6183 = EDGE_LOOP('',(#6184,#6214,#6241,#6242));
#6184 = ORIENTED_EDGE('',*,*,#6185,.F.);
#6185 = EDGE_CURVE('',#6186,#6188,#6190,.T.);
#6186 = VERTEX_POINT('',#6187);
#6187 = CARTESIAN_POINT('',(-15.16123775561,9.404139646949,
    59.700407860488));
#6188 = VERTEX_POINT('',#6189);
#6189 = CARTESIAN_POINT('',(-15.16123775561,18.904139646949,
    43.245925188584));
#6190 = SURFACE_CURVE('',#6191,(#6195,#6202),.PCURVE_S1.);
#6191 = LINE('',#6192,#6193);
#6192 = CARTESIAN_POINT('',(-15.16123775561,8.904139646949,
    60.566433264272));
#6193 = VECTOR('',#6194,1.);
#6194 = DIRECTION('',(-5.947623346206E-16,0.5,-0.866025403784));
#6195 = PCURVE('',#6122,#6196);
#6196 = DEFINITIONAL_REPRESENTATION('',(#6197),#6201);
#6197 = LINE('',#6198,#6199);
#6198 = CARTESIAN_POINT('',(5.617023860488,0.));
#6199 = VECTOR('',#6200,1.);
#6200 = DIRECTION('',(0.,1.));
#6201 = ( GEOMETRIC_REPRESENTATION_CONTEXT(2) 
PARAMETRIC_REPRESENTATION_CONTEXT() REPRESENTATION_CONTEXT('2D SPACE',''
  ) );
#6202 = PCURVE('',#6203,#6208);
#6203 = PLANE('',#6204);
#6204 = AXIS2_PLACEMENT_3D('',#6205,#6206,#6207);
#6205 = CARTESIAN_POINT('',(-14.65168668967,8.834247101035,
    60.526080784075));
#6206 = DIRECTION('',(0.15643446504,0.855363193977,0.493844170298));
#6207 = DIRECTION('',(-0.987688340595,0.135476220752,7.821723252012E-02)
  );
#6208 = DEFINITIONAL_REPRESENTATION('',(#6209),#6213);
#6209 = LINE('',#6210,#6211);
#6210 = CARTESIAN_POINT('',(0.515902684074,0.));
#6211 = VECTOR('',#6212,1.);
#6212 = DIRECTION('',(0.,-1.));
#6213 = ( GEOMETRIC_REPRESENTATION_CONTEXT(2) 
PARAMETRIC_REPRESENTATION_CONTEXT() REPRESENTATION_CONTEXT('2D SPACE',''
  ) );
#6214 = ORIENTED_EDGE('',*,*,#6215,.F.);
#6215 = EDGE_CURVE('',#6105,#6186,#6216,.T.);
#6216 = SURFACE_CURVE('',#6217,(#6222,#6229),.PCURVE_S1.);
#6217 = CIRCLE('',#6218,19.284210105952);
#6218 = AXIS2_PLACEMENT_3D('',#6219,#6220,#6221);
#6219 = CARTESIAN_POINT('',(1.383781977893E-12,19.724663947882,
    65.658965343809));
#6220 = DIRECTION('',(5.947623346206E-16,-0.5,0.866025403784));
#6221 = DIRECTION('',(1.,2.973811673103E-16,-5.150792909956E-16));
#6222 = PCURVE('',#6122,#6223);
#6223 = DEFINITIONAL_REPRESENTATION('',(#6224),#6228);
#6224 = LINE('',#6225,#6226);
#6225 = CARTESIAN_POINT('',(9.424777960769,1.));
#6226 = VECTOR('',#6227,1.);
#6227 = DIRECTION('',(-1.,0.));
#6228 = ( GEOMETRIC_REPRESENTATION_CONTEXT(2) 
PARAMETRIC_REPRESENTATION_CONTEXT() REPRESENTATION_CONTEXT('2D SPACE',''
  ) );
#6229 = PCURVE('',#6230,#6235);
#6230 = CONICAL_SURFACE('',#6231,18.284210105952,0.785398163397);
#6231 = AXIS2_PLACEMENT_3D('',#6232,#6233,#6234);
#6232 = CARTESIAN_POINT('',(1.384670156312E-12,19.224663947882,
    66.524990747594));
#6233 = DIRECTION('',(-5.947623346206E-16,0.5,-0.866025403784));
#6234 = DIRECTION('',(-1.,-2.973811673103E-16,5.150792909956E-16));
#6235 = DEFINITIONAL_REPRESENTATION('',(#6236),#6240);
#6236 = LINE('',#6237,#6238);
#6237 = CARTESIAN_POINT('',(9.424777960769,1.));
#6238 = VECTOR('',#6239,1.);
#6239 = DIRECTION('',(-1.,0.));
#6240 = ( GEOMETRIC_REPRESENTATION_CONTEXT(2) 
PARAMETRIC_REPRESENTATION_CONTEXT() REPRESENTATION_CONTEXT('2D SPACE',''
  ) );
#6241 = ORIENTED_EDGE('',*,*,#6104,.T.);
#6242 = ORIENTED_EDGE('',*,*,#6243,.T.);
#6243 = EDGE_CURVE('',#6107,#6188,#6244,.T.);
#6244 = SURFACE_CURVE('',#6245,(#6250,#6257),.PCURVE_S1.);
#6245 = CIRCLE('',#6246,19.284210105952);
#6246 = AXIS2_PLACEMENT_3D('',#6247,#6248,#6249);
#6247 = CARTESIAN_POINT('',(1.372235658437E-12,29.224663947882,
    49.204482671905));
#6248 = DIRECTION('',(5.947623346206E-16,-0.5,0.866025403784));
#6249 = DIRECTION('',(1.,2.973811673103E-16,-5.150792909956E-16));
#6250 = PCURVE('',#6122,#6251);
#6251 = DEFINITIONAL_REPRESENTATION('',(#6252),#6256);
#6252 = LINE('',#6253,#6254);
#6253 = CARTESIAN_POINT('',(9.424777960769,20.));
#6254 = VECTOR('',#6255,1.);
#6255 = DIRECTION('',(-1.,0.));
#6256 = ( GEOMETRIC_REPRESENTATION_CONTEXT(2) 
PARAMETRIC_REPRESENTATION_CONTEXT() REPRESENTATION_CONTEXT('2D SPACE',''
  ) );
#6257 = PCURVE('',#128,#6258);
#6258 = DEFINITIONAL_REPRESENTATION('',(#6259),#6263);
#6259 = CIRCLE('',#6260,19.284210105952);
#6260 = AXIS2_PLACEMENT_2D('',#6261,#6262);
#6261 = CARTESIAN_POINT('',(1.373123836856E-12,1.044497821567E-12));
#6262 = DIRECTION('',(1.,0.));
#6263 = ( GEOMETRIC_REPRESENTATION_CONTEXT(2) 
PARAMETRIC_REPRESENTATION_CONTEXT() REPRESENTATION_CONTEXT('2D SPACE',''
  ) );
#6264 = ADVANCED_FACE('',(#6265),#6203,.F.);
#6265 = FACE_BOUND('',#6266,.T.);
#6266 = EDGE_LOOP('',(#6267,#6297,#6323,#6324));
#6267 = ORIENTED_EDGE('',*,*,#6268,.F.);
#6268 = EDGE_CURVE('',#6269,#6271,#6273,.T.);
#6269 = VERTEX_POINT('',#6270);
#6270 = CARTESIAN_POINT('',(-14.14213562373,9.264354555121,
    59.619702900092));
#6271 = VERTEX_POINT('',#6272);
#6272 = CARTESIAN_POINT('',(-14.14213562373,18.764354555121,
    43.165220228188));
#6273 = SURFACE_CURVE('',#6274,(#6278,#6285),.PCURVE_S1.);
#6274 = LINE('',#6275,#6276);
#6275 = CARTESIAN_POINT('',(-14.14213562373,8.764354555121,
    60.485728303876));
#6276 = VECTOR('',#6277,1.);
#6277 = DIRECTION('',(-5.947623346206E-16,0.5,-0.866025403784));
#6278 = PCURVE('',#6203,#6279);
#6279 = DEFINITIONAL_REPRESENTATION('',(#6280),#6284);
#6280 = LINE('',#6281,#6282);
#6281 = CARTESIAN_POINT('',(-0.515902684074,0.));
#6282 = VECTOR('',#6283,1.);
#6283 = DIRECTION('',(0.,-1.));
#6284 = ( GEOMETRIC_REPRESENTATION_CONTEXT(2) 
PARAMETRIC_REPRESENTATION_CONTEXT() REPRESENTATION_CONTEXT('2D SPACE',''
  ) );
#6285 = PCURVE('',#6286,#6291);
#6286 = PLANE('',#6287);
#6287 = AXIS2_PLACEMENT_3D('',#6288,#6289,#6290);
#6288 = CARTESIAN_POINT('',(-14.14213562373,8.317569724832,
    60.227776961839));
#6289 = DIRECTION('',(-1.,-2.973811673103E-16,5.150792909956E-16));
#6290 = DIRECTION('',(5.947623346206E-16,-0.5,0.866025403784));
#6291 = DEFINITIONAL_REPRESENTATION('',(#6292),#6296);
#6292 = LINE('',#6293,#6294);
#6293 = CARTESIAN_POINT('',(0.,0.515902684074));
#6294 = VECTOR('',#6295,1.);
#6295 = DIRECTION('',(-1.,0.));
#6296 = ( GEOMETRIC_REPRESENTATION_CONTEXT(2) 
PARAMETRIC_REPRESENTATION_CONTEXT() REPRESENTATION_CONTEXT('2D SPACE',''
  ) );
#6297 = ORIENTED_EDGE('',*,*,#6298,.T.);
#6298 = EDGE_CURVE('',#6269,#6186,#6299,.T.);
#6299 = SURFACE_CURVE('',#6300,(#6304,#6311),.PCURVE_S1.);
#6300 = LINE('',#6301,#6302);
#6301 = CARTESIAN_POINT('',(-15.16123775561,9.404139646949,
    59.700407860488));
#6302 = VECTOR('',#6303,1.);
#6303 = DIRECTION('',(-0.987688340595,0.135476220752,7.821723252012E-02)
  );
#6304 = PCURVE('',#6203,#6305);
#6305 = DEFINITIONAL_REPRESENTATION('',(#6306),#6310);
#6306 = LINE('',#6307,#6308);
#6307 = CARTESIAN_POINT('',(0.515902684074,-1.));
#6308 = VECTOR('',#6309,1.);
#6309 = DIRECTION('',(1.,0.));
#6310 = ( GEOMETRIC_REPRESENTATION_CONTEXT(2) 
PARAMETRIC_REPRESENTATION_CONTEXT() REPRESENTATION_CONTEXT('2D SPACE',''
  ) );
#6311 = PCURVE('',#6312,#6317);
#6312 = PLANE('',#6313);
#6313 = AXIS2_PLACEMENT_3D('',#6314,#6315,#6316);
#6314 = CARTESIAN_POINT('',(-2.055882955784,7.983364845086,
    60.034823684554));
#6315 = DIRECTION('',(-0.110615871041,-0.958386505432,0.263171874029));
#6316 = DIRECTION('',(-0.987688340595,0.135476220752,7.821723252012E-02)
  );
#6317 = DEFINITIONAL_REPRESENTATION('',(#6318),#6322);
#6318 = LINE('',#6319,#6320);
#6319 = CARTESIAN_POINT('',(13.110330255582,1.414213562373));
#6320 = VECTOR('',#6321,1.);
#6321 = DIRECTION('',(1.,-6.938893903907E-17));
#6322 = ( GEOMETRIC_REPRESENTATION_CONTEXT(2) 
PARAMETRIC_REPRESENTATION_CONTEXT() REPRESENTATION_CONTEXT('2D SPACE',''
  ) );
#6323 = ORIENTED_EDGE('',*,*,#6185,.T.);
#6324 = ORIENTED_EDGE('',*,*,#6325,.T.);
#6325 = EDGE_CURVE('',#6188,#6271,#6326,.T.);
#6326 = SURFACE_CURVE('',#6327,(#6331,#6338),.PCURVE_S1.);
#6327 = LINE('',#6328,#6329);
#6328 = CARTESIAN_POINT('',(-14.65168668967,18.834247101035,
    43.205572708386));
#6329 = VECTOR('',#6330,1.);
#6330 = DIRECTION('',(0.987688340595,-0.135476220752,-7.821723252012E-02
    ));
#6331 = PCURVE('',#6203,#6332);
#6332 = DEFINITIONAL_REPRESENTATION('',(#6333),#6337);
#6333 = LINE('',#6334,#6335);
#6334 = CARTESIAN_POINT('',(0.,-20.));
#6335 = VECTOR('',#6336,1.);
#6336 = DIRECTION('',(-1.,0.));
#6337 = ( GEOMETRIC_REPRESENTATION_CONTEXT(2) 
PARAMETRIC_REPRESENTATION_CONTEXT() REPRESENTATION_CONTEXT('2D SPACE',''
  ) );
#6338 = PCURVE('',#128,#6339);
#6339 = DEFINITIONAL_REPRESENTATION('',(#6340),#6344);
#6340 = LINE('',#6341,#6342);
#6341 = CARTESIAN_POINT('',(-14.65168668967,-11.99781992703));
#6342 = VECTOR('',#6343,1.);
#6343 = DIRECTION('',(0.987688340595,-0.15643446504));
#6344 = ( GEOMETRIC_REPRESENTATION_CONTEXT(2) 
PARAMETRIC_REPRESENTATION_CONTEXT() REPRESENTATION_CONTEXT('2D SPACE',''
  ) );
#6345 = ADVANCED_FACE('',(#6346),#6286,.T.);
#6346 = FACE_BOUND('',#6347,.T.);
#6347 = EDGE_LOOP('',(#6348,#6378,#6404,#6405));
#6348 = ORIENTED_EDGE('',*,*,#6349,.F.);
#6349 = EDGE_CURVE('',#6350,#6352,#6354,.T.);
#6350 = VERTEX_POINT('',#6351);
#6351 = CARTESIAN_POINT('',(-14.14213562373,8.370784894543,
    59.103800216018));
#6352 = VERTEX_POINT('',#6353);
#6353 = CARTESIAN_POINT('',(-14.14213562373,17.870784894543,
    42.649317544113));
#6354 = SURFACE_CURVE('',#6355,(#6359,#6366),.PCURVE_S1.);
#6355 = LINE('',#6356,#6357);
#6356 = CARTESIAN_POINT('',(-14.14213562373,7.870784894543,
    59.969825619802));
#6357 = VECTOR('',#6358,1.);
#6358 = DIRECTION('',(-5.947623346206E-16,0.5,-0.866025403784));
#6359 = PCURVE('',#6286,#6360);
#6360 = DEFINITIONAL_REPRESENTATION('',(#6361),#6365);
#6361 = LINE('',#6362,#6363);
#6362 = CARTESIAN_POINT('',(0.,-0.515902684074));
#6363 = VECTOR('',#6364,1.);
#6364 = DIRECTION('',(-1.,0.));
#6365 = ( GEOMETRIC_REPRESENTATION_CONTEXT(2) 
PARAMETRIC_REPRESENTATION_CONTEXT() REPRESENTATION_CONTEXT('2D SPACE',''
  ) );
#6366 = PCURVE('',#6367,#6372);
#6367 = CYLINDRICAL_SURFACE('',#6368,19.284210105952);
#6368 = AXIS2_PLACEMENT_3D('',#6369,#6370,#6371);
#6369 = CARTESIAN_POINT('',(1.436184504655E-12,19.224663947882,
    66.524990747594));
#6370 = DIRECTION('',(-5.947623346206E-16,0.5,-0.866025403784));
#6371 = DIRECTION('',(-1.,-2.973811673103E-16,5.150792909956E-16));
#6372 = DEFINITIONAL_REPRESENTATION('',(#6373),#6377);
#6373 = LINE('',#6374,#6375);
#6374 = CARTESIAN_POINT('',(5.535630059756,0.));
#6375 = VECTOR('',#6376,1.);
#6376 = DIRECTION('',(0.,1.));
#6377 = ( GEOMETRIC_REPRESENTATION_CONTEXT(2) 
PARAMETRIC_REPRESENTATION_CONTEXT() REPRESENTATION_CONTEXT('2D SPACE',''
  ) );
#6378 = ORIENTED_EDGE('',*,*,#6379,.T.);
#6379 = EDGE_CURVE('',#6350,#6269,#6380,.T.);
#6380 = SURFACE_CURVE('',#6381,(#6385,#6392),.PCURVE_S1.);
#6381 = LINE('',#6382,#6383);
#6382 = CARTESIAN_POINT('',(-14.14213562373,8.817569724832,
    59.361751558055));
#6383 = VECTOR('',#6384,1.);
#6384 = DIRECTION('',(8.381647117973E-31,0.866025403784,0.5));
#6385 = PCURVE('',#6286,#6386);
#6386 = DEFINITIONAL_REPRESENTATION('',(#6387),#6391);
#6387 = LINE('',#6388,#6389);
#6388 = CARTESIAN_POINT('',(-1.,0.));
#6389 = VECTOR('',#6390,1.);
#6390 = DIRECTION('',(0.,1.));
#6391 = ( GEOMETRIC_REPRESENTATION_CONTEXT(2) 
PARAMETRIC_REPRESENTATION_CONTEXT() REPRESENTATION_CONTEXT('2D SPACE',''
  ) );
#6392 = PCURVE('',#6393,#6398);
#6393 = PLANE('',#6394);
#6394 = AXIS2_PLACEMENT_3D('',#6395,#6396,#6397);
#6395 = CARTESIAN_POINT('',(-14.14213562373,8.817569724832,
    59.361751558055));
#6396 = DIRECTION('',(0.707106781187,0.353553390593,-0.612372435696));
#6397 = DIRECTION('',(8.381647117973E-31,0.866025403784,0.5));
#6398 = DEFINITIONAL_REPRESENTATION('',(#6399),#6403);
#6399 = LINE('',#6400,#6401);
#6400 = CARTESIAN_POINT('',(0.,0.));
#6401 = VECTOR('',#6402,1.);
#6402 = DIRECTION('',(1.,0.));
#6403 = ( GEOMETRIC_REPRESENTATION_CONTEXT(2) 
PARAMETRIC_REPRESENTATION_CONTEXT() REPRESENTATION_CONTEXT('2D SPACE',''
  ) );
#6404 = ORIENTED_EDGE('',*,*,#6268,.T.);
#6405 = ORIENTED_EDGE('',*,*,#6406,.F.);
#6406 = EDGE_CURVE('',#6352,#6271,#6407,.T.);
#6407 = SURFACE_CURVE('',#6408,(#6412,#6419),.PCURVE_S1.);
#6408 = LINE('',#6409,#6410);
#6409 = CARTESIAN_POINT('',(-14.14213562373,18.317569724832,
    42.907268886151));
#6410 = VECTOR('',#6411,1.);
#6411 = DIRECTION('',(8.381647117973E-31,0.866025403784,0.5));
#6412 = PCURVE('',#6286,#6413);
#6413 = DEFINITIONAL_REPRESENTATION('',(#6414),#6418);
#6414 = LINE('',#6415,#6416);
#6415 = CARTESIAN_POINT('',(-20.,0.));
#6416 = VECTOR('',#6417,1.);
#6417 = DIRECTION('',(0.,1.));
#6418 = ( GEOMETRIC_REPRESENTATION_CONTEXT(2) 
PARAMETRIC_REPRESENTATION_CONTEXT() REPRESENTATION_CONTEXT('2D SPACE',''
  ) );
#6419 = PCURVE('',#128,#6420);
#6420 = DEFINITIONAL_REPRESENTATION('',(#6421),#6425);
#6421 = LINE('',#6422,#6423);
#6422 = CARTESIAN_POINT('',(-14.14213562373,-12.5944275715));
#6423 = VECTOR('',#6424,1.);
#6424 = DIRECTION('',(0.,1.));
#6425 = ( GEOMETRIC_REPRESENTATION_CONTEXT(2) 
PARAMETRIC_REPRESENTATION_CONTEXT() REPRESENTATION_CONTEXT('2D SPACE',''
  ) );
#6426 = ADVANCED_FACE('',(#6427),#6367,.T.);
#6427 = FACE_BOUND('',#6428,.T.);
#6428 = EDGE_LOOP('',(#6429,#6459,#6486,#6487));
#6429 = ORIENTED_EDGE('',*,*,#6430,.F.);
#6430 = EDGE_CURVE('',#6431,#6433,#6435,.T.);
#6431 = VERTEX_POINT('',#6432);
#6432 = CARTESIAN_POINT('',(-13.11033025558,7.477215233965,
    58.587897531943));
#6433 = VERTEX_POINT('',#6434);
#6434 = CARTESIAN_POINT('',(-13.11033025558,16.977215233965,
    42.133414860039));
#6435 = SURFACE_CURVE('',#6436,(#6440,#6447),.PCURVE_S1.);
#6436 = LINE('',#6437,#6438);
#6437 = CARTESIAN_POINT('',(-13.11033025558,6.977215233965,
    59.453922935728));
#6438 = VECTOR('',#6439,1.);
#6439 = DIRECTION('',(-5.947623346206E-16,0.5,-0.866025403784));
#6440 = PCURVE('',#6367,#6441);
#6441 = DEFINITIONAL_REPRESENTATION('',(#6442),#6446);
#6442 = LINE('',#6443,#6444);
#6443 = CARTESIAN_POINT('',(5.459944227809,0.));
#6444 = VECTOR('',#6445,1.);
#6445 = DIRECTION('',(0.,1.));
#6446 = ( GEOMETRIC_REPRESENTATION_CONTEXT(2) 
PARAMETRIC_REPRESENTATION_CONTEXT() REPRESENTATION_CONTEXT('2D SPACE',''
  ) );
#6447 = PCURVE('',#6448,#6453);
#6448 = PLANE('',#6449);
#6449 = AXIS2_PLACEMENT_3D('',#6450,#6451,#6452);
#6450 = CARTESIAN_POINT('',(-12.5944275715,6.977215233965,
    59.453922935728));
#6451 = DIRECTION('',(8.381647117973E-31,0.866025403784,0.5));
#6452 = DIRECTION('',(5.947623346206E-16,-0.5,0.866025403784));
#6453 = DEFINITIONAL_REPRESENTATION('',(#6454),#6458);
#6454 = LINE('',#6455,#6456);
#6455 = CARTESIAN_POINT('',(0.,-0.515902684074));
#6456 = VECTOR('',#6457,1.);
#6457 = DIRECTION('',(-1.,0.));
#6458 = ( GEOMETRIC_REPRESENTATION_CONTEXT(2) 
PARAMETRIC_REPRESENTATION_CONTEXT() REPRESENTATION_CONTEXT('2D SPACE',''
  ) );
#6459 = ORIENTED_EDGE('',*,*,#6460,.F.);
#6460 = EDGE_CURVE('',#6350,#6431,#6461,.T.);
#6461 = SURFACE_CURVE('',#6462,(#6467,#6474),.PCURVE_S1.);
#6462 = CIRCLE('',#6463,19.284210105952);
#6463 = AXIS2_PLACEMENT_3D('',#6464,#6465,#6466);
#6464 = CARTESIAN_POINT('',(1.435296326235E-12,19.724663947882,
    65.658965343809));
#6465 = DIRECTION('',(5.947623346206E-16,-0.5,0.866025403784));
#6466 = DIRECTION('',(1.,2.973811673103E-16,-5.150792909956E-16));
#6467 = PCURVE('',#6367,#6468);
#6468 = DEFINITIONAL_REPRESENTATION('',(#6469),#6473);
#6469 = LINE('',#6470,#6471);
#6470 = CARTESIAN_POINT('',(9.424777960769,1.));
#6471 = VECTOR('',#6472,1.);
#6472 = DIRECTION('',(-1.,0.));
#6473 = ( GEOMETRIC_REPRESENTATION_CONTEXT(2) 
PARAMETRIC_REPRESENTATION_CONTEXT() REPRESENTATION_CONTEXT('2D SPACE',''
  ) );
#6474 = PCURVE('',#6475,#6480);
#6475 = CONICAL_SURFACE('',#6476,18.284210105952,0.785398163397);
#6476 = AXIS2_PLACEMENT_3D('',#6477,#6478,#6479);
#6477 = CARTESIAN_POINT('',(1.436184504655E-12,19.224663947882,
    66.524990747594));
#6478 = DIRECTION('',(-5.947623346206E-16,0.5,-0.866025403784));
#6479 = DIRECTION('',(-1.,-2.973811673103E-16,5.150792909956E-16));
#6480 = DEFINITIONAL_REPRESENTATION('',(#6481),#6485);
#6481 = LINE('',#6482,#6483);
#6482 = CARTESIAN_POINT('',(9.424777960769,1.));
#6483 = VECTOR('',#6484,1.);
#6484 = DIRECTION('',(-1.,-2.489383946701E-14));
#6485 = ( GEOMETRIC_REPRESENTATION_CONTEXT(2) 
PARAMETRIC_REPRESENTATION_CONTEXT() REPRESENTATION_CONTEXT('2D SPACE',''
  ) );
#6486 = ORIENTED_EDGE('',*,*,#6349,.T.);
#6487 = ORIENTED_EDGE('',*,*,#6488,.T.);
#6488 = EDGE_CURVE('',#6352,#6433,#6489,.T.);
#6489 = SURFACE_CURVE('',#6490,(#6495,#6502),.PCURVE_S1.);
#6490 = CIRCLE('',#6491,19.284210105952);
#6491 = AXIS2_PLACEMENT_3D('',#6492,#6493,#6494);
#6492 = CARTESIAN_POINT('',(1.423750006779E-12,29.224663947882,
    49.204482671905));
#6493 = DIRECTION('',(5.947623346206E-16,-0.5,0.866025403784));
#6494 = DIRECTION('',(1.,2.973811673103E-16,-5.150792909956E-16));
#6495 = PCURVE('',#6367,#6496);
#6496 = DEFINITIONAL_REPRESENTATION('',(#6497),#6501);
#6497 = LINE('',#6498,#6499);
#6498 = CARTESIAN_POINT('',(9.424777960769,20.));
#6499 = VECTOR('',#6500,1.);
#6500 = DIRECTION('',(-1.,0.));
#6501 = ( GEOMETRIC_REPRESENTATION_CONTEXT(2) 
PARAMETRIC_REPRESENTATION_CONTEXT() REPRESENTATION_CONTEXT('2D SPACE',''
  ) );
#6502 = PCURVE('',#128,#6503);
#6503 = DEFINITIONAL_REPRESENTATION('',(#6504),#6508);
#6504 = CIRCLE('',#6505,19.284210105952);
#6505 = AXIS2_PLACEMENT_2D('',#6506,#6507);
#6506 = CARTESIAN_POINT('',(1.424638185199E-12,1.428190898878E-12));
#6507 = DIRECTION('',(1.,0.));
#6508 = ( GEOMETRIC_REPRESENTATION_CONTEXT(2) 
PARAMETRIC_REPRESENTATION_CONTEXT() REPRESENTATION_CONTEXT('2D SPACE',''
  ) );
#6509 = ADVANCED_FACE('',(#6510),#6448,.F.);
#6510 = FACE_BOUND('',#6511,.T.);
#6511 = EDGE_LOOP('',(#6512,#6542,#6568,#6569));
#6512 = ORIENTED_EDGE('',*,*,#6513,.F.);
#6513 = EDGE_CURVE('',#6514,#6516,#6518,.T.);
#6514 = VERTEX_POINT('',#6515);
#6515 = CARTESIAN_POINT('',(-12.07852488743,7.477215233965,
    58.587897531943));
#6516 = VERTEX_POINT('',#6517);
#6517 = CARTESIAN_POINT('',(-12.07852488743,16.977215233965,
    42.133414860039));
#6518 = SURFACE_CURVE('',#6519,(#6523,#6530),.PCURVE_S1.);
#6519 = LINE('',#6520,#6521);
#6520 = CARTESIAN_POINT('',(-12.07852488743,6.977215233965,
    59.453922935728));
#6521 = VECTOR('',#6522,1.);
#6522 = DIRECTION('',(-5.947623346206E-16,0.5,-0.866025403784));
#6523 = PCURVE('',#6448,#6524);
#6524 = DEFINITIONAL_REPRESENTATION('',(#6525),#6529);
#6525 = LINE('',#6526,#6527);
#6526 = CARTESIAN_POINT('',(0.,0.515902684074));
#6527 = VECTOR('',#6528,1.);
#6528 = DIRECTION('',(-1.,0.));
#6529 = ( GEOMETRIC_REPRESENTATION_CONTEXT(2) 
PARAMETRIC_REPRESENTATION_CONTEXT() REPRESENTATION_CONTEXT('2D SPACE',''
  ) );
#6530 = PCURVE('',#6531,#6536);
#6531 = PLANE('',#6532);
#6532 = AXIS2_PLACEMENT_3D('',#6533,#6534,#6535);
#6533 = CARTESIAN_POINT('',(-11.99781992703,6.535931066334,
    59.199147402757));
#6534 = DIRECTION('',(-0.987688340595,-0.135476220752,
    -7.821723252012E-02));
#6535 = DIRECTION('',(0.15643446504,-0.855363193977,-0.493844170298));
#6536 = DEFINITIONAL_REPRESENTATION('',(#6537),#6541);
#6537 = LINE('',#6538,#6539);
#6538 = CARTESIAN_POINT('',(-0.515902684074,0.));
#6539 = VECTOR('',#6540,1.);
#6540 = DIRECTION('',(0.,-1.));
#6541 = ( GEOMETRIC_REPRESENTATION_CONTEXT(2) 
PARAMETRIC_REPRESENTATION_CONTEXT() REPRESENTATION_CONTEXT('2D SPACE',''
  ) );
#6542 = ORIENTED_EDGE('',*,*,#6543,.T.);
#6543 = EDGE_CURVE('',#6514,#6431,#6544,.T.);
#6544 = SURFACE_CURVE('',#6545,(#6549,#6556),.PCURVE_S1.);
#6545 = LINE('',#6546,#6547);
#6546 = CARTESIAN_POINT('',(-13.11033025558,7.477215233965,
    58.587897531943));
#6547 = VECTOR('',#6548,1.);
#6548 = DIRECTION('',(-1.,-2.973811673103E-16,5.150792909956E-16));
#6549 = PCURVE('',#6448,#6550);
#6550 = DEFINITIONAL_REPRESENTATION('',(#6551),#6555);
#6551 = LINE('',#6552,#6553);
#6552 = CARTESIAN_POINT('',(-1.,-0.515902684074));
#6553 = VECTOR('',#6554,1.);
#6554 = DIRECTION('',(0.,-1.));
#6555 = ( GEOMETRIC_REPRESENTATION_CONTEXT(2) 
PARAMETRIC_REPRESENTATION_CONTEXT() REPRESENTATION_CONTEXT('2D SPACE',''
  ) );
#6556 = PCURVE('',#6557,#6562);
#6557 = PLANE('',#6558);
#6558 = AXIS2_PLACEMENT_3D('',#6559,#6560,#6561);
#6559 = CARTESIAN_POINT('',(1.15463194561E-14,7.843240637749,
    59.953922935728));
#6560 = DIRECTION('',(4.205604800046E-16,-0.965925826289,0.258819045103)
  );
#6561 = DIRECTION('',(-1.,-2.973811673103E-16,5.150792909956E-16));
#6562 = DEFINITIONAL_REPRESENTATION('',(#6563),#6567);
#6563 = LINE('',#6564,#6565);
#6564 = CARTESIAN_POINT('',(13.110330255582,1.414213562373));
#6565 = VECTOR('',#6566,1.);
#6566 = DIRECTION('',(1.,0.));
#6567 = ( GEOMETRIC_REPRESENTATION_CONTEXT(2) 
PARAMETRIC_REPRESENTATION_CONTEXT() REPRESENTATION_CONTEXT('2D SPACE',''
  ) );
#6568 = ORIENTED_EDGE('',*,*,#6430,.T.);
#6569 = ORIENTED_EDGE('',*,*,#6570,.T.);
#6570 = EDGE_CURVE('',#6433,#6516,#6571,.T.);
#6571 = SURFACE_CURVE('',#6572,(#6576,#6583),.PCURVE_S1.);
#6572 = LINE('',#6573,#6574);
#6573 = CARTESIAN_POINT('',(-12.5944275715,16.977215233965,
    42.133414860039));
#6574 = VECTOR('',#6575,1.);
#6575 = DIRECTION('',(1.,2.973811673103E-16,-5.150792909956E-16));
#6576 = PCURVE('',#6448,#6577);
#6577 = DEFINITIONAL_REPRESENTATION('',(#6578),#6582);
#6578 = LINE('',#6579,#6580);
#6579 = CARTESIAN_POINT('',(-20.,0.));
#6580 = VECTOR('',#6581,1.);
#6581 = DIRECTION('',(0.,1.));
#6582 = ( GEOMETRIC_REPRESENTATION_CONTEXT(2) 
PARAMETRIC_REPRESENTATION_CONTEXT() REPRESENTATION_CONTEXT('2D SPACE',''
  ) );
#6583 = PCURVE('',#128,#6584);
#6584 = DEFINITIONAL_REPRESENTATION('',(#6585),#6589);
#6585 = LINE('',#6586,#6587);
#6586 = CARTESIAN_POINT('',(-12.5944275715,-14.14213562373));
#6587 = VECTOR('',#6588,1.);
#6588 = DIRECTION('',(1.,0.));
#6589 = ( GEOMETRIC_REPRESENTATION_CONTEXT(2) 
PARAMETRIC_REPRESENTATION_CONTEXT() REPRESENTATION_CONTEXT('2D SPACE',''
  ) );
#6590 = ADVANCED_FACE('',(#6591),#6531,.T.);
#6591 = FACE_BOUND('',#6592,.T.);
#6592 = EDGE_LOOP('',(#6593,#6623,#6649,#6650));
#6593 = ORIENTED_EDGE('',*,*,#6594,.F.);
#6594 = EDGE_CURVE('',#6595,#6597,#6599,.T.);
#6595 = VERTEX_POINT('',#6596);
#6596 = CARTESIAN_POINT('',(-11.91711496664,6.594646898702,
    58.078346466001));
#6597 = VERTEX_POINT('',#6598);
#6598 = CARTESIAN_POINT('',(-11.91711496664,16.094646898702,
    41.623863794097));
#6599 = SURFACE_CURVE('',#6600,(#6604,#6611),.PCURVE_S1.);
#6600 = LINE('',#6601,#6602);
#6601 = CARTESIAN_POINT('',(-11.91711496664,6.094646898702,
    58.944371869786));
#6602 = VECTOR('',#6603,1.);
#6603 = DIRECTION('',(-5.947623346206E-16,0.5,-0.866025403784));
#6604 = PCURVE('',#6531,#6605);
#6605 = DEFINITIONAL_REPRESENTATION('',(#6606),#6610);
#6606 = LINE('',#6607,#6608);
#6607 = CARTESIAN_POINT('',(0.515902684074,0.));
#6608 = VECTOR('',#6609,1.);
#6609 = DIRECTION('',(0.,-1.));
#6610 = ( GEOMETRIC_REPRESENTATION_CONTEXT(2) 
PARAMETRIC_REPRESENTATION_CONTEXT() REPRESENTATION_CONTEXT('2D SPACE',''
  ) );
#6611 = PCURVE('',#6612,#6617);
#6612 = CYLINDRICAL_SURFACE('',#6613,19.284210105951);
#6613 = AXIS2_PLACEMENT_3D('',#6614,#6615,#6616);
#6614 = CARTESIAN_POINT('',(4.547473508865E-13,19.224663947881,
    66.524990747593));
#6615 = DIRECTION('',(-5.947623346206E-16,0.5,-0.866025403784));
#6616 = DIRECTION('',(-1.,-2.973811673103E-16,5.150792909956E-16));
#6617 = DEFINITIONAL_REPRESENTATION('',(#6618),#6622);
#6618 = LINE('',#6619,#6620);
#6619 = CARTESIAN_POINT('',(5.378550427076,0.));
#6620 = VECTOR('',#6621,1.);
#6621 = DIRECTION('',(0.,1.));
#6622 = ( GEOMETRIC_REPRESENTATION_CONTEXT(2) 
PARAMETRIC_REPRESENTATION_CONTEXT() REPRESENTATION_CONTEXT('2D SPACE',''
  ) );
#6623 = ORIENTED_EDGE('',*,*,#6624,.T.);
#6624 = EDGE_CURVE('',#6595,#6514,#6625,.T.);
#6625 = SURFACE_CURVE('',#6626,(#6630,#6637),.PCURVE_S1.);
#6626 = LINE('',#6627,#6628);
#6627 = CARTESIAN_POINT('',(-11.99781992703,7.035931066334,
    58.333121998972));
#6628 = VECTOR('',#6629,1.);
#6629 = DIRECTION('',(-0.15643446504,0.855363193977,0.493844170298));
#6630 = PCURVE('',#6531,#6631);
#6631 = DEFINITIONAL_REPRESENTATION('',(#6632),#6636);
#6632 = LINE('',#6633,#6634);
#6633 = CARTESIAN_POINT('',(0.,-1.));
#6634 = VECTOR('',#6635,1.);
#6635 = DIRECTION('',(-1.,0.));
#6636 = ( GEOMETRIC_REPRESENTATION_CONTEXT(2) 
PARAMETRIC_REPRESENTATION_CONTEXT() REPRESENTATION_CONTEXT('2D SPACE',''
  ) );
#6637 = PCURVE('',#6638,#6643);
#6638 = PLANE('',#6639);
#6639 = AXIS2_PLACEMENT_3D('',#6640,#6641,#6642);
#6640 = CARTESIAN_POINT('',(-11.99781992703,7.035931066334,
    58.333121998972));
#6641 = DIRECTION('',(0.698401123334,0.449349544977,-0.557064500175));
#6642 = DIRECTION('',(-0.15643446504,0.855363193977,0.493844170298));
#6643 = DEFINITIONAL_REPRESENTATION('',(#6644),#6648);
#6644 = LINE('',#6645,#6646);
#6645 = CARTESIAN_POINT('',(0.,0.));
#6646 = VECTOR('',#6647,1.);
#6647 = DIRECTION('',(1.,6.245004513517E-17));
#6648 = ( GEOMETRIC_REPRESENTATION_CONTEXT(2) 
PARAMETRIC_REPRESENTATION_CONTEXT() REPRESENTATION_CONTEXT('2D SPACE',''
  ) );
#6649 = ORIENTED_EDGE('',*,*,#6513,.T.);
#6650 = ORIENTED_EDGE('',*,*,#6651,.F.);
#6651 = EDGE_CURVE('',#6597,#6516,#6652,.T.);
#6652 = SURFACE_CURVE('',#6653,(#6657,#6664),.PCURVE_S1.);
#6653 = LINE('',#6654,#6655);
#6654 = CARTESIAN_POINT('',(-11.99781992703,16.535931066334,
    41.878639327068));
#6655 = VECTOR('',#6656,1.);
#6656 = DIRECTION('',(-0.15643446504,0.855363193977,0.493844170298));
#6657 = PCURVE('',#6531,#6658);
#6658 = DEFINITIONAL_REPRESENTATION('',(#6659),#6663);
#6659 = LINE('',#6660,#6661);
#6660 = CARTESIAN_POINT('',(0.,-20.));
#6661 = VECTOR('',#6662,1.);
#6662 = DIRECTION('',(-1.,0.));
#6663 = ( GEOMETRIC_REPRESENTATION_CONTEXT(2) 
PARAMETRIC_REPRESENTATION_CONTEXT() REPRESENTATION_CONTEXT('2D SPACE',''
  ) );
#6664 = PCURVE('',#128,#6665);
#6665 = DEFINITIONAL_REPRESENTATION('',(#6666),#6670);
#6666 = LINE('',#6667,#6668);
#6667 = CARTESIAN_POINT('',(-11.99781992703,-14.65168668967));
#6668 = VECTOR('',#6669,1.);
#6669 = DIRECTION('',(-0.15643446504,0.987688340595));
#6670 = ( GEOMETRIC_REPRESENTATION_CONTEXT(2) 
PARAMETRIC_REPRESENTATION_CONTEXT() REPRESENTATION_CONTEXT('2D SPACE',''
  ) );
#6671 = ADVANCED_FACE('',(#6672),#6612,.T.);
#6672 = FACE_BOUND('',#6673,.T.);
#6673 = EDGE_LOOP('',(#6674,#6704,#6731,#6732));
#6674 = ORIENTED_EDGE('',*,*,#6675,.F.);
#6675 = EDGE_CURVE('',#6676,#6678,#6680,.T.);
#6676 = VERTEX_POINT('',#6677);
#6677 = CARTESIAN_POINT('',(-10.73660291396,5.851863655269,
    57.649500360455));
#6678 = VERTEX_POINT('',#6679);
#6679 = CARTESIAN_POINT('',(-10.73660291396,15.351863655269,
    41.195017688551));
#6680 = SURFACE_CURVE('',#6681,(#6685,#6692),.PCURVE_S1.);
#6681 = LINE('',#6682,#6683);
#6682 = CARTESIAN_POINT('',(-10.73660291396,5.351863655269,
    58.51552576424));
#6683 = VECTOR('',#6684,1.);
#6684 = DIRECTION('',(-5.947623346206E-16,0.5,-0.866025403784));
#6685 = PCURVE('',#6612,#6686);
#6686 = DEFINITIONAL_REPRESENTATION('',(#6687),#6691);
#6687 = LINE('',#6688,#6689);
#6688 = CARTESIAN_POINT('',(5.302864595129,0.));
#6689 = VECTOR('',#6690,1.);
#6690 = DIRECTION('',(0.,1.));
#6691 = ( GEOMETRIC_REPRESENTATION_CONTEXT(2) 
PARAMETRIC_REPRESENTATION_CONTEXT() REPRESENTATION_CONTEXT('2D SPACE',''
  ) );
#6692 = PCURVE('',#6693,#6698);
#6693 = PLANE('',#6694);
#6694 = AXIS2_PLACEMENT_3D('',#6695,#6696,#6697);
#6695 = CARTESIAN_POINT('',(-10.22705184802,5.421756201183,
    58.555878244438));
#6696 = DIRECTION('',(-0.15643446504,0.855363193977,0.493844170298));
#6697 = DIRECTION('',(-0.987688340595,-0.135476220752,
    -7.821723252012E-02));
#6698 = DEFINITIONAL_REPRESENTATION('',(#6699),#6703);
#6699 = LINE('',#6700,#6701);
#6700 = CARTESIAN_POINT('',(0.515902684074,0.));
#6701 = VECTOR('',#6702,1.);
#6702 = DIRECTION('',(-0.,-1.));
#6703 = ( GEOMETRIC_REPRESENTATION_CONTEXT(2) 
PARAMETRIC_REPRESENTATION_CONTEXT() REPRESENTATION_CONTEXT('2D SPACE',''
  ) );
#6704 = ORIENTED_EDGE('',*,*,#6705,.F.);
#6705 = EDGE_CURVE('',#6595,#6676,#6706,.T.);
#6706 = SURFACE_CURVE('',#6707,(#6712,#6719),.PCURVE_S1.);
#6707 = CIRCLE('',#6708,19.284210105951);
#6708 = AXIS2_PLACEMENT_3D('',#6709,#6710,#6711);
#6709 = CARTESIAN_POINT('',(4.538591724668E-13,19.724663947881,
    65.658965343809));
#6710 = DIRECTION('',(5.947623346206E-16,-0.5,0.866025403784));
#6711 = DIRECTION('',(1.,2.973811673103E-16,-5.150792909956E-16));
#6712 = PCURVE('',#6612,#6713);
#6713 = DEFINITIONAL_REPRESENTATION('',(#6714),#6718);
#6714 = LINE('',#6715,#6716);
#6715 = CARTESIAN_POINT('',(9.424777960769,1.));
#6716 = VECTOR('',#6717,1.);
#6717 = DIRECTION('',(-1.,0.));
#6718 = ( GEOMETRIC_REPRESENTATION_CONTEXT(2) 
PARAMETRIC_REPRESENTATION_CONTEXT() REPRESENTATION_CONTEXT('2D SPACE',''
  ) );
#6719 = PCURVE('',#6720,#6725);
#6720 = CONICAL_SURFACE('',#6721,18.284210105951,0.785398163397);
#6721 = AXIS2_PLACEMENT_3D('',#6722,#6723,#6724);
#6722 = CARTESIAN_POINT('',(4.547473508865E-13,19.224663947881,
    66.524990747593));
#6723 = DIRECTION('',(-5.947623346206E-16,0.5,-0.866025403784));
#6724 = DIRECTION('',(-1.,-2.973811673103E-16,5.150792909956E-16));
#6725 = DEFINITIONAL_REPRESENTATION('',(#6726),#6730);
#6726 = LINE('',#6727,#6728);
#6727 = CARTESIAN_POINT('',(9.424777960769,1.));
#6728 = VECTOR('',#6729,1.);
#6729 = DIRECTION('',(-1.,2.281935284476E-14));
#6730 = ( GEOMETRIC_REPRESENTATION_CONTEXT(2) 
PARAMETRIC_REPRESENTATION_CONTEXT() REPRESENTATION_CONTEXT('2D SPACE',''
  ) );
#6731 = ORIENTED_EDGE('',*,*,#6594,.T.);
#6732 = ORIENTED_EDGE('',*,*,#6733,.T.);
#6733 = EDGE_CURVE('',#6597,#6678,#6734,.T.);
#6734 = SURFACE_CURVE('',#6735,(#6740,#6747),.PCURVE_S1.);
#6735 = CIRCLE('',#6736,19.284210105951);
#6736 = AXIS2_PLACEMENT_3D('',#6737,#6738,#6739);
#6737 = CARTESIAN_POINT('',(4.423128530107E-13,29.224663947881,
    49.204482671905));
#6738 = DIRECTION('',(5.947623346206E-16,-0.5,0.866025403784));
#6739 = DIRECTION('',(1.,2.973811673103E-16,-5.150792909956E-16));
#6740 = PCURVE('',#6612,#6741);
#6741 = DEFINITIONAL_REPRESENTATION('',(#6742),#6746);
#6742 = LINE('',#6743,#6744);
#6743 = CARTESIAN_POINT('',(9.424777960769,20.));
#6744 = VECTOR('',#6745,1.);
#6745 = DIRECTION('',(-1.,0.));
#6746 = ( GEOMETRIC_REPRESENTATION_CONTEXT(2) 
PARAMETRIC_REPRESENTATION_CONTEXT() REPRESENTATION_CONTEXT('2D SPACE',''
  ) );
#6747 = PCURVE('',#128,#6748);
#6748 = DEFINITIONAL_REPRESENTATION('',(#6749),#6753);
#6749 = CIRCLE('',#6750,19.284210105951);
#6750 = AXIS2_PLACEMENT_2D('',#6751,#6752);
#6751 = CARTESIAN_POINT('',(4.432010314304E-13,5.853095785824E-13));
#6752 = DIRECTION('',(1.,0.));
#6753 = ( GEOMETRIC_REPRESENTATION_CONTEXT(2) 
PARAMETRIC_REPRESENTATION_CONTEXT() REPRESENTATION_CONTEXT('2D SPACE',''
  ) );
#6754 = ADVANCED_FACE('',(#6755),#6693,.F.);
#6755 = FACE_BOUND('',#6756,.T.);
#6756 = EDGE_LOOP('',(#6757,#6787,#6813,#6814));
#6757 = ORIENTED_EDGE('',*,*,#6758,.F.);
#6758 = EDGE_CURVE('',#6759,#6761,#6763,.T.);
#6759 = VERTEX_POINT('',#6760);
#6760 = CARTESIAN_POINT('',(-9.717500782081,5.991648747097,
    57.730205320851));
#6761 = VERTEX_POINT('',#6762);
#6762 = CARTESIAN_POINT('',(-9.717500782081,15.491648747097,
    41.275722648947));
#6763 = SURFACE_CURVE('',#6764,(#6768,#6775),.PCURVE_S1.);
#6764 = LINE('',#6765,#6766);
#6765 = CARTESIAN_POINT('',(-9.717500782081,5.491648747097,
    58.596230724636));
#6766 = VECTOR('',#6767,1.);
#6767 = DIRECTION('',(-5.947623346206E-16,0.5,-0.866025403784));
#6768 = PCURVE('',#6693,#6769);
#6769 = DEFINITIONAL_REPRESENTATION('',(#6770),#6774);
#6770 = LINE('',#6771,#6772);
#6771 = CARTESIAN_POINT('',(-0.515902684074,0.));
#6772 = VECTOR('',#6773,1.);
#6773 = DIRECTION('',(-0.,-1.));
#6774 = ( GEOMETRIC_REPRESENTATION_CONTEXT(2) 
PARAMETRIC_REPRESENTATION_CONTEXT() REPRESENTATION_CONTEXT('2D SPACE',''
  ) );
#6775 = PCURVE('',#6776,#6781);
#6776 = PLANE('',#6777);
#6777 = AXIS2_PLACEMENT_3D('',#6778,#6779,#6780);
#6778 = CARTESIAN_POINT('',(-9.558078085259,5.066731122869,
    58.350904419904));
#6779 = DIRECTION('',(-0.951056516295,-0.26761656733,-0.154508497187));
#6780 = DIRECTION('',(0.309016994375,-0.823639103546,-0.475528258148));
#6781 = DEFINITIONAL_REPRESENTATION('',(#6782),#6786);
#6782 = LINE('',#6783,#6784);
#6783 = CARTESIAN_POINT('',(-0.515902684074,0.));
#6784 = VECTOR('',#6785,1.);
#6785 = DIRECTION('',(0.,-1.));
#6786 = ( GEOMETRIC_REPRESENTATION_CONTEXT(2) 
PARAMETRIC_REPRESENTATION_CONTEXT() REPRESENTATION_CONTEXT('2D SPACE',''
  ) );
#6787 = ORIENTED_EDGE('',*,*,#6788,.T.);
#6788 = EDGE_CURVE('',#6759,#6676,#6789,.T.);
#6789 = SURFACE_CURVE('',#6790,(#6794,#6801),.PCURVE_S1.);
#6790 = LINE('',#6791,#6792);
#6791 = CARTESIAN_POINT('',(-10.73660291396,5.851863655269,
    57.649500360455));
#6792 = VECTOR('',#6793,1.);
#6793 = DIRECTION('',(-0.987688340595,-0.135476220752,
    -7.821723252012E-02));
#6794 = PCURVE('',#6693,#6795);
#6795 = DEFINITIONAL_REPRESENTATION('',(#6796),#6800);
#6796 = LINE('',#6797,#6798);
#6797 = CARTESIAN_POINT('',(0.515902684074,-1.));
#6798 = VECTOR('',#6799,1.);
#6799 = DIRECTION('',(1.,0.));
#6800 = ( GEOMETRIC_REPRESENTATION_CONTEXT(2) 
PARAMETRIC_REPRESENTATION_CONTEXT() REPRESENTATION_CONTEXT('2D SPACE',''
  ) );
#6801 = PCURVE('',#6802,#6807);
#6802 = PLANE('',#6803);
#6803 = AXIS2_PLACEMENT_3D('',#6804,#6805,#6806);
#6804 = CARTESIAN_POINT('',(2.055882955785,7.983364845086,
    60.034823684554));
#6805 = DIRECTION('',(0.110615871041,-0.958386505432,0.263171874029));
#6806 = DIRECTION('',(-0.987688340595,-0.135476220752,
    -7.821723252012E-02));
#6807 = DEFINITIONAL_REPRESENTATION('',(#6808),#6812);
#6808 = LINE('',#6809,#6810);
#6809 = CARTESIAN_POINT('',(13.110330255582,1.414213562373));
#6810 = VECTOR('',#6811,1.);
#6811 = DIRECTION('',(1.,6.938893903907E-17));
#6812 = ( GEOMETRIC_REPRESENTATION_CONTEXT(2) 
PARAMETRIC_REPRESENTATION_CONTEXT() REPRESENTATION_CONTEXT('2D SPACE',''
  ) );
#6813 = ORIENTED_EDGE('',*,*,#6675,.T.);
#6814 = ORIENTED_EDGE('',*,*,#6815,.T.);
#6815 = EDGE_CURVE('',#6678,#6761,#6816,.T.);
#6816 = SURFACE_CURVE('',#6817,(#6821,#6828),.PCURVE_S1.);
#6817 = LINE('',#6818,#6819);
#6818 = CARTESIAN_POINT('',(-10.22705184802,15.421756201183,
    41.235370168749));
#6819 = VECTOR('',#6820,1.);
#6820 = DIRECTION('',(0.987688340595,0.135476220752,7.821723252012E-02)
  );
#6821 = PCURVE('',#6693,#6822);
#6822 = DEFINITIONAL_REPRESENTATION('',(#6823),#6827);
#6823 = LINE('',#6824,#6825);
#6824 = CARTESIAN_POINT('',(-0.,-20.));
#6825 = VECTOR('',#6826,1.);
#6826 = DIRECTION('',(-1.,0.));
#6827 = ( GEOMETRIC_REPRESENTATION_CONTEXT(2) 
PARAMETRIC_REPRESENTATION_CONTEXT() REPRESENTATION_CONTEXT('2D SPACE',''
  ) );
#6828 = PCURVE('',#128,#6829);
#6829 = DEFINITIONAL_REPRESENTATION('',(#6830),#6834);
#6830 = LINE('',#6831,#6832);
#6831 = CARTESIAN_POINT('',(-10.22705184802,-15.93822500631));
#6832 = VECTOR('',#6833,1.);
#6833 = DIRECTION('',(0.987688340595,0.15643446504));
#6834 = ( GEOMETRIC_REPRESENTATION_CONTEXT(2) 
PARAMETRIC_REPRESENTATION_CONTEXT() REPRESENTATION_CONTEXT('2D SPACE',''
  ) );
#6835 = ADVANCED_FACE('',(#6836),#6776,.T.);
#6836 = FACE_BOUND('',#6837,.T.);
#6837 = EDGE_LOOP('',(#6838,#6868,#6894,#6895));
#6838 = ORIENTED_EDGE('',*,*,#6839,.F.);
#6839 = EDGE_CURVE('',#6840,#6842,#6844,.T.);
#6840 = VERTEX_POINT('',#6841);
#6841 = CARTESIAN_POINT('',(-9.398655388436,5.141813498641,
    57.239552711388));
#6842 = VERTEX_POINT('',#6843);
#6843 = CARTESIAN_POINT('',(-9.398655388436,14.641813498641,
    40.785070039484));
#6844 = SURFACE_CURVE('',#6845,(#6849,#6856),.PCURVE_S1.);
#6845 = LINE('',#6846,#6847);
#6846 = CARTESIAN_POINT('',(-9.398655388436,4.641813498641,
    58.105578115173));
#6847 = VECTOR('',#6848,1.);
#6848 = DIRECTION('',(-5.947623346206E-16,0.5,-0.866025403784));
#6849 = PCURVE('',#6776,#6850);
#6850 = DEFINITIONAL_REPRESENTATION('',(#6851),#6855);
#6851 = LINE('',#6852,#6853);
#6852 = CARTESIAN_POINT('',(0.515902684074,0.));
#6853 = VECTOR('',#6854,1.);
#6854 = DIRECTION('',(0.,-1.));
#6855 = ( GEOMETRIC_REPRESENTATION_CONTEXT(2) 
PARAMETRIC_REPRESENTATION_CONTEXT() REPRESENTATION_CONTEXT('2D SPACE',''
  ) );
#6856 = PCURVE('',#6857,#6862);
#6857 = CYLINDRICAL_SURFACE('',#6858,19.284210105952);
#6858 = AXIS2_PLACEMENT_3D('',#6859,#6860,#6861);
#6859 = CARTESIAN_POINT('',(6.963318810449E-13,19.224663947882,
    66.524990747594));
#6860 = DIRECTION('',(-5.947623346206E-16,0.5,-0.866025403784));
#6861 = DIRECTION('',(-1.,-2.973811673103E-16,5.150792909956E-16));
#6862 = DEFINITIONAL_REPRESENTATION('',(#6863),#6867);
#6863 = LINE('',#6864,#6865);
#6864 = CARTESIAN_POINT('',(5.221470794397,0.));
#6865 = VECTOR('',#6866,1.);
#6866 = DIRECTION('',(0.,1.));
#6867 = ( GEOMETRIC_REPRESENTATION_CONTEXT(2) 
PARAMETRIC_REPRESENTATION_CONTEXT() REPRESENTATION_CONTEXT('2D SPACE',''
  ) );
#6868 = ORIENTED_EDGE('',*,*,#6869,.T.);
#6869 = EDGE_CURVE('',#6840,#6759,#6870,.T.);
#6870 = SURFACE_CURVE('',#6871,(#6875,#6882),.PCURVE_S1.);
#6871 = LINE('',#6872,#6873);
#6872 = CARTESIAN_POINT('',(-9.558078085259,5.566731122869,
    57.48487901612));
#6873 = VECTOR('',#6874,1.);
#6874 = DIRECTION('',(-0.309016994375,0.823639103546,0.475528258148));
#6875 = PCURVE('',#6776,#6876);
#6876 = DEFINITIONAL_REPRESENTATION('',(#6877),#6881);
#6877 = LINE('',#6878,#6879);
#6878 = CARTESIAN_POINT('',(0.,-1.));
#6879 = VECTOR('',#6880,1.);
#6880 = DIRECTION('',(-1.,0.));
#6881 = ( GEOMETRIC_REPRESENTATION_CONTEXT(2) 
PARAMETRIC_REPRESENTATION_CONTEXT() REPRESENTATION_CONTEXT('2D SPACE',''
  ) );
#6882 = PCURVE('',#6883,#6888);
#6883 = PLANE('',#6884);
#6884 = AXIS2_PLACEMENT_3D('',#6885,#6886,#6887);
#6885 = CARTESIAN_POINT('',(-9.558078085259,5.566731122869,
    57.48487901612));
#6886 = DIRECTION('',(0.672498511964,0.54278688011,-0.503118429584));
#6887 = DIRECTION('',(-0.309016994375,0.823639103546,0.475528258148));
#6888 = DEFINITIONAL_REPRESENTATION('',(#6889),#6893);
#6889 = LINE('',#6890,#6891);
#6890 = CARTESIAN_POINT('',(0.,0.));
#6891 = VECTOR('',#6892,1.);
#6892 = DIRECTION('',(1.,5.551115123126E-17));
#6893 = ( GEOMETRIC_REPRESENTATION_CONTEXT(2) 
PARAMETRIC_REPRESENTATION_CONTEXT() REPRESENTATION_CONTEXT('2D SPACE',''
  ) );
#6894 = ORIENTED_EDGE('',*,*,#6758,.T.);
#6895 = ORIENTED_EDGE('',*,*,#6896,.F.);
#6896 = EDGE_CURVE('',#6842,#6761,#6897,.T.);
#6897 = SURFACE_CURVE('',#6898,(#6902,#6909),.PCURVE_S1.);
#6898 = LINE('',#6899,#6900);
#6899 = CARTESIAN_POINT('',(-9.558078085259,15.066731122869,
    41.030396344215));
#6900 = VECTOR('',#6901,1.);
#6901 = DIRECTION('',(-0.309016994375,0.823639103546,0.475528258148));
#6902 = PCURVE('',#6776,#6903);
#6903 = DEFINITIONAL_REPRESENTATION('',(#6904),#6908);
#6904 = LINE('',#6905,#6906);
#6905 = CARTESIAN_POINT('',(0.,-20.));
#6906 = VECTOR('',#6907,1.);
#6907 = DIRECTION('',(-1.,0.));
#6908 = ( GEOMETRIC_REPRESENTATION_CONTEXT(2) 
PARAMETRIC_REPRESENTATION_CONTEXT() REPRESENTATION_CONTEXT('2D SPACE',''
  ) );
#6909 = PCURVE('',#128,#6910);
#6910 = DEFINITIONAL_REPRESENTATION('',(#6911),#6915);
#6911 = LINE('',#6912,#6913);
#6912 = CARTESIAN_POINT('',(-9.558078085259,-16.34817265537));
#6913 = VECTOR('',#6914,1.);
#6914 = DIRECTION('',(-0.309016994375,0.951056516295));
#6915 = ( GEOMETRIC_REPRESENTATION_CONTEXT(2) 
PARAMETRIC_REPRESENTATION_CONTEXT() REPRESENTATION_CONTEXT('2D SPACE',''
  ) );
#6916 = ADVANCED_FACE('',(#6917),#6857,.T.);
#6917 = FACE_BOUND('',#6918,.T.);
#6918 = EDGE_LOOP('',(#6919,#6949,#6976,#6977));
#6919 = ORIENTED_EDGE('',*,*,#6920,.F.);
#6920 = EDGE_CURVE('',#6921,#6923,#6925,.T.);
#6921 = VERTEX_POINT('',#6922);
#6922 = CARTESIAN_POINT('',(-8.098504775865,4.568106460961,
    56.908322798748));
#6923 = VERTEX_POINT('',#6924);
#6924 = CARTESIAN_POINT('',(-8.098504775865,14.068106460961,
    40.453840126843));
#6925 = SURFACE_CURVE('',#6926,(#6930,#6937),.PCURVE_S1.);
#6926 = LINE('',#6927,#6928);
#6927 = CARTESIAN_POINT('',(-8.098504775865,4.068106460961,
    57.774348202532));
#6928 = VECTOR('',#6929,1.);
#6929 = DIRECTION('',(-5.947623346206E-16,0.5,-0.866025403784));
#6930 = PCURVE('',#6857,#6931);
#6931 = DEFINITIONAL_REPRESENTATION('',(#6932),#6936);
#6932 = LINE('',#6933,#6934);
#6933 = CARTESIAN_POINT('',(5.14578496245,0.));
#6934 = VECTOR('',#6935,1.);
#6935 = DIRECTION('',(0.,1.));
#6936 = ( GEOMETRIC_REPRESENTATION_CONTEXT(2) 
PARAMETRIC_REPRESENTATION_CONTEXT() REPRESENTATION_CONTEXT('2D SPACE',''
  ) );
#6937 = PCURVE('',#6938,#6943);
#6938 = PLANE('',#6939);
#6939 = AXIS2_PLACEMENT_3D('',#6940,#6941,#6942);
#6940 = CARTESIAN_POINT('',(-7.607852166402,4.206170566349,
    57.854059550943));
#6941 = DIRECTION('',(-0.309016994375,0.823639103546,0.475528258148));
#6942 = DIRECTION('',(-0.951056516295,-0.26761656733,-0.154508497187));
#6943 = DEFINITIONAL_REPRESENTATION('',(#6944),#6948);
#6944 = LINE('',#6945,#6946);
#6945 = CARTESIAN_POINT('',(0.515902684074,0.));
#6946 = VECTOR('',#6947,1.);
#6947 = DIRECTION('',(-0.,-1.));
#6948 = ( GEOMETRIC_REPRESENTATION_CONTEXT(2) 
PARAMETRIC_REPRESENTATION_CONTEXT() REPRESENTATION_CONTEXT('2D SPACE',''
  ) );
#6949 = ORIENTED_EDGE('',*,*,#6950,.F.);
#6950 = EDGE_CURVE('',#6840,#6921,#6951,.T.);
#6951 = SURFACE_CURVE('',#6952,(#6957,#6964),.PCURVE_S1.);
#6952 = CIRCLE('',#6953,19.284210105952);
#6953 = AXIS2_PLACEMENT_3D('',#6954,#6955,#6956);
#6954 = CARTESIAN_POINT('',(6.954437026252E-13,19.724663947882,
    65.658965343809));
#6955 = DIRECTION('',(5.947623346206E-16,-0.5,0.866025403784));
#6956 = DIRECTION('',(1.,2.973811673103E-16,-5.150792909956E-16));
#6957 = PCURVE('',#6857,#6958);
#6958 = DEFINITIONAL_REPRESENTATION('',(#6959),#6963);
#6959 = LINE('',#6960,#6961);
#6960 = CARTESIAN_POINT('',(9.424777960769,1.));
#6961 = VECTOR('',#6962,1.);
#6962 = DIRECTION('',(-1.,0.));
#6963 = ( GEOMETRIC_REPRESENTATION_CONTEXT(2) 
PARAMETRIC_REPRESENTATION_CONTEXT() REPRESENTATION_CONTEXT('2D SPACE',''
  ) );
#6964 = PCURVE('',#6965,#6970);
#6965 = CONICAL_SURFACE('',#6966,18.284210105952,0.785398163397);
#6966 = AXIS2_PLACEMENT_3D('',#6967,#6968,#6969);
#6967 = CARTESIAN_POINT('',(6.963318810449E-13,19.224663947882,
    66.524990747594));
#6968 = DIRECTION('',(-5.947623346206E-16,0.5,-0.866025403784));
#6969 = DIRECTION('',(-1.,-2.973811673103E-16,5.150792909956E-16));
#6970 = DEFINITIONAL_REPRESENTATION('',(#6971),#6975);
#6971 = LINE('',#6972,#6973);
#6972 = CARTESIAN_POINT('',(9.424777960769,1.));
#6973 = VECTOR('',#6974,1.);
#6974 = DIRECTION('',(-1.,0.));
#6975 = ( GEOMETRIC_REPRESENTATION_CONTEXT(2) 
PARAMETRIC_REPRESENTATION_CONTEXT() REPRESENTATION_CONTEXT('2D SPACE',''
  ) );
#6976 = ORIENTED_EDGE('',*,*,#6839,.T.);
#6977 = ORIENTED_EDGE('',*,*,#6978,.T.);
#6978 = EDGE_CURVE('',#6842,#6923,#6979,.T.);
#6979 = SURFACE_CURVE('',#6980,(#6985,#6992),.PCURVE_S1.);
#6980 = CIRCLE('',#6981,19.284210105952);
#6981 = AXIS2_PLACEMENT_3D('',#6982,#6983,#6984);
#6982 = CARTESIAN_POINT('',(6.838973831691E-13,29.224663947882,
    49.204482671905));
#6983 = DIRECTION('',(5.947623346206E-16,-0.5,0.866025403784));
#6984 = DIRECTION('',(1.,2.973811673103E-16,-5.150792909956E-16));
#6985 = PCURVE('',#6857,#6986);
#6986 = DEFINITIONAL_REPRESENTATION('',(#6987),#6991);
#6987 = LINE('',#6988,#6989);
#6988 = CARTESIAN_POINT('',(9.424777960769,20.));
#6989 = VECTOR('',#6990,1.);
#6990 = DIRECTION('',(-1.,0.));
#6991 = ( GEOMETRIC_REPRESENTATION_CONTEXT(2) 
PARAMETRIC_REPRESENTATION_CONTEXT() REPRESENTATION_CONTEXT('2D SPACE',''
  ) );
#6992 = PCURVE('',#128,#6993);
#6993 = DEFINITIONAL_REPRESENTATION('',(#6994),#6998);
#6994 = CIRCLE('',#6995,19.284210105952);
#6995 = AXIS2_PLACEMENT_2D('',#6996,#6997);
#6996 = CARTESIAN_POINT('',(6.847855615888E-13,1.310063169058E-12));
#6997 = DIRECTION('',(1.,0.));
#6998 = ( GEOMETRIC_REPRESENTATION_CONTEXT(2) 
PARAMETRIC_REPRESENTATION_CONTEXT() REPRESENTATION_CONTEXT('2D SPACE',''
  ) );
#6999 = ADVANCED_FACE('',(#7000),#6938,.F.);
#7000 = FACE_BOUND('',#7001,.T.);
#7001 = EDGE_LOOP('',(#7002,#7032,#7058,#7059));
#7002 = ORIENTED_EDGE('',*,*,#7003,.F.);
#7003 = EDGE_CURVE('',#7004,#7006,#7008,.T.);
#7004 = VERTEX_POINT('',#7005);
#7005 = CARTESIAN_POINT('',(-7.117199556939,4.844234671738,
    57.06774549557));
#7006 = VERTEX_POINT('',#7007);
#7007 = CARTESIAN_POINT('',(-7.117199556939,14.344234671738,
    40.613262823666));
#7008 = SURFACE_CURVE('',#7009,(#7013,#7020),.PCURVE_S1.);
#7009 = LINE('',#7010,#7011);
#7010 = CARTESIAN_POINT('',(-7.117199556939,4.344234671738,
    57.933770899355));
#7011 = VECTOR('',#7012,1.);
#7012 = DIRECTION('',(-5.947623346206E-16,0.5,-0.866025403784));
#7013 = PCURVE('',#6938,#7014);
#7014 = DEFINITIONAL_REPRESENTATION('',(#7015),#7019);
#7015 = LINE('',#7016,#7017);
#7016 = CARTESIAN_POINT('',(-0.515902684074,0.));
#7017 = VECTOR('',#7018,1.);
#7018 = DIRECTION('',(-0.,-1.));
#7019 = ( GEOMETRIC_REPRESENTATION_CONTEXT(2) 
PARAMETRIC_REPRESENTATION_CONTEXT() REPRESENTATION_CONTEXT('2D SPACE',''
  ) );
#7020 = PCURVE('',#7021,#7026);
#7021 = PLANE('',#7022);
#7022 = AXIS2_PLACEMENT_3D('',#7023,#7024,#7025);
#7023 = CARTESIAN_POINT('',(-6.882984639579,3.946146473042,
    57.703934570676));
#7024 = DIRECTION('',(-0.891006524188,-0.393167305851,-0.22699524987));
#7025 = DIRECTION('',(0.45399049974,-0.771634284885,-0.445503262094));
#7026 = DEFINITIONAL_REPRESENTATION('',(#7027),#7031);
#7027 = LINE('',#7028,#7029);
#7028 = CARTESIAN_POINT('',(-0.515902684074,0.));
#7029 = VECTOR('',#7030,1.);
#7030 = DIRECTION('',(0.,-1.));
#7031 = ( GEOMETRIC_REPRESENTATION_CONTEXT(2) 
PARAMETRIC_REPRESENTATION_CONTEXT() REPRESENTATION_CONTEXT('2D SPACE',''
  ) );
#7032 = ORIENTED_EDGE('',*,*,#7033,.T.);
#7033 = EDGE_CURVE('',#7004,#6921,#7034,.T.);
#7034 = SURFACE_CURVE('',#7035,(#7039,#7046),.PCURVE_S1.);
#7035 = LINE('',#7036,#7037);
#7036 = CARTESIAN_POINT('',(-8.098504775865,4.568106460961,
    56.908322798748));
#7037 = VECTOR('',#7038,1.);
#7038 = DIRECTION('',(-0.951056516295,-0.26761656733,-0.154508497187));
#7039 = PCURVE('',#6938,#7040);
#7040 = DEFINITIONAL_REPRESENTATION('',(#7041),#7045);
#7041 = LINE('',#7042,#7043);
#7042 = CARTESIAN_POINT('',(0.515902684074,-1.));
#7043 = VECTOR('',#7044,1.);
#7044 = DIRECTION('',(1.,0.));
#7045 = ( GEOMETRIC_REPRESENTATION_CONTEXT(2) 
PARAMETRIC_REPRESENTATION_CONTEXT() REPRESENTATION_CONTEXT('2D SPACE',''
  ) );
#7046 = PCURVE('',#7047,#7052);
#7047 = PLANE('',#7048);
#7048 = AXIS2_PLACEMENT_3D('',#7049,#7050,#7051);
#7049 = CARTESIAN_POINT('',(4.061143250113,8.400287144067,
    60.275533886101));
#7050 = DIRECTION('',(0.218508012224,-0.935954185961,0.276123179714));
#7051 = DIRECTION('',(-0.951056516295,-0.26761656733,-0.154508497187));
#7052 = DEFINITIONAL_REPRESENTATION('',(#7053),#7057);
#7053 = LINE('',#7054,#7055);
#7054 = CARTESIAN_POINT('',(13.110330255582,1.414213562373));
#7055 = VECTOR('',#7056,1.);
#7056 = DIRECTION('',(1.,1.942890293094E-16));
#7057 = ( GEOMETRIC_REPRESENTATION_CONTEXT(2) 
PARAMETRIC_REPRESENTATION_CONTEXT() REPRESENTATION_CONTEXT('2D SPACE',''
  ) );
#7058 = ORIENTED_EDGE('',*,*,#6920,.T.);
#7059 = ORIENTED_EDGE('',*,*,#7060,.T.);
#7060 = EDGE_CURVE('',#6923,#7006,#7061,.T.);
#7061 = SURFACE_CURVE('',#7062,(#7066,#7073),.PCURVE_S1.);
#7062 = LINE('',#7063,#7064);
#7063 = CARTESIAN_POINT('',(-7.607852166402,14.206170566349,
    40.533551475255));
#7064 = VECTOR('',#7065,1.);
#7065 = DIRECTION('',(0.951056516295,0.26761656733,0.154508497187));
#7066 = PCURVE('',#6938,#7067);
#7067 = DEFINITIONAL_REPRESENTATION('',(#7068),#7072);
#7068 = LINE('',#7069,#7070);
#7069 = CARTESIAN_POINT('',(-0.,-20.));
#7070 = VECTOR('',#7071,1.);
#7071 = DIRECTION('',(-1.,0.));
#7072 = ( GEOMETRIC_REPRESENTATION_CONTEXT(2) 
PARAMETRIC_REPRESENTATION_CONTEXT() REPRESENTATION_CONTEXT('2D SPACE',''
  ) );
#7073 = PCURVE('',#128,#7074);
#7074 = DEFINITIONAL_REPRESENTATION('',(#7075),#7079);
#7075 = LINE('',#7076,#7077);
#7076 = CARTESIAN_POINT('',(-7.607852166402,-17.3418623933));
#7077 = VECTOR('',#7078,1.);
#7078 = DIRECTION('',(0.951056516295,0.309016994375));
#7079 = ( GEOMETRIC_REPRESENTATION_CONTEXT(2) 
PARAMETRIC_REPRESENTATION_CONTEXT() REPRESENTATION_CONTEXT('2D SPACE',''
  ) );
#7080 = ADVANCED_FACE('',(#7081),#7021,.T.);
#7081 = FACE_BOUND('',#7082,.T.);
#7082 = EDGE_LOOP('',(#7083,#7113,#7139,#7140));
#7083 = ORIENTED_EDGE('',*,*,#7084,.F.);
#7084 = EDGE_CURVE('',#7085,#7087,#7089,.T.);
#7085 = VERTEX_POINT('',#7086);
#7086 = CARTESIAN_POINT('',(-6.648769722219,4.048058274346,
    56.608072838214));
#7087 = VERTEX_POINT('',#7088);
#7088 = CARTESIAN_POINT('',(-6.648769722219,13.548058274346,
    40.153590166309));
#7089 = SURFACE_CURVE('',#7090,(#7094,#7101),.PCURVE_S1.);
#7090 = LINE('',#7091,#7092);
#7091 = CARTESIAN_POINT('',(-6.648769722219,3.548058274346,
    57.474098241998));
#7092 = VECTOR('',#7093,1.);
#7093 = DIRECTION('',(-5.947623346206E-16,0.5,-0.866025403784));
#7094 = PCURVE('',#7021,#7095);
#7095 = DEFINITIONAL_REPRESENTATION('',(#7096),#7100);
#7096 = LINE('',#7097,#7098);
#7097 = CARTESIAN_POINT('',(0.515902684074,0.));
#7098 = VECTOR('',#7099,1.);
#7099 = DIRECTION('',(0.,-1.));
#7100 = ( GEOMETRIC_REPRESENTATION_CONTEXT(2) 
PARAMETRIC_REPRESENTATION_CONTEXT() REPRESENTATION_CONTEXT('2D SPACE',''
  ) );
#7101 = PCURVE('',#7102,#7107);
#7102 = CYLINDRICAL_SURFACE('',#7103,19.284210105952);
#7103 = AXIS2_PLACEMENT_3D('',#7104,#7105,#7106);
#7104 = CARTESIAN_POINT('',(5.071498776488E-13,19.224663947882,
    66.524990747594));
#7105 = DIRECTION('',(-5.947623346206E-16,0.5,-0.866025403784));
#7106 = DIRECTION('',(-1.,-2.973811673103E-16,5.150792909956E-16));
#7107 = DEFINITIONAL_REPRESENTATION('',(#7108),#7112);
#7108 = LINE('',#7109,#7110);
#7109 = CARTESIAN_POINT('',(5.064391161717,0.));
#7110 = VECTOR('',#7111,1.);
#7111 = DIRECTION('',(0.,1.));
#7112 = ( GEOMETRIC_REPRESENTATION_CONTEXT(2) 
PARAMETRIC_REPRESENTATION_CONTEXT() REPRESENTATION_CONTEXT('2D SPACE',''
  ) );
#7113 = ORIENTED_EDGE('',*,*,#7114,.T.);
#7114 = EDGE_CURVE('',#7085,#7004,#7115,.T.);
#7115 = SURFACE_CURVE('',#7116,(#7120,#7127),.PCURVE_S1.);
#7116 = LINE('',#7117,#7118);
#7117 = CARTESIAN_POINT('',(-6.882984639579,4.446146473042,
    56.837909166892));
#7118 = VECTOR('',#7119,1.);
#7119 = DIRECTION('',(-0.45399049974,0.771634284885,0.445503262094));
#7120 = PCURVE('',#7021,#7121);
#7121 = DEFINITIONAL_REPRESENTATION('',(#7122),#7126);
#7122 = LINE('',#7123,#7124);
#7123 = CARTESIAN_POINT('',(0.,-1.));
#7124 = VECTOR('',#7125,1.);
#7125 = DIRECTION('',(-1.,0.));
#7126 = ( GEOMETRIC_REPRESENTATION_CONTEXT(2) 
PARAMETRIC_REPRESENTATION_CONTEXT() REPRESENTATION_CONTEXT('2D SPACE',''
  ) );
#7127 = PCURVE('',#7128,#7133);
#7128 = PLANE('',#7129);
#7129 = AXIS2_PLACEMENT_3D('',#7130,#7131,#7132);
#7130 = CARTESIAN_POINT('',(-6.882984639579,4.446146473042,
    56.837909166892));
#7131 = DIRECTION('',(0.630036755335,0.631564658702,-0.451862555216));
#7132 = DIRECTION('',(-0.45399049974,0.771634284885,0.445503262094));
#7133 = DEFINITIONAL_REPRESENTATION('',(#7134),#7138);
#7134 = LINE('',#7135,#7136);
#7135 = CARTESIAN_POINT('',(0.,0.));
#7136 = VECTOR('',#7137,1.);
#7137 = DIRECTION('',(1.,1.665334536938E-16));
#7138 = ( GEOMETRIC_REPRESENTATION_CONTEXT(2) 
PARAMETRIC_REPRESENTATION_CONTEXT() REPRESENTATION_CONTEXT('2D SPACE',''
  ) );
#7139 = ORIENTED_EDGE('',*,*,#7003,.T.);
#7140 = ORIENTED_EDGE('',*,*,#7141,.F.);
#7141 = EDGE_CURVE('',#7087,#7006,#7142,.T.);
#7142 = SURFACE_CURVE('',#7143,(#7147,#7154),.PCURVE_S1.);
#7143 = LINE('',#7144,#7145);
#7144 = CARTESIAN_POINT('',(-6.882984639579,13.946146473042,
    40.383426494988));
#7145 = VECTOR('',#7146,1.);
#7146 = DIRECTION('',(-0.45399049974,0.771634284885,0.445503262094));
#7147 = PCURVE('',#7021,#7148);
#7148 = DEFINITIONAL_REPRESENTATION('',(#7149),#7153);
#7149 = LINE('',#7150,#7151);
#7150 = CARTESIAN_POINT('',(0.,-20.));
#7151 = VECTOR('',#7152,1.);
#7152 = DIRECTION('',(-1.,0.));
#7153 = ( GEOMETRIC_REPRESENTATION_CONTEXT(2) 
PARAMETRIC_REPRESENTATION_CONTEXT() REPRESENTATION_CONTEXT('2D SPACE',''
  ) );
#7154 = PCURVE('',#128,#7155);
#7155 = DEFINITIONAL_REPRESENTATION('',(#7156),#7160);
#7156 = LINE('',#7157,#7158);
#7157 = CARTESIAN_POINT('',(-6.882984639579,-17.64211235383));
#7158 = VECTOR('',#7159,1.);
#7159 = DIRECTION('',(-0.45399049974,0.891006524188));
#7160 = ( GEOMETRIC_REPRESENTATION_CONTEXT(2) 
PARAMETRIC_REPRESENTATION_CONTEXT() REPRESENTATION_CONTEXT('2D SPACE',''
  ) );
#7161 = ADVANCED_FACE('',(#7162),#7102,.T.);
#7162 = FACE_BOUND('',#7163,.T.);
#7163 = EDGE_LOOP('',(#7164,#7194,#7221,#7222));
#7164 = ORIENTED_EDGE('',*,*,#7165,.F.);
#7165 = EDGE_CURVE('',#7166,#7168,#7170,.T.);
#7166 = VERTEX_POINT('',#7167);
#7167 = CARTESIAN_POINT('',(-5.260994572786,3.657554013712,
    56.382615098217));
#7168 = VERTEX_POINT('',#7169);
#7169 = CARTESIAN_POINT('',(-5.260994572786,13.157554013712,
    39.928132426313));
#7170 = SURFACE_CURVE('',#7171,(#7175,#7182),.PCURVE_S1.);
#7171 = LINE('',#7172,#7173);
#7172 = CARTESIAN_POINT('',(-5.260994572786,3.157554013712,
    57.248640502002));
#7173 = VECTOR('',#7174,1.);
#7174 = DIRECTION('',(-5.947623346206E-16,0.5,-0.866025403784));
#7175 = PCURVE('',#7102,#7176);
#7176 = DEFINITIONAL_REPRESENTATION('',(#7177),#7181);
#7177 = LINE('',#7178,#7179);
#7178 = CARTESIAN_POINT('',(4.98870532977,0.));
#7179 = VECTOR('',#7180,1.);
#7180 = DIRECTION('',(0.,1.));
#7181 = ( GEOMETRIC_REPRESENTATION_CONTEXT(2) 
PARAMETRIC_REPRESENTATION_CONTEXT() REPRESENTATION_CONTEXT('2D SPACE',''
  ) );
#7182 = PCURVE('',#7183,#7188);
#7183 = PLANE('',#7184);
#7184 = AXIS2_PLACEMENT_3D('',#7185,#7186,#7187);
#7185 = CARTESIAN_POINT('',(-4.801321915429,3.360390082091,
    57.365747960681));
#7186 = DIRECTION('',(-0.45399049974,0.771634284885,0.445503262094));
#7187 = DIRECTION('',(-0.891006524188,-0.393167305851,-0.22699524987));
#7188 = DEFINITIONAL_REPRESENTATION('',(#7189),#7193);
#7189 = LINE('',#7190,#7191);
#7190 = CARTESIAN_POINT('',(0.515902684074,0.));
#7191 = VECTOR('',#7192,1.);
#7192 = DIRECTION('',(-0.,-1.));
#7193 = ( GEOMETRIC_REPRESENTATION_CONTEXT(2) 
PARAMETRIC_REPRESENTATION_CONTEXT() REPRESENTATION_CONTEXT('2D SPACE',''
  ) );
#7194 = ORIENTED_EDGE('',*,*,#7195,.F.);
#7195 = EDGE_CURVE('',#7085,#7166,#7196,.T.);
#7196 = SURFACE_CURVE('',#7197,(#7202,#7209),.PCURVE_S1.);
#7197 = CIRCLE('',#7198,19.284210105952);
#7198 = AXIS2_PLACEMENT_3D('',#7199,#7200,#7201);
#7199 = CARTESIAN_POINT('',(5.062616992291E-13,19.724663947882,
    65.65896534381));
#7200 = DIRECTION('',(5.947623346206E-16,-0.5,0.866025403784));
#7201 = DIRECTION('',(1.,2.973811673103E-16,-5.150792909956E-16));
#7202 = PCURVE('',#7102,#7203);
#7203 = DEFINITIONAL_REPRESENTATION('',(#7204),#7208);
#7204 = LINE('',#7205,#7206);
#7205 = CARTESIAN_POINT('',(9.424777960769,1.));
#7206 = VECTOR('',#7207,1.);
#7207 = DIRECTION('',(-1.,0.));
#7208 = ( GEOMETRIC_REPRESENTATION_CONTEXT(2) 
PARAMETRIC_REPRESENTATION_CONTEXT() REPRESENTATION_CONTEXT('2D SPACE',''
  ) );
#7209 = PCURVE('',#7210,#7215);
#7210 = CONICAL_SURFACE('',#7211,18.284210105952,0.785398163397);
#7211 = AXIS2_PLACEMENT_3D('',#7212,#7213,#7214);
#7212 = CARTESIAN_POINT('',(5.071498776488E-13,19.224663947882,
    66.524990747594));
#7213 = DIRECTION('',(-5.947623346206E-16,0.5,-0.866025403784));
#7214 = DIRECTION('',(-1.,-2.973811673103E-16,5.150792909956E-16));
#7215 = DEFINITIONAL_REPRESENTATION('',(#7216),#7220);
#7216 = LINE('',#7217,#7218);
#7217 = CARTESIAN_POINT('',(9.424777960769,1.));
#7218 = VECTOR('',#7219,1.);
#7219 = DIRECTION('',(-1.,-2.489383946701E-14));
#7220 = ( GEOMETRIC_REPRESENTATION_CONTEXT(2) 
PARAMETRIC_REPRESENTATION_CONTEXT() REPRESENTATION_CONTEXT('2D SPACE',''
  ) );
#7221 = ORIENTED_EDGE('',*,*,#7084,.T.);
#7222 = ORIENTED_EDGE('',*,*,#7223,.T.);
#7223 = EDGE_CURVE('',#7087,#7168,#7224,.T.);
#7224 = SURFACE_CURVE('',#7225,(#7230,#7237),.PCURVE_S1.);
#7225 = CIRCLE('',#7226,19.284210105952);
#7226 = AXIS2_PLACEMENT_3D('',#7227,#7228,#7229);
#7227 = CARTESIAN_POINT('',(4.94715379773E-13,29.224663947882,
    49.204482671905));
#7228 = DIRECTION('',(5.947623346206E-16,-0.5,0.866025403784));
#7229 = DIRECTION('',(1.,2.973811673103E-16,-5.150792909956E-16));
#7230 = PCURVE('',#7102,#7231);
#7231 = DEFINITIONAL_REPRESENTATION('',(#7232),#7236);
#7232 = LINE('',#7233,#7234);
#7233 = CARTESIAN_POINT('',(9.424777960769,20.));
#7234 = VECTOR('',#7235,1.);
#7235 = DIRECTION('',(-1.,0.));
#7236 = ( GEOMETRIC_REPRESENTATION_CONTEXT(2) 
PARAMETRIC_REPRESENTATION_CONTEXT() REPRESENTATION_CONTEXT('2D SPACE',''
  ) );
#7237 = PCURVE('',#128,#7238);
#7238 = DEFINITIONAL_REPRESENTATION('',(#7239),#7243);
#7239 = CIRCLE('',#7240,19.284210105952);
#7240 = AXIS2_PLACEMENT_2D('',#7241,#7242);
#7241 = CARTESIAN_POINT('',(4.956035581927E-13,1.833200258261E-12));
#7242 = DIRECTION('',(1.,0.));
#7243 = ( GEOMETRIC_REPRESENTATION_CONTEXT(2) 
PARAMETRIC_REPRESENTATION_CONTEXT() REPRESENTATION_CONTEXT('2D SPACE',''
  ) );
#7244 = ADVANCED_FACE('',(#7245),#7183,.F.);
#7245 = FACE_BOUND('',#7246,.T.);
#7246 = EDGE_LOOP('',(#7247,#7277,#7303,#7304));
#7247 = ORIENTED_EDGE('',*,*,#7248,.F.);
#7248 = EDGE_CURVE('',#7249,#7251,#7253,.T.);
#7249 = VERTEX_POINT('',#7250);
#7250 = CARTESIAN_POINT('',(-4.341649258073,4.06322615047,
    56.616830015577));
#7251 = VERTEX_POINT('',#7252);
#7252 = CARTESIAN_POINT('',(-4.341649258073,13.56322615047,
    40.162347343673));
#7253 = SURFACE_CURVE('',#7254,(#7258,#7265),.PCURVE_S1.);
#7254 = LINE('',#7255,#7256);
#7255 = CARTESIAN_POINT('',(-4.341649258073,3.56322615047,
    57.482855419361));
#7256 = VECTOR('',#7257,1.);
#7257 = DIRECTION('',(-5.947623346206E-16,0.5,-0.866025403784));
#7258 = PCURVE('',#7183,#7259);
#7259 = DEFINITIONAL_REPRESENTATION('',(#7260),#7264);
#7260 = LINE('',#7261,#7262);
#7261 = CARTESIAN_POINT('',(-0.515902684074,0.));
#7262 = VECTOR('',#7263,1.);
#7263 = DIRECTION('',(-0.,-1.));
#7264 = ( GEOMETRIC_REPRESENTATION_CONTEXT(2) 
PARAMETRIC_REPRESENTATION_CONTEXT() REPRESENTATION_CONTEXT('2D SPACE',''
  ) );
#7265 = PCURVE('',#7266,#7271);
#7266 = PLANE('',#7267);
#7267 = AXIS2_PLACEMENT_3D('',#7268,#7269,#7270);
#7268 = CARTESIAN_POINT('',(-4.038409268756,3.201769629937,
    57.274168399932));
#7269 = DIRECTION('',(-0.809016994375,-0.509036960455,-0.293892626146));
#7270 = DIRECTION('',(0.587785252292,-0.700629269222,-0.404508497187));
#7271 = DEFINITIONAL_REPRESENTATION('',(#7272),#7276);
#7272 = LINE('',#7273,#7274);
#7273 = CARTESIAN_POINT('',(-0.515902684074,0.));
#7274 = VECTOR('',#7275,1.);
#7275 = DIRECTION('',(0.,-1.));
#7276 = ( GEOMETRIC_REPRESENTATION_CONTEXT(2) 
PARAMETRIC_REPRESENTATION_CONTEXT() REPRESENTATION_CONTEXT('2D SPACE',''
  ) );
#7277 = ORIENTED_EDGE('',*,*,#7278,.T.);
#7278 = EDGE_CURVE('',#7249,#7166,#7279,.T.);
#7279 = SURFACE_CURVE('',#7280,(#7284,#7291),.PCURVE_S1.);
#7280 = LINE('',#7281,#7282);
#7281 = CARTESIAN_POINT('',(-5.260994572786,3.657554013712,
    56.382615098217));
#7282 = VECTOR('',#7283,1.);
#7283 = DIRECTION('',(-0.891006524188,-0.393167305851,-0.22699524987));
#7284 = PCURVE('',#7183,#7285);
#7285 = DEFINITIONAL_REPRESENTATION('',(#7286),#7290);
#7286 = LINE('',#7287,#7288);
#7287 = CARTESIAN_POINT('',(0.515902684074,-1.));
#7288 = VECTOR('',#7289,1.);
#7289 = DIRECTION('',(1.,0.));
#7290 = ( GEOMETRIC_REPRESENTATION_CONTEXT(2) 
PARAMETRIC_REPRESENTATION_CONTEXT() REPRESENTATION_CONTEXT('2D SPACE',''
  ) );
#7291 = PCURVE('',#7292,#7297);
#7292 = PLANE('',#7293);
#7293 = AXIS2_PLACEMENT_3D('',#7294,#7295,#7296);
#7294 = CARTESIAN_POINT('',(5.966404719463,9.083741524004,
    60.670126456337));
#7295 = DIRECTION('',(0.32101976096,-0.899181226031,0.297354058028));
#7296 = DIRECTION('',(-0.891006524188,-0.393167305851,-0.22699524987));
#7297 = DEFINITIONAL_REPRESENTATION('',(#7298),#7302);
#7298 = LINE('',#7299,#7300);
#7299 = CARTESIAN_POINT('',(13.110330255582,1.414213562373));
#7300 = VECTOR('',#7301,1.);
#7301 = DIRECTION('',(1.,1.665334536938E-16));
#7302 = ( GEOMETRIC_REPRESENTATION_CONTEXT(2) 
PARAMETRIC_REPRESENTATION_CONTEXT() REPRESENTATION_CONTEXT('2D SPACE',''
  ) );
#7303 = ORIENTED_EDGE('',*,*,#7165,.T.);
#7304 = ORIENTED_EDGE('',*,*,#7305,.T.);
#7305 = EDGE_CURVE('',#7168,#7251,#7306,.T.);
#7306 = SURFACE_CURVE('',#7307,(#7311,#7318),.PCURVE_S1.);
#7307 = LINE('',#7308,#7309);
#7308 = CARTESIAN_POINT('',(-4.801321915429,13.360390082091,
    40.045239884993));
#7309 = VECTOR('',#7310,1.);
#7310 = DIRECTION('',(0.891006524188,0.393167305851,0.22699524987));
#7311 = PCURVE('',#7183,#7312);
#7312 = DEFINITIONAL_REPRESENTATION('',(#7313),#7317);
#7313 = LINE('',#7314,#7315);
#7314 = CARTESIAN_POINT('',(-0.,-20.));
#7315 = VECTOR('',#7316,1.);
#7316 = DIRECTION('',(-1.,0.));
#7317 = ( GEOMETRIC_REPRESENTATION_CONTEXT(2) 
PARAMETRIC_REPRESENTATION_CONTEXT() REPRESENTATION_CONTEXT('2D SPACE',''
  ) );
#7318 = PCURVE('',#128,#7319);
#7319 = DEFINITIONAL_REPRESENTATION('',(#7320),#7324);
#7320 = LINE('',#7321,#7322);
#7321 = CARTESIAN_POINT('',(-4.801321915429,-18.31848557382));
#7322 = VECTOR('',#7323,1.);
#7323 = DIRECTION('',(0.891006524188,0.45399049974));
#7324 = ( GEOMETRIC_REPRESENTATION_CONTEXT(2) 
PARAMETRIC_REPRESENTATION_CONTEXT() REPRESENTATION_CONTEXT('2D SPACE',''
  ) );
#7325 = ADVANCED_FACE('',(#7326),#7266,.T.);
#7326 = FACE_BOUND('',#7327,.T.);
#7327 = EDGE_LOOP('',(#7328,#7358,#7384,#7385));
#7328 = ORIENTED_EDGE('',*,*,#7329,.F.);
#7329 = EDGE_CURVE('',#7330,#7332,#7334,.T.);
#7330 = VERTEX_POINT('',#7331);
#7331 = CARTESIAN_POINT('',(-3.735169279439,3.340313109404,
    56.199455976717));
#7332 = VERTEX_POINT('',#7333);
#7333 = CARTESIAN_POINT('',(-3.735169279439,12.840313109404,
    39.744973304813));
#7334 = SURFACE_CURVE('',#7335,(#7339,#7346),.PCURVE_S1.);
#7335 = LINE('',#7336,#7337);
#7336 = CARTESIAN_POINT('',(-3.735169279439,2.840313109404,
    57.065481380502));
#7337 = VECTOR('',#7338,1.);
#7338 = DIRECTION('',(-5.947623346206E-16,0.5,-0.866025403784));
#7339 = PCURVE('',#7266,#7340);
#7340 = DEFINITIONAL_REPRESENTATION('',(#7341),#7345);
#7341 = LINE('',#7342,#7343);
#7342 = CARTESIAN_POINT('',(0.515902684074,0.));
#7343 = VECTOR('',#7344,1.);
#7344 = DIRECTION('',(0.,-1.));
#7345 = ( GEOMETRIC_REPRESENTATION_CONTEXT(2) 
PARAMETRIC_REPRESENTATION_CONTEXT() REPRESENTATION_CONTEXT('2D SPACE',''
  ) );
#7346 = PCURVE('',#7347,#7352);
#7347 = CYLINDRICAL_SURFACE('',#7348,19.284210105953);
#7348 = AXIS2_PLACEMENT_3D('',#7349,#7350,#7351);
#7349 = CARTESIAN_POINT('',(5.151434834261E-13,19.224663947883,
    66.524990747595));
#7350 = DIRECTION('',(-5.947623346206E-16,0.5,-0.866025403784));
#7351 = DIRECTION('',(-1.,-2.973811673103E-16,5.150792909956E-16));
#7352 = DEFINITIONAL_REPRESENTATION('',(#7353),#7357);
#7353 = LINE('',#7354,#7355);
#7354 = CARTESIAN_POINT('',(4.907311529038,0.));
#7355 = VECTOR('',#7356,1.);
#7356 = DIRECTION('',(0.,1.));
#7357 = ( GEOMETRIC_REPRESENTATION_CONTEXT(2) 
PARAMETRIC_REPRESENTATION_CONTEXT() REPRESENTATION_CONTEXT('2D SPACE',''
  ) );
#7358 = ORIENTED_EDGE('',*,*,#7359,.T.);
#7359 = EDGE_CURVE('',#7330,#7249,#7360,.T.);
#7360 = SURFACE_CURVE('',#7361,(#7365,#7372),.PCURVE_S1.);
#7361 = LINE('',#7362,#7363);
#7362 = CARTESIAN_POINT('',(-4.038409268756,3.701769629937,
    56.408142996147));
#7363 = VECTOR('',#7364,1.);
#7364 = DIRECTION('',(-0.587785252292,0.700629269222,0.404508497187));
#7365 = PCURVE('',#7266,#7366);
#7366 = DEFINITIONAL_REPRESENTATION('',(#7367),#7371);
#7367 = LINE('',#7368,#7369);
#7368 = CARTESIAN_POINT('',(0.,-1.));
#7369 = VECTOR('',#7370,1.);
#7370 = DIRECTION('',(-1.,0.));
#7371 = ( GEOMETRIC_REPRESENTATION_CONTEXT(2) 
PARAMETRIC_REPRESENTATION_CONTEXT() REPRESENTATION_CONTEXT('2D SPACE',''
  ) );
#7372 = PCURVE('',#7373,#7378);
#7373 = PLANE('',#7374);
#7374 = AXIS2_PLACEMENT_3D('',#7375,#7376,#7377);
#7375 = CARTESIAN_POINT('',(-4.038409268756,3.701769629937,
    56.408142996147));
#7376 = DIRECTION('',(0.572061402818,0.713496877206,-0.404558966807));
#7377 = DIRECTION('',(-0.587785252292,0.700629269222,0.404508497187));
#7378 = DEFINITIONAL_REPRESENTATION('',(#7379),#7383);
#7379 = LINE('',#7380,#7381);
#7380 = CARTESIAN_POINT('',(0.,0.));
#7381 = VECTOR('',#7382,1.);
#7382 = DIRECTION('',(1.,2.498001805407E-16));
#7383 = ( GEOMETRIC_REPRESENTATION_CONTEXT(2) 
PARAMETRIC_REPRESENTATION_CONTEXT() REPRESENTATION_CONTEXT('2D SPACE',''
  ) );
#7384 = ORIENTED_EDGE('',*,*,#7248,.T.);
#7385 = ORIENTED_EDGE('',*,*,#7386,.F.);
#7386 = EDGE_CURVE('',#7332,#7251,#7387,.T.);
#7387 = SURFACE_CURVE('',#7388,(#7392,#7399),.PCURVE_S1.);
#7388 = LINE('',#7389,#7390);
#7389 = CARTESIAN_POINT('',(-4.038409268756,13.201769629937,
    39.953660324243));
#7390 = VECTOR('',#7391,1.);
#7391 = DIRECTION('',(-0.587785252292,0.700629269222,0.404508497187));
#7392 = PCURVE('',#7266,#7393);
#7393 = DEFINITIONAL_REPRESENTATION('',(#7394),#7398);
#7394 = LINE('',#7395,#7396);
#7395 = CARTESIAN_POINT('',(0.,-20.));
#7396 = VECTOR('',#7397,1.);
#7397 = DIRECTION('',(-1.,0.));
#7398 = ( GEOMETRIC_REPRESENTATION_CONTEXT(2) 
PARAMETRIC_REPRESENTATION_CONTEXT() REPRESENTATION_CONTEXT('2D SPACE',''
  ) );
#7399 = PCURVE('',#128,#7400);
#7400 = DEFINITIONAL_REPRESENTATION('',(#7401),#7405);
#7401 = LINE('',#7402,#7403);
#7402 = CARTESIAN_POINT('',(-4.038409268756,-18.50164469532));
#7403 = VECTOR('',#7404,1.);
#7404 = DIRECTION('',(-0.587785252292,0.809016994375));
#7405 = ( GEOMETRIC_REPRESENTATION_CONTEXT(2) 
PARAMETRIC_REPRESENTATION_CONTEXT() REPRESENTATION_CONTEXT('2D SPACE',''
  ) );
#7406 = ADVANCED_FACE('',(#7407),#7347,.T.);
#7407 = FACE_BOUND('',#7408,.T.);
#7408 = EDGE_LOOP('',(#7409,#7439,#7466,#7467));
#7409 = ORIENTED_EDGE('',*,*,#7410,.F.);
#7410 = EDGE_CURVE('',#7411,#7413,#7415,.T.);
#7411 = VERTEX_POINT('',#7412);
#7412 = CARTESIAN_POINT('',(-2.293941223085,3.142627136723,
    56.085321927174));
#7413 = VERTEX_POINT('',#7414);
#7414 = CARTESIAN_POINT('',(-2.293941223085,12.642627136723,
    39.63083925527));
#7415 = SURFACE_CURVE('',#7416,(#7420,#7427),.PCURVE_S1.);
#7416 = LINE('',#7417,#7418);
#7417 = CARTESIAN_POINT('',(-2.293941223085,2.642627136723,
    56.951347330959));
#7418 = VECTOR('',#7419,1.);
#7419 = DIRECTION('',(-5.947623346206E-16,0.5,-0.866025403784));
#7420 = PCURVE('',#7347,#7421);
#7421 = DEFINITIONAL_REPRESENTATION('',(#7422),#7426);
#7422 = LINE('',#7423,#7424);
#7423 = CARTESIAN_POINT('',(4.831625697091,0.));
#7424 = VECTOR('',#7425,1.);
#7425 = DIRECTION('',(0.,1.));
#7426 = ( GEOMETRIC_REPRESENTATION_CONTEXT(2) 
PARAMETRIC_REPRESENTATION_CONTEXT() REPRESENTATION_CONTEXT('2D SPACE',''
  ) );
#7427 = PCURVE('',#7428,#7433);
#7428 = PLANE('',#7429);
#7429 = AXIS2_PLACEMENT_3D('',#7430,#7431,#7432);
#7430 = CARTESIAN_POINT('',(-1.876567184225,2.905240670915,
    57.102967325617));
#7431 = DIRECTION('',(-0.587785252292,0.700629269222,0.404508497187));
#7432 = DIRECTION('',(-0.809016994375,-0.509036960455,-0.293892626146));
#7433 = DEFINITIONAL_REPRESENTATION('',(#7434),#7438);
#7434 = LINE('',#7435,#7436);
#7435 = CARTESIAN_POINT('',(0.515902684074,0.));
#7436 = VECTOR('',#7437,1.);
#7437 = DIRECTION('',(-0.,-1.));
#7438 = ( GEOMETRIC_REPRESENTATION_CONTEXT(2) 
PARAMETRIC_REPRESENTATION_CONTEXT() REPRESENTATION_CONTEXT('2D SPACE',''
  ) );
#7439 = ORIENTED_EDGE('',*,*,#7440,.F.);
#7440 = EDGE_CURVE('',#7330,#7411,#7441,.T.);
#7441 = SURFACE_CURVE('',#7442,(#7447,#7454),.PCURVE_S1.);
#7442 = CIRCLE('',#7443,19.284210105953);
#7443 = AXIS2_PLACEMENT_3D('',#7444,#7445,#7446);
#7444 = CARTESIAN_POINT('',(5.142553050064E-13,19.724663947883,
    65.65896534381));
#7445 = DIRECTION('',(5.947623346206E-16,-0.5,0.866025403784));
#7446 = DIRECTION('',(1.,2.973811673103E-16,-5.150792909956E-16));
#7447 = PCURVE('',#7347,#7448);
#7448 = DEFINITIONAL_REPRESENTATION('',(#7449),#7453);
#7449 = LINE('',#7450,#7451);
#7450 = CARTESIAN_POINT('',(9.424777960769,1.));
#7451 = VECTOR('',#7452,1.);
#7452 = DIRECTION('',(-1.,0.));
#7453 = ( GEOMETRIC_REPRESENTATION_CONTEXT(2) 
PARAMETRIC_REPRESENTATION_CONTEXT() REPRESENTATION_CONTEXT('2D SPACE',''
  ) );
#7454 = PCURVE('',#7455,#7460);
#7455 = CONICAL_SURFACE('',#7456,18.284210105953,0.785398163397);
#7456 = AXIS2_PLACEMENT_3D('',#7457,#7458,#7459);
#7457 = CARTESIAN_POINT('',(5.151434834261E-13,19.224663947883,
    66.524990747595));
#7458 = DIRECTION('',(-5.947623346206E-16,0.5,-0.866025403784));
#7459 = DIRECTION('',(-1.,-2.973811673103E-16,5.150792909956E-16));
#7460 = DEFINITIONAL_REPRESENTATION('',(#7461),#7465);
#7461 = LINE('',#7462,#7463);
#7462 = CARTESIAN_POINT('',(9.424777960769,1.));
#7463 = VECTOR('',#7464,1.);
#7464 = DIRECTION('',(-1.,0.));
#7465 = ( GEOMETRIC_REPRESENTATION_CONTEXT(2) 
PARAMETRIC_REPRESENTATION_CONTEXT() REPRESENTATION_CONTEXT('2D SPACE',''
  ) );
#7466 = ORIENTED_EDGE('',*,*,#7329,.T.);
#7467 = ORIENTED_EDGE('',*,*,#7468,.T.);
#7468 = EDGE_CURVE('',#7332,#7413,#7469,.T.);
#7469 = SURFACE_CURVE('',#7470,(#7475,#7482),.PCURVE_S1.);
#7470 = CIRCLE('',#7471,19.284210105953);
#7471 = AXIS2_PLACEMENT_3D('',#7472,#7473,#7474);
#7472 = CARTESIAN_POINT('',(5.027089855503E-13,29.224663947883,
    49.204482671906));
#7473 = DIRECTION('',(5.947623346206E-16,-0.5,0.866025403784));
#7474 = DIRECTION('',(1.,2.973811673103E-16,-5.150792909956E-16));
#7475 = PCURVE('',#7347,#7476);
#7476 = DEFINITIONAL_REPRESENTATION('',(#7477),#7481);
#7477 = LINE('',#7478,#7479);
#7478 = CARTESIAN_POINT('',(9.424777960769,20.));
#7479 = VECTOR('',#7480,1.);
#7480 = DIRECTION('',(-1.,0.));
#7481 = ( GEOMETRIC_REPRESENTATION_CONTEXT(2) 
PARAMETRIC_REPRESENTATION_CONTEXT() REPRESENTATION_CONTEXT('2D SPACE',''
  ) );
#7482 = PCURVE('',#128,#7483);
#7483 = DEFINITIONAL_REPRESENTATION('',(#7484),#7488);
#7484 = CIRCLE('',#7485,19.284210105953);
#7485 = AXIS2_PLACEMENT_2D('',#7486,#7487);
#7486 = CARTESIAN_POINT('',(5.0359716397E-13,2.895461648222E-12));
#7487 = DIRECTION('',(1.,0.));
#7488 = ( GEOMETRIC_REPRESENTATION_CONTEXT(2) 
PARAMETRIC_REPRESENTATION_CONTEXT() REPRESENTATION_CONTEXT('2D SPACE',''
  ) );
#7489 = ADVANCED_FACE('',(#7490),#7428,.F.);
#7490 = FACE_BOUND('',#7491,.T.);
#7491 = EDGE_LOOP('',(#7492,#7522,#7548,#7549));
#7492 = ORIENTED_EDGE('',*,*,#7493,.F.);
#7493 = EDGE_CURVE('',#7494,#7496,#7498,.T.);
#7494 = VERTEX_POINT('',#7495);
#7495 = CARTESIAN_POINT('',(-1.459193145365,3.667854205106,
    56.388561916491));
#7496 = VERTEX_POINT('',#7497);
#7497 = CARTESIAN_POINT('',(-1.459193145365,13.167854205106,
    39.934079244587));
#7498 = SURFACE_CURVE('',#7499,(#7503,#7510),.PCURVE_S1.);
#7499 = LINE('',#7500,#7501);
#7500 = CARTESIAN_POINT('',(-1.459193145365,3.167854205106,
    57.254587320276));
#7501 = VECTOR('',#7502,1.);
#7502 = DIRECTION('',(-5.947623346206E-16,0.5,-0.866025403784));
#7503 = PCURVE('',#7428,#7504);
#7504 = DEFINITIONAL_REPRESENTATION('',(#7505),#7509);
#7505 = LINE('',#7506,#7507);
#7506 = CARTESIAN_POINT('',(-0.515902684074,0.));
#7507 = VECTOR('',#7508,1.);
#7508 = DIRECTION('',(-0.,-1.));
#7509 = ( GEOMETRIC_REPRESENTATION_CONTEXT(2) 
PARAMETRIC_REPRESENTATION_CONTEXT() REPRESENTATION_CONTEXT('2D SPACE',''
  ) );
#7510 = PCURVE('',#7511,#7516);
#7511 = PLANE('',#7512);
#7512 = AXIS2_PLACEMENT_3D('',#7513,#7514,#7515);
#7513 = CARTESIAN_POINT('',(-1.094394859024,2.851929621878,
    57.072188177105));
#7514 = DIRECTION('',(-0.707106781187,-0.612372435696,-0.353553390593));
#7515 = DIRECTION('',(0.707106781187,-0.612372435696,-0.353553390593));
#7516 = DEFINITIONAL_REPRESENTATION('',(#7517),#7521);
#7517 = LINE('',#7518,#7519);
#7518 = CARTESIAN_POINT('',(-0.515902684074,0.));
#7519 = VECTOR('',#7520,1.);
#7520 = DIRECTION('',(0.,-1.));
#7521 = ( GEOMETRIC_REPRESENTATION_CONTEXT(2) 
PARAMETRIC_REPRESENTATION_CONTEXT() REPRESENTATION_CONTEXT('2D SPACE',''
  ) );
#7522 = ORIENTED_EDGE('',*,*,#7523,.T.);
#7523 = EDGE_CURVE('',#7494,#7411,#7524,.T.);
#7524 = SURFACE_CURVE('',#7525,(#7529,#7536),.PCURVE_S1.);
#7525 = LINE('',#7526,#7527);
#7526 = CARTESIAN_POINT('',(-2.293941223085,3.142627136723,
    56.085321927174));
#7527 = VECTOR('',#7528,1.);
#7528 = DIRECTION('',(-0.809016994375,-0.509036960455,-0.293892626146));
#7529 = PCURVE('',#7428,#7530);
#7530 = DEFINITIONAL_REPRESENTATION('',(#7531),#7535);
#7531 = LINE('',#7532,#7533);
#7532 = CARTESIAN_POINT('',(0.515902684074,-1.));
#7533 = VECTOR('',#7534,1.);
#7534 = DIRECTION('',(1.,0.));
#7535 = ( GEOMETRIC_REPRESENTATION_CONTEXT(2) 
PARAMETRIC_REPRESENTATION_CONTEXT() REPRESENTATION_CONTEXT('2D SPACE',''
  ) );
#7536 = PCURVE('',#7537,#7542);
#7537 = PLANE('',#7538);
#7538 = AXIS2_PLACEMENT_3D('',#7539,#7540,#7541);
#7539 = CARTESIAN_POINT('',(7.724753503257,10.016899069809,
    61.208885216604));
#7540 = DIRECTION('',(0.415626937777,-0.848973097958,0.326341734287));
#7541 = DIRECTION('',(-0.809016994375,-0.509036960455,-0.293892626146));
#7542 = DEFINITIONAL_REPRESENTATION('',(#7543),#7547);
#7543 = LINE('',#7544,#7545);
#7544 = CARTESIAN_POINT('',(13.110330255582,1.414213562373));
#7545 = VECTOR('',#7546,1.);
#7546 = DIRECTION('',(1.,3.053113317719E-16));
#7547 = ( GEOMETRIC_REPRESENTATION_CONTEXT(2) 
PARAMETRIC_REPRESENTATION_CONTEXT() REPRESENTATION_CONTEXT('2D SPACE',''
  ) );
#7548 = ORIENTED_EDGE('',*,*,#7410,.T.);
#7549 = ORIENTED_EDGE('',*,*,#7550,.T.);
#7550 = EDGE_CURVE('',#7413,#7496,#7551,.T.);
#7551 = SURFACE_CURVE('',#7552,(#7556,#7563),.PCURVE_S1.);
#7552 = LINE('',#7553,#7554);
#7553 = CARTESIAN_POINT('',(-1.876567184225,12.905240670915,
    39.782459249929));
#7554 = VECTOR('',#7555,1.);
#7555 = DIRECTION('',(0.809016994375,0.509036960455,0.293892626146));
#7556 = PCURVE('',#7428,#7557);
#7557 = DEFINITIONAL_REPRESENTATION('',(#7558),#7562);
#7558 = LINE('',#7559,#7560);
#7559 = CARTESIAN_POINT('',(-0.,-20.));
#7560 = VECTOR('',#7561,1.);
#7561 = DIRECTION('',(-1.,0.));
#7562 = ( GEOMETRIC_REPRESENTATION_CONTEXT(2) 
PARAMETRIC_REPRESENTATION_CONTEXT() REPRESENTATION_CONTEXT('2D SPACE',''
  ) );
#7563 = PCURVE('',#128,#7564);
#7564 = DEFINITIONAL_REPRESENTATION('',(#7565),#7569);
#7565 = LINE('',#7566,#7567);
#7566 = CARTESIAN_POINT('',(-1.876567184225,-18.84404684395));
#7567 = VECTOR('',#7568,1.);
#7568 = DIRECTION('',(0.809016994375,0.587785252292));
#7569 = ( GEOMETRIC_REPRESENTATION_CONTEXT(2) 
PARAMETRIC_REPRESENTATION_CONTEXT() REPRESENTATION_CONTEXT('2D SPACE',''
  ) );
#7570 = ADVANCED_FACE('',(#7571),#7511,.T.);
#7571 = FACE_BOUND('',#7572,.T.);
#7572 = EDGE_LOOP('',(#7573,#7603,#7629,#7630));
#7573 = ORIENTED_EDGE('',*,*,#7574,.F.);
#7574 = EDGE_CURVE('',#7575,#7577,#7579,.T.);
#7575 = VERTEX_POINT('',#7576);
#7576 = CARTESIAN_POINT('',(-0.729596572683,3.036005038649,
    56.02376363015));
#7577 = VERTEX_POINT('',#7578);
#7578 = CARTESIAN_POINT('',(-0.729596572683,12.536005038649,
    39.569280958246));
#7579 = SURFACE_CURVE('',#7580,(#7584,#7591),.PCURVE_S1.);
#7580 = LINE('',#7581,#7582);
#7581 = CARTESIAN_POINT('',(-0.729596572683,2.536005038649,
    56.889789033934));
#7582 = VECTOR('',#7583,1.);
#7583 = DIRECTION('',(-5.947623346206E-16,0.5,-0.866025403784));
#7584 = PCURVE('',#7511,#7585);
#7585 = DEFINITIONAL_REPRESENTATION('',(#7586),#7590);
#7586 = LINE('',#7587,#7588);
#7587 = CARTESIAN_POINT('',(0.515902684074,0.));
#7588 = VECTOR('',#7589,1.);
#7589 = DIRECTION('',(0.,-1.));
#7590 = ( GEOMETRIC_REPRESENTATION_CONTEXT(2) 
PARAMETRIC_REPRESENTATION_CONTEXT() REPRESENTATION_CONTEXT('2D SPACE',''
  ) );
#7591 = PCURVE('',#7592,#7597);
#7592 = CYLINDRICAL_SURFACE('',#7593,19.284210105954);
#7593 = AXIS2_PLACEMENT_3D('',#7594,#7595,#7596);
#7594 = CARTESIAN_POINT('',(7.993605777301E-15,19.224663947884,
    66.524990747595));
#7595 = DIRECTION('',(-5.947623346206E-16,0.5,-0.866025403784));
#7596 = DIRECTION('',(-1.,-2.973811673103E-16,5.150792909956E-16));
#7597 = DEFINITIONAL_REPRESENTATION('',(#7598),#7602);
#7598 = LINE('',#7599,#7600);
#7599 = CARTESIAN_POINT('',(4.750231896358,0.));
#7600 = VECTOR('',#7601,1.);
#7601 = DIRECTION('',(0.,1.));
#7602 = ( GEOMETRIC_REPRESENTATION_CONTEXT(2) 
PARAMETRIC_REPRESENTATION_CONTEXT() REPRESENTATION_CONTEXT('2D SPACE',''
  ) );
#7603 = ORIENTED_EDGE('',*,*,#7604,.T.);
#7604 = EDGE_CURVE('',#7575,#7494,#7605,.T.);
#7605 = SURFACE_CURVE('',#7606,(#7610,#7617),.PCURVE_S1.);
#7606 = LINE('',#7607,#7608);
#7607 = CARTESIAN_POINT('',(-1.094394859024,3.351929621878,
    56.206162773321));
#7608 = VECTOR('',#7609,1.);
#7609 = DIRECTION('',(-0.707106781187,0.612372435696,0.353553390593));
#7610 = PCURVE('',#7511,#7611);
#7611 = DEFINITIONAL_REPRESENTATION('',(#7612),#7616);
#7612 = LINE('',#7613,#7614);
#7613 = CARTESIAN_POINT('',(0.,-1.));
#7614 = VECTOR('',#7615,1.);
#7615 = DIRECTION('',(-1.,0.));
#7616 = ( GEOMETRIC_REPRESENTATION_CONTEXT(2) 
PARAMETRIC_REPRESENTATION_CONTEXT() REPRESENTATION_CONTEXT('2D SPACE',''
  ) );
#7617 = PCURVE('',#7618,#7623);
#7618 = PLANE('',#7619);
#7619 = AXIS2_PLACEMENT_3D('',#7620,#7621,#7622);
#7620 = CARTESIAN_POINT('',(-1.094394859024,3.351929621878,
    56.206162773321));
#7621 = DIRECTION('',(0.5,0.786566092485,-0.362372435696));
#7622 = DIRECTION('',(-0.707106781187,0.612372435696,0.353553390593));
#7623 = DEFINITIONAL_REPRESENTATION('',(#7624),#7628);
#7624 = LINE('',#7625,#7626);
#7625 = CARTESIAN_POINT('',(0.,0.));
#7626 = VECTOR('',#7627,1.);
#7627 = DIRECTION('',(1.,2.22044604925E-16));
#7628 = ( GEOMETRIC_REPRESENTATION_CONTEXT(2) 
PARAMETRIC_REPRESENTATION_CONTEXT() REPRESENTATION_CONTEXT('2D SPACE',''
  ) );
#7629 = ORIENTED_EDGE('',*,*,#7493,.T.);
#7630 = ORIENTED_EDGE('',*,*,#7631,.F.);
#7631 = EDGE_CURVE('',#7577,#7496,#7632,.T.);
#7632 = SURFACE_CURVE('',#7633,(#7637,#7644),.PCURVE_S1.);
#7633 = LINE('',#7634,#7635);
#7634 = CARTESIAN_POINT('',(-1.094394859024,12.851929621878,
    39.751680101416));
#7635 = VECTOR('',#7636,1.);
#7636 = DIRECTION('',(-0.707106781187,0.612372435696,0.353553390593));
#7637 = PCURVE('',#7511,#7638);
#7638 = DEFINITIONAL_REPRESENTATION('',(#7639),#7643);
#7639 = LINE('',#7640,#7641);
#7640 = CARTESIAN_POINT('',(0.,-20.));
#7641 = VECTOR('',#7642,1.);
#7642 = DIRECTION('',(-1.,0.));
#7643 = ( GEOMETRIC_REPRESENTATION_CONTEXT(2) 
PARAMETRIC_REPRESENTATION_CONTEXT() REPRESENTATION_CONTEXT('2D SPACE',''
  ) );
#7644 = PCURVE('',#128,#7645);
#7645 = DEFINITIONAL_REPRESENTATION('',(#7646),#7650);
#7646 = LINE('',#7647,#7648);
#7647 = CARTESIAN_POINT('',(-1.094394859024,-18.90560514097));
#7648 = VECTOR('',#7649,1.);
#7649 = DIRECTION('',(-0.707106781187,0.707106781187));
#7650 = ( GEOMETRIC_REPRESENTATION_CONTEXT(2) 
PARAMETRIC_REPRESENTATION_CONTEXT() REPRESENTATION_CONTEXT('2D SPACE',''
  ) );
#7651 = ADVANCED_FACE('',(#7652),#7592,.T.);
#7652 = FACE_BOUND('',#7653,.T.);
#7653 = EDGE_LOOP('',(#7654,#7684,#7711,#7712));
#7654 = ORIENTED_EDGE('',*,*,#7655,.F.);
#7655 = EDGE_CURVE('',#7656,#7658,#7660,.T.);
#7656 = VERTEX_POINT('',#7657);
#7657 = CARTESIAN_POINT('',(0.729596572683,3.036005038649,56.02376363015
    ));
#7658 = VERTEX_POINT('',#7659);
#7659 = CARTESIAN_POINT('',(0.729596572683,12.536005038649,
    39.569280958246));
#7660 = SURFACE_CURVE('',#7661,(#7665,#7672),.PCURVE_S1.);
#7661 = LINE('',#7662,#7663);
#7662 = CARTESIAN_POINT('',(0.729596572683,2.536005038649,
    56.889789033934));
#7663 = VECTOR('',#7664,1.);
#7664 = DIRECTION('',(-5.947623346206E-16,0.5,-0.866025403784));
#7665 = PCURVE('',#7592,#7666);
#7666 = DEFINITIONAL_REPRESENTATION('',(#7667),#7671);
#7667 = LINE('',#7668,#7669);
#7668 = CARTESIAN_POINT('',(4.674546064411,0.));
#7669 = VECTOR('',#7670,1.);
#7670 = DIRECTION('',(0.,1.));
#7671 = ( GEOMETRIC_REPRESENTATION_CONTEXT(2) 
PARAMETRIC_REPRESENTATION_CONTEXT() REPRESENTATION_CONTEXT('2D SPACE',''
  ) );
#7672 = PCURVE('',#7673,#7678);
#7673 = PLANE('',#7674);
#7674 = AXIS2_PLACEMENT_3D('',#7675,#7676,#7677);
#7675 = CARTESIAN_POINT('',(1.094394859024,2.851929621878,
    57.072188177105));
#7676 = DIRECTION('',(-0.707106781187,0.612372435696,0.353553390593));
#7677 = DIRECTION('',(-0.707106781187,-0.612372435696,-0.353553390593));
#7678 = DEFINITIONAL_REPRESENTATION('',(#7679),#7683);
#7679 = LINE('',#7680,#7681);
#7680 = CARTESIAN_POINT('',(0.515902684074,0.));
#7681 = VECTOR('',#7682,1.);
#7682 = DIRECTION('',(-0.,-1.));
#7683 = ( GEOMETRIC_REPRESENTATION_CONTEXT(2) 
PARAMETRIC_REPRESENTATION_CONTEXT() REPRESENTATION_CONTEXT('2D SPACE',''
  ) );
#7684 = ORIENTED_EDGE('',*,*,#7685,.F.);
#7685 = EDGE_CURVE('',#7575,#7656,#7686,.T.);
#7686 = SURFACE_CURVE('',#7687,(#7692,#7699),.PCURVE_S1.);
#7687 = CIRCLE('',#7688,19.284210105954);
#7688 = AXIS2_PLACEMENT_3D('',#7689,#7690,#7691);
#7689 = CARTESIAN_POINT('',(7.105427357601E-15,19.724663947884,
    65.65896534381));
#7690 = DIRECTION('',(5.947623346206E-16,-0.5,0.866025403784));
#7691 = DIRECTION('',(1.,2.973811673103E-16,-5.150792909956E-16));
#7692 = PCURVE('',#7592,#7693);
#7693 = DEFINITIONAL_REPRESENTATION('',(#7694),#7698);
#7694 = LINE('',#7695,#7696);
#7695 = CARTESIAN_POINT('',(9.424777960769,1.));
#7696 = VECTOR('',#7697,1.);
#7697 = DIRECTION('',(-1.,0.));
#7698 = ( GEOMETRIC_REPRESENTATION_CONTEXT(2) 
PARAMETRIC_REPRESENTATION_CONTEXT() REPRESENTATION_CONTEXT('2D SPACE',''
  ) );
#7699 = PCURVE('',#7700,#7705);
#7700 = CONICAL_SURFACE('',#7701,18.284210105954,0.785398163397);
#7701 = AXIS2_PLACEMENT_3D('',#7702,#7703,#7704);
#7702 = CARTESIAN_POINT('',(7.993605777301E-15,19.224663947884,
    66.524990747595));
#7703 = DIRECTION('',(-5.947623346206E-16,0.5,-0.866025403784));
#7704 = DIRECTION('',(-1.,-2.973811673103E-16,5.150792909956E-16));
#7705 = DEFINITIONAL_REPRESENTATION('',(#7706),#7710);
#7706 = LINE('',#7707,#7708);
#7707 = CARTESIAN_POINT('',(9.424777960769,1.));
#7708 = VECTOR('',#7709,1.);
#7709 = DIRECTION('',(-1.,0.));
#7710 = ( GEOMETRIC_REPRESENTATION_CONTEXT(2) 
PARAMETRIC_REPRESENTATION_CONTEXT() REPRESENTATION_CONTEXT('2D SPACE',''
  ) );
#7711 = ORIENTED_EDGE('',*,*,#7574,.T.);
#7712 = ORIENTED_EDGE('',*,*,#7713,.T.);
#7713 = EDGE_CURVE('',#7577,#7658,#7714,.T.);
#7714 = SURFACE_CURVE('',#7715,(#7720,#7727),.PCURVE_S1.);
#7715 = CIRCLE('',#7716,19.284210105954);
#7716 = AXIS2_PLACEMENT_3D('',#7717,#7718,#7719);
#7717 = CARTESIAN_POINT('',(-4.440892098501E-15,29.224663947884,
    49.204482671906));
#7718 = DIRECTION('',(5.947623346206E-16,-0.5,0.866025403784));
#7719 = DIRECTION('',(1.,2.973811673103E-16,-5.150792909956E-16));
#7720 = PCURVE('',#7592,#7721);
#7721 = DEFINITIONAL_REPRESENTATION('',(#7722),#7726);
#7722 = LINE('',#7723,#7724);
#7723 = CARTESIAN_POINT('',(9.424777960769,20.));
#7724 = VECTOR('',#7725,1.);
#7725 = DIRECTION('',(-1.,0.));
#7726 = ( GEOMETRIC_REPRESENTATION_CONTEXT(2) 
PARAMETRIC_REPRESENTATION_CONTEXT() REPRESENTATION_CONTEXT('2D SPACE',''
  ) );
#7727 = PCURVE('',#128,#7728);
#7728 = DEFINITIONAL_REPRESENTATION('',(#7729),#7733);
#7729 = CIRCLE('',#7730,19.284210105954);
#7730 = AXIS2_PLACEMENT_2D('',#7731,#7732);
#7731 = CARTESIAN_POINT('',(-3.552713678801E-15,3.303135542865E-12));
#7732 = DIRECTION('',(1.,0.));
#7733 = ( GEOMETRIC_REPRESENTATION_CONTEXT(2) 
PARAMETRIC_REPRESENTATION_CONTEXT() REPRESENTATION_CONTEXT('2D SPACE',''
  ) );
#7734 = ADVANCED_FACE('',(#7735),#7673,.F.);
#7735 = FACE_BOUND('',#7736,.T.);
#7736 = EDGE_LOOP('',(#7737,#7767,#7793,#7794));
#7737 = ORIENTED_EDGE('',*,*,#7738,.F.);
#7738 = EDGE_CURVE('',#7739,#7741,#7743,.T.);
#7739 = VERTEX_POINT('',#7740);
#7740 = CARTESIAN_POINT('',(1.459193145365,3.667854205106,
    56.388561916491));
#7741 = VERTEX_POINT('',#7742);
#7742 = CARTESIAN_POINT('',(1.459193145365,13.167854205106,
    39.934079244587));
#7743 = SURFACE_CURVE('',#7744,(#7748,#7755),.PCURVE_S1.);
#7744 = LINE('',#7745,#7746);
#7745 = CARTESIAN_POINT('',(1.459193145365,3.167854205106,
    57.254587320276));
#7746 = VECTOR('',#7747,1.);
#7747 = DIRECTION('',(-5.947623346206E-16,0.5,-0.866025403784));
#7748 = PCURVE('',#7673,#7749);
#7749 = DEFINITIONAL_REPRESENTATION('',(#7750),#7754);
#7750 = LINE('',#7751,#7752);
#7751 = CARTESIAN_POINT('',(-0.515902684074,0.));
#7752 = VECTOR('',#7753,1.);
#7753 = DIRECTION('',(-0.,-1.));
#7754 = ( GEOMETRIC_REPRESENTATION_CONTEXT(2) 
PARAMETRIC_REPRESENTATION_CONTEXT() REPRESENTATION_CONTEXT('2D SPACE',''
  ) );
#7755 = PCURVE('',#7756,#7761);
#7756 = PLANE('',#7757);
#7757 = AXIS2_PLACEMENT_3D('',#7758,#7759,#7760);
#7758 = CARTESIAN_POINT('',(1.876567184225,2.905240670915,
    57.102967325617));
#7759 = DIRECTION('',(-0.587785252292,-0.700629269222,-0.404508497187));
#7760 = DIRECTION('',(0.809016994375,-0.509036960455,-0.293892626146));
#7761 = DEFINITIONAL_REPRESENTATION('',(#7762),#7766);
#7762 = LINE('',#7763,#7764);
#7763 = CARTESIAN_POINT('',(-0.515902684074,0.));
#7764 = VECTOR('',#7765,1.);
#7765 = DIRECTION('',(0.,-1.));
#7766 = ( GEOMETRIC_REPRESENTATION_CONTEXT(2) 
PARAMETRIC_REPRESENTATION_CONTEXT() REPRESENTATION_CONTEXT('2D SPACE',''
  ) );
#7767 = ORIENTED_EDGE('',*,*,#7768,.T.);
#7768 = EDGE_CURVE('',#7739,#7656,#7769,.T.);
#7769 = SURFACE_CURVE('',#7770,(#7774,#7781),.PCURVE_S1.);
#7770 = LINE('',#7771,#7772);
#7771 = CARTESIAN_POINT('',(0.729596572683,3.036005038649,56.02376363015
    ));
#7772 = VECTOR('',#7773,1.);
#7773 = DIRECTION('',(-0.707106781187,-0.612372435696,-0.353553390593));
#7774 = PCURVE('',#7673,#7775);
#7775 = DEFINITIONAL_REPRESENTATION('',(#7776),#7780);
#7776 = LINE('',#7777,#7778);
#7777 = CARTESIAN_POINT('',(0.515902684074,-1.));
#7778 = VECTOR('',#7779,1.);
#7779 = DIRECTION('',(1.,0.));
#7780 = ( GEOMETRIC_REPRESENTATION_CONTEXT(2) 
PARAMETRIC_REPRESENTATION_CONTEXT() REPRESENTATION_CONTEXT('2D SPACE',''
  ) );
#7781 = PCURVE('',#7782,#7787);
#7782 = PLANE('',#7783);
#7783 = AXIS2_PLACEMENT_3D('',#7784,#7785,#7786);
#7784 = CARTESIAN_POINT('',(9.292893218813,11.176782345732,
    61.878544138186));
#7785 = DIRECTION('',(0.5,-0.786566092485,0.362372435696));
#7786 = DIRECTION('',(-0.707106781187,-0.612372435696,-0.353553390593));
#7787 = DEFINITIONAL_REPRESENTATION('',(#7788),#7792);
#7788 = LINE('',#7789,#7790);
#7789 = CARTESIAN_POINT('',(13.110330255582,1.414213562373));
#7790 = VECTOR('',#7791,1.);
#7791 = DIRECTION('',(1.,1.665334536938E-16));
#7792 = ( GEOMETRIC_REPRESENTATION_CONTEXT(2) 
PARAMETRIC_REPRESENTATION_CONTEXT() REPRESENTATION_CONTEXT('2D SPACE',''
  ) );
#7793 = ORIENTED_EDGE('',*,*,#7655,.T.);
#7794 = ORIENTED_EDGE('',*,*,#7795,.T.);
#7795 = EDGE_CURVE('',#7658,#7741,#7796,.T.);
#7796 = SURFACE_CURVE('',#7797,(#7801,#7808),.PCURVE_S1.);
#7797 = LINE('',#7798,#7799);
#7798 = CARTESIAN_POINT('',(1.094394859024,12.851929621878,
    39.751680101416));
#7799 = VECTOR('',#7800,1.);
#7800 = DIRECTION('',(0.707106781187,0.612372435696,0.353553390593));
#7801 = PCURVE('',#7673,#7802);
#7802 = DEFINITIONAL_REPRESENTATION('',(#7803),#7807);
#7803 = LINE('',#7804,#7805);
#7804 = CARTESIAN_POINT('',(-0.,-20.));
#7805 = VECTOR('',#7806,1.);
#7806 = DIRECTION('',(-1.,0.));
#7807 = ( GEOMETRIC_REPRESENTATION_CONTEXT(2) 
PARAMETRIC_REPRESENTATION_CONTEXT() REPRESENTATION_CONTEXT('2D SPACE',''
  ) );
#7808 = PCURVE('',#128,#7809);
#7809 = DEFINITIONAL_REPRESENTATION('',(#7810),#7814);
#7810 = LINE('',#7811,#7812);
#7811 = CARTESIAN_POINT('',(1.094394859024,-18.90560514097));
#7812 = VECTOR('',#7813,1.);
#7813 = DIRECTION('',(0.707106781187,0.707106781187));
#7814 = ( GEOMETRIC_REPRESENTATION_CONTEXT(2) 
PARAMETRIC_REPRESENTATION_CONTEXT() REPRESENTATION_CONTEXT('2D SPACE',''
  ) );
#7815 = ADVANCED_FACE('',(#7816),#7756,.T.);
#7816 = FACE_BOUND('',#7817,.T.);
#7817 = EDGE_LOOP('',(#7818,#7848,#7874,#7875));
#7818 = ORIENTED_EDGE('',*,*,#7819,.F.);
#7819 = EDGE_CURVE('',#7820,#7822,#7824,.T.);
#7820 = VERTEX_POINT('',#7821);
#7821 = CARTESIAN_POINT('',(2.293941223085,3.142627136723,
    56.085321927174));
#7822 = VERTEX_POINT('',#7823);
#7823 = CARTESIAN_POINT('',(2.293941223085,12.642627136723,
    39.63083925527));
#7824 = SURFACE_CURVE('',#7825,(#7829,#7836),.PCURVE_S1.);
#7825 = LINE('',#7826,#7827);
#7826 = CARTESIAN_POINT('',(2.293941223085,2.642627136723,
    56.951347330959));
#7827 = VECTOR('',#7828,1.);
#7828 = DIRECTION('',(-5.947623346206E-16,0.5,-0.866025403784));
#7829 = PCURVE('',#7756,#7830);
#7830 = DEFINITIONAL_REPRESENTATION('',(#7831),#7835);
#7831 = LINE('',#7832,#7833);
#7832 = CARTESIAN_POINT('',(0.515902684074,0.));
#7833 = VECTOR('',#7834,1.);
#7834 = DIRECTION('',(0.,-1.));
#7835 = ( GEOMETRIC_REPRESENTATION_CONTEXT(2) 
PARAMETRIC_REPRESENTATION_CONTEXT() REPRESENTATION_CONTEXT('2D SPACE',''
  ) );
#7836 = PCURVE('',#7837,#7842);
#7837 = CYLINDRICAL_SURFACE('',#7838,19.284210105952);
#7838 = AXIS2_PLACEMENT_3D('',#7839,#7840,#7841);
#7839 = CARTESIAN_POINT('',(-3.552713678801E-13,19.224663947882,
    66.524990747594));
#7840 = DIRECTION('',(-5.947623346206E-16,0.5,-0.866025403784));
#7841 = DIRECTION('',(-1.,-2.973811673103E-16,5.150792909956E-16));
#7842 = DEFINITIONAL_REPRESENTATION('',(#7843),#7847);
#7843 = LINE('',#7844,#7845);
#7844 = CARTESIAN_POINT('',(4.593152263679,0.));
#7845 = VECTOR('',#7846,1.);
#7846 = DIRECTION('',(0.,1.));
#7847 = ( GEOMETRIC_REPRESENTATION_CONTEXT(2) 
PARAMETRIC_REPRESENTATION_CONTEXT() REPRESENTATION_CONTEXT('2D SPACE',''
  ) );
#7848 = ORIENTED_EDGE('',*,*,#7849,.T.);
#7849 = EDGE_CURVE('',#7820,#7739,#7850,.T.);
#7850 = SURFACE_CURVE('',#7851,(#7855,#7862),.PCURVE_S1.);
#7851 = LINE('',#7852,#7853);
#7852 = CARTESIAN_POINT('',(1.876567184225,3.405240670915,
    56.236941921833));
#7853 = VECTOR('',#7854,1.);
#7854 = DIRECTION('',(-0.809016994375,0.509036960455,0.293892626146));
#7855 = PCURVE('',#7756,#7856);
#7856 = DEFINITIONAL_REPRESENTATION('',(#7857),#7861);
#7857 = LINE('',#7858,#7859);
#7858 = CARTESIAN_POINT('',(0.,-1.));
#7859 = VECTOR('',#7860,1.);
#7860 = DIRECTION('',(-1.,0.));
#7861 = ( GEOMETRIC_REPRESENTATION_CONTEXT(2) 
PARAMETRIC_REPRESENTATION_CONTEXT() REPRESENTATION_CONTEXT('2D SPACE',''
  ) );
#7862 = PCURVE('',#7863,#7868);
#7863 = PLANE('',#7864);
#7864 = AXIS2_PLACEMENT_3D('',#7865,#7866,#7867);
#7865 = CARTESIAN_POINT('',(1.876567184225,3.405240670915,
    56.236941921833));
#7866 = DIRECTION('',(0.415626937777,0.848973097958,-0.326341734287));
#7867 = DIRECTION('',(-0.809016994375,0.509036960455,0.293892626146));
#7868 = DEFINITIONAL_REPRESENTATION('',(#7869),#7873);
#7869 = LINE('',#7870,#7871);
#7870 = CARTESIAN_POINT('',(0.,0.));
#7871 = VECTOR('',#7872,1.);
#7872 = DIRECTION('',(1.,3.608224830032E-16));
#7873 = ( GEOMETRIC_REPRESENTATION_CONTEXT(2) 
PARAMETRIC_REPRESENTATION_CONTEXT() REPRESENTATION_CONTEXT('2D SPACE',''
  ) );
#7874 = ORIENTED_EDGE('',*,*,#7738,.T.);
#7875 = ORIENTED_EDGE('',*,*,#7876,.F.);
#7876 = EDGE_CURVE('',#7822,#7741,#7877,.T.);
#7877 = SURFACE_CURVE('',#7878,(#7882,#7889),.PCURVE_S1.);
#7878 = LINE('',#7879,#7880);
#7879 = CARTESIAN_POINT('',(1.876567184225,12.905240670915,
    39.782459249929));
#7880 = VECTOR('',#7881,1.);
#7881 = DIRECTION('',(-0.809016994375,0.509036960455,0.293892626146));
#7882 = PCURVE('',#7756,#7883);
#7883 = DEFINITIONAL_REPRESENTATION('',(#7884),#7888);
#7884 = LINE('',#7885,#7886);
#7885 = CARTESIAN_POINT('',(0.,-20.));
#7886 = VECTOR('',#7887,1.);
#7887 = DIRECTION('',(-1.,0.));
#7888 = ( GEOMETRIC_REPRESENTATION_CONTEXT(2) 
PARAMETRIC_REPRESENTATION_CONTEXT() REPRESENTATION_CONTEXT('2D SPACE',''
  ) );
#7889 = PCURVE('',#128,#7890);
#7890 = DEFINITIONAL_REPRESENTATION('',(#7891),#7895);
#7891 = LINE('',#7892,#7893);
#7892 = CARTESIAN_POINT('',(1.876567184225,-18.84404684395));
#7893 = VECTOR('',#7894,1.);
#7894 = DIRECTION('',(-0.809016994375,0.587785252292));
#7895 = ( GEOMETRIC_REPRESENTATION_CONTEXT(2) 
PARAMETRIC_REPRESENTATION_CONTEXT() REPRESENTATION_CONTEXT('2D SPACE',''
  ) );
#7896 = ADVANCED_FACE('',(#7897),#7837,.T.);
#7897 = FACE_BOUND('',#7898,.T.);
#7898 = EDGE_LOOP('',(#7899,#7929,#7956,#7957));
#7899 = ORIENTED_EDGE('',*,*,#7900,.F.);
#7900 = EDGE_CURVE('',#7901,#7903,#7905,.T.);
#7901 = VERTEX_POINT('',#7902);
#7902 = CARTESIAN_POINT('',(3.735169279439,3.340313109404,
    56.199455976717));
#7903 = VERTEX_POINT('',#7904);
#7904 = CARTESIAN_POINT('',(3.735169279439,12.840313109404,
    39.744973304813));
#7905 = SURFACE_CURVE('',#7906,(#7910,#7917),.PCURVE_S1.);
#7906 = LINE('',#7907,#7908);
#7907 = CARTESIAN_POINT('',(3.735169279439,2.840313109404,
    57.065481380502));
#7908 = VECTOR('',#7909,1.);
#7909 = DIRECTION('',(-5.947623346206E-16,0.5,-0.866025403784));
#7910 = PCURVE('',#7837,#7911);
#7911 = DEFINITIONAL_REPRESENTATION('',(#7912),#7916);
#7912 = LINE('',#7913,#7914);
#7913 = CARTESIAN_POINT('',(4.517466431732,0.));
#7914 = VECTOR('',#7915,1.);
#7915 = DIRECTION('',(0.,1.));
#7916 = ( GEOMETRIC_REPRESENTATION_CONTEXT(2) 
PARAMETRIC_REPRESENTATION_CONTEXT() REPRESENTATION_CONTEXT('2D SPACE',''
  ) );
#7917 = PCURVE('',#7918,#7923);
#7918 = PLANE('',#7919);
#7919 = AXIS2_PLACEMENT_3D('',#7920,#7921,#7922);
#7920 = CARTESIAN_POINT('',(4.038409268756,3.201769629937,
    57.274168399932));
#7921 = DIRECTION('',(-0.809016994375,0.509036960455,0.293892626146));
#7922 = DIRECTION('',(-0.587785252292,-0.700629269222,-0.404508497187));
#7923 = DEFINITIONAL_REPRESENTATION('',(#7924),#7928);
#7924 = LINE('',#7925,#7926);
#7925 = CARTESIAN_POINT('',(0.515902684074,0.));
#7926 = VECTOR('',#7927,1.);
#7927 = DIRECTION('',(-0.,-1.));
#7928 = ( GEOMETRIC_REPRESENTATION_CONTEXT(2) 
PARAMETRIC_REPRESENTATION_CONTEXT() REPRESENTATION_CONTEXT('2D SPACE',''
  ) );
#7929 = ORIENTED_EDGE('',*,*,#7930,.F.);
#7930 = EDGE_CURVE('',#7820,#7901,#7931,.T.);
#7931 = SURFACE_CURVE('',#7932,(#7937,#7944),.PCURVE_S1.);
#7932 = CIRCLE('',#7933,19.284210105952);
#7933 = AXIS2_PLACEMENT_3D('',#7934,#7935,#7936);
#7934 = CARTESIAN_POINT('',(-3.561595462998E-13,19.724663947882,
    65.65896534381));
#7935 = DIRECTION('',(5.947623346206E-16,-0.5,0.866025403784));
#7936 = DIRECTION('',(1.,2.973811673103E-16,-5.150792909956E-16));
#7937 = PCURVE('',#7837,#7938);
#7938 = DEFINITIONAL_REPRESENTATION('',(#7939),#7943);
#7939 = LINE('',#7940,#7941);
#7940 = CARTESIAN_POINT('',(9.424777960769,1.));
#7941 = VECTOR('',#7942,1.);
#7942 = DIRECTION('',(-1.,0.));
#7943 = ( GEOMETRIC_REPRESENTATION_CONTEXT(2) 
PARAMETRIC_REPRESENTATION_CONTEXT() REPRESENTATION_CONTEXT('2D SPACE',''
  ) );
#7944 = PCURVE('',#7945,#7950);
#7945 = CONICAL_SURFACE('',#7946,18.284210105952,0.785398163397);
#7946 = AXIS2_PLACEMENT_3D('',#7947,#7948,#7949);
#7947 = CARTESIAN_POINT('',(-3.552713678801E-13,19.224663947882,
    66.524990747594));
#7948 = DIRECTION('',(-5.947623346206E-16,0.5,-0.866025403784));
#7949 = DIRECTION('',(-1.,-2.973811673103E-16,5.150792909956E-16));
#7950 = DEFINITIONAL_REPRESENTATION('',(#7951),#7955);
#7951 = LINE('',#7952,#7953);
#7952 = CARTESIAN_POINT('',(9.424777960769,1.));
#7953 = VECTOR('',#7954,1.);
#7954 = DIRECTION('',(-1.,0.));
#7955 = ( GEOMETRIC_REPRESENTATION_CONTEXT(2) 
PARAMETRIC_REPRESENTATION_CONTEXT() REPRESENTATION_CONTEXT('2D SPACE',''
  ) );
#7956 = ORIENTED_EDGE('',*,*,#7819,.T.);
#7957 = ORIENTED_EDGE('',*,*,#7958,.T.);
#7958 = EDGE_CURVE('',#7822,#7903,#7959,.T.);
#7959 = SURFACE_CURVE('',#7960,(#7965,#7972),.PCURVE_S1.);
#7960 = CIRCLE('',#7961,19.284210105952);
#7961 = AXIS2_PLACEMENT_3D('',#7962,#7963,#7964);
#7962 = CARTESIAN_POINT('',(-3.677058657559E-13,29.224663947882,
    49.204482671905));
#7963 = DIRECTION('',(5.947623346206E-16,-0.5,0.866025403784));
#7964 = DIRECTION('',(1.,2.973811673103E-16,-5.150792909956E-16));
#7965 = PCURVE('',#7837,#7966);
#7966 = DEFINITIONAL_REPRESENTATION('',(#7967),#7971);
#7967 = LINE('',#7968,#7969);
#7968 = CARTESIAN_POINT('',(9.424777960769,20.));
#7969 = VECTOR('',#7970,1.);
#7970 = DIRECTION('',(-1.,0.));
#7971 = ( GEOMETRIC_REPRESENTATION_CONTEXT(2) 
PARAMETRIC_REPRESENTATION_CONTEXT() REPRESENTATION_CONTEXT('2D SPACE',''
  ) );
#7972 = PCURVE('',#128,#7973);
#7973 = DEFINITIONAL_REPRESENTATION('',(#7974),#7978);
#7974 = CIRCLE('',#7975,19.284210105952);
#7975 = AXIS2_PLACEMENT_2D('',#7976,#7977);
#7976 = CARTESIAN_POINT('',(-3.668176873362E-13,2.005506871683E-12));
#7977 = DIRECTION('',(1.,0.));
#7978 = ( GEOMETRIC_REPRESENTATION_CONTEXT(2) 
PARAMETRIC_REPRESENTATION_CONTEXT() REPRESENTATION_CONTEXT('2D SPACE',''
  ) );
#7979 = ADVANCED_FACE('',(#7980),#7918,.F.);
#7980 = FACE_BOUND('',#7981,.T.);
#7981 = EDGE_LOOP('',(#7982,#8012,#8038,#8039));
#7982 = ORIENTED_EDGE('',*,*,#7983,.F.);
#7983 = EDGE_CURVE('',#7984,#7986,#7988,.T.);
#7984 = VERTEX_POINT('',#7985);
#7985 = CARTESIAN_POINT('',(4.341649258073,4.06322615047,56.616830015577
    ));
#7986 = VERTEX_POINT('',#7987);
#7987 = CARTESIAN_POINT('',(4.341649258073,13.56322615047,
    40.162347343673));
#7988 = SURFACE_CURVE('',#7989,(#7993,#8000),.PCURVE_S1.);
#7989 = LINE('',#7990,#7991);
#7990 = CARTESIAN_POINT('',(4.341649258073,3.56322615047,57.482855419361
    ));
#7991 = VECTOR('',#7992,1.);
#7992 = DIRECTION('',(-5.947623346206E-16,0.5,-0.866025403784));
#7993 = PCURVE('',#7918,#7994);
#7994 = DEFINITIONAL_REPRESENTATION('',(#7995),#7999);
#7995 = LINE('',#7996,#7997);
#7996 = CARTESIAN_POINT('',(-0.515902684074,0.));
#7997 = VECTOR('',#7998,1.);
#7998 = DIRECTION('',(-0.,-1.));
#7999 = ( GEOMETRIC_REPRESENTATION_CONTEXT(2) 
PARAMETRIC_REPRESENTATION_CONTEXT() REPRESENTATION_CONTEXT('2D SPACE',''
  ) );
#8000 = PCURVE('',#8001,#8006);
#8001 = PLANE('',#8002);
#8002 = AXIS2_PLACEMENT_3D('',#8003,#8004,#8005);
#8003 = CARTESIAN_POINT('',(4.801321915429,3.360390082091,
    57.365747960681));
#8004 = DIRECTION('',(-0.45399049974,-0.771634284885,-0.445503262094));
#8005 = DIRECTION('',(0.891006524188,-0.393167305851,-0.22699524987));
#8006 = DEFINITIONAL_REPRESENTATION('',(#8007),#8011);
#8007 = LINE('',#8008,#8009);
#8008 = CARTESIAN_POINT('',(-0.515902684074,0.));
#8009 = VECTOR('',#8010,1.);
#8010 = DIRECTION('',(0.,-1.));
#8011 = ( GEOMETRIC_REPRESENTATION_CONTEXT(2) 
PARAMETRIC_REPRESENTATION_CONTEXT() REPRESENTATION_CONTEXT('2D SPACE',''
  ) );
#8012 = ORIENTED_EDGE('',*,*,#8013,.T.);
#8013 = EDGE_CURVE('',#7984,#7901,#8014,.T.);
#8014 = SURFACE_CURVE('',#8015,(#8019,#8026),.PCURVE_S1.);
#8015 = LINE('',#8016,#8017);
#8016 = CARTESIAN_POINT('',(3.735169279439,3.340313109404,
    56.199455976717));
#8017 = VECTOR('',#8018,1.);
#8018 = DIRECTION('',(-0.587785252292,-0.700629269222,-0.404508497187));
#8019 = PCURVE('',#7918,#8020);
#8020 = DEFINITIONAL_REPRESENTATION('',(#8021),#8025);
#8021 = LINE('',#8022,#8023);
#8022 = CARTESIAN_POINT('',(0.515902684074,-1.));
#8023 = VECTOR('',#8024,1.);
#8024 = DIRECTION('',(1.,0.));
#8025 = ( GEOMETRIC_REPRESENTATION_CONTEXT(2) 
PARAMETRIC_REPRESENTATION_CONTEXT() REPRESENTATION_CONTEXT('2D SPACE',''
  ) );
#8026 = PCURVE('',#8027,#8032);
#8027 = PLANE('',#8028);
#8028 = AXIS2_PLACEMENT_3D('',#8029,#8030,#8031);
#8029 = CARTESIAN_POINT('',(10.632211061979,12.534831176088,
    62.662613995965));
#8030 = DIRECTION('',(0.572061402818,-0.713496877206,0.404558966807));
#8031 = DIRECTION('',(-0.587785252292,-0.700629269222,-0.404508497187));
#8032 = DEFINITIONAL_REPRESENTATION('',(#8033),#8037);
#8033 = LINE('',#8034,#8035);
#8034 = CARTESIAN_POINT('',(13.110330255582,1.414213562373));
#8035 = VECTOR('',#8036,1.);
#8036 = DIRECTION('',(1.,8.326672684689E-17));
#8037 = ( GEOMETRIC_REPRESENTATION_CONTEXT(2) 
PARAMETRIC_REPRESENTATION_CONTEXT() REPRESENTATION_CONTEXT('2D SPACE',''
  ) );
#8038 = ORIENTED_EDGE('',*,*,#7900,.T.);
#8039 = ORIENTED_EDGE('',*,*,#8040,.T.);
#8040 = EDGE_CURVE('',#7903,#7986,#8041,.T.);
#8041 = SURFACE_CURVE('',#8042,(#8046,#8053),.PCURVE_S1.);
#8042 = LINE('',#8043,#8044);
#8043 = CARTESIAN_POINT('',(4.038409268756,13.201769629937,
    39.953660324243));
#8044 = VECTOR('',#8045,1.);
#8045 = DIRECTION('',(0.587785252292,0.700629269222,0.404508497187));
#8046 = PCURVE('',#7918,#8047);
#8047 = DEFINITIONAL_REPRESENTATION('',(#8048),#8052);
#8048 = LINE('',#8049,#8050);
#8049 = CARTESIAN_POINT('',(-0.,-20.));
#8050 = VECTOR('',#8051,1.);
#8051 = DIRECTION('',(-1.,0.));
#8052 = ( GEOMETRIC_REPRESENTATION_CONTEXT(2) 
PARAMETRIC_REPRESENTATION_CONTEXT() REPRESENTATION_CONTEXT('2D SPACE',''
  ) );
#8053 = PCURVE('',#128,#8054);
#8054 = DEFINITIONAL_REPRESENTATION('',(#8055),#8059);
#8055 = LINE('',#8056,#8057);
#8056 = CARTESIAN_POINT('',(4.038409268756,-18.50164469532));
#8057 = VECTOR('',#8058,1.);
#8058 = DIRECTION('',(0.587785252292,0.809016994375));
#8059 = ( GEOMETRIC_REPRESENTATION_CONTEXT(2) 
PARAMETRIC_REPRESENTATION_CONTEXT() REPRESENTATION_CONTEXT('2D SPACE',''
  ) );
#8060 = ADVANCED_FACE('',(#8061),#8001,.T.);
#8061 = FACE_BOUND('',#8062,.T.);
#8062 = EDGE_LOOP('',(#8063,#8093,#8119,#8120));
#8063 = ORIENTED_EDGE('',*,*,#8064,.F.);
#8064 = EDGE_CURVE('',#8065,#8067,#8069,.T.);
#8065 = VERTEX_POINT('',#8066);
#8066 = CARTESIAN_POINT('',(5.260994572786,3.657554013712,
    56.382615098217));
#8067 = VERTEX_POINT('',#8068);
#8068 = CARTESIAN_POINT('',(5.260994572786,13.157554013712,
    39.928132426313));
#8069 = SURFACE_CURVE('',#8070,(#8074,#8081),.PCURVE_S1.);
#8070 = LINE('',#8071,#8072);
#8071 = CARTESIAN_POINT('',(5.260994572786,3.157554013712,
    57.248640502002));
#8072 = VECTOR('',#8073,1.);
#8073 = DIRECTION('',(-5.947623346206E-16,0.5,-0.866025403784));
#8074 = PCURVE('',#8001,#8075);
#8075 = DEFINITIONAL_REPRESENTATION('',(#8076),#8080);
#8076 = LINE('',#8077,#8078);
#8077 = CARTESIAN_POINT('',(0.515902684074,0.));
#8078 = VECTOR('',#8079,1.);
#8079 = DIRECTION('',(0.,-1.));
#8080 = ( GEOMETRIC_REPRESENTATION_CONTEXT(2) 
PARAMETRIC_REPRESENTATION_CONTEXT() REPRESENTATION_CONTEXT('2D SPACE',''
  ) );
#8081 = PCURVE('',#8082,#8087);
#8082 = CYLINDRICAL_SURFACE('',#8083,19.284210105952);
#8083 = AXIS2_PLACEMENT_3D('',#8084,#8085,#8086);
#8084 = CARTESIAN_POINT('',(-4.94715379773E-13,19.224663947882,
    66.524990747594));
#8085 = DIRECTION('',(-5.947623346206E-16,0.5,-0.866025403784));
#8086 = DIRECTION('',(-1.,-2.973811673103E-16,5.150792909956E-16));
#8087 = DEFINITIONAL_REPRESENTATION('',(#8088),#8092);
#8088 = LINE('',#8089,#8090);
#8089 = CARTESIAN_POINT('',(4.436072630999,0.));
#8090 = VECTOR('',#8091,1.);
#8091 = DIRECTION('',(0.,1.));
#8092 = ( GEOMETRIC_REPRESENTATION_CONTEXT(2) 
PARAMETRIC_REPRESENTATION_CONTEXT() REPRESENTATION_CONTEXT('2D SPACE',''
  ) );
#8093 = ORIENTED_EDGE('',*,*,#8094,.T.);
#8094 = EDGE_CURVE('',#8065,#7984,#8095,.T.);
#8095 = SURFACE_CURVE('',#8096,(#8100,#8107),.PCURVE_S1.);
#8096 = LINE('',#8097,#8098);
#8097 = CARTESIAN_POINT('',(4.801321915429,3.860390082091,
    56.499722556897));
#8098 = VECTOR('',#8099,1.);
#8099 = DIRECTION('',(-0.891006524188,0.393167305851,0.22699524987));
#8100 = PCURVE('',#8001,#8101);
#8101 = DEFINITIONAL_REPRESENTATION('',(#8102),#8106);
#8102 = LINE('',#8103,#8104);
#8103 = CARTESIAN_POINT('',(0.,-1.));
#8104 = VECTOR('',#8105,1.);
#8105 = DIRECTION('',(-1.,0.));
#8106 = ( GEOMETRIC_REPRESENTATION_CONTEXT(2) 
PARAMETRIC_REPRESENTATION_CONTEXT() REPRESENTATION_CONTEXT('2D SPACE',''
  ) );
#8107 = PCURVE('',#8108,#8113);
#8108 = PLANE('',#8109);
#8109 = AXIS2_PLACEMENT_3D('',#8110,#8111,#8112);
#8110 = CARTESIAN_POINT('',(4.801321915429,3.860390082091,
    56.499722556897));
#8111 = DIRECTION('',(0.32101976096,0.899181226031,-0.297354058028));
#8112 = DIRECTION('',(-0.891006524188,0.393167305851,0.22699524987));
#8113 = DEFINITIONAL_REPRESENTATION('',(#8114),#8118);
#8114 = LINE('',#8115,#8116);
#8115 = CARTESIAN_POINT('',(0.,0.));
#8116 = VECTOR('',#8117,1.);
#8117 = DIRECTION('',(1.,1.665334536938E-16));
#8118 = ( GEOMETRIC_REPRESENTATION_CONTEXT(2) 
PARAMETRIC_REPRESENTATION_CONTEXT() REPRESENTATION_CONTEXT('2D SPACE',''
  ) );
#8119 = ORIENTED_EDGE('',*,*,#7983,.T.);
#8120 = ORIENTED_EDGE('',*,*,#8121,.F.);
#8121 = EDGE_CURVE('',#8067,#7986,#8122,.T.);
#8122 = SURFACE_CURVE('',#8123,(#8127,#8134),.PCURVE_S1.);
#8123 = LINE('',#8124,#8125);
#8124 = CARTESIAN_POINT('',(4.801321915429,13.360390082091,
    40.045239884993));
#8125 = VECTOR('',#8126,1.);
#8126 = DIRECTION('',(-0.891006524188,0.393167305851,0.22699524987));
#8127 = PCURVE('',#8001,#8128);
#8128 = DEFINITIONAL_REPRESENTATION('',(#8129),#8133);
#8129 = LINE('',#8130,#8131);
#8130 = CARTESIAN_POINT('',(0.,-20.));
#8131 = VECTOR('',#8132,1.);
#8132 = DIRECTION('',(-1.,0.));
#8133 = ( GEOMETRIC_REPRESENTATION_CONTEXT(2) 
PARAMETRIC_REPRESENTATION_CONTEXT() REPRESENTATION_CONTEXT('2D SPACE',''
  ) );
#8134 = PCURVE('',#128,#8135);
#8135 = DEFINITIONAL_REPRESENTATION('',(#8136),#8140);
#8136 = LINE('',#8137,#8138);
#8137 = CARTESIAN_POINT('',(4.801321915429,-18.31848557382));
#8138 = VECTOR('',#8139,1.);
#8139 = DIRECTION('',(-0.891006524188,0.45399049974));
#8140 = ( GEOMETRIC_REPRESENTATION_CONTEXT(2) 
PARAMETRIC_REPRESENTATION_CONTEXT() REPRESENTATION_CONTEXT('2D SPACE',''
  ) );
#8141 = ADVANCED_FACE('',(#8142),#8082,.T.);
#8142 = FACE_BOUND('',#8143,.T.);
#8143 = EDGE_LOOP('',(#8144,#8174,#8201,#8202));
#8144 = ORIENTED_EDGE('',*,*,#8145,.F.);
#8145 = EDGE_CURVE('',#8146,#8148,#8150,.T.);
#8146 = VERTEX_POINT('',#8147);
#8147 = CARTESIAN_POINT('',(6.648769722219,4.048058274346,
    56.608072838214));
#8148 = VERTEX_POINT('',#8149);
#8149 = CARTESIAN_POINT('',(6.648769722219,13.548058274346,
    40.153590166309));
#8150 = SURFACE_CURVE('',#8151,(#8155,#8162),.PCURVE_S1.);
#8151 = LINE('',#8152,#8153);
#8152 = CARTESIAN_POINT('',(6.648769722219,3.548058274346,
    57.474098241998));
#8153 = VECTOR('',#8154,1.);
#8154 = DIRECTION('',(-5.947623346206E-16,0.5,-0.866025403784));
#8155 = PCURVE('',#8082,#8156);
#8156 = DEFINITIONAL_REPRESENTATION('',(#8157),#8161);
#8157 = LINE('',#8158,#8159);
#8158 = CARTESIAN_POINT('',(4.360386799052,0.));
#8159 = VECTOR('',#8160,1.);
#8160 = DIRECTION('',(0.,1.));
#8161 = ( GEOMETRIC_REPRESENTATION_CONTEXT(2) 
PARAMETRIC_REPRESENTATION_CONTEXT() REPRESENTATION_CONTEXT('2D SPACE',''
  ) );
#8162 = PCURVE('',#8163,#8168);
#8163 = PLANE('',#8164);
#8164 = AXIS2_PLACEMENT_3D('',#8165,#8166,#8167);
#8165 = CARTESIAN_POINT('',(6.882984639579,3.946146473042,
    57.703934570676));
#8166 = DIRECTION('',(-0.891006524188,0.393167305851,0.22699524987));
#8167 = DIRECTION('',(-0.45399049974,-0.771634284885,-0.445503262094));
#8168 = DEFINITIONAL_REPRESENTATION('',(#8169),#8173);
#8169 = LINE('',#8170,#8171);
#8170 = CARTESIAN_POINT('',(0.515902684074,0.));
#8171 = VECTOR('',#8172,1.);
#8172 = DIRECTION('',(-0.,-1.));
#8173 = ( GEOMETRIC_REPRESENTATION_CONTEXT(2) 
PARAMETRIC_REPRESENTATION_CONTEXT() REPRESENTATION_CONTEXT('2D SPACE',''
  ) );
#8174 = ORIENTED_EDGE('',*,*,#8175,.F.);
#8175 = EDGE_CURVE('',#8065,#8146,#8176,.T.);
#8176 = SURFACE_CURVE('',#8177,(#8182,#8189),.PCURVE_S1.);
#8177 = CIRCLE('',#8178,19.284210105952);
#8178 = AXIS2_PLACEMENT_3D('',#8179,#8180,#8181);
#8179 = CARTESIAN_POINT('',(-4.956035581927E-13,19.724663947882,
    65.65896534381));
#8180 = DIRECTION('',(5.947623346206E-16,-0.5,0.866025403784));
#8181 = DIRECTION('',(1.,2.973811673103E-16,-5.150792909956E-16));
#8182 = PCURVE('',#8082,#8183);
#8183 = DEFINITIONAL_REPRESENTATION('',(#8184),#8188);
#8184 = LINE('',#8185,#8186);
#8185 = CARTESIAN_POINT('',(9.424777960769,1.));
#8186 = VECTOR('',#8187,1.);
#8187 = DIRECTION('',(-1.,0.));
#8188 = ( GEOMETRIC_REPRESENTATION_CONTEXT(2) 
PARAMETRIC_REPRESENTATION_CONTEXT() REPRESENTATION_CONTEXT('2D SPACE',''
  ) );
#8189 = PCURVE('',#8190,#8195);
#8190 = CONICAL_SURFACE('',#8191,18.284210105952,0.785398163397);
#8191 = AXIS2_PLACEMENT_3D('',#8192,#8193,#8194);
#8192 = CARTESIAN_POINT('',(-4.94715379773E-13,19.224663947882,
    66.524990747594));
#8193 = DIRECTION('',(-5.947623346206E-16,0.5,-0.866025403784));
#8194 = DIRECTION('',(-1.,-2.973811673103E-16,5.150792909956E-16));
#8195 = DEFINITIONAL_REPRESENTATION('',(#8196),#8200);
#8196 = LINE('',#8197,#8198);
#8197 = CARTESIAN_POINT('',(9.424777960769,1.));
#8198 = VECTOR('',#8199,1.);
#8199 = DIRECTION('',(-1.,2.489383946701E-14));
#8200 = ( GEOMETRIC_REPRESENTATION_CONTEXT(2) 
PARAMETRIC_REPRESENTATION_CONTEXT() REPRESENTATION_CONTEXT('2D SPACE',''
  ) );
#8201 = ORIENTED_EDGE('',*,*,#8064,.T.);
#8202 = ORIENTED_EDGE('',*,*,#8203,.T.);
#8203 = EDGE_CURVE('',#8067,#8148,#8204,.T.);
#8204 = SURFACE_CURVE('',#8205,(#8210,#8217),.PCURVE_S1.);
#8205 = CIRCLE('',#8206,19.284210105952);
#8206 = AXIS2_PLACEMENT_3D('',#8207,#8208,#8209);
#8207 = CARTESIAN_POINT('',(-5.071498776488E-13,29.224663947882,
    49.204482671905));
#8208 = DIRECTION('',(5.947623346206E-16,-0.5,0.866025403784));
#8209 = DIRECTION('',(1.,2.973811673103E-16,-5.150792909956E-16));
#8210 = PCURVE('',#8082,#8211);
#8211 = DEFINITIONAL_REPRESENTATION('',(#8212),#8216);
#8212 = LINE('',#8213,#8214);
#8213 = CARTESIAN_POINT('',(9.424777960769,20.));
#8214 = VECTOR('',#8215,1.);
#8215 = DIRECTION('',(-1.,0.));
#8216 = ( GEOMETRIC_REPRESENTATION_CONTEXT(2) 
PARAMETRIC_REPRESENTATION_CONTEXT() REPRESENTATION_CONTEXT('2D SPACE',''
  ) );
#8217 = PCURVE('',#128,#8218);
#8218 = DEFINITIONAL_REPRESENTATION('',(#8219),#8223);
#8219 = CIRCLE('',#8220,19.284210105952);
#8220 = AXIS2_PLACEMENT_2D('',#8221,#8222);
#8221 = CARTESIAN_POINT('',(-5.062616992291E-13,1.847411112976E-12));
#8222 = DIRECTION('',(1.,0.));
#8223 = ( GEOMETRIC_REPRESENTATION_CONTEXT(2) 
PARAMETRIC_REPRESENTATION_CONTEXT() REPRESENTATION_CONTEXT('2D SPACE',''
  ) );
#8224 = ADVANCED_FACE('',(#8225),#8163,.F.);
#8225 = FACE_BOUND('',#8226,.T.);
#8226 = EDGE_LOOP('',(#8227,#8257,#8283,#8284));
#8227 = ORIENTED_EDGE('',*,*,#8228,.F.);
#8228 = EDGE_CURVE('',#8229,#8231,#8233,.T.);
#8229 = VERTEX_POINT('',#8230);
#8230 = CARTESIAN_POINT('',(7.117199556939,4.844234671738,57.06774549557
    ));
#8231 = VERTEX_POINT('',#8232);
#8232 = CARTESIAN_POINT('',(7.117199556939,14.344234671738,
    40.613262823666));
#8233 = SURFACE_CURVE('',#8234,(#8238,#8245),.PCURVE_S1.);
#8234 = LINE('',#8235,#8236);
#8235 = CARTESIAN_POINT('',(7.117199556939,4.344234671738,
    57.933770899355));
#8236 = VECTOR('',#8237,1.);
#8237 = DIRECTION('',(-5.947623346206E-16,0.5,-0.866025403784));
#8238 = PCURVE('',#8163,#8239);
#8239 = DEFINITIONAL_REPRESENTATION('',(#8240),#8244);
#8240 = LINE('',#8241,#8242);
#8241 = CARTESIAN_POINT('',(-0.515902684074,0.));
#8242 = VECTOR('',#8243,1.);
#8243 = DIRECTION('',(-0.,-1.));
#8244 = ( GEOMETRIC_REPRESENTATION_CONTEXT(2) 
PARAMETRIC_REPRESENTATION_CONTEXT() REPRESENTATION_CONTEXT('2D SPACE',''
  ) );
#8245 = PCURVE('',#8246,#8251);
#8246 = PLANE('',#8247);
#8247 = AXIS2_PLACEMENT_3D('',#8248,#8249,#8250);
#8248 = CARTESIAN_POINT('',(7.607852166402,4.206170566349,
    57.854059550943));
#8249 = DIRECTION('',(-0.309016994375,-0.823639103546,-0.475528258148));
#8250 = DIRECTION('',(0.951056516295,-0.26761656733,-0.154508497187));
#8251 = DEFINITIONAL_REPRESENTATION('',(#8252),#8256);
#8252 = LINE('',#8253,#8254);
#8253 = CARTESIAN_POINT('',(-0.515902684074,0.));
#8254 = VECTOR('',#8255,1.);
#8255 = DIRECTION('',(0.,-1.));
#8256 = ( GEOMETRIC_REPRESENTATION_CONTEXT(2) 
PARAMETRIC_REPRESENTATION_CONTEXT() REPRESENTATION_CONTEXT('2D SPACE',''
  ) );
#8257 = ORIENTED_EDGE('',*,*,#8258,.T.);
#8258 = EDGE_CURVE('',#8229,#8146,#8259,.T.);
#8259 = SURFACE_CURVE('',#8260,(#8264,#8271),.PCURVE_S1.);
#8260 = LINE('',#8261,#8262);
#8261 = CARTESIAN_POINT('',(6.648769722219,4.048058274346,
    56.608072838214));
#8262 = VECTOR('',#8263,1.);
#8263 = DIRECTION('',(-0.45399049974,-0.771634284885,-0.445503262094));
#8264 = PCURVE('',#8163,#8265);
#8265 = DEFINITIONAL_REPRESENTATION('',(#8266),#8270);
#8266 = LINE('',#8267,#8268);
#8267 = CARTESIAN_POINT('',(0.515902684074,-1.));
#8268 = VECTOR('',#8269,1.);
#8269 = DIRECTION('',(1.,0.));
#8270 = ( GEOMETRIC_REPRESENTATION_CONTEXT(2) 
PARAMETRIC_REPRESENTATION_CONTEXT() REPRESENTATION_CONTEXT('2D SPACE',''
  ) );
#8271 = PCURVE('',#8272,#8277);
#8272 = PLANE('',#8273);
#8273 = AXIS2_PLACEMENT_3D('',#8274,#8275,#8276);
#8274 = CARTESIAN_POINT('',(11.709728582513,14.057605891567,
    63.541788387862));
#8275 = DIRECTION('',(0.630036755335,-0.631564658702,0.451862555216));
#8276 = DIRECTION('',(-0.45399049974,-0.771634284885,-0.445503262094));
#8277 = DEFINITIONAL_REPRESENTATION('',(#8278),#8282);
#8278 = LINE('',#8279,#8280);
#8279 = CARTESIAN_POINT('',(13.110330255582,1.414213562373));
#8280 = VECTOR('',#8281,1.);
#8281 = DIRECTION('',(1.,1.110223024625E-16));
#8282 = ( GEOMETRIC_REPRESENTATION_CONTEXT(2) 
PARAMETRIC_REPRESENTATION_CONTEXT() REPRESENTATION_CONTEXT('2D SPACE',''
  ) );
#8283 = ORIENTED_EDGE('',*,*,#8145,.T.);
#8284 = ORIENTED_EDGE('',*,*,#8285,.T.);
#8285 = EDGE_CURVE('',#8148,#8231,#8286,.T.);
#8286 = SURFACE_CURVE('',#8287,(#8291,#8298),.PCURVE_S1.);
#8287 = LINE('',#8288,#8289);
#8288 = CARTESIAN_POINT('',(6.882984639579,13.946146473042,
    40.383426494988));
#8289 = VECTOR('',#8290,1.);
#8290 = DIRECTION('',(0.45399049974,0.771634284885,0.445503262094));
#8291 = PCURVE('',#8163,#8292);
#8292 = DEFINITIONAL_REPRESENTATION('',(#8293),#8297);
#8293 = LINE('',#8294,#8295);
#8294 = CARTESIAN_POINT('',(-0.,-20.));
#8295 = VECTOR('',#8296,1.);
#8296 = DIRECTION('',(-1.,0.));
#8297 = ( GEOMETRIC_REPRESENTATION_CONTEXT(2) 
PARAMETRIC_REPRESENTATION_CONTEXT() REPRESENTATION_CONTEXT('2D SPACE',''
  ) );
#8298 = PCURVE('',#128,#8299);
#8299 = DEFINITIONAL_REPRESENTATION('',(#8300),#8304);
#8300 = LINE('',#8301,#8302);
#8301 = CARTESIAN_POINT('',(6.882984639579,-17.64211235383));
#8302 = VECTOR('',#8303,1.);
#8303 = DIRECTION('',(0.45399049974,0.891006524188));
#8304 = ( GEOMETRIC_REPRESENTATION_CONTEXT(2) 
PARAMETRIC_REPRESENTATION_CONTEXT() REPRESENTATION_CONTEXT('2D SPACE',''
  ) );
#8305 = ADVANCED_FACE('',(#8306),#8246,.T.);
#8306 = FACE_BOUND('',#8307,.T.);
#8307 = EDGE_LOOP('',(#8308,#8338,#8364,#8365));
#8308 = ORIENTED_EDGE('',*,*,#8309,.F.);
#8309 = EDGE_CURVE('',#8310,#8312,#8314,.T.);
#8310 = VERTEX_POINT('',#8311);
#8311 = CARTESIAN_POINT('',(8.098504775865,4.568106460961,
    56.908322798748));
#8312 = VERTEX_POINT('',#8313);
#8313 = CARTESIAN_POINT('',(8.098504775865,14.068106460961,
    40.453840126843));
#8314 = SURFACE_CURVE('',#8315,(#8319,#8326),.PCURVE_S1.);
#8315 = LINE('',#8316,#8317);
#8316 = CARTESIAN_POINT('',(8.098504775865,4.068106460961,
    57.774348202532));
#8317 = VECTOR('',#8318,1.);
#8318 = DIRECTION('',(-5.947623346206E-16,0.5,-0.866025403784));
#8319 = PCURVE('',#8246,#8320);
#8320 = DEFINITIONAL_REPRESENTATION('',(#8321),#8325);
#8321 = LINE('',#8322,#8323);
#8322 = CARTESIAN_POINT('',(0.515902684074,0.));
#8323 = VECTOR('',#8324,1.);
#8324 = DIRECTION('',(0.,-1.));
#8325 = ( GEOMETRIC_REPRESENTATION_CONTEXT(2) 
PARAMETRIC_REPRESENTATION_CONTEXT() REPRESENTATION_CONTEXT('2D SPACE',''
  ) );
#8326 = PCURVE('',#8327,#8332);
#8327 = CYLINDRICAL_SURFACE('',#8328,19.284210105951);
#8328 = AXIS2_PLACEMENT_3D('',#8329,#8330,#8331);
#8329 = CARTESIAN_POINT('',(-5.346834086595E-13,19.224663947881,
    66.524990747594));
#8330 = DIRECTION('',(-5.947623346206E-16,0.5,-0.866025403784));
#8331 = DIRECTION('',(-1.,-2.973811673103E-16,5.150792909956E-16));
#8332 = DEFINITIONAL_REPRESENTATION('',(#8333),#8337);
#8333 = LINE('',#8334,#8335);
#8334 = CARTESIAN_POINT('',(4.27899299832,0.));
#8335 = VECTOR('',#8336,1.);
#8336 = DIRECTION('',(0.,1.));
#8337 = ( GEOMETRIC_REPRESENTATION_CONTEXT(2) 
PARAMETRIC_REPRESENTATION_CONTEXT() REPRESENTATION_CONTEXT('2D SPACE',''
  ) );
#8338 = ORIENTED_EDGE('',*,*,#8339,.T.);
#8339 = EDGE_CURVE('',#8310,#8229,#8340,.T.);
#8340 = SURFACE_CURVE('',#8341,(#8345,#8352),.PCURVE_S1.);
#8341 = LINE('',#8342,#8343);
#8342 = CARTESIAN_POINT('',(7.607852166402,4.706170566349,
    56.988034147159));
#8343 = VECTOR('',#8344,1.);
#8344 = DIRECTION('',(-0.951056516295,0.26761656733,0.154508497187));
#8345 = PCURVE('',#8246,#8346);
#8346 = DEFINITIONAL_REPRESENTATION('',(#8347),#8351);
#8347 = LINE('',#8348,#8349);
#8348 = CARTESIAN_POINT('',(0.,-1.));
#8349 = VECTOR('',#8350,1.);
#8350 = DIRECTION('',(-1.,0.));
#8351 = ( GEOMETRIC_REPRESENTATION_CONTEXT(2) 
PARAMETRIC_REPRESENTATION_CONTEXT() REPRESENTATION_CONTEXT('2D SPACE',''
  ) );
#8352 = PCURVE('',#8353,#8358);
#8353 = PLANE('',#8354);
#8354 = AXIS2_PLACEMENT_3D('',#8355,#8356,#8357);
#8355 = CARTESIAN_POINT('',(7.607852166402,4.706170566349,
    56.988034147159));
#8356 = DIRECTION('',(0.218508012224,0.935954185961,-0.276123179714));
#8357 = DIRECTION('',(-0.951056516295,0.26761656733,0.154508497187));
#8358 = DEFINITIONAL_REPRESENTATION('',(#8359),#8363);
#8359 = LINE('',#8360,#8361);
#8360 = CARTESIAN_POINT('',(0.,0.));
#8361 = VECTOR('',#8362,1.);
#8362 = DIRECTION('',(1.,6.938893903907E-17));
#8363 = ( GEOMETRIC_REPRESENTATION_CONTEXT(2) 
PARAMETRIC_REPRESENTATION_CONTEXT() REPRESENTATION_CONTEXT('2D SPACE',''
  ) );
#8364 = ORIENTED_EDGE('',*,*,#8228,.T.);
#8365 = ORIENTED_EDGE('',*,*,#8366,.F.);
#8366 = EDGE_CURVE('',#8312,#8231,#8367,.T.);
#8367 = SURFACE_CURVE('',#8368,(#8372,#8379),.PCURVE_S1.);
#8368 = LINE('',#8369,#8370);
#8369 = CARTESIAN_POINT('',(7.607852166402,14.206170566349,
    40.533551475255));
#8370 = VECTOR('',#8371,1.);
#8371 = DIRECTION('',(-0.951056516295,0.26761656733,0.154508497187));
#8372 = PCURVE('',#8246,#8373);
#8373 = DEFINITIONAL_REPRESENTATION('',(#8374),#8378);
#8374 = LINE('',#8375,#8376);
#8375 = CARTESIAN_POINT('',(0.,-20.));
#8376 = VECTOR('',#8377,1.);
#8377 = DIRECTION('',(-1.,0.));
#8378 = ( GEOMETRIC_REPRESENTATION_CONTEXT(2) 
PARAMETRIC_REPRESENTATION_CONTEXT() REPRESENTATION_CONTEXT('2D SPACE',''
  ) );
#8379 = PCURVE('',#128,#8380);
#8380 = DEFINITIONAL_REPRESENTATION('',(#8381),#8385);
#8381 = LINE('',#8382,#8383);
#8382 = CARTESIAN_POINT('',(7.607852166402,-17.3418623933));
#8383 = VECTOR('',#8384,1.);
#8384 = DIRECTION('',(-0.951056516295,0.309016994375));
#8385 = ( GEOMETRIC_REPRESENTATION_CONTEXT(2) 
PARAMETRIC_REPRESENTATION_CONTEXT() REPRESENTATION_CONTEXT('2D SPACE',''
  ) );
#8386 = ADVANCED_FACE('',(#8387),#8327,.T.);
#8387 = FACE_BOUND('',#8388,.T.);
#8388 = EDGE_LOOP('',(#8389,#8419,#8446,#8447));
#8389 = ORIENTED_EDGE('',*,*,#8390,.F.);
#8390 = EDGE_CURVE('',#8391,#8393,#8395,.T.);
#8391 = VERTEX_POINT('',#8392);
#8392 = CARTESIAN_POINT('',(9.398655388436,5.141813498641,
    57.239552711388));
#8393 = VERTEX_POINT('',#8394);
#8394 = CARTESIAN_POINT('',(9.398655388436,14.641813498641,
    40.785070039484));
#8395 = SURFACE_CURVE('',#8396,(#8400,#8407),.PCURVE_S1.);
#8396 = LINE('',#8397,#8398);
#8397 = CARTESIAN_POINT('',(9.398655388436,4.641813498641,
    58.105578115173));
#8398 = VECTOR('',#8399,1.);
#8399 = DIRECTION('',(-5.947623346206E-16,0.5,-0.866025403784));
#8400 = PCURVE('',#8327,#8401);
#8401 = DEFINITIONAL_REPRESENTATION('',(#8402),#8406);
#8402 = LINE('',#8403,#8404);
#8403 = CARTESIAN_POINT('',(4.203307166373,0.));
#8404 = VECTOR('',#8405,1.);
#8405 = DIRECTION('',(0.,1.));
#8406 = ( GEOMETRIC_REPRESENTATION_CONTEXT(2) 
PARAMETRIC_REPRESENTATION_CONTEXT() REPRESENTATION_CONTEXT('2D SPACE',''
  ) );
#8407 = PCURVE('',#8408,#8413);
#8408 = PLANE('',#8409);
#8409 = AXIS2_PLACEMENT_3D('',#8410,#8411,#8412);
#8410 = CARTESIAN_POINT('',(9.558078085259,5.066731122869,
    58.350904419904));
#8411 = DIRECTION('',(-0.951056516295,0.26761656733,0.154508497187));
#8412 = DIRECTION('',(-0.309016994375,-0.823639103546,-0.475528258148));
#8413 = DEFINITIONAL_REPRESENTATION('',(#8414),#8418);
#8414 = LINE('',#8415,#8416);
#8415 = CARTESIAN_POINT('',(0.515902684074,0.));
#8416 = VECTOR('',#8417,1.);
#8417 = DIRECTION('',(-0.,-1.));
#8418 = ( GEOMETRIC_REPRESENTATION_CONTEXT(2) 
PARAMETRIC_REPRESENTATION_CONTEXT() REPRESENTATION_CONTEXT('2D SPACE',''
  ) );
#8419 = ORIENTED_EDGE('',*,*,#8420,.F.);
#8420 = EDGE_CURVE('',#8310,#8391,#8421,.T.);
#8421 = SURFACE_CURVE('',#8422,(#8427,#8434),.PCURVE_S1.);
#8422 = CIRCLE('',#8423,19.284210105951);
#8423 = AXIS2_PLACEMENT_3D('',#8424,#8425,#8426);
#8424 = CARTESIAN_POINT('',(-5.355715870792E-13,19.724663947881,
    65.658965343809));
#8425 = DIRECTION('',(5.947623346206E-16,-0.5,0.866025403784));
#8426 = DIRECTION('',(1.,2.973811673103E-16,-5.150792909956E-16));
#8427 = PCURVE('',#8327,#8428);
#8428 = DEFINITIONAL_REPRESENTATION('',(#8429),#8433);
#8429 = LINE('',#8430,#8431);
#8430 = CARTESIAN_POINT('',(9.424777960769,1.));
#8431 = VECTOR('',#8432,1.);
#8432 = DIRECTION('',(-1.,0.));
#8433 = ( GEOMETRIC_REPRESENTATION_CONTEXT(2) 
PARAMETRIC_REPRESENTATION_CONTEXT() REPRESENTATION_CONTEXT('2D SPACE',''
  ) );
#8434 = PCURVE('',#8435,#8440);
#8435 = CONICAL_SURFACE('',#8436,18.284210105951,0.785398163397);
#8436 = AXIS2_PLACEMENT_3D('',#8437,#8438,#8439);
#8437 = CARTESIAN_POINT('',(-5.346834086595E-13,19.224663947881,
    66.524990747594));
#8438 = DIRECTION('',(-5.947623346206E-16,0.5,-0.866025403784));
#8439 = DIRECTION('',(-1.,-2.973811673103E-16,5.150792909956E-16));
#8440 = DEFINITIONAL_REPRESENTATION('',(#8441),#8445);
#8441 = LINE('',#8442,#8443);
#8442 = CARTESIAN_POINT('',(9.424777960769,1.));
#8443 = VECTOR('',#8444,1.);
#8444 = DIRECTION('',(-1.,0.));
#8445 = ( GEOMETRIC_REPRESENTATION_CONTEXT(2) 
PARAMETRIC_REPRESENTATION_CONTEXT() REPRESENTATION_CONTEXT('2D SPACE',''
  ) );
#8446 = ORIENTED_EDGE('',*,*,#8309,.T.);
#8447 = ORIENTED_EDGE('',*,*,#8448,.T.);
#8448 = EDGE_CURVE('',#8312,#8393,#8449,.T.);
#8449 = SURFACE_CURVE('',#8450,(#8455,#8462),.PCURVE_S1.);
#8450 = CIRCLE('',#8451,19.284210105951);
#8451 = AXIS2_PLACEMENT_3D('',#8452,#8453,#8454);
#8452 = CARTESIAN_POINT('',(-5.471179065353E-13,29.224663947881,
    49.204482671905));
#8453 = DIRECTION('',(5.947623346206E-16,-0.5,0.866025403784));
#8454 = DIRECTION('',(1.,2.973811673103E-16,-5.150792909956E-16));
#8455 = PCURVE('',#8327,#8456);
#8456 = DEFINITIONAL_REPRESENTATION('',(#8457),#8461);
#8457 = LINE('',#8458,#8459);
#8458 = CARTESIAN_POINT('',(9.424777960769,20.));
#8459 = VECTOR('',#8460,1.);
#8460 = DIRECTION('',(-1.,0.));
#8461 = ( GEOMETRIC_REPRESENTATION_CONTEXT(2) 
PARAMETRIC_REPRESENTATION_CONTEXT() REPRESENTATION_CONTEXT('2D SPACE',''
  ) );
#8462 = PCURVE('',#128,#8463);
#8463 = DEFINITIONAL_REPRESENTATION('',(#8464),#8468);
#8464 = CIRCLE('',#8465,19.284210105951);
#8465 = AXIS2_PLACEMENT_2D('',#8466,#8467);
#8466 = CARTESIAN_POINT('',(-5.462297281156E-13,8.357758929378E-13));
#8467 = DIRECTION('',(1.,0.));
#8468 = ( GEOMETRIC_REPRESENTATION_CONTEXT(2) 
PARAMETRIC_REPRESENTATION_CONTEXT() REPRESENTATION_CONTEXT('2D SPACE',''
  ) );
#8469 = ADVANCED_FACE('',(#8470),#8408,.F.);
#8470 = FACE_BOUND('',#8471,.T.);
#8471 = EDGE_LOOP('',(#8472,#8502,#8528,#8529));
#8472 = ORIENTED_EDGE('',*,*,#8473,.F.);
#8473 = EDGE_CURVE('',#8474,#8476,#8478,.T.);
#8474 = VERTEX_POINT('',#8475);
#8475 = CARTESIAN_POINT('',(9.717500782081,5.991648747097,
    57.730205320851));
#8476 = VERTEX_POINT('',#8477);
#8477 = CARTESIAN_POINT('',(9.717500782081,15.491648747097,
    41.275722648947));
#8478 = SURFACE_CURVE('',#8479,(#8483,#8490),.PCURVE_S1.);
#8479 = LINE('',#8480,#8481);
#8480 = CARTESIAN_POINT('',(9.717500782081,5.491648747097,
    58.596230724636));
#8481 = VECTOR('',#8482,1.);
#8482 = DIRECTION('',(-5.947623346206E-16,0.5,-0.866025403784));
#8483 = PCURVE('',#8408,#8484);
#8484 = DEFINITIONAL_REPRESENTATION('',(#8485),#8489);
#8485 = LINE('',#8486,#8487);
#8486 = CARTESIAN_POINT('',(-0.515902684074,0.));
#8487 = VECTOR('',#8488,1.);
#8488 = DIRECTION('',(-0.,-1.));
#8489 = ( GEOMETRIC_REPRESENTATION_CONTEXT(2) 
PARAMETRIC_REPRESENTATION_CONTEXT() REPRESENTATION_CONTEXT('2D SPACE',''
  ) );
#8490 = PCURVE('',#8491,#8496);
#8491 = PLANE('',#8492);
#8492 = AXIS2_PLACEMENT_3D('',#8493,#8494,#8495);
#8493 = CARTESIAN_POINT('',(10.227051848024,5.421756201183,
    58.555878244438));
#8494 = DIRECTION('',(-0.15643446504,-0.855363193977,-0.493844170298));
#8495 = DIRECTION('',(0.987688340595,-0.135476220752,-7.821723252012E-02
    ));
#8496 = DEFINITIONAL_REPRESENTATION('',(#8497),#8501);
#8497 = LINE('',#8498,#8499);
#8498 = CARTESIAN_POINT('',(-0.515902684074,0.));
#8499 = VECTOR('',#8500,1.);
#8500 = DIRECTION('',(0.,-1.));
#8501 = ( GEOMETRIC_REPRESENTATION_CONTEXT(2) 
PARAMETRIC_REPRESENTATION_CONTEXT() REPRESENTATION_CONTEXT('2D SPACE',''
  ) );
#8502 = ORIENTED_EDGE('',*,*,#8503,.T.);
#8503 = EDGE_CURVE('',#8474,#8391,#8504,.T.);
#8504 = SURFACE_CURVE('',#8505,(#8509,#8516),.PCURVE_S1.);
#8505 = LINE('',#8506,#8507);
#8506 = CARTESIAN_POINT('',(9.398655388436,5.141813498641,
    57.239552711388));
#8507 = VECTOR('',#8508,1.);
#8508 = DIRECTION('',(-0.309016994375,-0.823639103546,-0.475528258148));
#8509 = PCURVE('',#8408,#8510);
#8510 = DEFINITIONAL_REPRESENTATION('',(#8511),#8515);
#8511 = LINE('',#8512,#8513);
#8512 = CARTESIAN_POINT('',(0.515902684074,-1.));
#8513 = VECTOR('',#8514,1.);
#8514 = DIRECTION('',(1.,0.));
#8515 = ( GEOMETRIC_REPRESENTATION_CONTEXT(2) 
PARAMETRIC_REPRESENTATION_CONTEXT() REPRESENTATION_CONTEXT('2D SPACE',''
  ) );
#8516 = PCURVE('',#8517,#8522);
#8517 = PLANE('',#8518);
#8518 = AXIS2_PLACEMENT_3D('',#8519,#8520,#8521);
#8519 = CARTESIAN_POINT('',(12.498913722984,15.707610724875,
    64.494419122537));
#8520 = DIRECTION('',(0.672498511964,-0.54278688011,0.503118429584));
#8521 = DIRECTION('',(-0.309016994375,-0.823639103546,-0.475528258148));
#8522 = DEFINITIONAL_REPRESENTATION('',(#8523),#8527);
#8523 = LINE('',#8524,#8525);
#8524 = CARTESIAN_POINT('',(13.110330255582,1.414213562373));
#8525 = VECTOR('',#8526,1.);
#8526 = DIRECTION('',(1.,9.71445146547E-17));
#8527 = ( GEOMETRIC_REPRESENTATION_CONTEXT(2) 
PARAMETRIC_REPRESENTATION_CONTEXT() REPRESENTATION_CONTEXT('2D SPACE',''
  ) );
#8528 = ORIENTED_EDGE('',*,*,#8390,.T.);
#8529 = ORIENTED_EDGE('',*,*,#8530,.T.);
#8530 = EDGE_CURVE('',#8393,#8476,#8531,.T.);
#8531 = SURFACE_CURVE('',#8532,(#8536,#8543),.PCURVE_S1.);
#8532 = LINE('',#8533,#8534);
#8533 = CARTESIAN_POINT('',(9.558078085259,15.066731122869,
    41.030396344215));
#8534 = VECTOR('',#8535,1.);
#8535 = DIRECTION('',(0.309016994375,0.823639103546,0.475528258148));
#8536 = PCURVE('',#8408,#8537);
#8537 = DEFINITIONAL_REPRESENTATION('',(#8538),#8542);
#8538 = LINE('',#8539,#8540);
#8539 = CARTESIAN_POINT('',(-0.,-20.));
#8540 = VECTOR('',#8541,1.);
#8541 = DIRECTION('',(-1.,0.));
#8542 = ( GEOMETRIC_REPRESENTATION_CONTEXT(2) 
PARAMETRIC_REPRESENTATION_CONTEXT() REPRESENTATION_CONTEXT('2D SPACE',''
  ) );
#8543 = PCURVE('',#128,#8544);
#8544 = DEFINITIONAL_REPRESENTATION('',(#8545),#8549);
#8545 = LINE('',#8546,#8547);
#8546 = CARTESIAN_POINT('',(9.558078085259,-16.34817265537));
#8547 = VECTOR('',#8548,1.);
#8548 = DIRECTION('',(0.309016994375,0.951056516295));
#8549 = ( GEOMETRIC_REPRESENTATION_CONTEXT(2) 
PARAMETRIC_REPRESENTATION_CONTEXT() REPRESENTATION_CONTEXT('2D SPACE',''
  ) );
#8550 = ADVANCED_FACE('',(#8551),#8491,.T.);
#8551 = FACE_BOUND('',#8552,.T.);
#8552 = EDGE_LOOP('',(#8553,#8583,#8609,#8610));
#8553 = ORIENTED_EDGE('',*,*,#8554,.F.);
#8554 = EDGE_CURVE('',#8555,#8557,#8559,.T.);
#8555 = VERTEX_POINT('',#8556);
#8556 = CARTESIAN_POINT('',(10.736602913965,5.851863655269,
    57.649500360455));
#8557 = VERTEX_POINT('',#8558);
#8558 = CARTESIAN_POINT('',(10.736602913965,15.351863655269,
    41.195017688551));
#8559 = SURFACE_CURVE('',#8560,(#8564,#8571),.PCURVE_S1.);
#8560 = LINE('',#8561,#8562);
#8561 = CARTESIAN_POINT('',(10.736602913965,5.351863655269,
    58.51552576424));
#8562 = VECTOR('',#8563,1.);
#8563 = DIRECTION('',(-5.947623346206E-16,0.5,-0.866025403784));
#8564 = PCURVE('',#8491,#8565);
#8565 = DEFINITIONAL_REPRESENTATION('',(#8566),#8570);
#8566 = LINE('',#8567,#8568);
#8567 = CARTESIAN_POINT('',(0.515902684074,0.));
#8568 = VECTOR('',#8569,1.);
#8569 = DIRECTION('',(0.,-1.));
#8570 = ( GEOMETRIC_REPRESENTATION_CONTEXT(2) 
PARAMETRIC_REPRESENTATION_CONTEXT() REPRESENTATION_CONTEXT('2D SPACE',''
  ) );
#8571 = PCURVE('',#8572,#8577);
#8572 = CYLINDRICAL_SURFACE('',#8573,19.284210105951);
#8573 = AXIS2_PLACEMENT_3D('',#8574,#8575,#8576);
#8574 = CARTESIAN_POINT('',(-4.511946372077E-13,19.224663947881,
    66.524990747593));
#8575 = DIRECTION('',(-5.947623346206E-16,0.5,-0.866025403784));
#8576 = DIRECTION('',(-1.,-2.973811673103E-16,5.150792909956E-16));
#8577 = DEFINITIONAL_REPRESENTATION('',(#8578),#8582);
#8578 = LINE('',#8579,#8580);
#8579 = CARTESIAN_POINT('',(4.12191336564,0.));
#8580 = VECTOR('',#8581,1.);
#8581 = DIRECTION('',(0.,1.));
#8582 = ( GEOMETRIC_REPRESENTATION_CONTEXT(2) 
PARAMETRIC_REPRESENTATION_CONTEXT() REPRESENTATION_CONTEXT('2D SPACE',''
  ) );
#8583 = ORIENTED_EDGE('',*,*,#8584,.T.);
#8584 = EDGE_CURVE('',#8555,#8474,#8585,.T.);
#8585 = SURFACE_CURVE('',#8586,(#8590,#8597),.PCURVE_S1.);
#8586 = LINE('',#8587,#8588);
#8587 = CARTESIAN_POINT('',(10.227051848024,5.921756201183,
    57.689852840653));
#8588 = VECTOR('',#8589,1.);
#8589 = DIRECTION('',(-0.987688340595,0.135476220752,7.821723252012E-02)
  );
#8590 = PCURVE('',#8491,#8591);
#8591 = DEFINITIONAL_REPRESENTATION('',(#8592),#8596);
#8592 = LINE('',#8593,#8594);
#8593 = CARTESIAN_POINT('',(0.,-1.));
#8594 = VECTOR('',#8595,1.);
#8595 = DIRECTION('',(-1.,0.));
#8596 = ( GEOMETRIC_REPRESENTATION_CONTEXT(2) 
PARAMETRIC_REPRESENTATION_CONTEXT() REPRESENTATION_CONTEXT('2D SPACE',''
  ) );
#8597 = PCURVE('',#8598,#8603);
#8598 = PLANE('',#8599);
#8599 = AXIS2_PLACEMENT_3D('',#8600,#8601,#8602);
#8600 = CARTESIAN_POINT('',(10.227051848024,5.921756201183,
    57.689852840653));
#8601 = DIRECTION('',(0.110615871041,0.958386505432,-0.263171874029));
#8602 = DIRECTION('',(-0.987688340595,0.135476220752,7.821723252012E-02)
  );
#8603 = DEFINITIONAL_REPRESENTATION('',(#8604),#8608);
#8604 = LINE('',#8605,#8606);
#8605 = CARTESIAN_POINT('',(0.,0.));
#8606 = VECTOR('',#8607,1.);
#8607 = DIRECTION('',(1.,6.938893903907E-18));
#8608 = ( GEOMETRIC_REPRESENTATION_CONTEXT(2) 
PARAMETRIC_REPRESENTATION_CONTEXT() REPRESENTATION_CONTEXT('2D SPACE',''
  ) );
#8609 = ORIENTED_EDGE('',*,*,#8473,.T.);
#8610 = ORIENTED_EDGE('',*,*,#8611,.F.);
#8611 = EDGE_CURVE('',#8557,#8476,#8612,.T.);
#8612 = SURFACE_CURVE('',#8613,(#8617,#8624),.PCURVE_S1.);
#8613 = LINE('',#8614,#8615);
#8614 = CARTESIAN_POINT('',(10.227051848023,15.421756201183,
    41.235370168749));
#8615 = VECTOR('',#8616,1.);
#8616 = DIRECTION('',(-0.987688340595,0.135476220752,7.821723252012E-02)
  );
#8617 = PCURVE('',#8491,#8618);
#8618 = DEFINITIONAL_REPRESENTATION('',(#8619),#8623);
#8619 = LINE('',#8620,#8621);
#8620 = CARTESIAN_POINT('',(0.,-20.));
#8621 = VECTOR('',#8622,1.);
#8622 = DIRECTION('',(-1.,0.));
#8623 = ( GEOMETRIC_REPRESENTATION_CONTEXT(2) 
PARAMETRIC_REPRESENTATION_CONTEXT() REPRESENTATION_CONTEXT('2D SPACE',''
  ) );
#8624 = PCURVE('',#128,#8625);
#8625 = DEFINITIONAL_REPRESENTATION('',(#8626),#8630);
#8626 = LINE('',#8627,#8628);
#8627 = CARTESIAN_POINT('',(10.227051848024,-15.93822500631));
#8628 = VECTOR('',#8629,1.);
#8629 = DIRECTION('',(-0.987688340595,0.15643446504));
#8630 = ( GEOMETRIC_REPRESENTATION_CONTEXT(2) 
PARAMETRIC_REPRESENTATION_CONTEXT() REPRESENTATION_CONTEXT('2D SPACE',''
  ) );
#8631 = ADVANCED_FACE('',(#8632),#8572,.T.);
#8632 = FACE_BOUND('',#8633,.T.);
#8633 = EDGE_LOOP('',(#8634,#8664,#8691,#8692));
#8634 = ORIENTED_EDGE('',*,*,#8635,.F.);
#8635 = EDGE_CURVE('',#8636,#8638,#8640,.T.);
#8636 = VERTEX_POINT('',#8637);
#8637 = CARTESIAN_POINT('',(11.917114966641,6.594646898702,
    58.078346466001));
#8638 = VERTEX_POINT('',#8639);
#8639 = CARTESIAN_POINT('',(11.917114966641,16.094646898702,
    41.623863794097));
#8640 = SURFACE_CURVE('',#8641,(#8645,#8652),.PCURVE_S1.);
#8641 = LINE('',#8642,#8643);
#8642 = CARTESIAN_POINT('',(11.917114966641,6.094646898702,
    58.944371869786));
#8643 = VECTOR('',#8644,1.);
#8644 = DIRECTION('',(-5.947623346206E-16,0.5,-0.866025403784));
#8645 = PCURVE('',#8572,#8646);
#8646 = DEFINITIONAL_REPRESENTATION('',(#8647),#8651);
#8647 = LINE('',#8648,#8649);
#8648 = CARTESIAN_POINT('',(4.046227533693,0.));
#8649 = VECTOR('',#8650,1.);
#8650 = DIRECTION('',(0.,1.));
#8651 = ( GEOMETRIC_REPRESENTATION_CONTEXT(2) 
PARAMETRIC_REPRESENTATION_CONTEXT() REPRESENTATION_CONTEXT('2D SPACE',''
  ) );
#8652 = PCURVE('',#8653,#8658);
#8653 = PLANE('',#8654);
#8654 = AXIS2_PLACEMENT_3D('',#8655,#8656,#8657);
#8655 = CARTESIAN_POINT('',(11.997819927037,6.535931066334,
    59.199147402757));
#8656 = DIRECTION('',(-0.987688340595,0.135476220752,7.821723252012E-02)
  );
#8657 = DIRECTION('',(-0.15643446504,-0.855363193977,-0.493844170298));
#8658 = DEFINITIONAL_REPRESENTATION('',(#8659),#8663);
#8659 = LINE('',#8660,#8661);
#8660 = CARTESIAN_POINT('',(0.515902684074,0.));
#8661 = VECTOR('',#8662,1.);
#8662 = DIRECTION('',(-0.,-1.));
#8663 = ( GEOMETRIC_REPRESENTATION_CONTEXT(2) 
PARAMETRIC_REPRESENTATION_CONTEXT() REPRESENTATION_CONTEXT('2D SPACE',''
  ) );
#8664 = ORIENTED_EDGE('',*,*,#8665,.F.);
#8665 = EDGE_CURVE('',#8555,#8636,#8666,.T.);
#8666 = SURFACE_CURVE('',#8667,(#8672,#8679),.PCURVE_S1.);
#8667 = CIRCLE('',#8668,19.284210105951);
#8668 = AXIS2_PLACEMENT_3D('',#8669,#8670,#8671);
#8669 = CARTESIAN_POINT('',(-4.520828156274E-13,19.724663947881,
    65.658965343809));
#8670 = DIRECTION('',(5.947623346206E-16,-0.5,0.866025403784));
#8671 = DIRECTION('',(1.,2.973811673103E-16,-5.150792909956E-16));
#8672 = PCURVE('',#8572,#8673);
#8673 = DEFINITIONAL_REPRESENTATION('',(#8674),#8678);
#8674 = LINE('',#8675,#8676);
#8675 = CARTESIAN_POINT('',(9.424777960769,1.));
#8676 = VECTOR('',#8677,1.);
#8677 = DIRECTION('',(-1.,0.));
#8678 = ( GEOMETRIC_REPRESENTATION_CONTEXT(2) 
PARAMETRIC_REPRESENTATION_CONTEXT() REPRESENTATION_CONTEXT('2D SPACE',''
  ) );
#8679 = PCURVE('',#8680,#8685);
#8680 = CONICAL_SURFACE('',#8681,18.284210105951,0.785398163397);
#8681 = AXIS2_PLACEMENT_3D('',#8682,#8683,#8684);
#8682 = CARTESIAN_POINT('',(-4.511946372077E-13,19.224663947881,
    66.524990747593));
#8683 = DIRECTION('',(-5.947623346206E-16,0.5,-0.866025403784));
#8684 = DIRECTION('',(-1.,-2.973811673103E-16,5.150792909956E-16));
#8685 = DEFINITIONAL_REPRESENTATION('',(#8686),#8690);
#8686 = LINE('',#8687,#8688);
#8687 = CARTESIAN_POINT('',(9.424777960769,1.));
#8688 = VECTOR('',#8689,1.);
#8689 = DIRECTION('',(-1.,0.));
#8690 = ( GEOMETRIC_REPRESENTATION_CONTEXT(2) 
PARAMETRIC_REPRESENTATION_CONTEXT() REPRESENTATION_CONTEXT('2D SPACE',''
  ) );
#8691 = ORIENTED_EDGE('',*,*,#8554,.T.);
#8692 = ORIENTED_EDGE('',*,*,#8693,.T.);
#8693 = EDGE_CURVE('',#8557,#8638,#8694,.T.);
#8694 = SURFACE_CURVE('',#8695,(#8700,#8707),.PCURVE_S1.);
#8695 = CIRCLE('',#8696,19.284210105951);
#8696 = AXIS2_PLACEMENT_3D('',#8697,#8698,#8699);
#8697 = CARTESIAN_POINT('',(-4.636291350835E-13,29.224663947881,
    49.204482671905));
#8698 = DIRECTION('',(5.947623346206E-16,-0.5,0.866025403784));
#8699 = DIRECTION('',(1.,2.973811673103E-16,-5.150792909956E-16));
#8700 = PCURVE('',#8572,#8701);
#8701 = DEFINITIONAL_REPRESENTATION('',(#8702),#8706);
#8702 = LINE('',#8703,#8704);
#8703 = CARTESIAN_POINT('',(9.424777960769,20.));
#8704 = VECTOR('',#8705,1.);
#8705 = DIRECTION('',(-1.,0.));
#8706 = ( GEOMETRIC_REPRESENTATION_CONTEXT(2) 
PARAMETRIC_REPRESENTATION_CONTEXT() REPRESENTATION_CONTEXT('2D SPACE',''
  ) );
#8707 = PCURVE('',#128,#8708);
#8708 = DEFINITIONAL_REPRESENTATION('',(#8709),#8713);
#8709 = CIRCLE('',#8710,19.284210105951);
#8710 = AXIS2_PLACEMENT_2D('',#8711,#8712);
#8711 = CARTESIAN_POINT('',(-4.627409566638E-13,5.737632591263E-13));
#8712 = DIRECTION('',(1.,0.));
#8713 = ( GEOMETRIC_REPRESENTATION_CONTEXT(2) 
PARAMETRIC_REPRESENTATION_CONTEXT() REPRESENTATION_CONTEXT('2D SPACE',''
  ) );
#8714 = ADVANCED_FACE('',(#8715),#8653,.F.);
#8715 = FACE_BOUND('',#8716,.T.);
#8716 = EDGE_LOOP('',(#8717,#8747,#8773,#8774));
#8717 = ORIENTED_EDGE('',*,*,#8718,.F.);
#8718 = EDGE_CURVE('',#8719,#8721,#8723,.T.);
#8719 = VERTEX_POINT('',#8720);
#8720 = CARTESIAN_POINT('',(12.078524887433,7.477215233965,
    58.587897531943));
#8721 = VERTEX_POINT('',#8722);
#8722 = CARTESIAN_POINT('',(12.078524887433,16.977215233965,
    42.133414860039));
#8723 = SURFACE_CURVE('',#8724,(#8728,#8735),.PCURVE_S1.);
#8724 = LINE('',#8725,#8726);
#8725 = CARTESIAN_POINT('',(12.078524887433,6.977215233965,
    59.453922935728));
#8726 = VECTOR('',#8727,1.);
#8727 = DIRECTION('',(-5.947623346206E-16,0.5,-0.866025403784));
#8728 = PCURVE('',#8653,#8729);
#8729 = DEFINITIONAL_REPRESENTATION('',(#8730),#8734);
#8730 = LINE('',#8731,#8732);
#8731 = CARTESIAN_POINT('',(-0.515902684074,0.));
#8732 = VECTOR('',#8733,1.);
#8733 = DIRECTION('',(-0.,-1.));
#8734 = ( GEOMETRIC_REPRESENTATION_CONTEXT(2) 
PARAMETRIC_REPRESENTATION_CONTEXT() REPRESENTATION_CONTEXT('2D SPACE',''
  ) );
#8735 = PCURVE('',#8736,#8741);
#8736 = PLANE('',#8737);
#8737 = AXIS2_PLACEMENT_3D('',#8738,#8739,#8740);
#8738 = CARTESIAN_POINT('',(12.594427571508,6.977215233965,
    59.453922935728));
#8739 = DIRECTION('',(-8.381647117973E-31,-0.866025403784,-0.5));
#8740 = DIRECTION('',(-5.947623346206E-16,0.5,-0.866025403784));
#8741 = DEFINITIONAL_REPRESENTATION('',(#8742),#8746);
#8742 = LINE('',#8743,#8744);
#8743 = CARTESIAN_POINT('',(0.,-0.515902684074));
#8744 = VECTOR('',#8745,1.);
#8745 = DIRECTION('',(1.,0.));
#8746 = ( GEOMETRIC_REPRESENTATION_CONTEXT(2) 
PARAMETRIC_REPRESENTATION_CONTEXT() REPRESENTATION_CONTEXT('2D SPACE',''
  ) );
#8747 = ORIENTED_EDGE('',*,*,#8748,.T.);
#8748 = EDGE_CURVE('',#8719,#8636,#8749,.T.);
#8749 = SURFACE_CURVE('',#8750,(#8754,#8761),.PCURVE_S1.);
#8750 = LINE('',#8751,#8752);
#8751 = CARTESIAN_POINT('',(11.917114966641,6.594646898702,
    58.078346466001));
#8752 = VECTOR('',#8753,1.);
#8753 = DIRECTION('',(-0.15643446504,-0.855363193977,-0.493844170298));
#8754 = PCURVE('',#8653,#8755);
#8755 = DEFINITIONAL_REPRESENTATION('',(#8756),#8760);
#8756 = LINE('',#8757,#8758);
#8757 = CARTESIAN_POINT('',(0.515902684074,-1.));
#8758 = VECTOR('',#8759,1.);
#8759 = DIRECTION('',(1.,0.));
#8760 = ( GEOMETRIC_REPRESENTATION_CONTEXT(2) 
PARAMETRIC_REPRESENTATION_CONTEXT() REPRESENTATION_CONTEXT('2D SPACE',''
  ) );
#8761 = PCURVE('',#8762,#8767);
#8762 = PLANE('',#8763);
#8763 = AXIS2_PLACEMENT_3D('',#8764,#8765,#8766);
#8764 = CARTESIAN_POINT('',(12.980334126079,17.444217080964,
    65.497049269701));
#8765 = DIRECTION('',(0.698401123334,-0.449349544977,0.557064500175));
#8766 = DIRECTION('',(-0.15643446504,-0.855363193977,-0.493844170298));
#8767 = DEFINITIONAL_REPRESENTATION('',(#8768),#8772);
#8768 = LINE('',#8769,#8770);
#8769 = CARTESIAN_POINT('',(13.110330255582,1.414213562373));
#8770 = VECTOR('',#8771,1.);
#8771 = DIRECTION('',(1.,4.163336342344E-17));
#8772 = ( GEOMETRIC_REPRESENTATION_CONTEXT(2) 
PARAMETRIC_REPRESENTATION_CONTEXT() REPRESENTATION_CONTEXT('2D SPACE',''
  ) );
#8773 = ORIENTED_EDGE('',*,*,#8635,.T.);
#8774 = ORIENTED_EDGE('',*,*,#8775,.T.);
#8775 = EDGE_CURVE('',#8638,#8721,#8776,.T.);
#8776 = SURFACE_CURVE('',#8777,(#8781,#8788),.PCURVE_S1.);
#8777 = LINE('',#8778,#8779);
#8778 = CARTESIAN_POINT('',(11.997819927037,16.535931066334,
    41.878639327068));
#8779 = VECTOR('',#8780,1.);
#8780 = DIRECTION('',(0.15643446504,0.855363193977,0.493844170298));
#8781 = PCURVE('',#8653,#8782);
#8782 = DEFINITIONAL_REPRESENTATION('',(#8783),#8787);
#8783 = LINE('',#8784,#8785);
#8784 = CARTESIAN_POINT('',(-0.,-20.));
#8785 = VECTOR('',#8786,1.);
#8786 = DIRECTION('',(-1.,0.));
#8787 = ( GEOMETRIC_REPRESENTATION_CONTEXT(2) 
PARAMETRIC_REPRESENTATION_CONTEXT() REPRESENTATION_CONTEXT('2D SPACE',''
  ) );
#8788 = PCURVE('',#128,#8789);
#8789 = DEFINITIONAL_REPRESENTATION('',(#8790),#8794);
#8790 = LINE('',#8791,#8792);
#8791 = CARTESIAN_POINT('',(11.997819927037,-14.65168668967));
#8792 = VECTOR('',#8793,1.);
#8793 = DIRECTION('',(0.15643446504,0.987688340595));
#8794 = ( GEOMETRIC_REPRESENTATION_CONTEXT(2) 
PARAMETRIC_REPRESENTATION_CONTEXT() REPRESENTATION_CONTEXT('2D SPACE',''
  ) );
#8795 = ADVANCED_FACE('',(#8796),#8736,.T.);
#8796 = FACE_BOUND('',#8797,.T.);
#8797 = EDGE_LOOP('',(#8798,#8828,#8854,#8855));
#8798 = ORIENTED_EDGE('',*,*,#8799,.F.);
#8799 = EDGE_CURVE('',#8800,#8802,#8804,.T.);
#8800 = VERTEX_POINT('',#8801);
#8801 = CARTESIAN_POINT('',(13.110330255582,7.477215233965,
    58.587897531943));
#8802 = VERTEX_POINT('',#8803);
#8803 = CARTESIAN_POINT('',(13.110330255582,16.977215233965,
    42.133414860039));
#8804 = SURFACE_CURVE('',#8805,(#8809,#8816),.PCURVE_S1.);
#8805 = LINE('',#8806,#8807);
#8806 = CARTESIAN_POINT('',(13.110330255582,6.977215233965,
    59.453922935728));
#8807 = VECTOR('',#8808,1.);
#8808 = DIRECTION('',(-5.947623346206E-16,0.5,-0.866025403784));
#8809 = PCURVE('',#8736,#8810);
#8810 = DEFINITIONAL_REPRESENTATION('',(#8811),#8815);
#8811 = LINE('',#8812,#8813);
#8812 = CARTESIAN_POINT('',(0.,0.515902684074));
#8813 = VECTOR('',#8814,1.);
#8814 = DIRECTION('',(1.,0.));
#8815 = ( GEOMETRIC_REPRESENTATION_CONTEXT(2) 
PARAMETRIC_REPRESENTATION_CONTEXT() REPRESENTATION_CONTEXT('2D SPACE',''
  ) );
#8816 = PCURVE('',#8817,#8822);
#8817 = CYLINDRICAL_SURFACE('',#8818,19.284210105953);
#8818 = AXIS2_PLACEMENT_3D('',#8819,#8820,#8821);
#8819 = CARTESIAN_POINT('',(-2.237321439225E-12,19.224663947883,
    66.524990747594));
#8820 = DIRECTION('',(-5.947623346206E-16,0.5,-0.866025403784));
#8821 = DIRECTION('',(-1.,-2.973811673103E-16,5.150792909956E-16));
#8822 = DEFINITIONAL_REPRESENTATION('',(#8823),#8827);
#8823 = LINE('',#8824,#8825);
#8824 = CARTESIAN_POINT('',(3.964833732961,0.));
#8825 = VECTOR('',#8826,1.);
#8826 = DIRECTION('',(0.,1.));
#8827 = ( GEOMETRIC_REPRESENTATION_CONTEXT(2) 
PARAMETRIC_REPRESENTATION_CONTEXT() REPRESENTATION_CONTEXT('2D SPACE',''
  ) );
#8828 = ORIENTED_EDGE('',*,*,#8829,.T.);
#8829 = EDGE_CURVE('',#8800,#8719,#8830,.T.);
#8830 = SURFACE_CURVE('',#8831,(#8835,#8842),.PCURVE_S1.);
#8831 = LINE('',#8832,#8833);
#8832 = CARTESIAN_POINT('',(12.594427571508,7.477215233965,
    58.587897531943));
#8833 = VECTOR('',#8834,1.);
#8834 = DIRECTION('',(-1.,-2.973811673103E-16,5.150792909956E-16));
#8835 = PCURVE('',#8736,#8836);
#8836 = DEFINITIONAL_REPRESENTATION('',(#8837),#8841);
#8837 = LINE('',#8838,#8839);
#8838 = CARTESIAN_POINT('',(1.,0.));
#8839 = VECTOR('',#8840,1.);
#8840 = DIRECTION('',(0.,-1.));
#8841 = ( GEOMETRIC_REPRESENTATION_CONTEXT(2) 
PARAMETRIC_REPRESENTATION_CONTEXT() REPRESENTATION_CONTEXT('2D SPACE',''
  ) );
#8842 = PCURVE('',#8843,#8848);
#8843 = PLANE('',#8844);
#8844 = AXIS2_PLACEMENT_3D('',#8845,#8846,#8847);
#8845 = CARTESIAN_POINT('',(12.594427571508,7.477215233965,
    58.587897531943));
#8846 = DIRECTION('',(-4.205604800046E-16,0.965925826289,-0.258819045103
    ));
#8847 = DIRECTION('',(-1.,-2.973811673103E-16,5.150792909956E-16));
#8848 = DEFINITIONAL_REPRESENTATION('',(#8849),#8853);
#8849 = LINE('',#8850,#8851);
#8850 = CARTESIAN_POINT('',(0.,0.));
#8851 = VECTOR('',#8852,1.);
#8852 = DIRECTION('',(1.,0.));
#8853 = ( GEOMETRIC_REPRESENTATION_CONTEXT(2) 
PARAMETRIC_REPRESENTATION_CONTEXT() REPRESENTATION_CONTEXT('2D SPACE',''
  ) );
#8854 = ORIENTED_EDGE('',*,*,#8718,.T.);
#8855 = ORIENTED_EDGE('',*,*,#8856,.F.);
#8856 = EDGE_CURVE('',#8802,#8721,#8857,.T.);
#8857 = SURFACE_CURVE('',#8858,(#8862,#8869),.PCURVE_S1.);
#8858 = LINE('',#8859,#8860);
#8859 = CARTESIAN_POINT('',(12.594427571508,16.977215233965,
    42.133414860039));
#8860 = VECTOR('',#8861,1.);
#8861 = DIRECTION('',(-1.,-2.973811673103E-16,5.150792909956E-16));
#8862 = PCURVE('',#8736,#8863);
#8863 = DEFINITIONAL_REPRESENTATION('',(#8864),#8868);
#8864 = LINE('',#8865,#8866);
#8865 = CARTESIAN_POINT('',(20.,0.));
#8866 = VECTOR('',#8867,1.);
#8867 = DIRECTION('',(0.,-1.));
#8868 = ( GEOMETRIC_REPRESENTATION_CONTEXT(2) 
PARAMETRIC_REPRESENTATION_CONTEXT() REPRESENTATION_CONTEXT('2D SPACE',''
  ) );
#8869 = PCURVE('',#128,#8870);
#8870 = DEFINITIONAL_REPRESENTATION('',(#8871),#8875);
#8871 = LINE('',#8872,#8873);
#8872 = CARTESIAN_POINT('',(12.594427571508,-14.14213562373));
#8873 = VECTOR('',#8874,1.);
#8874 = DIRECTION('',(-1.,0.));
#8875 = ( GEOMETRIC_REPRESENTATION_CONTEXT(2) 
PARAMETRIC_REPRESENTATION_CONTEXT() REPRESENTATION_CONTEXT('2D SPACE',''
  ) );
#8876 = ADVANCED_FACE('',(#8877),#8817,.T.);
#8877 = FACE_BOUND('',#8878,.T.);
#8878 = EDGE_LOOP('',(#8879,#8909,#8936,#8937));
#8879 = ORIENTED_EDGE('',*,*,#8880,.F.);
#8880 = EDGE_CURVE('',#8881,#8883,#8885,.T.);
#8881 = VERTEX_POINT('',#8882);
#8882 = CARTESIAN_POINT('',(14.142135623731,8.370784894543,
    59.103800216018));
#8883 = VERTEX_POINT('',#8884);
#8884 = CARTESIAN_POINT('',(14.142135623731,17.870784894543,
    42.649317544113));
#8885 = SURFACE_CURVE('',#8886,(#8890,#8897),.PCURVE_S1.);
#8886 = LINE('',#8887,#8888);
#8887 = CARTESIAN_POINT('',(14.142135623731,7.870784894543,
    59.969825619802));
#8888 = VECTOR('',#8889,1.);
#8889 = DIRECTION('',(-5.947623346206E-16,0.5,-0.866025403784));
#8890 = PCURVE('',#8817,#8891);
#8891 = DEFINITIONAL_REPRESENTATION('',(#8892),#8896);
#8892 = LINE('',#8893,#8894);
#8893 = CARTESIAN_POINT('',(3.889147901014,0.));
#8894 = VECTOR('',#8895,1.);
#8895 = DIRECTION('',(0.,1.));
#8896 = ( GEOMETRIC_REPRESENTATION_CONTEXT(2) 
PARAMETRIC_REPRESENTATION_CONTEXT() REPRESENTATION_CONTEXT('2D SPACE',''
  ) );
#8897 = PCURVE('',#8898,#8903);
#8898 = PLANE('',#8899);
#8899 = AXIS2_PLACEMENT_3D('',#8900,#8901,#8902);
#8900 = CARTESIAN_POINT('',(14.142135623731,8.317569724832,
    60.227776961839));
#8901 = DIRECTION('',(-1.,-2.973811673103E-16,5.150792909956E-16));
#8902 = DIRECTION('',(5.947623346206E-16,-0.5,0.866025403784));
#8903 = DEFINITIONAL_REPRESENTATION('',(#8904),#8908);
#8904 = LINE('',#8905,#8906);
#8905 = CARTESIAN_POINT('',(0.,-0.515902684074));
#8906 = VECTOR('',#8907,1.);
#8907 = DIRECTION('',(-1.,0.));
#8908 = ( GEOMETRIC_REPRESENTATION_CONTEXT(2) 
PARAMETRIC_REPRESENTATION_CONTEXT() REPRESENTATION_CONTEXT('2D SPACE',''
  ) );
#8909 = ORIENTED_EDGE('',*,*,#8910,.F.);
#8910 = EDGE_CURVE('',#8800,#8881,#8911,.T.);
#8911 = SURFACE_CURVE('',#8912,(#8917,#8924),.PCURVE_S1.);
#8912 = CIRCLE('',#8913,19.284210105953);
#8913 = AXIS2_PLACEMENT_3D('',#8914,#8915,#8916);
#8914 = CARTESIAN_POINT('',(-2.238209617644E-12,19.724663947883,
    65.65896534381));
#8915 = DIRECTION('',(5.947623346206E-16,-0.5,0.866025403784));
#8916 = DIRECTION('',(1.,2.973811673103E-16,-5.150792909956E-16));
#8917 = PCURVE('',#8817,#8918);
#8918 = DEFINITIONAL_REPRESENTATION('',(#8919),#8923);
#8919 = LINE('',#8920,#8921);
#8920 = CARTESIAN_POINT('',(9.424777960769,1.));
#8921 = VECTOR('',#8922,1.);
#8922 = DIRECTION('',(-1.,0.));
#8923 = ( GEOMETRIC_REPRESENTATION_CONTEXT(2) 
PARAMETRIC_REPRESENTATION_CONTEXT() REPRESENTATION_CONTEXT('2D SPACE',''
  ) );
#8924 = PCURVE('',#8925,#8930);
#8925 = CONICAL_SURFACE('',#8926,18.284210105953,0.785398163397);
#8926 = AXIS2_PLACEMENT_3D('',#8927,#8928,#8929);
#8927 = CARTESIAN_POINT('',(-2.237321439225E-12,19.224663947883,
    66.524990747594));
#8928 = DIRECTION('',(-5.947623346206E-16,0.5,-0.866025403784));
#8929 = DIRECTION('',(-1.,-2.973811673103E-16,5.150792909956E-16));
#8930 = DEFINITIONAL_REPRESENTATION('',(#8931),#8935);
#8931 = LINE('',#8932,#8933);
#8932 = CARTESIAN_POINT('',(9.424777960769,1.));
#8933 = VECTOR('',#8934,1.);
#8934 = DIRECTION('',(-1.,0.));
#8935 = ( GEOMETRIC_REPRESENTATION_CONTEXT(2) 
PARAMETRIC_REPRESENTATION_CONTEXT() REPRESENTATION_CONTEXT('2D SPACE',''
  ) );
#8936 = ORIENTED_EDGE('',*,*,#8799,.T.);
#8937 = ORIENTED_EDGE('',*,*,#8938,.T.);
#8938 = EDGE_CURVE('',#8802,#8883,#8939,.T.);
#8939 = SURFACE_CURVE('',#8940,(#8945,#8952),.PCURVE_S1.);
#8940 = CIRCLE('',#8941,19.284210105953);
#8941 = AXIS2_PLACEMENT_3D('',#8942,#8943,#8944);
#8942 = CARTESIAN_POINT('',(-2.2497559371E-12,29.224663947883,
    49.204482671906));
#8943 = DIRECTION('',(5.947623346206E-16,-0.5,0.866025403784));
#8944 = DIRECTION('',(1.,2.973811673103E-16,-5.150792909956E-16));
#8945 = PCURVE('',#8817,#8946);
#8946 = DEFINITIONAL_REPRESENTATION('',(#8947),#8951);
#8947 = LINE('',#8948,#8949);
#8948 = CARTESIAN_POINT('',(9.424777960769,20.));
#8949 = VECTOR('',#8950,1.);
#8950 = DIRECTION('',(-1.,0.));
#8951 = ( GEOMETRIC_REPRESENTATION_CONTEXT(2) 
PARAMETRIC_REPRESENTATION_CONTEXT() REPRESENTATION_CONTEXT('2D SPACE',''
  ) );
#8952 = PCURVE('',#128,#8953);
#8953 = DEFINITIONAL_REPRESENTATION('',(#8954),#8958);
#8954 = CIRCLE('',#8955,19.284210105953);
#8955 = AXIS2_PLACEMENT_2D('',#8956,#8957);
#8956 = CARTESIAN_POINT('',(-2.248867758681E-12,2.223110584509E-12));
#8957 = DIRECTION('',(1.,0.));
#8958 = ( GEOMETRIC_REPRESENTATION_CONTEXT(2) 
PARAMETRIC_REPRESENTATION_CONTEXT() REPRESENTATION_CONTEXT('2D SPACE',''
  ) );
#8959 = ADVANCED_FACE('',(#8960),#8898,.F.);
#8960 = FACE_BOUND('',#8961,.T.);
#8961 = EDGE_LOOP('',(#8962,#8992,#9018,#9019));
#8962 = ORIENTED_EDGE('',*,*,#8963,.F.);
#8963 = EDGE_CURVE('',#8964,#8966,#8968,.T.);
#8964 = VERTEX_POINT('',#8965);
#8965 = CARTESIAN_POINT('',(14.142135623731,9.264354555121,
    59.619702900092));
#8966 = VERTEX_POINT('',#8967);
#8967 = CARTESIAN_POINT('',(14.142135623731,18.764354555121,
    43.165220228188));
#8968 = SURFACE_CURVE('',#8969,(#8973,#8980),.PCURVE_S1.);
#8969 = LINE('',#8970,#8971);
#8970 = CARTESIAN_POINT('',(14.142135623731,8.764354555121,
    60.485728303876));
#8971 = VECTOR('',#8972,1.);
#8972 = DIRECTION('',(-5.947623346206E-16,0.5,-0.866025403784));
#8973 = PCURVE('',#8898,#8974);
#8974 = DEFINITIONAL_REPRESENTATION('',(#8975),#8979);
#8975 = LINE('',#8976,#8977);
#8976 = CARTESIAN_POINT('',(0.,0.515902684074));
#8977 = VECTOR('',#8978,1.);
#8978 = DIRECTION('',(-1.,0.));
#8979 = ( GEOMETRIC_REPRESENTATION_CONTEXT(2) 
PARAMETRIC_REPRESENTATION_CONTEXT() REPRESENTATION_CONTEXT('2D SPACE',''
  ) );
#8980 = PCURVE('',#8981,#8986);
#8981 = PLANE('',#8982);
#8982 = AXIS2_PLACEMENT_3D('',#8983,#8984,#8985);
#8983 = CARTESIAN_POINT('',(14.651686689673,8.834247101035,
    60.526080784074));
#8984 = DIRECTION('',(0.15643446504,-0.855363193977,-0.493844170298));
#8985 = DIRECTION('',(0.987688340595,0.135476220752,7.821723252011E-02)
  );
#8986 = DEFINITIONAL_REPRESENTATION('',(#8987),#8991);
#8987 = LINE('',#8988,#8989);
#8988 = CARTESIAN_POINT('',(-0.515902684074,0.));
#8989 = VECTOR('',#8990,1.);
#8990 = DIRECTION('',(0.,-1.));
#8991 = ( GEOMETRIC_REPRESENTATION_CONTEXT(2) 
PARAMETRIC_REPRESENTATION_CONTEXT() REPRESENTATION_CONTEXT('2D SPACE',''
  ) );
#8992 = ORIENTED_EDGE('',*,*,#8993,.T.);
#8993 = EDGE_CURVE('',#8964,#8881,#8994,.T.);
#8994 = SURFACE_CURVE('',#8995,(#8999,#9006),.PCURVE_S1.);
#8995 = LINE('',#8996,#8997);
#8996 = CARTESIAN_POINT('',(14.142135623731,8.370784894543,
    59.103800216018));
#8997 = VECTOR('',#8998,1.);
#8998 = DIRECTION('',(-8.381647117973E-31,-0.866025403784,-0.5));
#8999 = PCURVE('',#8898,#9000);
#9000 = DEFINITIONAL_REPRESENTATION('',(#9001),#9005);
#9001 = LINE('',#9002,#9003);
#9002 = CARTESIAN_POINT('',(-1.,-0.515902684074));
#9003 = VECTOR('',#9004,1.);
#9004 = DIRECTION('',(0.,-1.));
#9005 = ( GEOMETRIC_REPRESENTATION_CONTEXT(2) 
PARAMETRIC_REPRESENTATION_CONTEXT() REPRESENTATION_CONTEXT('2D SPACE',''
  ) );
#9006 = PCURVE('',#9007,#9012);
#9007 = PLANE('',#9008);
#9008 = AXIS2_PLACEMENT_3D('',#9009,#9010,#9011);
#9009 = CARTESIAN_POINT('',(13.142135623731,19.224663947881,
    66.524990747593));
#9010 = DIRECTION('',(0.707106781187,-0.353553390593,0.612372435696));
#9011 = DIRECTION('',(-8.381647117973E-31,-0.866025403784,-0.5));
#9012 = DEFINITIONAL_REPRESENTATION('',(#9013),#9017);
#9013 = LINE('',#9014,#9015);
#9014 = CARTESIAN_POINT('',(13.110330255582,1.414213562373));
#9015 = VECTOR('',#9016,1.);
#9016 = DIRECTION('',(1.,0.));
#9017 = ( GEOMETRIC_REPRESENTATION_CONTEXT(2) 
PARAMETRIC_REPRESENTATION_CONTEXT() REPRESENTATION_CONTEXT('2D SPACE',''
  ) );
#9018 = ORIENTED_EDGE('',*,*,#8880,.T.);
#9019 = ORIENTED_EDGE('',*,*,#9020,.T.);
#9020 = EDGE_CURVE('',#8883,#8966,#9021,.T.);
#9021 = SURFACE_CURVE('',#9022,(#9026,#9033),.PCURVE_S1.);
#9022 = LINE('',#9023,#9024);
#9023 = CARTESIAN_POINT('',(14.142135623731,18.317569724832,
    42.907268886151));
#9024 = VECTOR('',#9025,1.);
#9025 = DIRECTION('',(8.381647117973E-31,0.866025403784,0.5));
#9026 = PCURVE('',#8898,#9027);
#9027 = DEFINITIONAL_REPRESENTATION('',(#9028),#9032);
#9028 = LINE('',#9029,#9030);
#9029 = CARTESIAN_POINT('',(-20.,0.));
#9030 = VECTOR('',#9031,1.);
#9031 = DIRECTION('',(0.,1.));
#9032 = ( GEOMETRIC_REPRESENTATION_CONTEXT(2) 
PARAMETRIC_REPRESENTATION_CONTEXT() REPRESENTATION_CONTEXT('2D SPACE',''
  ) );
#9033 = PCURVE('',#128,#9034);
#9034 = DEFINITIONAL_REPRESENTATION('',(#9035),#9039);
#9035 = LINE('',#9036,#9037);
#9036 = CARTESIAN_POINT('',(14.142135623731,-12.5944275715));
#9037 = VECTOR('',#9038,1.);
#9038 = DIRECTION('',(0.,1.));
#9039 = ( GEOMETRIC_REPRESENTATION_CONTEXT(2) 
PARAMETRIC_REPRESENTATION_CONTEXT() REPRESENTATION_CONTEXT('2D SPACE',''
  ) );
#9040 = ADVANCED_FACE('',(#9041),#8981,.T.);
#9041 = FACE_BOUND('',#9042,.T.);
#9042 = EDGE_LOOP('',(#9043,#9073,#9099,#9100));
#9043 = ORIENTED_EDGE('',*,*,#9044,.F.);
#9044 = EDGE_CURVE('',#9045,#9047,#9049,.T.);
#9045 = VERTEX_POINT('',#9046);
#9046 = CARTESIAN_POINT('',(15.161237755615,9.404139646949,
    59.700407860488));
#9047 = VERTEX_POINT('',#9048);
#9048 = CARTESIAN_POINT('',(15.161237755615,18.904139646949,
    43.245925188584));
#9049 = SURFACE_CURVE('',#9050,(#9054,#9061),.PCURVE_S1.);
#9050 = LINE('',#9051,#9052);
#9051 = CARTESIAN_POINT('',(15.161237755615,8.904139646949,
    60.566433264272));
#9052 = VECTOR('',#9053,1.);
#9053 = DIRECTION('',(-5.947623346206E-16,0.5,-0.866025403784));
#9054 = PCURVE('',#8981,#9055);
#9055 = DEFINITIONAL_REPRESENTATION('',(#9056),#9060);
#9056 = LINE('',#9057,#9058);
#9057 = CARTESIAN_POINT('',(0.515902684074,0.));
#9058 = VECTOR('',#9059,1.);
#9059 = DIRECTION('',(0.,-1.));
#9060 = ( GEOMETRIC_REPRESENTATION_CONTEXT(2) 
PARAMETRIC_REPRESENTATION_CONTEXT() REPRESENTATION_CONTEXT('2D SPACE',''
  ) );
#9061 = PCURVE('',#9062,#9067);
#9062 = CYLINDRICAL_SURFACE('',#9063,19.284210105952);
#9063 = AXIS2_PLACEMENT_3D('',#9064,#9065,#9066);
#9064 = CARTESIAN_POINT('',(-1.366906587918E-12,19.224663947882,
    66.524990747594));
#9065 = DIRECTION('',(-5.947623346206E-16,0.5,-0.866025403784));
#9066 = DIRECTION('',(-1.,-2.973811673103E-16,5.150792909956E-16));
#9067 = DEFINITIONAL_REPRESENTATION('',(#9068),#9072);
#9068 = LINE('',#9069,#9070);
#9069 = CARTESIAN_POINT('',(3.807754100281,0.));
#9070 = VECTOR('',#9071,1.);
#9071 = DIRECTION('',(0.,1.));
#9072 = ( GEOMETRIC_REPRESENTATION_CONTEXT(2) 
PARAMETRIC_REPRESENTATION_CONTEXT() REPRESENTATION_CONTEXT('2D SPACE',''
  ) );
#9073 = ORIENTED_EDGE('',*,*,#9074,.T.);
#9074 = EDGE_CURVE('',#9045,#8964,#9075,.T.);
#9075 = SURFACE_CURVE('',#9076,(#9080,#9087),.PCURVE_S1.);
#9076 = LINE('',#9077,#9078);
#9077 = CARTESIAN_POINT('',(14.651686689673,9.334247101035,
    59.66005538029));
#9078 = VECTOR('',#9079,1.);
#9079 = DIRECTION('',(-0.987688340595,-0.135476220752,
    -7.821723252011E-02));
#9080 = PCURVE('',#8981,#9081);
#9081 = DEFINITIONAL_REPRESENTATION('',(#9082),#9086);
#9082 = LINE('',#9083,#9084);
#9083 = CARTESIAN_POINT('',(0.,-1.));
#9084 = VECTOR('',#9085,1.);
#9085 = DIRECTION('',(-1.,0.));
#9086 = ( GEOMETRIC_REPRESENTATION_CONTEXT(2) 
PARAMETRIC_REPRESENTATION_CONTEXT() REPRESENTATION_CONTEXT('2D SPACE',''
  ) );
#9087 = PCURVE('',#9088,#9093);
#9088 = PLANE('',#9089);
#9089 = AXIS2_PLACEMENT_3D('',#9090,#9091,#9092);
#9090 = CARTESIAN_POINT('',(14.651686689673,9.334247101035,
    59.66005538029));
#9091 = DIRECTION('',(-0.110615871041,0.958386505432,-0.263171874029));
#9092 = DIRECTION('',(-0.987688340595,-0.135476220752,
    -7.821723252011E-02));
#9093 = DEFINITIONAL_REPRESENTATION('',(#9094),#9098);
#9094 = LINE('',#9095,#9096);
#9095 = CARTESIAN_POINT('',(-0.,0.));
#9096 = VECTOR('',#9097,1.);
#9097 = DIRECTION('',(1.,-6.938893903907E-17));
#9098 = ( GEOMETRIC_REPRESENTATION_CONTEXT(2) 
PARAMETRIC_REPRESENTATION_CONTEXT() REPRESENTATION_CONTEXT('2D SPACE',''
  ) );
#9099 = ORIENTED_EDGE('',*,*,#8963,.T.);
#9100 = ORIENTED_EDGE('',*,*,#9101,.F.);
#9101 = EDGE_CURVE('',#9047,#8966,#9102,.T.);
#9102 = SURFACE_CURVE('',#9103,(#9107,#9114),.PCURVE_S1.);
#9103 = LINE('',#9104,#9105);
#9104 = CARTESIAN_POINT('',(14.651686689673,18.834247101035,
    43.205572708386));
#9105 = VECTOR('',#9106,1.);
#9106 = DIRECTION('',(-0.987688340595,-0.135476220752,
    -7.821723252011E-02));
#9107 = PCURVE('',#8981,#9108);
#9108 = DEFINITIONAL_REPRESENTATION('',(#9109),#9113);
#9109 = LINE('',#9110,#9111);
#9110 = CARTESIAN_POINT('',(0.,-20.));
#9111 = VECTOR('',#9112,1.);
#9112 = DIRECTION('',(-1.,0.));
#9113 = ( GEOMETRIC_REPRESENTATION_CONTEXT(2) 
PARAMETRIC_REPRESENTATION_CONTEXT() REPRESENTATION_CONTEXT('2D SPACE',''
  ) );
#9114 = PCURVE('',#128,#9115);
#9115 = DEFINITIONAL_REPRESENTATION('',(#9116),#9120);
#9116 = LINE('',#9117,#9118);
#9117 = CARTESIAN_POINT('',(14.651686689673,-11.99781992703));
#9118 = VECTOR('',#9119,1.);
#9119 = DIRECTION('',(-0.987688340595,-0.15643446504));
#9120 = ( GEOMETRIC_REPRESENTATION_CONTEXT(2) 
PARAMETRIC_REPRESENTATION_CONTEXT() REPRESENTATION_CONTEXT('2D SPACE',''
  ) );
#9121 = ADVANCED_FACE('',(#9122),#9062,.T.);
#9122 = FACE_BOUND('',#9123,.T.);
#9123 = EDGE_LOOP('',(#9124,#9154,#9181,#9182));
#9124 = ORIENTED_EDGE('',*,*,#9125,.F.);
#9125 = EDGE_CURVE('',#9126,#9128,#9130,.T.);
#9126 = VERTEX_POINT('',#9127);
#9127 = CARTESIAN_POINT('',(16.018929966707,10.426493074041,
    60.290663886826));
#9128 = VERTEX_POINT('',#9129);
#9129 = CARTESIAN_POINT('',(16.018929966707,19.926493074041,
    43.836181214922));
#9130 = SURFACE_CURVE('',#9131,(#9135,#9142),.PCURVE_S1.);
#9131 = LINE('',#9132,#9133);
#9132 = CARTESIAN_POINT('',(16.018929966707,9.926493074041,
    61.15668929061));
#9133 = VECTOR('',#9134,1.);
#9134 = DIRECTION('',(-5.947623346206E-16,0.5,-0.866025403784));
#9135 = PCURVE('',#9062,#9136);
#9136 = DEFINITIONAL_REPRESENTATION('',(#9137),#9141);
#9137 = LINE('',#9138,#9139);
#9138 = CARTESIAN_POINT('',(3.732068268334,0.));
#9139 = VECTOR('',#9140,1.);
#9140 = DIRECTION('',(0.,1.));
#9141 = ( GEOMETRIC_REPRESENTATION_CONTEXT(2) 
PARAMETRIC_REPRESENTATION_CONTEXT() REPRESENTATION_CONTEXT('2D SPACE',''
  ) );
#9142 = PCURVE('',#9143,#9148);
#9143 = PLANE('',#9144);
#9144 = AXIS2_PLACEMENT_3D('',#9145,#9146,#9147);
#9145 = CARTESIAN_POINT('',(15.938225006311,10.367777241672,
    61.411464823581));
#9146 = DIRECTION('',(-0.987688340595,-0.135476220752,
    -7.821723252012E-02));
#9147 = DIRECTION('',(0.15643446504,-0.855363193977,-0.493844170298));
#9148 = DEFINITIONAL_REPRESENTATION('',(#9149),#9153);
#9149 = LINE('',#9150,#9151);
#9150 = CARTESIAN_POINT('',(0.515902684074,0.));
#9151 = VECTOR('',#9152,1.);
#9152 = DIRECTION('',(0.,-1.));
#9153 = ( GEOMETRIC_REPRESENTATION_CONTEXT(2) 
PARAMETRIC_REPRESENTATION_CONTEXT() REPRESENTATION_CONTEXT('2D SPACE',''
  ) );
#9154 = ORIENTED_EDGE('',*,*,#9155,.F.);
#9155 = EDGE_CURVE('',#9045,#9126,#9156,.T.);
#9156 = SURFACE_CURVE('',#9157,(#9162,#9169),.PCURVE_S1.);
#9157 = CIRCLE('',#9158,19.284210105952);
#9158 = AXIS2_PLACEMENT_3D('',#9159,#9160,#9161);
#9159 = CARTESIAN_POINT('',(-1.367794766338E-12,19.724663947882,
    65.658965343809));
#9160 = DIRECTION('',(5.947623346206E-16,-0.5,0.866025403784));
#9161 = DIRECTION('',(1.,2.973811673103E-16,-5.150792909956E-16));
#9162 = PCURVE('',#9062,#9163);
#9163 = DEFINITIONAL_REPRESENTATION('',(#9164),#9168);
#9164 = LINE('',#9165,#9166);
#9165 = CARTESIAN_POINT('',(9.424777960769,1.));
#9166 = VECTOR('',#9167,1.);
#9167 = DIRECTION('',(-1.,0.));
#9168 = ( GEOMETRIC_REPRESENTATION_CONTEXT(2) 
PARAMETRIC_REPRESENTATION_CONTEXT() REPRESENTATION_CONTEXT('2D SPACE',''
  ) );
#9169 = PCURVE('',#9170,#9175);
#9170 = CONICAL_SURFACE('',#9171,18.284210105952,0.785398163397);
#9171 = AXIS2_PLACEMENT_3D('',#9172,#9173,#9174);
#9172 = CARTESIAN_POINT('',(-1.366906587918E-12,19.224663947882,
    66.524990747594));
#9173 = DIRECTION('',(-5.947623346206E-16,0.5,-0.866025403784));
#9174 = DIRECTION('',(-1.,-2.973811673103E-16,5.150792909956E-16));
#9175 = DEFINITIONAL_REPRESENTATION('',(#9176),#9180);
#9176 = LINE('',#9177,#9178);
#9177 = CARTESIAN_POINT('',(9.424777960769,1.));
#9178 = VECTOR('',#9179,1.);
#9179 = DIRECTION('',(-1.,2.489383946701E-14));
#9180 = ( GEOMETRIC_REPRESENTATION_CONTEXT(2) 
PARAMETRIC_REPRESENTATION_CONTEXT() REPRESENTATION_CONTEXT('2D SPACE',''
  ) );
#9181 = ORIENTED_EDGE('',*,*,#9044,.T.);
#9182 = ORIENTED_EDGE('',*,*,#9183,.T.);
#9183 = EDGE_CURVE('',#9047,#9128,#9184,.T.);
#9184 = SURFACE_CURVE('',#9185,(#9190,#9197),.PCURVE_S1.);
#9185 = CIRCLE('',#9186,19.284210105952);
#9186 = AXIS2_PLACEMENT_3D('',#9187,#9188,#9189);
#9187 = CARTESIAN_POINT('',(-1.379341085794E-12,29.224663947882,
    49.204482671905));
#9188 = DIRECTION('',(5.947623346206E-16,-0.5,0.866025403784));
#9189 = DIRECTION('',(1.,2.973811673103E-16,-5.150792909956E-16));
#9190 = PCURVE('',#9062,#9191);
#9191 = DEFINITIONAL_REPRESENTATION('',(#9192),#9196);
#9192 = LINE('',#9193,#9194);
#9193 = CARTESIAN_POINT('',(9.424777960769,20.));
#9194 = VECTOR('',#9195,1.);
#9195 = DIRECTION('',(-1.,0.));
#9196 = ( GEOMETRIC_REPRESENTATION_CONTEXT(2) 
PARAMETRIC_REPRESENTATION_CONTEXT() REPRESENTATION_CONTEXT('2D SPACE',''
  ) );
#9197 = PCURVE('',#128,#9198);
#9198 = DEFINITIONAL_REPRESENTATION('',(#9199),#9203);
#9199 = CIRCLE('',#9200,19.284210105952);
#9200 = AXIS2_PLACEMENT_2D('',#9201,#9202);
#9201 = CARTESIAN_POINT('',(-1.378452907375E-12,1.040056929469E-12));
#9202 = DIRECTION('',(1.,0.));
#9203 = ( GEOMETRIC_REPRESENTATION_CONTEXT(2) 
PARAMETRIC_REPRESENTATION_CONTEXT() REPRESENTATION_CONTEXT('2D SPACE',''
  ) );
#9204 = ADVANCED_FACE('',(#9205),#9143,.F.);
#9205 = FACE_BOUND('',#9206,.T.);
#9206 = EDGE_LOOP('',(#9207,#9237,#9263,#9264));
#9207 = ORIENTED_EDGE('',*,*,#9208,.F.);
#9208 = EDGE_CURVE('',#9209,#9211,#9213,.T.);
#9209 = VERTEX_POINT('',#9210);
#9210 = CARTESIAN_POINT('',(15.857520045915,11.309061409303,
    60.800214952768));
#9211 = VERTEX_POINT('',#9212);
#9212 = CARTESIAN_POINT('',(15.857520045915,20.809061409303,
    44.345732280864));
#9213 = SURFACE_CURVE('',#9214,(#9218,#9225),.PCURVE_S1.);
#9214 = LINE('',#9215,#9216);
#9215 = CARTESIAN_POINT('',(15.857520045915,10.809061409303,
    61.666240356552));
#9216 = VECTOR('',#9217,1.);
#9217 = DIRECTION('',(-5.947623346206E-16,0.5,-0.866025403784));
#9218 = PCURVE('',#9143,#9219);
#9219 = DEFINITIONAL_REPRESENTATION('',(#9220),#9224);
#9220 = LINE('',#9221,#9222);
#9221 = CARTESIAN_POINT('',(-0.515902684074,0.));
#9222 = VECTOR('',#9223,1.);
#9223 = DIRECTION('',(0.,-1.));
#9224 = ( GEOMETRIC_REPRESENTATION_CONTEXT(2) 
PARAMETRIC_REPRESENTATION_CONTEXT() REPRESENTATION_CONTEXT('2D SPACE',''
  ) );
#9225 = PCURVE('',#9226,#9231);
#9226 = PLANE('',#9227);
#9227 = AXIS2_PLACEMENT_3D('',#9228,#9229,#9230);
#9228 = CARTESIAN_POINT('',(16.348172655378,10.947125514691,
    61.745951704964));
#9229 = DIRECTION('',(0.309016994375,-0.823639103546,-0.475528258148));
#9230 = DIRECTION('',(0.951056516295,0.26761656733,0.154508497187));
#9231 = DEFINITIONAL_REPRESENTATION('',(#9232),#9236);
#9232 = LINE('',#9233,#9234);
#9233 = CARTESIAN_POINT('',(-0.515902684074,0.));
#9234 = VECTOR('',#9235,1.);
#9235 = DIRECTION('',(0.,-1.));
#9236 = ( GEOMETRIC_REPRESENTATION_CONTEXT(2) 
PARAMETRIC_REPRESENTATION_CONTEXT() REPRESENTATION_CONTEXT('2D SPACE',''
  ) );
#9237 = ORIENTED_EDGE('',*,*,#9238,.T.);
#9238 = EDGE_CURVE('',#9209,#9126,#9239,.T.);
#9239 = SURFACE_CURVE('',#9240,(#9244,#9251),.PCURVE_S1.);
#9240 = LINE('',#9241,#9242);
#9241 = CARTESIAN_POINT('',(16.018929966707,10.426493074041,
    60.290663886826));
#9242 = VECTOR('',#9243,1.);
#9243 = DIRECTION('',(0.15643446504,-0.855363193977,-0.493844170298));
#9244 = PCURVE('',#9143,#9245);
#9245 = DEFINITIONAL_REPRESENTATION('',(#9246),#9250);
#9246 = LINE('',#9247,#9248);
#9247 = CARTESIAN_POINT('',(0.515902684074,-1.));
#9248 = VECTOR('',#9249,1.);
#9249 = DIRECTION('',(1.,0.));
#9250 = ( GEOMETRIC_REPRESENTATION_CONTEXT(2) 
PARAMETRIC_REPRESENTATION_CONTEXT() REPRESENTATION_CONTEXT('2D SPACE',''
  ) );
#9251 = PCURVE('',#9252,#9257);
#9252 = PLANE('',#9253);
#9253 = AXIS2_PLACEMENT_3D('',#9254,#9255,#9256);
#9254 = CARTESIAN_POINT('',(12.980334126079,21.005110814798,
    67.552932225485));
#9255 = DIRECTION('',(0.698401123334,-0.25775723621,0.667680371216));
#9256 = DIRECTION('',(0.15643446504,-0.855363193977,-0.493844170298));
#9257 = DEFINITIONAL_REPRESENTATION('',(#9258),#9262);
#9258 = LINE('',#9259,#9260);
#9259 = CARTESIAN_POINT('',(13.110330255582,1.414213562373));
#9260 = VECTOR('',#9261,1.);
#9261 = DIRECTION('',(1.,-3.469446951954E-17));
#9262 = ( GEOMETRIC_REPRESENTATION_CONTEXT(2) 
PARAMETRIC_REPRESENTATION_CONTEXT() REPRESENTATION_CONTEXT('2D SPACE',''
  ) );
#9263 = ORIENTED_EDGE('',*,*,#9125,.T.);
#9264 = ORIENTED_EDGE('',*,*,#9265,.T.);
#9265 = EDGE_CURVE('',#9128,#9211,#9266,.T.);
#9266 = SURFACE_CURVE('',#9267,(#9271,#9278),.PCURVE_S1.);
#9267 = LINE('',#9268,#9269);
#9268 = CARTESIAN_POINT('',(15.938225006311,20.367777241672,
    44.090956747893));
#9269 = VECTOR('',#9270,1.);
#9270 = DIRECTION('',(-0.15643446504,0.855363193977,0.493844170298));
#9271 = PCURVE('',#9143,#9272);
#9272 = DEFINITIONAL_REPRESENTATION('',(#9273),#9277);
#9273 = LINE('',#9274,#9275);
#9274 = CARTESIAN_POINT('',(0.,-20.));
#9275 = VECTOR('',#9276,1.);
#9276 = DIRECTION('',(-1.,0.));
#9277 = ( GEOMETRIC_REPRESENTATION_CONTEXT(2) 
PARAMETRIC_REPRESENTATION_CONTEXT() REPRESENTATION_CONTEXT('2D SPACE',''
  ) );
#9278 = PCURVE('',#128,#9279);
#9279 = DEFINITIONAL_REPRESENTATION('',(#9280),#9284);
#9280 = LINE('',#9281,#9282);
#9281 = CARTESIAN_POINT('',(15.938225006311,-10.22705184802));
#9282 = VECTOR('',#9283,1.);
#9283 = DIRECTION('',(-0.15643446504,0.987688340595));
#9284 = ( GEOMETRIC_REPRESENTATION_CONTEXT(2) 
PARAMETRIC_REPRESENTATION_CONTEXT() REPRESENTATION_CONTEXT('2D SPACE',''
  ) );
#9285 = ADVANCED_FACE('',(#9286),#9226,.T.);
#9286 = FACE_BOUND('',#9287,.T.);
#9287 = EDGE_LOOP('',(#9288,#9318,#9344,#9345));
#9288 = ORIENTED_EDGE('',*,*,#9289,.F.);
#9289 = EDGE_CURVE('',#9290,#9292,#9294,.T.);
#9290 = VERTEX_POINT('',#9291);
#9291 = CARTESIAN_POINT('',(16.838825264841,11.585189620079,
    60.959637649591));
#9292 = VERTEX_POINT('',#9293);
#9293 = CARTESIAN_POINT('',(16.838825264841,21.085189620079,
    44.505154977686));
#9294 = SURFACE_CURVE('',#9295,(#9299,#9306),.PCURVE_S1.);
#9295 = LINE('',#9296,#9297);
#9296 = CARTESIAN_POINT('',(16.838825264841,11.085189620079,
    61.825663053375));
#9297 = VECTOR('',#9298,1.);
#9298 = DIRECTION('',(-5.947623346206E-16,0.5,-0.866025403784));
#9299 = PCURVE('',#9226,#9300);
#9300 = DEFINITIONAL_REPRESENTATION('',(#9301),#9305);
#9301 = LINE('',#9302,#9303);
#9302 = CARTESIAN_POINT('',(0.515902684074,0.));
#9303 = VECTOR('',#9304,1.);
#9304 = DIRECTION('',(0.,-1.));
#9305 = ( GEOMETRIC_REPRESENTATION_CONTEXT(2) 
PARAMETRIC_REPRESENTATION_CONTEXT() REPRESENTATION_CONTEXT('2D SPACE',''
  ) );
#9306 = PCURVE('',#9307,#9312);
#9307 = CYLINDRICAL_SURFACE('',#9308,19.284210105953);
#9308 = AXIS2_PLACEMENT_3D('',#9309,#9310,#9311);
#9309 = CARTESIAN_POINT('',(-2.299493928604E-12,19.224663947882,
    66.524990747594));
#9310 = DIRECTION('',(-5.947623346206E-16,0.5,-0.866025403784));
#9311 = DIRECTION('',(-1.,-2.973811673103E-16,5.150792909956E-16));
#9312 = DEFINITIONAL_REPRESENTATION('',(#9313),#9317);
#9313 = LINE('',#9314,#9315);
#9314 = CARTESIAN_POINT('',(3.650674467602,0.));
#9315 = VECTOR('',#9316,1.);
#9316 = DIRECTION('',(0.,1.));
#9317 = ( GEOMETRIC_REPRESENTATION_CONTEXT(2) 
PARAMETRIC_REPRESENTATION_CONTEXT() REPRESENTATION_CONTEXT('2D SPACE',''
  ) );
#9318 = ORIENTED_EDGE('',*,*,#9319,.T.);
#9319 = EDGE_CURVE('',#9290,#9209,#9320,.T.);
#9320 = SURFACE_CURVE('',#9321,(#9325,#9332),.PCURVE_S1.);
#9321 = LINE('',#9322,#9323);
#9322 = CARTESIAN_POINT('',(16.348172655378,11.447125514691,
    60.879926301179));
#9323 = VECTOR('',#9324,1.);
#9324 = DIRECTION('',(-0.951056516295,-0.26761656733,-0.154508497187));
#9325 = PCURVE('',#9226,#9326);
#9326 = DEFINITIONAL_REPRESENTATION('',(#9327),#9331);
#9327 = LINE('',#9328,#9329);
#9328 = CARTESIAN_POINT('',(0.,-1.));
#9329 = VECTOR('',#9330,1.);
#9330 = DIRECTION('',(-1.,0.));
#9331 = ( GEOMETRIC_REPRESENTATION_CONTEXT(2) 
PARAMETRIC_REPRESENTATION_CONTEXT() REPRESENTATION_CONTEXT('2D SPACE',''
  ) );
#9332 = PCURVE('',#9333,#9338);
#9333 = PLANE('',#9334);
#9334 = AXIS2_PLACEMENT_3D('',#9335,#9336,#9337);
#9335 = CARTESIAN_POINT('',(16.348172655378,11.447125514691,
    60.879926301179));
#9336 = DIRECTION('',(-0.218508012224,0.935954185961,-0.276123179714));
#9337 = DIRECTION('',(-0.951056516295,-0.26761656733,-0.154508497187));
#9338 = DEFINITIONAL_REPRESENTATION('',(#9339),#9343);
#9339 = LINE('',#9340,#9341);
#9340 = CARTESIAN_POINT('',(-0.,0.));
#9341 = VECTOR('',#9342,1.);
#9342 = DIRECTION('',(1.,-9.71445146547E-17));
#9343 = ( GEOMETRIC_REPRESENTATION_CONTEXT(2) 
PARAMETRIC_REPRESENTATION_CONTEXT() REPRESENTATION_CONTEXT('2D SPACE',''
  ) );
#9344 = ORIENTED_EDGE('',*,*,#9208,.T.);
#9345 = ORIENTED_EDGE('',*,*,#9346,.F.);
#9346 = EDGE_CURVE('',#9292,#9211,#9347,.T.);
#9347 = SURFACE_CURVE('',#9348,(#9352,#9359),.PCURVE_S1.);
#9348 = LINE('',#9349,#9350);
#9349 = CARTESIAN_POINT('',(16.348172655378,20.947125514691,
    44.425443629275));
#9350 = VECTOR('',#9351,1.);
#9351 = DIRECTION('',(-0.951056516295,-0.26761656733,-0.154508497187));
#9352 = PCURVE('',#9226,#9353);
#9353 = DEFINITIONAL_REPRESENTATION('',(#9354),#9358);
#9354 = LINE('',#9355,#9356);
#9355 = CARTESIAN_POINT('',(0.,-20.));
#9356 = VECTOR('',#9357,1.);
#9357 = DIRECTION('',(-1.,0.));
#9358 = ( GEOMETRIC_REPRESENTATION_CONTEXT(2) 
PARAMETRIC_REPRESENTATION_CONTEXT() REPRESENTATION_CONTEXT('2D SPACE',''
  ) );
#9359 = PCURVE('',#128,#9360);
#9360 = DEFINITIONAL_REPRESENTATION('',(#9361),#9365);
#9361 = LINE('',#9362,#9363);
#9362 = CARTESIAN_POINT('',(16.348172655378,-9.558078085259));
#9363 = VECTOR('',#9364,1.);
#9364 = DIRECTION('',(-0.951056516295,-0.309016994375));
#9365 = ( GEOMETRIC_REPRESENTATION_CONTEXT(2) 
PARAMETRIC_REPRESENTATION_CONTEXT() REPRESENTATION_CONTEXT('2D SPACE',''
  ) );
#9366 = ADVANCED_FACE('',(#9367),#9307,.T.);
#9367 = FACE_BOUND('',#9368,.T.);
#9368 = EDGE_LOOP('',(#9369,#9399,#9426,#9427));
#9369 = ORIENTED_EDGE('',*,*,#9370,.F.);
#9370 = EDGE_CURVE('',#9371,#9373,#9375,.T.);
#9371 = VERTEX_POINT('',#9372);
#9372 = CARTESIAN_POINT('',(17.501285090122,12.711153079312,
    61.609712955876));
#9373 = VERTEX_POINT('',#9374);
#9374 = CARTESIAN_POINT('',(17.501285090122,22.211153079312,
    45.155230283972));
#9375 = SURFACE_CURVE('',#9376,(#9380,#9387),.PCURVE_S1.);
#9376 = LINE('',#9377,#9378);
#9377 = CARTESIAN_POINT('',(17.501285090122,12.211153079312,
    62.475738359661));
#9378 = VECTOR('',#9379,1.);
#9379 = DIRECTION('',(-5.947623346206E-16,0.5,-0.866025403784));
#9380 = PCURVE('',#9307,#9381);
#9381 = DEFINITIONAL_REPRESENTATION('',(#9382),#9386);
#9382 = LINE('',#9383,#9384);
#9383 = CARTESIAN_POINT('',(3.574988635655,0.));
#9384 = VECTOR('',#9385,1.);
#9385 = DIRECTION('',(0.,1.));
#9386 = ( GEOMETRIC_REPRESENTATION_CONTEXT(2) 
PARAMETRIC_REPRESENTATION_CONTEXT() REPRESENTATION_CONTEXT('2D SPACE',''
  ) );
#9387 = PCURVE('',#9388,#9393);
#9388 = PLANE('',#9389);
#9389 = AXIS2_PLACEMENT_3D('',#9390,#9391,#9392);
#9390 = CARTESIAN_POINT('',(17.3418623933,12.63607070354,62.721064664392
    ));
#9391 = DIRECTION('',(-0.951056516295,-0.26761656733,-0.154508497187));
#9392 = DIRECTION('',(0.309016994375,-0.823639103546,-0.475528258148));
#9393 = DEFINITIONAL_REPRESENTATION('',(#9394),#9398);
#9394 = LINE('',#9395,#9396);
#9395 = CARTESIAN_POINT('',(0.515902684074,0.));
#9396 = VECTOR('',#9397,1.);
#9397 = DIRECTION('',(0.,-1.));
#9398 = ( GEOMETRIC_REPRESENTATION_CONTEXT(2) 
PARAMETRIC_REPRESENTATION_CONTEXT() REPRESENTATION_CONTEXT('2D SPACE',''
  ) );
#9399 = ORIENTED_EDGE('',*,*,#9400,.F.);
#9400 = EDGE_CURVE('',#9290,#9371,#9401,.T.);
#9401 = SURFACE_CURVE('',#9402,(#9407,#9414),.PCURVE_S1.);
#9402 = CIRCLE('',#9403,19.284210105953);
#9403 = AXIS2_PLACEMENT_3D('',#9404,#9405,#9406);
#9404 = CARTESIAN_POINT('',(-2.300382107023E-12,19.724663947882,
    65.658965343809));
#9405 = DIRECTION('',(5.947623346206E-16,-0.5,0.866025403784));
#9406 = DIRECTION('',(1.,2.973811673103E-16,-5.150792909956E-16));
#9407 = PCURVE('',#9307,#9408);
#9408 = DEFINITIONAL_REPRESENTATION('',(#9409),#9413);
#9409 = LINE('',#9410,#9411);
#9410 = CARTESIAN_POINT('',(9.424777960769,1.));
#9411 = VECTOR('',#9412,1.);
#9412 = DIRECTION('',(-1.,0.));
#9413 = ( GEOMETRIC_REPRESENTATION_CONTEXT(2) 
PARAMETRIC_REPRESENTATION_CONTEXT() REPRESENTATION_CONTEXT('2D SPACE',''
  ) );
#9414 = PCURVE('',#9415,#9420);
#9415 = CONICAL_SURFACE('',#9416,18.284210105953,0.785398163397);
#9416 = AXIS2_PLACEMENT_3D('',#9417,#9418,#9419);
#9417 = CARTESIAN_POINT('',(-2.299493928604E-12,19.224663947882,
    66.524990747594));
#9418 = DIRECTION('',(-5.947623346206E-16,0.5,-0.866025403784));
#9419 = DIRECTION('',(-1.,-2.973811673103E-16,5.150792909956E-16));
#9420 = DEFINITIONAL_REPRESENTATION('',(#9421),#9425);
#9421 = LINE('',#9422,#9423);
#9422 = CARTESIAN_POINT('',(9.424777960769,1.));
#9423 = VECTOR('',#9424,1.);
#9424 = DIRECTION('',(-1.,2.489383946701E-14));
#9425 = ( GEOMETRIC_REPRESENTATION_CONTEXT(2) 
PARAMETRIC_REPRESENTATION_CONTEXT() REPRESENTATION_CONTEXT('2D SPACE',''
  ) );
#9426 = ORIENTED_EDGE('',*,*,#9289,.T.);
#9427 = ORIENTED_EDGE('',*,*,#9428,.T.);
#9428 = EDGE_CURVE('',#9292,#9373,#9429,.T.);
#9429 = SURFACE_CURVE('',#9430,(#9435,#9442),.PCURVE_S1.);
#9430 = CIRCLE('',#9431,19.284210105953);
#9431 = AXIS2_PLACEMENT_3D('',#9432,#9433,#9434);
#9432 = CARTESIAN_POINT('',(-2.311928426479E-12,29.224663947882,
    49.204482671905));
#9433 = DIRECTION('',(5.947623346206E-16,-0.5,0.866025403784));
#9434 = DIRECTION('',(1.,2.973811673103E-16,-5.150792909956E-16));
#9435 = PCURVE('',#9307,#9436);
#9436 = DEFINITIONAL_REPRESENTATION('',(#9437),#9441);
#9437 = LINE('',#9438,#9439);
#9438 = CARTESIAN_POINT('',(9.424777960769,20.));
#9439 = VECTOR('',#9440,1.);
#9440 = DIRECTION('',(-1.,0.));
#9441 = ( GEOMETRIC_REPRESENTATION_CONTEXT(2) 
PARAMETRIC_REPRESENTATION_CONTEXT() REPRESENTATION_CONTEXT('2D SPACE',''
  ) );
#9442 = PCURVE('',#128,#9443);
#9443 = DEFINITIONAL_REPRESENTATION('',(#9444),#9448);
#9444 = CIRCLE('',#9445,19.284210105953);
#9445 = AXIS2_PLACEMENT_2D('',#9446,#9447);
#9446 = CARTESIAN_POINT('',(-2.31104024806E-12,1.239897073901E-12));
#9447 = DIRECTION('',(1.,0.));
#9448 = ( GEOMETRIC_REPRESENTATION_CONTEXT(2) 
PARAMETRIC_REPRESENTATION_CONTEXT() REPRESENTATION_CONTEXT('2D SPACE',''
  ) );
#9449 = ADVANCED_FACE('',(#9450),#9388,.F.);
#9450 = FACE_BOUND('',#9451,.T.);
#9451 = EDGE_LOOP('',(#9452,#9482,#9508,#9509));
#9452 = ORIENTED_EDGE('',*,*,#9453,.F.);
#9453 = EDGE_CURVE('',#9454,#9456,#9458,.T.);
#9454 = VERTEX_POINT('',#9455);
#9455 = CARTESIAN_POINT('',(17.182439696477,13.560988327769,
    62.100365565339));
#9456 = VERTEX_POINT('',#9457);
#9457 = CARTESIAN_POINT('',(17.182439696477,23.060988327769,
    45.645882893435));
#9458 = SURFACE_CURVE('',#9459,(#9463,#9470),.PCURVE_S1.);
#9459 = LINE('',#9460,#9461);
#9460 = CARTESIAN_POINT('',(17.182439696477,13.060988327769,
    62.966390969124));
#9461 = VECTOR('',#9462,1.);
#9462 = DIRECTION('',(-5.947623346206E-16,0.5,-0.866025403784));
#9463 = PCURVE('',#9388,#9464);
#9464 = DEFINITIONAL_REPRESENTATION('',(#9465),#9469);
#9465 = LINE('',#9466,#9467);
#9466 = CARTESIAN_POINT('',(-0.515902684074,0.));
#9467 = VECTOR('',#9468,1.);
#9468 = DIRECTION('',(0.,-1.));
#9469 = ( GEOMETRIC_REPRESENTATION_CONTEXT(2) 
PARAMETRIC_REPRESENTATION_CONTEXT() REPRESENTATION_CONTEXT('2D SPACE',''
  ) );
#9470 = PCURVE('',#9471,#9476);
#9471 = PLANE('',#9472);
#9472 = AXIS2_PLACEMENT_3D('',#9473,#9474,#9475);
#9473 = CARTESIAN_POINT('',(17.642112353833,13.263824396148,
    63.083498427804));
#9474 = DIRECTION('',(0.45399049974,-0.771634284885,-0.445503262094));
#9475 = DIRECTION('',(0.891006524188,0.393167305851,0.22699524987));
#9476 = DEFINITIONAL_REPRESENTATION('',(#9477),#9481);
#9477 = LINE('',#9478,#9479);
#9478 = CARTESIAN_POINT('',(-0.515902684074,0.));
#9479 = VECTOR('',#9480,1.);
#9480 = DIRECTION('',(0.,-1.));
#9481 = ( GEOMETRIC_REPRESENTATION_CONTEXT(2) 
PARAMETRIC_REPRESENTATION_CONTEXT() REPRESENTATION_CONTEXT('2D SPACE',''
  ) );
#9482 = ORIENTED_EDGE('',*,*,#9483,.T.);
#9483 = EDGE_CURVE('',#9454,#9371,#9484,.T.);
#9484 = SURFACE_CURVE('',#9485,(#9489,#9496),.PCURVE_S1.);
#9485 = LINE('',#9486,#9487);
#9486 = CARTESIAN_POINT('',(17.501285090122,12.711153079312,
    61.609712955876));
#9487 = VECTOR('',#9488,1.);
#9488 = DIRECTION('',(0.309016994375,-0.823639103546,-0.475528258148));
#9489 = PCURVE('',#9388,#9490);
#9490 = DEFINITIONAL_REPRESENTATION('',(#9491),#9495);
#9491 = LINE('',#9492,#9493);
#9492 = CARTESIAN_POINT('',(0.515902684074,-1.));
#9493 = VECTOR('',#9494,1.);
#9494 = DIRECTION('',(1.,0.));
#9495 = ( GEOMETRIC_REPRESENTATION_CONTEXT(2) 
PARAMETRIC_REPRESENTATION_CONTEXT() REPRESENTATION_CONTEXT('2D SPACE',''
  ) );
#9496 = PCURVE('',#9497,#9502);
#9497 = PLANE('',#9498);
#9498 = AXIS2_PLACEMENT_3D('',#9499,#9500,#9501);
#9499 = CARTESIAN_POINT('',(12.498913722984,22.741717170886,
    68.55556237265));
#9500 = DIRECTION('',(0.672498511964,-0.164319901076,0.721626441808));
#9501 = DIRECTION('',(0.309016994375,-0.823639103546,-0.475528258148));
#9502 = DEFINITIONAL_REPRESENTATION('',(#9503),#9507);
#9503 = LINE('',#9504,#9505);
#9504 = CARTESIAN_POINT('',(13.110330255582,1.414213562373));
#9505 = VECTOR('',#9506,1.);
#9506 = DIRECTION('',(1.,-5.551115123126E-17));
#9507 = ( GEOMETRIC_REPRESENTATION_CONTEXT(2) 
PARAMETRIC_REPRESENTATION_CONTEXT() REPRESENTATION_CONTEXT('2D SPACE',''
  ) );
#9508 = ORIENTED_EDGE('',*,*,#9370,.T.);
#9509 = ORIENTED_EDGE('',*,*,#9510,.T.);
#9510 = EDGE_CURVE('',#9373,#9456,#9511,.T.);
#9511 = SURFACE_CURVE('',#9512,(#9516,#9523),.PCURVE_S1.);
#9512 = LINE('',#9513,#9514);
#9513 = CARTESIAN_POINT('',(17.3418623933,22.63607070354,45.400556588704
    ));
#9514 = VECTOR('',#9515,1.);
#9515 = DIRECTION('',(-0.309016994375,0.823639103546,0.475528258148));
#9516 = PCURVE('',#9388,#9517);
#9517 = DEFINITIONAL_REPRESENTATION('',(#9518),#9522);
#9518 = LINE('',#9519,#9520);
#9519 = CARTESIAN_POINT('',(0.,-20.));
#9520 = VECTOR('',#9521,1.);
#9521 = DIRECTION('',(-1.,0.));
#9522 = ( GEOMETRIC_REPRESENTATION_CONTEXT(2) 
PARAMETRIC_REPRESENTATION_CONTEXT() REPRESENTATION_CONTEXT('2D SPACE',''
  ) );
#9523 = PCURVE('',#128,#9524);
#9524 = DEFINITIONAL_REPRESENTATION('',(#9525),#9529);
#9525 = LINE('',#9526,#9527);
#9526 = CARTESIAN_POINT('',(17.3418623933,-7.607852166402));
#9527 = VECTOR('',#9528,1.);
#9528 = DIRECTION('',(-0.309016994375,0.951056516295));
#9529 = ( GEOMETRIC_REPRESENTATION_CONTEXT(2) 
PARAMETRIC_REPRESENTATION_CONTEXT() REPRESENTATION_CONTEXT('2D SPACE',''
  ) );
#9530 = ADVANCED_FACE('',(#9531),#9471,.T.);
#9531 = FACE_BOUND('',#9532,.T.);
#9532 = EDGE_LOOP('',(#9533,#9563,#9589,#9590));
#9533 = ORIENTED_EDGE('',*,*,#9534,.F.);
#9534 = EDGE_CURVE('',#9535,#9537,#9539,.T.);
#9535 = VERTEX_POINT('',#9536);
#9536 = CARTESIAN_POINT('',(18.10178501119,13.966660464526,
    62.334580482699));
#9537 = VERTEX_POINT('',#9538);
#9538 = CARTESIAN_POINT('',(18.10178501119,23.466660464526,
    45.880097810795));
#9539 = SURFACE_CURVE('',#9540,(#9544,#9551),.PCURVE_S1.);
#9540 = LINE('',#9541,#9542);
#9541 = CARTESIAN_POINT('',(18.10178501119,13.466660464526,
    63.200605886484));
#9542 = VECTOR('',#9543,1.);
#9543 = DIRECTION('',(-5.947623346206E-16,0.5,-0.866025403784));
#9544 = PCURVE('',#9471,#9545);
#9545 = DEFINITIONAL_REPRESENTATION('',(#9546),#9550);
#9546 = LINE('',#9547,#9548);
#9547 = CARTESIAN_POINT('',(0.515902684074,0.));
#9548 = VECTOR('',#9549,1.);
#9549 = DIRECTION('',(0.,-1.));
#9550 = ( GEOMETRIC_REPRESENTATION_CONTEXT(2) 
PARAMETRIC_REPRESENTATION_CONTEXT() REPRESENTATION_CONTEXT('2D SPACE',''
  ) );
#9551 = PCURVE('',#9552,#9557);
#9552 = CYLINDRICAL_SURFACE('',#9553,19.284210105952);
#9553 = AXIS2_PLACEMENT_3D('',#9554,#9555,#9556);
#9554 = CARTESIAN_POINT('',(-1.842970220878E-12,19.224663947881,
    66.524990747593));
#9555 = DIRECTION('',(-5.947623346206E-16,0.5,-0.866025403784));
#9556 = DIRECTION('',(-1.,-2.973811673103E-16,5.150792909956E-16));
#9557 = DEFINITIONAL_REPRESENTATION('',(#9558),#9562);
#9558 = LINE('',#9559,#9560);
#9559 = CARTESIAN_POINT('',(3.493594834922,0.));
#9560 = VECTOR('',#9561,1.);
#9561 = DIRECTION('',(0.,1.));
#9562 = ( GEOMETRIC_REPRESENTATION_CONTEXT(2) 
PARAMETRIC_REPRESENTATION_CONTEXT() REPRESENTATION_CONTEXT('2D SPACE',''
  ) );
#9563 = ORIENTED_EDGE('',*,*,#9564,.T.);
#9564 = EDGE_CURVE('',#9535,#9454,#9565,.T.);
#9565 = SURFACE_CURVE('',#9566,(#9570,#9577),.PCURVE_S1.);
#9566 = LINE('',#9567,#9568);
#9567 = CARTESIAN_POINT('',(17.642112353833,13.763824396148,
    62.217473024019));
#9568 = VECTOR('',#9569,1.);
#9569 = DIRECTION('',(-0.891006524188,-0.393167305851,-0.22699524987));
#9570 = PCURVE('',#9471,#9571);
#9571 = DEFINITIONAL_REPRESENTATION('',(#9572),#9576);
#9572 = LINE('',#9573,#9574);
#9573 = CARTESIAN_POINT('',(0.,-1.));
#9574 = VECTOR('',#9575,1.);
#9575 = DIRECTION('',(-1.,0.));
#9576 = ( GEOMETRIC_REPRESENTATION_CONTEXT(2) 
PARAMETRIC_REPRESENTATION_CONTEXT() REPRESENTATION_CONTEXT('2D SPACE',''
  ) );
#9577 = PCURVE('',#9578,#9583);
#9578 = PLANE('',#9579);
#9579 = AXIS2_PLACEMENT_3D('',#9580,#9581,#9582);
#9580 = CARTESIAN_POINT('',(17.642112353833,13.763824396148,
    62.217473024019));
#9581 = DIRECTION('',(-0.32101976096,0.899181226031,-0.297354058028));
#9582 = DIRECTION('',(-0.891006524188,-0.393167305851,-0.22699524987));
#9583 = DEFINITIONAL_REPRESENTATION('',(#9584),#9588);
#9584 = LINE('',#9585,#9586);
#9585 = CARTESIAN_POINT('',(0.,0.));
#9586 = VECTOR('',#9587,1.);
#9587 = DIRECTION('',(1.,-1.110223024625E-16));
#9588 = ( GEOMETRIC_REPRESENTATION_CONTEXT(2) 
PARAMETRIC_REPRESENTATION_CONTEXT() REPRESENTATION_CONTEXT('2D SPACE',''
  ) );
#9589 = ORIENTED_EDGE('',*,*,#9453,.T.);
#9590 = ORIENTED_EDGE('',*,*,#9591,.F.);
#9591 = EDGE_CURVE('',#9537,#9456,#9592,.T.);
#9592 = SURFACE_CURVE('',#9593,(#9597,#9604),.PCURVE_S1.);
#9593 = LINE('',#9594,#9595);
#9594 = CARTESIAN_POINT('',(17.642112353833,23.263824396148,
    45.762990352115));
#9595 = VECTOR('',#9596,1.);
#9596 = DIRECTION('',(-0.891006524188,-0.393167305851,-0.22699524987));
#9597 = PCURVE('',#9471,#9598);
#9598 = DEFINITIONAL_REPRESENTATION('',(#9599),#9603);
#9599 = LINE('',#9600,#9601);
#9600 = CARTESIAN_POINT('',(0.,-20.));
#9601 = VECTOR('',#9602,1.);
#9602 = DIRECTION('',(-1.,0.));
#9603 = ( GEOMETRIC_REPRESENTATION_CONTEXT(2) 
PARAMETRIC_REPRESENTATION_CONTEXT() REPRESENTATION_CONTEXT('2D SPACE',''
  ) );
#9604 = PCURVE('',#128,#9605);
#9605 = DEFINITIONAL_REPRESENTATION('',(#9606),#9610);
#9606 = LINE('',#9607,#9608);
#9607 = CARTESIAN_POINT('',(17.642112353833,-6.882984639579));
#9608 = VECTOR('',#9609,1.);
#9609 = DIRECTION('',(-0.891006524188,-0.45399049974));
#9610 = ( GEOMETRIC_REPRESENTATION_CONTEXT(2) 
PARAMETRIC_REPRESENTATION_CONTEXT() REPRESENTATION_CONTEXT('2D SPACE',''
  ) );
#9611 = ADVANCED_FACE('',(#9612),#9552,.T.);
#9612 = FACE_BOUND('',#9613,.T.);
#9613 = EDGE_LOOP('',(#9614,#9644,#9671,#9672));
#9614 = ORIENTED_EDGE('',*,*,#9615,.F.);
#9615 = EDGE_CURVE('',#9616,#9618,#9620,.T.);
#9616 = VERTEX_POINT('',#9617);
#9617 = CARTESIAN_POINT('',(18.552700491183,15.168508998676,
    63.028468057416));
#9618 = VERTEX_POINT('',#9619);
#9619 = CARTESIAN_POINT('',(18.552700491183,24.668508998676,
    46.573985385511));
#9620 = SURFACE_CURVE('',#9621,(#9625,#9632),.PCURVE_S1.);
#9621 = LINE('',#9622,#9623);
#9622 = CARTESIAN_POINT('',(18.552700491183,14.668508998676,
    63.8944934612));
#9623 = VECTOR('',#9624,1.);
#9624 = DIRECTION('',(-5.947623346206E-16,0.5,-0.866025403784));
#9625 = PCURVE('',#9552,#9626);
#9626 = DEFINITIONAL_REPRESENTATION('',(#9627),#9631);
#9627 = LINE('',#9628,#9629);
#9628 = CARTESIAN_POINT('',(3.417909002975,0.));
#9629 = VECTOR('',#9630,1.);
#9630 = DIRECTION('',(0.,1.));
#9631 = ( GEOMETRIC_REPRESENTATION_CONTEXT(2) 
PARAMETRIC_REPRESENTATION_CONTEXT() REPRESENTATION_CONTEXT('2D SPACE',''
  ) );
#9632 = PCURVE('',#9633,#9638);
#9633 = PLANE('',#9634);
#9634 = AXIS2_PLACEMENT_3D('',#9635,#9636,#9637);
#9635 = CARTESIAN_POINT('',(18.318485573823,15.066597197372,
    64.124329789879));
#9636 = DIRECTION('',(-0.891006524188,-0.393167305851,-0.22699524987));
#9637 = DIRECTION('',(0.45399049974,-0.771634284885,-0.445503262094));
#9638 = DEFINITIONAL_REPRESENTATION('',(#9639),#9643);
#9639 = LINE('',#9640,#9641);
#9640 = CARTESIAN_POINT('',(0.515902684074,0.));
#9641 = VECTOR('',#9642,1.);
#9642 = DIRECTION('',(0.,-1.));
#9643 = ( GEOMETRIC_REPRESENTATION_CONTEXT(2) 
PARAMETRIC_REPRESENTATION_CONTEXT() REPRESENTATION_CONTEXT('2D SPACE',''
  ) );
#9644 = ORIENTED_EDGE('',*,*,#9645,.F.);
#9645 = EDGE_CURVE('',#9535,#9616,#9646,.T.);
#9646 = SURFACE_CURVE('',#9647,(#9652,#9659),.PCURVE_S1.);
#9647 = CIRCLE('',#9648,19.284210105952);
#9648 = AXIS2_PLACEMENT_3D('',#9649,#9650,#9651);
#9649 = CARTESIAN_POINT('',(-1.843858399297E-12,19.724663947881,
    65.658965343809));
#9650 = DIRECTION('',(5.947623346206E-16,-0.5,0.866025403784));
#9651 = DIRECTION('',(1.,2.973811673103E-16,-5.150792909956E-16));
#9652 = PCURVE('',#9552,#9653);
#9653 = DEFINITIONAL_REPRESENTATION('',(#9654),#9658);
#9654 = LINE('',#9655,#9656);
#9655 = CARTESIAN_POINT('',(9.424777960769,1.));
#9656 = VECTOR('',#9657,1.);
#9657 = DIRECTION('',(-1.,0.));
#9658 = ( GEOMETRIC_REPRESENTATION_CONTEXT(2) 
PARAMETRIC_REPRESENTATION_CONTEXT() REPRESENTATION_CONTEXT('2D SPACE',''
  ) );
#9659 = PCURVE('',#9660,#9665);
#9660 = CONICAL_SURFACE('',#9661,18.284210105952,0.785398163397);
#9661 = AXIS2_PLACEMENT_3D('',#9662,#9663,#9664);
#9662 = CARTESIAN_POINT('',(-1.842970220878E-12,19.224663947881,
    66.524990747593));
#9663 = DIRECTION('',(-5.947623346206E-16,0.5,-0.866025403784));
#9664 = DIRECTION('',(-1.,-2.973811673103E-16,5.150792909956E-16));
#9665 = DEFINITIONAL_REPRESENTATION('',(#9666),#9670);
#9666 = LINE('',#9667,#9668);
#9667 = CARTESIAN_POINT('',(9.424777960769,1.));
#9668 = VECTOR('',#9669,1.);
#9669 = DIRECTION('',(-1.,-4.771319231177E-14));
#9670 = ( GEOMETRIC_REPRESENTATION_CONTEXT(2) 
PARAMETRIC_REPRESENTATION_CONTEXT() REPRESENTATION_CONTEXT('2D SPACE',''
  ) );
#9671 = ORIENTED_EDGE('',*,*,#9534,.T.);
#9672 = ORIENTED_EDGE('',*,*,#9673,.T.);
#9673 = EDGE_CURVE('',#9537,#9618,#9674,.T.);
#9674 = SURFACE_CURVE('',#9675,(#9680,#9687),.PCURVE_S1.);
#9675 = CIRCLE('',#9676,19.284210105952);
#9676 = AXIS2_PLACEMENT_3D('',#9677,#9678,#9679);
#9677 = CARTESIAN_POINT('',(-1.855404718754E-12,29.224663947881,
    49.204482671905));
#9678 = DIRECTION('',(5.947623346206E-16,-0.5,0.866025403784));
#9679 = DIRECTION('',(1.,2.973811673103E-16,-5.150792909956E-16));
#9680 = PCURVE('',#9552,#9681);
#9681 = DEFINITIONAL_REPRESENTATION('',(#9682),#9686);
#9682 = LINE('',#9683,#9684);
#9683 = CARTESIAN_POINT('',(9.424777960769,20.));
#9684 = VECTOR('',#9685,1.);
#9685 = DIRECTION('',(-1.,0.));
#9686 = ( GEOMETRIC_REPRESENTATION_CONTEXT(2) 
PARAMETRIC_REPRESENTATION_CONTEXT() REPRESENTATION_CONTEXT('2D SPACE',''
  ) );
#9687 = PCURVE('',#128,#9688);
#9688 = DEFINITIONAL_REPRESENTATION('',(#9689),#9693);
#9689 = CIRCLE('',#9690,19.284210105952);
#9690 = AXIS2_PLACEMENT_2D('',#9691,#9692);
#9691 = CARTESIAN_POINT('',(-1.854516540334E-12,5.000444502912E-13));
#9692 = DIRECTION('',(1.,0.));
#9693 = ( GEOMETRIC_REPRESENTATION_CONTEXT(2) 
PARAMETRIC_REPRESENTATION_CONTEXT() REPRESENTATION_CONTEXT('2D SPACE',''
  ) );
#9694 = ADVANCED_FACE('',(#9695),#9633,.F.);
#9695 = FACE_BOUND('',#9696,.T.);
#9696 = EDGE_LOOP('',(#9697,#9722,#9748,#9749));
#9697 = ORIENTED_EDGE('',*,*,#9698,.F.);
#9698 = EDGE_CURVE('',#9699,#9701,#9703,.T.);
#9699 = VERTEX_POINT('',#9700);
#9700 = CARTESIAN_POINT('',(18.084270656464,15.964685396068,
    63.488140714772));
#9701 = VERTEX_POINT('',#9702);
#9702 = CARTESIAN_POINT('',(18.084270656464,25.464685396068,
    47.033658042868));
#9703 = SURFACE_CURVE('',#9704,(#9708,#9715),.PCURVE_S1.);
#9704 = LINE('',#9705,#9706);
#9705 = CARTESIAN_POINT('',(18.084270656464,15.464685396068,
    64.354166118557));
#9706 = VECTOR('',#9707,1.);
#9707 = DIRECTION('',(-5.947623346206E-16,0.5,-0.866025403784));
#9708 = PCURVE('',#9633,#9709);
#9709 = DEFINITIONAL_REPRESENTATION('',(#9710),#9714);
#9710 = LINE('',#9711,#9712);
#9711 = CARTESIAN_POINT('',(-0.515902684074,0.));
#9712 = VECTOR('',#9713,1.);
#9713 = DIRECTION('',(0.,-1.));
#9714 = ( GEOMETRIC_REPRESENTATION_CONTEXT(2) 
PARAMETRIC_REPRESENTATION_CONTEXT() REPRESENTATION_CONTEXT('2D SPACE',''
  ) );
#9715 = PCURVE('',#101,#9716);
#9716 = DEFINITIONAL_REPRESENTATION('',(#9717),#9721);
#9717 = LINE('',#9718,#9719);
#9718 = CARTESIAN_POINT('',(-0.515902684074,0.));
#9719 = VECTOR('',#9720,1.);
#9720 = DIRECTION('',(0.,-1.));
#9721 = ( GEOMETRIC_REPRESENTATION_CONTEXT(2) 
PARAMETRIC_REPRESENTATION_CONTEXT() REPRESENTATION_CONTEXT('2D SPACE',''
  ) );
#9722 = ORIENTED_EDGE('',*,*,#9723,.T.);
#9723 = EDGE_CURVE('',#9699,#9616,#9724,.T.);
#9724 = SURFACE_CURVE('',#9725,(#9729,#9736),.PCURVE_S1.);
#9725 = LINE('',#9726,#9727);
#9726 = CARTESIAN_POINT('',(18.552700491183,15.168508998676,
    63.028468057416));
#9727 = VECTOR('',#9728,1.);
#9728 = DIRECTION('',(0.45399049974,-0.771634284885,-0.445503262094));
#9729 = PCURVE('',#9633,#9730);
#9730 = DEFINITIONAL_REPRESENTATION('',(#9731),#9735);
#9731 = LINE('',#9732,#9733);
#9732 = CARTESIAN_POINT('',(0.515902684074,-1.));
#9733 = VECTOR('',#9734,1.);
#9734 = DIRECTION('',(1.,0.));
#9735 = ( GEOMETRIC_REPRESENTATION_CONTEXT(2) 
PARAMETRIC_REPRESENTATION_CONTEXT() REPRESENTATION_CONTEXT('2D SPACE',''
  ) );
#9736 = PCURVE('',#9737,#9742);
#9737 = PLANE('',#9738);
#9738 = AXIS2_PLACEMENT_3D('',#9739,#9740,#9741);
#9739 = CARTESIAN_POINT('',(11.709728582513,24.391722004195,
    69.508193107324));
#9740 = DIRECTION('',(0.630036755335,-7.554212248502E-02,0.772882316176)
  );
#9741 = DIRECTION('',(0.45399049974,-0.771634284885,-0.445503262094));
#9742 = DEFINITIONAL_REPRESENTATION('',(#9743),#9747);
#9743 = LINE('',#9744,#9745);
#9744 = CARTESIAN_POINT('',(13.110330255582,1.414213562373));
#9745 = VECTOR('',#9746,1.);
#9746 = DIRECTION('',(1.,-8.326672684689E-17));
#9747 = ( GEOMETRIC_REPRESENTATION_CONTEXT(2) 
PARAMETRIC_REPRESENTATION_CONTEXT() REPRESENTATION_CONTEXT('2D SPACE',''
  ) );
#9748 = ORIENTED_EDGE('',*,*,#9615,.T.);
#9749 = ORIENTED_EDGE('',*,*,#9750,.T.);
#9750 = EDGE_CURVE('',#9618,#9701,#9751,.T.);
#9751 = SURFACE_CURVE('',#9752,(#9756,#9763),.PCURVE_S1.);
#9752 = LINE('',#9753,#9754);
#9753 = CARTESIAN_POINT('',(18.318485573823,25.066597197372,
    46.80382171419));
#9754 = VECTOR('',#9755,1.);
#9755 = DIRECTION('',(-0.45399049974,0.771634284885,0.445503262094));
#9756 = PCURVE('',#9633,#9757);
#9757 = DEFINITIONAL_REPRESENTATION('',(#9758),#9762);
#9758 = LINE('',#9759,#9760);
#9759 = CARTESIAN_POINT('',(0.,-20.));
#9760 = VECTOR('',#9761,1.);
#9761 = DIRECTION('',(-1.,0.));
#9762 = ( GEOMETRIC_REPRESENTATION_CONTEXT(2) 
PARAMETRIC_REPRESENTATION_CONTEXT() REPRESENTATION_CONTEXT('2D SPACE',''
  ) );
#9763 = PCURVE('',#128,#9764);
#9764 = DEFINITIONAL_REPRESENTATION('',(#9765),#9769);
#9765 = LINE('',#9766,#9767);
#9766 = CARTESIAN_POINT('',(18.318485573823,-4.801321915429));
#9767 = VECTOR('',#9768,1.);
#9768 = DIRECTION('',(-0.45399049974,0.891006524188));
#9769 = ( GEOMETRIC_REPRESENTATION_CONTEXT(2) 
PARAMETRIC_REPRESENTATION_CONTEXT() REPRESENTATION_CONTEXT('2D SPACE',''
  ) );
#9770 = ADVANCED_FACE('',(#9771),#101,.T.);
#9771 = FACE_BOUND('',#9772,.T.);
#9772 = EDGE_LOOP('',(#9773,#9774,#9800,#9801));
#9773 = ORIENTED_EDGE('',*,*,#85,.F.);
#9774 = ORIENTED_EDGE('',*,*,#9775,.T.);
#9775 = EDGE_CURVE('',#57,#9699,#9776,.T.);
#9776 = SURFACE_CURVE('',#9777,(#9781,#9788),.PCURVE_S1.);
#9777 = LINE('',#9778,#9779);
#9778 = CARTESIAN_POINT('',(18.501644695323,16.22729893026,
    63.639760709431));
#9779 = VECTOR('',#9780,1.);
#9780 = DIRECTION('',(-0.809016994375,-0.509036960455,-0.293892626146));
#9781 = PCURVE('',#101,#9782);
#9782 = DEFINITIONAL_REPRESENTATION('',(#9783),#9787);
#9783 = LINE('',#9784,#9785);
#9784 = CARTESIAN_POINT('',(0.,-1.));
#9785 = VECTOR('',#9786,1.);
#9786 = DIRECTION('',(-1.,0.));
#9787 = ( GEOMETRIC_REPRESENTATION_CONTEXT(2) 
PARAMETRIC_REPRESENTATION_CONTEXT() REPRESENTATION_CONTEXT('2D SPACE',''
  ) );
#9788 = PCURVE('',#9789,#9794);
#9789 = PLANE('',#9790);
#9790 = AXIS2_PLACEMENT_3D('',#9791,#9792,#9793);
#9791 = CARTESIAN_POINT('',(18.501644695323,16.22729893026,
    63.639760709431));
#9792 = DIRECTION('',(-0.415626937777,0.848973097958,-0.326341734287));
#9793 = DIRECTION('',(-0.809016994375,-0.509036960455,-0.293892626146));
#9794 = DEFINITIONAL_REPRESENTATION('',(#9795),#9799);
#9795 = LINE('',#9796,#9797);
#9796 = CARTESIAN_POINT('',(0.,0.));
#9797 = VECTOR('',#9798,1.);
#9798 = DIRECTION('',(1.,-3.053113317719E-16));
#9799 = ( GEOMETRIC_REPRESENTATION_CONTEXT(2) 
PARAMETRIC_REPRESENTATION_CONTEXT() REPRESENTATION_CONTEXT('2D SPACE',''
  ) );
#9800 = ORIENTED_EDGE('',*,*,#9698,.T.);
#9801 = ORIENTED_EDGE('',*,*,#9802,.F.);
#9802 = EDGE_CURVE('',#86,#9701,#9803,.T.);
#9803 = SURFACE_CURVE('',#9804,(#9808,#9815),.PCURVE_S1.);
#9804 = LINE('',#9805,#9806);
#9805 = CARTESIAN_POINT('',(18.501644695323,25.72729893026,
    47.185278037527));
#9806 = VECTOR('',#9807,1.);
#9807 = DIRECTION('',(-0.809016994375,-0.509036960455,-0.293892626146));
#9808 = PCURVE('',#101,#9809);
#9809 = DEFINITIONAL_REPRESENTATION('',(#9810),#9814);
#9810 = LINE('',#9811,#9812);
#9811 = CARTESIAN_POINT('',(0.,-20.));
#9812 = VECTOR('',#9813,1.);
#9813 = DIRECTION('',(-1.,0.));
#9814 = ( GEOMETRIC_REPRESENTATION_CONTEXT(2) 
PARAMETRIC_REPRESENTATION_CONTEXT() REPRESENTATION_CONTEXT('2D SPACE',''
  ) );
#9815 = PCURVE('',#128,#9816);
#9816 = DEFINITIONAL_REPRESENTATION('',(#9817),#9821);
#9817 = LINE('',#9818,#9819);
#9818 = CARTESIAN_POINT('',(18.501644695323,-4.038409268756));
#9819 = VECTOR('',#9820,1.);
#9820 = DIRECTION('',(-0.809016994375,-0.587785252292));
#9821 = ( GEOMETRIC_REPRESENTATION_CONTEXT(2) 
PARAMETRIC_REPRESENTATION_CONTEXT() REPRESENTATION_CONTEXT('2D SPACE',''
  ) );
#9822 = ADVANCED_FACE('',(#9823,#9859),#9836,.T.);
#9823 = FACE_BOUND('',#9824,.T.);
#9824 = EDGE_LOOP('',(#9825));
#9825 = ORIENTED_EDGE('',*,*,#9826,.F.);
#9826 = EDGE_CURVE('',#9827,#9827,#9829,.T.);
#9827 = VERTEX_POINT('',#9828);
#9828 = CARTESIAN_POINT('',(13.3,19.224663947881,66.524990747593));
#9829 = SURFACE_CURVE('',#9830,(#9835,#9847),.PCURVE_S1.);
#9830 = CIRCLE('',#9831,13.3);
#9831 = AXIS2_PLACEMENT_3D('',#9832,#9833,#9834);
#9832 = CARTESIAN_POINT('',(1.15463194561E-14,19.224663947881,
    66.524990747593));
#9833 = DIRECTION('',(5.947623346206E-16,-0.5,0.866025403784));
#9834 = DIRECTION('',(1.,2.973811673103E-16,-5.150792909956E-16));
#9835 = PCURVE('',#9836,#9841);
#9836 = PLANE('',#9837);
#9837 = AXIS2_PLACEMENT_3D('',#9838,#9839,#9840);
#9838 = CARTESIAN_POINT('',(1.15463194561E-14,19.224663947881,
    66.524990747593));
#9839 = DIRECTION('',(5.947623346206E-16,-0.5,0.866025403784));
#9840 = DIRECTION('',(1.,2.973811673103E-16,-5.150792909956E-16));
#9841 = DEFINITIONAL_REPRESENTATION('',(#9842),#9846);
#9842 = CIRCLE('',#9843,13.3);
#9843 = AXIS2_PLACEMENT_2D('',#9844,#9845);
#9844 = CARTESIAN_POINT('',(0.,0.));
#9845 = DIRECTION('',(1.,0.));
#9846 = ( GEOMETRIC_REPRESENTATION_CONTEXT(2) 
PARAMETRIC_REPRESENTATION_CONTEXT() REPRESENTATION_CONTEXT('2D SPACE',''
  ) );
#9847 = PCURVE('',#9848,#9853);
#9848 = CYLINDRICAL_SURFACE('',#9849,13.3);
#9849 = AXIS2_PLACEMENT_3D('',#9850,#9851,#9852);
#9850 = CARTESIAN_POINT('',(1.06581410364E-14,19.624663947881,
    65.832170424566));
#9851 = DIRECTION('',(5.947623346206E-16,-0.5,0.866025403784));
#9852 = DIRECTION('',(1.,2.973811673103E-16,-5.150792909956E-16));
#9853 = DEFINITIONAL_REPRESENTATION('',(#9854),#9858);
#9854 = LINE('',#9855,#9856);
#9855 = CARTESIAN_POINT('',(0.,0.8));
#9856 = VECTOR('',#9857,1.);
#9857 = DIRECTION('',(1.,0.));
#9858 = ( GEOMETRIC_REPRESENTATION_CONTEXT(2) 
PARAMETRIC_REPRESENTATION_CONTEXT() REPRESENTATION_CONTEXT('2D SPACE',''
  ) );
#9859 = FACE_BOUND('',#9860,.T.);
#9860 = EDGE_LOOP('',(#9861,#9886,#9910,#9933,#9956,#9980,#10003,#10026,
    #10050,#10073,#10096,#10120,#10143,#10166,#10190,#10213,#10236,
    #10260,#10283,#10306,#10330,#10353,#10376,#10400,#10423,#10446,
    #10470,#10493,#10516,#10540,#10563,#10586,#10610,#10633,#10656,
    #10680,#10703,#10726,#10750,#10773,#10796,#10820,#10843,#10866,
    #10890,#10913,#10936,#10960,#10983,#11006,#11030,#11053,#11076,
    #11100,#11123,#11146,#11170,#11193,#11216,#11240,#11263,#11286,
    #11310,#11333,#11356,#11380,#11403,#11426,#11450,#11473,#11496,
    #11520,#11543,#11566,#11590,#11613,#11636,#11660,#11683,#11706,
    #11730,#11753,#11776,#11800,#11823,#11846,#11870,#11893,#11916,
    #11940,#11963,#11986,#12010,#12033,#12056,#12080,#12103,#12126,
    #12150,#12173,#12196,#12220,#12243,#12266,#12290,#12313,#12336,
    #12360,#12383,#12406,#12430,#12453,#12476,#12500,#12523,#12546,
    #12570,#12593,#12616,#12640));
#9861 = ORIENTED_EDGE('',*,*,#9862,.T.);
#9862 = EDGE_CURVE('',#9863,#9865,#9867,.T.);
#9863 = VERTEX_POINT('',#9864);
#9864 = CARTESIAN_POINT('',(16.805519615064,15.730556029178,
    64.507666600153));
#9865 = VERTEX_POINT('',#9866);
#9866 = CARTESIAN_POINT('',(18.009030563585,16.487810276455,
    64.944867543663));
#9867 = SURFACE_CURVE('',#9868,(#9872,#9879),.PCURVE_S1.);
#9868 = LINE('',#9869,#9870);
#9869 = CARTESIAN_POINT('',(7.724753503257,10.016899069809,
    61.208885216604));
#9870 = VECTOR('',#9871,1.);
#9871 = DIRECTION('',(0.809016994375,0.509036960455,0.293892626146));
#9872 = PCURVE('',#9836,#9873);
#9873 = DEFINITIONAL_REPRESENTATION('',(#9874),#9878);
#9874 = LINE('',#9875,#9876);
#9875 = CARTESIAN_POINT('',(7.724753503257,-10.63221106197));
#9876 = VECTOR('',#9877,1.);
#9877 = DIRECTION('',(0.809016994375,0.587785252292));
#9878 = ( GEOMETRIC_REPRESENTATION_CONTEXT(2) 
PARAMETRIC_REPRESENTATION_CONTEXT() REPRESENTATION_CONTEXT('2D SPACE',''
  ) );
#9879 = PCURVE('',#9789,#9880);
#9880 = DEFINITIONAL_REPRESENTATION('',(#9881),#9885);
#9881 = LINE('',#9882,#9883);
#9882 = CARTESIAN_POINT('',(12.594427571508,1.414213562373));
#9883 = VECTOR('',#9884,1.);
#9884 = DIRECTION('',(-1.,3.053113317719E-16));
#9885 = ( GEOMETRIC_REPRESENTATION_CONTEXT(2) 
PARAMETRIC_REPRESENTATION_CONTEXT() REPRESENTATION_CONTEXT('2D SPACE',''
  ) );
#9886 = ORIENTED_EDGE('',*,*,#9887,.T.);
#9887 = EDGE_CURVE('',#9865,#9888,#9890,.T.);
#9888 = VERTEX_POINT('',#9889);
#9889 = CARTESIAN_POINT('',(18.104175716097,17.008051525872,
    65.245228969057));
#9890 = SURFACE_CURVE('',#9891,(#9896,#9903),.PCURVE_S1.);
#9891 = CIRCLE('',#9892,18.284210105952);
#9892 = AXIS2_PLACEMENT_3D('',#9893,#9894,#9895);
#9893 = CARTESIAN_POINT('',(-1.580957587066E-12,19.224663947881,
    66.524990747593));
#9894 = DIRECTION('',(5.947623346206E-16,-0.5,0.866025403784));
#9895 = DIRECTION('',(1.,2.973811673103E-16,-5.150792909956E-16));
#9896 = PCURVE('',#9836,#9897);
#9897 = DEFINITIONAL_REPRESENTATION('',(#9898),#9902);
#9898 = CIRCLE('',#9899,18.284210105952);
#9899 = AXIS2_PLACEMENT_2D('',#9900,#9901);
#9900 = CARTESIAN_POINT('',(-1.592503906522E-12,3.37507799486E-13));
#9901 = DIRECTION('',(1.,0.));
#9902 = ( GEOMETRIC_REPRESENTATION_CONTEXT(2) 
PARAMETRIC_REPRESENTATION_CONTEXT() REPRESENTATION_CONTEXT('2D SPACE',''
  ) );
#9903 = PCURVE('',#73,#9904);
#9904 = DEFINITIONAL_REPRESENTATION('',(#9905),#9909);
#9905 = LINE('',#9906,#9907);
#9906 = CARTESIAN_POINT('',(9.424777960769,-3.280153731763E-13));
#9907 = VECTOR('',#9908,1.);
#9908 = DIRECTION('',(-1.,5.339888211826E-14));
#9909 = ( GEOMETRIC_REPRESENTATION_CONTEXT(2) 
PARAMETRIC_REPRESENTATION_CONTEXT() REPRESENTATION_CONTEXT('2D SPACE',''
  ) );
#9910 = ORIENTED_EDGE('',*,*,#9911,.T.);
#9911 = EDGE_CURVE('',#9888,#9912,#9914,.T.);
#9912 = VERTEX_POINT('',#9913);
#9913 = CARTESIAN_POINT('',(17.229773829077,18.050322581024,
    65.846984443318));
#9914 = SURFACE_CURVE('',#9915,(#9919,#9926),.PCURVE_S1.);
#9915 = LINE('',#9916,#9917);
#9916 = CARTESIAN_POINT('',(17.73178986026,17.451928654511,
    65.501501548764));
#9917 = VECTOR('',#9918,1.);
#9918 = DIRECTION('',(-0.587785252292,0.700629269222,0.404508497187));
#9919 = PCURVE('',#9836,#9920);
#9920 = DEFINITIONAL_REPRESENTATION('',(#9921),#9925);
#9921 = LINE('',#9922,#9923);
#9922 = CARTESIAN_POINT('',(17.73178986026,-2.046978397658));
#9923 = VECTOR('',#9924,1.);
#9924 = DIRECTION('',(-0.587785252292,0.809016994375));
#9925 = ( GEOMETRIC_REPRESENTATION_CONTEXT(2) 
PARAMETRIC_REPRESENTATION_CONTEXT() REPRESENTATION_CONTEXT('2D SPACE',''
  ) );
#9926 = PCURVE('',#187,#9927);
#9927 = DEFINITIONAL_REPRESENTATION('',(#9928),#9932);
#9928 = LINE('',#9929,#9930);
#9929 = CARTESIAN_POINT('',(12.078524887433,3.678955472469E-16));
#9930 = VECTOR('',#9931,1.);
#9931 = DIRECTION('',(-1.,1.110223024625E-16));
#9932 = ( GEOMETRIC_REPRESENTATION_CONTEXT(2) 
PARAMETRIC_REPRESENTATION_CONTEXT() REPRESENTATION_CONTEXT('2D SPACE',''
  ) );
#9933 = ORIENTED_EDGE('',*,*,#9934,.T.);
#9934 = EDGE_CURVE('',#9912,#9935,#9937,.T.);
#9935 = VERTEX_POINT('',#9936);
#9936 = CARTESIAN_POINT('',(18.281680969283,18.961300886865,
    66.372938013421));
#9937 = SURFACE_CURVE('',#9938,(#9942,#9949),.PCURVE_S1.);
#9938 = LINE('',#9939,#9940);
#9939 = CARTESIAN_POINT('',(9.292893218813,11.176782345732,
    61.878544138186));
#9940 = VECTOR('',#9941,1.);
#9941 = DIRECTION('',(0.707106781187,0.612372435696,0.353553390593));
#9942 = PCURVE('',#9836,#9943);
#9943 = DEFINITIONAL_REPRESENTATION('',(#9944),#9948);
#9944 = LINE('',#9945,#9946);
#9945 = CARTESIAN_POINT('',(9.292893218813,-9.292893218813));
#9946 = VECTOR('',#9947,1.);
#9947 = DIRECTION('',(0.707106781187,0.707106781187));
#9948 = ( GEOMETRIC_REPRESENTATION_CONTEXT(2) 
PARAMETRIC_REPRESENTATION_CONTEXT() REPRESENTATION_CONTEXT('2D SPACE',''
  ) );
#9949 = PCURVE('',#268,#9950);
#9950 = DEFINITIONAL_REPRESENTATION('',(#9951),#9955);
#9951 = LINE('',#9952,#9953);
#9952 = CARTESIAN_POINT('',(12.594427571508,1.414213562373));
#9953 = VECTOR('',#9954,1.);
#9954 = DIRECTION('',(-1.,1.387778780781E-16));
#9955 = ( GEOMETRIC_REPRESENTATION_CONTEXT(2) 
PARAMETRIC_REPRESENTATION_CONTEXT() REPRESENTATION_CONTEXT('2D SPACE',''
  ) );
#9956 = ORIENTED_EDGE('',*,*,#9957,.T.);
#9957 = EDGE_CURVE('',#9935,#9958,#9960,.T.);
#9958 = VERTEX_POINT('',#9959);
#9959 = CARTESIAN_POINT('',(18.281680969283,19.488027008896,
    66.677043481765));
#9960 = SURFACE_CURVE('',#9961,(#9966,#9973),.PCURVE_S1.);
#9961 = CIRCLE('',#9962,18.284210105954);
#9962 = AXIS2_PLACEMENT_3D('',#9963,#9964,#9965);
#9963 = CARTESIAN_POINT('',(-3.357314426466E-12,19.224663947881,
    66.524990747593));
#9964 = DIRECTION('',(5.947623346206E-16,-0.5,0.866025403784));
#9965 = DIRECTION('',(1.,2.973811673103E-16,-5.150792909956E-16));
#9966 = PCURVE('',#9836,#9967);
#9967 = DEFINITIONAL_REPRESENTATION('',(#9968),#9972);
#9968 = CIRCLE('',#9969,18.284210105954);
#9969 = AXIS2_PLACEMENT_2D('',#9970,#9971);
#9970 = CARTESIAN_POINT('',(-3.368860745923E-12,-2.6645352591E-15));
#9971 = DIRECTION('',(1.,0.));
#9972 = ( GEOMETRIC_REPRESENTATION_CONTEXT(2) 
PARAMETRIC_REPRESENTATION_CONTEXT() REPRESENTATION_CONTEXT('2D SPACE',''
  ) );
#9973 = PCURVE('',#350,#9974);
#9974 = DEFINITIONAL_REPRESENTATION('',(#9975),#9979);
#9975 = LINE('',#9976,#9977);
#9976 = CARTESIAN_POINT('',(9.424777960769,3.36403249965E-13));
#9977 = VECTOR('',#9978,1.);
#9978 = DIRECTION('',(-1.,-5.339888211826E-14));
#9979 = ( GEOMETRIC_REPRESENTATION_CONTEXT(2) 
PARAMETRIC_REPRESENTATION_CONTEXT() REPRESENTATION_CONTEXT('2D SPACE',''
  ) );
#9980 = ORIENTED_EDGE('',*,*,#9981,.T.);
#9981 = EDGE_CURVE('',#9958,#9982,#9984,.T.);
#9982 = VERTEX_POINT('',#9983);
#9983 = CARTESIAN_POINT('',(17.229773829077,20.399005314737,
    67.202997051868));
#9984 = SURFACE_CURVE('',#9985,(#9989,#9996),.PCURVE_S1.);
#9985 = LINE('',#9986,#9987);
#9986 = CARTESIAN_POINT('',(17.833700073448,19.875989845099,
    66.901033929683));
#9987 = VECTOR('',#9988,1.);
#9988 = DIRECTION('',(-0.707106781187,0.612372435696,0.353553390593));
#9989 = PCURVE('',#9836,#9990);
#9990 = DEFINITIONAL_REPRESENTATION('',(#9991),#9995);
#9991 = LINE('',#9992,#9993);
#9992 = CARTESIAN_POINT('',(17.833700073448,0.752086364179));
#9993 = VECTOR('',#9994,1.);
#9994 = DIRECTION('',(-0.707106781187,0.707106781187));
#9995 = ( GEOMETRIC_REPRESENTATION_CONTEXT(2) 
PARAMETRIC_REPRESENTATION_CONTEXT() REPRESENTATION_CONTEXT('2D SPACE',''
  ) );
#9996 = PCURVE('',#432,#9997);
#9997 = DEFINITIONAL_REPRESENTATION('',(#9998),#10002);
#9998 = LINE('',#9999,#10000);
#9999 = CARTESIAN_POINT('',(12.078524887433,-1.124154480569E-14));
#10000 = VECTOR('',#10001,1.);
#10001 = DIRECTION('',(-1.,1.387778780781E-16));
#10002 = ( GEOMETRIC_REPRESENTATION_CONTEXT(2) 
PARAMETRIC_REPRESENTATION_CONTEXT() REPRESENTATION_CONTEXT('2D SPACE',''
  ) );
#10003 = ORIENTED_EDGE('',*,*,#10004,.T.);
#10004 = EDGE_CURVE('',#9982,#10005,#10007,.T.);
#10005 = VERTEX_POINT('',#10006);
#10006 = CARTESIAN_POINT('',(18.104175716097,21.44127636989,
    67.804752526129));
#10007 = SURFACE_CURVE('',#10008,(#10012,#10019),.PCURVE_S1.);
#10008 = LINE('',#10009,#10010);
#10009 = CARTESIAN_POINT('',(10.632211061979,12.534831176088,
    62.662613995965));
#10010 = VECTOR('',#10011,1.);
#10011 = DIRECTION('',(0.587785252292,0.700629269222,0.404508497187));
#10012 = PCURVE('',#9836,#10013);
#10013 = DEFINITIONAL_REPRESENTATION('',(#10014),#10018);
#10014 = LINE('',#10015,#10016);
#10015 = CARTESIAN_POINT('',(10.632211061979,-7.724753503257));
#10016 = VECTOR('',#10017,1.);
#10017 = DIRECTION('',(0.587785252292,0.809016994375));
#10018 = ( GEOMETRIC_REPRESENTATION_CONTEXT(2) 
PARAMETRIC_REPRESENTATION_CONTEXT() REPRESENTATION_CONTEXT('2D SPACE',''
  ) );
#10019 = PCURVE('',#513,#10020);
#10020 = DEFINITIONAL_REPRESENTATION('',(#10021),#10025);
#10021 = LINE('',#10022,#10023);
#10022 = CARTESIAN_POINT('',(12.594427571508,1.414213562373));
#10023 = VECTOR('',#10024,1.);
#10024 = DIRECTION('',(-1.,1.942890293094E-16));
#10025 = ( GEOMETRIC_REPRESENTATION_CONTEXT(2) 
PARAMETRIC_REPRESENTATION_CONTEXT() REPRESENTATION_CONTEXT('2D SPACE',''
  ) );
#10026 = ORIENTED_EDGE('',*,*,#10027,.T.);
#10027 = EDGE_CURVE('',#10005,#10028,#10030,.T.);
#10028 = VERTEX_POINT('',#10029);
#10029 = CARTESIAN_POINT('',(18.009030563585,21.961517619306,
    68.105113951523));
#10030 = SURFACE_CURVE('',#10031,(#10036,#10043),.PCURVE_S1.);
#10031 = CIRCLE('',#10032,18.284210105952);
#10032 = AXIS2_PLACEMENT_3D('',#10033,#10034,#10035);
#10033 = CARTESIAN_POINT('',(-1.553424056056E-12,19.22466394788,
    66.524990747593));
#10034 = DIRECTION('',(5.947623346206E-16,-0.5,0.866025403784));
#10035 = DIRECTION('',(1.,2.973811673103E-16,-5.150792909956E-16));
#10036 = PCURVE('',#9836,#10037);
#10037 = DEFINITIONAL_REPRESENTATION('',(#10038),#10042);
#10038 = CIRCLE('',#10039,18.284210105952);
#10039 = AXIS2_PLACEMENT_2D('',#10040,#10041);
#10040 = CARTESIAN_POINT('',(-1.564970375512E-12,-3.348432642269E-13));
#10041 = DIRECTION('',(1.,0.));
#10042 = ( GEOMETRIC_REPRESENTATION_CONTEXT(2) 
PARAMETRIC_REPRESENTATION_CONTEXT() REPRESENTATION_CONTEXT('2D SPACE',''
  ) );
#10043 = PCURVE('',#595,#10044);
#10044 = DEFINITIONAL_REPRESENTATION('',(#10045),#10049);
#10045 = LINE('',#10046,#10047);
#10046 = CARTESIAN_POINT('',(3.14159265359,9.276055208332E-15));
#10047 = VECTOR('',#10048,1.);
#10048 = DIRECTION('',(-1.,-5.339888211826E-14));
#10049 = ( GEOMETRIC_REPRESENTATION_CONTEXT(2) 
PARAMETRIC_REPRESENTATION_CONTEXT() REPRESENTATION_CONTEXT('2D SPACE',''
  ) );
#10050 = ORIENTED_EDGE('',*,*,#10051,.T.);
#10051 = EDGE_CURVE('',#10028,#10052,#10054,.T.);
#10052 = VERTEX_POINT('',#10053);
#10053 = CARTESIAN_POINT('',(16.805519615064,22.718771866583,
    68.542314895034));
#10054 = SURFACE_CURVE('',#10055,(#10059,#10066),.PCURVE_S1.);
#10055 = LINE('',#10056,#10057);
#10056 = CARTESIAN_POINT('',(17.496485404171,22.284013230471,
    68.291306879442));
#10057 = VECTOR('',#10058,1.);
#10058 = DIRECTION('',(-0.809016994375,0.509036960455,0.293892626146));
#10059 = PCURVE('',#9836,#10060);
#10060 = DEFINITIONAL_REPRESENTATION('',(#10061),#10065);
#10061 = LINE('',#10062,#10063);
#10062 = CARTESIAN_POINT('',(17.496485404171,3.532632263698));
#10063 = VECTOR('',#10064,1.);
#10064 = DIRECTION('',(-0.809016994375,0.587785252292));
#10065 = ( GEOMETRIC_REPRESENTATION_CONTEXT(2) 
PARAMETRIC_REPRESENTATION_CONTEXT() REPRESENTATION_CONTEXT('2D SPACE',''
  ) );
#10066 = PCURVE('',#677,#10067);
#10067 = DEFINITIONAL_REPRESENTATION('',(#10068),#10072);
#10068 = LINE('',#10069,#10070);
#10069 = CARTESIAN_POINT('',(12.078524887433,1.709089819634E-14));
#10070 = VECTOR('',#10071,1.);
#10071 = DIRECTION('',(-1.,5.551115123126E-17));
#10072 = ( GEOMETRIC_REPRESENTATION_CONTEXT(2) 
PARAMETRIC_REPRESENTATION_CONTEXT() REPRESENTATION_CONTEXT('2D SPACE',''
  ) );
#10073 = ORIENTED_EDGE('',*,*,#10074,.T.);
#10074 = EDGE_CURVE('',#10052,#10075,#10077,.T.);
#10075 = VERTEX_POINT('',#10076);
#10076 = CARTESIAN_POINT('',(17.480885572467,23.866671498569,
    69.205055056563));
#10077 = SURFACE_CURVE('',#10078,(#10082,#10089),.PCURVE_S1.);
#10078 = LINE('',#10079,#10080);
#10079 = CARTESIAN_POINT('',(11.709728582513,14.057605891567,
    63.541788387862));
#10080 = VECTOR('',#10081,1.);
#10081 = DIRECTION('',(0.45399049974,0.771634284885,0.445503262094));
#10082 = PCURVE('',#9836,#10083);
#10083 = DEFINITIONAL_REPRESENTATION('',(#10084),#10088);
#10084 = LINE('',#10085,#10086);
#10085 = CARTESIAN_POINT('',(11.709728582513,-5.966404719463));
#10086 = VECTOR('',#10087,1.);
#10087 = DIRECTION('',(0.45399049974,0.891006524188));
#10088 = ( GEOMETRIC_REPRESENTATION_CONTEXT(2) 
PARAMETRIC_REPRESENTATION_CONTEXT() REPRESENTATION_CONTEXT('2D SPACE',''
  ) );
#10089 = PCURVE('',#758,#10090);
#10090 = DEFINITIONAL_REPRESENTATION('',(#10091),#10095);
#10091 = LINE('',#10092,#10093);
#10092 = CARTESIAN_POINT('',(12.594427571508,1.414213562373));
#10093 = VECTOR('',#10094,1.);
#10094 = DIRECTION('',(-1.,8.326672684689E-17));
#10095 = ( GEOMETRIC_REPRESENTATION_CONTEXT(2) 
PARAMETRIC_REPRESENTATION_CONTEXT() REPRESENTATION_CONTEXT('2D SPACE',''
  ) );
#10096 = ORIENTED_EDGE('',*,*,#10097,.T.);
#10097 = EDGE_CURVE('',#10075,#10098,#10100,.T.);
#10098 = VERTEX_POINT('',#10099);
#10099 = CARTESIAN_POINT('',(17.292938056866,24.367617809229,
    69.494276543873));
#10100 = SURFACE_CURVE('',#10101,(#10106,#10113),.PCURVE_S1.);
#10101 = CIRCLE('',#10102,18.284210105952);
#10102 = AXIS2_PLACEMENT_3D('',#10103,#10104,#10105);
#10103 = CARTESIAN_POINT('',(-2.113864638886E-12,19.22466394788,
    66.524990747593));
#10104 = DIRECTION('',(5.947623346206E-16,-0.5,0.866025403784));
#10105 = DIRECTION('',(1.,2.973811673103E-16,-5.150792909956E-16));
#10106 = PCURVE('',#9836,#10107);
#10107 = DEFINITIONAL_REPRESENTATION('',(#10108),#10112);
#10108 = CIRCLE('',#10109,18.284210105952);
#10109 = AXIS2_PLACEMENT_2D('',#10110,#10111);
#10110 = CARTESIAN_POINT('',(-2.125410958342E-12,-5.666578317687E-13));
#10111 = DIRECTION('',(1.,0.));
#10112 = ( GEOMETRIC_REPRESENTATION_CONTEXT(2) 
PARAMETRIC_REPRESENTATION_CONTEXT() REPRESENTATION_CONTEXT('2D SPACE',''
  ) );
#10113 = PCURVE('',#840,#10114);
#10114 = DEFINITIONAL_REPRESENTATION('',(#10115),#10119);
#10115 = LINE('',#10116,#10117);
#10116 = CARTESIAN_POINT('',(3.14159265359,0.));
#10117 = VECTOR('',#10118,1.);
#10118 = DIRECTION('',(-1.,0.));
#10119 = ( GEOMETRIC_REPRESENTATION_CONTEXT(2) 
PARAMETRIC_REPRESENTATION_CONTEXT() REPRESENTATION_CONTEXT('2D SPACE',''
  ) );
#10120 = ORIENTED_EDGE('',*,*,#10121,.T.);
#10121 = EDGE_CURVE('',#10098,#10122,#10124,.T.);
#10122 = VERTEX_POINT('',#10123);
#10123 = CARTESIAN_POINT('',(15.967457733806,24.952501885191,
    69.831959522574));
#10124 = SURFACE_CURVE('',#10125,(#10129,#10136),.PCURVE_S1.);
#10125 = LINE('',#10126,#10127);
#10126 = CARTESIAN_POINT('',(16.728449196737,24.616705283108,
    69.638087263968));
#10127 = VECTOR('',#10128,1.);
#10128 = DIRECTION('',(-0.891006524188,0.393167305851,0.22699524987));
#10129 = PCURVE('',#9836,#10130);
#10130 = DEFINITIONAL_REPRESENTATION('',(#10131),#10135);
#10131 = LINE('',#10132,#10133);
#10132 = CARTESIAN_POINT('',(16.728449196737,6.22619303275));
#10133 = VECTOR('',#10134,1.);
#10134 = DIRECTION('',(-0.891006524188,0.45399049974));
#10135 = ( GEOMETRIC_REPRESENTATION_CONTEXT(2) 
PARAMETRIC_REPRESENTATION_CONTEXT() REPRESENTATION_CONTEXT('2D SPACE',''
  ) );
#10136 = PCURVE('',#922,#10137);
#10137 = DEFINITIONAL_REPRESENTATION('',(#10138),#10142);
#10138 = LINE('',#10139,#10140);
#10139 = CARTESIAN_POINT('',(12.078524887433,1.989474801488E-14));
#10140 = VECTOR('',#10141,1.);
#10141 = DIRECTION('',(-1.,1.110223024625E-16));
#10142 = ( GEOMETRIC_REPRESENTATION_CONTEXT(2) 
PARAMETRIC_REPRESENTATION_CONTEXT() REPRESENTATION_CONTEXT('2D SPACE',''
  ) );
#10143 = ORIENTED_EDGE('',*,*,#10144,.T.);
#10144 = EDGE_CURVE('',#10122,#10145,#10147,.T.);
#10145 = VERTEX_POINT('',#10146);
#10146 = CARTESIAN_POINT('',(16.427158010309,26.177764995411,
    70.539365509087));
#10147 = SURFACE_CURVE('',#10148,(#10152,#10159),.PCURVE_S1.);
#10148 = LINE('',#10149,#10150);
#10149 = CARTESIAN_POINT('',(12.498913722984,15.707610724875,
    64.494419122537));
#10150 = VECTOR('',#10151,1.);
#10151 = DIRECTION('',(0.309016994375,0.823639103546,0.475528258148));
#10152 = PCURVE('',#9836,#10153);
#10153 = DEFINITIONAL_REPRESENTATION('',(#10154),#10158);
#10154 = LINE('',#10155,#10156);
#10155 = CARTESIAN_POINT('',(12.498913722984,-4.061143250113));
#10156 = VECTOR('',#10157,1.);
#10157 = DIRECTION('',(0.309016994375,0.951056516295));
#10158 = ( GEOMETRIC_REPRESENTATION_CONTEXT(2) 
PARAMETRIC_REPRESENTATION_CONTEXT() REPRESENTATION_CONTEXT('2D SPACE',''
  ) );
#10159 = PCURVE('',#1003,#10160);
#10160 = DEFINITIONAL_REPRESENTATION('',(#10161),#10165);
#10161 = LINE('',#10162,#10163);
#10162 = CARTESIAN_POINT('',(12.594427571508,1.414213562373));
#10163 = VECTOR('',#10164,1.);
#10164 = DIRECTION('',(-1.,1.249000902703E-16));
#10165 = ( GEOMETRIC_REPRESENTATION_CONTEXT(2) 
PARAMETRIC_REPRESENTATION_CONTEXT() REPRESENTATION_CONTEXT('2D SPACE',''
  ) );
#10166 = ORIENTED_EDGE('',*,*,#10167,.T.);
#10167 = EDGE_CURVE('',#10145,#10168,#10170,.T.);
#10168 = VERTEX_POINT('',#10169);
#10169 = CARTESIAN_POINT('',(16.151036023215,26.647081406601,
    70.810325465423));
#10170 = SURFACE_CURVE('',#10171,(#10176,#10183),.PCURVE_S1.);
#10171 = CIRCLE('',#10172,18.284210105953);
#10172 = AXIS2_PLACEMENT_3D('',#10173,#10174,#10175);
#10173 = CARTESIAN_POINT('',(-2.285283073888E-12,19.22466394788,
    66.524990747593));
#10174 = DIRECTION('',(5.947623346206E-16,-0.5,0.866025403784));
#10175 = DIRECTION('',(1.,2.973811673103E-16,-5.150792909956E-16));
#10176 = PCURVE('',#9836,#10177);
#10177 = DEFINITIONAL_REPRESENTATION('',(#10178),#10182);
#10178 = CIRCLE('',#10179,18.284210105953);
#10179 = AXIS2_PLACEMENT_2D('',#10180,#10181);
#10180 = CARTESIAN_POINT('',(-2.296829393345E-12,-1.225686219186E-12));
#10181 = DIRECTION('',(1.,0.));
#10182 = ( GEOMETRIC_REPRESENTATION_CONTEXT(2) 
PARAMETRIC_REPRESENTATION_CONTEXT() REPRESENTATION_CONTEXT('2D SPACE',''
  ) );
#10183 = PCURVE('',#1085,#10184);
#10184 = DEFINITIONAL_REPRESENTATION('',(#10185),#10189);
#10185 = LINE('',#10186,#10187);
#10186 = CARTESIAN_POINT('',(3.14159265359,0.));
#10187 = VECTOR('',#10188,1.);
#10188 = DIRECTION('',(-1.,0.));
#10189 = ( GEOMETRIC_REPRESENTATION_CONTEXT(2) 
PARAMETRIC_REPRESENTATION_CONTEXT() REPRESENTATION_CONTEXT('2D SPACE',''
  ) );
#10190 = ORIENTED_EDGE('',*,*,#10191,.T.);
#10191 = EDGE_CURVE('',#10168,#10192,#10194,.T.);
#10192 = VERTEX_POINT('',#10193);
#10193 = CARTESIAN_POINT('',(14.736224050188,27.045193524178,
    71.040175603674));
#10194 = SURFACE_CURVE('',#10195,(#10199,#10206),.PCURVE_S1.);
#10195 = LINE('',#10196,#10197);
#10196 = CARTESIAN_POINT('',(15.54850305154,26.816627382912,
    70.908212880486));
#10197 = VECTOR('',#10198,1.);
#10198 = DIRECTION('',(-0.951056516295,0.26761656733,0.154508497187));
#10199 = PCURVE('',#9836,#10200);
#10200 = DEFINITIONAL_REPRESENTATION('',(#10201),#10205);
#10201 = LINE('',#10202,#10203);
#10202 = CARTESIAN_POINT('',(15.54850305154,8.766444265786));
#10203 = VECTOR('',#10204,1.);
#10204 = DIRECTION('',(-0.951056516295,0.309016994375));
#10205 = ( GEOMETRIC_REPRESENTATION_CONTEXT(2) 
PARAMETRIC_REPRESENTATION_CONTEXT() REPRESENTATION_CONTEXT('2D SPACE',''
  ) );
#10206 = PCURVE('',#1167,#10207);
#10207 = DEFINITIONAL_REPRESENTATION('',(#10208),#10212);
#10208 = LINE('',#10209,#10210);
#10209 = CARTESIAN_POINT('',(12.078524887433,-1.323340986713E-14));
#10210 = VECTOR('',#10211,1.);
#10211 = DIRECTION('',(-1.,4.163336342344E-17));
#10212 = ( GEOMETRIC_REPRESENTATION_CONTEXT(2) 
PARAMETRIC_REPRESENTATION_CONTEXT() REPRESENTATION_CONTEXT('2D SPACE',''
  ) );
#10213 = ORIENTED_EDGE('',*,*,#10214,.T.);
#10214 = EDGE_CURVE('',#10192,#10215,#10217,.T.);
#10215 = VERTEX_POINT('',#10216);
#10216 = CARTESIAN_POINT('',(14.968939299325,28.317650068443,
    71.774828732037));
#10217 = SURFACE_CURVE('',#10218,(#10222,#10229),.PCURVE_S1.);
#10218 = LINE('',#10219,#10220);
#10219 = CARTESIAN_POINT('',(12.980334126079,17.444217080964,
    65.497049269701));
#10220 = VECTOR('',#10221,1.);
#10221 = DIRECTION('',(0.15643446504,0.855363193977,0.493844170298));
#10222 = PCURVE('',#9836,#10223);
#10223 = DEFINITIONAL_REPRESENTATION('',(#10224),#10228);
#10224 = LINE('',#10225,#10226);
#10225 = CARTESIAN_POINT('',(12.980334126079,-2.055882955785));
#10226 = VECTOR('',#10227,1.);
#10227 = DIRECTION('',(0.15643446504,0.987688340595));
#10228 = ( GEOMETRIC_REPRESENTATION_CONTEXT(2) 
PARAMETRIC_REPRESENTATION_CONTEXT() REPRESENTATION_CONTEXT('2D SPACE',''
  ) );
#10229 = PCURVE('',#1248,#10230);
#10230 = DEFINITIONAL_REPRESENTATION('',(#10231),#10235);
#10231 = LINE('',#10232,#10233);
#10232 = CARTESIAN_POINT('',(12.594427571508,1.414213562373));
#10233 = VECTOR('',#10234,1.);
#10234 = DIRECTION('',(-1.,3.469446951954E-17));
#10235 = ( GEOMETRIC_REPRESENTATION_CONTEXT(2) 
PARAMETRIC_REPRESENTATION_CONTEXT() REPRESENTATION_CONTEXT('2D SPACE',''
  ) );
#10236 = ORIENTED_EDGE('',*,*,#10237,.T.);
#10237 = EDGE_CURVE('',#10215,#10238,#10240,.T.);
#10238 = VERTEX_POINT('',#10239);
#10239 = CARTESIAN_POINT('',(14.611441880458,28.743780452547,
    72.02085522401));
#10240 = SURFACE_CURVE('',#10241,(#10246,#10253),.PCURVE_S1.);
#10241 = CIRCLE('',#10242,18.284210105953);
#10242 = AXIS2_PLACEMENT_3D('',#10243,#10244,#10245);
#10243 = CARTESIAN_POINT('',(-1.816324868287E-12,19.224663947879,
    66.524990747592));
#10244 = DIRECTION('',(5.947623346206E-16,-0.5,0.866025403784));
#10245 = DIRECTION('',(1.,2.973811673103E-16,-5.150792909956E-16));
#10246 = PCURVE('',#9836,#10247);
#10247 = DEFINITIONAL_REPRESENTATION('',(#10248),#10252);
#10248 = CIRCLE('',#10249,18.284210105953);
#10249 = AXIS2_PLACEMENT_2D('',#10250,#10251);
#10250 = CARTESIAN_POINT('',(-1.827871187743E-12,-1.399769189447E-12));
#10251 = DIRECTION('',(1.,0.));
#10252 = ( GEOMETRIC_REPRESENTATION_CONTEXT(2) 
PARAMETRIC_REPRESENTATION_CONTEXT() REPRESENTATION_CONTEXT('2D SPACE',''
  ) );
#10253 = PCURVE('',#1330,#10254);
#10254 = DEFINITIONAL_REPRESENTATION('',(#10255),#10259);
#10255 = LINE('',#10256,#10257);
#10256 = CARTESIAN_POINT('',(3.14159265359,-3.443968557423E-14));
#10257 = VECTOR('',#10258,1.);
#10258 = DIRECTION('',(-1.,5.339888211826E-14));
#10259 = ( GEOMETRIC_REPRESENTATION_CONTEXT(2) 
PARAMETRIC_REPRESENTATION_CONTEXT() REPRESENTATION_CONTEXT('2D SPACE',''
  ) );
#10260 = ORIENTED_EDGE('',*,*,#10261,.T.);
#10261 = EDGE_CURVE('',#10238,#10262,#10264,.T.);
#10262 = VERTEX_POINT('',#10263);
#10263 = CARTESIAN_POINT('',(13.142135623731,28.945317770148,
    72.137212848578));
#10264 = SURFACE_CURVE('',#10265,(#10269,#10276),.PCURVE_S1.);
#10265 = LINE('',#10266,#10267);
#10266 = CARTESIAN_POINT('',(13.985701158691,28.829610146664,
    72.070409021012));
#10267 = VECTOR('',#10268,1.);
#10268 = DIRECTION('',(-0.987688340595,0.135476220752,7.821723252012E-02
    ));
#10269 = PCURVE('',#9836,#10270);
#10270 = DEFINITIONAL_REPRESENTATION('',(#10271),#10275);
#10271 = LINE('',#10272,#10273);
#10272 = CARTESIAN_POINT('',(13.985701158691,11.090836546838));
#10273 = VECTOR('',#10274,1.);
#10274 = DIRECTION('',(-0.987688340595,0.15643446504));
#10275 = ( GEOMETRIC_REPRESENTATION_CONTEXT(2) 
PARAMETRIC_REPRESENTATION_CONTEXT() REPRESENTATION_CONTEXT('2D SPACE',''
  ) );
#10276 = PCURVE('',#1412,#10277);
#10277 = DEFINITIONAL_REPRESENTATION('',(#10278),#10282);
#10278 = LINE('',#10279,#10280);
#10279 = CARTESIAN_POINT('',(12.078524887433,-2.713948993192E-14));
#10280 = VECTOR('',#10281,1.);
#10281 = DIRECTION('',(-1.,6.245004513517E-17));
#10282 = ( GEOMETRIC_REPRESENTATION_CONTEXT(2) 
PARAMETRIC_REPRESENTATION_CONTEXT() REPRESENTATION_CONTEXT('2D SPACE',''
  ) );
#10283 = ORIENTED_EDGE('',*,*,#10284,.T.);
#10284 = EDGE_CURVE('',#10262,#10285,#10287,.T.);
#10285 = VERTEX_POINT('',#10286);
#10286 = CARTESIAN_POINT('',(13.142135623731,30.233635645296,
    72.881023520597));
#10287 = SURFACE_CURVE('',#10288,(#10292,#10299),.PCURVE_S1.);
#10288 = LINE('',#10289,#10290);
#10289 = CARTESIAN_POINT('',(13.142135623731,19.224663947881,
    66.524990747593));
#10290 = VECTOR('',#10291,1.);
#10291 = DIRECTION('',(8.381647117973E-31,0.866025403784,0.5));
#10292 = PCURVE('',#9836,#10293);
#10293 = DEFINITIONAL_REPRESENTATION('',(#10294),#10298);
#10294 = LINE('',#10295,#10296);
#10295 = CARTESIAN_POINT('',(13.142135623731,0.));
#10296 = VECTOR('',#10297,1.);
#10297 = DIRECTION('',(0.,1.));
#10298 = ( GEOMETRIC_REPRESENTATION_CONTEXT(2) 
PARAMETRIC_REPRESENTATION_CONTEXT() REPRESENTATION_CONTEXT('2D SPACE',''
  ) );
#10299 = PCURVE('',#1493,#10300);
#10300 = DEFINITIONAL_REPRESENTATION('',(#10301),#10305);
#10301 = LINE('',#10302,#10303);
#10302 = CARTESIAN_POINT('',(12.594427571508,1.414213562373));
#10303 = VECTOR('',#10304,1.);
#10304 = DIRECTION('',(-1.,0.));
#10305 = ( GEOMETRIC_REPRESENTATION_CONTEXT(2) 
PARAMETRIC_REPRESENTATION_CONTEXT() REPRESENTATION_CONTEXT('2D SPACE',''
  ) );
#10306 = ORIENTED_EDGE('',*,*,#10307,.T.);
#10307 = EDGE_CURVE('',#10285,#10308,#10310,.T.);
#10308 = VERTEX_POINT('',#10309);
#10309 = CARTESIAN_POINT('',(12.712065546008,30.606087258012,
    73.096058559459));
#10310 = SURFACE_CURVE('',#10311,(#10316,#10323),.PCURVE_S1.);
#10311 = CIRCLE('',#10312,18.284210105954);
#10312 = AXIS2_PLACEMENT_3D('',#10313,#10314,#10315);
#10313 = CARTESIAN_POINT('',(-2.480682326222E-12,19.224663947879,
    66.524990747592));
#10314 = DIRECTION('',(5.947623346206E-16,-0.5,0.866025403784));
#10315 = DIRECTION('',(1.,2.973811673103E-16,-5.150792909956E-16));
#10316 = PCURVE('',#9836,#10317);
#10317 = DEFINITIONAL_REPRESENTATION('',(#10318),#10322);
#10318 = CIRCLE('',#10319,18.284210105954);
#10319 = AXIS2_PLACEMENT_2D('',#10320,#10321);
#10320 = CARTESIAN_POINT('',(-2.492228645679E-12,-2.492228645679E-12));
#10321 = DIRECTION('',(1.,0.));
#10322 = ( GEOMETRIC_REPRESENTATION_CONTEXT(2) 
PARAMETRIC_REPRESENTATION_CONTEXT() REPRESENTATION_CONTEXT('2D SPACE',''
  ) );
#10323 = PCURVE('',#1575,#10324);
#10324 = DEFINITIONAL_REPRESENTATION('',(#10325),#10329);
#10325 = LINE('',#10326,#10327);
#10326 = CARTESIAN_POINT('',(3.14159265359,1.7763568394E-15));
#10327 = VECTOR('',#10328,1.);
#10328 = DIRECTION('',(-1.,0.));
#10329 = ( GEOMETRIC_REPRESENTATION_CONTEXT(2) 
PARAMETRIC_REPRESENTATION_CONTEXT() REPRESENTATION_CONTEXT('2D SPACE',''
  ) );
#10330 = ORIENTED_EDGE('',*,*,#10331,.T.);
#10331 = EDGE_CURVE('',#10308,#10332,#10334,.T.);
#10332 = VERTEX_POINT('',#10333);
#10333 = CARTESIAN_POINT('',(11.22444420197,30.606087258012,
    73.096058559459));
#10334 = SURFACE_CURVE('',#10335,(#10339,#10346),.PCURVE_S1.);
#10335 = LINE('',#10336,#10337);
#10336 = CARTESIAN_POINT('',(12.078524887433,30.606087258012,
    73.096058559459));
#10337 = VECTOR('',#10338,1.);
#10338 = DIRECTION('',(-1.,-2.973811673103E-16,5.150792909956E-16));
#10339 = PCURVE('',#9836,#10340);
#10340 = DEFINITIONAL_REPRESENTATION('',(#10341),#10345);
#10341 = LINE('',#10342,#10343);
#10342 = CARTESIAN_POINT('',(12.078524887433,13.142135623731));
#10343 = VECTOR('',#10344,1.);
#10344 = DIRECTION('',(-1.,0.));
#10345 = ( GEOMETRIC_REPRESENTATION_CONTEXT(2) 
PARAMETRIC_REPRESENTATION_CONTEXT() REPRESENTATION_CONTEXT('2D SPACE',''
  ) );
#10346 = PCURVE('',#1657,#10347);
#10347 = DEFINITIONAL_REPRESENTATION('',(#10348),#10352);
#10348 = LINE('',#10349,#10350);
#10349 = CARTESIAN_POINT('',(12.078524887433,0.));
#10350 = VECTOR('',#10351,1.);
#10351 = DIRECTION('',(-1.,0.));
#10352 = ( GEOMETRIC_REPRESENTATION_CONTEXT(2) 
PARAMETRIC_REPRESENTATION_CONTEXT() REPRESENTATION_CONTEXT('2D SPACE',''
  ) );
#10353 = ORIENTED_EDGE('',*,*,#10354,.T.);
#10354 = EDGE_CURVE('',#10332,#10355,#10357,.T.);
#10355 = VERTEX_POINT('',#10356);
#10356 = CARTESIAN_POINT('',(10.991728952833,31.878543802277,
    73.830711687822));
#10357 = SURFACE_CURVE('',#10358,(#10362,#10369),.PCURVE_S1.);
#10358 = LINE('',#10359,#10360);
#10359 = CARTESIAN_POINT('',(12.980334126079,21.005110814798,
    67.552932225485));
#10360 = VECTOR('',#10361,1.);
#10361 = DIRECTION('',(-0.15643446504,0.855363193977,0.493844170298));
#10362 = PCURVE('',#9836,#10363);
#10363 = DEFINITIONAL_REPRESENTATION('',(#10364),#10368);
#10364 = LINE('',#10365,#10366);
#10365 = CARTESIAN_POINT('',(12.980334126079,2.055882955785));
#10366 = VECTOR('',#10367,1.);
#10367 = DIRECTION('',(-0.15643446504,0.987688340595));
#10368 = ( GEOMETRIC_REPRESENTATION_CONTEXT(2) 
PARAMETRIC_REPRESENTATION_CONTEXT() REPRESENTATION_CONTEXT('2D SPACE',''
  ) );
#10369 = PCURVE('',#1738,#10370);
#10370 = DEFINITIONAL_REPRESENTATION('',(#10371),#10375);
#10371 = LINE('',#10372,#10373);
#10372 = CARTESIAN_POINT('',(12.594427571508,1.414213562373));
#10373 = VECTOR('',#10374,1.);
#10374 = DIRECTION('',(-1.,-3.469446951954E-17));
#10375 = ( GEOMETRIC_REPRESENTATION_CONTEXT(2) 
PARAMETRIC_REPRESENTATION_CONTEXT() REPRESENTATION_CONTEXT('2D SPACE',''
  ) );
#10376 = ORIENTED_EDGE('',*,*,#10377,.T.);
#10377 = EDGE_CURVE('',#10355,#10378,#10380,.T.);
#10378 = VERTEX_POINT('',#10379);
#10379 = CARTESIAN_POINT('',(10.499675968888,32.188145648803,
    74.009460397256));
#10380 = SURFACE_CURVE('',#10381,(#10386,#10393),.PCURVE_S1.);
#10381 = CIRCLE('',#10382,18.284210105951);
#10382 = AXIS2_PLACEMENT_3D('',#10383,#10384,#10385);
#10383 = CARTESIAN_POINT('',(-7.496225862269E-13,19.22466394788,
    66.524990747593));
#10384 = DIRECTION('',(5.947623346206E-16,-0.5,0.866025403784));
#10385 = DIRECTION('',(1.,2.973811673103E-16,-5.150792909956E-16));
#10386 = PCURVE('',#9836,#10387);
#10387 = DEFINITIONAL_REPRESENTATION('',(#10388),#10392);
#10388 = CIRCLE('',#10389,18.284210105951);
#10389 = AXIS2_PLACEMENT_2D('',#10390,#10391);
#10390 = CARTESIAN_POINT('',(-7.61168905683E-13,-9.849898674474E-13));
#10391 = DIRECTION('',(1.,0.));
#10392 = ( GEOMETRIC_REPRESENTATION_CONTEXT(2) 
PARAMETRIC_REPRESENTATION_CONTEXT() REPRESENTATION_CONTEXT('2D SPACE',''
  ) );
#10393 = PCURVE('',#1820,#10394);
#10394 = DEFINITIONAL_REPRESENTATION('',(#10395),#10399);
#10395 = LINE('',#10396,#10397);
#10396 = CARTESIAN_POINT('',(3.14159265359,0.));
#10397 = VECTOR('',#10398,1.);
#10398 = DIRECTION('',(-1.,0.));
#10399 = ( GEOMETRIC_REPRESENTATION_CONTEXT(2) 
PARAMETRIC_REPRESENTATION_CONTEXT() REPRESENTATION_CONTEXT('2D SPACE',''
  ) );
#10400 = ORIENTED_EDGE('',*,*,#10401,.T.);
#10401 = EDGE_CURVE('',#10378,#10402,#10404,.T.);
#10402 = VERTEX_POINT('',#10403);
#10403 = CARTESIAN_POINT('',(9.030369712162,31.986608331203,
    73.893102772687));
#10404 = SURFACE_CURVE('',#10405,(#10409,#10416),.PCURVE_S1.);
#10405 = LINE('',#10406,#10407);
#10406 = CARTESIAN_POINT('',(9.873935247122,32.102315954687,
    73.959906600253));
#10407 = VECTOR('',#10408,1.);
#10408 = DIRECTION('',(-0.987688340595,-0.135476220752,
    -7.821723252011E-02));
#10409 = PCURVE('',#9836,#10410);
#10410 = DEFINITIONAL_REPRESENTATION('',(#10411),#10415);
#10411 = LINE('',#10412,#10413);
#10412 = CARTESIAN_POINT('',(9.873935247122,14.86983170532));
#10413 = VECTOR('',#10414,1.);
#10414 = DIRECTION('',(-0.987688340595,-0.15643446504));
#10415 = ( GEOMETRIC_REPRESENTATION_CONTEXT(2) 
PARAMETRIC_REPRESENTATION_CONTEXT() REPRESENTATION_CONTEXT('2D SPACE',''
  ) );
#10416 = PCURVE('',#1902,#10417);
#10417 = DEFINITIONAL_REPRESENTATION('',(#10418),#10422);
#10418 = LINE('',#10419,#10420);
#10419 = CARTESIAN_POINT('',(12.078524887433,-4.61460595271E-14));
#10420 = VECTOR('',#10421,1.);
#10421 = DIRECTION('',(-1.,-6.245004513517E-17));
#10422 = ( GEOMETRIC_REPRESENTATION_CONTEXT(2) 
PARAMETRIC_REPRESENTATION_CONTEXT() REPRESENTATION_CONTEXT('2D SPACE',''
  ) );
#10423 = ORIENTED_EDGE('',*,*,#10424,.T.);
#10424 = EDGE_CURVE('',#10402,#10425,#10427,.T.);
#10425 = VERTEX_POINT('',#10426);
#10426 = CARTESIAN_POINT('',(8.570669435659,33.211871441422,
    74.600508759201));
#10427 = SURFACE_CURVE('',#10428,(#10432,#10439),.PCURVE_S1.);
#10428 = LINE('',#10429,#10430);
#10429 = CARTESIAN_POINT('',(12.498913722984,22.741717170886,
    68.55556237265));
#10430 = VECTOR('',#10431,1.);
#10431 = DIRECTION('',(-0.309016994375,0.823639103546,0.475528258148));
#10432 = PCURVE('',#9836,#10433);
#10433 = DEFINITIONAL_REPRESENTATION('',(#10434),#10438);
#10434 = LINE('',#10435,#10436);
#10435 = CARTESIAN_POINT('',(12.498913722984,4.061143250113));
#10436 = VECTOR('',#10437,1.);
#10437 = DIRECTION('',(-0.309016994375,0.951056516295));
#10438 = ( GEOMETRIC_REPRESENTATION_CONTEXT(2) 
PARAMETRIC_REPRESENTATION_CONTEXT() REPRESENTATION_CONTEXT('2D SPACE',''
  ) );
#10439 = PCURVE('',#1983,#10440);
#10440 = DEFINITIONAL_REPRESENTATION('',(#10441),#10445);
#10441 = LINE('',#10442,#10443);
#10442 = CARTESIAN_POINT('',(12.594427571508,1.414213562373));
#10443 = VECTOR('',#10444,1.);
#10444 = DIRECTION('',(-1.,-5.551115123126E-17));
#10445 = ( GEOMETRIC_REPRESENTATION_CONTEXT(2) 
PARAMETRIC_REPRESENTATION_CONTEXT() REPRESENTATION_CONTEXT('2D SPACE',''
  ) );
#10446 = ORIENTED_EDGE('',*,*,#10447,.T.);
#10447 = EDGE_CURVE('',#10425,#10448,#10450,.T.);
#10448 = VERTEX_POINT('',#10449);
#10449 = CARTESIAN_POINT('',(8.028749522988,33.451000096789,
    74.738569752747));
#10450 = SURFACE_CURVE('',#10451,(#10456,#10463),.PCURVE_S1.);
#10451 = CIRCLE('',#10452,18.284210105951);
#10452 = AXIS2_PLACEMENT_3D('',#10453,#10454,#10455);
#10453 = CARTESIAN_POINT('',(-3.250733016102E-13,19.22466394788,
    66.524990747593));
#10454 = DIRECTION('',(5.947623346206E-16,-0.5,0.866025403784));
#10455 = DIRECTION('',(1.,2.973811673103E-16,-5.150792909956E-16));
#10456 = PCURVE('',#9836,#10457);
#10457 = DEFINITIONAL_REPRESENTATION('',(#10458),#10462);
#10458 = CIRCLE('',#10459,18.284210105951);
#10459 = AXIS2_PLACEMENT_2D('',#10460,#10461);
#10460 = CARTESIAN_POINT('',(-3.366196210663E-13,-5.533351554732E-13));
#10461 = DIRECTION('',(1.,0.));
#10462 = ( GEOMETRIC_REPRESENTATION_CONTEXT(2) 
PARAMETRIC_REPRESENTATION_CONTEXT() REPRESENTATION_CONTEXT('2D SPACE',''
  ) );
#10463 = PCURVE('',#2065,#10464);
#10464 = DEFINITIONAL_REPRESENTATION('',(#10465),#10469);
#10465 = LINE('',#10466,#10467);
#10466 = CARTESIAN_POINT('',(3.14159265359,0.));
#10467 = VECTOR('',#10468,1.);
#10468 = DIRECTION('',(-1.,0.));
#10469 = ( GEOMETRIC_REPRESENTATION_CONTEXT(2) 
PARAMETRIC_REPRESENTATION_CONTEXT() REPRESENTATION_CONTEXT('2D SPACE',''
  ) );
#10470 = ORIENTED_EDGE('',*,*,#10471,.T.);
#10471 = EDGE_CURVE('',#10448,#10472,#10474,.T.);
#10472 = VERTEX_POINT('',#10473);
#10473 = CARTESIAN_POINT('',(6.613937549962,33.052887979211,
    74.508719614496));
#10474 = SURFACE_CURVE('',#10475,(#10479,#10486),.PCURVE_S1.);
#10475 = LINE('',#10476,#10477);
#10476 = CARTESIAN_POINT('',(7.426216551314,33.281454120477,
    74.640682337684));
#10477 = VECTOR('',#10478,1.);
#10478 = DIRECTION('',(-0.951056516295,-0.26761656733,-0.154508497187));
#10479 = PCURVE('',#9836,#10480);
#10480 = DEFINITIONAL_REPRESENTATION('',(#10481),#10485);
#10481 = LINE('',#10482,#10483);
#10482 = CARTESIAN_POINT('',(7.426216551313,16.231383180182));
#10483 = VECTOR('',#10484,1.);
#10484 = DIRECTION('',(-0.951056516295,-0.309016994375));
#10485 = ( GEOMETRIC_REPRESENTATION_CONTEXT(2) 
PARAMETRIC_REPRESENTATION_CONTEXT() REPRESENTATION_CONTEXT('2D SPACE',''
  ) );
#10486 = PCURVE('',#2147,#10487);
#10487 = DEFINITIONAL_REPRESENTATION('',(#10488),#10492);
#10488 = LINE('',#10489,#10490);
#10489 = CARTESIAN_POINT('',(12.078524887433,-2.530001219568E-14));
#10490 = VECTOR('',#10491,1.);
#10491 = DIRECTION('',(-1.,-2.775557561563E-17));
#10492 = ( GEOMETRIC_REPRESENTATION_CONTEXT(2) 
PARAMETRIC_REPRESENTATION_CONTEXT() REPRESENTATION_CONTEXT('2D SPACE',''
  ) );
#10493 = ORIENTED_EDGE('',*,*,#10494,.T.);
#10494 = EDGE_CURVE('',#10472,#10495,#10497,.T.);
#10495 = VERTEX_POINT('',#10496);
#10496 = CARTESIAN_POINT('',(5.938571592559,34.200787611197,
    75.171459776026));
#10497 = SURFACE_CURVE('',#10498,(#10502,#10509),.PCURVE_S1.);
#10498 = LINE('',#10499,#10500);
#10499 = CARTESIAN_POINT('',(11.709728582513,24.391722004195,
    69.508193107324));
#10500 = VECTOR('',#10501,1.);
#10501 = DIRECTION('',(-0.45399049974,0.771634284885,0.445503262094));
#10502 = PCURVE('',#9836,#10503);
#10503 = DEFINITIONAL_REPRESENTATION('',(#10504),#10508);
#10504 = LINE('',#10505,#10506);
#10505 = CARTESIAN_POINT('',(11.709728582513,5.966404719463));
#10506 = VECTOR('',#10507,1.);
#10507 = DIRECTION('',(-0.45399049974,0.891006524188));
#10508 = ( GEOMETRIC_REPRESENTATION_CONTEXT(2) 
PARAMETRIC_REPRESENTATION_CONTEXT() REPRESENTATION_CONTEXT('2D SPACE',''
  ) );
#10509 = PCURVE('',#2228,#10510);
#10510 = DEFINITIONAL_REPRESENTATION('',(#10511),#10515);
#10511 = LINE('',#10512,#10513);
#10512 = CARTESIAN_POINT('',(12.594427571508,1.414213562373));
#10513 = VECTOR('',#10514,1.);
#10514 = DIRECTION('',(-1.,-1.110223024625E-16));
#10515 = ( GEOMETRIC_REPRESENTATION_CONTEXT(2) 
PARAMETRIC_REPRESENTATION_CONTEXT() REPRESENTATION_CONTEXT('2D SPACE',''
  ) );
#10516 = ORIENTED_EDGE('',*,*,#10517,.T.);
#10517 = EDGE_CURVE('',#10495,#10518,#10520,.T.);
#10518 = VERTEX_POINT('',#10519);
#10519 = CARTESIAN_POINT('',(5.360128617941,34.363554934286,
    75.265433533826));
#10520 = SURFACE_CURVE('',#10521,(#10526,#10533),.PCURVE_S1.);
#10521 = CIRCLE('',#10522,18.284210105953);
#10522 = AXIS2_PLACEMENT_3D('',#10523,#10524,#10525);
#10523 = CARTESIAN_POINT('',(-6.892264536873E-13,19.224663947879,
    66.524990747592));
#10524 = DIRECTION('',(5.947623346206E-16,-0.5,0.866025403784));
#10525 = DIRECTION('',(1.,2.973811673103E-16,-5.150792909956E-16));
#10526 = PCURVE('',#9836,#10527);
#10527 = DEFINITIONAL_REPRESENTATION('',(#10528),#10532);
#10528 = CIRCLE('',#10529,18.284210105953);
#10529 = AXIS2_PLACEMENT_2D('',#10530,#10531);
#10530 = CARTESIAN_POINT('',(-7.007727731434E-13,-2.25153229394E-12));
#10531 = DIRECTION('',(1.,0.));
#10532 = ( GEOMETRIC_REPRESENTATION_CONTEXT(2) 
PARAMETRIC_REPRESENTATION_CONTEXT() REPRESENTATION_CONTEXT('2D SPACE',''
  ) );
#10533 = PCURVE('',#2310,#10534);
#10534 = DEFINITIONAL_REPRESENTATION('',(#10535),#10539);
#10535 = LINE('',#10536,#10537);
#10536 = CARTESIAN_POINT('',(3.14159265359,0.));
#10537 = VECTOR('',#10538,1.);
#10538 = DIRECTION('',(-1.,0.));
#10539 = ( GEOMETRIC_REPRESENTATION_CONTEXT(2) 
PARAMETRIC_REPRESENTATION_CONTEXT() REPRESENTATION_CONTEXT('2D SPACE',''
  ) );
#10540 = ORIENTED_EDGE('',*,*,#10541,.T.);
#10541 = EDGE_CURVE('',#10518,#10542,#10544,.T.);
#10542 = VERTEX_POINT('',#10543);
#10543 = CARTESIAN_POINT('',(4.034648294881,33.778670858324,
    74.927750555125));
#10544 = SURFACE_CURVE('',#10545,(#10549,#10556),.PCURVE_S1.);
#10545 = LINE('',#10546,#10547);
#10546 = CARTESIAN_POINT('',(4.795639757812,34.114467460407,
    75.121622813731));
#10547 = VECTOR('',#10548,1.);
#10548 = DIRECTION('',(-0.891006524188,-0.393167305851,-0.22699524987));
#10549 = PCURVE('',#9836,#10550);
#10550 = DEFINITIONAL_REPRESENTATION('',(#10551),#10555);
#10551 = LINE('',#10552,#10553);
#10552 = CARTESIAN_POINT('',(4.795639757812,17.193264132275));
#10553 = VECTOR('',#10554,1.);
#10554 = DIRECTION('',(-0.891006524188,-0.45399049974));
#10555 = ( GEOMETRIC_REPRESENTATION_CONTEXT(2) 
PARAMETRIC_REPRESENTATION_CONTEXT() REPRESENTATION_CONTEXT('2D SPACE',''
  ) );
#10556 = PCURVE('',#2392,#10557);
#10557 = DEFINITIONAL_REPRESENTATION('',(#10558),#10562);
#10558 = LINE('',#10559,#10560);
#10559 = CARTESIAN_POINT('',(12.078524887433,2.329507436847E-14));
#10560 = VECTOR('',#10561,1.);
#10561 = DIRECTION('',(-1.,-1.110223024625E-16));
#10562 = ( GEOMETRIC_REPRESENTATION_CONTEXT(2) 
PARAMETRIC_REPRESENTATION_CONTEXT() REPRESENTATION_CONTEXT('2D SPACE',''
  ) );
#10563 = ORIENTED_EDGE('',*,*,#10564,.T.);
#10564 = EDGE_CURVE('',#10542,#10565,#10567,.T.);
#10565 = VERTEX_POINT('',#10566);
#10566 = CARTESIAN_POINT('',(3.16024640786,34.820941913476,
    75.529506029386));
#10567 = SURFACE_CURVE('',#10568,(#10572,#10579),.PCURVE_S1.);
#10568 = LINE('',#10569,#10570);
#10569 = CARTESIAN_POINT('',(10.632211061979,25.914496719674,
    70.387367499221));
#10570 = VECTOR('',#10571,1.);
#10571 = DIRECTION('',(-0.587785252292,0.700629269222,0.404508497187));
#10572 = PCURVE('',#9836,#10573);
#10573 = DEFINITIONAL_REPRESENTATION('',(#10574),#10578);
#10574 = LINE('',#10575,#10576);
#10575 = CARTESIAN_POINT('',(10.632211061979,7.724753503257));
#10576 = VECTOR('',#10577,1.);
#10577 = DIRECTION('',(-0.587785252292,0.809016994375));
#10578 = ( GEOMETRIC_REPRESENTATION_CONTEXT(2) 
PARAMETRIC_REPRESENTATION_CONTEXT() REPRESENTATION_CONTEXT('2D SPACE',''
  ) );
#10579 = PCURVE('',#2473,#10580);
#10580 = DEFINITIONAL_REPRESENTATION('',(#10581),#10585);
#10581 = LINE('',#10582,#10583);
#10582 = CARTESIAN_POINT('',(12.594427571508,1.414213562373));
#10583 = VECTOR('',#10584,1.);
#10584 = DIRECTION('',(-1.,-2.775557561563E-17));
#10585 = ( GEOMETRIC_REPRESENTATION_CONTEXT(2) 
PARAMETRIC_REPRESENTATION_CONTEXT() REPRESENTATION_CONTEXT('2D SPACE',''
  ) );
#10586 = ORIENTED_EDGE('',*,*,#10587,.T.);
#10587 = EDGE_CURVE('',#10565,#10588,#10590,.T.);
#10588 = VERTEX_POINT('',#10589);
#10589 = CARTESIAN_POINT('',(2.559523557072,34.903340032598,
    75.577078605642));
#10590 = SURFACE_CURVE('',#10591,(#10596,#10603),.PCURVE_S1.);
#10591 = CIRCLE('',#10592,18.284210105952);
#10592 = AXIS2_PLACEMENT_3D('',#10593,#10594,#10595);
#10593 = CARTESIAN_POINT('',(-3.090860900556E-13,19.224663947879,
    66.524990747592));
#10594 = DIRECTION('',(5.947623346206E-16,-0.5,0.866025403784));
#10595 = DIRECTION('',(1.,2.973811673103E-16,-5.150792909956E-16));
#10596 = PCURVE('',#9836,#10597);
#10597 = DEFINITIONAL_REPRESENTATION('',(#10598),#10602);
#10598 = CIRCLE('',#10599,18.284210105952);
#10599 = AXIS2_PLACEMENT_2D('',#10600,#10601);
#10600 = CARTESIAN_POINT('',(-3.206324095117E-13,-1.443289932013E-12));
#10601 = DIRECTION('',(1.,0.));
#10602 = ( GEOMETRIC_REPRESENTATION_CONTEXT(2) 
PARAMETRIC_REPRESENTATION_CONTEXT() REPRESENTATION_CONTEXT('2D SPACE',''
  ) );
#10603 = PCURVE('',#2555,#10604);
#10604 = DEFINITIONAL_REPRESENTATION('',(#10605),#10609);
#10605 = LINE('',#10606,#10607);
#10606 = CARTESIAN_POINT('',(3.14159265359,0.));
#10607 = VECTOR('',#10608,1.);
#10608 = DIRECTION('',(-1.,0.));
#10609 = ( GEOMETRIC_REPRESENTATION_CONTEXT(2) 
PARAMETRIC_REPRESENTATION_CONTEXT() REPRESENTATION_CONTEXT('2D SPACE',''
  ) );
#10610 = ORIENTED_EDGE('',*,*,#10611,.T.);
#10611 = EDGE_CURVE('',#10588,#10612,#10614,.T.);
#10612 = VERTEX_POINT('',#10613);
#10613 = CARTESIAN_POINT('',(1.35601260855,34.146085785321,
    75.139877662131));
#10614 = SURFACE_CURVE('',#10615,(#10619,#10626),.PCURVE_S1.);
#10615 = LINE('',#10616,#10617);
#10616 = CARTESIAN_POINT('',(2.046978397658,34.580844421433,
    75.390885677723));
#10617 = VECTOR('',#10618,1.);
#10618 = DIRECTION('',(-0.809016994375,-0.509036960455,-0.293892626146)
  );
#10619 = PCURVE('',#9836,#10620);
#10620 = DEFINITIONAL_REPRESENTATION('',(#10621),#10625);
#10621 = LINE('',#10622,#10623);
#10622 = CARTESIAN_POINT('',(2.046978397658,17.73178986026));
#10623 = VECTOR('',#10624,1.);
#10624 = DIRECTION('',(-0.809016994375,-0.587785252292));
#10625 = ( GEOMETRIC_REPRESENTATION_CONTEXT(2) 
PARAMETRIC_REPRESENTATION_CONTEXT() REPRESENTATION_CONTEXT('2D SPACE',''
  ) );
#10626 = PCURVE('',#2637,#10627);
#10627 = DEFINITIONAL_REPRESENTATION('',(#10628),#10632);
#10628 = LINE('',#10629,#10630);
#10629 = CARTESIAN_POINT('',(12.078524887433,4.504012995335E-15));
#10630 = VECTOR('',#10631,1.);
#10631 = DIRECTION('',(-1.,-2.775557561563E-17));
#10632 = ( GEOMETRIC_REPRESENTATION_CONTEXT(2) 
PARAMETRIC_REPRESENTATION_CONTEXT() REPRESENTATION_CONTEXT('2D SPACE',''
  ) );
#10633 = ORIENTED_EDGE('',*,*,#10634,.T.);
#10634 = EDGE_CURVE('',#10612,#10635,#10637,.T.);
#10635 = VERTEX_POINT('',#10636);
#10636 = CARTESIAN_POINT('',(0.304105468344,35.057064091163,
    75.665831232235));
#10637 = SURFACE_CURVE('',#10638,(#10642,#10649),.PCURVE_S1.);
#10638 = LINE('',#10639,#10640);
#10639 = CARTESIAN_POINT('',(9.292893218813,27.272545550029,71.171437357
    ));
#10640 = VECTOR('',#10641,1.);
#10641 = DIRECTION('',(-0.707106781187,0.612372435696,0.353553390593));
#10642 = PCURVE('',#9836,#10643);
#10643 = DEFINITIONAL_REPRESENTATION('',(#10644),#10648);
#10644 = LINE('',#10645,#10646);
#10645 = CARTESIAN_POINT('',(9.292893218813,9.292893218813));
#10646 = VECTOR('',#10647,1.);
#10647 = DIRECTION('',(-0.707106781187,0.707106781187));
#10648 = ( GEOMETRIC_REPRESENTATION_CONTEXT(2) 
PARAMETRIC_REPRESENTATION_CONTEXT() REPRESENTATION_CONTEXT('2D SPACE',''
  ) );
#10649 = PCURVE('',#2718,#10650);
#10650 = DEFINITIONAL_REPRESENTATION('',(#10651),#10655);
#10651 = LINE('',#10652,#10653);
#10652 = CARTESIAN_POINT('',(12.594427571508,1.414213562373));
#10653 = VECTOR('',#10654,1.);
#10654 = DIRECTION('',(-1.,-1.387778780781E-16));
#10655 = ( GEOMETRIC_REPRESENTATION_CONTEXT(2) 
PARAMETRIC_REPRESENTATION_CONTEXT() REPRESENTATION_CONTEXT('2D SPACE',''
  ) );
#10656 = ORIENTED_EDGE('',*,*,#10657,.T.);
#10657 = EDGE_CURVE('',#10635,#10658,#10660,.T.);
#10658 = VERTEX_POINT('',#10659);
#10659 = CARTESIAN_POINT('',(-0.304105468344,35.057064091163,
    75.665831232235));
#10660 = SURFACE_CURVE('',#10661,(#10666,#10673),.PCURVE_S1.);
#10661 = CIRCLE('',#10662,18.284210105954);
#10662 = AXIS2_PLACEMENT_3D('',#10663,#10664,#10665);
#10663 = CARTESIAN_POINT('',(8.881784197001E-15,19.224663947878,
    66.524990747591));
#10664 = DIRECTION('',(5.947623346206E-16,-0.5,0.866025403784));
#10665 = DIRECTION('',(1.,2.973811673103E-16,-5.150792909956E-16));
#10666 = PCURVE('',#9836,#10667);
#10667 = DEFINITIONAL_REPRESENTATION('',(#10668),#10672);
#10668 = CIRCLE('',#10669,18.284210105954);
#10669 = AXIS2_PLACEMENT_2D('',#10670,#10671);
#10670 = CARTESIAN_POINT('',(-2.6645352591E-15,-3.534950110406E-12));
#10671 = DIRECTION('',(1.,0.));
#10672 = ( GEOMETRIC_REPRESENTATION_CONTEXT(2) 
PARAMETRIC_REPRESENTATION_CONTEXT() REPRESENTATION_CONTEXT('2D SPACE',''
  ) );
#10673 = PCURVE('',#2800,#10674);
#10674 = DEFINITIONAL_REPRESENTATION('',(#10675),#10679);
#10675 = LINE('',#10676,#10677);
#10676 = CARTESIAN_POINT('',(3.14159265359,8.476694630602E-14));
#10677 = VECTOR('',#10678,1.);
#10678 = DIRECTION('',(-1.,-5.339888211826E-14));
#10679 = ( GEOMETRIC_REPRESENTATION_CONTEXT(2) 
PARAMETRIC_REPRESENTATION_CONTEXT() REPRESENTATION_CONTEXT('2D SPACE',''
  ) );
#10680 = ORIENTED_EDGE('',*,*,#10681,.T.);
#10681 = EDGE_CURVE('',#10658,#10682,#10684,.T.);
#10682 = VERTEX_POINT('',#10683);
#10683 = CARTESIAN_POINT('',(-1.35601260855,34.146085785321,
    75.139877662131));
#10684 = SURFACE_CURVE('',#10685,(#10689,#10696),.PCURVE_S1.);
#10685 = LINE('',#10686,#10687);
#10686 = CARTESIAN_POINT('',(-0.752086364179,34.669101254959,
    75.441840784317));
#10687 = VECTOR('',#10688,1.);
#10688 = DIRECTION('',(-0.707106781187,-0.612372435696,-0.353553390593)
  );
#10689 = PCURVE('',#9836,#10690);
#10690 = DEFINITIONAL_REPRESENTATION('',(#10691),#10695);
#10691 = LINE('',#10692,#10693);
#10692 = CARTESIAN_POINT('',(-0.752086364179,17.833700073448));
#10693 = VECTOR('',#10694,1.);
#10694 = DIRECTION('',(-0.707106781187,-0.707106781187));
#10695 = ( GEOMETRIC_REPRESENTATION_CONTEXT(2) 
PARAMETRIC_REPRESENTATION_CONTEXT() REPRESENTATION_CONTEXT('2D SPACE',''
  ) );
#10696 = PCURVE('',#2882,#10697);
#10697 = DEFINITIONAL_REPRESENTATION('',(#10698),#10702);
#10698 = LINE('',#10699,#10700);
#10699 = CARTESIAN_POINT('',(12.078524887433,-6.800652707188E-15));
#10700 = VECTOR('',#10701,1.);
#10701 = DIRECTION('',(-1.,5.551115123126E-17));
#10702 = ( GEOMETRIC_REPRESENTATION_CONTEXT(2) 
PARAMETRIC_REPRESENTATION_CONTEXT() REPRESENTATION_CONTEXT('2D SPACE',''
  ) );
#10703 = ORIENTED_EDGE('',*,*,#10704,.T.);
#10704 = EDGE_CURVE('',#10682,#10705,#10707,.T.);
#10705 = VERTEX_POINT('',#10706);
#10706 = CARTESIAN_POINT('',(-2.559523557072,34.903340032598,
    75.577078605642));
#10707 = SURFACE_CURVE('',#10708,(#10712,#10719),.PCURVE_S1.);
#10708 = LINE('',#10709,#10710);
#10709 = CARTESIAN_POINT('',(7.724753503257,28.432428825952,
    71.841096278583));
#10710 = VECTOR('',#10711,1.);
#10711 = DIRECTION('',(-0.809016994375,0.509036960455,0.293892626146));
#10712 = PCURVE('',#9836,#10713);
#10713 = DEFINITIONAL_REPRESENTATION('',(#10714),#10718);
#10714 = LINE('',#10715,#10716);
#10715 = CARTESIAN_POINT('',(7.724753503257,10.632211061979));
#10716 = VECTOR('',#10717,1.);
#10717 = DIRECTION('',(-0.809016994375,0.587785252292));
#10718 = ( GEOMETRIC_REPRESENTATION_CONTEXT(2) 
PARAMETRIC_REPRESENTATION_CONTEXT() REPRESENTATION_CONTEXT('2D SPACE',''
  ) );
#10719 = PCURVE('',#2963,#10720);
#10720 = DEFINITIONAL_REPRESENTATION('',(#10721),#10725);
#10721 = LINE('',#10722,#10723);
#10722 = CARTESIAN_POINT('',(12.594427571508,1.414213562373));
#10723 = VECTOR('',#10724,1.);
#10724 = DIRECTION('',(-1.,-3.608224830032E-16));
#10725 = ( GEOMETRIC_REPRESENTATION_CONTEXT(2) 
PARAMETRIC_REPRESENTATION_CONTEXT() REPRESENTATION_CONTEXT('2D SPACE',''
  ) );
#10726 = ORIENTED_EDGE('',*,*,#10727,.T.);
#10727 = EDGE_CURVE('',#10705,#10728,#10730,.T.);
#10728 = VERTEX_POINT('',#10729);
#10729 = CARTESIAN_POINT('',(-3.16024640786,34.820941913476,
    75.529506029386));
#10730 = SURFACE_CURVE('',#10731,(#10736,#10743),.PCURVE_S1.);
#10731 = CIRCLE('',#10732,18.284210105952);
#10732 = AXIS2_PLACEMENT_3D('',#10733,#10734,#10735);
#10733 = CARTESIAN_POINT('',(3.392841563254E-13,19.224663947879,
    66.524990747592));
#10734 = DIRECTION('',(5.947623346206E-16,-0.5,0.866025403784));
#10735 = DIRECTION('',(1.,2.973811673103E-16,-5.150792909956E-16));
#10736 = PCURVE('',#9836,#10737);
#10737 = DEFINITIONAL_REPRESENTATION('',(#10738),#10742);
#10738 = CIRCLE('',#10739,18.284210105952);
#10739 = AXIS2_PLACEMENT_2D('',#10740,#10741);
#10740 = CARTESIAN_POINT('',(3.277378368693E-13,-1.572075802869E-12));
#10741 = DIRECTION('',(1.,0.));
#10742 = ( GEOMETRIC_REPRESENTATION_CONTEXT(2) 
PARAMETRIC_REPRESENTATION_CONTEXT() REPRESENTATION_CONTEXT('2D SPACE',''
  ) );
#10743 = PCURVE('',#3045,#10744);
#10744 = DEFINITIONAL_REPRESENTATION('',(#10745),#10749);
#10745 = LINE('',#10746,#10747);
#10746 = CARTESIAN_POINT('',(3.14159265359,0.));
#10747 = VECTOR('',#10748,1.);
#10748 = DIRECTION('',(-1.,0.));
#10749 = ( GEOMETRIC_REPRESENTATION_CONTEXT(2) 
PARAMETRIC_REPRESENTATION_CONTEXT() REPRESENTATION_CONTEXT('2D SPACE',''
  ) );
#10750 = ORIENTED_EDGE('',*,*,#10751,.T.);
#10751 = EDGE_CURVE('',#10728,#10752,#10754,.T.);
#10752 = VERTEX_POINT('',#10753);
#10753 = CARTESIAN_POINT('',(-4.034648294881,33.778670858324,
    74.927750555125));
#10754 = SURFACE_CURVE('',#10755,(#10759,#10766),.PCURVE_S1.);
#10755 = LINE('',#10756,#10757);
#10756 = CARTESIAN_POINT('',(-3.532632263698,34.377064784836,
    75.273233449679));
#10757 = VECTOR('',#10758,1.);
#10758 = DIRECTION('',(-0.587785252292,-0.700629269222,-0.404508497187)
  );
#10759 = PCURVE('',#9836,#10760);
#10760 = DEFINITIONAL_REPRESENTATION('',(#10761),#10765);
#10761 = LINE('',#10762,#10763);
#10762 = CARTESIAN_POINT('',(-3.532632263698,17.496485404171));
#10763 = VECTOR('',#10764,1.);
#10764 = DIRECTION('',(-0.587785252292,-0.809016994375));
#10765 = ( GEOMETRIC_REPRESENTATION_CONTEXT(2) 
PARAMETRIC_REPRESENTATION_CONTEXT() REPRESENTATION_CONTEXT('2D SPACE',''
  ) );
#10766 = PCURVE('',#3127,#10767);
#10767 = DEFINITIONAL_REPRESENTATION('',(#10768),#10772);
#10768 = LINE('',#10769,#10770);
#10769 = CARTESIAN_POINT('',(12.078524887433,2.285098515862E-14));
#10770 = VECTOR('',#10771,1.);
#10771 = DIRECTION('',(-1.,-8.326672684689E-17));
#10772 = ( GEOMETRIC_REPRESENTATION_CONTEXT(2) 
PARAMETRIC_REPRESENTATION_CONTEXT() REPRESENTATION_CONTEXT('2D SPACE',''
  ) );
#10773 = ORIENTED_EDGE('',*,*,#10774,.T.);
#10774 = EDGE_CURVE('',#10752,#10775,#10777,.T.);
#10775 = VERTEX_POINT('',#10776);
#10776 = CARTESIAN_POINT('',(-5.36012861794,34.363554934286,
    75.265433533826));
#10777 = SURFACE_CURVE('',#10778,(#10782,#10789),.PCURVE_S1.);
#10778 = LINE('',#10779,#10780);
#10779 = CARTESIAN_POINT('',(5.966404719463,29.365586371757,
    72.379855038849));
#10780 = VECTOR('',#10781,1.);
#10781 = DIRECTION('',(-0.891006524188,0.393167305851,0.22699524987));
#10782 = PCURVE('',#9836,#10783);
#10783 = DEFINITIONAL_REPRESENTATION('',(#10784),#10788);
#10784 = LINE('',#10785,#10786);
#10785 = CARTESIAN_POINT('',(5.966404719463,11.709728582513));
#10786 = VECTOR('',#10787,1.);
#10787 = DIRECTION('',(-0.891006524188,0.45399049974));
#10788 = ( GEOMETRIC_REPRESENTATION_CONTEXT(2) 
PARAMETRIC_REPRESENTATION_CONTEXT() REPRESENTATION_CONTEXT('2D SPACE',''
  ) );
#10789 = PCURVE('',#3208,#10790);
#10790 = DEFINITIONAL_REPRESENTATION('',(#10791),#10795);
#10791 = LINE('',#10792,#10793);
#10792 = CARTESIAN_POINT('',(12.594427571508,1.414213562373));
#10793 = VECTOR('',#10794,1.);
#10794 = DIRECTION('',(-1.,-1.110223024625E-16));
#10795 = ( GEOMETRIC_REPRESENTATION_CONTEXT(2) 
PARAMETRIC_REPRESENTATION_CONTEXT() REPRESENTATION_CONTEXT('2D SPACE',''
  ) );
#10796 = ORIENTED_EDGE('',*,*,#10797,.T.);
#10797 = EDGE_CURVE('',#10775,#10798,#10800,.T.);
#10798 = VERTEX_POINT('',#10799);
#10799 = CARTESIAN_POINT('',(-5.938571592559,34.200787611197,
    75.171459776026));
#10800 = SURFACE_CURVE('',#10801,(#10806,#10813),.PCURVE_S1.);
#10801 = CIRCLE('',#10802,18.284210105952);
#10802 = AXIS2_PLACEMENT_3D('',#10803,#10804,#10805);
#10803 = CARTESIAN_POINT('',(5.559996907323E-13,19.224663947879,
    66.524990747592));
#10804 = DIRECTION('',(5.947623346206E-16,-0.5,0.866025403784));
#10805 = DIRECTION('',(1.,2.973811673103E-16,-5.150792909956E-16));
#10806 = PCURVE('',#9836,#10807);
#10807 = DEFINITIONAL_REPRESENTATION('',(#10808),#10812);
#10808 = CIRCLE('',#10809,18.284210105952);
#10809 = AXIS2_PLACEMENT_2D('',#10810,#10811);
#10810 = CARTESIAN_POINT('',(5.444533712762E-13,-2.029487689015E-12));
#10811 = DIRECTION('',(1.,0.));
#10812 = ( GEOMETRIC_REPRESENTATION_CONTEXT(2) 
PARAMETRIC_REPRESENTATION_CONTEXT() REPRESENTATION_CONTEXT('2D SPACE',''
  ) );
#10813 = PCURVE('',#3290,#10814);
#10814 = DEFINITIONAL_REPRESENTATION('',(#10815),#10819);
#10815 = LINE('',#10816,#10817);
#10816 = CARTESIAN_POINT('',(3.14159265359,0.));
#10817 = VECTOR('',#10818,1.);
#10818 = DIRECTION('',(-1.,0.));
#10819 = ( GEOMETRIC_REPRESENTATION_CONTEXT(2) 
PARAMETRIC_REPRESENTATION_CONTEXT() REPRESENTATION_CONTEXT('2D SPACE',''
  ) );
#10820 = ORIENTED_EDGE('',*,*,#10821,.T.);
#10821 = EDGE_CURVE('',#10798,#10822,#10824,.T.);
#10822 = VERTEX_POINT('',#10823);
#10823 = CARTESIAN_POINT('',(-6.613937549962,33.052887979211,
    74.508719614496));
#10824 = SURFACE_CURVE('',#10825,(#10829,#10836),.PCURVE_S1.);
#10825 = LINE('',#10826,#10827);
#10826 = CARTESIAN_POINT('',(-6.22619303275,33.711925918173,
    74.889215345962));
#10827 = VECTOR('',#10828,1.);
#10828 = DIRECTION('',(-0.45399049974,-0.771634284885,-0.445503262094));
#10829 = PCURVE('',#9836,#10830);
#10830 = DEFINITIONAL_REPRESENTATION('',(#10831),#10835);
#10831 = LINE('',#10832,#10833);
#10832 = CARTESIAN_POINT('',(-6.22619303275,16.728449196737));
#10833 = VECTOR('',#10834,1.);
#10834 = DIRECTION('',(-0.45399049974,-0.891006524188));
#10835 = ( GEOMETRIC_REPRESENTATION_CONTEXT(2) 
PARAMETRIC_REPRESENTATION_CONTEXT() REPRESENTATION_CONTEXT('2D SPACE',''
  ) );
#10836 = PCURVE('',#3372,#10837);
#10837 = DEFINITIONAL_REPRESENTATION('',(#10838),#10842);
#10838 = LINE('',#10839,#10840);
#10839 = CARTESIAN_POINT('',(12.078524887433,3.231617312491E-14));
#10840 = VECTOR('',#10841,1.);
#10841 = DIRECTION('',(-1.,-1.665334536938E-16));
#10842 = ( GEOMETRIC_REPRESENTATION_CONTEXT(2) 
PARAMETRIC_REPRESENTATION_CONTEXT() REPRESENTATION_CONTEXT('2D SPACE',''
  ) );
#10843 = ORIENTED_EDGE('',*,*,#10844,.T.);
#10844 = EDGE_CURVE('',#10822,#10845,#10847,.T.);
#10845 = VERTEX_POINT('',#10846);
#10846 = CARTESIAN_POINT('',(-8.028749522988,33.451000096789,
    74.738569752747));
#10847 = SURFACE_CURVE('',#10848,(#10852,#10859),.PCURVE_S1.);
#10848 = LINE('',#10849,#10850);
#10849 = CARTESIAN_POINT('',(4.061143250113,30.049040751695,
    72.774447609085));
#10850 = VECTOR('',#10851,1.);
#10851 = DIRECTION('',(-0.951056516295,0.26761656733,0.154508497187));
#10852 = PCURVE('',#9836,#10853);
#10853 = DEFINITIONAL_REPRESENTATION('',(#10854),#10858);
#10854 = LINE('',#10855,#10856);
#10855 = CARTESIAN_POINT('',(4.061143250113,12.498913722984));
#10856 = VECTOR('',#10857,1.);
#10857 = DIRECTION('',(-0.951056516295,0.309016994375));
#10858 = ( GEOMETRIC_REPRESENTATION_CONTEXT(2) 
PARAMETRIC_REPRESENTATION_CONTEXT() REPRESENTATION_CONTEXT('2D SPACE',''
  ) );
#10859 = PCURVE('',#3453,#10860);
#10860 = DEFINITIONAL_REPRESENTATION('',(#10861),#10865);
#10861 = LINE('',#10862,#10863);
#10862 = CARTESIAN_POINT('',(12.594427571508,1.414213562373));
#10863 = VECTOR('',#10864,1.);
#10864 = DIRECTION('',(-1.,-9.71445146547E-17));
#10865 = ( GEOMETRIC_REPRESENTATION_CONTEXT(2) 
PARAMETRIC_REPRESENTATION_CONTEXT() REPRESENTATION_CONTEXT('2D SPACE',''
  ) );
#10866 = ORIENTED_EDGE('',*,*,#10867,.T.);
#10867 = EDGE_CURVE('',#10845,#10868,#10870,.T.);
#10868 = VERTEX_POINT('',#10869);
#10869 = CARTESIAN_POINT('',(-8.570669435659,33.211871441422,
    74.600508759201));
#10870 = SURFACE_CURVE('',#10871,(#10876,#10883),.PCURVE_S1.);
#10871 = CIRCLE('',#10872,18.284210105951);
#10872 = AXIS2_PLACEMENT_3D('',#10873,#10874,#10875);
#10873 = CARTESIAN_POINT('',(5.702105454475E-13,19.22466394788,
    66.524990747593));
#10874 = DIRECTION('',(5.947623346206E-16,-0.5,0.866025403784));
#10875 = DIRECTION('',(1.,2.973811673103E-16,-5.150792909956E-16));
#10876 = PCURVE('',#9836,#10877);
#10877 = DEFINITIONAL_REPRESENTATION('',(#10878),#10882);
#10878 = CIRCLE('',#10879,18.284210105951);
#10879 = AXIS2_PLACEMENT_2D('',#10880,#10881);
#10880 = CARTESIAN_POINT('',(5.586642259914E-13,-1.026734253173E-12));
#10881 = DIRECTION('',(1.,0.));
#10882 = ( GEOMETRIC_REPRESENTATION_CONTEXT(2) 
PARAMETRIC_REPRESENTATION_CONTEXT() REPRESENTATION_CONTEXT('2D SPACE',''
  ) );
#10883 = PCURVE('',#3535,#10884);
#10884 = DEFINITIONAL_REPRESENTATION('',(#10885),#10889);
#10885 = LINE('',#10886,#10887);
#10886 = CARTESIAN_POINT('',(3.14159265359,1.099305766719E-13));
#10887 = VECTOR('',#10888,1.);
#10888 = DIRECTION('',(-1.,-5.339888211825E-14));
#10889 = ( GEOMETRIC_REPRESENTATION_CONTEXT(2) 
PARAMETRIC_REPRESENTATION_CONTEXT() REPRESENTATION_CONTEXT('2D SPACE',''
  ) );
#10890 = ORIENTED_EDGE('',*,*,#10891,.T.);
#10891 = EDGE_CURVE('',#10868,#10892,#10894,.T.);
#10892 = VERTEX_POINT('',#10893);
#10893 = CARTESIAN_POINT('',(-9.030369712162,31.986608331203,
    73.893102772687));
#10894 = SURFACE_CURVE('',#10895,(#10899,#10906),.PCURVE_S1.);
#10895 = LINE('',#10896,#10897);
#10896 = CARTESIAN_POINT('',(-8.766444265786,32.690062581334,
    74.299242273363));
#10897 = VECTOR('',#10898,1.);
#10898 = DIRECTION('',(-0.309016994375,-0.823639103546,-0.475528258148)
  );
#10899 = PCURVE('',#9836,#10900);
#10900 = DEFINITIONAL_REPRESENTATION('',(#10901),#10905);
#10901 = LINE('',#10902,#10903);
#10902 = CARTESIAN_POINT('',(-8.766444265786,15.54850305154));
#10903 = VECTOR('',#10904,1.);
#10904 = DIRECTION('',(-0.309016994375,-0.951056516295));
#10905 = ( GEOMETRIC_REPRESENTATION_CONTEXT(2) 
PARAMETRIC_REPRESENTATION_CONTEXT() REPRESENTATION_CONTEXT('2D SPACE',''
  ) );
#10906 = PCURVE('',#3617,#10907);
#10907 = DEFINITIONAL_REPRESENTATION('',(#10908),#10912);
#10908 = LINE('',#10909,#10910);
#10909 = CARTESIAN_POINT('',(12.078524887433,-7.244741917038E-15));
#10910 = VECTOR('',#10911,1.);
#10911 = DIRECTION('',(-1.,4.163336342344E-17));
#10912 = ( GEOMETRIC_REPRESENTATION_CONTEXT(2) 
PARAMETRIC_REPRESENTATION_CONTEXT() REPRESENTATION_CONTEXT('2D SPACE',''
  ) );
#10913 = ORIENTED_EDGE('',*,*,#10914,.T.);
#10914 = EDGE_CURVE('',#10892,#10915,#10917,.T.);
#10915 = VERTEX_POINT('',#10916);
#10916 = CARTESIAN_POINT('',(-10.49967596888,32.188145648803,
    74.009460397256));
#10917 = SURFACE_CURVE('',#10918,(#10922,#10929),.PCURVE_S1.);
#10918 = LINE('',#10919,#10920);
#10919 = CARTESIAN_POINT('',(2.055882955785,30.465963050675,
    73.015157810633));
#10920 = VECTOR('',#10921,1.);
#10921 = DIRECTION('',(-0.987688340595,0.135476220752,7.821723252012E-02
    ));
#10922 = PCURVE('',#9836,#10923);
#10923 = DEFINITIONAL_REPRESENTATION('',(#10924),#10928);
#10924 = LINE('',#10925,#10926);
#10925 = CARTESIAN_POINT('',(2.055882955785,12.980334126079));
#10926 = VECTOR('',#10927,1.);
#10927 = DIRECTION('',(-0.987688340595,0.15643446504));
#10928 = ( GEOMETRIC_REPRESENTATION_CONTEXT(2) 
PARAMETRIC_REPRESENTATION_CONTEXT() REPRESENTATION_CONTEXT('2D SPACE',''
  ) );
#10929 = PCURVE('',#3698,#10930);
#10930 = DEFINITIONAL_REPRESENTATION('',(#10931),#10935);
#10931 = LINE('',#10932,#10933);
#10932 = CARTESIAN_POINT('',(12.594427571508,1.414213562373));
#10933 = VECTOR('',#10934,1.);
#10934 = DIRECTION('',(-1.,-6.938893903907E-17));
#10935 = ( GEOMETRIC_REPRESENTATION_CONTEXT(2) 
PARAMETRIC_REPRESENTATION_CONTEXT() REPRESENTATION_CONTEXT('2D SPACE',''
  ) );
#10936 = ORIENTED_EDGE('',*,*,#10937,.T.);
#10937 = EDGE_CURVE('',#10915,#10938,#10940,.T.);
#10938 = VERTEX_POINT('',#10939);
#10939 = CARTESIAN_POINT('',(-10.99172895283,31.878543802277,
    73.830711687822));
#10940 = SURFACE_CURVE('',#10941,(#10946,#10953),.PCURVE_S1.);
#10941 = CIRCLE('',#10942,18.284210105952);
#10942 = AXIS2_PLACEMENT_3D('',#10943,#10944,#10945);
#10943 = CARTESIAN_POINT('',(1.386446513152E-12,19.224663947879,
    66.524990747592));
#10944 = DIRECTION('',(5.947623346206E-16,-0.5,0.866025403784));
#10945 = DIRECTION('',(1.,2.973811673103E-16,-5.150792909956E-16));
#10946 = PCURVE('',#9836,#10947);
#10947 = DEFINITIONAL_REPRESENTATION('',(#10948),#10952);
#10948 = CIRCLE('',#10949,18.284210105953);
#10949 = AXIS2_PLACEMENT_2D('',#10950,#10951);
#10950 = CARTESIAN_POINT('',(1.374900193696E-12,-1.799449478312E-12));
#10951 = DIRECTION('',(1.,0.));
#10952 = ( GEOMETRIC_REPRESENTATION_CONTEXT(2) 
PARAMETRIC_REPRESENTATION_CONTEXT() REPRESENTATION_CONTEXT('2D SPACE',''
  ) );
#10953 = PCURVE('',#3780,#10954);
#10954 = DEFINITIONAL_REPRESENTATION('',(#10955),#10959);
#10955 = LINE('',#10956,#10957);
#10956 = CARTESIAN_POINT('',(3.14159265359,1.7763568394E-15));
#10957 = VECTOR('',#10958,1.);
#10958 = DIRECTION('',(-1.,0.));
#10959 = ( GEOMETRIC_REPRESENTATION_CONTEXT(2) 
PARAMETRIC_REPRESENTATION_CONTEXT() REPRESENTATION_CONTEXT('2D SPACE',''
  ) );
#10960 = ORIENTED_EDGE('',*,*,#10961,.T.);
#10961 = EDGE_CURVE('',#10938,#10962,#10964,.T.);
#10962 = VERTEX_POINT('',#10963);
#10963 = CARTESIAN_POINT('',(-11.22444420197,30.606087258012,
    73.096058559459));
#10964 = SURFACE_CURVE('',#10965,(#10969,#10976),.PCURVE_S1.);
#10965 = LINE('',#10966,#10967);
#10966 = CARTESIAN_POINT('',(-11.09083654683,31.336636441044,
    73.517841326939));
#10967 = VECTOR('',#10968,1.);
#10968 = DIRECTION('',(-0.15643446504,-0.855363193977,-0.493844170298));
#10969 = PCURVE('',#9836,#10970);
#10970 = DEFINITIONAL_REPRESENTATION('',(#10971),#10975);
#10971 = LINE('',#10972,#10973);
#10972 = CARTESIAN_POINT('',(-11.09083654683,13.985701158691));
#10973 = VECTOR('',#10974,1.);
#10974 = DIRECTION('',(-0.15643446504,-0.987688340595));
#10975 = ( GEOMETRIC_REPRESENTATION_CONTEXT(2) 
PARAMETRIC_REPRESENTATION_CONTEXT() REPRESENTATION_CONTEXT('2D SPACE',''
  ) );
#10976 = PCURVE('',#3862,#10977);
#10977 = DEFINITIONAL_REPRESENTATION('',(#10978),#10982);
#10978 = LINE('',#10979,#10980);
#10979 = CARTESIAN_POINT('',(12.078524887433,-1.723021275578E-14));
#10980 = VECTOR('',#10981,1.);
#10981 = DIRECTION('',(-1.,-6.245004513517E-17));
#10982 = ( GEOMETRIC_REPRESENTATION_CONTEXT(2) 
PARAMETRIC_REPRESENTATION_CONTEXT() REPRESENTATION_CONTEXT('2D SPACE',''
  ) );
#10983 = ORIENTED_EDGE('',*,*,#10984,.T.);
#10984 = EDGE_CURVE('',#10962,#10985,#10987,.T.);
#10985 = VERTEX_POINT('',#10986);
#10986 = CARTESIAN_POINT('',(-12.712065546,30.606087258012,
    73.096058559459));
#10987 = SURFACE_CURVE('',#10988,(#10992,#10999),.PCURVE_S1.);
#10988 = LINE('',#10989,#10990);
#10989 = CARTESIAN_POINT('',(1.15463194561E-14,30.606087258012,
    73.096058559459));
#10990 = VECTOR('',#10991,1.);
#10991 = DIRECTION('',(-1.,-2.973811673103E-16,5.150792909956E-16));
#10992 = PCURVE('',#9836,#10993);
#10993 = DEFINITIONAL_REPRESENTATION('',(#10994),#10998);
#10994 = LINE('',#10995,#10996);
#10995 = CARTESIAN_POINT('',(0.,13.142135623731));
#10996 = VECTOR('',#10997,1.);
#10997 = DIRECTION('',(-1.,0.));
#10998 = ( GEOMETRIC_REPRESENTATION_CONTEXT(2) 
PARAMETRIC_REPRESENTATION_CONTEXT() REPRESENTATION_CONTEXT('2D SPACE',''
  ) );
#10999 = PCURVE('',#3943,#11000);
#11000 = DEFINITIONAL_REPRESENTATION('',(#11001),#11005);
#11001 = LINE('',#11002,#11003);
#11002 = CARTESIAN_POINT('',(12.594427571508,1.414213562373));
#11003 = VECTOR('',#11004,1.);
#11004 = DIRECTION('',(-1.,0.));
#11005 = ( GEOMETRIC_REPRESENTATION_CONTEXT(2) 
PARAMETRIC_REPRESENTATION_CONTEXT() REPRESENTATION_CONTEXT('2D SPACE',''
  ) );
#11006 = ORIENTED_EDGE('',*,*,#11007,.T.);
#11007 = EDGE_CURVE('',#10985,#11008,#11010,.T.);
#11008 = VERTEX_POINT('',#11009);
#11009 = CARTESIAN_POINT('',(-13.14213562373,30.233635645296,
    72.881023520597));
#11010 = SURFACE_CURVE('',#11011,(#11016,#11023),.PCURVE_S1.);
#11011 = CIRCLE('',#11012,18.284210105954);
#11012 = AXIS2_PLACEMENT_3D('',#11013,#11014,#11015);
#11013 = CARTESIAN_POINT('',(2.501998608295E-12,19.224663947879,
    66.524990747592));
#11014 = DIRECTION('',(5.947623346206E-16,-0.5,0.866025403784));
#11015 = DIRECTION('',(1.,2.973811673103E-16,-5.150792909956E-16));
#11016 = PCURVE('',#9836,#11017);
#11017 = DEFINITIONAL_REPRESENTATION('',(#11018),#11022);
#11018 = CIRCLE('',#11019,18.284210105954);
#11019 = AXIS2_PLACEMENT_2D('',#11020,#11021);
#11020 = CARTESIAN_POINT('',(2.490452288839E-12,-2.494005002518E-12));
#11021 = DIRECTION('',(1.,0.));
#11022 = ( GEOMETRIC_REPRESENTATION_CONTEXT(2) 
PARAMETRIC_REPRESENTATION_CONTEXT() REPRESENTATION_CONTEXT('2D SPACE',''
  ) );
#11023 = PCURVE('',#4025,#11024);
#11024 = DEFINITIONAL_REPRESENTATION('',(#11025),#11029);
#11025 = LINE('',#11026,#11027);
#11026 = CARTESIAN_POINT('',(3.14159265359,2.51636303659E-13));
#11027 = VECTOR('',#11028,1.);
#11028 = DIRECTION('',(-1.,-1.067977642365E-13));
#11029 = ( GEOMETRIC_REPRESENTATION_CONTEXT(2) 
PARAMETRIC_REPRESENTATION_CONTEXT() REPRESENTATION_CONTEXT('2D SPACE',''
  ) );
#11030 = ORIENTED_EDGE('',*,*,#11031,.T.);
#11031 = EDGE_CURVE('',#11008,#11032,#11034,.T.);
#11032 = VERTEX_POINT('',#11033);
#11033 = CARTESIAN_POINT('',(-13.14213562373,28.945317770148,
    72.137212848578));
#11034 = SURFACE_CURVE('',#11035,(#11039,#11046),.PCURVE_S1.);
#11035 = LINE('',#11036,#11037);
#11036 = CARTESIAN_POINT('',(-13.14213562373,29.684973340641,
    72.56425319131));
#11037 = VECTOR('',#11038,1.);
#11038 = DIRECTION('',(-8.381647117973E-31,-0.866025403784,-0.5));
#11039 = PCURVE('',#9836,#11040);
#11040 = DEFINITIONAL_REPRESENTATION('',(#11041),#11045);
#11041 = LINE('',#11042,#11043);
#11042 = CARTESIAN_POINT('',(-13.14213562373,12.078524887433));
#11043 = VECTOR('',#11044,1.);
#11044 = DIRECTION('',(0.,-1.));
#11045 = ( GEOMETRIC_REPRESENTATION_CONTEXT(2) 
PARAMETRIC_REPRESENTATION_CONTEXT() REPRESENTATION_CONTEXT('2D SPACE',''
  ) );
#11046 = PCURVE('',#4107,#11047);
#11047 = DEFINITIONAL_REPRESENTATION('',(#11048),#11052);
#11048 = LINE('',#11049,#11050);
#11049 = CARTESIAN_POINT('',(12.078524887433,0.));
#11050 = VECTOR('',#11051,1.);
#11051 = DIRECTION('',(-1.,-0.));
#11052 = ( GEOMETRIC_REPRESENTATION_CONTEXT(2) 
PARAMETRIC_REPRESENTATION_CONTEXT() REPRESENTATION_CONTEXT('2D SPACE',''
  ) );
#11053 = ORIENTED_EDGE('',*,*,#11054,.T.);
#11054 = EDGE_CURVE('',#11032,#11055,#11057,.T.);
#11055 = VERTEX_POINT('',#11056);
#11056 = CARTESIAN_POINT('',(-14.61144188045,28.743780452547,
    72.02085522401));
#11057 = SURFACE_CURVE('',#11058,(#11062,#11069),.PCURVE_S1.);
#11058 = LINE('',#11059,#11060);
#11059 = CARTESIAN_POINT('',(-2.055882955784,30.465963050675,
    73.015157810633));
#11060 = VECTOR('',#11061,1.);
#11061 = DIRECTION('',(-0.987688340595,-0.135476220752,
    -7.821723252011E-02));
#11062 = PCURVE('',#9836,#11063);
#11063 = DEFINITIONAL_REPRESENTATION('',(#11064),#11068);
#11064 = LINE('',#11065,#11066);
#11065 = CARTESIAN_POINT('',(-2.055882955785,12.980334126079));
#11066 = VECTOR('',#11067,1.);
#11067 = DIRECTION('',(-0.987688340595,-0.15643446504));
#11068 = ( GEOMETRIC_REPRESENTATION_CONTEXT(2) 
PARAMETRIC_REPRESENTATION_CONTEXT() REPRESENTATION_CONTEXT('2D SPACE',''
  ) );
#11069 = PCURVE('',#4188,#11070);
#11070 = DEFINITIONAL_REPRESENTATION('',(#11071),#11075);
#11071 = LINE('',#11072,#11073);
#11072 = CARTESIAN_POINT('',(12.594427571508,1.414213562373));
#11073 = VECTOR('',#11074,1.);
#11074 = DIRECTION('',(-1.,6.245004513517E-17));
#11075 = ( GEOMETRIC_REPRESENTATION_CONTEXT(2) 
PARAMETRIC_REPRESENTATION_CONTEXT() REPRESENTATION_CONTEXT('2D SPACE',''
  ) );
#11076 = ORIENTED_EDGE('',*,*,#11077,.T.);
#11077 = EDGE_CURVE('',#11055,#11078,#11080,.T.);
#11078 = VERTEX_POINT('',#11079);
#11079 = CARTESIAN_POINT('',(-14.96893929932,28.317650068443,
    71.774828732037));
#11080 = SURFACE_CURVE('',#11081,(#11086,#11093),.PCURVE_S1.);
#11081 = CIRCLE('',#11082,18.284210105952);
#11082 = AXIS2_PLACEMENT_3D('',#11083,#11084,#11085);
#11083 = CARTESIAN_POINT('',(1.437072683075E-12,19.22466394788,
    66.524990747593));
#11084 = DIRECTION('',(5.947623346206E-16,-0.5,0.866025403784));
#11085 = DIRECTION('',(1.,2.973811673103E-16,-5.150792909956E-16));
#11086 = PCURVE('',#9836,#11087);
#11087 = DEFINITIONAL_REPRESENTATION('',(#11088),#11092);
#11088 = CIRCLE('',#11089,18.284210105952);
#11089 = AXIS2_PLACEMENT_2D('',#11090,#11091);
#11090 = CARTESIAN_POINT('',(1.425526363619E-12,-1.109334846205E-12));
#11091 = DIRECTION('',(1.,0.));
#11092 = ( GEOMETRIC_REPRESENTATION_CONTEXT(2) 
PARAMETRIC_REPRESENTATION_CONTEXT() REPRESENTATION_CONTEXT('2D SPACE',''
  ) );
#11093 = PCURVE('',#4270,#11094);
#11094 = DEFINITIONAL_REPRESENTATION('',(#11095),#11099);
#11095 = LINE('',#11096,#11097);
#11096 = CARTESIAN_POINT('',(3.14159265359,0.));
#11097 = VECTOR('',#11098,1.);
#11098 = DIRECTION('',(-1.,0.));
#11099 = ( GEOMETRIC_REPRESENTATION_CONTEXT(2) 
PARAMETRIC_REPRESENTATION_CONTEXT() REPRESENTATION_CONTEXT('2D SPACE',''
  ) );
#11100 = ORIENTED_EDGE('',*,*,#11101,.T.);
#11101 = EDGE_CURVE('',#11078,#11102,#11104,.T.);
#11102 = VERTEX_POINT('',#11103);
#11103 = CARTESIAN_POINT('',(-14.73622405018,27.045193524178,
    71.040175603674));
#11104 = SURFACE_CURVE('',#11105,(#11109,#11116),.PCURVE_S1.);
#11105 = LINE('',#11106,#11107);
#11106 = CARTESIAN_POINT('',(-14.86983170532,27.775742707211,
    71.461958371154));
#11107 = VECTOR('',#11108,1.);
#11108 = DIRECTION('',(0.15643446504,-0.855363193977,-0.493844170298));
#11109 = PCURVE('',#9836,#11110);
#11110 = DEFINITIONAL_REPRESENTATION('',(#11111),#11115);
#11111 = LINE('',#11112,#11113);
#11112 = CARTESIAN_POINT('',(-14.86983170532,9.873935247122));
#11113 = VECTOR('',#11114,1.);
#11114 = DIRECTION('',(0.15643446504,-0.987688340595));
#11115 = ( GEOMETRIC_REPRESENTATION_CONTEXT(2) 
PARAMETRIC_REPRESENTATION_CONTEXT() REPRESENTATION_CONTEXT('2D SPACE',''
  ) );
#11116 = PCURVE('',#4352,#11117);
#11117 = DEFINITIONAL_REPRESENTATION('',(#11118),#11122);
#11118 = LINE('',#11119,#11120);
#11119 = CARTESIAN_POINT('',(12.078524887433,-4.70342379468E-14));
#11120 = VECTOR('',#11121,1.);
#11121 = DIRECTION('',(-1.,4.163336342344E-17));
#11122 = ( GEOMETRIC_REPRESENTATION_CONTEXT(2) 
PARAMETRIC_REPRESENTATION_CONTEXT() REPRESENTATION_CONTEXT('2D SPACE',''
  ) );
#11123 = ORIENTED_EDGE('',*,*,#11124,.T.);
#11124 = EDGE_CURVE('',#11102,#11125,#11127,.T.);
#11125 = VERTEX_POINT('',#11126);
#11126 = CARTESIAN_POINT('',(-16.15103602321,26.647081406601,
    70.810325465423));
#11127 = SURFACE_CURVE('',#11128,(#11132,#11139),.PCURVE_S1.);
#11128 = LINE('',#11129,#11130);
#11129 = CARTESIAN_POINT('',(-4.061143250113,30.049040751695,
    72.774447609085));
#11130 = VECTOR('',#11131,1.);
#11131 = DIRECTION('',(-0.951056516295,-0.26761656733,-0.154508497187));
#11132 = PCURVE('',#9836,#11133);
#11133 = DEFINITIONAL_REPRESENTATION('',(#11134),#11138);
#11134 = LINE('',#11135,#11136);
#11135 = CARTESIAN_POINT('',(-4.061143250113,12.498913722984));
#11136 = VECTOR('',#11137,1.);
#11137 = DIRECTION('',(-0.951056516295,-0.309016994375));
#11138 = ( GEOMETRIC_REPRESENTATION_CONTEXT(2) 
PARAMETRIC_REPRESENTATION_CONTEXT() REPRESENTATION_CONTEXT('2D SPACE',''
  ) );
#11139 = PCURVE('',#4433,#11140);
#11140 = DEFINITIONAL_REPRESENTATION('',(#11141),#11145);
#11141 = LINE('',#11142,#11143);
#11142 = CARTESIAN_POINT('',(12.594427571508,1.414213562373));
#11143 = VECTOR('',#11144,1.);
#11144 = DIRECTION('',(-1.,5.551115123126E-17));
#11145 = ( GEOMETRIC_REPRESENTATION_CONTEXT(2) 
PARAMETRIC_REPRESENTATION_CONTEXT() REPRESENTATION_CONTEXT('2D SPACE',''
  ) );
#11146 = ORIENTED_EDGE('',*,*,#11147,.T.);
#11147 = EDGE_CURVE('',#11125,#11148,#11150,.T.);
#11148 = VERTEX_POINT('',#11149);
#11149 = CARTESIAN_POINT('',(-16.4271580103,26.177764995411,
    70.539365509087));
#11150 = SURFACE_CURVE('',#11151,(#11156,#11163),.PCURVE_S1.);
#11151 = CIRCLE('',#11152,18.284210105952);
#11152 = AXIS2_PLACEMENT_3D('',#11153,#11154,#11155);
#11153 = CARTESIAN_POINT('',(1.453059894629E-12,19.22466394788,
    66.524990747593));
#11154 = DIRECTION('',(5.947623346206E-16,-0.5,0.866025403784));
#11155 = DIRECTION('',(1.,2.973811673103E-16,-5.150792909956E-16));
#11156 = PCURVE('',#9836,#11157);
#11157 = DEFINITIONAL_REPRESENTATION('',(#11158),#11162);
#11158 = CIRCLE('',#11159,18.284210105952);
#11159 = AXIS2_PLACEMENT_2D('',#11160,#11161);
#11160 = CARTESIAN_POINT('',(1.441513575173E-12,-8.091305403468E-13));
#11161 = DIRECTION('',(1.,0.));
#11162 = ( GEOMETRIC_REPRESENTATION_CONTEXT(2) 
PARAMETRIC_REPRESENTATION_CONTEXT() REPRESENTATION_CONTEXT('2D SPACE',''
  ) );
#11163 = PCURVE('',#4515,#11164);
#11164 = DEFINITIONAL_REPRESENTATION('',(#11165),#11169);
#11165 = LINE('',#11166,#11167);
#11166 = CARTESIAN_POINT('',(3.14159265359,0.));
#11167 = VECTOR('',#11168,1.);
#11168 = DIRECTION('',(-1.,0.));
#11169 = ( GEOMETRIC_REPRESENTATION_CONTEXT(2) 
PARAMETRIC_REPRESENTATION_CONTEXT() REPRESENTATION_CONTEXT('2D SPACE',''
  ) );
#11170 = ORIENTED_EDGE('',*,*,#11171,.T.);
#11171 = EDGE_CURVE('',#11148,#11172,#11174,.T.);
#11172 = VERTEX_POINT('',#11173);
#11173 = CARTESIAN_POINT('',(-15.9674577338,24.952501885191,
    69.831959522574));
#11174 = SURFACE_CURVE('',#11175,(#11179,#11186),.PCURVE_S1.);
#11175 = LINE('',#11176,#11177);
#11176 = CARTESIAN_POINT('',(-16.23138318018,25.655956135323,
    70.23809902325));
#11177 = VECTOR('',#11178,1.);
#11178 = DIRECTION('',(0.309016994375,-0.823639103546,-0.475528258148));
#11179 = PCURVE('',#9836,#11180);
#11180 = DEFINITIONAL_REPRESENTATION('',(#11181),#11185);
#11181 = LINE('',#11182,#11183);
#11182 = CARTESIAN_POINT('',(-16.23138318018,7.426216551314));
#11183 = VECTOR('',#11184,1.);
#11184 = DIRECTION('',(0.309016994375,-0.951056516295));
#11185 = ( GEOMETRIC_REPRESENTATION_CONTEXT(2) 
PARAMETRIC_REPRESENTATION_CONTEXT() REPRESENTATION_CONTEXT('2D SPACE',''
  ) );
#11186 = PCURVE('',#4597,#11187);
#11187 = DEFINITIONAL_REPRESENTATION('',(#11188),#11192);
#11188 = LINE('',#11189,#11190);
#11189 = CARTESIAN_POINT('',(12.078524887433,-6.953040032395E-15));
#11190 = VECTOR('',#11191,1.);
#11191 = DIRECTION('',(-1.,1.387778780781E-16));
#11192 = ( GEOMETRIC_REPRESENTATION_CONTEXT(2) 
PARAMETRIC_REPRESENTATION_CONTEXT() REPRESENTATION_CONTEXT('2D SPACE',''
  ) );
#11193 = ORIENTED_EDGE('',*,*,#11194,.T.);
#11194 = EDGE_CURVE('',#11172,#11195,#11197,.T.);
#11195 = VERTEX_POINT('',#11196);
#11196 = CARTESIAN_POINT('',(-17.29293805686,24.367617809229,
    69.494276543873));
#11197 = SURFACE_CURVE('',#11198,(#11202,#11209),.PCURVE_S1.);
#11198 = LINE('',#11199,#11200);
#11199 = CARTESIAN_POINT('',(-5.966404719463,29.365586371757,
    72.379855038849));
#11200 = VECTOR('',#11201,1.);
#11201 = DIRECTION('',(-0.891006524188,-0.393167305851,-0.22699524987));
#11202 = PCURVE('',#9836,#11203);
#11203 = DEFINITIONAL_REPRESENTATION('',(#11204),#11208);
#11204 = LINE('',#11205,#11206);
#11205 = CARTESIAN_POINT('',(-5.966404719463,11.709728582513));
#11206 = VECTOR('',#11207,1.);
#11207 = DIRECTION('',(-0.891006524188,-0.45399049974));
#11208 = ( GEOMETRIC_REPRESENTATION_CONTEXT(2) 
PARAMETRIC_REPRESENTATION_CONTEXT() REPRESENTATION_CONTEXT('2D SPACE',''
  ) );
#11209 = PCURVE('',#4678,#11210);
#11210 = DEFINITIONAL_REPRESENTATION('',(#11211),#11215);
#11211 = LINE('',#11212,#11213);
#11212 = CARTESIAN_POINT('',(12.594427571508,1.414213562373));
#11213 = VECTOR('',#11214,1.);
#11214 = DIRECTION('',(-1.,1.110223024625E-16));
#11215 = ( GEOMETRIC_REPRESENTATION_CONTEXT(2) 
PARAMETRIC_REPRESENTATION_CONTEXT() REPRESENTATION_CONTEXT('2D SPACE',''
  ) );
#11216 = ORIENTED_EDGE('',*,*,#11217,.T.);
#11217 = EDGE_CURVE('',#11195,#11218,#11220,.T.);
#11218 = VERTEX_POINT('',#11219);
#11219 = CARTESIAN_POINT('',(-17.48088557246,23.866671498569,
    69.205055056563));
#11220 = SURFACE_CURVE('',#11221,(#11226,#11233),.PCURVE_S1.);
#11221 = CIRCLE('',#11222,18.284210105951);
#11222 = AXIS2_PLACEMENT_3D('',#11223,#11224,#11225);
#11223 = CARTESIAN_POINT('',(3.952393967666E-13,19.224663947881,
    66.524990747593));
#11224 = DIRECTION('',(5.947623346206E-16,-0.5,0.866025403784));
#11225 = DIRECTION('',(1.,2.973811673103E-16,-5.150792909956E-16));
#11226 = PCURVE('',#9836,#11227);
#11227 = DEFINITIONAL_REPRESENTATION('',(#11228),#11232);
#11228 = CIRCLE('',#11229,18.284210105951);
#11229 = AXIS2_PLACEMENT_2D('',#11230,#11231);
#11230 = CARTESIAN_POINT('',(3.836930773105E-13,-6.483702463811E-14));
#11231 = DIRECTION('',(1.,0.));
#11232 = ( GEOMETRIC_REPRESENTATION_CONTEXT(2) 
PARAMETRIC_REPRESENTATION_CONTEXT() REPRESENTATION_CONTEXT('2D SPACE',''
  ) );
#11233 = PCURVE('',#4760,#11234);
#11234 = DEFINITIONAL_REPRESENTATION('',(#11235),#11239);
#11235 = LINE('',#11236,#11237);
#11236 = CARTESIAN_POINT('',(3.14159265359,0.));
#11237 = VECTOR('',#11238,1.);
#11238 = DIRECTION('',(-1.,0.));
#11239 = ( GEOMETRIC_REPRESENTATION_CONTEXT(2) 
PARAMETRIC_REPRESENTATION_CONTEXT() REPRESENTATION_CONTEXT('2D SPACE',''
  ) );
#11240 = ORIENTED_EDGE('',*,*,#11241,.T.);
#11241 = EDGE_CURVE('',#11218,#11242,#11244,.T.);
#11242 = VERTEX_POINT('',#11243);
#11243 = CARTESIAN_POINT('',(-16.80551961506,22.718771866583,
    68.542314895034));
#11244 = SURFACE_CURVE('',#11245,(#11249,#11256),.PCURVE_S1.);
#11245 = LINE('',#11246,#11247);
#11246 = CARTESIAN_POINT('',(-17.19326413227,23.377809805545,
    68.922810626499));
#11247 = VECTOR('',#11248,1.);
#11248 = DIRECTION('',(0.45399049974,-0.771634284885,-0.445503262094));
#11249 = PCURVE('',#9836,#11250);
#11250 = DEFINITIONAL_REPRESENTATION('',(#11251),#11255);
#11251 = LINE('',#11252,#11253);
#11252 = CARTESIAN_POINT('',(-17.19326413227,4.795639757812));
#11253 = VECTOR('',#11254,1.);
#11254 = DIRECTION('',(0.45399049974,-0.891006524188));
#11255 = ( GEOMETRIC_REPRESENTATION_CONTEXT(2) 
PARAMETRIC_REPRESENTATION_CONTEXT() REPRESENTATION_CONTEXT('2D SPACE',''
  ) );
#11256 = PCURVE('',#4842,#11257);
#11257 = DEFINITIONAL_REPRESENTATION('',(#11258),#11262);
#11258 = LINE('',#11259,#11260);
#11259 = CARTESIAN_POINT('',(12.078524887433,1.856248038533E-14));
#11260 = VECTOR('',#11261,1.);
#11261 = DIRECTION('',(-1.,1.665334536938E-16));
#11262 = ( GEOMETRIC_REPRESENTATION_CONTEXT(2) 
PARAMETRIC_REPRESENTATION_CONTEXT() REPRESENTATION_CONTEXT('2D SPACE',''
  ) );
#11263 = ORIENTED_EDGE('',*,*,#11264,.T.);
#11264 = EDGE_CURVE('',#11242,#11265,#11267,.T.);
#11265 = VERTEX_POINT('',#11266);
#11266 = CARTESIAN_POINT('',(-18.00903056358,21.961517619306,
    68.105113951523));
#11267 = SURFACE_CURVE('',#11268,(#11272,#11279),.PCURVE_S1.);
#11268 = LINE('',#11269,#11270);
#11269 = CARTESIAN_POINT('',(-7.724753503257,28.432428825952,
    71.841096278583));
#11270 = VECTOR('',#11271,1.);
#11271 = DIRECTION('',(-0.809016994375,-0.509036960455,-0.293892626146)
  );
#11272 = PCURVE('',#9836,#11273);
#11273 = DEFINITIONAL_REPRESENTATION('',(#11274),#11278);
#11274 = LINE('',#11275,#11276);
#11275 = CARTESIAN_POINT('',(-7.724753503257,10.632211061979));
#11276 = VECTOR('',#11277,1.);
#11277 = DIRECTION('',(-0.809016994375,-0.587785252292));
#11278 = ( GEOMETRIC_REPRESENTATION_CONTEXT(2) 
PARAMETRIC_REPRESENTATION_CONTEXT() REPRESENTATION_CONTEXT('2D SPACE',''
  ) );
#11279 = PCURVE('',#4923,#11280);
#11280 = DEFINITIONAL_REPRESENTATION('',(#11281),#11285);
#11281 = LINE('',#11282,#11283);
#11282 = CARTESIAN_POINT('',(12.594427571508,1.414213562373));
#11283 = VECTOR('',#11284,1.);
#11284 = DIRECTION('',(-1.,1.942890293094E-16));
#11285 = ( GEOMETRIC_REPRESENTATION_CONTEXT(2) 
PARAMETRIC_REPRESENTATION_CONTEXT() REPRESENTATION_CONTEXT('2D SPACE',''
  ) );
#11286 = ORIENTED_EDGE('',*,*,#11287,.T.);
#11287 = EDGE_CURVE('',#11265,#11288,#11290,.T.);
#11288 = VERTEX_POINT('',#11289);
#11289 = CARTESIAN_POINT('',(-18.10417571609,21.44127636989,
    67.804752526129));
#11290 = SURFACE_CURVE('',#11291,(#11296,#11303),.PCURVE_S1.);
#11291 = CIRCLE('',#11292,18.284210105952);
#11292 = AXIS2_PLACEMENT_3D('',#11293,#11294,#11295);
#11293 = CARTESIAN_POINT('',(1.586286657584E-12,19.22466394788,
    66.524990747593));
#11294 = DIRECTION('',(5.947623346206E-16,-0.5,0.866025403784));
#11295 = DIRECTION('',(1.,2.973811673103E-16,-5.150792909956E-16));
#11296 = PCURVE('',#9836,#11297);
#11297 = DEFINITIONAL_REPRESENTATION('',(#11298),#11302);
#11298 = CIRCLE('',#11299,18.284210105952);
#11299 = AXIS2_PLACEMENT_2D('',#11300,#11301);
#11300 = CARTESIAN_POINT('',(1.574740338128E-12,-3.28626015289E-13));
#11301 = DIRECTION('',(1.,0.));
#11302 = ( GEOMETRIC_REPRESENTATION_CONTEXT(2) 
PARAMETRIC_REPRESENTATION_CONTEXT() REPRESENTATION_CONTEXT('2D SPACE',''
  ) );
#11303 = PCURVE('',#5005,#11304);
#11304 = DEFINITIONAL_REPRESENTATION('',(#11305),#11309);
#11305 = LINE('',#11306,#11307);
#11306 = CARTESIAN_POINT('',(3.14159265359,1.602578374037E-13));
#11307 = VECTOR('',#11308,1.);
#11308 = DIRECTION('',(-1.,-5.339888211826E-14));
#11309 = ( GEOMETRIC_REPRESENTATION_CONTEXT(2) 
PARAMETRIC_REPRESENTATION_CONTEXT() REPRESENTATION_CONTEXT('2D SPACE',''
  ) );
#11310 = ORIENTED_EDGE('',*,*,#11311,.T.);
#11311 = EDGE_CURVE('',#11288,#11312,#11314,.T.);
#11312 = VERTEX_POINT('',#11313);
#11313 = CARTESIAN_POINT('',(-17.22977382907,20.399005314737,
    67.202997051868));
#11314 = SURFACE_CURVE('',#11315,(#11319,#11326),.PCURVE_S1.);
#11315 = LINE('',#11316,#11317);
#11316 = CARTESIAN_POINT('',(-17.73178986026,20.99739924125,
    67.548479946422));
#11317 = VECTOR('',#11318,1.);
#11318 = DIRECTION('',(0.587785252292,-0.700629269222,-0.404508497187));
#11319 = PCURVE('',#9836,#11320);
#11320 = DEFINITIONAL_REPRESENTATION('',(#11321),#11325);
#11321 = LINE('',#11322,#11323);
#11322 = CARTESIAN_POINT('',(-17.73178986026,2.046978397658));
#11323 = VECTOR('',#11324,1.);
#11324 = DIRECTION('',(0.587785252292,-0.809016994375));
#11325 = ( GEOMETRIC_REPRESENTATION_CONTEXT(2) 
PARAMETRIC_REPRESENTATION_CONTEXT() REPRESENTATION_CONTEXT('2D SPACE',''
  ) );
#11326 = PCURVE('',#5087,#11327);
#11327 = DEFINITIONAL_REPRESENTATION('',(#11328),#11332);
#11328 = LINE('',#11329,#11330);
#11329 = CARTESIAN_POINT('',(12.078524887433,-3.121248648317E-14));
#11330 = VECTOR('',#11331,1.);
#11331 = DIRECTION('',(-1.,3.330669073875E-16));
#11332 = ( GEOMETRIC_REPRESENTATION_CONTEXT(2) 
PARAMETRIC_REPRESENTATION_CONTEXT() REPRESENTATION_CONTEXT('2D SPACE',''
  ) );
#11333 = ORIENTED_EDGE('',*,*,#11334,.T.);
#11334 = EDGE_CURVE('',#11312,#11335,#11337,.T.);
#11335 = VERTEX_POINT('',#11336);
#11336 = CARTESIAN_POINT('',(-18.28168096928,19.488027008896,
    66.677043481765));
#11337 = SURFACE_CURVE('',#11338,(#11342,#11349),.PCURVE_S1.);
#11338 = LINE('',#11339,#11340);
#11339 = CARTESIAN_POINT('',(-9.292893218813,27.272545550029,
    71.171437357));
#11340 = VECTOR('',#11341,1.);
#11341 = DIRECTION('',(-0.707106781187,-0.612372435696,-0.353553390593)
  );
#11342 = PCURVE('',#9836,#11343);
#11343 = DEFINITIONAL_REPRESENTATION('',(#11344),#11348);
#11344 = LINE('',#11345,#11346);
#11345 = CARTESIAN_POINT('',(-9.292893218813,9.292893218813));
#11346 = VECTOR('',#11347,1.);
#11347 = DIRECTION('',(-0.707106781187,-0.707106781187));
#11348 = ( GEOMETRIC_REPRESENTATION_CONTEXT(2) 
PARAMETRIC_REPRESENTATION_CONTEXT() REPRESENTATION_CONTEXT('2D SPACE',''
  ) );
#11349 = PCURVE('',#5168,#11350);
#11350 = DEFINITIONAL_REPRESENTATION('',(#11351),#11355);
#11351 = LINE('',#11352,#11353);
#11352 = CARTESIAN_POINT('',(12.594427571508,1.414213562373));
#11353 = VECTOR('',#11354,1.);
#11354 = DIRECTION('',(-1.,-5.551115123126E-17));
#11355 = ( GEOMETRIC_REPRESENTATION_CONTEXT(2) 
PARAMETRIC_REPRESENTATION_CONTEXT() REPRESENTATION_CONTEXT('2D SPACE',''
  ) );
#11356 = ORIENTED_EDGE('',*,*,#11357,.T.);
#11357 = EDGE_CURVE('',#11335,#11358,#11360,.T.);
#11358 = VERTEX_POINT('',#11359);
#11359 = CARTESIAN_POINT('',(-18.28168096928,18.961300886865,
    66.372938013421));
#11360 = SURFACE_CURVE('',#11361,(#11366,#11373),.PCURVE_S1.);
#11361 = CIRCLE('',#11362,18.284210105954);
#11362 = AXIS2_PLACEMENT_3D('',#11363,#11364,#11365);
#11363 = CARTESIAN_POINT('',(3.546496429863E-12,19.224663947881,
    66.524990747593));
#11364 = DIRECTION('',(5.947623346206E-16,-0.5,0.866025403784));
#11365 = DIRECTION('',(1.,2.973811673103E-16,-5.150792909956E-16));
#11366 = PCURVE('',#9836,#11367);
#11367 = DEFINITIONAL_REPRESENTATION('',(#11368),#11372);
#11368 = CIRCLE('',#11369,18.284210105954);
#11369 = AXIS2_PLACEMENT_2D('',#11370,#11371);
#11370 = CARTESIAN_POINT('',(3.534950110406E-12,7.105427357601E-15));
#11371 = DIRECTION('',(1.,0.));
#11372 = ( GEOMETRIC_REPRESENTATION_CONTEXT(2) 
PARAMETRIC_REPRESENTATION_CONTEXT() REPRESENTATION_CONTEXT('2D SPACE',''
  ) );
#11373 = PCURVE('',#5250,#11374);
#11374 = DEFINITIONAL_REPRESENTATION('',(#11375),#11379);
#11375 = LINE('',#11376,#11377);
#11376 = CARTESIAN_POINT('',(3.14159265359,1.7763568394E-15));
#11377 = VECTOR('',#11378,1.);
#11378 = DIRECTION('',(-1.,0.));
#11379 = ( GEOMETRIC_REPRESENTATION_CONTEXT(2) 
PARAMETRIC_REPRESENTATION_CONTEXT() REPRESENTATION_CONTEXT('2D SPACE',''
  ) );
#11380 = ORIENTED_EDGE('',*,*,#11381,.T.);
#11381 = EDGE_CURVE('',#11358,#11382,#11384,.T.);
#11382 = VERTEX_POINT('',#11383);
#11383 = CARTESIAN_POINT('',(-17.22977382907,18.050322581024,
    65.846984443318));
#11384 = SURFACE_CURVE('',#11385,(#11389,#11396),.PCURVE_S1.);
#11385 = LINE('',#11386,#11387);
#11386 = CARTESIAN_POINT('',(-17.83370007344,18.573338050662,
    66.148947565504));
#11387 = VECTOR('',#11388,1.);
#11388 = DIRECTION('',(0.707106781187,-0.612372435696,-0.353553390593));
#11389 = PCURVE('',#9836,#11390);
#11390 = DEFINITIONAL_REPRESENTATION('',(#11391),#11395);
#11391 = LINE('',#11392,#11393);
#11392 = CARTESIAN_POINT('',(-17.83370007344,-0.752086364179));
#11393 = VECTOR('',#11394,1.);
#11394 = DIRECTION('',(0.707106781187,-0.707106781187));
#11395 = ( GEOMETRIC_REPRESENTATION_CONTEXT(2) 
PARAMETRIC_REPRESENTATION_CONTEXT() REPRESENTATION_CONTEXT('2D SPACE',''
  ) );
#11396 = PCURVE('',#5332,#11397);
#11397 = DEFINITIONAL_REPRESENTATION('',(#11398),#11402);
#11398 = LINE('',#11399,#11400);
#11399 = CARTESIAN_POINT('',(12.078524887433,-1.568243690419E-14));
#11400 = VECTOR('',#11401,1.);
#11401 = DIRECTION('',(-1.,2.22044604925E-16));
#11402 = ( GEOMETRIC_REPRESENTATION_CONTEXT(2) 
PARAMETRIC_REPRESENTATION_CONTEXT() REPRESENTATION_CONTEXT('2D SPACE',''
  ) );
#11403 = ORIENTED_EDGE('',*,*,#11404,.T.);
#11404 = EDGE_CURVE('',#11382,#11405,#11407,.T.);
#11405 = VERTEX_POINT('',#11406);
#11406 = CARTESIAN_POINT('',(-18.10417571609,17.008051525872,
    65.245228969057));
#11407 = SURFACE_CURVE('',#11408,(#11412,#11419),.PCURVE_S1.);
#11408 = LINE('',#11409,#11410);
#11409 = CARTESIAN_POINT('',(-10.63221106197,25.914496719674,
    70.387367499221));
#11410 = VECTOR('',#11411,1.);
#11411 = DIRECTION('',(-0.587785252292,-0.700629269222,-0.404508497187)
  );
#11412 = PCURVE('',#9836,#11413);
#11413 = DEFINITIONAL_REPRESENTATION('',(#11414),#11418);
#11414 = LINE('',#11415,#11416);
#11415 = CARTESIAN_POINT('',(-10.63221106197,7.724753503257));
#11416 = VECTOR('',#11417,1.);
#11417 = DIRECTION('',(-0.587785252292,-0.809016994375));
#11418 = ( GEOMETRIC_REPRESENTATION_CONTEXT(2) 
PARAMETRIC_REPRESENTATION_CONTEXT() REPRESENTATION_CONTEXT('2D SPACE',''
  ) );
#11419 = PCURVE('',#5413,#11420);
#11420 = DEFINITIONAL_REPRESENTATION('',(#11421),#11425);
#11421 = LINE('',#11422,#11423);
#11422 = CARTESIAN_POINT('',(12.594427571508,1.414213562373));
#11423 = VECTOR('',#11424,1.);
#11424 = DIRECTION('',(-1.,2.775557561563E-17));
#11425 = ( GEOMETRIC_REPRESENTATION_CONTEXT(2) 
PARAMETRIC_REPRESENTATION_CONTEXT() REPRESENTATION_CONTEXT('2D SPACE',''
  ) );
#11426 = ORIENTED_EDGE('',*,*,#11427,.T.);
#11427 = EDGE_CURVE('',#11405,#11428,#11430,.T.);
#11428 = VERTEX_POINT('',#11429);
#11429 = CARTESIAN_POINT('',(-18.00903056358,16.487810276455,
    64.944867543663));
#11430 = SURFACE_CURVE('',#11431,(#11436,#11443),.PCURVE_S1.);
#11431 = CIRCLE('',#11432,18.284210105952);
#11432 = AXIS2_PLACEMENT_3D('',#11433,#11434,#11435);
#11433 = CARTESIAN_POINT('',(1.6004975123E-12,19.224663947881,
    66.524990747593));
#11434 = DIRECTION('',(5.947623346206E-16,-0.5,0.866025403784));
#11435 = DIRECTION('',(1.,2.973811673103E-16,-5.150792909956E-16));
#11436 = PCURVE('',#9836,#11437);
#11437 = DEFINITIONAL_REPRESENTATION('',(#11438),#11442);
#11438 = CIRCLE('',#11439,18.284210105952);
#11439 = AXIS2_PLACEMENT_2D('',#11440,#11441);
#11440 = CARTESIAN_POINT('',(1.588951192844E-12,3.446132268436E-13));
#11441 = DIRECTION('',(1.,0.));
#11442 = ( GEOMETRIC_REPRESENTATION_CONTEXT(2) 
PARAMETRIC_REPRESENTATION_CONTEXT() REPRESENTATION_CONTEXT('2D SPACE',''
  ) );
#11443 = PCURVE('',#5495,#11444);
#11444 = DEFINITIONAL_REPRESENTATION('',(#11445),#11449);
#11445 = LINE('',#11446,#11447);
#11446 = CARTESIAN_POINT('',(9.424777960769,-1.752572341416E-13));
#11447 = VECTOR('',#11448,1.);
#11448 = DIRECTION('',(-1.,5.339888211826E-14));
#11449 = ( GEOMETRIC_REPRESENTATION_CONTEXT(2) 
PARAMETRIC_REPRESENTATION_CONTEXT() REPRESENTATION_CONTEXT('2D SPACE',''
  ) );
#11450 = ORIENTED_EDGE('',*,*,#11451,.T.);
#11451 = EDGE_CURVE('',#11428,#11452,#11454,.T.);
#11452 = VERTEX_POINT('',#11453);
#11453 = CARTESIAN_POINT('',(-16.80551961506,15.730556029178,
    64.507666600153));
#11454 = SURFACE_CURVE('',#11455,(#11459,#11466),.PCURVE_S1.);
#11455 = LINE('',#11456,#11457);
#11456 = CARTESIAN_POINT('',(-17.49648540417,16.16531466529,
    64.758674615744));
#11457 = VECTOR('',#11458,1.);
#11458 = DIRECTION('',(0.809016994375,-0.509036960455,-0.293892626146));
#11459 = PCURVE('',#9836,#11460);
#11460 = DEFINITIONAL_REPRESENTATION('',(#11461),#11465);
#11461 = LINE('',#11462,#11463);
#11462 = CARTESIAN_POINT('',(-17.49648540417,-3.532632263698));
#11463 = VECTOR('',#11464,1.);
#11464 = DIRECTION('',(0.809016994375,-0.587785252292));
#11465 = ( GEOMETRIC_REPRESENTATION_CONTEXT(2) 
PARAMETRIC_REPRESENTATION_CONTEXT() REPRESENTATION_CONTEXT('2D SPACE',''
  ) );
#11466 = PCURVE('',#5577,#11467);
#11467 = DEFINITIONAL_REPRESENTATION('',(#11468),#11472);
#11468 = LINE('',#11469,#11470);
#11469 = CARTESIAN_POINT('',(12.078524887433,1.620271977664E-14));
#11470 = VECTOR('',#11471,1.);
#11471 = DIRECTION('',(-1.,8.326672684689E-17));
#11472 = ( GEOMETRIC_REPRESENTATION_CONTEXT(2) 
PARAMETRIC_REPRESENTATION_CONTEXT() REPRESENTATION_CONTEXT('2D SPACE',''
  ) );
#11473 = ORIENTED_EDGE('',*,*,#11474,.T.);
#11474 = EDGE_CURVE('',#11452,#11475,#11477,.T.);
#11475 = VERTEX_POINT('',#11476);
#11476 = CARTESIAN_POINT('',(-17.48088557246,14.582656397192,
    63.844926438623));
#11477 = SURFACE_CURVE('',#11478,(#11482,#11489),.PCURVE_S1.);
#11478 = LINE('',#11479,#11480);
#11479 = CARTESIAN_POINT('',(-11.70972858251,24.391722004195,
    69.508193107324));
#11480 = VECTOR('',#11481,1.);
#11481 = DIRECTION('',(-0.45399049974,-0.771634284885,-0.445503262094));
#11482 = PCURVE('',#9836,#11483);
#11483 = DEFINITIONAL_REPRESENTATION('',(#11484),#11488);
#11484 = LINE('',#11485,#11486);
#11485 = CARTESIAN_POINT('',(-11.70972858251,5.966404719463));
#11486 = VECTOR('',#11487,1.);
#11487 = DIRECTION('',(-0.45399049974,-0.891006524188));
#11488 = ( GEOMETRIC_REPRESENTATION_CONTEXT(2) 
PARAMETRIC_REPRESENTATION_CONTEXT() REPRESENTATION_CONTEXT('2D SPACE',''
  ) );
#11489 = PCURVE('',#5658,#11490);
#11490 = DEFINITIONAL_REPRESENTATION('',(#11491),#11495);
#11491 = LINE('',#11492,#11493);
#11492 = CARTESIAN_POINT('',(12.594427571508,1.414213562373));
#11493 = VECTOR('',#11494,1.);
#11494 = DIRECTION('',(-1.,1.387778780781E-16));
#11495 = ( GEOMETRIC_REPRESENTATION_CONTEXT(2) 
PARAMETRIC_REPRESENTATION_CONTEXT() REPRESENTATION_CONTEXT('2D SPACE',''
  ) );
#11496 = ORIENTED_EDGE('',*,*,#11497,.T.);
#11497 = EDGE_CURVE('',#11475,#11498,#11500,.T.);
#11498 = VERTEX_POINT('',#11499);
#11499 = CARTESIAN_POINT('',(-17.29293805686,14.081710086532,
    63.555704951314));
#11500 = SURFACE_CURVE('',#11501,(#11506,#11513),.PCURVE_S1.);
#11501 = CIRCLE('',#11502,18.284210105952);
#11502 = AXIS2_PLACEMENT_3D('',#11503,#11504,#11505);
#11503 = CARTESIAN_POINT('',(1.858957432432E-12,19.224663947881,
    66.524990747593));
#11504 = DIRECTION('',(5.947623346206E-16,-0.5,0.866025403784));
#11505 = DIRECTION('',(1.,2.973811673103E-16,-5.150792909956E-16));
#11506 = PCURVE('',#9836,#11507);
#11507 = DEFINITIONAL_REPRESENTATION('',(#11508),#11512);
#11508 = CIRCLE('',#11509,18.284210105952);
#11509 = AXIS2_PLACEMENT_2D('',#11510,#11511);
#11510 = CARTESIAN_POINT('',(1.847411112976E-12,5.053735208094E-13));
#11511 = DIRECTION('',(1.,0.));
#11512 = ( GEOMETRIC_REPRESENTATION_CONTEXT(2) 
PARAMETRIC_REPRESENTATION_CONTEXT() REPRESENTATION_CONTEXT('2D SPACE',''
  ) );
#11513 = PCURVE('',#5740,#11514);
#11514 = DEFINITIONAL_REPRESENTATION('',(#11515),#11519);
#11515 = LINE('',#11516,#11517);
#11516 = CARTESIAN_POINT('',(9.424777960769,0.));
#11517 = VECTOR('',#11518,1.);
#11518 = DIRECTION('',(-1.,0.));
#11519 = ( GEOMETRIC_REPRESENTATION_CONTEXT(2) 
PARAMETRIC_REPRESENTATION_CONTEXT() REPRESENTATION_CONTEXT('2D SPACE',''
  ) );
#11520 = ORIENTED_EDGE('',*,*,#11521,.T.);
#11521 = EDGE_CURVE('',#11498,#11522,#11524,.T.);
#11522 = VERTEX_POINT('',#11523);
#11523 = CARTESIAN_POINT('',(-15.9674577338,13.49682601057,
    63.218021972612));
#11524 = SURFACE_CURVE('',#11525,(#11529,#11536),.PCURVE_S1.);
#11525 = LINE('',#11526,#11527);
#11526 = CARTESIAN_POINT('',(-16.72844919673,13.832622612653,
    63.411894231218));
#11527 = VECTOR('',#11528,1.);
#11528 = DIRECTION('',(0.891006524188,-0.393167305851,-0.22699524987));
#11529 = PCURVE('',#9836,#11530);
#11530 = DEFINITIONAL_REPRESENTATION('',(#11531),#11535);
#11531 = LINE('',#11532,#11533);
#11532 = CARTESIAN_POINT('',(-16.72844919673,-6.22619303275));
#11533 = VECTOR('',#11534,1.);
#11534 = DIRECTION('',(0.891006524188,-0.45399049974));
#11535 = ( GEOMETRIC_REPRESENTATION_CONTEXT(2) 
PARAMETRIC_REPRESENTATION_CONTEXT() REPRESENTATION_CONTEXT('2D SPACE',''
  ) );
#11536 = PCURVE('',#5822,#11537);
#11537 = DEFINITIONAL_REPRESENTATION('',(#11538),#11542);
#11538 = LINE('',#11539,#11540);
#11539 = CARTESIAN_POINT('',(12.078524887433,3.335673886982E-14));
#11540 = VECTOR('',#11541,1.);
#11541 = DIRECTION('',(-1.,1.110223024625E-16));
#11542 = ( GEOMETRIC_REPRESENTATION_CONTEXT(2) 
PARAMETRIC_REPRESENTATION_CONTEXT() REPRESENTATION_CONTEXT('2D SPACE',''
  ) );
#11543 = ORIENTED_EDGE('',*,*,#11544,.T.);
#11544 = EDGE_CURVE('',#11522,#11545,#11547,.T.);
#11545 = VERTEX_POINT('',#11546);
#11546 = CARTESIAN_POINT('',(-16.4271580103,12.271562900351,
    62.510615986099));
#11547 = SURFACE_CURVE('',#11548,(#11552,#11559),.PCURVE_S1.);
#11548 = LINE('',#11549,#11550);
#11549 = CARTESIAN_POINT('',(-12.49891372298,22.741717170886,
    68.55556237265));
#11550 = VECTOR('',#11551,1.);
#11551 = DIRECTION('',(-0.309016994375,-0.823639103546,-0.475528258148)
  );
#11552 = PCURVE('',#9836,#11553);
#11553 = DEFINITIONAL_REPRESENTATION('',(#11554),#11558);
#11554 = LINE('',#11555,#11556);
#11555 = CARTESIAN_POINT('',(-12.49891372298,4.061143250113));
#11556 = VECTOR('',#11557,1.);
#11557 = DIRECTION('',(-0.309016994375,-0.951056516295));
#11558 = ( GEOMETRIC_REPRESENTATION_CONTEXT(2) 
PARAMETRIC_REPRESENTATION_CONTEXT() REPRESENTATION_CONTEXT('2D SPACE',''
  ) );
#11559 = PCURVE('',#5903,#11560);
#11560 = DEFINITIONAL_REPRESENTATION('',(#11561),#11565);
#11561 = LINE('',#11562,#11563);
#11562 = CARTESIAN_POINT('',(12.594427571508,1.414213562373));
#11563 = VECTOR('',#11564,1.);
#11564 = DIRECTION('',(-1.,1.249000902703E-16));
#11565 = ( GEOMETRIC_REPRESENTATION_CONTEXT(2) 
PARAMETRIC_REPRESENTATION_CONTEXT() REPRESENTATION_CONTEXT('2D SPACE',''
  ) );
#11566 = ORIENTED_EDGE('',*,*,#11567,.T.);
#11567 = EDGE_CURVE('',#11545,#11568,#11570,.T.);
#11568 = VERTEX_POINT('',#11569);
#11569 = CARTESIAN_POINT('',(-16.15103602321,11.802246489161,
    62.239656029764));
#11570 = SURFACE_CURVE('',#11571,(#11576,#11583),.PCURVE_S1.);
#11571 = CIRCLE('',#11572,18.284210105951);
#11572 = AXIS2_PLACEMENT_3D('',#11573,#11574,#11575);
#11573 = CARTESIAN_POINT('',(8.819611707622E-13,19.224663947881,
    66.524990747593));
#11574 = DIRECTION('',(5.947623346206E-16,-0.5,0.866025403784));
#11575 = DIRECTION('',(1.,2.973811673103E-16,-5.150792909956E-16));
#11576 = PCURVE('',#9836,#11577);
#11577 = DEFINITIONAL_REPRESENTATION('',(#11578),#11582);
#11578 = CIRCLE('',#11579,18.284210105951);
#11579 = AXIS2_PLACEMENT_2D('',#11580,#11581);
#11580 = CARTESIAN_POINT('',(8.704148513061E-13,5.21360732364E-13));
#11581 = DIRECTION('',(1.,0.));
#11582 = ( GEOMETRIC_REPRESENTATION_CONTEXT(2) 
PARAMETRIC_REPRESENTATION_CONTEXT() REPRESENTATION_CONTEXT('2D SPACE',''
  ) );
#11583 = PCURVE('',#5985,#11584);
#11584 = DEFINITIONAL_REPRESENTATION('',(#11585),#11589);
#11585 = LINE('',#11586,#11587);
#11586 = CARTESIAN_POINT('',(9.424777960769,0.));
#11587 = VECTOR('',#11588,1.);
#11588 = DIRECTION('',(-1.,0.));
#11589 = ( GEOMETRIC_REPRESENTATION_CONTEXT(2) 
PARAMETRIC_REPRESENTATION_CONTEXT() REPRESENTATION_CONTEXT('2D SPACE',''
  ) );
#11590 = ORIENTED_EDGE('',*,*,#11591,.T.);
#11591 = EDGE_CURVE('',#11568,#11592,#11594,.T.);
#11592 = VERTEX_POINT('',#11593);
#11593 = CARTESIAN_POINT('',(-14.73622405018,11.404134371583,
    62.009805891512));
#11594 = SURFACE_CURVE('',#11595,(#11599,#11606),.PCURVE_S1.);
#11595 = LINE('',#11596,#11597);
#11596 = CARTESIAN_POINT('',(-15.54850305154,11.632700512849,
    62.1417686147));
#11597 = VECTOR('',#11598,1.);
#11598 = DIRECTION('',(0.951056516295,-0.26761656733,-0.154508497187));
#11599 = PCURVE('',#9836,#11600);
#11600 = DEFINITIONAL_REPRESENTATION('',(#11601),#11605);
#11601 = LINE('',#11602,#11603);
#11602 = CARTESIAN_POINT('',(-15.54850305154,-8.766444265786));
#11603 = VECTOR('',#11604,1.);
#11604 = DIRECTION('',(0.951056516295,-0.309016994375));
#11605 = ( GEOMETRIC_REPRESENTATION_CONTEXT(2) 
PARAMETRIC_REPRESENTATION_CONTEXT() REPRESENTATION_CONTEXT('2D SPACE',''
  ) );
#11606 = PCURVE('',#6067,#11607);
#11607 = DEFINITIONAL_REPRESENTATION('',(#11608),#11612);
#11608 = LINE('',#11609,#11610);
#11609 = CARTESIAN_POINT('',(12.078524887433,-2.107462831922E-14));
#11610 = VECTOR('',#11611,1.);
#11611 = DIRECTION('',(-1.,8.326672684689E-17));
#11612 = ( GEOMETRIC_REPRESENTATION_CONTEXT(2) 
PARAMETRIC_REPRESENTATION_CONTEXT() REPRESENTATION_CONTEXT('2D SPACE',''
  ) );
#11613 = ORIENTED_EDGE('',*,*,#11614,.T.);
#11614 = EDGE_CURVE('',#11592,#11615,#11617,.T.);
#11615 = VERTEX_POINT('',#11616);
#11616 = CARTESIAN_POINT('',(-14.96893929932,10.131677827318,
    61.275152763149));
#11617 = SURFACE_CURVE('',#11618,(#11622,#11629),.PCURVE_S1.);
#11618 = LINE('',#11619,#11620);
#11619 = CARTESIAN_POINT('',(-12.98033412607,21.005110814798,
    67.552932225485));
#11620 = VECTOR('',#11621,1.);
#11621 = DIRECTION('',(-0.15643446504,-0.855363193977,-0.493844170298));
#11622 = PCURVE('',#9836,#11623);
#11623 = DEFINITIONAL_REPRESENTATION('',(#11624),#11628);
#11624 = LINE('',#11625,#11626);
#11625 = CARTESIAN_POINT('',(-12.98033412607,2.055882955785));
#11626 = VECTOR('',#11627,1.);
#11627 = DIRECTION('',(-0.15643446504,-0.987688340595));
#11628 = ( GEOMETRIC_REPRESENTATION_CONTEXT(2) 
PARAMETRIC_REPRESENTATION_CONTEXT() REPRESENTATION_CONTEXT('2D SPACE',''
  ) );
#11629 = PCURVE('',#6148,#11630);
#11630 = DEFINITIONAL_REPRESENTATION('',(#11631),#11635);
#11631 = LINE('',#11632,#11633);
#11632 = CARTESIAN_POINT('',(12.594427571508,1.414213562373));
#11633 = VECTOR('',#11634,1.);
#11634 = DIRECTION('',(-1.,3.469446951954E-17));
#11635 = ( GEOMETRIC_REPRESENTATION_CONTEXT(2) 
PARAMETRIC_REPRESENTATION_CONTEXT() REPRESENTATION_CONTEXT('2D SPACE',''
  ) );
#11636 = ORIENTED_EDGE('',*,*,#11637,.T.);
#11637 = EDGE_CURVE('',#11615,#11638,#11640,.T.);
#11638 = VERTEX_POINT('',#11639);
#11639 = CARTESIAN_POINT('',(-14.61144188045,9.705547443214,
    61.029126271177));
#11640 = SURFACE_CURVE('',#11641,(#11646,#11653),.PCURVE_S1.);
#11641 = CIRCLE('',#11642,18.284210105952);
#11642 = AXIS2_PLACEMENT_3D('',#11643,#11644,#11645);
#11643 = CARTESIAN_POINT('',(1.384670156312E-12,19.224663947882,
    66.524990747594));
#11644 = DIRECTION('',(5.947623346206E-16,-0.5,0.866025403784));
#11645 = DIRECTION('',(1.,2.973811673103E-16,-5.150792909956E-16));
#11646 = PCURVE('',#9836,#11647);
#11647 = DEFINITIONAL_REPRESENTATION('',(#11648),#11652);
#11648 = CIRCLE('',#11649,18.284210105952);
#11649 = AXIS2_PLACEMENT_2D('',#11650,#11651);
#11650 = CARTESIAN_POINT('',(1.373123836856E-12,1.044497821567E-12));
#11651 = DIRECTION('',(1.,0.));
#11652 = ( GEOMETRIC_REPRESENTATION_CONTEXT(2) 
PARAMETRIC_REPRESENTATION_CONTEXT() REPRESENTATION_CONTEXT('2D SPACE',''
  ) );
#11653 = PCURVE('',#6230,#11654);
#11654 = DEFINITIONAL_REPRESENTATION('',(#11655),#11659);
#11655 = LINE('',#11656,#11657);
#11656 = CARTESIAN_POINT('',(9.424777960769,0.));
#11657 = VECTOR('',#11658,1.);
#11658 = DIRECTION('',(-1.,0.));
#11659 = ( GEOMETRIC_REPRESENTATION_CONTEXT(2) 
PARAMETRIC_REPRESENTATION_CONTEXT() REPRESENTATION_CONTEXT('2D SPACE',''
  ) );
#11660 = ORIENTED_EDGE('',*,*,#11661,.T.);
#11661 = EDGE_CURVE('',#11638,#11662,#11664,.T.);
#11662 = VERTEX_POINT('',#11663);
#11663 = CARTESIAN_POINT('',(-13.14213562373,9.504010125614,
    60.912768646608));
#11664 = SURFACE_CURVE('',#11665,(#11669,#11676),.PCURVE_S1.);
#11665 = LINE('',#11666,#11667);
#11666 = CARTESIAN_POINT('',(-13.98570115869,9.619717749098,
    60.979572474174));
#11667 = VECTOR('',#11668,1.);
#11668 = DIRECTION('',(0.987688340595,-0.135476220752,
    -7.821723252012E-02));
#11669 = PCURVE('',#9836,#11670);
#11670 = DEFINITIONAL_REPRESENTATION('',(#11671),#11675);
#11671 = LINE('',#11672,#11673);
#11672 = CARTESIAN_POINT('',(-13.98570115869,-11.09083654683));
#11673 = VECTOR('',#11674,1.);
#11674 = DIRECTION('',(0.987688340595,-0.15643446504));
#11675 = ( GEOMETRIC_REPRESENTATION_CONTEXT(2) 
PARAMETRIC_REPRESENTATION_CONTEXT() REPRESENTATION_CONTEXT('2D SPACE',''
  ) );
#11676 = PCURVE('',#6312,#11677);
#11677 = DEFINITIONAL_REPRESENTATION('',(#11678),#11682);
#11678 = LINE('',#11679,#11680);
#11679 = CARTESIAN_POINT('',(12.078524887433,-3.497417200113E-14));
#11680 = VECTOR('',#11681,1.);
#11681 = DIRECTION('',(-1.,6.938893903907E-17));
#11682 = ( GEOMETRIC_REPRESENTATION_CONTEXT(2) 
PARAMETRIC_REPRESENTATION_CONTEXT() REPRESENTATION_CONTEXT('2D SPACE',''
  ) );
#11683 = ORIENTED_EDGE('',*,*,#11684,.T.);
#11684 = EDGE_CURVE('',#11662,#11685,#11687,.T.);
#11685 = VERTEX_POINT('',#11686);
#11686 = CARTESIAN_POINT('',(-13.14213562373,8.215692250465,
    60.168957974589));
#11687 = SURFACE_CURVE('',#11688,(#11692,#11699),.PCURVE_S1.);
#11688 = LINE('',#11689,#11690);
#11689 = CARTESIAN_POINT('',(-13.14213562373,19.224663947881,
    66.524990747593));
#11690 = VECTOR('',#11691,1.);
#11691 = DIRECTION('',(-8.381647117973E-31,-0.866025403784,-0.5));
#11692 = PCURVE('',#9836,#11693);
#11693 = DEFINITIONAL_REPRESENTATION('',(#11694),#11698);
#11694 = LINE('',#11695,#11696);
#11695 = CARTESIAN_POINT('',(-13.14213562373,0.));
#11696 = VECTOR('',#11697,1.);
#11697 = DIRECTION('',(0.,-1.));
#11698 = ( GEOMETRIC_REPRESENTATION_CONTEXT(2) 
PARAMETRIC_REPRESENTATION_CONTEXT() REPRESENTATION_CONTEXT('2D SPACE',''
  ) );
#11699 = PCURVE('',#6393,#11700);
#11700 = DEFINITIONAL_REPRESENTATION('',(#11701),#11705);
#11701 = LINE('',#11702,#11703);
#11702 = CARTESIAN_POINT('',(12.594427571508,1.414213562373));
#11703 = VECTOR('',#11704,1.);
#11704 = DIRECTION('',(-1.,0.));
#11705 = ( GEOMETRIC_REPRESENTATION_CONTEXT(2) 
PARAMETRIC_REPRESENTATION_CONTEXT() REPRESENTATION_CONTEXT('2D SPACE',''
  ) );
#11706 = ORIENTED_EDGE('',*,*,#11707,.T.);
#11707 = EDGE_CURVE('',#11685,#11708,#11710,.T.);
#11708 = VERTEX_POINT('',#11709);
#11709 = CARTESIAN_POINT('',(-12.712065546,7.843240637749,
    59.953922935728));
#11710 = SURFACE_CURVE('',#11711,(#11716,#11723),.PCURVE_S1.);
#11711 = CIRCLE('',#11712,18.284210105952);
#11712 = AXIS2_PLACEMENT_3D('',#11713,#11714,#11715);
#11713 = CARTESIAN_POINT('',(1.436184504655E-12,19.224663947882,
    66.524990747594));
#11714 = DIRECTION('',(5.947623346206E-16,-0.5,0.866025403784));
#11715 = DIRECTION('',(1.,2.973811673103E-16,-5.150792909956E-16));
#11716 = PCURVE('',#9836,#11717);
#11717 = DEFINITIONAL_REPRESENTATION('',(#11718),#11722);
#11718 = CIRCLE('',#11719,18.284210105952);
#11719 = AXIS2_PLACEMENT_2D('',#11720,#11721);
#11720 = CARTESIAN_POINT('',(1.424638185199E-12,1.428190898878E-12));
#11721 = DIRECTION('',(1.,0.));
#11722 = ( GEOMETRIC_REPRESENTATION_CONTEXT(2) 
PARAMETRIC_REPRESENTATION_CONTEXT() REPRESENTATION_CONTEXT('2D SPACE',''
  ) );
#11723 = PCURVE('',#6475,#11724);
#11724 = DEFINITIONAL_REPRESENTATION('',(#11725),#11729);
#11725 = LINE('',#11726,#11727);
#11726 = CARTESIAN_POINT('',(9.424777960769,4.193938394316E-13));
#11727 = VECTOR('',#11728,1.);
#11728 = DIRECTION('',(-1.,-1.067977642365E-13));
#11729 = ( GEOMETRIC_REPRESENTATION_CONTEXT(2) 
PARAMETRIC_REPRESENTATION_CONTEXT() REPRESENTATION_CONTEXT('2D SPACE',''
  ) );
#11730 = ORIENTED_EDGE('',*,*,#11731,.T.);
#11731 = EDGE_CURVE('',#11708,#11732,#11734,.T.);
#11732 = VERTEX_POINT('',#11733);
#11733 = CARTESIAN_POINT('',(-11.22444420197,7.843240637749,
    59.953922935728));
#11734 = SURFACE_CURVE('',#11735,(#11739,#11746),.PCURVE_S1.);
#11735 = LINE('',#11736,#11737);
#11736 = CARTESIAN_POINT('',(-12.07852488743,7.843240637749,
    59.953922935728));
#11737 = VECTOR('',#11738,1.);
#11738 = DIRECTION('',(1.,2.973811673103E-16,-5.150792909956E-16));
#11739 = PCURVE('',#9836,#11740);
#11740 = DEFINITIONAL_REPRESENTATION('',(#11741),#11745);
#11741 = LINE('',#11742,#11743);
#11742 = CARTESIAN_POINT('',(-12.07852488743,-13.14213562373));
#11743 = VECTOR('',#11744,1.);
#11744 = DIRECTION('',(1.,0.));
#11745 = ( GEOMETRIC_REPRESENTATION_CONTEXT(2) 
PARAMETRIC_REPRESENTATION_CONTEXT() REPRESENTATION_CONTEXT('2D SPACE',''
  ) );
#11746 = PCURVE('',#6557,#11747);
#11747 = DEFINITIONAL_REPRESENTATION('',(#11748),#11752);
#11748 = LINE('',#11749,#11750);
#11749 = CARTESIAN_POINT('',(12.078524887433,0.));
#11750 = VECTOR('',#11751,1.);
#11751 = DIRECTION('',(-1.,-0.));
#11752 = ( GEOMETRIC_REPRESENTATION_CONTEXT(2) 
PARAMETRIC_REPRESENTATION_CONTEXT() REPRESENTATION_CONTEXT('2D SPACE',''
  ) );
#11753 = ORIENTED_EDGE('',*,*,#11754,.T.);
#11754 = EDGE_CURVE('',#11732,#11755,#11757,.T.);
#11755 = VERTEX_POINT('',#11756);
#11756 = CARTESIAN_POINT('',(-10.99172895283,6.570784093485,
    59.219269807364));
#11757 = SURFACE_CURVE('',#11758,(#11762,#11769),.PCURVE_S1.);
#11758 = LINE('',#11759,#11760);
#11759 = CARTESIAN_POINT('',(-12.98033412607,17.444217080964,
    65.497049269701));
#11760 = VECTOR('',#11761,1.);
#11761 = DIRECTION('',(0.15643446504,-0.855363193977,-0.493844170298));
#11762 = PCURVE('',#9836,#11763);
#11763 = DEFINITIONAL_REPRESENTATION('',(#11764),#11768);
#11764 = LINE('',#11765,#11766);
#11765 = CARTESIAN_POINT('',(-12.98033412607,-2.055882955785));
#11766 = VECTOR('',#11767,1.);
#11767 = DIRECTION('',(0.15643446504,-0.987688340595));
#11768 = ( GEOMETRIC_REPRESENTATION_CONTEXT(2) 
PARAMETRIC_REPRESENTATION_CONTEXT() REPRESENTATION_CONTEXT('2D SPACE',''
  ) );
#11769 = PCURVE('',#6638,#11770);
#11770 = DEFINITIONAL_REPRESENTATION('',(#11771),#11775);
#11771 = LINE('',#11772,#11773);
#11772 = CARTESIAN_POINT('',(12.594427571508,1.414213562373));
#11773 = VECTOR('',#11774,1.);
#11774 = DIRECTION('',(-1.,-6.245004513517E-17));
#11775 = ( GEOMETRIC_REPRESENTATION_CONTEXT(2) 
PARAMETRIC_REPRESENTATION_CONTEXT() REPRESENTATION_CONTEXT('2D SPACE',''
  ) );
#11776 = ORIENTED_EDGE('',*,*,#11777,.T.);
#11777 = EDGE_CURVE('',#11755,#11778,#11780,.T.);
#11778 = VERTEX_POINT('',#11779);
#11779 = CARTESIAN_POINT('',(-10.49967596888,6.261182246958,
    59.040521097931));
#11780 = SURFACE_CURVE('',#11781,(#11786,#11793),.PCURVE_S1.);
#11781 = CIRCLE('',#11782,18.284210105951);
#11782 = AXIS2_PLACEMENT_3D('',#11783,#11784,#11785);
#11783 = CARTESIAN_POINT('',(4.547473508865E-13,19.224663947881,
    66.524990747593));
#11784 = DIRECTION('',(5.947623346206E-16,-0.5,0.866025403784));
#11785 = DIRECTION('',(1.,2.973811673103E-16,-5.150792909956E-16));
#11786 = PCURVE('',#9836,#11787);
#11787 = DEFINITIONAL_REPRESENTATION('',(#11788),#11792);
#11788 = CIRCLE('',#11789,18.284210105951);
#11789 = AXIS2_PLACEMENT_2D('',#11790,#11791);
#11790 = CARTESIAN_POINT('',(4.432010314304E-13,5.853095785824E-13));
#11791 = DIRECTION('',(1.,0.));
#11792 = ( GEOMETRIC_REPRESENTATION_CONTEXT(2) 
PARAMETRIC_REPRESENTATION_CONTEXT() REPRESENTATION_CONTEXT('2D SPACE',''
  ) );
#11793 = PCURVE('',#6720,#11794);
#11794 = DEFINITIONAL_REPRESENTATION('',(#11795),#11799);
#11795 = LINE('',#11796,#11797);
#11796 = CARTESIAN_POINT('',(9.424777960769,2.189729749241E-13));
#11797 = VECTOR('',#11798,1.);
#11798 = DIRECTION('',(-1.,-5.339888211826E-14));
#11799 = ( GEOMETRIC_REPRESENTATION_CONTEXT(2) 
PARAMETRIC_REPRESENTATION_CONTEXT() REPRESENTATION_CONTEXT('2D SPACE',''
  ) );
#11800 = ORIENTED_EDGE('',*,*,#11801,.T.);
#11801 = EDGE_CURVE('',#11778,#11802,#11804,.T.);
#11802 = VERTEX_POINT('',#11803);
#11803 = CARTESIAN_POINT('',(-9.030369712162,6.462719564559,
    59.156878722499));
#11804 = SURFACE_CURVE('',#11805,(#11809,#11816),.PCURVE_S1.);
#11805 = LINE('',#11806,#11807);
#11806 = CARTESIAN_POINT('',(-9.873935247122,6.347011941074,
    59.090074894933));
#11807 = VECTOR('',#11808,1.);
#11808 = DIRECTION('',(0.987688340595,0.135476220752,7.821723252012E-02)
  );
#11809 = PCURVE('',#9836,#11810);
#11810 = DEFINITIONAL_REPRESENTATION('',(#11811),#11815);
#11811 = LINE('',#11812,#11813);
#11812 = CARTESIAN_POINT('',(-9.873935247122,-14.86983170532));
#11813 = VECTOR('',#11814,1.);
#11814 = DIRECTION('',(0.987688340595,0.15643446504));
#11815 = ( GEOMETRIC_REPRESENTATION_CONTEXT(2) 
PARAMETRIC_REPRESENTATION_CONTEXT() REPRESENTATION_CONTEXT('2D SPACE',''
  ) );
#11816 = PCURVE('',#6802,#11817);
#11817 = DEFINITIONAL_REPRESENTATION('',(#11818),#11822);
#11818 = LINE('',#11819,#11820);
#11819 = CARTESIAN_POINT('',(12.078524887433,-5.509096462094E-14));
#11820 = VECTOR('',#11821,1.);
#11821 = DIRECTION('',(-1.,-6.938893903907E-17));
#11822 = ( GEOMETRIC_REPRESENTATION_CONTEXT(2) 
PARAMETRIC_REPRESENTATION_CONTEXT() REPRESENTATION_CONTEXT('2D SPACE',''
  ) );
#11823 = ORIENTED_EDGE('',*,*,#11824,.T.);
#11824 = EDGE_CURVE('',#11802,#11825,#11827,.T.);
#11825 = VERTEX_POINT('',#11826);
#11826 = CARTESIAN_POINT('',(-8.570669435659,5.237456454339,
    58.449472735986));
#11827 = SURFACE_CURVE('',#11828,(#11832,#11839),.PCURVE_S1.);
#11828 = LINE('',#11829,#11830);
#11829 = CARTESIAN_POINT('',(-12.49891372298,15.707610724875,
    64.494419122537));
#11830 = VECTOR('',#11831,1.);
#11831 = DIRECTION('',(0.309016994375,-0.823639103546,-0.475528258148));
#11832 = PCURVE('',#9836,#11833);
#11833 = DEFINITIONAL_REPRESENTATION('',(#11834),#11838);
#11834 = LINE('',#11835,#11836);
#11835 = CARTESIAN_POINT('',(-12.49891372298,-4.061143250113));
#11836 = VECTOR('',#11837,1.);
#11837 = DIRECTION('',(0.309016994375,-0.951056516295));
#11838 = ( GEOMETRIC_REPRESENTATION_CONTEXT(2) 
PARAMETRIC_REPRESENTATION_CONTEXT() REPRESENTATION_CONTEXT('2D SPACE',''
  ) );
#11839 = PCURVE('',#6883,#11840);
#11840 = DEFINITIONAL_REPRESENTATION('',(#11841),#11845);
#11841 = LINE('',#11842,#11843);
#11842 = CARTESIAN_POINT('',(12.594427571508,1.414213562373));
#11843 = VECTOR('',#11844,1.);
#11844 = DIRECTION('',(-1.,-5.551115123126E-17));
#11845 = ( GEOMETRIC_REPRESENTATION_CONTEXT(2) 
PARAMETRIC_REPRESENTATION_CONTEXT() REPRESENTATION_CONTEXT('2D SPACE',''
  ) );
#11846 = ORIENTED_EDGE('',*,*,#11847,.T.);
#11847 = EDGE_CURVE('',#11825,#11848,#11850,.T.);
#11848 = VERTEX_POINT('',#11849);
#11849 = CARTESIAN_POINT('',(-8.028749522988,4.998327798972,
    58.311411742439));
#11850 = SURFACE_CURVE('',#11851,(#11856,#11863),.PCURVE_S1.);
#11851 = CIRCLE('',#11852,18.284210105952);
#11852 = AXIS2_PLACEMENT_3D('',#11853,#11854,#11855);
#11853 = CARTESIAN_POINT('',(6.963318810449E-13,19.224663947882,
    66.524990747594));
#11854 = DIRECTION('',(5.947623346206E-16,-0.5,0.866025403784));
#11855 = DIRECTION('',(1.,2.973811673103E-16,-5.150792909956E-16));
#11856 = PCURVE('',#9836,#11857);
#11857 = DEFINITIONAL_REPRESENTATION('',(#11858),#11862);
#11858 = CIRCLE('',#11859,18.284210105952);
#11859 = AXIS2_PLACEMENT_2D('',#11860,#11861);
#11860 = CARTESIAN_POINT('',(6.847855615888E-13,1.310063169058E-12));
#11861 = DIRECTION('',(1.,0.));
#11862 = ( GEOMETRIC_REPRESENTATION_CONTEXT(2) 
PARAMETRIC_REPRESENTATION_CONTEXT() REPRESENTATION_CONTEXT('2D SPACE',''
  ) );
#11863 = PCURVE('',#6965,#11864);
#11864 = DEFINITIONAL_REPRESENTATION('',(#11865),#11869);
#11865 = LINE('',#11866,#11867);
#11866 = CARTESIAN_POINT('',(9.424777960769,0.));
#11867 = VECTOR('',#11868,1.);
#11868 = DIRECTION('',(-1.,0.));
#11869 = ( GEOMETRIC_REPRESENTATION_CONTEXT(2) 
PARAMETRIC_REPRESENTATION_CONTEXT() REPRESENTATION_CONTEXT('2D SPACE',''
  ) );
#11870 = ORIENTED_EDGE('',*,*,#11871,.T.);
#11871 = EDGE_CURVE('',#11848,#11872,#11874,.T.);
#11872 = VERTEX_POINT('',#11873);
#11873 = CARTESIAN_POINT('',(-6.613937549962,5.39643991655,
    58.54126188069));
#11874 = SURFACE_CURVE('',#11875,(#11879,#11886),.PCURVE_S1.);
#11875 = LINE('',#11876,#11877);
#11876 = CARTESIAN_POINT('',(-7.426216551313,5.167873775284,
    58.409299157502));
#11877 = VECTOR('',#11878,1.);
#11878 = DIRECTION('',(0.951056516295,0.26761656733,0.154508497187));
#11879 = PCURVE('',#9836,#11880);
#11880 = DEFINITIONAL_REPRESENTATION('',(#11881),#11885);
#11881 = LINE('',#11882,#11883);
#11882 = CARTESIAN_POINT('',(-7.426216551313,-16.23138318018));
#11883 = VECTOR('',#11884,1.);
#11884 = DIRECTION('',(0.951056516295,0.309016994375));
#11885 = ( GEOMETRIC_REPRESENTATION_CONTEXT(2) 
PARAMETRIC_REPRESENTATION_CONTEXT() REPRESENTATION_CONTEXT('2D SPACE',''
  ) );
#11886 = PCURVE('',#7047,#11887);
#11887 = DEFINITIONAL_REPRESENTATION('',(#11888),#11892);
#11888 = LINE('',#11889,#11890);
#11889 = CARTESIAN_POINT('',(12.078524887433,6.356563497338E-15));
#11890 = VECTOR('',#11891,1.);
#11891 = DIRECTION('',(-1.,-1.942890293094E-16));
#11892 = ( GEOMETRIC_REPRESENTATION_CONTEXT(2) 
PARAMETRIC_REPRESENTATION_CONTEXT() REPRESENTATION_CONTEXT('2D SPACE',''
  ) );
#11893 = ORIENTED_EDGE('',*,*,#11894,.T.);
#11894 = EDGE_CURVE('',#11872,#11895,#11897,.T.);
#11895 = VERTEX_POINT('',#11896);
#11896 = CARTESIAN_POINT('',(-5.938571592559,4.248540284564,
    57.87852171916));
#11897 = SURFACE_CURVE('',#11898,(#11902,#11909),.PCURVE_S1.);
#11898 = LINE('',#11899,#11900);
#11899 = CARTESIAN_POINT('',(-11.70972858251,14.057605891567,
    63.541788387862));
#11900 = VECTOR('',#11901,1.);
#11901 = DIRECTION('',(0.45399049974,-0.771634284885,-0.445503262094));
#11902 = PCURVE('',#9836,#11903);
#11903 = DEFINITIONAL_REPRESENTATION('',(#11904),#11908);
#11904 = LINE('',#11905,#11906);
#11905 = CARTESIAN_POINT('',(-11.70972858251,-5.966404719463));
#11906 = VECTOR('',#11907,1.);
#11907 = DIRECTION('',(0.45399049974,-0.891006524188));
#11908 = ( GEOMETRIC_REPRESENTATION_CONTEXT(2) 
PARAMETRIC_REPRESENTATION_CONTEXT() REPRESENTATION_CONTEXT('2D SPACE',''
  ) );
#11909 = PCURVE('',#7128,#11910);
#11910 = DEFINITIONAL_REPRESENTATION('',(#11911),#11915);
#11911 = LINE('',#11912,#11913);
#11912 = CARTESIAN_POINT('',(12.594427571508,1.414213562373));
#11913 = VECTOR('',#11914,1.);
#11914 = DIRECTION('',(-1.,-1.665334536938E-16));
#11915 = ( GEOMETRIC_REPRESENTATION_CONTEXT(2) 
PARAMETRIC_REPRESENTATION_CONTEXT() REPRESENTATION_CONTEXT('2D SPACE',''
  ) );
#11916 = ORIENTED_EDGE('',*,*,#11917,.T.);
#11917 = EDGE_CURVE('',#11895,#11918,#11920,.T.);
#11918 = VERTEX_POINT('',#11919);
#11919 = CARTESIAN_POINT('',(-5.36012861794,4.085772961476,
    57.78454796136));
#11920 = SURFACE_CURVE('',#11921,(#11926,#11933),.PCURVE_S1.);
#11921 = CIRCLE('',#11922,18.284210105952);
#11922 = AXIS2_PLACEMENT_3D('',#11923,#11924,#11925);
#11923 = CARTESIAN_POINT('',(5.071498776488E-13,19.224663947882,
    66.524990747594));
#11924 = DIRECTION('',(5.947623346206E-16,-0.5,0.866025403784));
#11925 = DIRECTION('',(1.,2.973811673103E-16,-5.150792909956E-16));
#11926 = PCURVE('',#9836,#11927);
#11927 = DEFINITIONAL_REPRESENTATION('',(#11928),#11932);
#11928 = CIRCLE('',#11929,18.284210105952);
#11929 = AXIS2_PLACEMENT_2D('',#11930,#11931);
#11930 = CARTESIAN_POINT('',(4.956035581927E-13,1.833200258261E-12));
#11931 = DIRECTION('',(1.,0.));
#11932 = ( GEOMETRIC_REPRESENTATION_CONTEXT(2) 
PARAMETRIC_REPRESENTATION_CONTEXT() REPRESENTATION_CONTEXT('2D SPACE',''
  ) );
#11933 = PCURVE('',#7210,#11934);
#11934 = DEFINITIONAL_REPRESENTATION('',(#11935),#11939);
#11935 = LINE('',#11936,#11937);
#11936 = CARTESIAN_POINT('',(9.424777960769,0.));
#11937 = VECTOR('',#11938,1.);
#11938 = DIRECTION('',(-1.,0.));
#11939 = ( GEOMETRIC_REPRESENTATION_CONTEXT(2) 
PARAMETRIC_REPRESENTATION_CONTEXT() REPRESENTATION_CONTEXT('2D SPACE',''
  ) );
#11940 = ORIENTED_EDGE('',*,*,#11941,.T.);
#11941 = EDGE_CURVE('',#11918,#11942,#11944,.T.);
#11942 = VERTEX_POINT('',#11943);
#11943 = CARTESIAN_POINT('',(-4.034648294881,4.670657037438,
    58.122230940061));
#11944 = SURFACE_CURVE('',#11945,(#11949,#11956),.PCURVE_S1.);
#11945 = LINE('',#11946,#11947);
#11946 = CARTESIAN_POINT('',(-4.795639757812,4.334860435355,
    57.928358681456));
#11947 = VECTOR('',#11948,1.);
#11948 = DIRECTION('',(0.891006524188,0.393167305851,0.22699524987));
#11949 = PCURVE('',#9836,#11950);
#11950 = DEFINITIONAL_REPRESENTATION('',(#11951),#11955);
#11951 = LINE('',#11952,#11953);
#11952 = CARTESIAN_POINT('',(-4.795639757812,-17.19326413227));
#11953 = VECTOR('',#11954,1.);
#11954 = DIRECTION('',(0.891006524188,0.45399049974));
#11955 = ( GEOMETRIC_REPRESENTATION_CONTEXT(2) 
PARAMETRIC_REPRESENTATION_CONTEXT() REPRESENTATION_CONTEXT('2D SPACE',''
  ) );
#11956 = PCURVE('',#7292,#11957);
#11957 = DEFINITIONAL_REPRESENTATION('',(#11958),#11962);
#11958 = LINE('',#11959,#11960);
#11959 = CARTESIAN_POINT('',(12.078524887433,3.660467789821E-14));
#11960 = VECTOR('',#11961,1.);
#11961 = DIRECTION('',(-1.,-1.665334536938E-16));
#11962 = ( GEOMETRIC_REPRESENTATION_CONTEXT(2) 
PARAMETRIC_REPRESENTATION_CONTEXT() REPRESENTATION_CONTEXT('2D SPACE',''
  ) );
#11963 = ORIENTED_EDGE('',*,*,#11964,.T.);
#11964 = EDGE_CURVE('',#11942,#11965,#11967,.T.);
#11965 = VERTEX_POINT('',#11966);
#11966 = CARTESIAN_POINT('',(-3.16024640786,3.628385982286,
    57.520475465801));
#11967 = SURFACE_CURVE('',#11968,(#11972,#11979),.PCURVE_S1.);
#11968 = LINE('',#11969,#11970);
#11969 = CARTESIAN_POINT('',(-10.63221106197,12.534831176088,
    62.662613995965));
#11970 = VECTOR('',#11971,1.);
#11971 = DIRECTION('',(0.587785252292,-0.700629269222,-0.404508497187));
#11972 = PCURVE('',#9836,#11973);
#11973 = DEFINITIONAL_REPRESENTATION('',(#11974),#11978);
#11974 = LINE('',#11975,#11976);
#11975 = CARTESIAN_POINT('',(-10.63221106197,-7.724753503257));
#11976 = VECTOR('',#11977,1.);
#11977 = DIRECTION('',(0.587785252292,-0.809016994375));
#11978 = ( GEOMETRIC_REPRESENTATION_CONTEXT(2) 
PARAMETRIC_REPRESENTATION_CONTEXT() REPRESENTATION_CONTEXT('2D SPACE',''
  ) );
#11979 = PCURVE('',#7373,#11980);
#11980 = DEFINITIONAL_REPRESENTATION('',(#11981),#11985);
#11981 = LINE('',#11982,#11983);
#11982 = CARTESIAN_POINT('',(12.594427571508,1.414213562373));
#11983 = VECTOR('',#11984,1.);
#11984 = DIRECTION('',(-1.,4.718447854657E-16));
#11985 = ( GEOMETRIC_REPRESENTATION_CONTEXT(2) 
PARAMETRIC_REPRESENTATION_CONTEXT() REPRESENTATION_CONTEXT('2D SPACE',''
  ) );
#11986 = ORIENTED_EDGE('',*,*,#11987,.T.);
#11987 = EDGE_CURVE('',#11965,#11988,#11990,.T.);
#11988 = VERTEX_POINT('',#11989);
#11989 = CARTESIAN_POINT('',(-2.559523557072,3.545987863163,
    57.472902889545));
#11990 = SURFACE_CURVE('',#11991,(#11996,#12003),.PCURVE_S1.);
#11991 = CIRCLE('',#11992,18.284210105953);
#11992 = AXIS2_PLACEMENT_3D('',#11993,#11994,#11995);
#11993 = CARTESIAN_POINT('',(5.151434834261E-13,19.224663947883,
    66.524990747595));
#11994 = DIRECTION('',(5.947623346206E-16,-0.5,0.866025403784));
#11995 = DIRECTION('',(1.,2.973811673103E-16,-5.150792909956E-16));
#11996 = PCURVE('',#9836,#11997);
#11997 = DEFINITIONAL_REPRESENTATION('',(#11998),#12002);
#11998 = CIRCLE('',#11999,18.284210105953);
#11999 = AXIS2_PLACEMENT_2D('',#12000,#12001);
#12000 = CARTESIAN_POINT('',(5.0359716397E-13,2.895461648222E-12));
#12001 = DIRECTION('',(1.,0.));
#12002 = ( GEOMETRIC_REPRESENTATION_CONTEXT(2) 
PARAMETRIC_REPRESENTATION_CONTEXT() REPRESENTATION_CONTEXT('2D SPACE',''
  ) );
#12003 = PCURVE('',#7455,#12004);
#12004 = DEFINITIONAL_REPRESENTATION('',(#12005),#12009);
#12005 = LINE('',#12006,#12007);
#12006 = CARTESIAN_POINT('',(9.424777960769,0.));
#12007 = VECTOR('',#12008,1.);
#12008 = DIRECTION('',(-1.,0.));
#12009 = ( GEOMETRIC_REPRESENTATION_CONTEXT(2) 
PARAMETRIC_REPRESENTATION_CONTEXT() REPRESENTATION_CONTEXT('2D SPACE',''
  ) );
#12010 = ORIENTED_EDGE('',*,*,#12011,.T.);
#12011 = EDGE_CURVE('',#11988,#12012,#12014,.T.);
#12012 = VERTEX_POINT('',#12013);
#12013 = CARTESIAN_POINT('',(-1.35601260855,4.30324211044,
    57.910103833055));
#12014 = SURFACE_CURVE('',#12015,(#12019,#12026),.PCURVE_S1.);
#12015 = LINE('',#12016,#12017);
#12016 = CARTESIAN_POINT('',(-2.046978397658,3.868483474328,
    57.659095817463));
#12017 = VECTOR('',#12018,1.);
#12018 = DIRECTION('',(0.809016994375,0.509036960455,0.293892626146));
#12019 = PCURVE('',#9836,#12020);
#12020 = DEFINITIONAL_REPRESENTATION('',(#12021),#12025);
#12021 = LINE('',#12022,#12023);
#12022 = CARTESIAN_POINT('',(-2.046978397658,-17.73178986026));
#12023 = VECTOR('',#12024,1.);
#12024 = DIRECTION('',(0.809016994375,0.587785252292));
#12025 = ( GEOMETRIC_REPRESENTATION_CONTEXT(2) 
PARAMETRIC_REPRESENTATION_CONTEXT() REPRESENTATION_CONTEXT('2D SPACE',''
  ) );
#12026 = PCURVE('',#7537,#12027);
#12027 = DEFINITIONAL_REPRESENTATION('',(#12028),#12032);
#12028 = LINE('',#12029,#12030);
#12029 = CARTESIAN_POINT('',(12.078524887433,3.032430806347E-15));
#12030 = VECTOR('',#12031,1.);
#12031 = DIRECTION('',(-1.,-3.053113317719E-16));
#12032 = ( GEOMETRIC_REPRESENTATION_CONTEXT(2) 
PARAMETRIC_REPRESENTATION_CONTEXT() REPRESENTATION_CONTEXT('2D SPACE',''
  ) );
#12033 = ORIENTED_EDGE('',*,*,#12034,.T.);
#12034 = EDGE_CURVE('',#12012,#12035,#12037,.T.);
#12035 = VERTEX_POINT('',#12036);
#12036 = CARTESIAN_POINT('',(-0.304105468344,3.392263804599,
    57.384150262952));
#12037 = SURFACE_CURVE('',#12038,(#12042,#12049),.PCURVE_S1.);
#12038 = LINE('',#12039,#12040);
#12039 = CARTESIAN_POINT('',(-9.292893218813,11.176782345732,
    61.878544138186));
#12040 = VECTOR('',#12041,1.);
#12041 = DIRECTION('',(0.707106781187,-0.612372435696,-0.353553390593));
#12042 = PCURVE('',#9836,#12043);
#12043 = DEFINITIONAL_REPRESENTATION('',(#12044),#12048);
#12044 = LINE('',#12045,#12046);
#12045 = CARTESIAN_POINT('',(-9.292893218813,-9.292893218813));
#12046 = VECTOR('',#12047,1.);
#12047 = DIRECTION('',(0.707106781187,-0.707106781187));
#12048 = ( GEOMETRIC_REPRESENTATION_CONTEXT(2) 
PARAMETRIC_REPRESENTATION_CONTEXT() REPRESENTATION_CONTEXT('2D SPACE',''
  ) );
#12049 = PCURVE('',#7618,#12050);
#12050 = DEFINITIONAL_REPRESENTATION('',(#12051),#12055);
#12051 = LINE('',#12052,#12053);
#12052 = CARTESIAN_POINT('',(12.594427571508,1.414213562373));
#12053 = VECTOR('',#12054,1.);
#12054 = DIRECTION('',(-1.,-2.22044604925E-16));
#12055 = ( GEOMETRIC_REPRESENTATION_CONTEXT(2) 
PARAMETRIC_REPRESENTATION_CONTEXT() REPRESENTATION_CONTEXT('2D SPACE',''
  ) );
#12056 = ORIENTED_EDGE('',*,*,#12057,.T.);
#12057 = EDGE_CURVE('',#12035,#12058,#12060,.T.);
#12058 = VERTEX_POINT('',#12059);
#12059 = CARTESIAN_POINT('',(0.304105468344,3.392263804599,
    57.384150262952));
#12060 = SURFACE_CURVE('',#12061,(#12066,#12073),.PCURVE_S1.);
#12061 = CIRCLE('',#12062,18.284210105954);
#12062 = AXIS2_PLACEMENT_3D('',#12063,#12064,#12065);
#12063 = CARTESIAN_POINT('',(7.993605777301E-15,19.224663947884,
    66.524990747595));
#12064 = DIRECTION('',(5.947623346206E-16,-0.5,0.866025403784));
#12065 = DIRECTION('',(1.,2.973811673103E-16,-5.150792909956E-16));
#12066 = PCURVE('',#9836,#12067);
#12067 = DEFINITIONAL_REPRESENTATION('',(#12068),#12072);
#12068 = CIRCLE('',#12069,18.284210105954);
#12069 = AXIS2_PLACEMENT_2D('',#12070,#12071);
#12070 = CARTESIAN_POINT('',(-3.552713678801E-15,3.303135542865E-12));
#12071 = DIRECTION('',(1.,0.));
#12072 = ( GEOMETRIC_REPRESENTATION_CONTEXT(2) 
PARAMETRIC_REPRESENTATION_CONTEXT() REPRESENTATION_CONTEXT('2D SPACE',''
  ) );
#12073 = PCURVE('',#7700,#12074);
#12074 = DEFINITIONAL_REPRESENTATION('',(#12075),#12079);
#12075 = LINE('',#12076,#12077);
#12076 = CARTESIAN_POINT('',(9.424777960769,2.525244820787E-13));
#12077 = VECTOR('',#12078,1.);
#12078 = DIRECTION('',(-1.,-5.339888211826E-14));
#12079 = ( GEOMETRIC_REPRESENTATION_CONTEXT(2) 
PARAMETRIC_REPRESENTATION_CONTEXT() REPRESENTATION_CONTEXT('2D SPACE',''
  ) );
#12080 = ORIENTED_EDGE('',*,*,#12081,.T.);
#12081 = EDGE_CURVE('',#12058,#12082,#12084,.T.);
#12082 = VERTEX_POINT('',#12083);
#12083 = CARTESIAN_POINT('',(1.35601260855,4.30324211044,57.910103833055
    ));
#12084 = SURFACE_CURVE('',#12085,(#12089,#12096),.PCURVE_S1.);
#12085 = LINE('',#12086,#12087);
#12086 = CARTESIAN_POINT('',(0.752086364179,3.780226640802,
    57.608140710869));
#12087 = VECTOR('',#12088,1.);
#12088 = DIRECTION('',(0.707106781187,0.612372435696,0.353553390593));
#12089 = PCURVE('',#9836,#12090);
#12090 = DEFINITIONAL_REPRESENTATION('',(#12091),#12095);
#12091 = LINE('',#12092,#12093);
#12092 = CARTESIAN_POINT('',(0.752086364179,-17.83370007344));
#12093 = VECTOR('',#12094,1.);
#12094 = DIRECTION('',(0.707106781187,0.707106781187));
#12095 = ( GEOMETRIC_REPRESENTATION_CONTEXT(2) 
PARAMETRIC_REPRESENTATION_CONTEXT() REPRESENTATION_CONTEXT('2D SPACE',''
  ) );
#12096 = PCURVE('',#7782,#12097);
#12097 = DEFINITIONAL_REPRESENTATION('',(#12098),#12102);
#12098 = LINE('',#12099,#12100);
#12099 = CARTESIAN_POINT('',(12.078524887433,-8.361501324548E-15));
#12100 = VECTOR('',#12101,1.);
#12101 = DIRECTION('',(-1.,-1.665334536938E-16));
#12102 = ( GEOMETRIC_REPRESENTATION_CONTEXT(2) 
PARAMETRIC_REPRESENTATION_CONTEXT() REPRESENTATION_CONTEXT('2D SPACE',''
  ) );
#12103 = ORIENTED_EDGE('',*,*,#12104,.T.);
#12104 = EDGE_CURVE('',#12082,#12105,#12107,.T.);
#12105 = VERTEX_POINT('',#12106);
#12106 = CARTESIAN_POINT('',(2.559523557072,3.545987863163,
    57.472902889545));
#12107 = SURFACE_CURVE('',#12108,(#12112,#12119),.PCURVE_S1.);
#12108 = LINE('',#12109,#12110);
#12109 = CARTESIAN_POINT('',(-7.724753503257,10.016899069809,
    61.208885216604));
#12110 = VECTOR('',#12111,1.);
#12111 = DIRECTION('',(0.809016994375,-0.509036960455,-0.293892626146));
#12112 = PCURVE('',#9836,#12113);
#12113 = DEFINITIONAL_REPRESENTATION('',(#12114),#12118);
#12114 = LINE('',#12115,#12116);
#12115 = CARTESIAN_POINT('',(-7.724753503257,-10.63221106197));
#12116 = VECTOR('',#12117,1.);
#12117 = DIRECTION('',(0.809016994375,-0.587785252292));
#12118 = ( GEOMETRIC_REPRESENTATION_CONTEXT(2) 
PARAMETRIC_REPRESENTATION_CONTEXT() REPRESENTATION_CONTEXT('2D SPACE',''
  ) );
#12119 = PCURVE('',#7863,#12120);
#12120 = DEFINITIONAL_REPRESENTATION('',(#12121),#12125);
#12121 = LINE('',#12122,#12123);
#12122 = CARTESIAN_POINT('',(12.594427571508,1.414213562373));
#12123 = VECTOR('',#12124,1.);
#12124 = DIRECTION('',(-1.,-3.608224830032E-16));
#12125 = ( GEOMETRIC_REPRESENTATION_CONTEXT(2) 
PARAMETRIC_REPRESENTATION_CONTEXT() REPRESENTATION_CONTEXT('2D SPACE',''
  ) );
#12126 = ORIENTED_EDGE('',*,*,#12127,.T.);
#12127 = EDGE_CURVE('',#12105,#12128,#12130,.T.);
#12128 = VERTEX_POINT('',#12129);
#12129 = CARTESIAN_POINT('',(3.16024640786,3.628385982286,
    57.520475465801));
#12130 = SURFACE_CURVE('',#12131,(#12136,#12143),.PCURVE_S1.);
#12131 = CIRCLE('',#12132,18.284210105952);
#12132 = AXIS2_PLACEMENT_3D('',#12133,#12134,#12135);
#12133 = CARTESIAN_POINT('',(-3.552713678801E-13,19.224663947882,
    66.524990747594));
#12134 = DIRECTION('',(5.947623346206E-16,-0.5,0.866025403784));
#12135 = DIRECTION('',(1.,2.973811673103E-16,-5.150792909956E-16));
#12136 = PCURVE('',#9836,#12137);
#12137 = DEFINITIONAL_REPRESENTATION('',(#12138),#12142);
#12138 = CIRCLE('',#12139,18.284210105952);
#12139 = AXIS2_PLACEMENT_2D('',#12140,#12141);
#12140 = CARTESIAN_POINT('',(-3.668176873362E-13,2.005506871683E-12));
#12141 = DIRECTION('',(1.,0.));
#12142 = ( GEOMETRIC_REPRESENTATION_CONTEXT(2) 
PARAMETRIC_REPRESENTATION_CONTEXT() REPRESENTATION_CONTEXT('2D SPACE',''
  ) );
#12143 = PCURVE('',#7945,#12144);
#12144 = DEFINITIONAL_REPRESENTATION('',(#12145),#12149);
#12145 = LINE('',#12146,#12147);
#12146 = CARTESIAN_POINT('',(9.424777960769,2.591360020279E-13));
#12147 = VECTOR('',#12148,1.);
#12148 = DIRECTION('',(-1.,-5.339888211826E-14));
#12149 = ( GEOMETRIC_REPRESENTATION_CONTEXT(2) 
PARAMETRIC_REPRESENTATION_CONTEXT() REPRESENTATION_CONTEXT('2D SPACE',''
  ) );
#12150 = ORIENTED_EDGE('',*,*,#12151,.T.);
#12151 = EDGE_CURVE('',#12128,#12152,#12154,.T.);
#12152 = VERTEX_POINT('',#12153);
#12153 = CARTESIAN_POINT('',(4.034648294881,4.670657037438,
    58.122230940061));
#12154 = SURFACE_CURVE('',#12155,(#12159,#12166),.PCURVE_S1.);
#12155 = LINE('',#12156,#12157);
#12156 = CARTESIAN_POINT('',(3.532632263698,4.072263110925,
    57.776748045508));
#12157 = VECTOR('',#12158,1.);
#12158 = DIRECTION('',(0.587785252292,0.700629269222,0.404508497187));
#12159 = PCURVE('',#9836,#12160);
#12160 = DEFINITIONAL_REPRESENTATION('',(#12161),#12165);
#12161 = LINE('',#12162,#12163);
#12162 = CARTESIAN_POINT('',(3.532632263698,-17.49648540417));
#12163 = VECTOR('',#12164,1.);
#12164 = DIRECTION('',(0.587785252292,0.809016994375));
#12165 = ( GEOMETRIC_REPRESENTATION_CONTEXT(2) 
PARAMETRIC_REPRESENTATION_CONTEXT() REPRESENTATION_CONTEXT('2D SPACE',''
  ) );
#12166 = PCURVE('',#8027,#12167);
#12167 = DEFINITIONAL_REPRESENTATION('',(#12168),#12172);
#12168 = LINE('',#12169,#12170);
#12169 = CARTESIAN_POINT('',(12.078524887433,1.981855435228E-14));
#12170 = VECTOR('',#12171,1.);
#12171 = DIRECTION('',(-1.,-8.326672684689E-17));
#12172 = ( GEOMETRIC_REPRESENTATION_CONTEXT(2) 
PARAMETRIC_REPRESENTATION_CONTEXT() REPRESENTATION_CONTEXT('2D SPACE',''
  ) );
#12173 = ORIENTED_EDGE('',*,*,#12174,.T.);
#12174 = EDGE_CURVE('',#12152,#12175,#12177,.T.);
#12175 = VERTEX_POINT('',#12176);
#12176 = CARTESIAN_POINT('',(5.360128617941,4.085772961476,
    57.78454796136));
#12177 = SURFACE_CURVE('',#12178,(#12182,#12189),.PCURVE_S1.);
#12178 = LINE('',#12179,#12180);
#12179 = CARTESIAN_POINT('',(-5.966404719462,9.083741524004,
    60.670126456337));
#12180 = VECTOR('',#12181,1.);
#12181 = DIRECTION('',(0.891006524188,-0.393167305851,-0.22699524987));
#12182 = PCURVE('',#9836,#12183);
#12183 = DEFINITIONAL_REPRESENTATION('',(#12184),#12188);
#12184 = LINE('',#12185,#12186);
#12185 = CARTESIAN_POINT('',(-5.966404719463,-11.70972858251));
#12186 = VECTOR('',#12187,1.);
#12187 = DIRECTION('',(0.891006524188,-0.45399049974));
#12188 = ( GEOMETRIC_REPRESENTATION_CONTEXT(2) 
PARAMETRIC_REPRESENTATION_CONTEXT() REPRESENTATION_CONTEXT('2D SPACE',''
  ) );
#12189 = PCURVE('',#8108,#12190);
#12190 = DEFINITIONAL_REPRESENTATION('',(#12191),#12195);
#12191 = LINE('',#12192,#12193);
#12192 = CARTESIAN_POINT('',(12.594427571508,1.414213562373));
#12193 = VECTOR('',#12194,1.);
#12194 = DIRECTION('',(-1.,-1.665334536938E-16));
#12195 = ( GEOMETRIC_REPRESENTATION_CONTEXT(2) 
PARAMETRIC_REPRESENTATION_CONTEXT() REPRESENTATION_CONTEXT('2D SPACE',''
  ) );
#12196 = ORIENTED_EDGE('',*,*,#12197,.T.);
#12197 = EDGE_CURVE('',#12175,#12198,#12200,.T.);
#12198 = VERTEX_POINT('',#12199);
#12199 = CARTESIAN_POINT('',(5.938571592559,4.248540284564,
    57.87852171916));
#12200 = SURFACE_CURVE('',#12201,(#12206,#12213),.PCURVE_S1.);
#12201 = CIRCLE('',#12202,18.284210105952);
#12202 = AXIS2_PLACEMENT_3D('',#12203,#12204,#12205);
#12203 = CARTESIAN_POINT('',(-4.94715379773E-13,19.224663947882,
    66.524990747594));
#12204 = DIRECTION('',(5.947623346206E-16,-0.5,0.866025403784));
#12205 = DIRECTION('',(1.,2.973811673103E-16,-5.150792909956E-16));
#12206 = PCURVE('',#9836,#12207);
#12207 = DEFINITIONAL_REPRESENTATION('',(#12208),#12212);
#12208 = CIRCLE('',#12209,18.284210105952);
#12209 = AXIS2_PLACEMENT_2D('',#12210,#12211);
#12210 = CARTESIAN_POINT('',(-5.062616992291E-13,1.847411112976E-12));
#12211 = DIRECTION('',(1.,0.));
#12212 = ( GEOMETRIC_REPRESENTATION_CONTEXT(2) 
PARAMETRIC_REPRESENTATION_CONTEXT() REPRESENTATION_CONTEXT('2D SPACE',''
  ) );
#12213 = PCURVE('',#8190,#12214);
#12214 = DEFINITIONAL_REPRESENTATION('',(#12215),#12219);
#12215 = LINE('',#12216,#12217);
#12216 = CARTESIAN_POINT('',(9.424777960769,0.));
#12217 = VECTOR('',#12218,1.);
#12218 = DIRECTION('',(-1.,0.));
#12219 = ( GEOMETRIC_REPRESENTATION_CONTEXT(2) 
PARAMETRIC_REPRESENTATION_CONTEXT() REPRESENTATION_CONTEXT('2D SPACE',''
  ) );
#12220 = ORIENTED_EDGE('',*,*,#12221,.T.);
#12221 = EDGE_CURVE('',#12198,#12222,#12224,.T.);
#12222 = VERTEX_POINT('',#12223);
#12223 = CARTESIAN_POINT('',(6.613937549962,5.39643991655,58.54126188069
    ));
#12224 = SURFACE_CURVE('',#12225,(#12229,#12236),.PCURVE_S1.);
#12225 = LINE('',#12226,#12227);
#12226 = CARTESIAN_POINT('',(6.22619303275,4.737401977589,
    58.160766149225));
#12227 = VECTOR('',#12228,1.);
#12228 = DIRECTION('',(0.45399049974,0.771634284885,0.445503262094));
#12229 = PCURVE('',#9836,#12230);
#12230 = DEFINITIONAL_REPRESENTATION('',(#12231),#12235);
#12231 = LINE('',#12232,#12233);
#12232 = CARTESIAN_POINT('',(6.22619303275,-16.72844919673));
#12233 = VECTOR('',#12234,1.);
#12234 = DIRECTION('',(0.45399049974,0.891006524188));
#12235 = ( GEOMETRIC_REPRESENTATION_CONTEXT(2) 
PARAMETRIC_REPRESENTATION_CONTEXT() REPRESENTATION_CONTEXT('2D SPACE',''
  ) );
#12236 = PCURVE('',#8272,#12237);
#12237 = DEFINITIONAL_REPRESENTATION('',(#12238),#12242);
#12238 = LINE('',#12239,#12240);
#12239 = CARTESIAN_POINT('',(12.078524887433,3.720115443326E-14));
#12240 = VECTOR('',#12241,1.);
#12241 = DIRECTION('',(-1.,-1.110223024625E-16));
#12242 = ( GEOMETRIC_REPRESENTATION_CONTEXT(2) 
PARAMETRIC_REPRESENTATION_CONTEXT() REPRESENTATION_CONTEXT('2D SPACE',''
  ) );
#12243 = ORIENTED_EDGE('',*,*,#12244,.T.);
#12244 = EDGE_CURVE('',#12222,#12245,#12247,.T.);
#12245 = VERTEX_POINT('',#12246);
#12246 = CARTESIAN_POINT('',(8.028749522988,4.998327798972,
    58.311411742439));
#12247 = SURFACE_CURVE('',#12248,(#12252,#12259),.PCURVE_S1.);
#12248 = LINE('',#12249,#12250);
#12249 = CARTESIAN_POINT('',(-4.061143250113,8.400287144067,
    60.275533886101));
#12250 = VECTOR('',#12251,1.);
#12251 = DIRECTION('',(0.951056516295,-0.26761656733,-0.154508497187));
#12252 = PCURVE('',#9836,#12253);
#12253 = DEFINITIONAL_REPRESENTATION('',(#12254),#12258);
#12254 = LINE('',#12255,#12256);
#12255 = CARTESIAN_POINT('',(-4.061143250113,-12.49891372298));
#12256 = VECTOR('',#12257,1.);
#12257 = DIRECTION('',(0.951056516295,-0.309016994375));
#12258 = ( GEOMETRIC_REPRESENTATION_CONTEXT(2) 
PARAMETRIC_REPRESENTATION_CONTEXT() REPRESENTATION_CONTEXT('2D SPACE',''
  ) );
#12259 = PCURVE('',#8353,#12260);
#12260 = DEFINITIONAL_REPRESENTATION('',(#12261),#12265);
#12261 = LINE('',#12262,#12263);
#12262 = CARTESIAN_POINT('',(12.594427571508,1.414213562373));
#12263 = VECTOR('',#12264,1.);
#12264 = DIRECTION('',(-1.,-6.938893903907E-17));
#12265 = ( GEOMETRIC_REPRESENTATION_CONTEXT(2) 
PARAMETRIC_REPRESENTATION_CONTEXT() REPRESENTATION_CONTEXT('2D SPACE',''
  ) );
#12266 = ORIENTED_EDGE('',*,*,#12267,.T.);
#12267 = EDGE_CURVE('',#12245,#12268,#12270,.T.);
#12268 = VERTEX_POINT('',#12269);
#12269 = CARTESIAN_POINT('',(8.570669435659,5.237456454339,
    58.449472735986));
#12270 = SURFACE_CURVE('',#12271,(#12276,#12283),.PCURVE_S1.);
#12271 = CIRCLE('',#12272,18.284210105951);
#12272 = AXIS2_PLACEMENT_3D('',#12273,#12274,#12275);
#12273 = CARTESIAN_POINT('',(-5.346834086595E-13,19.224663947881,
    66.524990747594));
#12274 = DIRECTION('',(5.947623346206E-16,-0.5,0.866025403784));
#12275 = DIRECTION('',(1.,2.973811673103E-16,-5.150792909956E-16));
#12276 = PCURVE('',#9836,#12277);
#12277 = DEFINITIONAL_REPRESENTATION('',(#12278),#12282);
#12278 = CIRCLE('',#12279,18.284210105951);
#12279 = AXIS2_PLACEMENT_2D('',#12280,#12281);
#12280 = CARTESIAN_POINT('',(-5.462297281156E-13,8.357758929378E-13));
#12281 = DIRECTION('',(1.,0.));
#12282 = ( GEOMETRIC_REPRESENTATION_CONTEXT(2) 
PARAMETRIC_REPRESENTATION_CONTEXT() REPRESENTATION_CONTEXT('2D SPACE',''
  ) );
#12283 = PCURVE('',#8435,#12284);
#12284 = DEFINITIONAL_REPRESENTATION('',(#12285),#12289);
#12285 = LINE('',#12286,#12287);
#12286 = CARTESIAN_POINT('',(9.424777960769,-2.776881124445E-13));
#12287 = VECTOR('',#12288,1.);
#12288 = DIRECTION('',(-1.,5.339888211825E-14));
#12289 = ( GEOMETRIC_REPRESENTATION_CONTEXT(2) 
PARAMETRIC_REPRESENTATION_CONTEXT() REPRESENTATION_CONTEXT('2D SPACE',''
  ) );
#12290 = ORIENTED_EDGE('',*,*,#12291,.T.);
#12291 = EDGE_CURVE('',#12268,#12292,#12294,.T.);
#12292 = VERTEX_POINT('',#12293);
#12293 = CARTESIAN_POINT('',(9.030369712162,6.462719564559,
    59.156878722499));
#12294 = SURFACE_CURVE('',#12295,(#12299,#12306),.PCURVE_S1.);
#12295 = LINE('',#12296,#12297);
#12296 = CARTESIAN_POINT('',(8.766444265786,5.759265314427,
    58.750739221823));
#12297 = VECTOR('',#12298,1.);
#12298 = DIRECTION('',(0.309016994375,0.823639103546,0.475528258148));
#12299 = PCURVE('',#9836,#12300);
#12300 = DEFINITIONAL_REPRESENTATION('',(#12301),#12305);
#12301 = LINE('',#12302,#12303);
#12302 = CARTESIAN_POINT('',(8.766444265786,-15.54850305154));
#12303 = VECTOR('',#12304,1.);
#12304 = DIRECTION('',(0.309016994375,0.951056516295));
#12305 = ( GEOMETRIC_REPRESENTATION_CONTEXT(2) 
PARAMETRIC_REPRESENTATION_CONTEXT() REPRESENTATION_CONTEXT('2D SPACE',''
  ) );
#12306 = PCURVE('',#8517,#12307);
#12307 = DEFINITIONAL_REPRESENTATION('',(#12308),#12312);
#12308 = LINE('',#12309,#12310);
#12309 = CARTESIAN_POINT('',(12.078524887433,-1.848628672273E-14));
#12310 = VECTOR('',#12311,1.);
#12311 = DIRECTION('',(-1.,-9.71445146547E-17));
#12312 = ( GEOMETRIC_REPRESENTATION_CONTEXT(2) 
PARAMETRIC_REPRESENTATION_CONTEXT() REPRESENTATION_CONTEXT('2D SPACE',''
  ) );
#12313 = ORIENTED_EDGE('',*,*,#12314,.T.);
#12314 = EDGE_CURVE('',#12292,#12315,#12317,.T.);
#12315 = VERTEX_POINT('',#12316);
#12316 = CARTESIAN_POINT('',(10.499675968888,6.261182246958,
    59.040521097931));
#12317 = SURFACE_CURVE('',#12318,(#12322,#12329),.PCURVE_S1.);
#12318 = LINE('',#12319,#12320);
#12319 = CARTESIAN_POINT('',(-2.055882955785,7.983364845086,
    60.034823684554));
#12320 = VECTOR('',#12321,1.);
#12321 = DIRECTION('',(0.987688340595,-0.135476220752,
    -7.821723252012E-02));
#12322 = PCURVE('',#9836,#12323);
#12323 = DEFINITIONAL_REPRESENTATION('',(#12324),#12328);
#12324 = LINE('',#12325,#12326);
#12325 = CARTESIAN_POINT('',(-2.055882955785,-12.98033412607));
#12326 = VECTOR('',#12327,1.);
#12327 = DIRECTION('',(0.987688340595,-0.15643446504));
#12328 = ( GEOMETRIC_REPRESENTATION_CONTEXT(2) 
PARAMETRIC_REPRESENTATION_CONTEXT() REPRESENTATION_CONTEXT('2D SPACE',''
  ) );
#12329 = PCURVE('',#8598,#12330);
#12330 = DEFINITIONAL_REPRESENTATION('',(#12331),#12335);
#12331 = LINE('',#12332,#12333);
#12332 = CARTESIAN_POINT('',(12.594427571508,1.414213562373));
#12333 = VECTOR('',#12334,1.);
#12334 = DIRECTION('',(-1.,1.040834085586E-16));
#12335 = ( GEOMETRIC_REPRESENTATION_CONTEXT(2) 
PARAMETRIC_REPRESENTATION_CONTEXT() REPRESENTATION_CONTEXT('2D SPACE',''
  ) );
#12336 = ORIENTED_EDGE('',*,*,#12337,.T.);
#12337 = EDGE_CURVE('',#12315,#12338,#12340,.T.);
#12338 = VERTEX_POINT('',#12339);
#12339 = CARTESIAN_POINT('',(10.991728952833,6.570784093485,
    59.219269807364));
#12340 = SURFACE_CURVE('',#12341,(#12346,#12353),.PCURVE_S1.);
#12341 = CIRCLE('',#12342,18.284210105951);
#12342 = AXIS2_PLACEMENT_3D('',#12343,#12344,#12345);
#12343 = CARTESIAN_POINT('',(-4.511946372077E-13,19.224663947881,
    66.524990747593));
#12344 = DIRECTION('',(5.947623346206E-16,-0.5,0.866025403784));
#12345 = DIRECTION('',(1.,2.973811673103E-16,-5.150792909956E-16));
#12346 = PCURVE('',#9836,#12347);
#12347 = DEFINITIONAL_REPRESENTATION('',(#12348),#12352);
#12348 = CIRCLE('',#12349,18.284210105951);
#12349 = AXIS2_PLACEMENT_2D('',#12350,#12351);
#12350 = CARTESIAN_POINT('',(-4.627409566638E-13,5.737632591263E-13));
#12351 = DIRECTION('',(1.,0.));
#12352 = ( GEOMETRIC_REPRESENTATION_CONTEXT(2) 
PARAMETRIC_REPRESENTATION_CONTEXT() REPRESENTATION_CONTEXT('2D SPACE',''
  ) );
#12353 = PCURVE('',#8680,#12354);
#12354 = DEFINITIONAL_REPRESENTATION('',(#12355),#12359);
#12355 = LINE('',#12356,#12357);
#12356 = CARTESIAN_POINT('',(9.424777960769,-1.7763568394E-15));
#12357 = VECTOR('',#12358,1.);
#12358 = DIRECTION('',(-1.,0.));
#12359 = ( GEOMETRIC_REPRESENTATION_CONTEXT(2) 
PARAMETRIC_REPRESENTATION_CONTEXT() REPRESENTATION_CONTEXT('2D SPACE',''
  ) );
#12360 = ORIENTED_EDGE('',*,*,#12361,.T.);
#12361 = EDGE_CURVE('',#12338,#12362,#12364,.T.);
#12362 = VERTEX_POINT('',#12363);
#12363 = CARTESIAN_POINT('',(11.22444420197,7.843240637749,
    59.953922935728));
#12364 = SURFACE_CURVE('',#12365,(#12369,#12376),.PCURVE_S1.);
#12365 = LINE('',#12366,#12367);
#12366 = CARTESIAN_POINT('',(11.090836546838,7.112691454717,
    59.532140168248));
#12367 = VECTOR('',#12368,1.);
#12368 = DIRECTION('',(0.15643446504,0.855363193977,0.493844170298));
#12369 = PCURVE('',#9836,#12370);
#12370 = DEFINITIONAL_REPRESENTATION('',(#12371),#12375);
#12371 = LINE('',#12372,#12373);
#12372 = CARTESIAN_POINT('',(11.090836546838,-13.98570115869));
#12373 = VECTOR('',#12374,1.);
#12374 = DIRECTION('',(0.15643446504,0.987688340595));
#12375 = ( GEOMETRIC_REPRESENTATION_CONTEXT(2) 
PARAMETRIC_REPRESENTATION_CONTEXT() REPRESENTATION_CONTEXT('2D SPACE',''
  ) );
#12376 = PCURVE('',#8762,#12377);
#12377 = DEFINITIONAL_REPRESENTATION('',(#12378),#12382);
#12378 = LINE('',#12379,#12380);
#12379 = CARTESIAN_POINT('',(12.078524887433,-2.706329626932E-14));
#12380 = VECTOR('',#12381,1.);
#12381 = DIRECTION('',(-1.,-4.163336342344E-17));
#12382 = ( GEOMETRIC_REPRESENTATION_CONTEXT(2) 
PARAMETRIC_REPRESENTATION_CONTEXT() REPRESENTATION_CONTEXT('2D SPACE',''
  ) );
#12383 = ORIENTED_EDGE('',*,*,#12384,.T.);
#12384 = EDGE_CURVE('',#12362,#12385,#12387,.T.);
#12385 = VERTEX_POINT('',#12386);
#12386 = CARTESIAN_POINT('',(12.712065546008,7.843240637749,
    59.953922935728));
#12387 = SURFACE_CURVE('',#12388,(#12392,#12399),.PCURVE_S1.);
#12388 = LINE('',#12389,#12390);
#12389 = CARTESIAN_POINT('',(1.15463194561E-14,7.843240637749,
    59.953922935728));
#12390 = VECTOR('',#12391,1.);
#12391 = DIRECTION('',(1.,2.973811673103E-16,-5.150792909956E-16));
#12392 = PCURVE('',#9836,#12393);
#12393 = DEFINITIONAL_REPRESENTATION('',(#12394),#12398);
#12394 = LINE('',#12395,#12396);
#12395 = CARTESIAN_POINT('',(0.,-13.14213562373));
#12396 = VECTOR('',#12397,1.);
#12397 = DIRECTION('',(1.,0.));
#12398 = ( GEOMETRIC_REPRESENTATION_CONTEXT(2) 
PARAMETRIC_REPRESENTATION_CONTEXT() REPRESENTATION_CONTEXT('2D SPACE',''
  ) );
#12399 = PCURVE('',#8843,#12400);
#12400 = DEFINITIONAL_REPRESENTATION('',(#12401),#12405);
#12401 = LINE('',#12402,#12403);
#12402 = CARTESIAN_POINT('',(12.594427571508,1.414213562373));
#12403 = VECTOR('',#12404,1.);
#12404 = DIRECTION('',(-1.,0.));
#12405 = ( GEOMETRIC_REPRESENTATION_CONTEXT(2) 
PARAMETRIC_REPRESENTATION_CONTEXT() REPRESENTATION_CONTEXT('2D SPACE',''
  ) );
#12406 = ORIENTED_EDGE('',*,*,#12407,.T.);
#12407 = EDGE_CURVE('',#12385,#12408,#12410,.T.);
#12408 = VERTEX_POINT('',#12409);
#12409 = CARTESIAN_POINT('',(13.142135623731,8.215692250465,
    60.168957974589));
#12410 = SURFACE_CURVE('',#12411,(#12416,#12423),.PCURVE_S1.);
#12411 = CIRCLE('',#12412,18.284210105953);
#12412 = AXIS2_PLACEMENT_3D('',#12413,#12414,#12415);
#12413 = CARTESIAN_POINT('',(-2.237321439225E-12,19.224663947883,
    66.524990747594));
#12414 = DIRECTION('',(5.947623346206E-16,-0.5,0.866025403784));
#12415 = DIRECTION('',(1.,2.973811673103E-16,-5.150792909956E-16));
#12416 = PCURVE('',#9836,#12417);
#12417 = DEFINITIONAL_REPRESENTATION('',(#12418),#12422);
#12418 = CIRCLE('',#12419,18.284210105953);
#12419 = AXIS2_PLACEMENT_2D('',#12420,#12421);
#12420 = CARTESIAN_POINT('',(-2.248867758681E-12,2.223110584509E-12));
#12421 = DIRECTION('',(1.,0.));
#12422 = ( GEOMETRIC_REPRESENTATION_CONTEXT(2) 
PARAMETRIC_REPRESENTATION_CONTEXT() REPRESENTATION_CONTEXT('2D SPACE',''
  ) );
#12423 = PCURVE('',#8925,#12424);
#12424 = DEFINITIONAL_REPRESENTATION('',(#12425),#12429);
#12425 = LINE('',#12426,#12427);
#12426 = CARTESIAN_POINT('',(9.424777960769,-2.944638660219E-13));
#12427 = VECTOR('',#12428,1.);
#12428 = DIRECTION('',(-1.,5.339888211827E-14));
#12429 = ( GEOMETRIC_REPRESENTATION_CONTEXT(2) 
PARAMETRIC_REPRESENTATION_CONTEXT() REPRESENTATION_CONTEXT('2D SPACE',''
  ) );
#12430 = ORIENTED_EDGE('',*,*,#12431,.T.);
#12431 = EDGE_CURVE('',#12408,#12432,#12434,.T.);
#12432 = VERTEX_POINT('',#12433);
#12433 = CARTESIAN_POINT('',(13.142135623731,9.504010125614,
    60.912768646608));
#12434 = SURFACE_CURVE('',#12435,(#12439,#12446),.PCURVE_S1.);
#12435 = LINE('',#12436,#12437);
#12436 = CARTESIAN_POINT('',(13.142135623731,8.764354555121,
    60.485728303876));
#12437 = VECTOR('',#12438,1.);
#12438 = DIRECTION('',(8.381647117973E-31,0.866025403784,0.5));
#12439 = PCURVE('',#9836,#12440);
#12440 = DEFINITIONAL_REPRESENTATION('',(#12441),#12445);
#12441 = LINE('',#12442,#12443);
#12442 = CARTESIAN_POINT('',(13.142135623731,-12.07852488743));
#12443 = VECTOR('',#12444,1.);
#12444 = DIRECTION('',(0.,1.));
#12445 = ( GEOMETRIC_REPRESENTATION_CONTEXT(2) 
PARAMETRIC_REPRESENTATION_CONTEXT() REPRESENTATION_CONTEXT('2D SPACE',''
  ) );
#12446 = PCURVE('',#9007,#12447);
#12447 = DEFINITIONAL_REPRESENTATION('',(#12448),#12452);
#12448 = LINE('',#12449,#12450);
#12449 = CARTESIAN_POINT('',(12.078524887433,0.));
#12450 = VECTOR('',#12451,1.);
#12451 = DIRECTION('',(-1.,0.));
#12452 = ( GEOMETRIC_REPRESENTATION_CONTEXT(2) 
PARAMETRIC_REPRESENTATION_CONTEXT() REPRESENTATION_CONTEXT('2D SPACE',''
  ) );
#12453 = ORIENTED_EDGE('',*,*,#12454,.T.);
#12454 = EDGE_CURVE('',#12432,#12455,#12457,.T.);
#12455 = VERTEX_POINT('',#12456);
#12456 = CARTESIAN_POINT('',(14.611441880458,9.705547443214,
    61.029126271177));
#12457 = SURFACE_CURVE('',#12458,(#12462,#12469),.PCURVE_S1.);
#12458 = LINE('',#12459,#12460);
#12459 = CARTESIAN_POINT('',(2.055882955785,7.983364845086,
    60.034823684554));
#12460 = VECTOR('',#12461,1.);
#12461 = DIRECTION('',(0.987688340595,0.135476220752,7.821723252011E-02)
  );
#12462 = PCURVE('',#9836,#12463);
#12463 = DEFINITIONAL_REPRESENTATION('',(#12464),#12468);
#12464 = LINE('',#12465,#12466);
#12465 = CARTESIAN_POINT('',(2.055882955784,-12.98033412607));
#12466 = VECTOR('',#12467,1.);
#12467 = DIRECTION('',(0.987688340595,0.15643446504));
#12468 = ( GEOMETRIC_REPRESENTATION_CONTEXT(2) 
PARAMETRIC_REPRESENTATION_CONTEXT() REPRESENTATION_CONTEXT('2D SPACE',''
  ) );
#12469 = PCURVE('',#9088,#12470);
#12470 = DEFINITIONAL_REPRESENTATION('',(#12471),#12475);
#12471 = LINE('',#12472,#12473);
#12472 = CARTESIAN_POINT('',(12.594427571508,1.414213562373));
#12473 = VECTOR('',#12474,1.);
#12474 = DIRECTION('',(-1.,6.938893903907E-17));
#12475 = ( GEOMETRIC_REPRESENTATION_CONTEXT(2) 
PARAMETRIC_REPRESENTATION_CONTEXT() REPRESENTATION_CONTEXT('2D SPACE',''
  ) );
#12476 = ORIENTED_EDGE('',*,*,#12477,.T.);
#12477 = EDGE_CURVE('',#12455,#12478,#12480,.T.);
#12478 = VERTEX_POINT('',#12479);
#12479 = CARTESIAN_POINT('',(14.968939299325,10.131677827318,
    61.275152763149));
#12480 = SURFACE_CURVE('',#12481,(#12486,#12493),.PCURVE_S1.);
#12481 = CIRCLE('',#12482,18.284210105952);
#12482 = AXIS2_PLACEMENT_3D('',#12483,#12484,#12485);
#12483 = CARTESIAN_POINT('',(-1.366906587918E-12,19.224663947882,
    66.524990747594));
#12484 = DIRECTION('',(5.947623346206E-16,-0.5,0.866025403784));
#12485 = DIRECTION('',(1.,2.973811673103E-16,-5.150792909956E-16));
#12486 = PCURVE('',#9836,#12487);
#12487 = DEFINITIONAL_REPRESENTATION('',(#12488),#12492);
#12488 = CIRCLE('',#12489,18.284210105952);
#12489 = AXIS2_PLACEMENT_2D('',#12490,#12491);
#12490 = CARTESIAN_POINT('',(-1.378452907375E-12,1.040056929469E-12));
#12491 = DIRECTION('',(1.,0.));
#12492 = ( GEOMETRIC_REPRESENTATION_CONTEXT(2) 
PARAMETRIC_REPRESENTATION_CONTEXT() REPRESENTATION_CONTEXT('2D SPACE',''
  ) );
#12493 = PCURVE('',#9170,#12494);
#12494 = DEFINITIONAL_REPRESENTATION('',(#12495),#12499);
#12495 = LINE('',#12496,#12497);
#12496 = CARTESIAN_POINT('',(9.424777960769,0.));
#12497 = VECTOR('',#12498,1.);
#12498 = DIRECTION('',(-1.,0.));
#12499 = ( GEOMETRIC_REPRESENTATION_CONTEXT(2) 
PARAMETRIC_REPRESENTATION_CONTEXT() REPRESENTATION_CONTEXT('2D SPACE',''
  ) );
#12500 = ORIENTED_EDGE('',*,*,#12501,.T.);
#12501 = EDGE_CURVE('',#12478,#12502,#12504,.T.);
#12502 = VERTEX_POINT('',#12503);
#12503 = CARTESIAN_POINT('',(14.736224050188,11.404134371583,
    62.009805891512));
#12504 = SURFACE_CURVE('',#12505,(#12509,#12516),.PCURVE_S1.);
#12505 = LINE('',#12506,#12507);
#12506 = CARTESIAN_POINT('',(14.86983170532,10.673585188551,
    61.588023124032));
#12507 = VECTOR('',#12508,1.);
#12508 = DIRECTION('',(-0.15643446504,0.855363193977,0.493844170298));
#12509 = PCURVE('',#9836,#12510);
#12510 = DEFINITIONAL_REPRESENTATION('',(#12511),#12515);
#12511 = LINE('',#12512,#12513);
#12512 = CARTESIAN_POINT('',(14.86983170532,-9.873935247122));
#12513 = VECTOR('',#12514,1.);
#12514 = DIRECTION('',(-0.15643446504,0.987688340595));
#12515 = ( GEOMETRIC_REPRESENTATION_CONTEXT(2) 
PARAMETRIC_REPRESENTATION_CONTEXT() REPRESENTATION_CONTEXT('2D SPACE',''
  ) );
#12516 = PCURVE('',#9252,#12517);
#12517 = DEFINITIONAL_REPRESENTATION('',(#12518),#12522);
#12518 = LINE('',#12519,#12520);
#12519 = CARTESIAN_POINT('',(12.078524887433,1.427397561204E-14));
#12520 = VECTOR('',#12521,1.);
#12521 = DIRECTION('',(-1.,3.469446951954E-17));
#12522 = ( GEOMETRIC_REPRESENTATION_CONTEXT(2) 
PARAMETRIC_REPRESENTATION_CONTEXT() REPRESENTATION_CONTEXT('2D SPACE',''
  ) );
#12523 = ORIENTED_EDGE('',*,*,#12524,.T.);
#12524 = EDGE_CURVE('',#12502,#12525,#12527,.T.);
#12525 = VERTEX_POINT('',#12526);
#12526 = CARTESIAN_POINT('',(16.151036023215,11.802246489161,
    62.239656029763));
#12527 = SURFACE_CURVE('',#12528,(#12532,#12539),.PCURVE_S1.);
#12528 = LINE('',#12529,#12530);
#12529 = CARTESIAN_POINT('',(4.061143250113,8.400287144067,
    60.275533886101));
#12530 = VECTOR('',#12531,1.);
#12531 = DIRECTION('',(0.951056516295,0.26761656733,0.154508497187));
#12532 = PCURVE('',#9836,#12533);
#12533 = DEFINITIONAL_REPRESENTATION('',(#12534),#12538);
#12534 = LINE('',#12535,#12536);
#12535 = CARTESIAN_POINT('',(4.061143250113,-12.49891372298));
#12536 = VECTOR('',#12537,1.);
#12537 = DIRECTION('',(0.951056516295,0.309016994375));
#12538 = ( GEOMETRIC_REPRESENTATION_CONTEXT(2) 
PARAMETRIC_REPRESENTATION_CONTEXT() REPRESENTATION_CONTEXT('2D SPACE',''
  ) );
#12539 = PCURVE('',#9333,#12540);
#12540 = DEFINITIONAL_REPRESENTATION('',(#12541),#12545);
#12541 = LINE('',#12542,#12543);
#12542 = CARTESIAN_POINT('',(12.594427571508,1.414213562373));
#12543 = VECTOR('',#12544,1.);
#12544 = DIRECTION('',(-1.,9.71445146547E-17));
#12545 = ( GEOMETRIC_REPRESENTATION_CONTEXT(2) 
PARAMETRIC_REPRESENTATION_CONTEXT() REPRESENTATION_CONTEXT('2D SPACE',''
  ) );
#12546 = ORIENTED_EDGE('',*,*,#12547,.T.);
#12547 = EDGE_CURVE('',#12525,#12548,#12550,.T.);
#12548 = VERTEX_POINT('',#12549);
#12549 = CARTESIAN_POINT('',(16.427158010309,12.271562900351,
    62.510615986099));
#12550 = SURFACE_CURVE('',#12551,(#12556,#12563),.PCURVE_S1.);
#12551 = CIRCLE('',#12552,18.284210105953);
#12552 = AXIS2_PLACEMENT_3D('',#12553,#12554,#12555);
#12553 = CARTESIAN_POINT('',(-2.299493928604E-12,19.224663947882,
    66.524990747594));
#12554 = DIRECTION('',(5.947623346206E-16,-0.5,0.866025403784));
#12555 = DIRECTION('',(1.,2.973811673103E-16,-5.150792909956E-16));
#12556 = PCURVE('',#9836,#12557);
#12557 = DEFINITIONAL_REPRESENTATION('',(#12558),#12562);
#12558 = CIRCLE('',#12559,18.284210105953);
#12559 = AXIS2_PLACEMENT_2D('',#12560,#12561);
#12560 = CARTESIAN_POINT('',(-2.31104024806E-12,1.239897073901E-12));
#12561 = DIRECTION('',(1.,0.));
#12562 = ( GEOMETRIC_REPRESENTATION_CONTEXT(2) 
PARAMETRIC_REPRESENTATION_CONTEXT() REPRESENTATION_CONTEXT('2D SPACE',''
  ) );
#12563 = PCURVE('',#9415,#12564);
#12564 = DEFINITIONAL_REPRESENTATION('',(#12565),#12569);
#12565 = LINE('',#12566,#12567);
#12566 = CARTESIAN_POINT('',(9.424777960769,0.));
#12567 = VECTOR('',#12568,1.);
#12568 = DIRECTION('',(-1.,0.));
#12569 = ( GEOMETRIC_REPRESENTATION_CONTEXT(2) 
PARAMETRIC_REPRESENTATION_CONTEXT() REPRESENTATION_CONTEXT('2D SPACE',''
  ) );
#12570 = ORIENTED_EDGE('',*,*,#12571,.T.);
#12571 = EDGE_CURVE('',#12548,#12572,#12574,.T.);
#12572 = VERTEX_POINT('',#12573);
#12573 = CARTESIAN_POINT('',(15.967457733806,13.49682601057,
    63.218021972612));
#12574 = SURFACE_CURVE('',#12575,(#12579,#12586),.PCURVE_S1.);
#12575 = LINE('',#12576,#12577);
#12576 = CARTESIAN_POINT('',(16.231383180182,12.793371760439,
    62.811882471936));
#12577 = VECTOR('',#12578,1.);
#12578 = DIRECTION('',(-0.309016994375,0.823639103546,0.475528258148));
#12579 = PCURVE('',#9836,#12580);
#12580 = DEFINITIONAL_REPRESENTATION('',(#12581),#12585);
#12581 = LINE('',#12582,#12583);
#12582 = CARTESIAN_POINT('',(16.231383180182,-7.426216551314));
#12583 = VECTOR('',#12584,1.);
#12584 = DIRECTION('',(-0.309016994375,0.951056516295));
#12585 = ( GEOMETRIC_REPRESENTATION_CONTEXT(2) 
PARAMETRIC_REPRESENTATION_CONTEXT() REPRESENTATION_CONTEXT('2D SPACE',''
  ) );
#12586 = PCURVE('',#9497,#12587);
#12587 = DEFINITIONAL_REPRESENTATION('',(#12588),#12592);
#12588 = LINE('',#12589,#12590);
#12589 = CARTESIAN_POINT('',(12.078524887433,-6.02045269171E-14));
#12590 = VECTOR('',#12591,1.);
#12591 = DIRECTION('',(-1.,5.551115123126E-17));
#12592 = ( GEOMETRIC_REPRESENTATION_CONTEXT(2) 
PARAMETRIC_REPRESENTATION_CONTEXT() REPRESENTATION_CONTEXT('2D SPACE',''
  ) );
#12593 = ORIENTED_EDGE('',*,*,#12594,.T.);
#12594 = EDGE_CURVE('',#12572,#12595,#12597,.T.);
#12595 = VERTEX_POINT('',#12596);
#12596 = CARTESIAN_POINT('',(17.292938056866,14.081710086532,
    63.555704951314));
#12597 = SURFACE_CURVE('',#12598,(#12602,#12609),.PCURVE_S1.);
#12598 = LINE('',#12599,#12600);
#12599 = CARTESIAN_POINT('',(5.966404719463,9.083741524004,
    60.670126456337));
#12600 = VECTOR('',#12601,1.);
#12601 = DIRECTION('',(0.891006524188,0.393167305851,0.22699524987));
#12602 = PCURVE('',#9836,#12603);
#12603 = DEFINITIONAL_REPRESENTATION('',(#12604),#12608);
#12604 = LINE('',#12605,#12606);
#12605 = CARTESIAN_POINT('',(5.966404719463,-11.70972858251));
#12606 = VECTOR('',#12607,1.);
#12607 = DIRECTION('',(0.891006524188,0.45399049974));
#12608 = ( GEOMETRIC_REPRESENTATION_CONTEXT(2) 
PARAMETRIC_REPRESENTATION_CONTEXT() REPRESENTATION_CONTEXT('2D SPACE',''
  ) );
#12609 = PCURVE('',#9578,#12610);
#12610 = DEFINITIONAL_REPRESENTATION('',(#12611),#12615);
#12611 = LINE('',#12612,#12613);
#12612 = CARTESIAN_POINT('',(12.594427571508,1.414213562373));
#12613 = VECTOR('',#12614,1.);
#12614 = DIRECTION('',(-1.,1.110223024625E-16));
#12615 = ( GEOMETRIC_REPRESENTATION_CONTEXT(2) 
PARAMETRIC_REPRESENTATION_CONTEXT() REPRESENTATION_CONTEXT('2D SPACE',''
  ) );
#12616 = ORIENTED_EDGE('',*,*,#12617,.T.);
#12617 = EDGE_CURVE('',#12595,#12618,#12620,.T.);
#12618 = VERTEX_POINT('',#12619);
#12619 = CARTESIAN_POINT('',(17.480885572467,14.582656397192,
    63.844926438623));
#12620 = SURFACE_CURVE('',#12621,(#12626,#12633),.PCURVE_S1.);
#12621 = CIRCLE('',#12622,18.284210105952);
#12622 = AXIS2_PLACEMENT_3D('',#12623,#12624,#12625);
#12623 = CARTESIAN_POINT('',(-1.842970220878E-12,19.224663947881,
    66.524990747593));
#12624 = DIRECTION('',(5.947623346206E-16,-0.5,0.866025403784));
#12625 = DIRECTION('',(1.,2.973811673103E-16,-5.150792909956E-16));
#12626 = PCURVE('',#9836,#12627);
#12627 = DEFINITIONAL_REPRESENTATION('',(#12628),#12632);
#12628 = CIRCLE('',#12629,18.284210105952);
#12629 = AXIS2_PLACEMENT_2D('',#12630,#12631);
#12630 = CARTESIAN_POINT('',(-1.854516540334E-12,5.000444502912E-13));
#12631 = DIRECTION('',(1.,0.));
#12632 = ( GEOMETRIC_REPRESENTATION_CONTEXT(2) 
PARAMETRIC_REPRESENTATION_CONTEXT() REPRESENTATION_CONTEXT('2D SPACE',''
  ) );
#12633 = PCURVE('',#9660,#12634);
#12634 = DEFINITIONAL_REPRESENTATION('',(#12635),#12639);
#12635 = LINE('',#12636,#12637);
#12636 = CARTESIAN_POINT('',(9.424777960769,-3.196274963877E-13));
#12637 = VECTOR('',#12638,1.);
#12638 = DIRECTION('',(-1.,5.339888211826E-14));
#12639 = ( GEOMETRIC_REPRESENTATION_CONTEXT(2) 
PARAMETRIC_REPRESENTATION_CONTEXT() REPRESENTATION_CONTEXT('2D SPACE',''
  ) );
#12640 = ORIENTED_EDGE('',*,*,#12641,.T.);
#12641 = EDGE_CURVE('',#12618,#9863,#12642,.T.);
#12642 = SURFACE_CURVE('',#12643,(#12647,#12654),.PCURVE_S1.);
#12643 = LINE('',#12644,#12645);
#12644 = CARTESIAN_POINT('',(17.193264132275,15.071518090217,
    64.127170868687));
#12645 = VECTOR('',#12646,1.);
#12646 = DIRECTION('',(-0.45399049974,0.771634284885,0.445503262094));
#12647 = PCURVE('',#9836,#12648);
#12648 = DEFINITIONAL_REPRESENTATION('',(#12649),#12653);
#12649 = LINE('',#12650,#12651);
#12650 = CARTESIAN_POINT('',(17.193264132275,-4.795639757812));
#12651 = VECTOR('',#12652,1.);
#12652 = DIRECTION('',(-0.45399049974,0.891006524188));
#12653 = ( GEOMETRIC_REPRESENTATION_CONTEXT(2) 
PARAMETRIC_REPRESENTATION_CONTEXT() REPRESENTATION_CONTEXT('2D SPACE',''
  ) );
#12654 = PCURVE('',#9737,#12655);
#12655 = DEFINITIONAL_REPRESENTATION('',(#12656),#12660);
#12656 = LINE('',#12657,#12658);
#12657 = CARTESIAN_POINT('',(12.078524887433,2.965163786581E-14));
#12658 = VECTOR('',#12659,1.);
#12659 = DIRECTION('',(-1.,8.326672684689E-17));
#12660 = ( GEOMETRIC_REPRESENTATION_CONTEXT(2) 
PARAMETRIC_REPRESENTATION_CONTEXT() REPRESENTATION_CONTEXT('2D SPACE',''
  ) );
#12661 = ADVANCED_FACE('',(#12662,#12693),#128,.F.);
#12662 = FACE_BOUND('',#12663,.T.);
#12663 = EDGE_LOOP('',(#12664));
#12664 = ORIENTED_EDGE('',*,*,#12665,.T.);
#12665 = EDGE_CURVE('',#12666,#12666,#12668,.T.);
#12666 = VERTEX_POINT('',#12667);
#12667 = CARTESIAN_POINT('',(6.5,29.224663947881,49.204482671904));
#12668 = SURFACE_CURVE('',#12669,(#12674,#12681),.PCURVE_S1.);
#12669 = CIRCLE('',#12670,6.5);
#12670 = AXIS2_PLACEMENT_3D('',#12671,#12672,#12673);
#12671 = CARTESIAN_POINT('',(-8.881784197001E-16,29.224663947881,
    49.204482671904));
#12672 = DIRECTION('',(5.947623346206E-16,-0.5,0.866025403784));
#12673 = DIRECTION('',(1.,2.973811673103E-16,-5.150792909956E-16));
#12674 = PCURVE('',#128,#12675);
#12675 = DEFINITIONAL_REPRESENTATION('',(#12676),#12680);
#12676 = CIRCLE('',#12677,6.5);
#12677 = AXIS2_PLACEMENT_2D('',#12678,#12679);
#12678 = CARTESIAN_POINT('',(0.,0.));
#12679 = DIRECTION('',(1.,0.));
#12680 = ( GEOMETRIC_REPRESENTATION_CONTEXT(2) 
PARAMETRIC_REPRESENTATION_CONTEXT() REPRESENTATION_CONTEXT('2D SPACE',''
  ) );
#12681 = PCURVE('',#12682,#12687);
#12682 = CYLINDRICAL_SURFACE('',#12683,6.5);
#12683 = AXIS2_PLACEMENT_3D('',#12684,#12685,#12686);
#12684 = CARTESIAN_POINT('',(3.552713678801E-15,25.724663947881,
    55.266660498395));
#12685 = DIRECTION('',(-5.947623346206E-16,0.5,-0.866025403784));
#12686 = DIRECTION('',(-1.,-2.973811673103E-16,5.150792909956E-16));
#12687 = DEFINITIONAL_REPRESENTATION('',(#12688),#12692);
#12688 = LINE('',#12689,#12690);
#12689 = CARTESIAN_POINT('',(9.424777960769,7.));
#12690 = VECTOR('',#12691,1.);
#12691 = DIRECTION('',(-1.,0.));
#12692 = ( GEOMETRIC_REPRESENTATION_CONTEXT(2) 
PARAMETRIC_REPRESENTATION_CONTEXT() REPRESENTATION_CONTEXT('2D SPACE',''
  ) );
#12693 = FACE_BOUND('',#12694,.T.);
#12694 = EDGE_LOOP('',(#12695,#12696,#12697,#12698,#12699,#12700,#12701,
    #12702,#12703,#12704,#12705,#12706,#12707,#12708,#12709,#12710,
    #12711,#12712,#12713,#12714,#12715,#12716,#12717,#12718,#12719,
    #12720,#12721,#12722,#12723,#12724,#12725,#12726,#12727,#12728,
    #12729,#12730,#12731,#12732,#12733,#12734,#12735,#12736,#12737,
    #12738,#12739,#12740,#12741,#12742,#12743,#12744,#12745,#12746,
    #12747,#12748,#12749,#12750,#12751,#12752,#12753,#12754,#12755,
    #12756,#12757,#12758,#12759,#12760,#12761,#12762,#12763,#12764,
    #12765,#12766,#12767,#12768,#12769,#12770,#12771,#12772,#12773,
    #12774,#12775,#12776,#12777,#12778,#12779,#12780,#12781,#12782,
    #12783,#12784,#12785,#12786,#12787,#12788,#12789,#12790,#12791,
    #12792,#12793,#12794,#12795,#12796,#12797,#12798,#12799,#12800,
    #12801,#12802,#12803,#12804,#12805,#12806,#12807,#12808,#12809,
    #12810,#12811,#12812,#12813,#12814));
#12695 = ORIENTED_EDGE('',*,*,#113,.F.);
#12696 = ORIENTED_EDGE('',*,*,#9802,.T.);
#12697 = ORIENTED_EDGE('',*,*,#9750,.F.);
#12698 = ORIENTED_EDGE('',*,*,#9673,.F.);
#12699 = ORIENTED_EDGE('',*,*,#9591,.T.);
#12700 = ORIENTED_EDGE('',*,*,#9510,.F.);
#12701 = ORIENTED_EDGE('',*,*,#9428,.F.);
#12702 = ORIENTED_EDGE('',*,*,#9346,.T.);
#12703 = ORIENTED_EDGE('',*,*,#9265,.F.);
#12704 = ORIENTED_EDGE('',*,*,#9183,.F.);
#12705 = ORIENTED_EDGE('',*,*,#9101,.T.);
#12706 = ORIENTED_EDGE('',*,*,#9020,.F.);
#12707 = ORIENTED_EDGE('',*,*,#8938,.F.);
#12708 = ORIENTED_EDGE('',*,*,#8856,.T.);
#12709 = ORIENTED_EDGE('',*,*,#8775,.F.);
#12710 = ORIENTED_EDGE('',*,*,#8693,.F.);
#12711 = ORIENTED_EDGE('',*,*,#8611,.T.);
#12712 = ORIENTED_EDGE('',*,*,#8530,.F.);
#12713 = ORIENTED_EDGE('',*,*,#8448,.F.);
#12714 = ORIENTED_EDGE('',*,*,#8366,.T.);
#12715 = ORIENTED_EDGE('',*,*,#8285,.F.);
#12716 = ORIENTED_EDGE('',*,*,#8203,.F.);
#12717 = ORIENTED_EDGE('',*,*,#8121,.T.);
#12718 = ORIENTED_EDGE('',*,*,#8040,.F.);
#12719 = ORIENTED_EDGE('',*,*,#7958,.F.);
#12720 = ORIENTED_EDGE('',*,*,#7876,.T.);
#12721 = ORIENTED_EDGE('',*,*,#7795,.F.);
#12722 = ORIENTED_EDGE('',*,*,#7713,.F.);
#12723 = ORIENTED_EDGE('',*,*,#7631,.T.);
#12724 = ORIENTED_EDGE('',*,*,#7550,.F.);
#12725 = ORIENTED_EDGE('',*,*,#7468,.F.);
#12726 = ORIENTED_EDGE('',*,*,#7386,.T.);
#12727 = ORIENTED_EDGE('',*,*,#7305,.F.);
#12728 = ORIENTED_EDGE('',*,*,#7223,.F.);
#12729 = ORIENTED_EDGE('',*,*,#7141,.T.);
#12730 = ORIENTED_EDGE('',*,*,#7060,.F.);
#12731 = ORIENTED_EDGE('',*,*,#6978,.F.);
#12732 = ORIENTED_EDGE('',*,*,#6896,.T.);
#12733 = ORIENTED_EDGE('',*,*,#6815,.F.);
#12734 = ORIENTED_EDGE('',*,*,#6733,.F.);
#12735 = ORIENTED_EDGE('',*,*,#6651,.T.);
#12736 = ORIENTED_EDGE('',*,*,#6570,.F.);
#12737 = ORIENTED_EDGE('',*,*,#6488,.F.);
#12738 = ORIENTED_EDGE('',*,*,#6406,.T.);
#12739 = ORIENTED_EDGE('',*,*,#6325,.F.);
#12740 = ORIENTED_EDGE('',*,*,#6243,.F.);
#12741 = ORIENTED_EDGE('',*,*,#6161,.T.);
#12742 = ORIENTED_EDGE('',*,*,#6080,.F.);
#12743 = ORIENTED_EDGE('',*,*,#5998,.F.);
#12744 = ORIENTED_EDGE('',*,*,#5916,.T.);
#12745 = ORIENTED_EDGE('',*,*,#5835,.F.);
#12746 = ORIENTED_EDGE('',*,*,#5753,.F.);
#12747 = ORIENTED_EDGE('',*,*,#5671,.T.);
#12748 = ORIENTED_EDGE('',*,*,#5590,.F.);
#12749 = ORIENTED_EDGE('',*,*,#5508,.F.);
#12750 = ORIENTED_EDGE('',*,*,#5426,.T.);
#12751 = ORIENTED_EDGE('',*,*,#5345,.F.);
#12752 = ORIENTED_EDGE('',*,*,#5263,.F.);
#12753 = ORIENTED_EDGE('',*,*,#5181,.T.);
#12754 = ORIENTED_EDGE('',*,*,#5100,.F.);
#12755 = ORIENTED_EDGE('',*,*,#5018,.F.);
#12756 = ORIENTED_EDGE('',*,*,#4936,.T.);
#12757 = ORIENTED_EDGE('',*,*,#4855,.F.);
#12758 = ORIENTED_EDGE('',*,*,#4773,.F.);
#12759 = ORIENTED_EDGE('',*,*,#4691,.T.);
#12760 = ORIENTED_EDGE('',*,*,#4610,.F.);
#12761 = ORIENTED_EDGE('',*,*,#4528,.F.);
#12762 = ORIENTED_EDGE('',*,*,#4446,.T.);
#12763 = ORIENTED_EDGE('',*,*,#4365,.F.);
#12764 = ORIENTED_EDGE('',*,*,#4283,.F.);
#12765 = ORIENTED_EDGE('',*,*,#4201,.T.);
#12766 = ORIENTED_EDGE('',*,*,#4120,.F.);
#12767 = ORIENTED_EDGE('',*,*,#4038,.F.);
#12768 = ORIENTED_EDGE('',*,*,#3956,.T.);
#12769 = ORIENTED_EDGE('',*,*,#3875,.F.);
#12770 = ORIENTED_EDGE('',*,*,#3793,.F.);
#12771 = ORIENTED_EDGE('',*,*,#3711,.T.);
#12772 = ORIENTED_EDGE('',*,*,#3630,.F.);
#12773 = ORIENTED_EDGE('',*,*,#3548,.F.);
#12774 = ORIENTED_EDGE('',*,*,#3466,.T.);
#12775 = ORIENTED_EDGE('',*,*,#3385,.F.);
#12776 = ORIENTED_EDGE('',*,*,#3303,.F.);
#12777 = ORIENTED_EDGE('',*,*,#3221,.T.);
#12778 = ORIENTED_EDGE('',*,*,#3140,.F.);
#12779 = ORIENTED_EDGE('',*,*,#3058,.F.);
#12780 = ORIENTED_EDGE('',*,*,#2976,.T.);
#12781 = ORIENTED_EDGE('',*,*,#2895,.F.);
#12782 = ORIENTED_EDGE('',*,*,#2813,.F.);
#12783 = ORIENTED_EDGE('',*,*,#2731,.T.);
#12784 = ORIENTED_EDGE('',*,*,#2650,.F.);
#12785 = ORIENTED_EDGE('',*,*,#2568,.F.);
#12786 = ORIENTED_EDGE('',*,*,#2486,.T.);
#12787 = ORIENTED_EDGE('',*,*,#2405,.F.);
#12788 = ORIENTED_EDGE('',*,*,#2323,.F.);
#12789 = ORIENTED_EDGE('',*,*,#2241,.T.);
#12790 = ORIENTED_EDGE('',*,*,#2160,.F.);
#12791 = ORIENTED_EDGE('',*,*,#2078,.F.);
#12792 = ORIENTED_EDGE('',*,*,#1996,.T.);
#12793 = ORIENTED_EDGE('',*,*,#1915,.F.);
#12794 = ORIENTED_EDGE('',*,*,#1833,.F.);
#12795 = ORIENTED_EDGE('',*,*,#1751,.T.);
#12796 = ORIENTED_EDGE('',*,*,#1670,.F.);
#12797 = ORIENTED_EDGE('',*,*,#1588,.F.);
#12798 = ORIENTED_EDGE('',*,*,#1506,.T.);
#12799 = ORIENTED_EDGE('',*,*,#1425,.F.);
#12800 = ORIENTED_EDGE('',*,*,#1343,.F.);
#12801 = ORIENTED_EDGE('',*,*,#1261,.T.);
#12802 = ORIENTED_EDGE('',*,*,#1180,.F.);
#12803 = ORIENTED_EDGE('',*,*,#1098,.F.);
#12804 = ORIENTED_EDGE('',*,*,#1016,.T.);
#12805 = ORIENTED_EDGE('',*,*,#935,.F.);
#12806 = ORIENTED_EDGE('',*,*,#853,.F.);
#12807 = ORIENTED_EDGE('',*,*,#771,.T.);
#12808 = ORIENTED_EDGE('',*,*,#690,.F.);
#12809 = ORIENTED_EDGE('',*,*,#608,.F.);
#12810 = ORIENTED_EDGE('',*,*,#526,.T.);
#12811 = ORIENTED_EDGE('',*,*,#445,.F.);
#12812 = ORIENTED_EDGE('',*,*,#363,.F.);
#12813 = ORIENTED_EDGE('',*,*,#281,.T.);
#12814 = ORIENTED_EDGE('',*,*,#200,.F.);
#12815 = ADVANCED_FACE('',(#12816,#12847),#12829,.F.);
#12816 = FACE_BOUND('',#12817,.T.);
#12817 = EDGE_LOOP('',(#12818));
#12818 = ORIENTED_EDGE('',*,*,#12819,.F.);
#12819 = EDGE_CURVE('',#12820,#12820,#12822,.T.);
#12820 = VERTEX_POINT('',#12821);
#12821 = CARTESIAN_POINT('',(6.5,25.724663947881,55.266660498395));
#12822 = SURFACE_CURVE('',#12823,(#12828,#12840),.PCURVE_S1.);
#12823 = CIRCLE('',#12824,6.5);
#12824 = AXIS2_PLACEMENT_3D('',#12825,#12826,#12827);
#12825 = CARTESIAN_POINT('',(3.552713678801E-15,25.724663947881,
    55.266660498395));
#12826 = DIRECTION('',(5.947623346206E-16,-0.5,0.866025403784));
#12827 = DIRECTION('',(1.,2.973811673103E-16,-5.150792909956E-16));
#12828 = PCURVE('',#12829,#12834);
#12829 = PLANE('',#12830);
#12830 = AXIS2_PLACEMENT_3D('',#12831,#12832,#12833);
#12831 = CARTESIAN_POINT('',(3.552713678801E-15,25.724663947881,
    55.266660498395));
#12832 = DIRECTION('',(5.947623346206E-16,-0.5,0.866025403784));
#12833 = DIRECTION('',(1.,2.973811673103E-16,-5.150792909956E-16));
#12834 = DEFINITIONAL_REPRESENTATION('',(#12835),#12839);
#12835 = CIRCLE('',#12836,6.5);
#12836 = AXIS2_PLACEMENT_2D('',#12837,#12838);
#12837 = CARTESIAN_POINT('',(0.,0.));
#12838 = DIRECTION('',(1.,0.));
#12839 = ( GEOMETRIC_REPRESENTATION_CONTEXT(2) 
PARAMETRIC_REPRESENTATION_CONTEXT() REPRESENTATION_CONTEXT('2D SPACE',''
  ) );
#12840 = PCURVE('',#12682,#12841);
#12841 = DEFINITIONAL_REPRESENTATION('',(#12842),#12846);
#12842 = LINE('',#12843,#12844);
#12843 = CARTESIAN_POINT('',(9.424777960769,0.));
#12844 = VECTOR('',#12845,1.);
#12845 = DIRECTION('',(-1.,0.));
#12846 = ( GEOMETRIC_REPRESENTATION_CONTEXT(2) 
PARAMETRIC_REPRESENTATION_CONTEXT() REPRESENTATION_CONTEXT('2D SPACE',''
  ) );
#12847 = FACE_BOUND('',#12848,.T.);
#12848 = EDGE_LOOP('',(#12849,#12879));
#12849 = ORIENTED_EDGE('',*,*,#12850,.F.);
#12850 = EDGE_CURVE('',#12851,#12853,#12855,.T.);
#12851 = VERTEX_POINT('',#12852);
#12852 = CARTESIAN_POINT('',(-1.25,23.033010181142,53.712633471603));
#12853 = VERTEX_POINT('',#12854);
#12854 = CARTESIAN_POINT('',(-1.25,28.41631771462,56.820687525187));
#12855 = SURFACE_CURVE('',#12856,(#12860,#12867),.PCURVE_S1.);
#12856 = LINE('',#12857,#12858);
#12857 = CARTESIAN_POINT('',(-1.25,25.724663947881,55.266660498395));
#12858 = VECTOR('',#12859,1.);
#12859 = DIRECTION('',(-1.39534532385E-16,0.866025403784,0.5));
#12860 = PCURVE('',#12829,#12861);
#12861 = DEFINITIONAL_REPRESENTATION('',(#12862),#12866);
#12862 = LINE('',#12863,#12864);
#12863 = CARTESIAN_POINT('',(-1.25,0.));
#12864 = VECTOR('',#12865,1.);
#12865 = DIRECTION('',(-1.39534532385E-16,1.));
#12866 = ( GEOMETRIC_REPRESENTATION_CONTEXT(2) 
PARAMETRIC_REPRESENTATION_CONTEXT() REPRESENTATION_CONTEXT('2D SPACE',''
  ) );
#12867 = PCURVE('',#12868,#12873);
#12868 = PLANE('',#12869);
#12869 = AXIS2_PLACEMENT_3D('',#12870,#12871,#12872);
#12870 = CARTESIAN_POINT('',(-1.25,20.724663947881,63.92691453624));
#12871 = DIRECTION('',(1.,4.182216170609E-16,-4.453120248031E-16));
#12872 = DIRECTION('',(-1.39534532385E-16,0.866025403784,0.5));
#12873 = DEFINITIONAL_REPRESENTATION('',(#12874),#12878);
#12874 = LINE('',#12875,#12876);
#12875 = CARTESIAN_POINT('',(0.,-10.));
#12876 = VECTOR('',#12877,1.);
#12877 = DIRECTION('',(1.,0.));
#12878 = ( GEOMETRIC_REPRESENTATION_CONTEXT(2) 
PARAMETRIC_REPRESENTATION_CONTEXT() REPRESENTATION_CONTEXT('2D SPACE',''
  ) );
#12879 = ORIENTED_EDGE('',*,*,#12880,.T.);
#12880 = EDGE_CURVE('',#12851,#12853,#12881,.T.);
#12881 = SURFACE_CURVE('',#12882,(#12887,#12894),.PCURVE_S1.);
#12882 = CIRCLE('',#12883,3.35);
#12883 = AXIS2_PLACEMENT_3D('',#12884,#12885,#12886);
#12884 = CARTESIAN_POINT('',(3.552713678801E-15,25.724663947881,
    55.266660498395));
#12885 = DIRECTION('',(5.947623346206E-16,-0.5,0.866025403784));
#12886 = DIRECTION('',(1.,2.973811673103E-16,-5.150792909956E-16));
#12887 = PCURVE('',#12829,#12888);
#12888 = DEFINITIONAL_REPRESENTATION('',(#12889),#12893);
#12889 = CIRCLE('',#12890,3.35);
#12890 = AXIS2_PLACEMENT_2D('',#12891,#12892);
#12891 = CARTESIAN_POINT('',(0.,0.));
#12892 = DIRECTION('',(1.,0.));
#12893 = ( GEOMETRIC_REPRESENTATION_CONTEXT(2) 
PARAMETRIC_REPRESENTATION_CONTEXT() REPRESENTATION_CONTEXT('2D SPACE',''
  ) );
#12894 = PCURVE('',#12895,#12900);
#12895 = CYLINDRICAL_SURFACE('',#12896,3.35);
#12896 = AXIS2_PLACEMENT_3D('',#12897,#12898,#12899);
#12897 = CARTESIAN_POINT('',(8.881784197001E-15,20.724663947881,
    63.92691453624));
#12898 = DIRECTION('',(-5.947623346206E-16,0.5,-0.866025403784));
#12899 = DIRECTION('',(-1.,-2.973811673103E-16,5.150792909956E-16));
#12900 = DEFINITIONAL_REPRESENTATION('',(#12901),#12905);
#12901 = LINE('',#12902,#12903);
#12902 = CARTESIAN_POINT('',(9.424777960769,10.));
#12903 = VECTOR('',#12904,1.);
#12904 = DIRECTION('',(-1.,0.));
#12905 = ( GEOMETRIC_REPRESENTATION_CONTEXT(2) 
PARAMETRIC_REPRESENTATION_CONTEXT() REPRESENTATION_CONTEXT('2D SPACE',''
  ) );
#12906 = ADVANCED_FACE('',(#12907),#12682,.F.);
#12907 = FACE_BOUND('',#12908,.F.);
#12908 = EDGE_LOOP('',(#12909,#12910,#12930,#12931));
#12909 = ORIENTED_EDGE('',*,*,#12819,.F.);
#12910 = ORIENTED_EDGE('',*,*,#12911,.T.);
#12911 = EDGE_CURVE('',#12820,#12666,#12912,.T.);
#12912 = SEAM_CURVE('',#12913,(#12916,#12923),.PCURVE_S1.);
#12913 = B_SPLINE_CURVE_WITH_KNOTS('',1,(#12914,#12915),.UNSPECIFIED.,
  .F.,.F.,(2,2),(0.,7.),.PIECEWISE_BEZIER_KNOTS.);
#12914 = CARTESIAN_POINT('',(6.5,25.724663947881,55.266660498395));
#12915 = CARTESIAN_POINT('',(6.5,29.224663947881,49.204482671904));
#12916 = PCURVE('',#12682,#12917);
#12917 = DEFINITIONAL_REPRESENTATION('',(#12918),#12922);
#12918 = LINE('',#12919,#12920);
#12919 = CARTESIAN_POINT('',(9.424777960769,0.));
#12920 = VECTOR('',#12921,1.);
#12921 = DIRECTION('',(0.,1.));
#12922 = ( GEOMETRIC_REPRESENTATION_CONTEXT(2) 
PARAMETRIC_REPRESENTATION_CONTEXT() REPRESENTATION_CONTEXT('2D SPACE',''
  ) );
#12923 = PCURVE('',#12682,#12924);
#12924 = DEFINITIONAL_REPRESENTATION('',(#12925),#12929);
#12925 = LINE('',#12926,#12927);
#12926 = CARTESIAN_POINT('',(3.14159265359,0.));
#12927 = VECTOR('',#12928,1.);
#12928 = DIRECTION('',(0.,1.));
#12929 = ( GEOMETRIC_REPRESENTATION_CONTEXT(2) 
PARAMETRIC_REPRESENTATION_CONTEXT() REPRESENTATION_CONTEXT('2D SPACE',''
  ) );
#12930 = ORIENTED_EDGE('',*,*,#12665,.T.);
#12931 = ORIENTED_EDGE('',*,*,#12911,.F.);
#12932 = ADVANCED_FACE('',(#12933),#12895,.F.);
#12933 = FACE_BOUND('',#12934,.F.);
#12934 = EDGE_LOOP('',(#12935,#12958,#12987,#13008));
#12935 = ORIENTED_EDGE('',*,*,#12936,.F.);
#12936 = EDGE_CURVE('',#12937,#12853,#12939,.T.);
#12937 = VERTEX_POINT('',#12938);
#12938 = CARTESIAN_POINT('',(-1.25,23.41631771462,65.480941563032));
#12939 = SURFACE_CURVE('',#12940,(#12944,#12951),.PCURVE_S1.);
#12940 = LINE('',#12941,#12942);
#12941 = CARTESIAN_POINT('',(-1.25,23.41631771462,65.480941563032));
#12942 = VECTOR('',#12943,1.);
#12943 = DIRECTION('',(-5.947623346206E-16,0.5,-0.866025403784));
#12944 = PCURVE('',#12895,#12945);
#12945 = DEFINITIONAL_REPRESENTATION('',(#12946),#12950);
#12946 = LINE('',#12947,#12948);
#12947 = CARTESIAN_POINT('',(1.18841127201,0.));
#12948 = VECTOR('',#12949,1.);
#12949 = DIRECTION('',(0.,1.));
#12950 = ( GEOMETRIC_REPRESENTATION_CONTEXT(2) 
PARAMETRIC_REPRESENTATION_CONTEXT() REPRESENTATION_CONTEXT('2D SPACE',''
  ) );
#12951 = PCURVE('',#12868,#12952);
#12952 = DEFINITIONAL_REPRESENTATION('',(#12953),#12957);
#12953 = LINE('',#12954,#12955);
#12954 = CARTESIAN_POINT('',(3.108054053584,0.));
#12955 = VECTOR('',#12956,1.);
#12956 = DIRECTION('',(0.,-1.));
#12957 = ( GEOMETRIC_REPRESENTATION_CONTEXT(2) 
PARAMETRIC_REPRESENTATION_CONTEXT() REPRESENTATION_CONTEXT('2D SPACE',''
  ) );
#12958 = ORIENTED_EDGE('',*,*,#12959,.F.);
#12959 = EDGE_CURVE('',#12960,#12937,#12962,.T.);
#12960 = VERTEX_POINT('',#12961);
#12961 = CARTESIAN_POINT('',(-1.25,18.033010181142,62.372887509448));
#12962 = SURFACE_CURVE('',#12963,(#12968,#12975),.PCURVE_S1.);
#12963 = CIRCLE('',#12964,3.35);
#12964 = AXIS2_PLACEMENT_3D('',#12965,#12966,#12967);
#12965 = CARTESIAN_POINT('',(8.881784197001E-15,20.724663947881,
    63.92691453624));
#12966 = DIRECTION('',(5.947623346206E-16,-0.5,0.866025403784));
#12967 = DIRECTION('',(1.,2.973811673103E-16,-5.150792909956E-16));
#12968 = PCURVE('',#12895,#12969);
#12969 = DEFINITIONAL_REPRESENTATION('',(#12970),#12974);
#12970 = LINE('',#12971,#12972);
#12971 = CARTESIAN_POINT('',(9.424777960769,0.));
#12972 = VECTOR('',#12973,1.);
#12973 = DIRECTION('',(-1.,0.));
#12974 = ( GEOMETRIC_REPRESENTATION_CONTEXT(2) 
PARAMETRIC_REPRESENTATION_CONTEXT() REPRESENTATION_CONTEXT('2D SPACE',''
  ) );
#12975 = PCURVE('',#12976,#12981);
#12976 = PLANE('',#12977);
#12977 = AXIS2_PLACEMENT_3D('',#12978,#12979,#12980);
#12978 = CARTESIAN_POINT('',(8.881784197001E-15,20.724663947881,
    63.92691453624));
#12979 = DIRECTION('',(5.947623346206E-16,-0.5,0.866025403784));
#12980 = DIRECTION('',(1.,2.973811673103E-16,-5.150792909956E-16));
#12981 = DEFINITIONAL_REPRESENTATION('',(#12982),#12986);
#12982 = CIRCLE('',#12983,3.35);
#12983 = AXIS2_PLACEMENT_2D('',#12984,#12985);
#12984 = CARTESIAN_POINT('',(0.,0.));
#12985 = DIRECTION('',(1.,0.));
#12986 = ( GEOMETRIC_REPRESENTATION_CONTEXT(2) 
PARAMETRIC_REPRESENTATION_CONTEXT() REPRESENTATION_CONTEXT('2D SPACE',''
  ) );
#12987 = ORIENTED_EDGE('',*,*,#12988,.T.);
#12988 = EDGE_CURVE('',#12960,#12851,#12989,.T.);
#12989 = SURFACE_CURVE('',#12990,(#12994,#13001),.PCURVE_S1.);
#12990 = LINE('',#12991,#12992);
#12991 = CARTESIAN_POINT('',(-1.25,18.033010181142,62.372887509448));
#12992 = VECTOR('',#12993,1.);
#12993 = DIRECTION('',(-5.947623346206E-16,0.5,-0.866025403784));
#12994 = PCURVE('',#12895,#12995);
#12995 = DEFINITIONAL_REPRESENTATION('',(#12996),#13000);
#12996 = LINE('',#12997,#12998);
#12997 = CARTESIAN_POINT('',(5.09477403517,0.));
#12998 = VECTOR('',#12999,1.);
#12999 = DIRECTION('',(0.,1.));
#13000 = ( GEOMETRIC_REPRESENTATION_CONTEXT(2) 
PARAMETRIC_REPRESENTATION_CONTEXT() REPRESENTATION_CONTEXT('2D SPACE',''
  ) );
#13001 = PCURVE('',#12868,#13002);
#13002 = DEFINITIONAL_REPRESENTATION('',(#13003),#13007);
#13003 = LINE('',#13004,#13005);
#13004 = CARTESIAN_POINT('',(-3.108054053584,0.));
#13005 = VECTOR('',#13006,1.);
#13006 = DIRECTION('',(0.,-1.));
#13007 = ( GEOMETRIC_REPRESENTATION_CONTEXT(2) 
PARAMETRIC_REPRESENTATION_CONTEXT() REPRESENTATION_CONTEXT('2D SPACE',''
  ) );
#13008 = ORIENTED_EDGE('',*,*,#12880,.T.);
#13009 = ADVANCED_FACE('',(#13010),#12868,.T.);
#13010 = FACE_BOUND('',#13011,.T.);
#13011 = EDGE_LOOP('',(#13012,#13013,#13014,#13035));
#13012 = ORIENTED_EDGE('',*,*,#12850,.T.);
#13013 = ORIENTED_EDGE('',*,*,#12936,.F.);
#13014 = ORIENTED_EDGE('',*,*,#13015,.T.);
#13015 = EDGE_CURVE('',#12937,#12960,#13016,.T.);
#13016 = SURFACE_CURVE('',#13017,(#13021,#13028),.PCURVE_S1.);
#13017 = LINE('',#13018,#13019);
#13018 = CARTESIAN_POINT('',(-1.25,20.724663947881,63.92691453624));
#13019 = VECTOR('',#13020,1.);
#13020 = DIRECTION('',(1.39534532385E-16,-0.866025403784,-0.5));
#13021 = PCURVE('',#12868,#13022);
#13022 = DEFINITIONAL_REPRESENTATION('',(#13023),#13027);
#13023 = LINE('',#13024,#13025);
#13024 = CARTESIAN_POINT('',(0.,0.));
#13025 = VECTOR('',#13026,1.);
#13026 = DIRECTION('',(-1.,0.));
#13027 = ( GEOMETRIC_REPRESENTATION_CONTEXT(2) 
PARAMETRIC_REPRESENTATION_CONTEXT() REPRESENTATION_CONTEXT('2D SPACE',''
  ) );
#13028 = PCURVE('',#12976,#13029);
#13029 = DEFINITIONAL_REPRESENTATION('',(#13030),#13034);
#13030 = LINE('',#13031,#13032);
#13031 = CARTESIAN_POINT('',(-1.25,0.));
#13032 = VECTOR('',#13033,1.);
#13033 = DIRECTION('',(1.39534532385E-16,-1.));
#13034 = ( GEOMETRIC_REPRESENTATION_CONTEXT(2) 
PARAMETRIC_REPRESENTATION_CONTEXT() REPRESENTATION_CONTEXT('2D SPACE',''
  ) );
#13035 = ORIENTED_EDGE('',*,*,#12988,.T.);
#13036 = ADVANCED_FACE('',(#13037),#12976,.F.);
#13037 = FACE_BOUND('',#13038,.T.);
#13038 = EDGE_LOOP('',(#13039,#13040));
#13039 = ORIENTED_EDGE('',*,*,#12959,.F.);
#13040 = ORIENTED_EDGE('',*,*,#13015,.F.);
#13041 = ADVANCED_FACE('',(#13042),#5005,.T.);
#13042 = FACE_BOUND('',#13043,.T.);
#13043 = EDGE_LOOP('',(#13044,#13066,#13067,#13089));
#13044 = ORIENTED_EDGE('',*,*,#13045,.F.);
#13045 = EDGE_CURVE('',#4880,#11265,#13046,.T.);
#13046 = SURFACE_CURVE('',#13047,(#13052,#13058),.PCURVE_S1.);
#13047 = B_SPLINE_CURVE_WITH_KNOTS('',3,(#13048,#13049,#13050,#13051),
  .UNSPECIFIED.,.F.,.F.,(4,4),(0.,1.469222508299E-03),
  .PIECEWISE_BEZIER_KNOTS.);
#13048 = CARTESIAN_POINT('',(-18.91901873418,22.95941543131,
    67.526549983528));
#13049 = CARTESIAN_POINT('',(-18.61698355717,22.625383592832,
    67.719026851862));
#13050 = CARTESIAN_POINT('',(-18.31369169163,22.292710419164,
    67.911870554214));
#13051 = CARTESIAN_POINT('',(-18.00903056358,21.961517619306,
    68.105113951523));
#13052 = PCURVE('',#5005,#13053);
#13053 = DEFINITIONAL_REPRESENTATION('',(#13054),#13057);
#13054 = B_SPLINE_CURVE_WITH_KNOTS('',1,(#13055,#13056),.UNSPECIFIED.,
  .F.,.F.,(2,2),(0.,1.469222508299E-03),.PIECEWISE_BEZIER_KNOTS.);
#13055 = CARTESIAN_POINT('',(0.194922548653,1.));
#13056 = CARTESIAN_POINT('',(0.173712535551,7.105427357601E-15));
#13057 = ( GEOMETRIC_REPRESENTATION_CONTEXT(2) 
PARAMETRIC_REPRESENTATION_CONTEXT() REPRESENTATION_CONTEXT('2D SPACE',''
  ) );
#13058 = PCURVE('',#4923,#13059);
#13059 = DEFINITIONAL_REPRESENTATION('',(#13060),#13065);
#13060 = B_SPLINE_CURVE_WITH_KNOTS('',3,(#13061,#13062,#13063,#13064),
  .UNSPECIFIED.,.F.,.F.,(4,4),(0.,1.469222508299E-03),
  .PIECEWISE_BEZIER_KNOTS.);
#13061 = CARTESIAN_POINT('',(-0.515902684074,8.881784197001E-16));
#13062 = CARTESIAN_POINT('',(-0.38501811242,0.471931235473));
#13063 = CARTESIAN_POINT('',(-0.252317437972,0.943351027928));
#13064 = CARTESIAN_POINT('',(-0.1176379745,1.414213562373));
#13065 = ( GEOMETRIC_REPRESENTATION_CONTEXT(2) 
PARAMETRIC_REPRESENTATION_CONTEXT() REPRESENTATION_CONTEXT('2D SPACE',''
  ) );
#13066 = ORIENTED_EDGE('',*,*,#4990,.T.);
#13067 = ORIENTED_EDGE('',*,*,#13068,.T.);
#13068 = EDGE_CURVE('',#4961,#11288,#13069,.T.);
#13069 = SURFACE_CURVE('',#13070,(#13075,#13081),.PCURVE_S1.);
#13070 = B_SPLINE_CURVE_WITH_KNOTS('',3,(#13071,#13072,#13073,#13074),
  .UNSPECIFIED.,.F.,.F.,(4,4),(0.,1.469222508299E-03),
  .PIECEWISE_BEZIER_KNOTS.);
#13071 = CARTESIAN_POINT('',(-19.14728683326,21.711275321861,
    66.805935955351));
#13072 = CARTESIAN_POINT('',(-18.8003811677,21.622589445979,
    67.140063381234));
#13073 = CARTESIAN_POINT('',(-18.4527006005,21.532627887155,
    67.473036699752));
#13074 = CARTESIAN_POINT('',(-18.10417571609,21.44127636989,
    67.804752526129));
#13075 = PCURVE('',#5005,#13076);
#13076 = DEFINITIONAL_REPRESENTATION('',(#13077),#13080);
#13077 = B_SPLINE_CURVE_WITH_KNOTS('',1,(#13078,#13079),.UNSPECIFIED.,
  .F.,.F.,(2,2),(0.,1.469222508299E-03),.PIECEWISE_BEZIER_KNOTS.);
#13078 = CARTESIAN_POINT('',(0.119236716706,1.));
#13079 = CARTESIAN_POINT('',(0.140446729808,-2.6645352591E-14));
#13080 = ( GEOMETRIC_REPRESENTATION_CONTEXT(2) 
PARAMETRIC_REPRESENTATION_CONTEXT() REPRESENTATION_CONTEXT('2D SPACE',''
  ) );
#13081 = PCURVE('',#5087,#13082);
#13082 = DEFINITIONAL_REPRESENTATION('',(#13083),#13088);
#13083 = B_SPLINE_CURVE_WITH_KNOTS('',3,(#13084,#13085,#13086,#13087),
  .UNSPECIFIED.,.F.,.F.,(4,4),(0.,1.469222508299E-03),
  .PIECEWISE_BEZIER_KNOTS.);
#13084 = CARTESIAN_POINT('',(13.110330255582,1.414213562373));
#13085 = CARTESIAN_POINT('',(12.979445683928,0.9422823269));
#13086 = CARTESIAN_POINT('',(12.84674500948,0.470862534445));
#13087 = CARTESIAN_POINT('',(12.712065546008,-3.819167204711E-14));
#13088 = ( GEOMETRIC_REPRESENTATION_CONTEXT(2) 
PARAMETRIC_REPRESENTATION_CONTEXT() REPRESENTATION_CONTEXT('2D SPACE',''
  ) );
#13089 = ORIENTED_EDGE('',*,*,#11287,.F.);
#13090 = ADVANCED_FACE('',(#13091),#5087,.T.);
#13091 = FACE_BOUND('',#13092,.T.);
#13092 = EDGE_LOOP('',(#13093,#13094,#13095,#13116));
#13093 = ORIENTED_EDGE('',*,*,#13068,.F.);
#13094 = ORIENTED_EDGE('',*,*,#5073,.F.);
#13095 = ORIENTED_EDGE('',*,*,#13096,.F.);
#13096 = EDGE_CURVE('',#11312,#5044,#13097,.T.);
#13097 = SURFACE_CURVE('',#13098,(#13102,#13109),.PCURVE_S1.);
#13098 = LINE('',#13099,#13100);
#13099 = CARTESIAN_POINT('',(-18.75245017657,21.083503641594,
    66.257085627036));
#13100 = VECTOR('',#13101,1.);
#13101 = DIRECTION('',(-0.7935526691,0.356730749226,-0.492967883255));
#13102 = PCURVE('',#5087,#13103);
#13103 = DEFINITIONAL_REPRESENTATION('',(#13104),#13108);
#13104 = LINE('',#13105,#13106);
#13105 = CARTESIAN_POINT('',(12.21640125664,1.642513574985));
#13106 = VECTOR('',#13107,1.);
#13107 = DIRECTION('',(0.516964862336,0.856006618613));
#13108 = ( GEOMETRIC_REPRESENTATION_CONTEXT(2) 
PARAMETRIC_REPRESENTATION_CONTEXT() REPRESENTATION_CONTEXT('2D SPACE',''
  ) );
#13109 = PCURVE('',#5168,#13110);
#13110 = DEFINITIONAL_REPRESENTATION('',(#13111),#13115);
#13111 = LINE('',#13112,#13113);
#13112 = CARTESIAN_POINT('',(0.378026314868,-0.228300012612));
#13113 = VECTOR('',#13114,1.);
#13114 = DIRECTION('',(-0.516964862336,-0.856006618613));
#13115 = ( GEOMETRIC_REPRESENTATION_CONTEXT(2) 
PARAMETRIC_REPRESENTATION_CONTEXT() REPRESENTATION_CONTEXT('2D SPACE',''
  ) );
#13116 = ORIENTED_EDGE('',*,*,#11311,.F.);
#13117 = ADVANCED_FACE('',(#13118),#4923,.F.);
#13118 = FACE_BOUND('',#13119,.T.);
#13119 = EDGE_LOOP('',(#13120,#13121,#13122,#13143));
#13120 = ORIENTED_EDGE('',*,*,#13045,.T.);
#13121 = ORIENTED_EDGE('',*,*,#11264,.F.);
#13122 = ORIENTED_EDGE('',*,*,#13123,.T.);
#13123 = EDGE_CURVE('',#11242,#4799,#13124,.T.);
#13124 = SURFACE_CURVE('',#13125,(#13129,#13136),.PCURVE_S1.);
#13125 = LINE('',#13126,#13127);
#13126 = CARTESIAN_POINT('',(-18.29070261741,23.608278900765,
    67.714765302562));
#13127 = VECTOR('',#13128,1.);
#13128 = DIRECTION('',(-0.774012768736,0.463572368691,-0.431282845497));
#13129 = PCURVE('',#4923,#13130);
#13130 = DEFINITIONAL_REPRESENTATION('',(#13131),#13135);
#13131 = LINE('',#13132,#13133);
#13132 = CARTESIAN_POINT('',(0.378026314868,-0.228300012612));
#13133 = VECTOR('',#13134,1.);
#13134 = DIRECTION('',(-0.516964862336,-0.856006618613));
#13135 = ( GEOMETRIC_REPRESENTATION_CONTEXT(2) 
PARAMETRIC_REPRESENTATION_CONTEXT() REPRESENTATION_CONTEXT('2D SPACE',''
  ) );
#13136 = PCURVE('',#4842,#13137);
#13137 = DEFINITIONAL_REPRESENTATION('',(#13138),#13142);
#13138 = LINE('',#13139,#13140);
#13139 = CARTESIAN_POINT('',(12.21640125664,1.642513574985));
#13140 = VECTOR('',#13141,1.);
#13141 = DIRECTION('',(0.516964862336,0.856006618613));
#13142 = ( GEOMETRIC_REPRESENTATION_CONTEXT(2) 
PARAMETRIC_REPRESENTATION_CONTEXT() REPRESENTATION_CONTEXT('2D SPACE',''
  ) );
#13143 = ORIENTED_EDGE('',*,*,#4909,.F.);
#13144 = ADVANCED_FACE('',(#13145),#5168,.F.);
#13145 = FACE_BOUND('',#13146,.T.);
#13146 = EDGE_LOOP('',(#13147,#13148,#13149,#13171));
#13147 = ORIENTED_EDGE('',*,*,#13096,.T.);
#13148 = ORIENTED_EDGE('',*,*,#5154,.F.);
#13149 = ORIENTED_EDGE('',*,*,#13150,.T.);
#13150 = EDGE_CURVE('',#5125,#11335,#13151,.T.);
#13151 = SURFACE_CURVE('',#13152,(#13157,#13165),.PCURVE_S1.);
#13152 = B_SPLINE_CURVE_WITH_KNOTS('',3,(#13153,#13154,#13155,#13156),
  .UNSPECIFIED.,.F.,.F.,(4,4),(0.,1.469222508299E-03),
  .PIECEWISE_BEZIER_KNOTS.);
#13153 = CARTESIAN_POINT('',(-19.27040342731,20.356513114338,
    66.02376363015));
#13154 = CARTESIAN_POINT('',(-18.94188844141,20.065458110469,
    66.241053185514));
#13155 = CARTESIAN_POINT('',(-18.61234499841,19.775917521627,
    66.458799497326));
#13156 = CARTESIAN_POINT('',(-18.28168096928,19.488027008896,
    66.677043481765));
#13157 = PCURVE('',#5168,#13158);
#13158 = DEFINITIONAL_REPRESENTATION('',(#13159),#13164);
#13159 = B_SPLINE_CURVE_WITH_KNOTS('',3,(#13160,#13161,#13162,#13163),
  .UNSPECIFIED.,.F.,.F.,(4,4),(0.,1.469222508299E-03),
  .PIECEWISE_BEZIER_KNOTS.);
#13160 = CARTESIAN_POINT('',(-0.515902684074,-3.552713678801E-14));
#13161 = CARTESIAN_POINT('',(-0.38501811242,0.471931235473));
#13162 = CARTESIAN_POINT('',(-0.252317437972,0.943351027928));
#13163 = CARTESIAN_POINT('',(-0.1176379745,1.414213562373));
#13164 = ( GEOMETRIC_REPRESENTATION_CONTEXT(2) 
PARAMETRIC_REPRESENTATION_CONTEXT() REPRESENTATION_CONTEXT('2D SPACE',''
  ) );
#13165 = PCURVE('',#5250,#13166);
#13166 = DEFINITIONAL_REPRESENTATION('',(#13167),#13170);
#13167 = B_SPLINE_CURVE_WITH_KNOTS('',1,(#13168,#13169),.UNSPECIFIED.,
  .F.,.F.,(2,2),(0.,1.469222508299E-03),.PIECEWISE_BEZIER_KNOTS.);
#13168 = CARTESIAN_POINT('',(3.784291597359E-02,1.));
#13169 = CARTESIAN_POINT('',(1.663290287113E-02,-3.01980662698E-14));
#13170 = ( GEOMETRIC_REPRESENTATION_CONTEXT(2) 
PARAMETRIC_REPRESENTATION_CONTEXT() REPRESENTATION_CONTEXT('2D SPACE',''
  ) );
#13171 = ORIENTED_EDGE('',*,*,#11334,.F.);
#13172 = ADVANCED_FACE('',(#13173),#4842,.T.);
#13173 = FACE_BOUND('',#13174,.T.);
#13174 = EDGE_LOOP('',(#13175,#13176,#13177,#13199));
#13175 = ORIENTED_EDGE('',*,*,#13123,.F.);
#13176 = ORIENTED_EDGE('',*,*,#11241,.F.);
#13177 = ORIENTED_EDGE('',*,*,#13178,.F.);
#13178 = EDGE_CURVE('',#4716,#11218,#13179,.T.);
#13179 = SURFACE_CURVE('',#13180,(#13185,#13193),.PCURVE_S1.);
#13180 = B_SPLINE_CURVE_WITH_KNOTS('',3,(#13181,#13182,#13183,#13184),
  .UNSPECIFIED.,.F.,.F.,(4,4),(0.,1.469222508299E-03),
  .PIECEWISE_BEZIER_KNOTS.);
#13181 = CARTESIAN_POINT('',(-18.55270049118,24.280818897085,
    68.289462630202));
#13182 = CARTESIAN_POINT('',(-18.19594611475,24.14417318704,
    68.59590043292));
#13183 = CARTESIAN_POINT('',(-17.8386894728,24.006164745305,
    68.901133870655));
#13184 = CARTESIAN_POINT('',(-17.48088557246,23.866671498569,
    69.205055056563));
#13185 = PCURVE('',#4842,#13186);
#13186 = DEFINITIONAL_REPRESENTATION('',(#13187),#13192);
#13187 = B_SPLINE_CURVE_WITH_KNOTS('',3,(#13188,#13189,#13190,#13191),
  .UNSPECIFIED.,.F.,.F.,(4,4),(0.,1.469222508299E-03),
  .PIECEWISE_BEZIER_KNOTS.);
#13188 = CARTESIAN_POINT('',(13.110330255582,1.414213562373));
#13189 = CARTESIAN_POINT('',(12.979445683928,0.9422823269));
#13190 = CARTESIAN_POINT('',(12.84674500948,0.470862534445));
#13191 = CARTESIAN_POINT('',(12.712065546008,5.240252676231E-14));
#13192 = ( GEOMETRIC_REPRESENTATION_CONTEXT(2) 
PARAMETRIC_REPRESENTATION_CONTEXT() REPRESENTATION_CONTEXT('2D SPACE',''
  ) );
#13193 = PCURVE('',#4760,#13194);
#13194 = DEFINITIONAL_REPRESENTATION('',(#13195),#13198);
#13195 = B_SPLINE_CURVE_WITH_KNOTS('',1,(#13196,#13197),.UNSPECIFIED.,
  .F.,.F.,(2,2),(0.,1.469222508299E-03),.PIECEWISE_BEZIER_KNOTS.);
#13196 = CARTESIAN_POINT('',(0.276316349385,1.));
#13197 = CARTESIAN_POINT('',(0.297526362488,5.151434834261E-14));
#13198 = ( GEOMETRIC_REPRESENTATION_CONTEXT(2) 
PARAMETRIC_REPRESENTATION_CONTEXT() REPRESENTATION_CONTEXT('2D SPACE',''
  ) );
#13199 = ORIENTED_EDGE('',*,*,#4828,.F.);
#13200 = ADVANCED_FACE('',(#13201),#5250,.T.);
#13201 = FACE_BOUND('',#13202,.T.);
#13202 = EDGE_LOOP('',(#13203,#13204,#13205,#13227));
#13203 = ORIENTED_EDGE('',*,*,#13150,.F.);
#13204 = ORIENTED_EDGE('',*,*,#5235,.T.);
#13205 = ORIENTED_EDGE('',*,*,#13206,.T.);
#13206 = EDGE_CURVE('',#5206,#11358,#13207,.T.);
#13207 = SURFACE_CURVE('',#13208,(#13213,#13219),.PCURVE_S1.);
#13208 = B_SPLINE_CURVE_WITH_KNOTS('',3,(#13209,#13210,#13211,#13212),
  .UNSPECIFIED.,.F.,.F.,(4,4),(0.,1.469222508299E-03),
  .PIECEWISE_BEZIER_KNOTS.);
#13209 = CARTESIAN_POINT('',(-19.27040342731,19.092814781423,
    65.294167057467));
#13210 = CARTESIAN_POINT('',(-18.94188844141,19.050164008436,
    65.654872862398));
#13211 = CARTESIAN_POINT('',(-18.61234499841,19.006360465247,
    66.014495523668));
#13212 = CARTESIAN_POINT('',(-18.28168096928,18.961300886865,
    66.372938013421));
#13213 = PCURVE('',#5250,#13214);
#13214 = DEFINITIONAL_REPRESENTATION('',(#13215),#13218);
#13215 = B_SPLINE_CURVE_WITH_KNOTS('',1,(#13216,#13217),.UNSPECIFIED.,
  .F.,.F.,(2,2),(0.,1.469222508299E-03),.PIECEWISE_BEZIER_KNOTS.);
#13216 = CARTESIAN_POINT('',(-3.784291597359E-02,1.));
#13217 = CARTESIAN_POINT('',(-1.663290287113E-02,-2.84217094304E-14));
#13218 = ( GEOMETRIC_REPRESENTATION_CONTEXT(2) 
PARAMETRIC_REPRESENTATION_CONTEXT() REPRESENTATION_CONTEXT('2D SPACE',''
  ) );
#13219 = PCURVE('',#5332,#13220);
#13220 = DEFINITIONAL_REPRESENTATION('',(#13221),#13226);
#13221 = B_SPLINE_CURVE_WITH_KNOTS('',3,(#13222,#13223,#13224,#13225),
  .UNSPECIFIED.,.F.,.F.,(4,4),(0.,1.469222508299E-03),
  .PIECEWISE_BEZIER_KNOTS.);
#13222 = CARTESIAN_POINT('',(13.110330255582,1.414213562373));
#13223 = CARTESIAN_POINT('',(12.979445683928,0.9422823269));
#13224 = CARTESIAN_POINT('',(12.84674500948,0.470862534445));
#13225 = CARTESIAN_POINT('',(12.712065546008,-3.37507799486E-14));
#13226 = ( GEOMETRIC_REPRESENTATION_CONTEXT(2) 
PARAMETRIC_REPRESENTATION_CONTEXT() REPRESENTATION_CONTEXT('2D SPACE',''
  ) );
#13227 = ORIENTED_EDGE('',*,*,#11357,.F.);
#13228 = ADVANCED_FACE('',(#13229),#4760,.T.);
#13229 = FACE_BOUND('',#13230,.T.);
#13230 = EDGE_LOOP('',(#13231,#13232,#13233,#13255));
#13231 = ORIENTED_EDGE('',*,*,#13178,.T.);
#13232 = ORIENTED_EDGE('',*,*,#11217,.F.);
#13233 = ORIENTED_EDGE('',*,*,#13234,.F.);
#13234 = EDGE_CURVE('',#4635,#11195,#13235,.T.);
#13235 = SURFACE_CURVE('',#13236,(#13241,#13247),.PCURVE_S1.);
#13236 = B_SPLINE_CURVE_WITH_KNOTS('',3,(#13237,#13238,#13239,#13240),
  .UNSPECIFIED.,.F.,.F.,(4,4),(0.,1.469222508299E-03),
  .PIECEWISE_BEZIER_KNOTS.);
#13237 = CARTESIAN_POINT('',(-18.10178501119,25.482667431235,
    68.983350204918));
#13238 = CARTESIAN_POINT('',(-17.83366675153,25.109775258735,
    69.153391048943));
#13239 = CARTESIAN_POINT('',(-17.56409451574,24.738056998437,
    69.323692060019));
#13240 = CARTESIAN_POINT('',(-17.29293805686,24.367617809229,
    69.494276543873));
#13241 = PCURVE('',#4760,#13242);
#13242 = DEFINITIONAL_REPRESENTATION('',(#13243),#13246);
#13243 = B_SPLINE_CURVE_WITH_KNOTS('',1,(#13244,#13245),.UNSPECIFIED.,
  .F.,.F.,(2,2),(0.,1.469222508299E-03),.PIECEWISE_BEZIER_KNOTS.);
#13244 = CARTESIAN_POINT('',(0.352002181333,1.));
#13245 = CARTESIAN_POINT('',(0.33079216823,5.506706202141E-14));
#13246 = ( GEOMETRIC_REPRESENTATION_CONTEXT(2) 
PARAMETRIC_REPRESENTATION_CONTEXT() REPRESENTATION_CONTEXT('2D SPACE',''
  ) );
#13247 = PCURVE('',#4678,#13248);
#13248 = DEFINITIONAL_REPRESENTATION('',(#13249),#13254);
#13249 = B_SPLINE_CURVE_WITH_KNOTS('',3,(#13250,#13251,#13252,#13253),
  .UNSPECIFIED.,.F.,.F.,(4,4),(0.,1.469222508299E-03),
  .PIECEWISE_BEZIER_KNOTS.);
#13250 = CARTESIAN_POINT('',(-0.515902684074,-1.33226762955E-14));
#13251 = CARTESIAN_POINT('',(-0.38501811242,0.471931235473));
#13252 = CARTESIAN_POINT('',(-0.252317437972,0.943351027928));
#13253 = CARTESIAN_POINT('',(-0.1176379745,1.414213562373));
#13254 = ( GEOMETRIC_REPRESENTATION_CONTEXT(2) 
PARAMETRIC_REPRESENTATION_CONTEXT() REPRESENTATION_CONTEXT('2D SPACE',''
  ) );
#13255 = ORIENTED_EDGE('',*,*,#4745,.T.);
#13256 = ADVANCED_FACE('',(#13257),#5332,.T.);
#13257 = FACE_BOUND('',#13258,.T.);
#13258 = EDGE_LOOP('',(#13259,#13260,#13261,#13282));
#13259 = ORIENTED_EDGE('',*,*,#13206,.F.);
#13260 = ORIENTED_EDGE('',*,*,#5318,.F.);
#13261 = ORIENTED_EDGE('',*,*,#13262,.F.);
#13262 = EDGE_CURVE('',#11382,#5289,#13263,.T.);
#13263 = SURFACE_CURVE('',#13264,(#13268,#13275),.PCURVE_S1.);
#13264 = LINE('',#13265,#13266);
#13265 = CARTESIAN_POINT('',(-18.75245017657,18.52725674123,
    64.781235790996));
#13266 = VECTOR('',#13267,1.);
#13267 = DIRECTION('',(-0.7935526691,0.248557335536,-0.555421832769));
#13268 = PCURVE('',#5332,#13269);
#13269 = DEFINITIONAL_REPRESENTATION('',(#13270),#13274);
#13270 = LINE('',#13271,#13272);
#13271 = CARTESIAN_POINT('',(12.21640125664,1.642513574985));
#13272 = VECTOR('',#13273,1.);
#13273 = DIRECTION('',(0.516964862336,0.856006618613));
#13274 = ( GEOMETRIC_REPRESENTATION_CONTEXT(2) 
PARAMETRIC_REPRESENTATION_CONTEXT() REPRESENTATION_CONTEXT('2D SPACE',''
  ) );
#13275 = PCURVE('',#5413,#13276);
#13276 = DEFINITIONAL_REPRESENTATION('',(#13277),#13281);
#13277 = LINE('',#13278,#13279);
#13278 = CARTESIAN_POINT('',(0.378026314868,-0.228300012612));
#13279 = VECTOR('',#13280,1.);
#13280 = DIRECTION('',(-0.516964862336,-0.856006618613));
#13281 = ( GEOMETRIC_REPRESENTATION_CONTEXT(2) 
PARAMETRIC_REPRESENTATION_CONTEXT() REPRESENTATION_CONTEXT('2D SPACE',''
  ) );
#13282 = ORIENTED_EDGE('',*,*,#11381,.F.);
#13283 = ADVANCED_FACE('',(#13284),#4678,.F.);
#13284 = FACE_BOUND('',#13285,.T.);
#13285 = EDGE_LOOP('',(#13286,#13287,#13288,#13309));
#13286 = ORIENTED_EDGE('',*,*,#13234,.T.);
#13287 = ORIENTED_EDGE('',*,*,#11194,.F.);
#13288 = ORIENTED_EDGE('',*,*,#13289,.T.);
#13289 = EDGE_CURVE('',#11172,#4554,#13290,.T.);
#13290 = SURFACE_CURVE('',#13291,(#13295,#13302),.PCURVE_S1.);
#13291 = LINE('',#13292,#13293);
#13292 = CARTESIAN_POINT('',(-17.37857725644,26.039414172614,
    69.118381906201));
#13293 = VECTOR('',#13294,1.);
#13294 = DIRECTION('',(-0.735414105205,0.566451398671,-0.371885609844));
#13295 = PCURVE('',#4678,#13296);
#13296 = DEFINITIONAL_REPRESENTATION('',(#13297),#13301);
#13297 = LINE('',#13298,#13299);
#13298 = CARTESIAN_POINT('',(0.378026314868,-0.228300012612));
#13299 = VECTOR('',#13300,1.);
#13300 = DIRECTION('',(-0.516964862336,-0.856006618613));
#13301 = ( GEOMETRIC_REPRESENTATION_CONTEXT(2) 
PARAMETRIC_REPRESENTATION_CONTEXT() REPRESENTATION_CONTEXT('2D SPACE',''
  ) );
#13302 = PCURVE('',#4597,#13303);
#13303 = DEFINITIONAL_REPRESENTATION('',(#13304),#13308);
#13304 = LINE('',#13305,#13306);
#13305 = CARTESIAN_POINT('',(12.21640125664,1.642513574985));
#13306 = VECTOR('',#13307,1.);
#13307 = DIRECTION('',(0.516964862336,0.856006618613));
#13308 = ( GEOMETRIC_REPRESENTATION_CONTEXT(2) 
PARAMETRIC_REPRESENTATION_CONTEXT() REPRESENTATION_CONTEXT('2D SPACE',''
  ) );
#13309 = ORIENTED_EDGE('',*,*,#4664,.F.);
#13310 = ADVANCED_FACE('',(#13311),#5413,.F.);
#13311 = FACE_BOUND('',#13312,.T.);
#13312 = EDGE_LOOP('',(#13313,#13314,#13315,#13337));
#13313 = ORIENTED_EDGE('',*,*,#13262,.T.);
#13314 = ORIENTED_EDGE('',*,*,#5399,.F.);
#13315 = ORIENTED_EDGE('',*,*,#13316,.T.);
#13316 = EDGE_CURVE('',#5370,#11405,#13317,.T.);
#13317 = SURFACE_CURVE('',#13318,(#13323,#13331),.PCURVE_S1.);
#13318 = B_SPLINE_CURVE_WITH_KNOTS('',3,(#13319,#13320,#13321,#13322),
  .UNSPECIFIED.,.F.,.F.,(4,4),(0.,1.469222508299E-03),
  .PIECEWISE_BEZIER_KNOTS.);
#13319 = CARTESIAN_POINT('',(-19.14728683326,17.738052573901,
    64.511994732266));
#13320 = CARTESIAN_POINT('',(-18.8003811677,17.493032672925,
    64.755862666678));
#13321 = CARTESIAN_POINT('',(-18.4527006005,17.249650099719,
    65.000258321243));
#13322 = CARTESIAN_POINT('',(-18.10417571609,17.008051525872,
    65.245228969057));
#13323 = PCURVE('',#5413,#13324);
#13324 = DEFINITIONAL_REPRESENTATION('',(#13325),#13330);
#13325 = B_SPLINE_CURVE_WITH_KNOTS('',3,(#13326,#13327,#13328,#13329),
  .UNSPECIFIED.,.F.,.F.,(4,4),(0.,1.469222508299E-03),
  .PIECEWISE_BEZIER_KNOTS.);
#13326 = CARTESIAN_POINT('',(-0.515902684074,7.105427357601E-15));
#13327 = CARTESIAN_POINT('',(-0.38501811242,0.471931235473));
#13328 = CARTESIAN_POINT('',(-0.252317437972,0.943351027928));
#13329 = CARTESIAN_POINT('',(-0.1176379745,1.414213562373));
#13330 = ( GEOMETRIC_REPRESENTATION_CONTEXT(2) 
PARAMETRIC_REPRESENTATION_CONTEXT() REPRESENTATION_CONTEXT('2D SPACE',''
  ) );
#13331 = PCURVE('',#5495,#13332);
#13332 = DEFINITIONAL_REPRESENTATION('',(#13333),#13336);
#13333 = B_SPLINE_CURVE_WITH_KNOTS('',1,(#13334,#13335),.UNSPECIFIED.,
  .F.,.F.,(2,2),(0.,1.469222508299E-03),.PIECEWISE_BEZIER_KNOTS.);
#13334 = CARTESIAN_POINT('',(6.163948590474,1.));
#13335 = CARTESIAN_POINT('',(6.142738577371,-1.95399252334E-14));
#13336 = ( GEOMETRIC_REPRESENTATION_CONTEXT(2) 
PARAMETRIC_REPRESENTATION_CONTEXT() REPRESENTATION_CONTEXT('2D SPACE',''
  ) );
#13337 = ORIENTED_EDGE('',*,*,#11404,.F.);
#13338 = ADVANCED_FACE('',(#13339),#4597,.T.);
#13339 = FACE_BOUND('',#13340,.T.);
#13340 = EDGE_LOOP('',(#13341,#13342,#13343,#13365));
#13341 = ORIENTED_EDGE('',*,*,#13289,.F.);
#13342 = ORIENTED_EDGE('',*,*,#11171,.F.);
#13343 = ORIENTED_EDGE('',*,*,#13344,.F.);
#13344 = EDGE_CURVE('',#4471,#11148,#13345,.T.);
#13345 = SURFACE_CURVE('',#13346,(#13351,#13359),.PCURVE_S1.);
#13346 = B_SPLINE_CURVE_WITH_KNOTS('',3,(#13347,#13348,#13349,#13350),
  .UNSPECIFIED.,.F.,.F.,(4,4),(0.,1.469222508299E-03),
  .PIECEWISE_BEZIER_KNOTS.);
#13347 = CARTESIAN_POINT('',(-17.50128509012,26.738174816449,
    69.708217731741));
#13348 = CARTESIAN_POINT('',(-17.14346647957,26.552825471256,
    69.986536477596));
#13349 = CARTESIAN_POINT('',(-16.78543060706,26.366064353052,
    70.263622544449));
#13350 = CARTESIAN_POINT('',(-16.4271580103,26.177764995411,
    70.539365509087));
#13351 = PCURVE('',#4597,#13352);
#13352 = DEFINITIONAL_REPRESENTATION('',(#13353),#13358);
#13353 = B_SPLINE_CURVE_WITH_KNOTS('',3,(#13354,#13355,#13356,#13357),
  .UNSPECIFIED.,.F.,.F.,(4,4),(0.,1.469222508299E-03),
  .PIECEWISE_BEZIER_KNOTS.);
#13354 = CARTESIAN_POINT('',(13.110330255582,1.414213562373));
#13355 = CARTESIAN_POINT('',(12.979445683928,0.9422823269));
#13356 = CARTESIAN_POINT('',(12.84674500948,0.470862534445));
#13357 = CARTESIAN_POINT('',(12.712065546008,-3.685940441756E-14));
#13358 = ( GEOMETRIC_REPRESENTATION_CONTEXT(2) 
PARAMETRIC_REPRESENTATION_CONTEXT() REPRESENTATION_CONTEXT('2D SPACE',''
  ) );
#13359 = PCURVE('',#4515,#13360);
#13360 = DEFINITIONAL_REPRESENTATION('',(#13361),#13364);
#13361 = B_SPLINE_CURVE_WITH_KNOTS('',1,(#13362,#13363),.UNSPECIFIED.,
  .F.,.F.,(2,2),(0.,1.469222508299E-03),.PIECEWISE_BEZIER_KNOTS.);
#13362 = CARTESIAN_POINT('',(0.433395982065,1.));
#13363 = CARTESIAN_POINT('',(0.454605995167,3.552713678801E-15));
#13364 = ( GEOMETRIC_REPRESENTATION_CONTEXT(2) 
PARAMETRIC_REPRESENTATION_CONTEXT() REPRESENTATION_CONTEXT('2D SPACE',''
  ) );
#13365 = ORIENTED_EDGE('',*,*,#4583,.F.);
#13366 = ADVANCED_FACE('',(#13367),#5495,.T.);
#13367 = FACE_BOUND('',#13368,.T.);
#13368 = EDGE_LOOP('',(#13369,#13370,#13371,#13393));
#13369 = ORIENTED_EDGE('',*,*,#13316,.F.);
#13370 = ORIENTED_EDGE('',*,*,#5480,.T.);
#13371 = ORIENTED_EDGE('',*,*,#13372,.T.);
#13372 = EDGE_CURVE('',#5451,#11428,#13373,.T.);
#13373 = SURFACE_CURVE('',#13374,(#13379,#13385),.PCURVE_S1.);
#13374 = B_SPLINE_CURVE_WITH_KNOTS('',3,(#13375,#13376,#13377,#13378),
  .UNSPECIFIED.,.F.,.F.,(4,4),(0.,1.469222508299E-03),
  .PIECEWISE_BEZIER_KNOTS.);
#13375 = CARTESIAN_POINT('',(-18.91901873418,16.489912464452,
    63.791380704089));
#13376 = CARTESIAN_POINT('',(-18.61698355717,16.490238526072,
    64.176899196051));
#13377 = CARTESIAN_POINT('',(-18.31369169163,16.48956756771,
    64.561424466781));
#13378 = CARTESIAN_POINT('',(-18.00903056358,16.487810276455,
    64.944867543663));
#13379 = PCURVE('',#5495,#13380);
#13380 = DEFINITIONAL_REPRESENTATION('',(#13381),#13384);
#13381 = B_SPLINE_CURVE_WITH_KNOTS('',1,(#13382,#13383),.UNSPECIFIED.,
  .F.,.F.,(2,2),(0.,1.469222508299E-03),.PIECEWISE_BEZIER_KNOTS.);
#13382 = CARTESIAN_POINT('',(6.088262758526,1.));
#13383 = CARTESIAN_POINT('',(6.109472771629,-3.552713678801E-14));
#13384 = ( GEOMETRIC_REPRESENTATION_CONTEXT(2) 
PARAMETRIC_REPRESENTATION_CONTEXT() REPRESENTATION_CONTEXT('2D SPACE',''
  ) );
#13385 = PCURVE('',#5577,#13386);
#13386 = DEFINITIONAL_REPRESENTATION('',(#13387),#13392);
#13387 = B_SPLINE_CURVE_WITH_KNOTS('',3,(#13388,#13389,#13390,#13391),
  .UNSPECIFIED.,.F.,.F.,(4,4),(0.,1.469222508299E-03),
  .PIECEWISE_BEZIER_KNOTS.);
#13388 = CARTESIAN_POINT('',(13.110330255582,1.414213562373));
#13389 = CARTESIAN_POINT('',(12.979445683928,0.9422823269));
#13390 = CARTESIAN_POINT('',(12.84674500948,0.470862534445));
#13391 = CARTESIAN_POINT('',(12.712065546008,-1.24344978758E-14));
#13392 = ( GEOMETRIC_REPRESENTATION_CONTEXT(2) 
PARAMETRIC_REPRESENTATION_CONTEXT() REPRESENTATION_CONTEXT('2D SPACE',''
  ) );
#13393 = ORIENTED_EDGE('',*,*,#11427,.F.);
#13394 = ADVANCED_FACE('',(#13395),#4515,.T.);
#13395 = FACE_BOUND('',#13396,.T.);
#13396 = EDGE_LOOP('',(#13397,#13398,#13399,#13421));
#13397 = ORIENTED_EDGE('',*,*,#13344,.T.);
#13398 = ORIENTED_EDGE('',*,*,#11147,.F.);
#13399 = ORIENTED_EDGE('',*,*,#13400,.F.);
#13400 = EDGE_CURVE('',#4390,#11125,#13401,.T.);
#13401 = SURFACE_CURVE('',#13402,(#13407,#13413),.PCURVE_S1.);
#13402 = B_SPLINE_CURVE_WITH_KNOTS('',3,(#13403,#13404,#13405,#13406),
  .UNSPECIFIED.,.F.,.F.,(4,4),(0.,1.469222508299E-03),
  .PIECEWISE_BEZIER_KNOTS.);
#13403 = CARTESIAN_POINT('',(-16.83882526484,27.864138275682,
    70.358293038027));
#13404 = CARTESIAN_POINT('',(-16.61122588391,27.457459140138,
    70.508826969843));
#13405 = CARTESIAN_POINT('',(-16.38201104099,27.051744711022,
    70.659500283701));
#13406 = CARTESIAN_POINT('',(-16.15103602321,26.647081406601,
    70.810325465423));
#13407 = PCURVE('',#4515,#13408);
#13408 = DEFINITIONAL_REPRESENTATION('',(#13409),#13412);
#13409 = B_SPLINE_CURVE_WITH_KNOTS('',1,(#13410,#13411),.UNSPECIFIED.,
  .F.,.F.,(2,2),(0.,1.469222508299E-03),.PIECEWISE_BEZIER_KNOTS.);
#13410 = CARTESIAN_POINT('',(0.509081814012,1.));
#13411 = CARTESIAN_POINT('',(0.48787180091,1.59872115546E-14));
#13412 = ( GEOMETRIC_REPRESENTATION_CONTEXT(2) 
PARAMETRIC_REPRESENTATION_CONTEXT() REPRESENTATION_CONTEXT('2D SPACE',''
  ) );
#13413 = PCURVE('',#4433,#13414);
#13414 = DEFINITIONAL_REPRESENTATION('',(#13415),#13420);
#13415 = B_SPLINE_CURVE_WITH_KNOTS('',3,(#13416,#13417,#13418,#13419),
  .UNSPECIFIED.,.F.,.F.,(4,4),(0.,1.469222508299E-03),
  .PIECEWISE_BEZIER_KNOTS.);
#13416 = CARTESIAN_POINT('',(-0.515902684074,2.6645352591E-15));
#13417 = CARTESIAN_POINT('',(-0.385018112421,0.471931235473));
#13418 = CARTESIAN_POINT('',(-0.252317437972,0.943351027928));
#13419 = CARTESIAN_POINT('',(-0.1176379745,1.414213562373));
#13420 = ( GEOMETRIC_REPRESENTATION_CONTEXT(2) 
PARAMETRIC_REPRESENTATION_CONTEXT() REPRESENTATION_CONTEXT('2D SPACE',''
  ) );
#13421 = ORIENTED_EDGE('',*,*,#4500,.T.);
#13422 = ADVANCED_FACE('',(#13423),#5577,.T.);
#13423 = FACE_BOUND('',#13424,.T.);
#13424 = EDGE_LOOP('',(#13425,#13426,#13427,#13448));
#13425 = ORIENTED_EDGE('',*,*,#13372,.F.);
#13426 = ORIENTED_EDGE('',*,*,#5563,.F.);
#13427 = ORIENTED_EDGE('',*,*,#13428,.F.);
#13428 = EDGE_CURVE('',#11452,#5534,#13429,.T.);
#13429 = SURFACE_CURVE('',#13430,(#13434,#13441),.PCURVE_S1.);
#13430 = LINE('',#13431,#13432);
#13431 = CARTESIAN_POINT('',(-18.29070261741,16.002481482059,
    63.323556115471));
#13432 = VECTOR('',#13433,1.);
#13433 = DIRECTION('',(-0.774012768736,0.141715716071,-0.617106870527));
#13434 = PCURVE('',#5577,#13435);
#13435 = DEFINITIONAL_REPRESENTATION('',(#13436),#13440);
#13436 = LINE('',#13437,#13438);
#13437 = CARTESIAN_POINT('',(12.21640125664,1.642513574985));
#13438 = VECTOR('',#13439,1.);
#13439 = DIRECTION('',(0.516964862336,0.856006618613));
#13440 = ( GEOMETRIC_REPRESENTATION_CONTEXT(2) 
PARAMETRIC_REPRESENTATION_CONTEXT() REPRESENTATION_CONTEXT('2D SPACE',''
  ) );
#13441 = PCURVE('',#5658,#13442);
#13442 = DEFINITIONAL_REPRESENTATION('',(#13443),#13447);
#13443 = LINE('',#13444,#13445);
#13444 = CARTESIAN_POINT('',(0.378026314868,-0.228300012612));
#13445 = VECTOR('',#13446,1.);
#13446 = DIRECTION('',(-0.516964862336,-0.856006618613));
#13447 = ( GEOMETRIC_REPRESENTATION_CONTEXT(2) 
PARAMETRIC_REPRESENTATION_CONTEXT() REPRESENTATION_CONTEXT('2D SPACE',''
  ) );
#13448 = ORIENTED_EDGE('',*,*,#11451,.F.);
#13449 = ADVANCED_FACE('',(#13450),#4433,.F.);
#13450 = FACE_BOUND('',#13451,.T.);
#13451 = EDGE_LOOP('',(#13452,#13453,#13454,#13475));
#13452 = ORIENTED_EDGE('',*,*,#13400,.T.);
#13453 = ORIENTED_EDGE('',*,*,#11124,.F.);
#13454 = ORIENTED_EDGE('',*,*,#13455,.T.);
#13455 = EDGE_CURVE('',#11102,#4309,#13456,.T.);
#13456 = SURFACE_CURVE('',#13457,(#13461,#13468),.PCURVE_S1.);
#13457 = LINE('',#13458,#13459);
#13458 = CARTESIAN_POINT('',(-16.03853364723,28.317046838274,
    70.433373738835));
#13459 = VECTOR('',#13460,1.);
#13460 = DIRECTION('',(-0.678707105705,0.662834616013,-0.316238733366));
#13461 = PCURVE('',#4433,#13462);
#13462 = DEFINITIONAL_REPRESENTATION('',(#13463),#13467);
#13463 = LINE('',#13464,#13465);
#13464 = CARTESIAN_POINT('',(0.378026314868,-0.228300012612));
#13465 = VECTOR('',#13466,1.);
#13466 = DIRECTION('',(-0.516964862336,-0.856006618613));
#13467 = ( GEOMETRIC_REPRESENTATION_CONTEXT(2) 
PARAMETRIC_REPRESENTATION_CONTEXT() REPRESENTATION_CONTEXT('2D SPACE',''
  ) );
#13468 = PCURVE('',#4352,#13469);
#13469 = DEFINITIONAL_REPRESENTATION('',(#13470),#13474);
#13470 = LINE('',#13471,#13472);
#13471 = CARTESIAN_POINT('',(12.21640125664,1.642513574985));
#13472 = VECTOR('',#13473,1.);
#13473 = DIRECTION('',(0.516964862336,0.856006618613));
#13474 = ( GEOMETRIC_REPRESENTATION_CONTEXT(2) 
PARAMETRIC_REPRESENTATION_CONTEXT() REPRESENTATION_CONTEXT('2D SPACE',''
  ) );
#13475 = ORIENTED_EDGE('',*,*,#4419,.F.);
#13476 = ADVANCED_FACE('',(#13477),#5658,.F.);
#13477 = FACE_BOUND('',#13478,.T.);
#13478 = EDGE_LOOP('',(#13479,#13480,#13481,#13503));
#13479 = ORIENTED_EDGE('',*,*,#13428,.T.);
#13480 = ORIENTED_EDGE('',*,*,#5644,.F.);
#13481 = ORIENTED_EDGE('',*,*,#13482,.T.);
#13482 = EDGE_CURVE('',#5615,#11475,#13483,.T.);
#13483 = SURFACE_CURVE('',#13484,(#13489,#13497),.PCURVE_S1.);
#13484 = B_SPLINE_CURVE_WITH_KNOTS('',3,(#13485,#13486,#13487,#13488),
  .UNSPECIFIED.,.F.,.F.,(4,4),(0.,1.469222508299E-03),
  .PIECEWISE_BEZIER_KNOTS.);
#13485 = CARTESIAN_POINT('',(-18.55270049118,15.168508998676,
    63.028468057416));
#13486 = CARTESIAN_POINT('',(-18.19594611475,14.971448931865,
    63.300025614992));
#13487 = CARTESIAN_POINT('',(-17.8386894728,14.776113241569,
    63.572161150339));
#13488 = CARTESIAN_POINT('',(-17.48088557246,14.582656397192,
    63.844926438623));
#13489 = PCURVE('',#5658,#13490);
#13490 = DEFINITIONAL_REPRESENTATION('',(#13491),#13496);
#13491 = B_SPLINE_CURVE_WITH_KNOTS('',3,(#13492,#13493,#13494,#13495),
  .UNSPECIFIED.,.F.,.F.,(4,4),(0.,1.469222508299E-03),
  .PIECEWISE_BEZIER_KNOTS.);
#13492 = CARTESIAN_POINT('',(-0.515902684074,5.329070518201E-15));
#13493 = CARTESIAN_POINT('',(-0.38501811242,0.471931235473));
#13494 = CARTESIAN_POINT('',(-0.252317437972,0.943351027928));
#13495 = CARTESIAN_POINT('',(-0.1176379745,1.414213562373));
#13496 = ( GEOMETRIC_REPRESENTATION_CONTEXT(2) 
PARAMETRIC_REPRESENTATION_CONTEXT() REPRESENTATION_CONTEXT('2D SPACE',''
  ) );
#13497 = PCURVE('',#5740,#13498);
#13498 = DEFINITIONAL_REPRESENTATION('',(#13499),#13502);
#13499 = B_SPLINE_CURVE_WITH_KNOTS('',1,(#13500,#13501),.UNSPECIFIED.,
  .F.,.F.,(2,2),(0.,1.469222508299E-03),.PIECEWISE_BEZIER_KNOTS.);
#13500 = CARTESIAN_POINT('',(6.006868957794,1.));
#13501 = CARTESIAN_POINT('',(5.985658944692,6.750155989721E-14));
#13502 = ( GEOMETRIC_REPRESENTATION_CONTEXT(2) 
PARAMETRIC_REPRESENTATION_CONTEXT() REPRESENTATION_CONTEXT('2D SPACE',''
  ) );
#13503 = ORIENTED_EDGE('',*,*,#11474,.F.);
#13504 = ADVANCED_FACE('',(#13505),#4352,.T.);
#13505 = FACE_BOUND('',#13506,.T.);
#13506 = EDGE_LOOP('',(#13507,#13508,#13509,#13531));
#13507 = ORIENTED_EDGE('',*,*,#13455,.F.);
#13508 = ORIENTED_EDGE('',*,*,#11101,.F.);
#13509 = ORIENTED_EDGE('',*,*,#13510,.F.);
#13510 = EDGE_CURVE('',#4226,#11078,#13511,.T.);
#13511 = SURFACE_CURVE('',#13512,(#13517,#13525),.PCURVE_S1.);
#13512 = B_SPLINE_CURVE_WITH_KNOTS('',3,(#13513,#13514,#13515,#13516),
  .UNSPECIFIED.,.F.,.F.,(4,4),(0.,1.469222508299E-03),
  .PIECEWISE_BEZIER_KNOTS.);
#13513 = CARTESIAN_POINT('',(-16.0189299667,29.022834821721,
    71.027266800792));
#13514 = CARTESIAN_POINT('',(-15.66885780376,28.789237285532,
    71.277729440587));
#13515 = CARTESIAN_POINT('',(-15.31885873213,28.554218149995,
    71.526953728142));
#13516 = CARTESIAN_POINT('',(-14.96893929932,28.317650068443,
    71.774828732037));
#13517 = PCURVE('',#4352,#13518);
#13518 = DEFINITIONAL_REPRESENTATION('',(#13519),#13524);
#13519 = B_SPLINE_CURVE_WITH_KNOTS('',3,(#13520,#13521,#13522,#13523),
  .UNSPECIFIED.,.F.,.F.,(4,4),(0.,1.469222508299E-03),
  .PIECEWISE_BEZIER_KNOTS.);
#13520 = CARTESIAN_POINT('',(13.110330255582,1.414213562373));
#13521 = CARTESIAN_POINT('',(12.979445683928,0.9422823269));
#13522 = CARTESIAN_POINT('',(12.84674500948,0.470862534445));
#13523 = CARTESIAN_POINT('',(12.712065546008,-3.907985046681E-14));
#13524 = ( GEOMETRIC_REPRESENTATION_CONTEXT(2) 
PARAMETRIC_REPRESENTATION_CONTEXT() REPRESENTATION_CONTEXT('2D SPACE',''
  ) );
#13525 = PCURVE('',#4270,#13526);
#13526 = DEFINITIONAL_REPRESENTATION('',(#13527),#13530);
#13527 = B_SPLINE_CURVE_WITH_KNOTS('',1,(#13528,#13529),.UNSPECIFIED.,
  .F.,.F.,(2,2),(0.,1.469222508299E-03),.PIECEWISE_BEZIER_KNOTS.);
#13528 = CARTESIAN_POINT('',(0.590475614744,1.));
#13529 = CARTESIAN_POINT('',(0.611685627847,-3.907985046681E-14));
#13530 = ( GEOMETRIC_REPRESENTATION_CONTEXT(2) 
PARAMETRIC_REPRESENTATION_CONTEXT() REPRESENTATION_CONTEXT('2D SPACE',''
  ) );
#13531 = ORIENTED_EDGE('',*,*,#4338,.F.);
#13532 = ADVANCED_FACE('',(#13533),#5740,.T.);
#13533 = FACE_BOUND('',#13534,.T.);
#13534 = EDGE_LOOP('',(#13535,#13536,#13537,#13559));
#13535 = ORIENTED_EDGE('',*,*,#13482,.F.);
#13536 = ORIENTED_EDGE('',*,*,#5725,.T.);
#13537 = ORIENTED_EDGE('',*,*,#13538,.T.);
#13538 = EDGE_CURVE('',#5696,#11498,#13539,.T.);
#13539 = SURFACE_CURVE('',#13540,(#13545,#13551),.PCURVE_S1.);
#13540 = B_SPLINE_CURVE_WITH_KNOTS('',3,(#13541,#13542,#13543,#13544),
  .UNSPECIFIED.,.F.,.F.,(4,4),(0.,1.469222508299E-03),
  .PIECEWISE_BEZIER_KNOTS.);
#13541 = CARTESIAN_POINT('',(-18.10178501119,13.966660464526,
    62.334580482699));
#13542 = CARTESIAN_POINT('',(-17.83366675153,14.00584686017,
    62.742534998969));
#13543 = CARTESIAN_POINT('',(-17.56409451574,14.044220988437,
    63.149602960976));
#13544 = CARTESIAN_POINT('',(-17.29293805686,14.081710086532,
    63.555704951314));
#13545 = PCURVE('',#5740,#13546);
#13546 = DEFINITIONAL_REPRESENTATION('',(#13547),#13550);
#13547 = B_SPLINE_CURVE_WITH_KNOTS('',1,(#13548,#13549),.UNSPECIFIED.,
  .F.,.F.,(2,2),(0.,1.469222508299E-03),.PIECEWISE_BEZIER_KNOTS.);
#13548 = CARTESIAN_POINT('',(5.931183125847,1.));
#13549 = CARTESIAN_POINT('',(5.952393138949,7.105427357601E-14));
#13550 = ( GEOMETRIC_REPRESENTATION_CONTEXT(2) 
PARAMETRIC_REPRESENTATION_CONTEXT() REPRESENTATION_CONTEXT('2D SPACE',''
  ) );
#13551 = PCURVE('',#5822,#13552);
#13552 = DEFINITIONAL_REPRESENTATION('',(#13553),#13558);
#13553 = B_SPLINE_CURVE_WITH_KNOTS('',3,(#13554,#13555,#13556,#13557),
  .UNSPECIFIED.,.F.,.F.,(4,4),(0.,1.469222508299E-03),
  .PIECEWISE_BEZIER_KNOTS.);
#13554 = CARTESIAN_POINT('',(13.110330255582,1.414213562373));
#13555 = CARTESIAN_POINT('',(12.979445683928,0.9422823269));
#13556 = CARTESIAN_POINT('',(12.84674500948,0.470862534445));
#13557 = CARTESIAN_POINT('',(12.712065546008,4.618527782441E-14));
#13558 = ( GEOMETRIC_REPRESENTATION_CONTEXT(2) 
PARAMETRIC_REPRESENTATION_CONTEXT() REPRESENTATION_CONTEXT('2D SPACE',''
  ) );
#13559 = ORIENTED_EDGE('',*,*,#11497,.F.);
#13560 = ADVANCED_FACE('',(#13561),#4270,.T.);
#13561 = FACE_BOUND('',#13562,.T.);
#13562 = EDGE_LOOP('',(#13563,#13564,#13565,#13587));
#13563 = ORIENTED_EDGE('',*,*,#13510,.T.);
#13564 = ORIENTED_EDGE('',*,*,#11077,.F.);
#13565 = ORIENTED_EDGE('',*,*,#13566,.F.);
#13566 = EDGE_CURVE('',#4145,#11055,#13567,.T.);
#13567 = SURFACE_CURVE('',#13568,(#13573,#13579),.PCURVE_S1.);
#13568 = B_SPLINE_CURVE_WITH_KNOTS('',3,(#13569,#13570,#13571,#13572),
  .UNSPECIFIED.,.F.,.F.,(4,4),(0.,1.469222508299E-03),
  .PIECEWISE_BEZIER_KNOTS.);
#13569 = CARTESIAN_POINT('',(-15.16123775561,30.045188248812,
    71.617522827129));
#13570 = CARTESIAN_POINT('',(-14.97976150554,29.610627468365,
    71.751959283756));
#13571 = CARTESIAN_POINT('',(-14.79654808563,29.176802886748,
    71.8864031935));
#13572 = CARTESIAN_POINT('',(-14.61144188045,28.743780452547,
    72.02085522401));
#13573 = PCURVE('',#4270,#13574);
#13574 = DEFINITIONAL_REPRESENTATION('',(#13575),#13578);
#13575 = B_SPLINE_CURVE_WITH_KNOTS('',1,(#13576,#13577),.UNSPECIFIED.,
  .F.,.F.,(2,2),(0.,1.469222508299E-03),.PIECEWISE_BEZIER_KNOTS.);
#13576 = CARTESIAN_POINT('',(0.666161446692,1.));
#13577 = CARTESIAN_POINT('',(0.644951433589,-1.7763568394E-15));
#13578 = ( GEOMETRIC_REPRESENTATION_CONTEXT(2) 
PARAMETRIC_REPRESENTATION_CONTEXT() REPRESENTATION_CONTEXT('2D SPACE',''
  ) );
#13579 = PCURVE('',#4188,#13580);
#13580 = DEFINITIONAL_REPRESENTATION('',(#13581),#13586);
#13581 = B_SPLINE_CURVE_WITH_KNOTS('',3,(#13582,#13583,#13584,#13585),
  .UNSPECIFIED.,.F.,.F.,(4,4),(0.,1.469222508299E-03),
  .PIECEWISE_BEZIER_KNOTS.);
#13582 = CARTESIAN_POINT('',(-0.515902684074,-7.105427357601E-15));
#13583 = CARTESIAN_POINT('',(-0.385018112421,0.471931235473));
#13584 = CARTESIAN_POINT('',(-0.252317437972,0.943351027928));
#13585 = CARTESIAN_POINT('',(-0.1176379745,1.414213562373));
#13586 = ( GEOMETRIC_REPRESENTATION_CONTEXT(2) 
PARAMETRIC_REPRESENTATION_CONTEXT() REPRESENTATION_CONTEXT('2D SPACE',''
  ) );
#13587 = ORIENTED_EDGE('',*,*,#4255,.T.);
#13588 = ADVANCED_FACE('',(#13589),#5822,.T.);
#13589 = FACE_BOUND('',#13590,.T.);
#13590 = EDGE_LOOP('',(#13591,#13592,#13593,#13614));
#13591 = ORIENTED_EDGE('',*,*,#13538,.F.);
#13592 = ORIENTED_EDGE('',*,*,#5808,.F.);
#13593 = ORIENTED_EDGE('',*,*,#13594,.F.);
#13594 = EDGE_CURVE('',#11522,#5779,#13595,.T.);
#13595 = SURFACE_CURVE('',#13596,(#13600,#13607),.PCURVE_S1.);
#13596 = LINE('',#13597,#13598);
#13597 = CARTESIAN_POINT('',(-17.37857725644,13.57134621021,
    61.919939511832));
#13598 = VECTOR('',#13599,1.);
#13599 = DIRECTION('',(-0.735414105205,3.883668609094E-02,-0.67650410618
    ));
#13600 = PCURVE('',#5822,#13601);
#13601 = DEFINITIONAL_REPRESENTATION('',(#13602),#13606);
#13602 = LINE('',#13603,#13604);
#13603 = CARTESIAN_POINT('',(12.21640125664,1.642513574985));
#13604 = VECTOR('',#13605,1.);
#13605 = DIRECTION('',(0.516964862336,0.856006618613));
#13606 = ( GEOMETRIC_REPRESENTATION_CONTEXT(2) 
PARAMETRIC_REPRESENTATION_CONTEXT() REPRESENTATION_CONTEXT('2D SPACE',''
  ) );
#13607 = PCURVE('',#5903,#13608);
#13608 = DEFINITIONAL_REPRESENTATION('',(#13609),#13613);
#13609 = LINE('',#13610,#13611);
#13610 = CARTESIAN_POINT('',(0.378026314868,-0.228300012612));
#13611 = VECTOR('',#13612,1.);
#13612 = DIRECTION('',(-0.516964862336,-0.856006618613));
#13613 = ( GEOMETRIC_REPRESENTATION_CONTEXT(2) 
PARAMETRIC_REPRESENTATION_CONTEXT() REPRESENTATION_CONTEXT('2D SPACE',''
  ) );
#13614 = ORIENTED_EDGE('',*,*,#11521,.F.);
#13615 = ADVANCED_FACE('',(#13616),#4188,.F.);
#13616 = FACE_BOUND('',#13617,.T.);
#13617 = EDGE_LOOP('',(#13618,#13619,#13620,#13641));
#13618 = ORIENTED_EDGE('',*,*,#13566,.T.);
#13619 = ORIENTED_EDGE('',*,*,#11054,.F.);
#13620 = ORIENTED_EDGE('',*,*,#13621,.T.);
#13621 = EDGE_CURVE('',#11032,#4064,#13622,.T.);
#13622 = SURFACE_CURVE('',#13623,(#13627,#13634),.PCURVE_S1.);
#13623 = LINE('',#13624,#13625);
#13624 = CARTESIAN_POINT('',(-14.30356811079,30.385094022487,
    71.627361337336));
#13625 = VECTOR('',#13626,1.);
#13626 = DIRECTION('',(-0.605288084762,0.750348746028,-0.265712426844));
#13627 = PCURVE('',#4188,#13628);
#13628 = DEFINITIONAL_REPRESENTATION('',(#13629),#13633);
#13629 = LINE('',#13630,#13631);
#13630 = CARTESIAN_POINT('',(0.378026314868,-0.228300012612));
#13631 = VECTOR('',#13632,1.);
#13632 = DIRECTION('',(-0.516964862336,-0.856006618613));
#13633 = ( GEOMETRIC_REPRESENTATION_CONTEXT(2) 
PARAMETRIC_REPRESENTATION_CONTEXT() REPRESENTATION_CONTEXT('2D SPACE',''
  ) );
#13634 = PCURVE('',#4107,#13635);
#13635 = DEFINITIONAL_REPRESENTATION('',(#13636),#13640);
#13636 = LINE('',#13637,#13638);
#13637 = CARTESIAN_POINT('',(12.21640125664,1.642513574985));
#13638 = VECTOR('',#13639,1.);
#13639 = DIRECTION('',(0.516964862336,0.856006618613));
#13640 = ( GEOMETRIC_REPRESENTATION_CONTEXT(2) 
PARAMETRIC_REPRESENTATION_CONTEXT() REPRESENTATION_CONTEXT('2D SPACE',''
  ) );
#13641 = ORIENTED_EDGE('',*,*,#4174,.F.);
#13642 = ADVANCED_FACE('',(#13643),#5903,.F.);
#13643 = FACE_BOUND('',#13644,.T.);
#13644 = EDGE_LOOP('',(#13645,#13646,#13647,#13669));
#13645 = ORIENTED_EDGE('',*,*,#13594,.T.);
#13646 = ORIENTED_EDGE('',*,*,#5889,.F.);
#13647 = ORIENTED_EDGE('',*,*,#13648,.T.);
#13648 = EDGE_CURVE('',#5860,#11545,#13649,.T.);
#13649 = SURFACE_CURVE('',#13650,(#13655,#13663),.PCURVE_S1.);
#13650 = B_SPLINE_CURVE_WITH_KNOTS('',3,(#13651,#13652,#13653,#13654),
  .UNSPECIFIED.,.F.,.F.,(4,4),(0.,1.469222508299E-03),
  .PIECEWISE_BEZIER_KNOTS.);
#13651 = CARTESIAN_POINT('',(-17.50128509012,12.711153079312,
    61.609712955876));
#13652 = CARTESIAN_POINT('',(-17.14346647957,12.562796647649,
    61.909389570316));
#13653 = CARTESIAN_POINT('',(-16.78543060706,12.416213633822,
    62.209672476546));
#13654 = CARTESIAN_POINT('',(-16.4271580103,12.27156290035,
    62.510615986099));
#13655 = PCURVE('',#5903,#13656);
#13656 = DEFINITIONAL_REPRESENTATION('',(#13657),#13662);
#13657 = B_SPLINE_CURVE_WITH_KNOTS('',3,(#13658,#13659,#13660,#13661),
  .UNSPECIFIED.,.F.,.F.,(4,4),(0.,1.469222508299E-03),
  .PIECEWISE_BEZIER_KNOTS.);
#13658 = CARTESIAN_POINT('',(-0.515902684074,1.95399252334E-14));
#13659 = CARTESIAN_POINT('',(-0.38501811242,0.471931235473));
#13660 = CARTESIAN_POINT('',(-0.252317437972,0.943351027928));
#13661 = CARTESIAN_POINT('',(-0.1176379745,1.414213562373));
#13662 = ( GEOMETRIC_REPRESENTATION_CONTEXT(2) 
PARAMETRIC_REPRESENTATION_CONTEXT() REPRESENTATION_CONTEXT('2D SPACE',''
  ) );
#13663 = PCURVE('',#5985,#13664);
#13664 = DEFINITIONAL_REPRESENTATION('',(#13665),#13668);
#13665 = B_SPLINE_CURVE_WITH_KNOTS('',1,(#13666,#13667),.UNSPECIFIED.,
  .F.,.F.,(2,2),(0.,1.469222508299E-03),.PIECEWISE_BEZIER_KNOTS.);
#13666 = CARTESIAN_POINT('',(5.849789325115,1.));
#13667 = CARTESIAN_POINT('',(5.828579312012,3.37507799486E-14));
#13668 = ( GEOMETRIC_REPRESENTATION_CONTEXT(2) 
PARAMETRIC_REPRESENTATION_CONTEXT() REPRESENTATION_CONTEXT('2D SPACE',''
  ) );
#13669 = ORIENTED_EDGE('',*,*,#11544,.F.);
#13670 = ADVANCED_FACE('',(#13671),#4107,.T.);
#13671 = FACE_BOUND('',#13672,.T.);
#13672 = EDGE_LOOP('',(#13673,#13674,#13675,#13697));
#13673 = ORIENTED_EDGE('',*,*,#13621,.F.);
#13674 = ORIENTED_EDGE('',*,*,#11031,.F.);
#13675 = ORIENTED_EDGE('',*,*,#13676,.F.);
#13676 = EDGE_CURVE('',#3981,#11008,#13677,.T.);
#13677 = SURFACE_CURVE('',#13678,(#13683,#13691),.PCURVE_S1.);
#13678 = B_SPLINE_CURVE_WITH_KNOTS('',3,(#13679,#13680,#13681,#13682),
  .UNSPECIFIED.,.F.,.F.,(4,4),(0.,1.469222508299E-03),
  .PIECEWISE_BEZIER_KNOTS.);
#13679 = CARTESIAN_POINT('',(-14.14213562373,31.078543001219,
    72.2141304716));
#13680 = CARTESIAN_POINT('',(-13.80842984687,30.798340748775,
    72.43768586592));
#13681 = CARTESIAN_POINT('',(-13.47508571484,30.516746527588,
    72.660020015237));
#13682 = CARTESIAN_POINT('',(-13.14213562373,30.233635645296,
    72.881023520597));
#13683 = PCURVE('',#4107,#13684);
#13684 = DEFINITIONAL_REPRESENTATION('',(#13685),#13690);
#13685 = B_SPLINE_CURVE_WITH_KNOTS('',3,(#13686,#13687,#13688,#13689),
  .UNSPECIFIED.,.F.,.F.,(4,4),(0.,1.469222508299E-03),
  .PIECEWISE_BEZIER_KNOTS.);
#13686 = CARTESIAN_POINT('',(13.110330255582,1.414213562373));
#13687 = CARTESIAN_POINT('',(12.979445683928,0.9422823269));
#13688 = CARTESIAN_POINT('',(12.84674500948,0.470862534445));
#13689 = CARTESIAN_POINT('',(12.712065546008,0.));
#13690 = ( GEOMETRIC_REPRESENTATION_CONTEXT(2) 
PARAMETRIC_REPRESENTATION_CONTEXT() REPRESENTATION_CONTEXT('2D SPACE',''
  ) );
#13691 = PCURVE('',#4025,#13692);
#13692 = DEFINITIONAL_REPRESENTATION('',(#13693),#13696);
#13693 = B_SPLINE_CURVE_WITH_KNOTS('',1,(#13694,#13695),.UNSPECIFIED.,
  .F.,.F.,(2,2),(0.,1.469222508299E-03),.PIECEWISE_BEZIER_KNOTS.);
#13694 = CARTESIAN_POINT('',(0.747555247424,1.));
#13695 = CARTESIAN_POINT('',(0.768765260526,-1.95399252334E-14));
#13696 = ( GEOMETRIC_REPRESENTATION_CONTEXT(2) 
PARAMETRIC_REPRESENTATION_CONTEXT() REPRESENTATION_CONTEXT('2D SPACE',''
  ) );
#13697 = ORIENTED_EDGE('',*,*,#4093,.F.);
#13698 = ADVANCED_FACE('',(#13699),#5985,.T.);
#13699 = FACE_BOUND('',#13700,.T.);
#13700 = EDGE_LOOP('',(#13701,#13702,#13703,#13725));
#13701 = ORIENTED_EDGE('',*,*,#13648,.F.);
#13702 = ORIENTED_EDGE('',*,*,#5970,.T.);
#13703 = ORIENTED_EDGE('',*,*,#13704,.T.);
#13704 = EDGE_CURVE('',#5941,#11568,#13705,.T.);
#13705 = SURFACE_CURVE('',#13706,(#13711,#13717),.PCURVE_S1.);
#13706 = B_SPLINE_CURVE_WITH_KNOTS('',3,(#13707,#13708,#13709,#13710),
  .UNSPECIFIED.,.F.,.F.,(4,4),(0.,1.469222508299E-03),
  .PIECEWISE_BEZIER_KNOTS.);
#13707 = CARTESIAN_POINT('',(-16.83882526484,11.585189620079,
    60.959637649591));
#13708 = CARTESIAN_POINT('',(-16.61122588391,11.658162978767,
    61.387099078069));
#13709 = CARTESIAN_POINT('',(-16.38201104099,11.730533275852,
    61.813794737294));
#13710 = CARTESIAN_POINT('',(-16.15103602321,11.802246489161,
    62.239656029764));
#13711 = PCURVE('',#5985,#13712);
#13712 = DEFINITIONAL_REPRESENTATION('',(#13713),#13716);
#13713 = B_SPLINE_CURVE_WITH_KNOTS('',1,(#13714,#13715),.UNSPECIFIED.,
  .F.,.F.,(2,2),(0.,1.469222508299E-03),.PIECEWISE_BEZIER_KNOTS.);
#13714 = CARTESIAN_POINT('',(5.774103493168,1.));
#13715 = CARTESIAN_POINT('',(5.79531350627,4.440892098501E-14));
#13716 = ( GEOMETRIC_REPRESENTATION_CONTEXT(2) 
PARAMETRIC_REPRESENTATION_CONTEXT() REPRESENTATION_CONTEXT('2D SPACE',''
  ) );
#13717 = PCURVE('',#6067,#13718);
#13718 = DEFINITIONAL_REPRESENTATION('',(#13719),#13724);
#13719 = B_SPLINE_CURVE_WITH_KNOTS('',3,(#13720,#13721,#13722,#13723),
  .UNSPECIFIED.,.F.,.F.,(4,4),(0.,1.469222508299E-03),
  .PIECEWISE_BEZIER_KNOTS.);
#13720 = CARTESIAN_POINT('',(13.110330255582,1.414213562373));
#13721 = CARTESIAN_POINT('',(12.979445683928,0.9422823269));
#13722 = CARTESIAN_POINT('',(12.84674500948,0.470862534445));
#13723 = CARTESIAN_POINT('',(12.712065546008,-7.549516567451E-15));
#13724 = ( GEOMETRIC_REPRESENTATION_CONTEXT(2) 
PARAMETRIC_REPRESENTATION_CONTEXT() REPRESENTATION_CONTEXT('2D SPACE',''
  ) );
#13725 = ORIENTED_EDGE('',*,*,#11567,.F.);
#13726 = ADVANCED_FACE('',(#13727),#4025,.T.);
#13727 = FACE_BOUND('',#13728,.T.);
#13728 = EDGE_LOOP('',(#13729,#13730,#13731,#13753));
#13729 = ORIENTED_EDGE('',*,*,#13676,.T.);
#13730 = ORIENTED_EDGE('',*,*,#11007,.F.);
#13731 = ORIENTED_EDGE('',*,*,#13732,.F.);
#13732 = EDGE_CURVE('',#3900,#10985,#13733,.T.);
#13733 = SURFACE_CURVE('',#13734,(#13739,#13745),.PCURVE_S1.);
#13734 = B_SPLINE_CURVE_WITH_KNOTS('',3,(#13735,#13736,#13737,#13738),
  .UNSPECIFIED.,.F.,.F.,(4,4),(0.,1.469222508299E-03),
  .PIECEWISE_BEZIER_KNOTS.);
#13735 = CARTESIAN_POINT('',(-13.11033025558,31.972112661797,
    72.730033155674));
#13736 = CARTESIAN_POINT('',(-12.97944568392,31.516262093221,
    72.852177947393));
#13737 = CARTESIAN_POINT('',(-12.84674500948,31.060905540664,
    72.974190367919));
#13738 = CARTESIAN_POINT('',(-12.712065546,30.606087258012,
    73.096058559459));
#13739 = PCURVE('',#4025,#13740);
#13740 = DEFINITIONAL_REPRESENTATION('',(#13741),#13744);
#13741 = B_SPLINE_CURVE_WITH_KNOTS('',1,(#13742,#13743),.UNSPECIFIED.,
  .F.,.F.,(2,2),(0.,1.469222508299E-03),.PIECEWISE_BEZIER_KNOTS.);
#13742 = CARTESIAN_POINT('',(0.823241079371,1.));
#13743 = CARTESIAN_POINT('',(0.802031066269,-1.95399252334E-14));
#13744 = ( GEOMETRIC_REPRESENTATION_CONTEXT(2) 
PARAMETRIC_REPRESENTATION_CONTEXT() REPRESENTATION_CONTEXT('2D SPACE',''
  ) );
#13745 = PCURVE('',#3943,#13746);
#13746 = DEFINITIONAL_REPRESENTATION('',(#13747),#13752);
#13747 = B_SPLINE_CURVE_WITH_KNOTS('',3,(#13748,#13749,#13750,#13751),
  .UNSPECIFIED.,.F.,.F.,(4,4),(0.,1.469222508299E-03),
  .PIECEWISE_BEZIER_KNOTS.);
#13748 = CARTESIAN_POINT('',(-0.515902684074,0.));
#13749 = CARTESIAN_POINT('',(-0.38501811242,0.471931235473));
#13750 = CARTESIAN_POINT('',(-0.252317437972,0.943351027928));
#13751 = CARTESIAN_POINT('',(-0.1176379745,1.414213562373));
#13752 = ( GEOMETRIC_REPRESENTATION_CONTEXT(2) 
PARAMETRIC_REPRESENTATION_CONTEXT() REPRESENTATION_CONTEXT('2D SPACE',''
  ) );
#13753 = ORIENTED_EDGE('',*,*,#4010,.T.);
#13754 = ADVANCED_FACE('',(#13755),#6067,.T.);
#13755 = FACE_BOUND('',#13756,.T.);
#13756 = EDGE_LOOP('',(#13757,#13758,#13759,#13780));
#13757 = ORIENTED_EDGE('',*,*,#13704,.F.);
#13758 = ORIENTED_EDGE('',*,*,#6053,.F.);
#13759 = ORIENTED_EDGE('',*,*,#13760,.F.);
#13760 = EDGE_CURVE('',#11592,#6024,#13761,.T.);
#13761 = SURFACE_CURVE('',#13762,(#13766,#13773),.PCURVE_S1.);
#13762 = LINE('',#13763,#13764);
#13763 = CARTESIAN_POINT('',(-16.03853364723,11.29371354455,
    60.604947679198));
#13764 = VECTOR('',#13765,1.);
#13765 = DIRECTION('',(-0.678707105705,-5.754653125105E-02,
    -0.732150982658));
#13766 = PCURVE('',#6067,#13767);
#13767 = DEFINITIONAL_REPRESENTATION('',(#13768),#13772);
#13768 = LINE('',#13769,#13770);
#13769 = CARTESIAN_POINT('',(12.21640125664,1.642513574985));
#13770 = VECTOR('',#13771,1.);
#13771 = DIRECTION('',(0.516964862336,0.856006618613));
#13772 = ( GEOMETRIC_REPRESENTATION_CONTEXT(2) 
PARAMETRIC_REPRESENTATION_CONTEXT() REPRESENTATION_CONTEXT('2D SPACE',''
  ) );
#13773 = PCURVE('',#6148,#13774);
#13774 = DEFINITIONAL_REPRESENTATION('',(#13775),#13779);
#13775 = LINE('',#13776,#13777);
#13776 = CARTESIAN_POINT('',(0.378026314868,-0.228300012612));
#13777 = VECTOR('',#13778,1.);
#13778 = DIRECTION('',(-0.516964862336,-0.856006618613));
#13779 = ( GEOMETRIC_REPRESENTATION_CONTEXT(2) 
PARAMETRIC_REPRESENTATION_CONTEXT() REPRESENTATION_CONTEXT('2D SPACE',''
  ) );
#13780 = ORIENTED_EDGE('',*,*,#11591,.F.);
#13781 = ADVANCED_FACE('',(#13782),#3943,.F.);
#13782 = FACE_BOUND('',#13783,.T.);
#13783 = EDGE_LOOP('',(#13784,#13785,#13786,#13807));
#13784 = ORIENTED_EDGE('',*,*,#13732,.T.);
#13785 = ORIENTED_EDGE('',*,*,#10984,.F.);
#13786 = ORIENTED_EDGE('',*,*,#13787,.T.);
#13787 = EDGE_CURVE('',#10962,#3819,#13788,.T.);
#13788 = SURFACE_CURVE('',#13789,(#13793,#13800),.PCURVE_S1.);
#13789 = LINE('',#13790,#13791);
#13790 = CARTESIAN_POINT('',(-12.21640125664,32.19263354012,
    72.670944764413));
#13791 = VECTOR('',#13792,1.);
#13792 = DIRECTION('',(-0.516964862336,0.826838900393,-0.221550815631));
#13793 = PCURVE('',#3943,#13794);
#13794 = DEFINITIONAL_REPRESENTATION('',(#13795),#13799);
#13795 = LINE('',#13796,#13797);
#13796 = CARTESIAN_POINT('',(0.378026314868,-0.228300012612));
#13797 = VECTOR('',#13798,1.);
#13798 = DIRECTION('',(-0.516964862336,-0.856006618613));
#13799 = ( GEOMETRIC_REPRESENTATION_CONTEXT(2) 
PARAMETRIC_REPRESENTATION_CONTEXT() REPRESENTATION_CONTEXT('2D SPACE',''
  ) );
#13800 = PCURVE('',#3862,#13801);
#13801 = DEFINITIONAL_REPRESENTATION('',(#13802),#13806);
#13802 = LINE('',#13803,#13804);
#13803 = CARTESIAN_POINT('',(12.21640125664,1.642513574985));
#13804 = VECTOR('',#13805,1.);
#13805 = DIRECTION('',(0.516964862336,0.856006618613));
#13806 = ( GEOMETRIC_REPRESENTATION_CONTEXT(2) 
PARAMETRIC_REPRESENTATION_CONTEXT() REPRESENTATION_CONTEXT('2D SPACE',''
  ) );
#13807 = ORIENTED_EDGE('',*,*,#3929,.F.);
#13808 = ADVANCED_FACE('',(#13809),#6148,.F.);
#13809 = FACE_BOUND('',#13810,.T.);
#13810 = EDGE_LOOP('',(#13811,#13812,#13813,#13835));
#13811 = ORIENTED_EDGE('',*,*,#13760,.T.);
#13812 = ORIENTED_EDGE('',*,*,#6134,.F.);
#13813 = ORIENTED_EDGE('',*,*,#13814,.T.);
#13814 = EDGE_CURVE('',#6105,#11615,#13815,.T.);
#13815 = SURFACE_CURVE('',#13816,(#13821,#13829),.PCURVE_S1.);
#13816 = B_SPLINE_CURVE_WITH_KNOTS('',3,(#13817,#13818,#13819,#13820),
  .UNSPECIFIED.,.F.,.F.,(4,4),(0.,1.469222508299E-03),
  .PIECEWISE_BEZIER_KNOTS.);
#13817 = CARTESIAN_POINT('',(-16.0189299667,10.426493074041,
    60.290663886826));
#13818 = CARTESIAN_POINT('',(-15.66885780376,10.326384833373,
    60.618196607325));
#13819 = CARTESIAN_POINT('',(-15.31885873213,10.228059836879,
    60.946341292853));
#13820 = CARTESIAN_POINT('',(-14.96893929932,10.131677827318,
    61.275152763149));
#13821 = PCURVE('',#6148,#13822);
#13822 = DEFINITIONAL_REPRESENTATION('',(#13823),#13828);
#13823 = B_SPLINE_CURVE_WITH_KNOTS('',3,(#13824,#13825,#13826,#13827),
  .UNSPECIFIED.,.F.,.F.,(4,4),(0.,1.469222508299E-03),
  .PIECEWISE_BEZIER_KNOTS.);
#13824 = CARTESIAN_POINT('',(-0.515902684074,-8.704148513061E-14));
#13825 = CARTESIAN_POINT('',(-0.38501811242,0.471931235473));
#13826 = CARTESIAN_POINT('',(-0.252317437972,0.943351027928));
#13827 = CARTESIAN_POINT('',(-0.1176379745,1.414213562373));
#13828 = ( GEOMETRIC_REPRESENTATION_CONTEXT(2) 
PARAMETRIC_REPRESENTATION_CONTEXT() REPRESENTATION_CONTEXT('2D SPACE',''
  ) );
#13829 = PCURVE('',#6230,#13830);
#13830 = DEFINITIONAL_REPRESENTATION('',(#13831),#13834);
#13831 = B_SPLINE_CURVE_WITH_KNOTS('',1,(#13832,#13833),.UNSPECIFIED.,
  .F.,.F.,(2,2),(0.,1.469222508299E-03),.PIECEWISE_BEZIER_KNOTS.);
#13832 = CARTESIAN_POINT('',(5.692709692435,1.));
#13833 = CARTESIAN_POINT('',(5.671499679333,-2.84217094304E-14));
#13834 = ( GEOMETRIC_REPRESENTATION_CONTEXT(2) 
PARAMETRIC_REPRESENTATION_CONTEXT() REPRESENTATION_CONTEXT('2D SPACE',''
  ) );
#13835 = ORIENTED_EDGE('',*,*,#11614,.F.);
#13836 = ADVANCED_FACE('',(#13837),#3862,.T.);
#13837 = FACE_BOUND('',#13838,.T.);
#13838 = EDGE_LOOP('',(#13839,#13840,#13841,#13863));
#13839 = ORIENTED_EDGE('',*,*,#13787,.F.);
#13840 = ORIENTED_EDGE('',*,*,#10961,.F.);
#13841 = ORIENTED_EDGE('',*,*,#13842,.F.);
#13842 = EDGE_CURVE('',#3736,#10938,#13843,.T.);
#13843 = SURFACE_CURVE('',#13844,(#13849,#13857),.PCURVE_S1.);
#13844 = B_SPLINE_CURVE_WITH_KNOTS('',3,(#13845,#13846,#13847,#13848),
  .UNSPECIFIED.,.F.,.F.,(4,4),(0.,1.469222508299E-03),
  .PIECEWISE_BEZIER_KNOTS.);
#13845 = CARTESIAN_POINT('',(-11.91711496664,32.854680997059,
    73.239584221616));
#13846 = CARTESIAN_POINT('',(-11.6079925196,32.530665065887,
    73.437843776729));
#13847 = CARTESIAN_POINT('',(-11.299511366,32.205325523915,
    73.634921553315));
#13848 = CARTESIAN_POINT('',(-10.99172895283,31.878543802277,
    73.830711687822));
#13849 = PCURVE('',#3862,#13850);
#13850 = DEFINITIONAL_REPRESENTATION('',(#13851),#13856);
#13851 = B_SPLINE_CURVE_WITH_KNOTS('',3,(#13852,#13853,#13854,#13855),
  .UNSPECIFIED.,.F.,.F.,(4,4),(0.,1.469222508299E-03),
  .PIECEWISE_BEZIER_KNOTS.);
#13852 = CARTESIAN_POINT('',(13.110330255582,1.414213562373));
#13853 = CARTESIAN_POINT('',(12.979445683928,0.9422823269));
#13854 = CARTESIAN_POINT('',(12.84674500948,0.470862534445));
#13855 = CARTESIAN_POINT('',(12.712065546008,-1.42108547152E-14));
#13856 = ( GEOMETRIC_REPRESENTATION_CONTEXT(2) 
PARAMETRIC_REPRESENTATION_CONTEXT() REPRESENTATION_CONTEXT('2D SPACE',''
  ) );
#13857 = PCURVE('',#3780,#13858);
#13858 = DEFINITIONAL_REPRESENTATION('',(#13859),#13862);
#13859 = B_SPLINE_CURVE_WITH_KNOTS('',1,(#13860,#13861),.UNSPECIFIED.,
  .F.,.F.,(2,2),(0.,1.469222508299E-03),.PIECEWISE_BEZIER_KNOTS.);
#13860 = CARTESIAN_POINT('',(0.904634880103,1.));
#13861 = CARTESIAN_POINT('',(0.925844893206,2.6645352591E-14));
#13862 = ( GEOMETRIC_REPRESENTATION_CONTEXT(2) 
PARAMETRIC_REPRESENTATION_CONTEXT() REPRESENTATION_CONTEXT('2D SPACE',''
  ) );
#13863 = ORIENTED_EDGE('',*,*,#3848,.F.);
#13864 = ADVANCED_FACE('',(#13865),#6230,.T.);
#13865 = FACE_BOUND('',#13866,.T.);
#13866 = EDGE_LOOP('',(#13867,#13868,#13869,#13891));
#13867 = ORIENTED_EDGE('',*,*,#13814,.F.);
#13868 = ORIENTED_EDGE('',*,*,#6215,.T.);
#13869 = ORIENTED_EDGE('',*,*,#13870,.T.);
#13870 = EDGE_CURVE('',#6186,#11638,#13871,.T.);
#13871 = SURFACE_CURVE('',#13872,(#13877,#13883),.PCURVE_S1.);
#13872 = B_SPLINE_CURVE_WITH_KNOTS('',3,(#13873,#13874,#13875,#13876),
  .UNSPECIFIED.,.F.,.F.,(4,4),(0.,1.469222508299E-03),
  .PIECEWISE_BEZIER_KNOTS.);
#13873 = CARTESIAN_POINT('',(-15.16123775561,9.404139646949,
    59.700407860488));
#13874 = CARTESIAN_POINT('',(-14.97976150554,9.504994650539,
    60.143966764156));
#13875 = CARTESIAN_POINT('',(-14.79654808563,9.605475100126,
    60.586891827495));
#13876 = CARTESIAN_POINT('',(-14.61144188045,9.705547443214,
    61.029126271177));
#13877 = PCURVE('',#6230,#13878);
#13878 = DEFINITIONAL_REPRESENTATION('',(#13879),#13882);
#13879 = B_SPLINE_CURVE_WITH_KNOTS('',1,(#13880,#13881),.UNSPECIFIED.,
  .F.,.F.,(2,2),(0.,1.469222508299E-03),.PIECEWISE_BEZIER_KNOTS.);
#13880 = CARTESIAN_POINT('',(5.617023860488,1.));
#13881 = CARTESIAN_POINT('',(5.63823387359,7.105427357601E-15));
#13882 = ( GEOMETRIC_REPRESENTATION_CONTEXT(2) 
PARAMETRIC_REPRESENTATION_CONTEXT() REPRESENTATION_CONTEXT('2D SPACE',''
  ) );
#13883 = PCURVE('',#6312,#13884);
#13884 = DEFINITIONAL_REPRESENTATION('',(#13885),#13890);
#13885 = B_SPLINE_CURVE_WITH_KNOTS('',3,(#13886,#13887,#13888,#13889),
  .UNSPECIFIED.,.F.,.F.,(4,4),(0.,1.469222508299E-03),
  .PIECEWISE_BEZIER_KNOTS.);
#13886 = CARTESIAN_POINT('',(13.110330255582,1.414213562373));
#13887 = CARTESIAN_POINT('',(12.979445683928,0.9422823269));
#13888 = CARTESIAN_POINT('',(12.84674500948,0.470862534445));
#13889 = CARTESIAN_POINT('',(12.712065546008,-3.19744231092E-14));
#13890 = ( GEOMETRIC_REPRESENTATION_CONTEXT(2) 
PARAMETRIC_REPRESENTATION_CONTEXT() REPRESENTATION_CONTEXT('2D SPACE',''
  ) );
#13891 = ORIENTED_EDGE('',*,*,#11637,.F.);
#13892 = ADVANCED_FACE('',(#13893),#3780,.T.);
#13893 = FACE_BOUND('',#13894,.T.);
#13894 = EDGE_LOOP('',(#13895,#13896,#13897,#13919));
#13895 = ORIENTED_EDGE('',*,*,#13842,.T.);
#13896 = ORIENTED_EDGE('',*,*,#10937,.F.);
#13897 = ORIENTED_EDGE('',*,*,#13898,.F.);
#13898 = EDGE_CURVE('',#3655,#10915,#13899,.T.);
#13899 = SURFACE_CURVE('',#13900,(#13905,#13911),.PCURVE_S1.);
#13900 = B_SPLINE_CURVE_WITH_KNOTS('',3,(#13901,#13902,#13903,#13904),
  .UNSPECIFIED.,.F.,.F.,(4,4),(0.,1.469222508299E-03),
  .PIECEWISE_BEZIER_KNOTS.);
#13901 = CARTESIAN_POINT('',(-10.73660291396,33.597464240493,
    73.668430327162));
#13902 = CARTESIAN_POINT('',(-10.65953283326,33.127439965801,
    73.78239192584));
#13903 = CARTESIAN_POINT('',(-10.58061243528,32.657659812453,
    73.896076876566));
#13904 = CARTESIAN_POINT('',(-10.49967596888,32.188145648803,
    74.009460397256));
#13905 = PCURVE('',#3780,#13906);
#13906 = DEFINITIONAL_REPRESENTATION('',(#13907),#13910);
#13907 = B_SPLINE_CURVE_WITH_KNOTS('',1,(#13908,#13909),.UNSPECIFIED.,
  .F.,.F.,(2,2),(0.,1.469222508299E-03),.PIECEWISE_BEZIER_KNOTS.);
#13908 = CARTESIAN_POINT('',(0.980320712051,1.));
#13909 = CARTESIAN_POINT('',(0.959110698948,-1.06581410364E-14));
#13910 = ( GEOMETRIC_REPRESENTATION_CONTEXT(2) 
PARAMETRIC_REPRESENTATION_CONTEXT() REPRESENTATION_CONTEXT('2D SPACE',''
  ) );
#13911 = PCURVE('',#3698,#13912);
#13912 = DEFINITIONAL_REPRESENTATION('',(#13913),#13918);
#13913 = B_SPLINE_CURVE_WITH_KNOTS('',3,(#13914,#13915,#13916,#13917),
  .UNSPECIFIED.,.F.,.F.,(4,4),(0.,1.469222508299E-03),
  .PIECEWISE_BEZIER_KNOTS.);
#13914 = CARTESIAN_POINT('',(-0.515902684074,-8.348877145181E-14));
#13915 = CARTESIAN_POINT('',(-0.38501811242,0.471931235473));
#13916 = CARTESIAN_POINT('',(-0.252317437972,0.943351027928));
#13917 = CARTESIAN_POINT('',(-0.1176379745,1.414213562373));
#13918 = ( GEOMETRIC_REPRESENTATION_CONTEXT(2) 
PARAMETRIC_REPRESENTATION_CONTEXT() REPRESENTATION_CONTEXT('2D SPACE',''
  ) );
#13919 = ORIENTED_EDGE('',*,*,#3765,.T.);
#13920 = ADVANCED_FACE('',(#13921),#6312,.T.);
#13921 = FACE_BOUND('',#13922,.T.);
#13922 = EDGE_LOOP('',(#13923,#13924,#13925,#13946));
#13923 = ORIENTED_EDGE('',*,*,#13870,.F.);
#13924 = ORIENTED_EDGE('',*,*,#6298,.F.);
#13925 = ORIENTED_EDGE('',*,*,#13926,.F.);
#13926 = EDGE_CURVE('',#11662,#6269,#13927,.T.);
#13927 = SURFACE_CURVE('',#13928,(#13932,#13939),.PCURVE_S1.);
#13928 = LINE('',#13929,#13930);
#13929 = CARTESIAN_POINT('',(-14.30356811079,9.225666360338,
    59.410960080696));
#13930 = VECTOR('',#13931,1.);
#13931 = DIRECTION('',(-0.605288084762,-0.145060661266,-0.78267728918));
#13932 = PCURVE('',#6312,#13933);
#13933 = DEFINITIONAL_REPRESENTATION('',(#13934),#13938);
#13934 = LINE('',#13935,#13936);
#13935 = CARTESIAN_POINT('',(12.21640125664,1.642513574985));
#13936 = VECTOR('',#13937,1.);
#13937 = DIRECTION('',(0.516964862336,0.856006618613));
#13938 = ( GEOMETRIC_REPRESENTATION_CONTEXT(2) 
PARAMETRIC_REPRESENTATION_CONTEXT() REPRESENTATION_CONTEXT('2D SPACE',''
  ) );
#13939 = PCURVE('',#6393,#13940);
#13940 = DEFINITIONAL_REPRESENTATION('',(#13941),#13945);
#13941 = LINE('',#13942,#13943);
#13942 = CARTESIAN_POINT('',(0.378026314868,-0.228300012612));
#13943 = VECTOR('',#13944,1.);
#13944 = DIRECTION('',(-0.516964862336,-0.856006618613));
#13945 = ( GEOMETRIC_REPRESENTATION_CONTEXT(2) 
PARAMETRIC_REPRESENTATION_CONTEXT() REPRESENTATION_CONTEXT('2D SPACE',''
  ) );
#13946 = ORIENTED_EDGE('',*,*,#11661,.F.);
#13947 = ADVANCED_FACE('',(#13948),#3698,.F.);
#13948 = FACE_BOUND('',#13949,.T.);
#13949 = EDGE_LOOP('',(#13950,#13951,#13952,#13973));
#13950 = ORIENTED_EDGE('',*,*,#13898,.T.);
#13951 = ORIENTED_EDGE('',*,*,#10914,.F.);
#13952 = ORIENTED_EDGE('',*,*,#13953,.T.);
#13953 = EDGE_CURVE('',#10892,#3574,#13954,.T.);
#13954 = SURFACE_CURVE('',#13955,(#13959,#13966),.PCURVE_S1.);
#13955 = LINE('',#13956,#13957);
#13956 = CARTESIAN_POINT('',(-9.828426059637,33.695157769372,
    73.538427532636));
#13957 = VECTOR('',#13958,1.);
#13958 = DIRECTION('',(-0.415912249292,0.89042163765,-0.18484130516));
#13959 = PCURVE('',#3698,#13960);
#13960 = DEFINITIONAL_REPRESENTATION('',(#13961),#13965);
#13961 = LINE('',#13962,#13963);
#13962 = CARTESIAN_POINT('',(0.378026314868,-0.228300012612));
#13963 = VECTOR('',#13964,1.);
#13964 = DIRECTION('',(-0.516964862336,-0.856006618613));
#13965 = ( GEOMETRIC_REPRESENTATION_CONTEXT(2) 
PARAMETRIC_REPRESENTATION_CONTEXT() REPRESENTATION_CONTEXT('2D SPACE',''
  ) );
#13966 = PCURVE('',#3617,#13967);
#13967 = DEFINITIONAL_REPRESENTATION('',(#13968),#13972);
#13968 = LINE('',#13969,#13970);
#13969 = CARTESIAN_POINT('',(12.21640125664,1.642513574985));
#13970 = VECTOR('',#13971,1.);
#13971 = DIRECTION('',(0.516964862336,0.856006618613));
#13972 = ( GEOMETRIC_REPRESENTATION_CONTEXT(2) 
PARAMETRIC_REPRESENTATION_CONTEXT() REPRESENTATION_CONTEXT('2D SPACE',''
  ) );
#13973 = ORIENTED_EDGE('',*,*,#3684,.F.);
#13974 = ADVANCED_FACE('',(#13975),#6393,.F.);
#13975 = FACE_BOUND('',#13976,.T.);
#13976 = EDGE_LOOP('',(#13977,#13978,#13979,#14001));
#13977 = ORIENTED_EDGE('',*,*,#13926,.T.);
#13978 = ORIENTED_EDGE('',*,*,#6379,.F.);
#13979 = ORIENTED_EDGE('',*,*,#13980,.T.);
#13980 = EDGE_CURVE('',#6350,#11685,#13981,.T.);
#13981 = SURFACE_CURVE('',#13982,(#13987,#13995),.PCURVE_S1.);
#13982 = B_SPLINE_CURVE_WITH_KNOTS('',3,(#13983,#13984,#13985,#13986),
  .UNSPECIFIED.,.F.,.F.,(4,4),(0.,1.469222508299E-03),
  .PIECEWISE_BEZIER_KNOTS.);
#13983 = CARTESIAN_POINT('',(-14.14213562373,8.370784894543,
    59.103800216018));
#13984 = CARTESIAN_POINT('',(-13.80842984687,8.31728137013,
    59.458240181992));
#13985 = CARTESIAN_POINT('',(-13.47508571484,8.265531459286,
    59.813275005757));
#13986 = CARTESIAN_POINT('',(-13.14213562373,8.215692250465,
    60.168957974589));
#13987 = PCURVE('',#6393,#13988);
#13988 = DEFINITIONAL_REPRESENTATION('',(#13989),#13994);
#13989 = B_SPLINE_CURVE_WITH_KNOTS('',3,(#13990,#13991,#13992,#13993),
  .UNSPECIFIED.,.F.,.F.,(4,4),(0.,1.469222508299E-03),
  .PIECEWISE_BEZIER_KNOTS.);
#13990 = CARTESIAN_POINT('',(-0.515902684074,0.));
#13991 = CARTESIAN_POINT('',(-0.38501811242,0.471931235473));
#13992 = CARTESIAN_POINT('',(-0.252317437972,0.943351027928));
#13993 = CARTESIAN_POINT('',(-0.1176379745,1.414213562373));
#13994 = ( GEOMETRIC_REPRESENTATION_CONTEXT(2) 
PARAMETRIC_REPRESENTATION_CONTEXT() REPRESENTATION_CONTEXT('2D SPACE',''
  ) );
#13995 = PCURVE('',#6475,#13996);
#13996 = DEFINITIONAL_REPRESENTATION('',(#13997),#14000);
#13997 = B_SPLINE_CURVE_WITH_KNOTS('',1,(#13998,#13999),.UNSPECIFIED.,
  .F.,.F.,(2,2),(0.,1.469222508299E-03),.PIECEWISE_BEZIER_KNOTS.);
#13998 = CARTESIAN_POINT('',(5.535630059756,1.));
#13999 = CARTESIAN_POINT('',(5.514420046653,2.6645352591E-14));
#14000 = ( GEOMETRIC_REPRESENTATION_CONTEXT(2) 
PARAMETRIC_REPRESENTATION_CONTEXT() REPRESENTATION_CONTEXT('2D SPACE',''
  ) );
#14001 = ORIENTED_EDGE('',*,*,#11684,.F.);
#14002 = ADVANCED_FACE('',(#14003),#3617,.T.);
#14003 = FACE_BOUND('',#14004,.T.);
#14004 = EDGE_LOOP('',(#14005,#14006,#14007,#14029));
#14005 = ORIENTED_EDGE('',*,*,#13953,.F.);
#14006 = ORIENTED_EDGE('',*,*,#10891,.F.);
#14007 = ORIENTED_EDGE('',*,*,#14008,.F.);
#14008 = EDGE_CURVE('',#3491,#10868,#14009,.T.);
#14009 = SURFACE_CURVE('',#14010,(#14015,#14023),.PCURVE_S1.);
#14010 = B_SPLINE_CURVE_WITH_KNOTS('',3,(#14011,#14012,#14013,#14014),
  .UNSPECIFIED.,.F.,.F.,(4,4),(0.,1.469222508299E-03),
  .PIECEWISE_BEZIER_KNOTS.);
#14011 = CARTESIAN_POINT('',(-9.398655388436,34.30751439712,
    74.078377976229));
#14012 = CARTESIAN_POINT('',(-9.121727891774,33.943554662926,
    74.253575965915));
#14013 = CARTESIAN_POINT('',(-8.845705546407,33.578376720015,
    74.427653030994));
#14014 = CARTESIAN_POINT('',(-8.570669435659,33.211871441422,
    74.600508759201));
#14015 = PCURVE('',#3617,#14016);
#14016 = DEFINITIONAL_REPRESENTATION('',(#14017),#14022);
#14017 = B_SPLINE_CURVE_WITH_KNOTS('',3,(#14018,#14019,#14020,#14021),
  .UNSPECIFIED.,.F.,.F.,(4,4),(0.,1.469222508299E-03),
  .PIECEWISE_BEZIER_KNOTS.);
#14018 = CARTESIAN_POINT('',(13.110330255582,1.414213562373));
#14019 = CARTESIAN_POINT('',(12.979445683928,0.9422823269));
#14020 = CARTESIAN_POINT('',(12.84674500948,0.470862534445));
#14021 = CARTESIAN_POINT('',(12.712065546008,0.));
#14022 = ( GEOMETRIC_REPRESENTATION_CONTEXT(2) 
PARAMETRIC_REPRESENTATION_CONTEXT() REPRESENTATION_CONTEXT('2D SPACE',''
  ) );
#14023 = PCURVE('',#3535,#14024);
#14024 = DEFINITIONAL_REPRESENTATION('',(#14025),#14028);
#14025 = B_SPLINE_CURVE_WITH_KNOTS('',1,(#14026,#14027),.UNSPECIFIED.,
  .F.,.F.,(2,2),(0.,1.469222508299E-03),.PIECEWISE_BEZIER_KNOTS.);
#14026 = CARTESIAN_POINT('',(1.061714512783,1.));
#14027 = CARTESIAN_POINT('',(1.082924525885,2.30926389122E-14));
#14028 = ( GEOMETRIC_REPRESENTATION_CONTEXT(2) 
PARAMETRIC_REPRESENTATION_CONTEXT() REPRESENTATION_CONTEXT('2D SPACE',''
  ) );
#14029 = ORIENTED_EDGE('',*,*,#3603,.F.);
#14030 = ADVANCED_FACE('',(#14031),#6475,.T.);
#14031 = FACE_BOUND('',#14032,.T.);
#14032 = EDGE_LOOP('',(#14033,#14034,#14035,#14057));
#14033 = ORIENTED_EDGE('',*,*,#13980,.F.);
#14034 = ORIENTED_EDGE('',*,*,#6460,.T.);
#14035 = ORIENTED_EDGE('',*,*,#14036,.T.);
#14036 = EDGE_CURVE('',#6431,#11708,#14037,.T.);
#14037 = SURFACE_CURVE('',#14038,(#14043,#14049),.PCURVE_S1.);
#14038 = B_SPLINE_CURVE_WITH_KNOTS('',3,(#14039,#14040,#14041,#14042),
  .UNSPECIFIED.,.F.,.F.,(4,4),(0.,1.469222508299E-03),
  .PIECEWISE_BEZIER_KNOTS.);
#14039 = CARTESIAN_POINT('',(-13.11033025558,7.477215233965,
    58.587897531943));
#14040 = CARTESIAN_POINT('',(-12.97944568392,7.599360025684,
    59.043748100519));
#14041 = CARTESIAN_POINT('',(-12.84674500948,7.72137244621,
    59.499104653075));
#14042 = CARTESIAN_POINT('',(-12.712065546,7.843240637749,
    59.953922935728));
#14043 = PCURVE('',#6475,#14044);
#14044 = DEFINITIONAL_REPRESENTATION('',(#14045),#14048);
#14045 = B_SPLINE_CURVE_WITH_KNOTS('',1,(#14046,#14047),.UNSPECIFIED.,
  .F.,.F.,(2,2),(0.,1.469222508299E-03),.PIECEWISE_BEZIER_KNOTS.);
#14046 = CARTESIAN_POINT('',(5.459944227809,1.));
#14047 = CARTESIAN_POINT('',(5.481154240911,2.6645352591E-14));
#14048 = ( GEOMETRIC_REPRESENTATION_CONTEXT(2) 
PARAMETRIC_REPRESENTATION_CONTEXT() REPRESENTATION_CONTEXT('2D SPACE',''
  ) );
#14049 = PCURVE('',#6557,#14050);
#14050 = DEFINITIONAL_REPRESENTATION('',(#14051),#14056);
#14051 = B_SPLINE_CURVE_WITH_KNOTS('',3,(#14052,#14053,#14054,#14055),
  .UNSPECIFIED.,.F.,.F.,(4,4),(0.,1.469222508299E-03),
  .PIECEWISE_BEZIER_KNOTS.);
#14052 = CARTESIAN_POINT('',(13.110330255582,1.414213562373));
#14053 = CARTESIAN_POINT('',(12.979445683928,0.9422823269));
#14054 = CARTESIAN_POINT('',(12.84674500948,0.470862534445));
#14055 = CARTESIAN_POINT('',(12.712065546008,0.));
#14056 = ( GEOMETRIC_REPRESENTATION_CONTEXT(2) 
PARAMETRIC_REPRESENTATION_CONTEXT() REPRESENTATION_CONTEXT('2D SPACE',''
  ) );
#14057 = ORIENTED_EDGE('',*,*,#11707,.F.);
#14058 = ADVANCED_FACE('',(#14059),#3535,.T.);
#14059 = FACE_BOUND('',#14060,.T.);
#14060 = EDGE_LOOP('',(#14061,#14062,#14063,#14085));
#14061 = ORIENTED_EDGE('',*,*,#14008,.T.);
#14062 = ORIENTED_EDGE('',*,*,#10867,.F.);
#14063 = ORIENTED_EDGE('',*,*,#14064,.F.);
#14064 = EDGE_CURVE('',#3410,#10845,#14065,.T.);
#14065 = SURFACE_CURVE('',#14066,(#14071,#14077),.PCURVE_S1.);
#14066 = B_SPLINE_CURVE_WITH_KNOTS('',3,(#14067,#14068,#14069,#14070),
  .UNSPECIFIED.,.F.,.F.,(4,4),(0.,1.469222508299E-03),
  .PIECEWISE_BEZIER_KNOTS.);
#14067 = CARTESIAN_POINT('',(-8.098504775865,34.8812214348,
    74.40960788887));
#14068 = CARTESIAN_POINT('',(-8.077146907281,34.404488539691,
    74.519696263744));
#14069 = CARTESIAN_POINT('',(-8.053950067903,33.927748312619,
    74.629362814032));
#14070 = CARTESIAN_POINT('',(-8.028749522988,33.451000096789,
    74.738569752747));
#14071 = PCURVE('',#3535,#14072);
#14072 = DEFINITIONAL_REPRESENTATION('',(#14073),#14076);
#14073 = B_SPLINE_CURVE_WITH_KNOTS('',1,(#14074,#14075),.UNSPECIFIED.,
  .F.,.F.,(2,2),(0.,1.469222508299E-03),.PIECEWISE_BEZIER_KNOTS.);
#14074 = CARTESIAN_POINT('',(1.13740034473,1.));
#14075 = CARTESIAN_POINT('',(1.116190331628,1.24344978758E-14));
#14076 = ( GEOMETRIC_REPRESENTATION_CONTEXT(2) 
PARAMETRIC_REPRESENTATION_CONTEXT() REPRESENTATION_CONTEXT('2D SPACE',''
  ) );
#14077 = PCURVE('',#3453,#14078);
#14078 = DEFINITIONAL_REPRESENTATION('',(#14079),#14084);
#14079 = B_SPLINE_CURVE_WITH_KNOTS('',3,(#14080,#14081,#14082,#14083),
  .UNSPECIFIED.,.F.,.F.,(4,4),(0.,1.469222508299E-03),
  .PIECEWISE_BEZIER_KNOTS.);
#14080 = CARTESIAN_POINT('',(-0.515902684074,2.13162820728E-14));
#14081 = CARTESIAN_POINT('',(-0.38501811242,0.471931235473));
#14082 = CARTESIAN_POINT('',(-0.252317437972,0.943351027928));
#14083 = CARTESIAN_POINT('',(-0.1176379745,1.414213562373));
#14084 = ( GEOMETRIC_REPRESENTATION_CONTEXT(2) 
PARAMETRIC_REPRESENTATION_CONTEXT() REPRESENTATION_CONTEXT('2D SPACE',''
  ) );
#14085 = ORIENTED_EDGE('',*,*,#3520,.T.);
#14086 = ADVANCED_FACE('',(#14087),#6557,.T.);
#14087 = FACE_BOUND('',#14088,.T.);
#14088 = EDGE_LOOP('',(#14089,#14090,#14091,#14112));
#14089 = ORIENTED_EDGE('',*,*,#14036,.F.);
#14090 = ORIENTED_EDGE('',*,*,#6543,.F.);
#14091 = ORIENTED_EDGE('',*,*,#14092,.F.);
#14092 = EDGE_CURVE('',#11732,#6514,#14093,.T.);
#14093 = SURFACE_CURVE('',#14094,(#14098,#14105),.PCURVE_S1.);
#14094 = LINE('',#14095,#14096);
#14095 = CARTESIAN_POINT('',(-12.21640125664,7.418126842704,
    58.36737665362));
#14096 = VECTOR('',#14097,1.);
#14097 = DIRECTION('',(-0.516964862336,-0.221550815631,-0.826838900393)
  );
#14098 = PCURVE('',#6557,#14099);
#14099 = DEFINITIONAL_REPRESENTATION('',(#14100),#14104);
#14100 = LINE('',#14101,#14102);
#14101 = CARTESIAN_POINT('',(12.21640125664,1.642513574985));
#14102 = VECTOR('',#14103,1.);
#14103 = DIRECTION('',(0.516964862336,0.856006618613));
#14104 = ( GEOMETRIC_REPRESENTATION_CONTEXT(2) 
PARAMETRIC_REPRESENTATION_CONTEXT() REPRESENTATION_CONTEXT('2D SPACE',''
  ) );
#14105 = PCURVE('',#6638,#14106);
#14106 = DEFINITIONAL_REPRESENTATION('',(#14107),#14111);
#14107 = LINE('',#14108,#14109);
#14108 = CARTESIAN_POINT('',(0.378026314868,-0.228300012612));
#14109 = VECTOR('',#14110,1.);
#14110 = DIRECTION('',(-0.516964862336,-0.856006618613));
#14111 = ( GEOMETRIC_REPRESENTATION_CONTEXT(2) 
PARAMETRIC_REPRESENTATION_CONTEXT() REPRESENTATION_CONTEXT('2D SPACE',''
  ) );
#14112 = ORIENTED_EDGE('',*,*,#11731,.F.);
#14113 = ADVANCED_FACE('',(#14114),#3453,.F.);
#14114 = FACE_BOUND('',#14115,.T.);
#14115 = EDGE_LOOP('',(#14116,#14117,#14118,#14139));
#14116 = ORIENTED_EDGE('',*,*,#14064,.T.);
#14117 = ORIENTED_EDGE('',*,*,#10844,.F.);
#14118 = ORIENTED_EDGE('',*,*,#14119,.T.);
#14119 = EDGE_CURVE('',#10822,#3329,#14120,.T.);
#14120 = SURFACE_CURVE('',#14121,(#14125,#14132),.PCURVE_S1.);
#14121 = LINE('',#14122,#14123);
#14122 = CARTESIAN_POINT('',(-7.198442394369,34.855669577126,
    74.20844933724));
#14123 = VECTOR('',#14124,1.);
#14124 = DIRECTION('',(-0.304618496337,0.93953133979,-0.156487805409));
#14125 = PCURVE('',#3453,#14126);
#14126 = DEFINITIONAL_REPRESENTATION('',(#14127),#14131);
#14127 = LINE('',#14128,#14129);
#14128 = CARTESIAN_POINT('',(0.378026314868,-0.228300012612));
#14129 = VECTOR('',#14130,1.);
#14130 = DIRECTION('',(-0.516964862336,-0.856006618613));
#14131 = ( GEOMETRIC_REPRESENTATION_CONTEXT(2) 
PARAMETRIC_REPRESENTATION_CONTEXT() REPRESENTATION_CONTEXT('2D SPACE',''
  ) );
#14132 = PCURVE('',#3372,#14133);
#14133 = DEFINITIONAL_REPRESENTATION('',(#14134),#14138);
#14134 = LINE('',#14135,#14136);
#14135 = CARTESIAN_POINT('',(12.21640125664,1.642513574985));
#14136 = VECTOR('',#14137,1.);
#14137 = DIRECTION('',(0.516964862336,0.856006618613));
#14138 = ( GEOMETRIC_REPRESENTATION_CONTEXT(2) 
PARAMETRIC_REPRESENTATION_CONTEXT() REPRESENTATION_CONTEXT('2D SPACE',''
  ) );
#14139 = ORIENTED_EDGE('',*,*,#3439,.F.);
#14140 = ADVANCED_FACE('',(#14141),#6638,.F.);
#14141 = FACE_BOUND('',#14142,.T.);
#14142 = EDGE_LOOP('',(#14143,#14144,#14145,#14167));
#14143 = ORIENTED_EDGE('',*,*,#14092,.T.);
#14144 = ORIENTED_EDGE('',*,*,#6624,.F.);
#14145 = ORIENTED_EDGE('',*,*,#14146,.T.);
#14146 = EDGE_CURVE('',#6595,#11755,#14147,.T.);
#14147 = SURFACE_CURVE('',#14148,(#14153,#14161),.PCURVE_S1.);
#14148 = B_SPLINE_CURVE_WITH_KNOTS('',3,(#14149,#14150,#14151,#14152),
  .UNSPECIFIED.,.F.,.F.,(4,4),(0.,1.469222508299E-03),
  .PIECEWISE_BEZIER_KNOTS.);
#14149 = CARTESIAN_POINT('',(-11.91711496664,6.594646898702,
    58.078346466001));
#14150 = CARTESIAN_POINT('',(-11.6079925196,6.584957053018,
    58.458082271184));
#14151 = CARTESIAN_POINT('',(-11.299511366,6.576952462959,58.83837346768
    ));
#14152 = CARTESIAN_POINT('',(-10.99172895283,6.570784093485,
    59.219269807364));
#14153 = PCURVE('',#6638,#14154);
#14154 = DEFINITIONAL_REPRESENTATION('',(#14155),#14160);
#14155 = B_SPLINE_CURVE_WITH_KNOTS('',3,(#14156,#14157,#14158,#14159),
  .UNSPECIFIED.,.F.,.F.,(4,4),(0.,1.469222508299E-03),
  .PIECEWISE_BEZIER_KNOTS.);
#14156 = CARTESIAN_POINT('',(-0.515902684074,-7.815970093361E-14));
#14157 = CARTESIAN_POINT('',(-0.385018112421,0.471931235473));
#14158 = CARTESIAN_POINT('',(-0.252317437972,0.943351027928));
#14159 = CARTESIAN_POINT('',(-0.1176379745,1.414213562373));
#14160 = ( GEOMETRIC_REPRESENTATION_CONTEXT(2) 
PARAMETRIC_REPRESENTATION_CONTEXT() REPRESENTATION_CONTEXT('2D SPACE',''
  ) );
#14161 = PCURVE('',#6720,#14162);
#14162 = DEFINITIONAL_REPRESENTATION('',(#14163),#14166);
#14163 = B_SPLINE_CURVE_WITH_KNOTS('',1,(#14164,#14165),.UNSPECIFIED.,
  .F.,.F.,(2,2),(0.,1.469222508299E-03),.PIECEWISE_BEZIER_KNOTS.);
#14164 = CARTESIAN_POINT('',(5.378550427076,1.));
#14165 = CARTESIAN_POINT('',(5.357340413974,1.06581410364E-14));
#14166 = ( GEOMETRIC_REPRESENTATION_CONTEXT(2) 
PARAMETRIC_REPRESENTATION_CONTEXT() REPRESENTATION_CONTEXT('2D SPACE',''
  ) );
#14167 = ORIENTED_EDGE('',*,*,#11754,.F.);
#14168 = ADVANCED_FACE('',(#14169),#3372,.T.);
#14169 = FACE_BOUND('',#14170,.T.);
#14170 = EDGE_LOOP('',(#14171,#14172,#14173,#14195));
#14171 = ORIENTED_EDGE('',*,*,#14119,.F.);
#14172 = ORIENTED_EDGE('',*,*,#10821,.F.);
#14173 = ORIENTED_EDGE('',*,*,#14174,.F.);
#14174 = EDGE_CURVE('',#3246,#10798,#14175,.T.);
#14175 = SURFACE_CURVE('',#14176,(#14181,#14189),.PCURVE_S1.);
#14176 = B_SPLINE_CURVE_WITH_KNOTS('',3,(#14177,#14178,#14179,#14180),
  .UNSPECIFIED.,.F.,.F.,(4,4),(0.,1.469222508299E-03),
  .PIECEWISE_BEZIER_KNOTS.);
#14177 = CARTESIAN_POINT('',(-6.648769722219,35.401269621416,
    74.709857849404));
#14178 = CARTESIAN_POINT('',(-6.410856049973,35.002219508903,
    74.864796399721));
#14179 = CARTESIAN_POINT('',(-6.174089099043,34.602091038544,
    75.01869476837));
#14180 = CARTESIAN_POINT('',(-5.938571592559,34.200787611197,
    75.171459776026));
#14181 = PCURVE('',#3372,#14182);
#14182 = DEFINITIONAL_REPRESENTATION('',(#14183),#14188);
#14183 = B_SPLINE_CURVE_WITH_KNOTS('',3,(#14184,#14185,#14186,#14187),
  .UNSPECIFIED.,.F.,.F.,(4,4),(0.,1.469222508299E-03),
  .PIECEWISE_BEZIER_KNOTS.);
#14184 = CARTESIAN_POINT('',(13.110330255582,1.414213562373));
#14185 = CARTESIAN_POINT('',(12.979445683928,0.9422823269));
#14186 = CARTESIAN_POINT('',(12.84674500948,0.470862534445));
#14187 = CARTESIAN_POINT('',(12.712065546008,4.440892098501E-14));
#14188 = ( GEOMETRIC_REPRESENTATION_CONTEXT(2) 
PARAMETRIC_REPRESENTATION_CONTEXT() REPRESENTATION_CONTEXT('2D SPACE',''
  ) );
#14189 = PCURVE('',#3290,#14190);
#14190 = DEFINITIONAL_REPRESENTATION('',(#14191),#14194);
#14191 = B_SPLINE_CURVE_WITH_KNOTS('',1,(#14192,#14193),.UNSPECIFIED.,
  .F.,.F.,(2,2),(0.,1.469222508299E-03),.PIECEWISE_BEZIER_KNOTS.);
#14192 = CARTESIAN_POINT('',(1.218794145462,1.));
#14193 = CARTESIAN_POINT('',(1.240004158565,6.217248937901E-14));
#14194 = ( GEOMETRIC_REPRESENTATION_CONTEXT(2) 
PARAMETRIC_REPRESENTATION_CONTEXT() REPRESENTATION_CONTEXT('2D SPACE',''
  ) );
#14195 = ORIENTED_EDGE('',*,*,#3358,.F.);
#14196 = ADVANCED_FACE('',(#14197),#6720,.T.);
#14197 = FACE_BOUND('',#14198,.T.);
#14198 = EDGE_LOOP('',(#14199,#14200,#14201,#14223));
#14199 = ORIENTED_EDGE('',*,*,#14146,.F.);
#14200 = ORIENTED_EDGE('',*,*,#6705,.T.);
#14201 = ORIENTED_EDGE('',*,*,#14202,.T.);
#14202 = EDGE_CURVE('',#6676,#11778,#14203,.T.);
#14203 = SURFACE_CURVE('',#14204,(#14209,#14215),.PCURVE_S1.);
#14204 = B_SPLINE_CURVE_WITH_KNOTS('',3,(#14205,#14206,#14207,#14208),
  .UNSPECIFIED.,.F.,.F.,(4,4),(0.,1.469222508299E-03),
  .PIECEWISE_BEZIER_KNOTS.);
#14205 = CARTESIAN_POINT('',(-10.73660291396,5.851863655269,
    57.649500360455));
#14206 = CARTESIAN_POINT('',(-10.65953283326,5.988182153104,
    58.113534122072));
#14207 = CARTESIAN_POINT('',(-10.58061243528,6.124618174421,
    58.577218144429));
#14208 = CARTESIAN_POINT('',(-10.49967596888,6.261182246958,
    59.040521097931));
#14209 = PCURVE('',#6720,#14210);
#14210 = DEFINITIONAL_REPRESENTATION('',(#14211),#14214);
#14211 = B_SPLINE_CURVE_WITH_KNOTS('',1,(#14212,#14213),.UNSPECIFIED.,
  .F.,.F.,(2,2),(0.,1.469222508299E-03),.PIECEWISE_BEZIER_KNOTS.);
#14212 = CARTESIAN_POINT('',(5.302864595129,1.));
#14213 = CARTESIAN_POINT('',(5.324074608232,-2.48689957516E-14));
#14214 = ( GEOMETRIC_REPRESENTATION_CONTEXT(2) 
PARAMETRIC_REPRESENTATION_CONTEXT() REPRESENTATION_CONTEXT('2D SPACE',''
  ) );
#14215 = PCURVE('',#6802,#14216);
#14216 = DEFINITIONAL_REPRESENTATION('',(#14217),#14222);
#14217 = B_SPLINE_CURVE_WITH_KNOTS('',3,(#14218,#14219,#14220,#14221),
  .UNSPECIFIED.,.F.,.F.,(4,4),(0.,1.469222508299E-03),
  .PIECEWISE_BEZIER_KNOTS.);
#14218 = CARTESIAN_POINT('',(13.110330255582,1.414213562373));
#14219 = CARTESIAN_POINT('',(12.979445683928,0.9422823269));
#14220 = CARTESIAN_POINT('',(12.84674500948,0.470862534445));
#14221 = CARTESIAN_POINT('',(12.712065546008,-4.796163466381E-14));
#14222 = ( GEOMETRIC_REPRESENTATION_CONTEXT(2) 
PARAMETRIC_REPRESENTATION_CONTEXT() REPRESENTATION_CONTEXT('2D SPACE',''
  ) );
#14223 = ORIENTED_EDGE('',*,*,#11777,.F.);
#14224 = ADVANCED_FACE('',(#14225),#3290,.T.);
#14225 = FACE_BOUND('',#14226,.T.);
#14226 = EDGE_LOOP('',(#14227,#14228,#14229,#14251));
#14227 = ORIENTED_EDGE('',*,*,#14174,.T.);
#14228 = ORIENTED_EDGE('',*,*,#10797,.F.);
#14229 = ORIENTED_EDGE('',*,*,#14230,.F.);
#14230 = EDGE_CURVE('',#3165,#10775,#14231,.T.);
#14231 = SURFACE_CURVE('',#14232,(#14237,#14243),.PCURVE_S1.);
#14232 = B_SPLINE_CURVE_WITH_KNOTS('',3,(#14233,#14234,#14235,#14236),
  .UNSPECIFIED.,.F.,.F.,(4,4),(0.,1.469222508299E-03),
  .PIECEWISE_BEZIER_KNOTS.);
#14233 = CARTESIAN_POINT('',(-5.260994572786,35.791773882049,
    74.9353155894));
#14234 = CARTESIAN_POINT('',(-5.295874817928,35.31596264072,
    75.045936081332));
#14235 = CARTESIAN_POINT('',(-5.328972720316,34.839897247107,
    75.155992246899));
#14236 = CARTESIAN_POINT('',(-5.36012861794,34.363554934286,
    75.265433533826));
#14237 = PCURVE('',#3290,#14238);
#14238 = DEFINITIONAL_REPRESENTATION('',(#14239),#14242);
#14239 = B_SPLINE_CURVE_WITH_KNOTS('',1,(#14240,#14241),.UNSPECIFIED.,
  .F.,.F.,(2,2),(0.,1.469222508299E-03),.PIECEWISE_BEZIER_KNOTS.);
#14240 = CARTESIAN_POINT('',(1.29447997741,1.));
#14241 = CARTESIAN_POINT('',(1.273269964307,5.861977570021E-14));
#14242 = ( GEOMETRIC_REPRESENTATION_CONTEXT(2) 
PARAMETRIC_REPRESENTATION_CONTEXT() REPRESENTATION_CONTEXT('2D SPACE',''
  ) );
#14243 = PCURVE('',#3208,#14244);
#14244 = DEFINITIONAL_REPRESENTATION('',(#14245),#14250);
#14245 = B_SPLINE_CURVE_WITH_KNOTS('',3,(#14246,#14247,#14248,#14249),
  .UNSPECIFIED.,.F.,.F.,(4,4),(0.,1.469222508299E-03),
  .PIECEWISE_BEZIER_KNOTS.);
#14246 = CARTESIAN_POINT('',(-0.515902684074,0.));
#14247 = CARTESIAN_POINT('',(-0.38501811242,0.471931235473));
#14248 = CARTESIAN_POINT('',(-0.252317437972,0.943351027928));
#14249 = CARTESIAN_POINT('',(-0.1176379745,1.414213562373));
#14250 = ( GEOMETRIC_REPRESENTATION_CONTEXT(2) 
PARAMETRIC_REPRESENTATION_CONTEXT() REPRESENTATION_CONTEXT('2D SPACE',''
  ) );
#14251 = ORIENTED_EDGE('',*,*,#3275,.T.);
#14252 = ADVANCED_FACE('',(#14253),#6802,.T.);
#14253 = FACE_BOUND('',#14254,.T.);
#14254 = EDGE_LOOP('',(#14255,#14256,#14257,#14278));
#14255 = ORIENTED_EDGE('',*,*,#14202,.F.);
#14256 = ORIENTED_EDGE('',*,*,#6788,.F.);
#14257 = ORIENTED_EDGE('',*,*,#14258,.F.);
#14258 = EDGE_CURVE('',#11802,#6759,#14259,.T.);
#14259 = SURFACE_CURVE('',#14260,(#14264,#14271),.PCURVE_S1.);
#14260 = LINE('',#14261,#14262);
#14261 = CARTESIAN_POINT('',(-9.828426059637,5.915602613452,
    57.499893885397));
#14262 = VECTOR('',#14263,1.);
#14263 = DIRECTION('',(-0.415912249292,-0.285133552888,-0.863548410864)
  );
#14264 = PCURVE('',#6802,#14265);
#14265 = DEFINITIONAL_REPRESENTATION('',(#14266),#14270);
#14266 = LINE('',#14267,#14268);
#14267 = CARTESIAN_POINT('',(12.21640125664,1.642513574985));
#14268 = VECTOR('',#14269,1.);
#14269 = DIRECTION('',(0.516964862336,0.856006618613));
#14270 = ( GEOMETRIC_REPRESENTATION_CONTEXT(2) 
PARAMETRIC_REPRESENTATION_CONTEXT() REPRESENTATION_CONTEXT('2D SPACE',''
  ) );
#14271 = PCURVE('',#6883,#14272);
#14272 = DEFINITIONAL_REPRESENTATION('',(#14273),#14277);
#14273 = LINE('',#14274,#14275);
#14274 = CARTESIAN_POINT('',(0.378026314868,-0.228300012612));
#14275 = VECTOR('',#14276,1.);
#14276 = DIRECTION('',(-0.516964862336,-0.856006618613));
#14277 = ( GEOMETRIC_REPRESENTATION_CONTEXT(2) 
PARAMETRIC_REPRESENTATION_CONTEXT() REPRESENTATION_CONTEXT('2D SPACE',''
  ) );
#14278 = ORIENTED_EDGE('',*,*,#11801,.F.);
#14279 = ADVANCED_FACE('',(#14280),#3208,.F.);
#14280 = FACE_BOUND('',#14281,.T.);
#14281 = EDGE_LOOP('',(#14282,#14283,#14284,#14305));
#14282 = ORIENTED_EDGE('',*,*,#14230,.T.);
#14283 = ORIENTED_EDGE('',*,*,#10774,.F.);
#14284 = ORIENTED_EDGE('',*,*,#14285,.T.);
#14285 = EDGE_CURVE('',#10752,#3084,#14286,.T.);
#14286 = SURFACE_CURVE('',#14287,(#14291,#14298),.PCURVE_S1.);
#14287 = LINE('',#14288,#14289);
#14288 = CARTESIAN_POINT('',(-4.391209187091,35.645593311156,
    74.664512017722));
#14289 = VECTOR('',#14290,1.);
#14290 = DIRECTION('',(-0.18582402503,0.97295876296,-0.137188473644));
#14291 = PCURVE('',#3208,#14292);
#14292 = DEFINITIONAL_REPRESENTATION('',(#14293),#14297);
#14293 = LINE('',#14294,#14295);
#14294 = CARTESIAN_POINT('',(0.378026314868,-0.228300012612));
#14295 = VECTOR('',#14296,1.);
#14296 = DIRECTION('',(-0.516964862336,-0.856006618613));
#14297 = ( GEOMETRIC_REPRESENTATION_CONTEXT(2) 
PARAMETRIC_REPRESENTATION_CONTEXT() REPRESENTATION_CONTEXT('2D SPACE',''
  ) );
#14298 = PCURVE('',#3127,#14299);
#14299 = DEFINITIONAL_REPRESENTATION('',(#14300),#14304);
#14300 = LINE('',#14301,#14302);
#14301 = CARTESIAN_POINT('',(12.21640125664,1.642513574985));
#14302 = VECTOR('',#14303,1.);
#14303 = DIRECTION('',(0.516964862336,0.856006618613));
#14304 = ( GEOMETRIC_REPRESENTATION_CONTEXT(2) 
PARAMETRIC_REPRESENTATION_CONTEXT() REPRESENTATION_CONTEXT('2D SPACE',''
  ) );
#14305 = ORIENTED_EDGE('',*,*,#3194,.F.);
#14306 = ADVANCED_FACE('',(#14307),#6883,.F.);
#14307 = FACE_BOUND('',#14308,.T.);
#14308 = EDGE_LOOP('',(#14309,#14310,#14311,#14333));
#14309 = ORIENTED_EDGE('',*,*,#14258,.T.);
#14310 = ORIENTED_EDGE('',*,*,#6869,.F.);
#14311 = ORIENTED_EDGE('',*,*,#14312,.T.);
#14312 = EDGE_CURVE('',#6840,#11825,#14313,.T.);
#14313 = SURFACE_CURVE('',#14314,(#14319,#14327),.PCURVE_S1.);
#14314 = B_SPLINE_CURVE_WITH_KNOTS('',3,(#14315,#14316,#14317,#14318),
  .UNSPECIFIED.,.F.,.F.,(4,4),(0.,1.469222508299E-03),
  .PIECEWISE_BEZIER_KNOTS.);
#14315 = CARTESIAN_POINT('',(-9.398655388436,5.141813498641,
    57.239552711388));
#14316 = CARTESIAN_POINT('',(-9.121727891774,5.172067455978,
    57.642350081997));
#14317 = CARTESIAN_POINT('',(-8.845705546407,5.203901266859,58.04564199)
  );
#14318 = CARTESIAN_POINT('',(-8.570669435659,5.237456454339,
    58.449472735986));
#14319 = PCURVE('',#6883,#14320);
#14320 = DEFINITIONAL_REPRESENTATION('',(#14321),#14326);
#14321 = B_SPLINE_CURVE_WITH_KNOTS('',3,(#14322,#14323,#14324,#14325),
  .UNSPECIFIED.,.F.,.F.,(4,4),(0.,1.469222508299E-03),
  .PIECEWISE_BEZIER_KNOTS.);
#14322 = CARTESIAN_POINT('',(-0.515902684074,-8.437694987151E-15));
#14323 = CARTESIAN_POINT('',(-0.385018112421,0.471931235473));
#14324 = CARTESIAN_POINT('',(-0.252317437972,0.943351027928));
#14325 = CARTESIAN_POINT('',(-0.1176379745,1.414213562373));
#14326 = ( GEOMETRIC_REPRESENTATION_CONTEXT(2) 
PARAMETRIC_REPRESENTATION_CONTEXT() REPRESENTATION_CONTEXT('2D SPACE',''
  ) );
#14327 = PCURVE('',#6965,#14328);
#14328 = DEFINITIONAL_REPRESENTATION('',(#14329),#14332);
#14329 = B_SPLINE_CURVE_WITH_KNOTS('',1,(#14330,#14331),.UNSPECIFIED.,
  .F.,.F.,(2,2),(0.,1.469222508299E-03),.PIECEWISE_BEZIER_KNOTS.);
#14330 = CARTESIAN_POINT('',(5.221470794397,1.));
#14331 = CARTESIAN_POINT('',(5.200260781294,2.6645352591E-14));
#14332 = ( GEOMETRIC_REPRESENTATION_CONTEXT(2) 
PARAMETRIC_REPRESENTATION_CONTEXT() REPRESENTATION_CONTEXT('2D SPACE',''
  ) );
#14333 = ORIENTED_EDGE('',*,*,#11824,.F.);
#14334 = ADVANCED_FACE('',(#14335),#3127,.T.);
#14335 = FACE_BOUND('',#14336,.T.);
#14336 = EDGE_LOOP('',(#14337,#14338,#14339,#14361));
#14337 = ORIENTED_EDGE('',*,*,#14285,.F.);
#14338 = ORIENTED_EDGE('',*,*,#10751,.F.);
#14339 = ORIENTED_EDGE('',*,*,#14340,.F.);
#14340 = EDGE_CURVE('',#3001,#10728,#14341,.T.);
#14341 = SURFACE_CURVE('',#14342,(#14347,#14355),.PCURVE_S1.);
#14342 = B_SPLINE_CURVE_WITH_KNOTS('',3,(#14343,#14344,#14345,#14346),
  .UNSPECIFIED.,.F.,.F.,(4,4),(0.,1.469222508299E-03),
  .PIECEWISE_BEZIER_KNOTS.);
#14343 = CARTESIAN_POINT('',(-3.735169279439,36.109014786357,
    75.1184747109));
#14344 = CARTESIAN_POINT('',(-3.542127655811,35.680591761801,
    75.256454802542));
#14345 = CARTESIAN_POINT('',(-3.350446087433,35.251261235467,
    75.393493356314));
#14346 = CARTESIAN_POINT('',(-3.16024640786,34.820941913476,
    75.529506029386));
#14347 = PCURVE('',#3127,#14348);
#14348 = DEFINITIONAL_REPRESENTATION('',(#14349),#14354);
#14349 = B_SPLINE_CURVE_WITH_KNOTS('',3,(#14350,#14351,#14352,#14353),
  .UNSPECIFIED.,.F.,.F.,(4,4),(0.,1.469222508299E-03),
  .PIECEWISE_BEZIER_KNOTS.);
#14350 = CARTESIAN_POINT('',(13.110330255582,1.414213562373));
#14351 = CARTESIAN_POINT('',(12.979445683928,0.9422823269));
#14352 = CARTESIAN_POINT('',(12.84674500948,0.470862534445));
#14353 = CARTESIAN_POINT('',(12.712065546008,-1.7763568394E-15));
#14354 = ( GEOMETRIC_REPRESENTATION_CONTEXT(2) 
PARAMETRIC_REPRESENTATION_CONTEXT() REPRESENTATION_CONTEXT('2D SPACE',''
  ) );
#14355 = PCURVE('',#3045,#14356);
#14356 = DEFINITIONAL_REPRESENTATION('',(#14357),#14360);
#14357 = B_SPLINE_CURVE_WITH_KNOTS('',1,(#14358,#14359),.UNSPECIFIED.,
  .F.,.F.,(2,2),(0.,1.469222508299E-03),.PIECEWISE_BEZIER_KNOTS.);
#14358 = CARTESIAN_POINT('',(1.375873778142,1.));
#14359 = CARTESIAN_POINT('',(1.397083791244,-4.440892098501E-14));
#14360 = ( GEOMETRIC_REPRESENTATION_CONTEXT(2) 
PARAMETRIC_REPRESENTATION_CONTEXT() REPRESENTATION_CONTEXT('2D SPACE',''
  ) );
#14361 = ORIENTED_EDGE('',*,*,#3113,.F.);
#14362 = ADVANCED_FACE('',(#14363),#6965,.T.);
#14363 = FACE_BOUND('',#14364,.T.);
#14364 = EDGE_LOOP('',(#14365,#14366,#14367,#14389));
#14365 = ORIENTED_EDGE('',*,*,#14312,.F.);
#14366 = ORIENTED_EDGE('',*,*,#6950,.T.);
#14367 = ORIENTED_EDGE('',*,*,#14368,.T.);
#14368 = EDGE_CURVE('',#6921,#11848,#14369,.T.);
#14369 = SURFACE_CURVE('',#14370,(#14375,#14381),.PCURVE_S1.);
#14370 = B_SPLINE_CURVE_WITH_KNOTS('',3,(#14371,#14372,#14373,#14374),
  .UNSPECIFIED.,.F.,.F.,(4,4),(0.,1.469222508299E-03),
  .PIECEWISE_BEZIER_KNOTS.);
#14371 = CARTESIAN_POINT('',(-8.098504775865,4.568106460961,
    56.908322798748));
#14372 = CARTESIAN_POINT('',(-8.077146907281,4.711133579214,
    57.376229784169));
#14373 = CARTESIAN_POINT('',(-8.053950067903,4.854529674255,
    57.843932206963));
#14374 = CARTESIAN_POINT('',(-8.028749522988,4.998327798972,
    58.311411742439));
#14375 = PCURVE('',#6965,#14376);
#14376 = DEFINITIONAL_REPRESENTATION('',(#14377),#14380);
#14377 = B_SPLINE_CURVE_WITH_KNOTS('',1,(#14378,#14379),.UNSPECIFIED.,
  .F.,.F.,(2,2),(0.,1.469222508299E-03),.PIECEWISE_BEZIER_KNOTS.);
#14378 = CARTESIAN_POINT('',(5.14578496245,1.));
#14379 = CARTESIAN_POINT('',(5.166994975552,1.42108547152E-14));
#14380 = ( GEOMETRIC_REPRESENTATION_CONTEXT(2) 
PARAMETRIC_REPRESENTATION_CONTEXT() REPRESENTATION_CONTEXT('2D SPACE',''
  ) );
#14381 = PCURVE('',#7047,#14382);
#14382 = DEFINITIONAL_REPRESENTATION('',(#14383),#14388);
#14383 = B_SPLINE_CURVE_WITH_KNOTS('',3,(#14384,#14385,#14386,#14387),
  .UNSPECIFIED.,.F.,.F.,(4,4),(0.,1.469222508299E-03),
  .PIECEWISE_BEZIER_KNOTS.);
#14384 = CARTESIAN_POINT('',(13.110330255582,1.414213562373));
#14385 = CARTESIAN_POINT('',(12.979445683928,0.9422823269));
#14386 = CARTESIAN_POINT('',(12.84674500948,0.470862534445));
#14387 = CARTESIAN_POINT('',(12.712065546008,-1.7763568394E-14));
#14388 = ( GEOMETRIC_REPRESENTATION_CONTEXT(2) 
PARAMETRIC_REPRESENTATION_CONTEXT() REPRESENTATION_CONTEXT('2D SPACE',''
  ) );
#14389 = ORIENTED_EDGE('',*,*,#11847,.F.);
#14390 = ADVANCED_FACE('',(#14391),#3045,.T.);
#14391 = FACE_BOUND('',#14392,.T.);
#14392 = EDGE_LOOP('',(#14393,#14394,#14395,#14417));
#14393 = ORIENTED_EDGE('',*,*,#14340,.T.);
#14394 = ORIENTED_EDGE('',*,*,#10727,.F.);
#14395 = ORIENTED_EDGE('',*,*,#14396,.F.);
#14396 = EDGE_CURVE('',#2920,#10705,#14397,.T.);
#14397 = SURFACE_CURVE('',#14398,(#14403,#14409),.PCURVE_S1.);
#14398 = B_SPLINE_CURVE_WITH_KNOTS('',3,(#14399,#14400,#14401,#14402),
  .UNSPECIFIED.,.F.,.F.,(4,4),(0.,1.469222508299E-03),
  .PIECEWISE_BEZIER_KNOTS.);
#14399 = CARTESIAN_POINT('',(-2.293941223085,36.306700759039,
    75.232608760443));
#14400 = CARTESIAN_POINT('',(-2.384200714557,35.839418751511,
    75.348153607806));
#14401 = CARTESIAN_POINT('',(-2.472778378509,35.3716464819,
    75.462997810748));
#14402 = CARTESIAN_POINT('',(-2.559523557072,34.903340032598,
    75.577078605642));
#14403 = PCURVE('',#3045,#14404);
#14404 = DEFINITIONAL_REPRESENTATION('',(#14405),#14408);
#14405 = B_SPLINE_CURVE_WITH_KNOTS('',1,(#14406,#14407),.UNSPECIFIED.,
  .F.,.F.,(2,2),(0.,1.469222508299E-03),.PIECEWISE_BEZIER_KNOTS.);
#14406 = CARTESIAN_POINT('',(1.451559610089,1.));
#14407 = CARTESIAN_POINT('',(1.430349596987,-2.84217094304E-14));
#14408 = ( GEOMETRIC_REPRESENTATION_CONTEXT(2) 
PARAMETRIC_REPRESENTATION_CONTEXT() REPRESENTATION_CONTEXT('2D SPACE',''
  ) );
#14409 = PCURVE('',#2963,#14410);
#14410 = DEFINITIONAL_REPRESENTATION('',(#14411),#14416);
#14411 = B_SPLINE_CURVE_WITH_KNOTS('',3,(#14412,#14413,#14414,#14415),
  .UNSPECIFIED.,.F.,.F.,(4,4),(0.,1.469222508299E-03),
  .PIECEWISE_BEZIER_KNOTS.);
#14412 = CARTESIAN_POINT('',(-0.515902684074,1.06581410364E-14));
#14413 = CARTESIAN_POINT('',(-0.38501811242,0.471931235473));
#14414 = CARTESIAN_POINT('',(-0.252317437972,0.943351027928));
#14415 = CARTESIAN_POINT('',(-0.1176379745,1.414213562373));
#14416 = ( GEOMETRIC_REPRESENTATION_CONTEXT(2) 
PARAMETRIC_REPRESENTATION_CONTEXT() REPRESENTATION_CONTEXT('2D SPACE',''
  ) );
#14417 = ORIENTED_EDGE('',*,*,#3030,.T.);
#14418 = ADVANCED_FACE('',(#14419),#7047,.T.);
#14419 = FACE_BOUND('',#14420,.T.);
#14420 = EDGE_LOOP('',(#14421,#14422,#14423,#14444));
#14421 = ORIENTED_EDGE('',*,*,#14368,.F.);
#14422 = ORIENTED_EDGE('',*,*,#7033,.F.);
#14423 = ORIENTED_EDGE('',*,*,#14424,.F.);
#14424 = EDGE_CURVE('',#11872,#7004,#14425,.T.);
#14425 = SURFACE_CURVE('',#14426,(#14430,#14437),.PCURVE_S1.);
#14426 = LINE('',#14427,#14428);
#14427 = CARTESIAN_POINT('',(-7.198442394369,4.755090805698,
    56.829872080793));
#14428 = VECTOR('',#14429,1.);
#14429 = DIRECTION('',(-0.304618496337,-0.334243255028,-0.891901910615)
  );
#14430 = PCURVE('',#7047,#14431);
#14431 = DEFINITIONAL_REPRESENTATION('',(#14432),#14436);
#14432 = LINE('',#14433,#14434);
#14433 = CARTESIAN_POINT('',(12.21640125664,1.642513574985));
#14434 = VECTOR('',#14435,1.);
#14435 = DIRECTION('',(0.516964862336,0.856006618613));
#14436 = ( GEOMETRIC_REPRESENTATION_CONTEXT(2) 
PARAMETRIC_REPRESENTATION_CONTEXT() REPRESENTATION_CONTEXT('2D SPACE',''
  ) );
#14437 = PCURVE('',#7128,#14438);
#14438 = DEFINITIONAL_REPRESENTATION('',(#14439),#14443);
#14439 = LINE('',#14440,#14441);
#14440 = CARTESIAN_POINT('',(0.378026314868,-0.228300012612));
#14441 = VECTOR('',#14442,1.);
#14442 = DIRECTION('',(-0.516964862336,-0.856006618613));
#14443 = ( GEOMETRIC_REPRESENTATION_CONTEXT(2) 
PARAMETRIC_REPRESENTATION_CONTEXT() REPRESENTATION_CONTEXT('2D SPACE',''
  ) );
#14444 = ORIENTED_EDGE('',*,*,#11871,.F.);
#14445 = ADVANCED_FACE('',(#14446),#2963,.F.);
#14446 = FACE_BOUND('',#14447,.T.);
#14447 = EDGE_LOOP('',(#14448,#14449,#14450,#14471));
#14448 = ORIENTED_EDGE('',*,*,#14396,.T.);
#14449 = ORIENTED_EDGE('',*,*,#10704,.F.);
#14450 = ORIENTED_EDGE('',*,*,#14451,.T.);
#14451 = EDGE_CURVE('',#10682,#2839,#14452,.T.);
#14452 = SURFACE_CURVE('',#14453,(#14457,#14464),.PCURVE_S1.);
#14453 = LINE('',#14454,#14455);
#14454 = CARTESIAN_POINT('',(-1.47584983604,36.045478427525,
    74.895385797302));
#14455 = VECTOR('',#14456,1.);
#14456 = DIRECTION('',(-6.245394951339E-02,0.989880813062,
    -0.127418523462));
#14457 = PCURVE('',#2963,#14458);
#14458 = DEFINITIONAL_REPRESENTATION('',(#14459),#14463);
#14459 = LINE('',#14460,#14461);
#14460 = CARTESIAN_POINT('',(0.378026314868,-0.228300012612));
#14461 = VECTOR('',#14462,1.);
#14462 = DIRECTION('',(-0.516964862336,-0.856006618613));
#14463 = ( GEOMETRIC_REPRESENTATION_CONTEXT(2) 
PARAMETRIC_REPRESENTATION_CONTEXT() REPRESENTATION_CONTEXT('2D SPACE',''
  ) );
#14464 = PCURVE('',#2882,#14465);
#14465 = DEFINITIONAL_REPRESENTATION('',(#14466),#14470);
#14466 = LINE('',#14467,#14468);
#14467 = CARTESIAN_POINT('',(12.21640125664,1.642513574985));
#14468 = VECTOR('',#14469,1.);
#14469 = DIRECTION('',(0.516964862336,0.856006618613));
#14470 = ( GEOMETRIC_REPRESENTATION_CONTEXT(2) 
PARAMETRIC_REPRESENTATION_CONTEXT() REPRESENTATION_CONTEXT('2D SPACE',''
  ) );
#14471 = ORIENTED_EDGE('',*,*,#2949,.F.);
#14472 = ADVANCED_FACE('',(#14473),#7128,.F.);
#14473 = FACE_BOUND('',#14474,.T.);
#14474 = EDGE_LOOP('',(#14475,#14476,#14477,#14499));
#14475 = ORIENTED_EDGE('',*,*,#14424,.T.);
#14476 = ORIENTED_EDGE('',*,*,#7114,.F.);
#14477 = ORIENTED_EDGE('',*,*,#14478,.T.);
#14478 = EDGE_CURVE('',#7085,#11895,#14479,.T.);
#14479 = SURFACE_CURVE('',#14480,(#14485,#14493),.PCURVE_S1.);
#14480 = B_SPLINE_CURVE_WITH_KNOTS('',3,(#14481,#14482,#14483,#14484),
  .UNSPECIFIED.,.F.,.F.,(4,4),(0.,1.469222508299E-03),
  .PIECEWISE_BEZIER_KNOTS.);
#14481 = CARTESIAN_POINT('',(-6.648769722219,4.048058274346,
    56.608072838214));
#14482 = CARTESIAN_POINT('',(-6.410856049973,4.113402610002,
    57.031129648191));
#14483 = CARTESIAN_POINT('',(-6.174089099043,4.18018694833,
    57.454600252624));
#14484 = CARTESIAN_POINT('',(-5.938571592559,4.248540284564,
    57.87852171916));
#14485 = PCURVE('',#7128,#14486);
#14486 = DEFINITIONAL_REPRESENTATION('',(#14487),#14492);
#14487 = B_SPLINE_CURVE_WITH_KNOTS('',3,(#14488,#14489,#14490,#14491),
  .UNSPECIFIED.,.F.,.F.,(4,4),(0.,1.469222508299E-03),
  .PIECEWISE_BEZIER_KNOTS.);
#14488 = CARTESIAN_POINT('',(-0.515902684074,-1.287858708565E-14));
#14489 = CARTESIAN_POINT('',(-0.38501811242,0.471931235473));
#14490 = CARTESIAN_POINT('',(-0.252317437972,0.943351027928));
#14491 = CARTESIAN_POINT('',(-0.1176379745,1.414213562373));
#14492 = ( GEOMETRIC_REPRESENTATION_CONTEXT(2) 
PARAMETRIC_REPRESENTATION_CONTEXT() REPRESENTATION_CONTEXT('2D SPACE',''
  ) );
#14493 = PCURVE('',#7210,#14494);
#14494 = DEFINITIONAL_REPRESENTATION('',(#14495),#14498);
#14495 = B_SPLINE_CURVE_WITH_KNOTS('',1,(#14496,#14497),.UNSPECIFIED.,
  .F.,.F.,(2,2),(0.,1.469222508299E-03),.PIECEWISE_BEZIER_KNOTS.);
#14496 = CARTESIAN_POINT('',(5.064391161717,1.));
#14497 = CARTESIAN_POINT('',(5.043181148615,1.42108547152E-14));
#14498 = ( GEOMETRIC_REPRESENTATION_CONTEXT(2) 
PARAMETRIC_REPRESENTATION_CONTEXT() REPRESENTATION_CONTEXT('2D SPACE',''
  ) );
#14499 = ORIENTED_EDGE('',*,*,#11894,.F.);
#14500 = ADVANCED_FACE('',(#14501),#2882,.T.);
#14501 = FACE_BOUND('',#14502,.T.);
#14502 = EDGE_LOOP('',(#14503,#14504,#14505,#14527));
#14503 = ORIENTED_EDGE('',*,*,#14451,.F.);
#14504 = ORIENTED_EDGE('',*,*,#10681,.F.);
#14505 = ORIENTED_EDGE('',*,*,#14506,.F.);
#14506 = EDGE_CURVE('',#2756,#10658,#14507,.T.);
#14507 = SURFACE_CURVE('',#14508,(#14513,#14521),.PCURVE_S1.);
#14508 = B_SPLINE_CURVE_WITH_KNOTS('',3,(#14509,#14510,#14511,#14512),
  .UNSPECIFIED.,.F.,.F.,(4,4),(0.,1.469222508299E-03),
  .PIECEWISE_BEZIER_KNOTS.);
#14509 = CARTESIAN_POINT('',(-0.729596572683,36.413322857112,
    75.294167057467));
#14510 = CARTESIAN_POINT('',(-0.586180323115,35.961967645366,
    75.418907244662));
#14511 = CARTESIAN_POINT('',(-0.444303973658,35.509902586064,
    75.542820009704));
#14512 = CARTESIAN_POINT('',(-0.304105468344,35.057064091163,
    75.665831232235));
#14513 = PCURVE('',#2882,#14514);
#14514 = DEFINITIONAL_REPRESENTATION('',(#14515),#14520);
#14515 = B_SPLINE_CURVE_WITH_KNOTS('',3,(#14516,#14517,#14518,#14519),
  .UNSPECIFIED.,.F.,.F.,(4,4),(0.,1.469222508299E-03),
  .PIECEWISE_BEZIER_KNOTS.);
#14516 = CARTESIAN_POINT('',(13.110330255582,1.414213562373));
#14517 = CARTESIAN_POINT('',(12.979445683928,0.9422823269));
#14518 = CARTESIAN_POINT('',(12.84674500948,0.470862534445));
#14519 = CARTESIAN_POINT('',(12.712065546008,-2.04281036531E-14));
#14520 = ( GEOMETRIC_REPRESENTATION_CONTEXT(2) 
PARAMETRIC_REPRESENTATION_CONTEXT() REPRESENTATION_CONTEXT('2D SPACE',''
  ) );
#14521 = PCURVE('',#2800,#14522);
#14522 = DEFINITIONAL_REPRESENTATION('',(#14523),#14526);
#14523 = B_SPLINE_CURVE_WITH_KNOTS('',1,(#14524,#14525),.UNSPECIFIED.,
  .F.,.F.,(2,2),(0.,1.469222508299E-03),.PIECEWISE_BEZIER_KNOTS.);
#14524 = CARTESIAN_POINT('',(1.532953410821,1.));
#14525 = CARTESIAN_POINT('',(1.554163423924,-3.01980662698E-14));
#14526 = ( GEOMETRIC_REPRESENTATION_CONTEXT(2) 
PARAMETRIC_REPRESENTATION_CONTEXT() REPRESENTATION_CONTEXT('2D SPACE',''
  ) );
#14527 = ORIENTED_EDGE('',*,*,#2868,.F.);
#14528 = ADVANCED_FACE('',(#14529),#7210,.T.);
#14529 = FACE_BOUND('',#14530,.T.);
#14530 = EDGE_LOOP('',(#14531,#14532,#14533,#14555));
#14531 = ORIENTED_EDGE('',*,*,#14478,.F.);
#14532 = ORIENTED_EDGE('',*,*,#7195,.T.);
#14533 = ORIENTED_EDGE('',*,*,#14534,.T.);
#14534 = EDGE_CURVE('',#7166,#11918,#14535,.T.);
#14535 = SURFACE_CURVE('',#14536,(#14541,#14547),.PCURVE_S1.);
#14536 = B_SPLINE_CURVE_WITH_KNOTS('',3,(#14537,#14538,#14539,#14540),
  .UNSPECIFIED.,.F.,.F.,(4,4),(0.,1.469222508299E-03),
  .PIECEWISE_BEZIER_KNOTS.);
#14537 = CARTESIAN_POINT('',(-5.260994572786,3.657554013712,
    56.382615098217));
#14538 = CARTESIAN_POINT('',(-5.295874817928,3.799659478185,
    56.849989966581));
#14539 = CARTESIAN_POINT('',(-5.328972720316,3.942380739767,
    57.317302774095));
#14540 = CARTESIAN_POINT('',(-5.36012861794,4.085772961476,
    57.78454796136));
#14541 = PCURVE('',#7210,#14542);
#14542 = DEFINITIONAL_REPRESENTATION('',(#14543),#14546);
#14543 = B_SPLINE_CURVE_WITH_KNOTS('',1,(#14544,#14545),.UNSPECIFIED.,
  .F.,.F.,(2,2),(0.,1.469222508299E-03),.PIECEWISE_BEZIER_KNOTS.);
#14544 = CARTESIAN_POINT('',(4.98870532977,1.));
#14545 = CARTESIAN_POINT('',(5.009915342873,5.861977570021E-14));
#14546 = ( GEOMETRIC_REPRESENTATION_CONTEXT(2) 
PARAMETRIC_REPRESENTATION_CONTEXT() REPRESENTATION_CONTEXT('2D SPACE',''
  ) );
#14547 = PCURVE('',#7292,#14548);
#14548 = DEFINITIONAL_REPRESENTATION('',(#14549),#14554);
#14549 = B_SPLINE_CURVE_WITH_KNOTS('',3,(#14550,#14551,#14552,#14553),
  .UNSPECIFIED.,.F.,.F.,(4,4),(0.,1.469222508299E-03),
  .PIECEWISE_BEZIER_KNOTS.);
#14550 = CARTESIAN_POINT('',(13.110330255582,1.414213562373));
#14551 = CARTESIAN_POINT('',(12.979445683928,0.9422823269));
#14552 = CARTESIAN_POINT('',(12.84674500948,0.470862534445));
#14553 = CARTESIAN_POINT('',(12.712065546008,6.927791673661E-14));
#14554 = ( GEOMETRIC_REPRESENTATION_CONTEXT(2) 
PARAMETRIC_REPRESENTATION_CONTEXT() REPRESENTATION_CONTEXT('2D SPACE',''
  ) );
#14555 = ORIENTED_EDGE('',*,*,#11917,.F.);
#14556 = ADVANCED_FACE('',(#14557),#2800,.T.);
#14557 = FACE_BOUND('',#14558,.T.);
#14558 = EDGE_LOOP('',(#14559,#14560,#14561,#14583));
#14559 = ORIENTED_EDGE('',*,*,#14506,.T.);
#14560 = ORIENTED_EDGE('',*,*,#10657,.F.);
#14561 = ORIENTED_EDGE('',*,*,#14562,.F.);
#14562 = EDGE_CURVE('',#2675,#10635,#14563,.T.);
#14563 = SURFACE_CURVE('',#14564,(#14569,#14575),.PCURVE_S1.);
#14564 = B_SPLINE_CURVE_WITH_KNOTS('',3,(#14565,#14566,#14567,#14568),
  .UNSPECIFIED.,.F.,.F.,(4,4),(0.,1.469222508299E-03),
  .PIECEWISE_BEZIER_KNOTS.);
#14565 = CARTESIAN_POINT('',(0.729596572683,36.413322857112,
    75.294167057467));
#14566 = CARTESIAN_POINT('',(0.586180323115,35.961967645366,
    75.418907244662));
#14567 = CARTESIAN_POINT('',(0.444303973658,35.509902586064,
    75.542820009704));
#14568 = CARTESIAN_POINT('',(0.304105468344,35.057064091163,
    75.665831232235));
#14569 = PCURVE('',#2800,#14570);
#14570 = DEFINITIONAL_REPRESENTATION('',(#14571),#14574);
#14571 = B_SPLINE_CURVE_WITH_KNOTS('',1,(#14572,#14573),.UNSPECIFIED.,
  .F.,.F.,(2,2),(0.,1.469222508299E-03),.PIECEWISE_BEZIER_KNOTS.);
#14572 = CARTESIAN_POINT('',(1.608639242768,1.));
#14573 = CARTESIAN_POINT('',(1.587429229666,-2.84217094304E-14));
#14574 = ( GEOMETRIC_REPRESENTATION_CONTEXT(2) 
PARAMETRIC_REPRESENTATION_CONTEXT() REPRESENTATION_CONTEXT('2D SPACE',''
  ) );
#14575 = PCURVE('',#2718,#14576);
#14576 = DEFINITIONAL_REPRESENTATION('',(#14577),#14582);
#14577 = B_SPLINE_CURVE_WITH_KNOTS('',3,(#14578,#14579,#14580,#14581),
  .UNSPECIFIED.,.F.,.F.,(4,4),(0.,1.469222508299E-03),
  .PIECEWISE_BEZIER_KNOTS.);
#14578 = CARTESIAN_POINT('',(-0.515902684074,-3.01980662698E-14));
#14579 = CARTESIAN_POINT('',(-0.38501811242,0.471931235473));
#14580 = CARTESIAN_POINT('',(-0.252317437972,0.943351027928));
#14581 = CARTESIAN_POINT('',(-0.1176379745,1.414213562373));
#14582 = ( GEOMETRIC_REPRESENTATION_CONTEXT(2) 
PARAMETRIC_REPRESENTATION_CONTEXT() REPRESENTATION_CONTEXT('2D SPACE',''
  ) );
#14583 = ORIENTED_EDGE('',*,*,#2785,.T.);
#14584 = ADVANCED_FACE('',(#14585),#7292,.T.);
#14585 = FACE_BOUND('',#14586,.T.);
#14586 = EDGE_LOOP('',(#14587,#14588,#14589,#14610));
#14587 = ORIENTED_EDGE('',*,*,#14534,.F.);
#14588 = ORIENTED_EDGE('',*,*,#7278,.F.);
#14589 = ORIENTED_EDGE('',*,*,#14590,.F.);
#14590 = EDGE_CURVE('',#11942,#7249,#14591,.T.);
#14591 = SURFACE_CURVE('',#14592,(#14596,#14603),.PCURVE_S1.);
#14592 = LINE('',#14593,#14594);
#14593 = CARTESIAN_POINT('',(-4.391209187091,3.965167071668,
    56.373809400311));
#14594 = VECTOR('',#14595,1.);
#14595 = DIRECTION('',(-0.18582402503,-0.367670678198,-0.91120124238));
#14596 = PCURVE('',#7292,#14597);
#14597 = DEFINITIONAL_REPRESENTATION('',(#14598),#14602);
#14598 = LINE('',#14599,#14600);
#14599 = CARTESIAN_POINT('',(12.21640125664,1.642513574985));
#14600 = VECTOR('',#14601,1.);
#14601 = DIRECTION('',(0.516964862336,0.856006618613));
#14602 = ( GEOMETRIC_REPRESENTATION_CONTEXT(2) 
PARAMETRIC_REPRESENTATION_CONTEXT() REPRESENTATION_CONTEXT('2D SPACE',''
  ) );
#14603 = PCURVE('',#7373,#14604);
#14604 = DEFINITIONAL_REPRESENTATION('',(#14605),#14609);
#14605 = LINE('',#14606,#14607);
#14606 = CARTESIAN_POINT('',(0.378026314868,-0.228300012612));
#14607 = VECTOR('',#14608,1.);
#14608 = DIRECTION('',(-0.516964862336,-0.856006618613));
#14609 = ( GEOMETRIC_REPRESENTATION_CONTEXT(2) 
PARAMETRIC_REPRESENTATION_CONTEXT() REPRESENTATION_CONTEXT('2D SPACE',''
  ) );
#14610 = ORIENTED_EDGE('',*,*,#11941,.F.);
#14611 = ADVANCED_FACE('',(#14612),#2718,.F.);
#14612 = FACE_BOUND('',#14613,.T.);
#14613 = EDGE_LOOP('',(#14614,#14615,#14616,#14637));
#14614 = ORIENTED_EDGE('',*,*,#14562,.T.);
#14615 = ORIENTED_EDGE('',*,*,#10634,.F.);
#14616 = ORIENTED_EDGE('',*,*,#14617,.T.);
#14617 = EDGE_CURVE('',#10612,#2594,#14618,.T.);
#14618 = SURFACE_CURVE('',#14619,(#14623,#14630),.PCURVE_S1.);
#14619 = LINE('',#14620,#14621);
#14620 = CARTESIAN_POINT('',(1.47584983604,36.045478427525,
    74.895385797302));
#14621 = VECTOR('',#14622,1.);
#14622 = DIRECTION('',(6.245394951338E-02,0.989880813062,-0.127418523462
    ));
#14623 = PCURVE('',#2718,#14624);
#14624 = DEFINITIONAL_REPRESENTATION('',(#14625),#14629);
#14625 = LINE('',#14626,#14627);
#14626 = CARTESIAN_POINT('',(0.378026314868,-0.228300012612));
#14627 = VECTOR('',#14628,1.);
#14628 = DIRECTION('',(-0.516964862336,-0.856006618613));
#14629 = ( GEOMETRIC_REPRESENTATION_CONTEXT(2) 
PARAMETRIC_REPRESENTATION_CONTEXT() REPRESENTATION_CONTEXT('2D SPACE',''
  ) );
#14630 = PCURVE('',#2637,#14631);
#14631 = DEFINITIONAL_REPRESENTATION('',(#14632),#14636);
#14632 = LINE('',#14633,#14634);
#14633 = CARTESIAN_POINT('',(12.21640125664,1.642513574985));
#14634 = VECTOR('',#14635,1.);
#14635 = DIRECTION('',(0.516964862336,0.856006618613));
#14636 = ( GEOMETRIC_REPRESENTATION_CONTEXT(2) 
PARAMETRIC_REPRESENTATION_CONTEXT() REPRESENTATION_CONTEXT('2D SPACE',''
  ) );
#14637 = ORIENTED_EDGE('',*,*,#2704,.F.);
#14638 = ADVANCED_FACE('',(#14639),#7373,.F.);
#14639 = FACE_BOUND('',#14640,.T.);
#14640 = EDGE_LOOP('',(#14641,#14642,#14643,#14665));
#14641 = ORIENTED_EDGE('',*,*,#14590,.T.);
#14642 = ORIENTED_EDGE('',*,*,#7359,.F.);
#14643 = ORIENTED_EDGE('',*,*,#14644,.T.);
#14644 = EDGE_CURVE('',#7330,#11965,#14645,.T.);
#14645 = SURFACE_CURVE('',#14646,(#14651,#14659),.PCURVE_S1.);
#14646 = B_SPLINE_CURVE_WITH_KNOTS('',3,(#14647,#14648,#14649,#14650),
  .UNSPECIFIED.,.F.,.F.,(4,4),(0.,1.469222508299E-03),
  .PIECEWISE_BEZIER_KNOTS.);
#14647 = CARTESIAN_POINT('',(-3.735169279439,3.340313109404,
    56.199455976717));
#14648 = CARTESIAN_POINT('',(-3.542127655811,3.435030357104,
    56.63947124537));
#14649 = CARTESIAN_POINT('',(-3.350446087433,3.531016751407,
    57.079801664681));
#14650 = CARTESIAN_POINT('',(-3.16024640786,3.628385982286,
    57.520475465801));
#14651 = PCURVE('',#7373,#14652);
#14652 = DEFINITIONAL_REPRESENTATION('',(#14653),#14658);
#14653 = B_SPLINE_CURVE_WITH_KNOTS('',3,(#14654,#14655,#14656,#14657),
  .UNSPECIFIED.,.F.,.F.,(4,4),(0.,1.469222508299E-03),
  .PIECEWISE_BEZIER_KNOTS.);
#14654 = CARTESIAN_POINT('',(-0.515902684074,7.549516567451E-15));
#14655 = CARTESIAN_POINT('',(-0.38501811242,0.471931235473));
#14656 = CARTESIAN_POINT('',(-0.252317437972,0.943351027928));
#14657 = CARTESIAN_POINT('',(-0.1176379745,1.414213562373));
#14658 = ( GEOMETRIC_REPRESENTATION_CONTEXT(2) 
PARAMETRIC_REPRESENTATION_CONTEXT() REPRESENTATION_CONTEXT('2D SPACE',''
  ) );
#14659 = PCURVE('',#7455,#14660);
#14660 = DEFINITIONAL_REPRESENTATION('',(#14661),#14664);
#14661 = B_SPLINE_CURVE_WITH_KNOTS('',1,(#14662,#14663),.UNSPECIFIED.,
  .F.,.F.,(2,2),(0.,1.469222508299E-03),.PIECEWISE_BEZIER_KNOTS.);
#14662 = CARTESIAN_POINT('',(4.907311529038,1.));
#14663 = CARTESIAN_POINT('',(4.886101515935,-2.6645352591E-14));
#14664 = ( GEOMETRIC_REPRESENTATION_CONTEXT(2) 
PARAMETRIC_REPRESENTATION_CONTEXT() REPRESENTATION_CONTEXT('2D SPACE',''
  ) );
#14665 = ORIENTED_EDGE('',*,*,#11964,.F.);
#14666 = ADVANCED_FACE('',(#14667),#2637,.T.);
#14667 = FACE_BOUND('',#14668,.T.);
#14668 = EDGE_LOOP('',(#14669,#14670,#14671,#14693));
#14669 = ORIENTED_EDGE('',*,*,#14617,.F.);
#14670 = ORIENTED_EDGE('',*,*,#10611,.F.);
#14671 = ORIENTED_EDGE('',*,*,#14672,.F.);
#14672 = EDGE_CURVE('',#2511,#10588,#14673,.T.);
#14673 = SURFACE_CURVE('',#14674,(#14679,#14687),.PCURVE_S1.);
#14674 = B_SPLINE_CURVE_WITH_KNOTS('',3,(#14675,#14676,#14677,#14678),
  .UNSPECIFIED.,.F.,.F.,(4,4),(0.,1.469222508299E-03),
  .PIECEWISE_BEZIER_KNOTS.);
#14675 = CARTESIAN_POINT('',(2.293941223085,36.306700759039,
    75.232608760443));
#14676 = CARTESIAN_POINT('',(2.384200714557,35.839418751511,
    75.348153607806));
#14677 = CARTESIAN_POINT('',(2.472778378509,35.3716464819,
    75.462997810748));
#14678 = CARTESIAN_POINT('',(2.559523557072,34.903340032598,
    75.577078605642));
#14679 = PCURVE('',#2637,#14680);
#14680 = DEFINITIONAL_REPRESENTATION('',(#14681),#14686);
#14681 = B_SPLINE_CURVE_WITH_KNOTS('',3,(#14682,#14683,#14684,#14685),
  .UNSPECIFIED.,.F.,.F.,(4,4),(0.,1.469222508299E-03),
  .PIECEWISE_BEZIER_KNOTS.);
#14682 = CARTESIAN_POINT('',(13.110330255582,1.414213562373));
#14683 = CARTESIAN_POINT('',(12.979445683928,0.9422823269));
#14684 = CARTESIAN_POINT('',(12.84674500948,0.470862534445));
#14685 = CARTESIAN_POINT('',(12.712065546008,-1.7763568394E-15));
#14686 = ( GEOMETRIC_REPRESENTATION_CONTEXT(2) 
PARAMETRIC_REPRESENTATION_CONTEXT() REPRESENTATION_CONTEXT('2D SPACE',''
  ) );
#14687 = PCURVE('',#2555,#14688);
#14688 = DEFINITIONAL_REPRESENTATION('',(#14689),#14692);
#14689 = B_SPLINE_CURVE_WITH_KNOTS('',1,(#14690,#14691),.UNSPECIFIED.,
  .F.,.F.,(2,2),(0.,1.469222508299E-03),.PIECEWISE_BEZIER_KNOTS.);
#14690 = CARTESIAN_POINT('',(1.690033043501,1.));
#14691 = CARTESIAN_POINT('',(1.711243056603,8.881784197001E-15));
#14692 = ( GEOMETRIC_REPRESENTATION_CONTEXT(2) 
PARAMETRIC_REPRESENTATION_CONTEXT() REPRESENTATION_CONTEXT('2D SPACE',''
  ) );
#14693 = ORIENTED_EDGE('',*,*,#2623,.F.);
#14694 = ADVANCED_FACE('',(#14695),#7455,.T.);
#14695 = FACE_BOUND('',#14696,.T.);
#14696 = EDGE_LOOP('',(#14697,#14698,#14699,#14721));
#14697 = ORIENTED_EDGE('',*,*,#14644,.F.);
#14698 = ORIENTED_EDGE('',*,*,#7440,.T.);
#14699 = ORIENTED_EDGE('',*,*,#14700,.T.);
#14700 = EDGE_CURVE('',#7411,#11988,#14701,.T.);
#14701 = SURFACE_CURVE('',#14702,(#14707,#14713),.PCURVE_S1.);
#14702 = B_SPLINE_CURVE_WITH_KNOTS('',3,(#14703,#14704,#14705,#14706),
  .UNSPECIFIED.,.F.,.F.,(4,4),(0.,1.469222508299E-03),
  .PIECEWISE_BEZIER_KNOTS.);
#14703 = CARTESIAN_POINT('',(-2.293941223085,3.142627136723,
    56.085321927174));
#14704 = CARTESIAN_POINT('',(-2.384200714557,3.276203367394,
    56.547772440106));
#14705 = CARTESIAN_POINT('',(-2.472778378509,3.410631504974,
    57.010297210246));
#14706 = CARTESIAN_POINT('',(-2.559523557072,3.545987863163,
    57.472902889545));
#14707 = PCURVE('',#7455,#14708);
#14708 = DEFINITIONAL_REPRESENTATION('',(#14709),#14712);
#14709 = B_SPLINE_CURVE_WITH_KNOTS('',1,(#14710,#14711),.UNSPECIFIED.,
  .F.,.F.,(2,2),(0.,1.469222508299E-03),.PIECEWISE_BEZIER_KNOTS.);
#14710 = CARTESIAN_POINT('',(4.831625697091,1.));
#14711 = CARTESIAN_POINT('',(4.852835710193,-1.06581410364E-14));
#14712 = ( GEOMETRIC_REPRESENTATION_CONTEXT(2) 
PARAMETRIC_REPRESENTATION_CONTEXT() REPRESENTATION_CONTEXT('2D SPACE',''
  ) );
#14713 = PCURVE('',#7537,#14714);
#14714 = DEFINITIONAL_REPRESENTATION('',(#14715),#14720);
#14715 = B_SPLINE_CURVE_WITH_KNOTS('',3,(#14716,#14717,#14718,#14719),
  .UNSPECIFIED.,.F.,.F.,(4,4),(0.,1.469222508299E-03),
  .PIECEWISE_BEZIER_KNOTS.);
#14716 = CARTESIAN_POINT('',(13.110330255582,1.414213562373));
#14717 = CARTESIAN_POINT('',(12.979445683928,0.9422823269));
#14718 = CARTESIAN_POINT('',(12.84674500948,0.470862534445));
#14719 = CARTESIAN_POINT('',(12.712065546008,0.));
#14720 = ( GEOMETRIC_REPRESENTATION_CONTEXT(2) 
PARAMETRIC_REPRESENTATION_CONTEXT() REPRESENTATION_CONTEXT('2D SPACE',''
  ) );
#14721 = ORIENTED_EDGE('',*,*,#11987,.F.);
#14722 = ADVANCED_FACE('',(#14723),#2555,.T.);
#14723 = FACE_BOUND('',#14724,.T.);
#14724 = EDGE_LOOP('',(#14725,#14726,#14727,#14749));
#14725 = ORIENTED_EDGE('',*,*,#14672,.T.);
#14726 = ORIENTED_EDGE('',*,*,#10587,.F.);
#14727 = ORIENTED_EDGE('',*,*,#14728,.F.);
#14728 = EDGE_CURVE('',#2430,#10565,#14729,.T.);
#14729 = SURFACE_CURVE('',#14730,(#14735,#14741),.PCURVE_S1.);
#14730 = B_SPLINE_CURVE_WITH_KNOTS('',3,(#14731,#14732,#14733,#14734),
  .UNSPECIFIED.,.F.,.F.,(4,4),(0.,1.469222508299E-03),
  .PIECEWISE_BEZIER_KNOTS.);
#14731 = CARTESIAN_POINT('',(3.735169279439,36.109014786357,
    75.1184747109));
#14732 = CARTESIAN_POINT('',(3.542127655811,35.680591761801,
    75.256454802542));
#14733 = CARTESIAN_POINT('',(3.350446087433,35.251261235467,
    75.393493356314));
#14734 = CARTESIAN_POINT('',(3.16024640786,34.820941913476,
    75.529506029386));
#14735 = PCURVE('',#2555,#14736);
#14736 = DEFINITIONAL_REPRESENTATION('',(#14737),#14740);
#14737 = B_SPLINE_CURVE_WITH_KNOTS('',1,(#14738,#14739),.UNSPECIFIED.,
  .F.,.F.,(2,2),(0.,1.469222508299E-03),.PIECEWISE_BEZIER_KNOTS.);
#14738 = CARTESIAN_POINT('',(1.765718875448,1.));
#14739 = CARTESIAN_POINT('',(1.744508862346,-8.881784197001E-15));
#14740 = ( GEOMETRIC_REPRESENTATION_CONTEXT(2) 
PARAMETRIC_REPRESENTATION_CONTEXT() REPRESENTATION_CONTEXT('2D SPACE',''
  ) );
#14741 = PCURVE('',#2473,#14742);
#14742 = DEFINITIONAL_REPRESENTATION('',(#14743),#14748);
#14743 = B_SPLINE_CURVE_WITH_KNOTS('',3,(#14744,#14745,#14746,#14747),
  .UNSPECIFIED.,.F.,.F.,(4,4),(0.,1.469222508299E-03),
  .PIECEWISE_BEZIER_KNOTS.);
#14744 = CARTESIAN_POINT('',(-0.515902684074,1.24344978758E-14));
#14745 = CARTESIAN_POINT('',(-0.38501811242,0.471931235473));
#14746 = CARTESIAN_POINT('',(-0.252317437972,0.943351027928));
#14747 = CARTESIAN_POINT('',(-0.1176379745,1.414213562373));
#14748 = ( GEOMETRIC_REPRESENTATION_CONTEXT(2) 
PARAMETRIC_REPRESENTATION_CONTEXT() REPRESENTATION_CONTEXT('2D SPACE',''
  ) );
#14749 = ORIENTED_EDGE('',*,*,#2540,.T.);
#14750 = ADVANCED_FACE('',(#14751),#7537,.T.);
#14751 = FACE_BOUND('',#14752,.T.);
#14752 = EDGE_LOOP('',(#14753,#14754,#14755,#14776));
#14753 = ORIENTED_EDGE('',*,*,#14700,.F.);
#14754 = ORIENTED_EDGE('',*,*,#7523,.F.);
#14755 = ORIENTED_EDGE('',*,*,#14756,.F.);
#14756 = EDGE_CURVE('',#12012,#7494,#14757,.T.);
#14757 = SURFACE_CURVE('',#14758,(#14762,#14769),.PCURVE_S1.);
#14758 = LINE('',#14759,#14760);
#14759 = CARTESIAN_POINT('',(-1.47584983604,3.565281955299,
    56.14293562073));
#14760 = VECTOR('',#14761,1.);
#14761 = DIRECTION('',(-6.245394951339E-02,-0.3845927283,-0.920971192562
    ));
#14762 = PCURVE('',#7537,#14763);
#14763 = DEFINITIONAL_REPRESENTATION('',(#14764),#14768);
#14764 = LINE('',#14765,#14766);
#14765 = CARTESIAN_POINT('',(12.21640125664,1.642513574985));
#14766 = VECTOR('',#14767,1.);
#14767 = DIRECTION('',(0.516964862336,0.856006618613));
#14768 = ( GEOMETRIC_REPRESENTATION_CONTEXT(2) 
PARAMETRIC_REPRESENTATION_CONTEXT() REPRESENTATION_CONTEXT('2D SPACE',''
  ) );
#14769 = PCURVE('',#7618,#14770);
#14770 = DEFINITIONAL_REPRESENTATION('',(#14771),#14775);
#14771 = LINE('',#14772,#14773);
#14772 = CARTESIAN_POINT('',(0.378026314868,-0.228300012612));
#14773 = VECTOR('',#14774,1.);
#14774 = DIRECTION('',(-0.516964862336,-0.856006618613));
#14775 = ( GEOMETRIC_REPRESENTATION_CONTEXT(2) 
PARAMETRIC_REPRESENTATION_CONTEXT() REPRESENTATION_CONTEXT('2D SPACE',''
  ) );
#14776 = ORIENTED_EDGE('',*,*,#12011,.F.);
#14777 = ADVANCED_FACE('',(#14778),#2473,.F.);
#14778 = FACE_BOUND('',#14779,.T.);
#14779 = EDGE_LOOP('',(#14780,#14781,#14782,#14803));
#14780 = ORIENTED_EDGE('',*,*,#14728,.T.);
#14781 = ORIENTED_EDGE('',*,*,#10564,.F.);
#14782 = ORIENTED_EDGE('',*,*,#14783,.T.);
#14783 = EDGE_CURVE('',#10542,#2349,#14784,.T.);
#14784 = SURFACE_CURVE('',#14785,(#14789,#14796),.PCURVE_S1.);
#14785 = LINE('',#14786,#14787);
#14786 = CARTESIAN_POINT('',(4.391209187091,35.645593311156,
    74.664512017722));
#14787 = VECTOR('',#14788,1.);
#14788 = DIRECTION('',(0.18582402503,0.97295876296,-0.137188473644));
#14789 = PCURVE('',#2473,#14790);
#14790 = DEFINITIONAL_REPRESENTATION('',(#14791),#14795);
#14791 = LINE('',#14792,#14793);
#14792 = CARTESIAN_POINT('',(0.378026314868,-0.228300012612));
#14793 = VECTOR('',#14794,1.);
#14794 = DIRECTION('',(-0.516964862336,-0.856006618613));
#14795 = ( GEOMETRIC_REPRESENTATION_CONTEXT(2) 
PARAMETRIC_REPRESENTATION_CONTEXT() REPRESENTATION_CONTEXT('2D SPACE',''
  ) );
#14796 = PCURVE('',#2392,#14797);
#14797 = DEFINITIONAL_REPRESENTATION('',(#14798),#14802);
#14798 = LINE('',#14799,#14800);
#14799 = CARTESIAN_POINT('',(12.21640125664,1.642513574985));
#14800 = VECTOR('',#14801,1.);
#14801 = DIRECTION('',(0.516964862336,0.856006618613));
#14802 = ( GEOMETRIC_REPRESENTATION_CONTEXT(2) 
PARAMETRIC_REPRESENTATION_CONTEXT() REPRESENTATION_CONTEXT('2D SPACE',''
  ) );
#14803 = ORIENTED_EDGE('',*,*,#2459,.F.);
#14804 = ADVANCED_FACE('',(#14805),#7618,.F.);
#14805 = FACE_BOUND('',#14806,.T.);
#14806 = EDGE_LOOP('',(#14807,#14808,#14809,#14831));
#14807 = ORIENTED_EDGE('',*,*,#14756,.T.);
#14808 = ORIENTED_EDGE('',*,*,#7604,.F.);
#14809 = ORIENTED_EDGE('',*,*,#14810,.T.);
#14810 = EDGE_CURVE('',#7575,#12035,#14811,.T.);
#14811 = SURFACE_CURVE('',#14812,(#14817,#14825),.PCURVE_S1.);
#14812 = B_SPLINE_CURVE_WITH_KNOTS('',3,(#14813,#14814,#14815,#14816),
  .UNSPECIFIED.,.F.,.F.,(4,4),(0.,1.469222508299E-03),
  .PIECEWISE_BEZIER_KNOTS.);
#14813 = CARTESIAN_POINT('',(-0.729596572683,3.036005038649,
    56.02376363015));
#14814 = CARTESIAN_POINT('',(-0.586180323115,3.153654473539,
    56.47701880325));
#14815 = CARTESIAN_POINT('',(-0.444303973658,3.272375400811,
    56.93047501129));
#14816 = CARTESIAN_POINT('',(-0.304105468344,3.392263804599,
    57.384150262952));
#14817 = PCURVE('',#7618,#14818);
#14818 = DEFINITIONAL_REPRESENTATION('',(#14819),#14824);
#14819 = B_SPLINE_CURVE_WITH_KNOTS('',3,(#14820,#14821,#14822,#14823),
  .UNSPECIFIED.,.F.,.F.,(4,4),(0.,1.469222508299E-03),
  .PIECEWISE_BEZIER_KNOTS.);
#14820 = CARTESIAN_POINT('',(-0.515902684074,-3.01980662698E-14));
#14821 = CARTESIAN_POINT('',(-0.38501811242,0.471931235473));
#14822 = CARTESIAN_POINT('',(-0.252317437972,0.943351027928));
#14823 = CARTESIAN_POINT('',(-0.1176379745,1.414213562373));
#14824 = ( GEOMETRIC_REPRESENTATION_CONTEXT(2) 
PARAMETRIC_REPRESENTATION_CONTEXT() REPRESENTATION_CONTEXT('2D SPACE',''
  ) );
#14825 = PCURVE('',#7700,#14826);
#14826 = DEFINITIONAL_REPRESENTATION('',(#14827),#14830);
#14827 = B_SPLINE_CURVE_WITH_KNOTS('',1,(#14828,#14829),.UNSPECIFIED.,
  .F.,.F.,(2,2),(0.,1.469222508299E-03),.PIECEWISE_BEZIER_KNOTS.);
#14828 = CARTESIAN_POINT('',(4.750231896358,1.));
#14829 = CARTESIAN_POINT('',(4.729021883256,-4.440892098501E-14));
#14830 = ( GEOMETRIC_REPRESENTATION_CONTEXT(2) 
PARAMETRIC_REPRESENTATION_CONTEXT() REPRESENTATION_CONTEXT('2D SPACE',''
  ) );
#14831 = ORIENTED_EDGE('',*,*,#12034,.F.);
#14832 = ADVANCED_FACE('',(#14833),#2392,.T.);
#14833 = FACE_BOUND('',#14834,.T.);
#14834 = EDGE_LOOP('',(#14835,#14836,#14837,#14859));
#14835 = ORIENTED_EDGE('',*,*,#14783,.F.);
#14836 = ORIENTED_EDGE('',*,*,#10541,.F.);
#14837 = ORIENTED_EDGE('',*,*,#14838,.F.);
#14838 = EDGE_CURVE('',#2266,#10518,#14839,.T.);
#14839 = SURFACE_CURVE('',#14840,(#14845,#14853),.PCURVE_S1.);
#14840 = B_SPLINE_CURVE_WITH_KNOTS('',3,(#14841,#14842,#14843,#14844),
  .UNSPECIFIED.,.F.,.F.,(4,4),(0.,1.469222508299E-03),
  .PIECEWISE_BEZIER_KNOTS.);
#14841 = CARTESIAN_POINT('',(5.260994572786,35.791773882049,
    74.9353155894));
#14842 = CARTESIAN_POINT('',(5.295874817928,35.31596264072,
    75.045936081332));
#14843 = CARTESIAN_POINT('',(5.328972720316,34.839897247107,
    75.155992246899));
#14844 = CARTESIAN_POINT('',(5.360128617941,34.363554934286,
    75.265433533826));
#14845 = PCURVE('',#2392,#14846);
#14846 = DEFINITIONAL_REPRESENTATION('',(#14847),#14852);
#14847 = B_SPLINE_CURVE_WITH_KNOTS('',3,(#14848,#14849,#14850,#14851),
  .UNSPECIFIED.,.F.,.F.,(4,4),(0.,1.469222508299E-03),
  .PIECEWISE_BEZIER_KNOTS.);
#14848 = CARTESIAN_POINT('',(13.110330255582,1.414213562373));
#14849 = CARTESIAN_POINT('',(12.979445683928,0.9422823269));
#14850 = CARTESIAN_POINT('',(12.84674500948,0.470862534445));
#14851 = CARTESIAN_POINT('',(12.712065546008,5.684341886081E-14));
#14852 = ( GEOMETRIC_REPRESENTATION_CONTEXT(2) 
PARAMETRIC_REPRESENTATION_CONTEXT() REPRESENTATION_CONTEXT('2D SPACE',''
  ) );
#14853 = PCURVE('',#2310,#14854);
#14854 = DEFINITIONAL_REPRESENTATION('',(#14855),#14858);
#14855 = B_SPLINE_CURVE_WITH_KNOTS('',1,(#14856,#14857),.UNSPECIFIED.,
  .F.,.F.,(2,2),(0.,1.469222508299E-03),.PIECEWISE_BEZIER_KNOTS.);
#14856 = CARTESIAN_POINT('',(1.84711267618,1.));
#14857 = CARTESIAN_POINT('',(1.868322689283,4.085620730621E-14));
#14858 = ( GEOMETRIC_REPRESENTATION_CONTEXT(2) 
PARAMETRIC_REPRESENTATION_CONTEXT() REPRESENTATION_CONTEXT('2D SPACE',''
  ) );
#14859 = ORIENTED_EDGE('',*,*,#2378,.F.);
#14860 = ADVANCED_FACE('',(#14861),#7700,.T.);
#14861 = FACE_BOUND('',#14862,.T.);
#14862 = EDGE_LOOP('',(#14863,#14864,#14865,#14887));
#14863 = ORIENTED_EDGE('',*,*,#14810,.F.);
#14864 = ORIENTED_EDGE('',*,*,#7685,.T.);
#14865 = ORIENTED_EDGE('',*,*,#14866,.T.);
#14866 = EDGE_CURVE('',#7656,#12058,#14867,.T.);
#14867 = SURFACE_CURVE('',#14868,(#14873,#14879),.PCURVE_S1.);
#14868 = B_SPLINE_CURVE_WITH_KNOTS('',3,(#14869,#14870,#14871,#14872),
  .UNSPECIFIED.,.F.,.F.,(4,4),(0.,1.469222508299E-03),
  .PIECEWISE_BEZIER_KNOTS.);
#14869 = CARTESIAN_POINT('',(0.729596572683,3.036005038649,
    56.02376363015));
#14870 = CARTESIAN_POINT('',(0.586180323115,3.153654473539,
    56.47701880325));
#14871 = CARTESIAN_POINT('',(0.444303973658,3.272375400811,
    56.93047501129));
#14872 = CARTESIAN_POINT('',(0.304105468344,3.392263804599,
    57.384150262952));
#14873 = PCURVE('',#7700,#14874);
#14874 = DEFINITIONAL_REPRESENTATION('',(#14875),#14878);
#14875 = B_SPLINE_CURVE_WITH_KNOTS('',1,(#14876,#14877),.UNSPECIFIED.,
  .F.,.F.,(2,2),(0.,1.469222508299E-03),.PIECEWISE_BEZIER_KNOTS.);
#14876 = CARTESIAN_POINT('',(4.674546064411,1.));
#14877 = CARTESIAN_POINT('',(4.695756077514,-4.440892098501E-14));
#14878 = ( GEOMETRIC_REPRESENTATION_CONTEXT(2) 
PARAMETRIC_REPRESENTATION_CONTEXT() REPRESENTATION_CONTEXT('2D SPACE',''
  ) );
#14879 = PCURVE('',#7782,#14880);
#14880 = DEFINITIONAL_REPRESENTATION('',(#14881),#14886);
#14881 = B_SPLINE_CURVE_WITH_KNOTS('',3,(#14882,#14883,#14884,#14885),
  .UNSPECIFIED.,.F.,.F.,(4,4),(0.,1.469222508299E-03),
  .PIECEWISE_BEZIER_KNOTS.);
#14882 = CARTESIAN_POINT('',(13.110330255582,1.414213562373));
#14883 = CARTESIAN_POINT('',(12.979445683928,0.9422823269));
#14884 = CARTESIAN_POINT('',(12.84674500948,0.470862534445));
#14885 = CARTESIAN_POINT('',(12.712065546008,-2.93098878501E-14));
#14886 = ( GEOMETRIC_REPRESENTATION_CONTEXT(2) 
PARAMETRIC_REPRESENTATION_CONTEXT() REPRESENTATION_CONTEXT('2D SPACE',''
  ) );
#14887 = ORIENTED_EDGE('',*,*,#12057,.F.);
#14888 = ADVANCED_FACE('',(#14889),#2310,.T.);
#14889 = FACE_BOUND('',#14890,.T.);
#14890 = EDGE_LOOP('',(#14891,#14892,#14893,#14915));
#14891 = ORIENTED_EDGE('',*,*,#14838,.T.);
#14892 = ORIENTED_EDGE('',*,*,#10517,.F.);
#14893 = ORIENTED_EDGE('',*,*,#14894,.F.);
#14894 = EDGE_CURVE('',#2185,#10495,#14895,.T.);
#14895 = SURFACE_CURVE('',#14896,(#14901,#14907),.PCURVE_S1.);
#14896 = B_SPLINE_CURVE_WITH_KNOTS('',3,(#14897,#14898,#14899,#14900),
  .UNSPECIFIED.,.F.,.F.,(4,4),(0.,1.469222508299E-03),
  .PIECEWISE_BEZIER_KNOTS.);
#14897 = CARTESIAN_POINT('',(6.648769722219,35.401269621416,
    74.709857849404));
#14898 = CARTESIAN_POINT('',(6.410856049974,35.002219508903,
    74.864796399721));
#14899 = CARTESIAN_POINT('',(6.174089099043,34.602091038544,
    75.01869476837));
#14900 = CARTESIAN_POINT('',(5.938571592559,34.200787611197,
    75.171459776026));
#14901 = PCURVE('',#2310,#14902);
#14902 = DEFINITIONAL_REPRESENTATION('',(#14903),#14906);
#14903 = B_SPLINE_CURVE_WITH_KNOTS('',1,(#14904,#14905),.UNSPECIFIED.,
  .F.,.F.,(2,2),(0.,1.469222508299E-03),.PIECEWISE_BEZIER_KNOTS.);
#14904 = CARTESIAN_POINT('',(1.922798508127,1.));
#14905 = CARTESIAN_POINT('',(1.901588495025,-5.329070518201E-15));
#14906 = ( GEOMETRIC_REPRESENTATION_CONTEXT(2) 
PARAMETRIC_REPRESENTATION_CONTEXT() REPRESENTATION_CONTEXT('2D SPACE',''
  ) );
#14907 = PCURVE('',#2228,#14908);
#14908 = DEFINITIONAL_REPRESENTATION('',(#14909),#14914);
#14909 = B_SPLINE_CURVE_WITH_KNOTS('',3,(#14910,#14911,#14912,#14913),
  .UNSPECIFIED.,.F.,.F.,(4,4),(0.,1.469222508299E-03),
  .PIECEWISE_BEZIER_KNOTS.);
#14910 = CARTESIAN_POINT('',(-0.515902684074,-2.13162820728E-14));
#14911 = CARTESIAN_POINT('',(-0.38501811242,0.471931235473));
#14912 = CARTESIAN_POINT('',(-0.252317437972,0.943351027928));
#14913 = CARTESIAN_POINT('',(-0.1176379745,1.414213562373));
#14914 = ( GEOMETRIC_REPRESENTATION_CONTEXT(2) 
PARAMETRIC_REPRESENTATION_CONTEXT() REPRESENTATION_CONTEXT('2D SPACE',''
  ) );
#14915 = ORIENTED_EDGE('',*,*,#2295,.T.);
#14916 = ADVANCED_FACE('',(#14917),#7782,.T.);
#14917 = FACE_BOUND('',#14918,.T.);
#14918 = EDGE_LOOP('',(#14919,#14920,#14921,#14942));
#14919 = ORIENTED_EDGE('',*,*,#14866,.F.);
#14920 = ORIENTED_EDGE('',*,*,#7768,.F.);
#14921 = ORIENTED_EDGE('',*,*,#14922,.F.);
#14922 = EDGE_CURVE('',#12082,#7739,#14923,.T.);
#14923 = SURFACE_CURVE('',#14924,(#14928,#14935),.PCURVE_S1.);
#14924 = LINE('',#14925,#14926);
#14925 = CARTESIAN_POINT('',(1.47584983604,3.565281955299,56.14293562073
    ));
#14926 = VECTOR('',#14927,1.);
#14927 = DIRECTION('',(6.245394951338E-02,-0.3845927283,-0.920971192562)
  );
#14928 = PCURVE('',#7782,#14929);
#14929 = DEFINITIONAL_REPRESENTATION('',(#14930),#14934);
#14930 = LINE('',#14931,#14932);
#14931 = CARTESIAN_POINT('',(12.21640125664,1.642513574985));
#14932 = VECTOR('',#14933,1.);
#14933 = DIRECTION('',(0.516964862336,0.856006618613));
#14934 = ( GEOMETRIC_REPRESENTATION_CONTEXT(2) 
PARAMETRIC_REPRESENTATION_CONTEXT() REPRESENTATION_CONTEXT('2D SPACE',''
  ) );
#14935 = PCURVE('',#7863,#14936);
#14936 = DEFINITIONAL_REPRESENTATION('',(#14937),#14941);
#14937 = LINE('',#14938,#14939);
#14938 = CARTESIAN_POINT('',(0.378026314868,-0.228300012612));
#14939 = VECTOR('',#14940,1.);
#14940 = DIRECTION('',(-0.516964862336,-0.856006618613));
#14941 = ( GEOMETRIC_REPRESENTATION_CONTEXT(2) 
PARAMETRIC_REPRESENTATION_CONTEXT() REPRESENTATION_CONTEXT('2D SPACE',''
  ) );
#14942 = ORIENTED_EDGE('',*,*,#12081,.F.);
#14943 = ADVANCED_FACE('',(#14944),#2228,.F.);
#14944 = FACE_BOUND('',#14945,.T.);
#14945 = EDGE_LOOP('',(#14946,#14947,#14948,#14969));
#14946 = ORIENTED_EDGE('',*,*,#14894,.T.);
#14947 = ORIENTED_EDGE('',*,*,#10494,.F.);
#14948 = ORIENTED_EDGE('',*,*,#14949,.T.);
#14949 = EDGE_CURVE('',#10472,#2104,#14950,.T.);
#14950 = SURFACE_CURVE('',#14951,(#14955,#14962),.PCURVE_S1.);
#14951 = LINE('',#14952,#14953);
#14952 = CARTESIAN_POINT('',(7.198442394369,34.855669577126,
    74.20844933724));
#14953 = VECTOR('',#14954,1.);
#14954 = DIRECTION('',(0.304618496337,0.93953133979,-0.156487805409));
#14955 = PCURVE('',#2228,#14956);
#14956 = DEFINITIONAL_REPRESENTATION('',(#14957),#14961);
#14957 = LINE('',#14958,#14959);
#14958 = CARTESIAN_POINT('',(0.378026314868,-0.228300012612));
#14959 = VECTOR('',#14960,1.);
#14960 = DIRECTION('',(-0.516964862336,-0.856006618613));
#14961 = ( GEOMETRIC_REPRESENTATION_CONTEXT(2) 
PARAMETRIC_REPRESENTATION_CONTEXT() REPRESENTATION_CONTEXT('2D SPACE',''
  ) );
#14962 = PCURVE('',#2147,#14963);
#14963 = DEFINITIONAL_REPRESENTATION('',(#14964),#14968);
#14964 = LINE('',#14965,#14966);
#14965 = CARTESIAN_POINT('',(12.21640125664,1.642513574985));
#14966 = VECTOR('',#14967,1.);
#14967 = DIRECTION('',(0.516964862336,0.856006618613));
#14968 = ( GEOMETRIC_REPRESENTATION_CONTEXT(2) 
PARAMETRIC_REPRESENTATION_CONTEXT() REPRESENTATION_CONTEXT('2D SPACE',''
  ) );
#14969 = ORIENTED_EDGE('',*,*,#2214,.F.);
#14970 = ADVANCED_FACE('',(#14971),#7863,.F.);
#14971 = FACE_BOUND('',#14972,.T.);
#14972 = EDGE_LOOP('',(#14973,#14974,#14975,#14997));
#14973 = ORIENTED_EDGE('',*,*,#14922,.T.);
#14974 = ORIENTED_EDGE('',*,*,#7849,.F.);
#14975 = ORIENTED_EDGE('',*,*,#14976,.T.);
#14976 = EDGE_CURVE('',#7820,#12105,#14977,.T.);
#14977 = SURFACE_CURVE('',#14978,(#14983,#14991),.PCURVE_S1.);
#14978 = B_SPLINE_CURVE_WITH_KNOTS('',3,(#14979,#14980,#14981,#14982),
  .UNSPECIFIED.,.F.,.F.,(4,4),(0.,1.469222508299E-03),
  .PIECEWISE_BEZIER_KNOTS.);
#14979 = CARTESIAN_POINT('',(2.293941223085,3.142627136723,
    56.085321927174));
#14980 = CARTESIAN_POINT('',(2.384200714557,3.276203367394,
    56.547772440106));
#14981 = CARTESIAN_POINT('',(2.472778378509,3.410631504974,
    57.010297210246));
#14982 = CARTESIAN_POINT('',(2.559523557072,3.545987863163,
    57.472902889545));
#14983 = PCURVE('',#7863,#14984);
#14984 = DEFINITIONAL_REPRESENTATION('',(#14985),#14990);
#14985 = B_SPLINE_CURVE_WITH_KNOTS('',3,(#14986,#14987,#14988,#14989),
  .UNSPECIFIED.,.F.,.F.,(4,4),(0.,1.469222508299E-03),
  .PIECEWISE_BEZIER_KNOTS.);
#14986 = CARTESIAN_POINT('',(-0.515902684074,7.105427357601E-15));
#14987 = CARTESIAN_POINT('',(-0.38501811242,0.471931235473));
#14988 = CARTESIAN_POINT('',(-0.252317437972,0.943351027928));
#14989 = CARTESIAN_POINT('',(-0.1176379745,1.414213562373));
#14990 = ( GEOMETRIC_REPRESENTATION_CONTEXT(2) 
PARAMETRIC_REPRESENTATION_CONTEXT() REPRESENTATION_CONTEXT('2D SPACE',''
  ) );
#14991 = PCURVE('',#7945,#14992);
#14992 = DEFINITIONAL_REPRESENTATION('',(#14993),#14996);
#14993 = B_SPLINE_CURVE_WITH_KNOTS('',1,(#14994,#14995),.UNSPECIFIED.,
  .F.,.F.,(2,2),(0.,1.469222508299E-03),.PIECEWISE_BEZIER_KNOTS.);
#14994 = CARTESIAN_POINT('',(4.593152263679,1.));
#14995 = CARTESIAN_POINT('',(4.571942250576,-1.24344978758E-14));
#14996 = ( GEOMETRIC_REPRESENTATION_CONTEXT(2) 
PARAMETRIC_REPRESENTATION_CONTEXT() REPRESENTATION_CONTEXT('2D SPACE',''
  ) );
#14997 = ORIENTED_EDGE('',*,*,#12104,.F.);
#14998 = ADVANCED_FACE('',(#14999),#2147,.T.);
#14999 = FACE_BOUND('',#15000,.T.);
#15000 = EDGE_LOOP('',(#15001,#15002,#15003,#15025));
#15001 = ORIENTED_EDGE('',*,*,#14949,.F.);
#15002 = ORIENTED_EDGE('',*,*,#10471,.F.);
#15003 = ORIENTED_EDGE('',*,*,#15004,.F.);
#15004 = EDGE_CURVE('',#2021,#10448,#15005,.T.);
#15005 = SURFACE_CURVE('',#15006,(#15011,#15019),.PCURVE_S1.);
#15006 = B_SPLINE_CURVE_WITH_KNOTS('',3,(#15007,#15008,#15009,#15010),
  .UNSPECIFIED.,.F.,.F.,(4,4),(0.,1.469222508299E-03),
  .PIECEWISE_BEZIER_KNOTS.);
#15007 = CARTESIAN_POINT('',(8.098504775865,34.8812214348,74.40960788887
    ));
#15008 = CARTESIAN_POINT('',(8.077146907281,34.404488539691,
    74.519696263744));
#15009 = CARTESIAN_POINT('',(8.053950067903,33.927748312619,
    74.629362814032));
#15010 = CARTESIAN_POINT('',(8.028749522988,33.451000096789,
    74.738569752747));
#15011 = PCURVE('',#2147,#15012);
#15012 = DEFINITIONAL_REPRESENTATION('',(#15013),#15018);
#15013 = B_SPLINE_CURVE_WITH_KNOTS('',3,(#15014,#15015,#15016,#15017),
  .UNSPECIFIED.,.F.,.F.,(4,4),(0.,1.469222508299E-03),
  .PIECEWISE_BEZIER_KNOTS.);
#15014 = CARTESIAN_POINT('',(13.110330255582,1.414213562373));
#15015 = CARTESIAN_POINT('',(12.979445683928,0.9422823269));
#15016 = CARTESIAN_POINT('',(12.84674500948,0.470862534445));
#15017 = CARTESIAN_POINT('',(12.712065546008,1.24344978758E-14));
#15018 = ( GEOMETRIC_REPRESENTATION_CONTEXT(2) 
PARAMETRIC_REPRESENTATION_CONTEXT() REPRESENTATION_CONTEXT('2D SPACE',''
  ) );
#15019 = PCURVE('',#2065,#15020);
#15020 = DEFINITIONAL_REPRESENTATION('',(#15021),#15024);
#15021 = B_SPLINE_CURVE_WITH_KNOTS('',1,(#15022,#15023),.UNSPECIFIED.,
  .F.,.F.,(2,2),(0.,1.469222508299E-03),.PIECEWISE_BEZIER_KNOTS.);
#15022 = CARTESIAN_POINT('',(2.00419230886,1.));
#15023 = CARTESIAN_POINT('',(2.025402321962,-1.7763568394E-15));
#15024 = ( GEOMETRIC_REPRESENTATION_CONTEXT(2) 
PARAMETRIC_REPRESENTATION_CONTEXT() REPRESENTATION_CONTEXT('2D SPACE',''
  ) );
#15025 = ORIENTED_EDGE('',*,*,#2133,.F.);
#15026 = ADVANCED_FACE('',(#15027),#7945,.T.);
#15027 = FACE_BOUND('',#15028,.T.);
#15028 = EDGE_LOOP('',(#15029,#15030,#15031,#15053));
#15029 = ORIENTED_EDGE('',*,*,#14976,.F.);
#15030 = ORIENTED_EDGE('',*,*,#7930,.T.);
#15031 = ORIENTED_EDGE('',*,*,#15032,.T.);
#15032 = EDGE_CURVE('',#7901,#12128,#15033,.T.);
#15033 = SURFACE_CURVE('',#15034,(#15039,#15045),.PCURVE_S1.);
#15034 = B_SPLINE_CURVE_WITH_KNOTS('',3,(#15035,#15036,#15037,#15038),
  .UNSPECIFIED.,.F.,.F.,(4,4),(0.,1.469222508299E-03),
  .PIECEWISE_BEZIER_KNOTS.);
#15035 = CARTESIAN_POINT('',(3.735169279439,3.340313109404,
    56.199455976717));
#15036 = CARTESIAN_POINT('',(3.542127655811,3.435030357104,
    56.63947124537));
#15037 = CARTESIAN_POINT('',(3.350446087433,3.531016751407,
    57.079801664681));
#15038 = CARTESIAN_POINT('',(3.16024640786,3.628385982286,
    57.520475465801));
#15039 = PCURVE('',#7945,#15040);
#15040 = DEFINITIONAL_REPRESENTATION('',(#15041),#15044);
#15041 = B_SPLINE_CURVE_WITH_KNOTS('',1,(#15042,#15043),.UNSPECIFIED.,
  .F.,.F.,(2,2),(0.,1.469222508299E-03),.PIECEWISE_BEZIER_KNOTS.);
#15042 = CARTESIAN_POINT('',(4.517466431732,1.));
#15043 = CARTESIAN_POINT('',(4.538676444834,-2.84217094304E-14));
#15044 = ( GEOMETRIC_REPRESENTATION_CONTEXT(2) 
PARAMETRIC_REPRESENTATION_CONTEXT() REPRESENTATION_CONTEXT('2D SPACE',''
  ) );
#15045 = PCURVE('',#8027,#15046);
#15046 = DEFINITIONAL_REPRESENTATION('',(#15047),#15052);
#15047 = B_SPLINE_CURVE_WITH_KNOTS('',3,(#15048,#15049,#15050,#15051),
  .UNSPECIFIED.,.F.,.F.,(4,4),(0.,1.469222508299E-03),
  .PIECEWISE_BEZIER_KNOTS.);
#15048 = CARTESIAN_POINT('',(13.110330255582,1.414213562373));
#15049 = CARTESIAN_POINT('',(12.979445683928,0.9422823269));
#15050 = CARTESIAN_POINT('',(12.84674500948,0.470862534445));
#15051 = CARTESIAN_POINT('',(12.712065546008,-3.552713678801E-15));
#15052 = ( GEOMETRIC_REPRESENTATION_CONTEXT(2) 
PARAMETRIC_REPRESENTATION_CONTEXT() REPRESENTATION_CONTEXT('2D SPACE',''
  ) );
#15053 = ORIENTED_EDGE('',*,*,#12127,.F.);
#15054 = ADVANCED_FACE('',(#15055),#2065,.T.);
#15055 = FACE_BOUND('',#15056,.T.);
#15056 = EDGE_LOOP('',(#15057,#15058,#15059,#15081));
#15057 = ORIENTED_EDGE('',*,*,#15004,.T.);
#15058 = ORIENTED_EDGE('',*,*,#10447,.F.);
#15059 = ORIENTED_EDGE('',*,*,#15060,.F.);
#15060 = EDGE_CURVE('',#1940,#10425,#15061,.T.);
#15061 = SURFACE_CURVE('',#15062,(#15067,#15073),.PCURVE_S1.);
#15062 = B_SPLINE_CURVE_WITH_KNOTS('',3,(#15063,#15064,#15065,#15066),
  .UNSPECIFIED.,.F.,.F.,(4,4),(0.,1.469222508299E-03),
  .PIECEWISE_BEZIER_KNOTS.);
#15063 = CARTESIAN_POINT('',(9.398655388436,34.30751439712,
    74.078377976229));
#15064 = CARTESIAN_POINT('',(9.121727891774,33.943554662926,
    74.253575965915));
#15065 = CARTESIAN_POINT('',(8.845705546407,33.578376720015,
    74.427653030994));
#15066 = CARTESIAN_POINT('',(8.570669435659,33.211871441422,
    74.600508759201));
#15067 = PCURVE('',#2065,#15068);
#15068 = DEFINITIONAL_REPRESENTATION('',(#15069),#15072);
#15069 = B_SPLINE_CURVE_WITH_KNOTS('',1,(#15070,#15071),.UNSPECIFIED.,
  .F.,.F.,(2,2),(0.,1.469222508299E-03),.PIECEWISE_BEZIER_KNOTS.);
#15070 = CARTESIAN_POINT('',(2.079878140807,1.));
#15071 = CARTESIAN_POINT('',(2.058668127705,8.881784197001E-15));
#15072 = ( GEOMETRIC_REPRESENTATION_CONTEXT(2) 
PARAMETRIC_REPRESENTATION_CONTEXT() REPRESENTATION_CONTEXT('2D SPACE',''
  ) );
#15073 = PCURVE('',#1983,#15074);
#15074 = DEFINITIONAL_REPRESENTATION('',(#15075),#15080);
#15075 = B_SPLINE_CURVE_WITH_KNOTS('',3,(#15076,#15077,#15078,#15079),
  .UNSPECIFIED.,.F.,.F.,(4,4),(0.,1.469222508299E-03),
  .PIECEWISE_BEZIER_KNOTS.);
#15076 = CARTESIAN_POINT('',(-0.515902684074,0.));
#15077 = CARTESIAN_POINT('',(-0.385018112421,0.471931235473));
#15078 = CARTESIAN_POINT('',(-0.252317437972,0.943351027928));
#15079 = CARTESIAN_POINT('',(-0.1176379745,1.414213562373));
#15080 = ( GEOMETRIC_REPRESENTATION_CONTEXT(2) 
PARAMETRIC_REPRESENTATION_CONTEXT() REPRESENTATION_CONTEXT('2D SPACE',''
  ) );
#15081 = ORIENTED_EDGE('',*,*,#2050,.T.);
#15082 = ADVANCED_FACE('',(#15083),#8027,.T.);
#15083 = FACE_BOUND('',#15084,.T.);
#15084 = EDGE_LOOP('',(#15085,#15086,#15087,#15108));
#15085 = ORIENTED_EDGE('',*,*,#15032,.F.);
#15086 = ORIENTED_EDGE('',*,*,#8013,.F.);
#15087 = ORIENTED_EDGE('',*,*,#15088,.F.);
#15088 = EDGE_CURVE('',#12152,#7984,#15089,.T.);
#15089 = SURFACE_CURVE('',#15090,(#15094,#15101),.PCURVE_S1.);
#15090 = LINE('',#15091,#15092);
#15091 = CARTESIAN_POINT('',(4.391209187091,3.965167071668,
    56.373809400311));
#15092 = VECTOR('',#15093,1.);
#15093 = DIRECTION('',(0.18582402503,-0.367670678198,-0.91120124238));
#15094 = PCURVE('',#8027,#15095);
#15095 = DEFINITIONAL_REPRESENTATION('',(#15096),#15100);
#15096 = LINE('',#15097,#15098);
#15097 = CARTESIAN_POINT('',(12.21640125664,1.642513574985));
#15098 = VECTOR('',#15099,1.);
#15099 = DIRECTION('',(0.516964862336,0.856006618613));
#15100 = ( GEOMETRIC_REPRESENTATION_CONTEXT(2) 
PARAMETRIC_REPRESENTATION_CONTEXT() REPRESENTATION_CONTEXT('2D SPACE',''
  ) );
#15101 = PCURVE('',#8108,#15102);
#15102 = DEFINITIONAL_REPRESENTATION('',(#15103),#15107);
#15103 = LINE('',#15104,#15105);
#15104 = CARTESIAN_POINT('',(0.378026314868,-0.228300012612));
#15105 = VECTOR('',#15106,1.);
#15106 = DIRECTION('',(-0.516964862336,-0.856006618613));
#15107 = ( GEOMETRIC_REPRESENTATION_CONTEXT(2) 
PARAMETRIC_REPRESENTATION_CONTEXT() REPRESENTATION_CONTEXT('2D SPACE',''
  ) );
#15108 = ORIENTED_EDGE('',*,*,#12151,.F.);
#15109 = ADVANCED_FACE('',(#15110),#1983,.F.);
#15110 = FACE_BOUND('',#15111,.T.);
#15111 = EDGE_LOOP('',(#15112,#15113,#15114,#15135));
#15112 = ORIENTED_EDGE('',*,*,#15060,.T.);
#15113 = ORIENTED_EDGE('',*,*,#10424,.F.);
#15114 = ORIENTED_EDGE('',*,*,#15115,.T.);
#15115 = EDGE_CURVE('',#10402,#1859,#15116,.T.);
#15116 = SURFACE_CURVE('',#15117,(#15121,#15128),.PCURVE_S1.);
#15117 = LINE('',#15118,#15119);
#15118 = CARTESIAN_POINT('',(9.828426059637,33.695157769372,
    73.538427532636));
#15119 = VECTOR('',#15120,1.);
#15120 = DIRECTION('',(0.415912249292,0.89042163765,-0.18484130516));
#15121 = PCURVE('',#1983,#15122);
#15122 = DEFINITIONAL_REPRESENTATION('',(#15123),#15127);
#15123 = LINE('',#15124,#15125);
#15124 = CARTESIAN_POINT('',(0.378026314868,-0.228300012612));
#15125 = VECTOR('',#15126,1.);
#15126 = DIRECTION('',(-0.516964862336,-0.856006618613));
#15127 = ( GEOMETRIC_REPRESENTATION_CONTEXT(2) 
PARAMETRIC_REPRESENTATION_CONTEXT() REPRESENTATION_CONTEXT('2D SPACE',''
  ) );
#15128 = PCURVE('',#1902,#15129);
#15129 = DEFINITIONAL_REPRESENTATION('',(#15130),#15134);
#15130 = LINE('',#15131,#15132);
#15131 = CARTESIAN_POINT('',(12.21640125664,1.642513574985));
#15132 = VECTOR('',#15133,1.);
#15133 = DIRECTION('',(0.516964862336,0.856006618613));
#15134 = ( GEOMETRIC_REPRESENTATION_CONTEXT(2) 
PARAMETRIC_REPRESENTATION_CONTEXT() REPRESENTATION_CONTEXT('2D SPACE',''
  ) );
#15135 = ORIENTED_EDGE('',*,*,#1969,.F.);
#15136 = ADVANCED_FACE('',(#15137),#8108,.F.);
#15137 = FACE_BOUND('',#15138,.T.);
#15138 = EDGE_LOOP('',(#15139,#15140,#15141,#15163));
#15139 = ORIENTED_EDGE('',*,*,#15088,.T.);
#15140 = ORIENTED_EDGE('',*,*,#8094,.F.);
#15141 = ORIENTED_EDGE('',*,*,#15142,.T.);
#15142 = EDGE_CURVE('',#8065,#12175,#15143,.T.);
#15143 = SURFACE_CURVE('',#15144,(#15149,#15157),.PCURVE_S1.);
#15144 = B_SPLINE_CURVE_WITH_KNOTS('',3,(#15145,#15146,#15147,#15148),
  .UNSPECIFIED.,.F.,.F.,(4,4),(0.,1.469222508299E-03),
  .PIECEWISE_BEZIER_KNOTS.);
#15145 = CARTESIAN_POINT('',(5.260994572786,3.657554013712,
    56.382615098217));
#15146 = CARTESIAN_POINT('',(5.295874817928,3.799659478185,
    56.849989966581));
#15147 = CARTESIAN_POINT('',(5.328972720316,3.942380739767,
    57.317302774095));
#15148 = CARTESIAN_POINT('',(5.360128617941,4.085772961476,
    57.78454796136));
#15149 = PCURVE('',#8108,#15150);
#15150 = DEFINITIONAL_REPRESENTATION('',(#15151),#15156);
#15151 = B_SPLINE_CURVE_WITH_KNOTS('',3,(#15152,#15153,#15154,#15155),
  .UNSPECIFIED.,.F.,.F.,(4,4),(0.,1.469222508299E-03),
  .PIECEWISE_BEZIER_KNOTS.);
#15152 = CARTESIAN_POINT('',(-0.515902684074,0.));
#15153 = CARTESIAN_POINT('',(-0.38501811242,0.471931235473));
#15154 = CARTESIAN_POINT('',(-0.252317437972,0.943351027928));
#15155 = CARTESIAN_POINT('',(-0.1176379745,1.414213562373));
#15156 = ( GEOMETRIC_REPRESENTATION_CONTEXT(2) 
PARAMETRIC_REPRESENTATION_CONTEXT() REPRESENTATION_CONTEXT('2D SPACE',''
  ) );
#15157 = PCURVE('',#8190,#15158);
#15158 = DEFINITIONAL_REPRESENTATION('',(#15159),#15162);
#15159 = B_SPLINE_CURVE_WITH_KNOTS('',1,(#15160,#15161),.UNSPECIFIED.,
  .F.,.F.,(2,2),(0.,1.469222508299E-03),.PIECEWISE_BEZIER_KNOTS.);
#15160 = CARTESIAN_POINT('',(4.436072630999,1.));
#15161 = CARTESIAN_POINT('',(4.414862617897,6.750155989721E-14));
#15162 = ( GEOMETRIC_REPRESENTATION_CONTEXT(2) 
PARAMETRIC_REPRESENTATION_CONTEXT() REPRESENTATION_CONTEXT('2D SPACE',''
  ) );
#15163 = ORIENTED_EDGE('',*,*,#12174,.F.);
#15164 = ADVANCED_FACE('',(#15165),#1902,.T.);
#15165 = FACE_BOUND('',#15166,.T.);
#15166 = EDGE_LOOP('',(#15167,#15168,#15169,#15191));
#15167 = ORIENTED_EDGE('',*,*,#15115,.F.);
#15168 = ORIENTED_EDGE('',*,*,#10401,.F.);
#15169 = ORIENTED_EDGE('',*,*,#15170,.F.);
#15170 = EDGE_CURVE('',#1776,#10378,#15171,.T.);
#15171 = SURFACE_CURVE('',#15172,(#15177,#15185),.PCURVE_S1.);
#15172 = B_SPLINE_CURVE_WITH_KNOTS('',3,(#15173,#15174,#15175,#15176),
  .UNSPECIFIED.,.F.,.F.,(4,4),(0.,1.469222508299E-03),
  .PIECEWISE_BEZIER_KNOTS.);
#15173 = CARTESIAN_POINT('',(10.736602913966,33.597464240493,
    73.668430327162));
#15174 = CARTESIAN_POINT('',(10.659532833263,33.127439965801,
    73.78239192584));
#15175 = CARTESIAN_POINT('',(10.58061243529,32.657659812453,
    73.896076876566));
#15176 = CARTESIAN_POINT('',(10.499675968888,32.188145648803,
    74.009460397256));
#15177 = PCURVE('',#1902,#15178);
#15178 = DEFINITIONAL_REPRESENTATION('',(#15179),#15184);
#15179 = B_SPLINE_CURVE_WITH_KNOTS('',3,(#15180,#15181,#15182,#15183),
  .UNSPECIFIED.,.F.,.F.,(4,4),(0.,1.469222508299E-03),
  .PIECEWISE_BEZIER_KNOTS.);
#15180 = CARTESIAN_POINT('',(13.110330255582,1.414213562373));
#15181 = CARTESIAN_POINT('',(12.979445683928,0.9422823269));
#15182 = CARTESIAN_POINT('',(12.84674500948,0.470862534445));
#15183 = CARTESIAN_POINT('',(12.712065546008,-4.263256414561E-14));
#15184 = ( GEOMETRIC_REPRESENTATION_CONTEXT(2) 
PARAMETRIC_REPRESENTATION_CONTEXT() REPRESENTATION_CONTEXT('2D SPACE',''
  ) );
#15185 = PCURVE('',#1820,#15186);
#15186 = DEFINITIONAL_REPRESENTATION('',(#15187),#15190);
#15187 = B_SPLINE_CURVE_WITH_KNOTS('',1,(#15188,#15189),.UNSPECIFIED.,
  .F.,.F.,(2,2),(0.,1.469222508299E-03),.PIECEWISE_BEZIER_KNOTS.);
#15188 = CARTESIAN_POINT('',(2.161271941539,1.));
#15189 = CARTESIAN_POINT('',(2.182481954642,-1.95399252334E-14));
#15190 = ( GEOMETRIC_REPRESENTATION_CONTEXT(2) 
PARAMETRIC_REPRESENTATION_CONTEXT() REPRESENTATION_CONTEXT('2D SPACE',''
  ) );
#15191 = ORIENTED_EDGE('',*,*,#1888,.F.);
#15192 = ADVANCED_FACE('',(#15193),#8190,.T.);
#15193 = FACE_BOUND('',#15194,.T.);
#15194 = EDGE_LOOP('',(#15195,#15196,#15197,#15219));
#15195 = ORIENTED_EDGE('',*,*,#15142,.F.);
#15196 = ORIENTED_EDGE('',*,*,#8175,.T.);
#15197 = ORIENTED_EDGE('',*,*,#15198,.T.);
#15198 = EDGE_CURVE('',#8146,#12198,#15199,.T.);
#15199 = SURFACE_CURVE('',#15200,(#15205,#15211),.PCURVE_S1.);
#15200 = B_SPLINE_CURVE_WITH_KNOTS('',3,(#15201,#15202,#15203,#15204),
  .UNSPECIFIED.,.F.,.F.,(4,4),(0.,1.469222508299E-03),
  .PIECEWISE_BEZIER_KNOTS.);
#15201 = CARTESIAN_POINT('',(6.648769722219,4.048058274346,
    56.608072838214));
#15202 = CARTESIAN_POINT('',(6.410856049974,4.113402610002,
    57.031129648191));
#15203 = CARTESIAN_POINT('',(6.174089099043,4.18018694833,
    57.454600252624));
#15204 = CARTESIAN_POINT('',(5.938571592559,4.248540284564,
    57.87852171916));
#15205 = PCURVE('',#8190,#15206);
#15206 = DEFINITIONAL_REPRESENTATION('',(#15207),#15210);
#15207 = B_SPLINE_CURVE_WITH_KNOTS('',1,(#15208,#15209),.UNSPECIFIED.,
  .F.,.F.,(2,2),(0.,1.469222508299E-03),.PIECEWISE_BEZIER_KNOTS.);
#15208 = CARTESIAN_POINT('',(4.360386799052,1.));
#15209 = CARTESIAN_POINT('',(4.381596812155,7.105427357601E-14));
#15210 = ( GEOMETRIC_REPRESENTATION_CONTEXT(2) 
PARAMETRIC_REPRESENTATION_CONTEXT() REPRESENTATION_CONTEXT('2D SPACE',''
  ) );
#15211 = PCURVE('',#8272,#15212);
#15212 = DEFINITIONAL_REPRESENTATION('',(#15213),#15218);
#15213 = B_SPLINE_CURVE_WITH_KNOTS('',3,(#15214,#15215,#15216,#15217),
  .UNSPECIFIED.,.F.,.F.,(4,4),(0.,1.469222508299E-03),
  .PIECEWISE_BEZIER_KNOTS.);
#15214 = CARTESIAN_POINT('',(13.110330255582,1.414213562373));
#15215 = CARTESIAN_POINT('',(12.979445683928,0.9422823269));
#15216 = CARTESIAN_POINT('',(12.84674500948,0.470862534445));
#15217 = CARTESIAN_POINT('',(12.712065546008,4.884981308351E-14));
#15218 = ( GEOMETRIC_REPRESENTATION_CONTEXT(2) 
PARAMETRIC_REPRESENTATION_CONTEXT() REPRESENTATION_CONTEXT('2D SPACE',''
  ) );
#15219 = ORIENTED_EDGE('',*,*,#12197,.F.);
#15220 = ADVANCED_FACE('',(#15221),#1820,.T.);
#15221 = FACE_BOUND('',#15222,.T.);
#15222 = EDGE_LOOP('',(#15223,#15224,#15225,#15247));
#15223 = ORIENTED_EDGE('',*,*,#15170,.T.);
#15224 = ORIENTED_EDGE('',*,*,#10377,.F.);
#15225 = ORIENTED_EDGE('',*,*,#15226,.F.);
#15226 = EDGE_CURVE('',#1695,#10355,#15227,.T.);
#15227 = SURFACE_CURVE('',#15228,(#15233,#15239),.PCURVE_S1.);
#15228 = B_SPLINE_CURVE_WITH_KNOTS('',3,(#15229,#15230,#15231,#15232),
  .UNSPECIFIED.,.F.,.F.,(4,4),(0.,1.469222508299E-03),
  .PIECEWISE_BEZIER_KNOTS.);
#15229 = CARTESIAN_POINT('',(11.917114966642,32.854680997059,
    73.239584221616));
#15230 = CARTESIAN_POINT('',(11.6079925196,32.530665065887,
    73.437843776729));
#15231 = CARTESIAN_POINT('',(11.299511366005,32.205325523915,
    73.634921553315));
#15232 = CARTESIAN_POINT('',(10.991728952833,31.878543802277,
    73.830711687822));
#15233 = PCURVE('',#1820,#15234);
#15234 = DEFINITIONAL_REPRESENTATION('',(#15235),#15238);
#15235 = B_SPLINE_CURVE_WITH_KNOTS('',1,(#15236,#15237),.UNSPECIFIED.,
  .F.,.F.,(2,2),(0.,1.469222508299E-03),.PIECEWISE_BEZIER_KNOTS.);
#15236 = CARTESIAN_POINT('',(2.236957773486,1.));
#15237 = CARTESIAN_POINT('',(2.215747760384,1.59872115546E-14));
#15238 = ( GEOMETRIC_REPRESENTATION_CONTEXT(2) 
PARAMETRIC_REPRESENTATION_CONTEXT() REPRESENTATION_CONTEXT('2D SPACE',''
  ) );
#15239 = PCURVE('',#1738,#15240);
#15240 = DEFINITIONAL_REPRESENTATION('',(#15241),#15246);
#15241 = B_SPLINE_CURVE_WITH_KNOTS('',3,(#15242,#15243,#15244,#15245),
  .UNSPECIFIED.,.F.,.F.,(4,4),(0.,1.469222508299E-03),
  .PIECEWISE_BEZIER_KNOTS.);
#15242 = CARTESIAN_POINT('',(-0.515902684074,-7.993605777301E-14));
#15243 = CARTESIAN_POINT('',(-0.385018112421,0.471931235473));
#15244 = CARTESIAN_POINT('',(-0.252317437972,0.943351027928));
#15245 = CARTESIAN_POINT('',(-0.1176379745,1.414213562373));
#15246 = ( GEOMETRIC_REPRESENTATION_CONTEXT(2) 
PARAMETRIC_REPRESENTATION_CONTEXT() REPRESENTATION_CONTEXT('2D SPACE',''
  ) );
#15247 = ORIENTED_EDGE('',*,*,#1805,.T.);
#15248 = ADVANCED_FACE('',(#15249),#8272,.T.);
#15249 = FACE_BOUND('',#15250,.T.);
#15250 = EDGE_LOOP('',(#15251,#15252,#15253,#15274));
#15251 = ORIENTED_EDGE('',*,*,#15198,.F.);
#15252 = ORIENTED_EDGE('',*,*,#8258,.F.);
#15253 = ORIENTED_EDGE('',*,*,#15254,.F.);
#15254 = EDGE_CURVE('',#12222,#8229,#15255,.T.);
#15255 = SURFACE_CURVE('',#15256,(#15260,#15267),.PCURVE_S1.);
#15256 = LINE('',#15257,#15258);
#15257 = CARTESIAN_POINT('',(7.198442394369,4.755090805698,
    56.829872080793));
#15258 = VECTOR('',#15259,1.);
#15259 = DIRECTION('',(0.304618496337,-0.334243255028,-0.891901910615));
#15260 = PCURVE('',#8272,#15261);
#15261 = DEFINITIONAL_REPRESENTATION('',(#15262),#15266);
#15262 = LINE('',#15263,#15264);
#15263 = CARTESIAN_POINT('',(12.21640125664,1.642513574985));
#15264 = VECTOR('',#15265,1.);
#15265 = DIRECTION('',(0.516964862336,0.856006618613));
#15266 = ( GEOMETRIC_REPRESENTATION_CONTEXT(2) 
PARAMETRIC_REPRESENTATION_CONTEXT() REPRESENTATION_CONTEXT('2D SPACE',''
  ) );
#15267 = PCURVE('',#8353,#15268);
#15268 = DEFINITIONAL_REPRESENTATION('',(#15269),#15273);
#15269 = LINE('',#15270,#15271);
#15270 = CARTESIAN_POINT('',(0.378026314868,-0.228300012612));
#15271 = VECTOR('',#15272,1.);
#15272 = DIRECTION('',(-0.516964862336,-0.856006618613));
#15273 = ( GEOMETRIC_REPRESENTATION_CONTEXT(2) 
PARAMETRIC_REPRESENTATION_CONTEXT() REPRESENTATION_CONTEXT('2D SPACE',''
  ) );
#15274 = ORIENTED_EDGE('',*,*,#12221,.F.);
#15275 = ADVANCED_FACE('',(#15276),#1738,.F.);
#15276 = FACE_BOUND('',#15277,.T.);
#15277 = EDGE_LOOP('',(#15278,#15279,#15280,#15301));
#15278 = ORIENTED_EDGE('',*,*,#15226,.T.);
#15279 = ORIENTED_EDGE('',*,*,#10354,.F.);
#15280 = ORIENTED_EDGE('',*,*,#15281,.T.);
#15281 = EDGE_CURVE('',#10332,#1614,#15282,.T.);
#15282 = SURFACE_CURVE('',#15283,(#15287,#15294),.PCURVE_S1.);
#15283 = LINE('',#15284,#15285);
#15284 = CARTESIAN_POINT('',(12.21640125664,32.19263354012,
    72.670944764413));
#15285 = VECTOR('',#15286,1.);
#15286 = DIRECTION('',(0.516964862336,0.826838900393,-0.221550815631));
#15287 = PCURVE('',#1738,#15288);
#15288 = DEFINITIONAL_REPRESENTATION('',(#15289),#15293);
#15289 = LINE('',#15290,#15291);
#15290 = CARTESIAN_POINT('',(0.378026314868,-0.228300012612));
#15291 = VECTOR('',#15292,1.);
#15292 = DIRECTION('',(-0.516964862336,-0.856006618613));
#15293 = ( GEOMETRIC_REPRESENTATION_CONTEXT(2) 
PARAMETRIC_REPRESENTATION_CONTEXT() REPRESENTATION_CONTEXT('2D SPACE',''
  ) );
#15294 = PCURVE('',#1657,#15295);
#15295 = DEFINITIONAL_REPRESENTATION('',(#15296),#15300);
#15296 = LINE('',#15297,#15298);
#15297 = CARTESIAN_POINT('',(12.21640125664,1.642513574985));
#15298 = VECTOR('',#15299,1.);
#15299 = DIRECTION('',(0.516964862336,0.856006618613));
#15300 = ( GEOMETRIC_REPRESENTATION_CONTEXT(2) 
PARAMETRIC_REPRESENTATION_CONTEXT() REPRESENTATION_CONTEXT('2D SPACE',''
  ) );
#15301 = ORIENTED_EDGE('',*,*,#1724,.F.);
#15302 = ADVANCED_FACE('',(#15303),#8353,.F.);
#15303 = FACE_BOUND('',#15304,.T.);
#15304 = EDGE_LOOP('',(#15305,#15306,#15307,#15329));
#15305 = ORIENTED_EDGE('',*,*,#15254,.T.);
#15306 = ORIENTED_EDGE('',*,*,#8339,.F.);
#15307 = ORIENTED_EDGE('',*,*,#15308,.T.);
#15308 = EDGE_CURVE('',#8310,#12245,#15309,.T.);
#15309 = SURFACE_CURVE('',#15310,(#15315,#15323),.PCURVE_S1.);
#15310 = B_SPLINE_CURVE_WITH_KNOTS('',3,(#15311,#15312,#15313,#15314),
  .UNSPECIFIED.,.F.,.F.,(4,4),(0.,1.469222508299E-03),
  .PIECEWISE_BEZIER_KNOTS.);
#15311 = CARTESIAN_POINT('',(8.098504775865,4.568106460961,
    56.908322798748));
#15312 = CARTESIAN_POINT('',(8.077146907281,4.711133579214,
    57.376229784169));
#15313 = CARTESIAN_POINT('',(8.053950067903,4.854529674255,
    57.843932206963));
#15314 = CARTESIAN_POINT('',(8.028749522988,4.998327798972,
    58.311411742439));
#15315 = PCURVE('',#8353,#15316);
#15316 = DEFINITIONAL_REPRESENTATION('',(#15317),#15322);
#15317 = B_SPLINE_CURVE_WITH_KNOTS('',3,(#15318,#15319,#15320,#15321),
  .UNSPECIFIED.,.F.,.F.,(4,4),(0.,1.469222508299E-03),
  .PIECEWISE_BEZIER_KNOTS.);
#15318 = CARTESIAN_POINT('',(-0.515902684074,2.087219286295E-14));
#15319 = CARTESIAN_POINT('',(-0.38501811242,0.471931235473));
#15320 = CARTESIAN_POINT('',(-0.252317437972,0.943351027928));
#15321 = CARTESIAN_POINT('',(-0.1176379745,1.414213562373));
#15322 = ( GEOMETRIC_REPRESENTATION_CONTEXT(2) 
PARAMETRIC_REPRESENTATION_CONTEXT() REPRESENTATION_CONTEXT('2D SPACE',''
  ) );
#15323 = PCURVE('',#8435,#15324);
#15324 = DEFINITIONAL_REPRESENTATION('',(#15325),#15328);
#15325 = B_SPLINE_CURVE_WITH_KNOTS('',1,(#15326,#15327),.UNSPECIFIED.,
  .F.,.F.,(2,2),(0.,1.469222508299E-03),.PIECEWISE_BEZIER_KNOTS.);
#15326 = CARTESIAN_POINT('',(4.27899299832,1.));
#15327 = CARTESIAN_POINT('',(4.257782985217,2.13162820728E-14));
#15328 = ( GEOMETRIC_REPRESENTATION_CONTEXT(2) 
PARAMETRIC_REPRESENTATION_CONTEXT() REPRESENTATION_CONTEXT('2D SPACE',''
  ) );
#15329 = ORIENTED_EDGE('',*,*,#12244,.F.);
#15330 = ADVANCED_FACE('',(#15331),#1657,.T.);
#15331 = FACE_BOUND('',#15332,.T.);
#15332 = EDGE_LOOP('',(#15333,#15334,#15335,#15357));
#15333 = ORIENTED_EDGE('',*,*,#15281,.F.);
#15334 = ORIENTED_EDGE('',*,*,#10331,.F.);
#15335 = ORIENTED_EDGE('',*,*,#15336,.F.);
#15336 = EDGE_CURVE('',#1531,#10308,#15337,.T.);
#15337 = SURFACE_CURVE('',#15338,(#15343,#15351),.PCURVE_S1.);
#15338 = B_SPLINE_CURVE_WITH_KNOTS('',3,(#15339,#15340,#15341,#15342),
  .UNSPECIFIED.,.F.,.F.,(4,4),(0.,1.469222508299E-03),
  .PIECEWISE_BEZIER_KNOTS.);
#15339 = CARTESIAN_POINT('',(13.110330255582,31.972112661797,
    72.730033155674));
#15340 = CARTESIAN_POINT('',(12.979445683928,31.516262093221,
    72.852177947393));
#15341 = CARTESIAN_POINT('',(12.84674500948,31.060905540664,
    72.974190367919));
#15342 = CARTESIAN_POINT('',(12.712065546008,30.606087258012,
    73.096058559459));
#15343 = PCURVE('',#1657,#15344);
#15344 = DEFINITIONAL_REPRESENTATION('',(#15345),#15350);
#15345 = B_SPLINE_CURVE_WITH_KNOTS('',3,(#15346,#15347,#15348,#15349),
  .UNSPECIFIED.,.F.,.F.,(4,4),(0.,1.469222508299E-03),
  .PIECEWISE_BEZIER_KNOTS.);
#15346 = CARTESIAN_POINT('',(13.110330255582,1.414213562373));
#15347 = CARTESIAN_POINT('',(12.979445683928,0.9422823269));
#15348 = CARTESIAN_POINT('',(12.84674500948,0.470862534445));
#15349 = CARTESIAN_POINT('',(12.712065546008,0.));
#15350 = ( GEOMETRIC_REPRESENTATION_CONTEXT(2) 
PARAMETRIC_REPRESENTATION_CONTEXT() REPRESENTATION_CONTEXT('2D SPACE',''
  ) );
#15351 = PCURVE('',#1575,#15352);
#15352 = DEFINITIONAL_REPRESENTATION('',(#15353),#15356);
#15353 = B_SPLINE_CURVE_WITH_KNOTS('',1,(#15354,#15355),.UNSPECIFIED.,
  .F.,.F.,(2,2),(0.,1.469222508299E-03),.PIECEWISE_BEZIER_KNOTS.);
#15354 = CARTESIAN_POINT('',(2.318351574219,1.));
#15355 = CARTESIAN_POINT('',(2.339561587321,-1.95399252334E-14));
#15356 = ( GEOMETRIC_REPRESENTATION_CONTEXT(2) 
PARAMETRIC_REPRESENTATION_CONTEXT() REPRESENTATION_CONTEXT('2D SPACE',''
  ) );
#15357 = ORIENTED_EDGE('',*,*,#1643,.F.);
#15358 = ADVANCED_FACE('',(#15359),#8435,.T.);
#15359 = FACE_BOUND('',#15360,.T.);
#15360 = EDGE_LOOP('',(#15361,#15362,#15363,#15385));
#15361 = ORIENTED_EDGE('',*,*,#15308,.F.);
#15362 = ORIENTED_EDGE('',*,*,#8420,.T.);
#15363 = ORIENTED_EDGE('',*,*,#15364,.T.);
#15364 = EDGE_CURVE('',#8391,#12268,#15365,.T.);
#15365 = SURFACE_CURVE('',#15366,(#15371,#15377),.PCURVE_S1.);
#15366 = B_SPLINE_CURVE_WITH_KNOTS('',3,(#15367,#15368,#15369,#15370),
  .UNSPECIFIED.,.F.,.F.,(4,4),(0.,1.469222508299E-03),
  .PIECEWISE_BEZIER_KNOTS.);
#15367 = CARTESIAN_POINT('',(9.398655388436,5.141813498641,
    57.239552711388));
#15368 = CARTESIAN_POINT('',(9.121727891774,5.172067455978,
    57.642350081997));
#15369 = CARTESIAN_POINT('',(8.845705546407,5.203901266859,58.04564199)
  );
#15370 = CARTESIAN_POINT('',(8.570669435659,5.237456454339,
    58.449472735986));
#15371 = PCURVE('',#8435,#15372);
#15372 = DEFINITIONAL_REPRESENTATION('',(#15373),#15376);
#15373 = B_SPLINE_CURVE_WITH_KNOTS('',1,(#15374,#15375),.UNSPECIFIED.,
  .F.,.F.,(2,2),(0.,1.469222508299E-03),.PIECEWISE_BEZIER_KNOTS.);
#15374 = CARTESIAN_POINT('',(4.203307166373,1.));
#15375 = CARTESIAN_POINT('',(4.224517179475,3.730349362741E-14));
#15376 = ( GEOMETRIC_REPRESENTATION_CONTEXT(2) 
PARAMETRIC_REPRESENTATION_CONTEXT() REPRESENTATION_CONTEXT('2D SPACE',''
  ) );
#15377 = PCURVE('',#8517,#15378);
#15378 = DEFINITIONAL_REPRESENTATION('',(#15379),#15384);
#15379 = B_SPLINE_CURVE_WITH_KNOTS('',3,(#15380,#15381,#15382,#15383),
  .UNSPECIFIED.,.F.,.F.,(4,4),(0.,1.469222508299E-03),
  .PIECEWISE_BEZIER_KNOTS.);
#15380 = CARTESIAN_POINT('',(13.110330255582,1.414213562373));
#15381 = CARTESIAN_POINT('',(12.979445683928,0.9422823269));
#15382 = CARTESIAN_POINT('',(12.84674500948,0.470862534445));
#15383 = CARTESIAN_POINT('',(12.712065546008,-6.217248937901E-15));
#15384 = ( GEOMETRIC_REPRESENTATION_CONTEXT(2) 
PARAMETRIC_REPRESENTATION_CONTEXT() REPRESENTATION_CONTEXT('2D SPACE',''
  ) );
#15385 = ORIENTED_EDGE('',*,*,#12267,.F.);
#15386 = ADVANCED_FACE('',(#15387),#1575,.T.);
#15387 = FACE_BOUND('',#15388,.T.);
#15388 = EDGE_LOOP('',(#15389,#15390,#15391,#15413));
#15389 = ORIENTED_EDGE('',*,*,#15336,.T.);
#15390 = ORIENTED_EDGE('',*,*,#10307,.F.);
#15391 = ORIENTED_EDGE('',*,*,#15392,.F.);
#15392 = EDGE_CURVE('',#1450,#10285,#15393,.T.);
#15393 = SURFACE_CURVE('',#15394,(#15399,#15405),.PCURVE_S1.);
#15394 = B_SPLINE_CURVE_WITH_KNOTS('',3,(#15395,#15396,#15397,#15398),
  .UNSPECIFIED.,.F.,.F.,(4,4),(0.,1.469222508299E-03),
  .PIECEWISE_BEZIER_KNOTS.);
#15395 = CARTESIAN_POINT('',(14.142135623731,31.078543001219,
    72.2141304716));
#15396 = CARTESIAN_POINT('',(13.808429846874,30.798340748775,
    72.43768586592));
#15397 = CARTESIAN_POINT('',(13.475085714844,30.516746527588,
    72.660020015237));
#15398 = CARTESIAN_POINT('',(13.142135623731,30.233635645296,
    72.881023520597));
#15399 = PCURVE('',#1575,#15400);
#15400 = DEFINITIONAL_REPRESENTATION('',(#15401),#15404);
#15401 = B_SPLINE_CURVE_WITH_KNOTS('',1,(#15402,#15403),.UNSPECIFIED.,
  .F.,.F.,(2,2),(0.,1.469222508299E-03),.PIECEWISE_BEZIER_KNOTS.);
#15402 = CARTESIAN_POINT('',(2.394037406166,1.));
#15403 = CARTESIAN_POINT('',(2.372827393063,-1.95399252334E-14));
#15404 = ( GEOMETRIC_REPRESENTATION_CONTEXT(2) 
PARAMETRIC_REPRESENTATION_CONTEXT() REPRESENTATION_CONTEXT('2D SPACE',''
  ) );
#15405 = PCURVE('',#1493,#15406);
#15406 = DEFINITIONAL_REPRESENTATION('',(#15407),#15412);
#15407 = B_SPLINE_CURVE_WITH_KNOTS('',3,(#15408,#15409,#15410,#15411),
  .UNSPECIFIED.,.F.,.F.,(4,4),(0.,1.469222508299E-03),
  .PIECEWISE_BEZIER_KNOTS.);
#15408 = CARTESIAN_POINT('',(-0.515902684074,0.));
#15409 = CARTESIAN_POINT('',(-0.38501811242,0.471931235473));
#15410 = CARTESIAN_POINT('',(-0.252317437972,0.943351027928));
#15411 = CARTESIAN_POINT('',(-0.1176379745,1.414213562373));
#15412 = ( GEOMETRIC_REPRESENTATION_CONTEXT(2) 
PARAMETRIC_REPRESENTATION_CONTEXT() REPRESENTATION_CONTEXT('2D SPACE',''
  ) );
#15413 = ORIENTED_EDGE('',*,*,#1560,.T.);
#15414 = ADVANCED_FACE('',(#15415),#8517,.T.);
#15415 = FACE_BOUND('',#15416,.T.);
#15416 = EDGE_LOOP('',(#15417,#15418,#15419,#15440));
#15417 = ORIENTED_EDGE('',*,*,#15364,.F.);
#15418 = ORIENTED_EDGE('',*,*,#8503,.F.);
#15419 = ORIENTED_EDGE('',*,*,#15420,.F.);
#15420 = EDGE_CURVE('',#12292,#8474,#15421,.T.);
#15421 = SURFACE_CURVE('',#15422,(#15426,#15433),.PCURVE_S1.);
#15422 = LINE('',#15423,#15424);
#15423 = CARTESIAN_POINT('',(9.828426059637,5.915602613452,
    57.499893885397));
#15424 = VECTOR('',#15425,1.);
#15425 = DIRECTION('',(0.415912249292,-0.285133552888,-0.863548410864));
#15426 = PCURVE('',#8517,#15427);
#15427 = DEFINITIONAL_REPRESENTATION('',(#15428),#15432);
#15428 = LINE('',#15429,#15430);
#15429 = CARTESIAN_POINT('',(12.21640125664,1.642513574985));
#15430 = VECTOR('',#15431,1.);
#15431 = DIRECTION('',(0.516964862336,0.856006618613));
#15432 = ( GEOMETRIC_REPRESENTATION_CONTEXT(2) 
PARAMETRIC_REPRESENTATION_CONTEXT() REPRESENTATION_CONTEXT('2D SPACE',''
  ) );
#15433 = PCURVE('',#8598,#15434);
#15434 = DEFINITIONAL_REPRESENTATION('',(#15435),#15439);
#15435 = LINE('',#15436,#15437);
#15436 = CARTESIAN_POINT('',(0.378026314868,-0.228300012612));
#15437 = VECTOR('',#15438,1.);
#15438 = DIRECTION('',(-0.516964862336,-0.856006618613));
#15439 = ( GEOMETRIC_REPRESENTATION_CONTEXT(2) 
PARAMETRIC_REPRESENTATION_CONTEXT() REPRESENTATION_CONTEXT('2D SPACE',''
  ) );
#15440 = ORIENTED_EDGE('',*,*,#12291,.F.);
#15441 = ADVANCED_FACE('',(#15442),#1493,.F.);
#15442 = FACE_BOUND('',#15443,.T.);
#15443 = EDGE_LOOP('',(#15444,#15445,#15446,#15467));
#15444 = ORIENTED_EDGE('',*,*,#15392,.T.);
#15445 = ORIENTED_EDGE('',*,*,#10284,.F.);
#15446 = ORIENTED_EDGE('',*,*,#15447,.T.);
#15447 = EDGE_CURVE('',#10262,#1369,#15448,.T.);
#15448 = SURFACE_CURVE('',#15449,(#15453,#15460),.PCURVE_S1.);
#15449 = LINE('',#15450,#15451);
#15450 = CARTESIAN_POINT('',(14.303568110794,30.385094022486,
    71.627361337336));
#15451 = VECTOR('',#15452,1.);
#15452 = DIRECTION('',(0.605288084762,0.750348746028,-0.265712426844));
#15453 = PCURVE('',#1493,#15454);
#15454 = DEFINITIONAL_REPRESENTATION('',(#15455),#15459);
#15455 = LINE('',#15456,#15457);
#15456 = CARTESIAN_POINT('',(0.378026314868,-0.228300012612));
#15457 = VECTOR('',#15458,1.);
#15458 = DIRECTION('',(-0.516964862336,-0.856006618613));
#15459 = ( GEOMETRIC_REPRESENTATION_CONTEXT(2) 
PARAMETRIC_REPRESENTATION_CONTEXT() REPRESENTATION_CONTEXT('2D SPACE',''
  ) );
#15460 = PCURVE('',#1412,#15461);
#15461 = DEFINITIONAL_REPRESENTATION('',(#15462),#15466);
#15462 = LINE('',#15463,#15464);
#15463 = CARTESIAN_POINT('',(12.21640125664,1.642513574985));
#15464 = VECTOR('',#15465,1.);
#15465 = DIRECTION('',(0.516964862336,0.856006618613));
#15466 = ( GEOMETRIC_REPRESENTATION_CONTEXT(2) 
PARAMETRIC_REPRESENTATION_CONTEXT() REPRESENTATION_CONTEXT('2D SPACE',''
  ) );
#15467 = ORIENTED_EDGE('',*,*,#1479,.F.);
#15468 = ADVANCED_FACE('',(#15469),#8598,.F.);
#15469 = FACE_BOUND('',#15470,.T.);
#15470 = EDGE_LOOP('',(#15471,#15472,#15473,#15495));
#15471 = ORIENTED_EDGE('',*,*,#15420,.T.);
#15472 = ORIENTED_EDGE('',*,*,#8584,.F.);
#15473 = ORIENTED_EDGE('',*,*,#15474,.T.);
#15474 = EDGE_CURVE('',#8555,#12315,#15475,.T.);
#15475 = SURFACE_CURVE('',#15476,(#15481,#15489),.PCURVE_S1.);
#15476 = B_SPLINE_CURVE_WITH_KNOTS('',3,(#15477,#15478,#15479,#15480),
  .UNSPECIFIED.,.F.,.F.,(4,4),(0.,1.469222508299E-03),
  .PIECEWISE_BEZIER_KNOTS.);
#15477 = CARTESIAN_POINT('',(10.736602913965,5.851863655269,
    57.649500360455));
#15478 = CARTESIAN_POINT('',(10.659532833263,5.988182153104,
    58.113534122072));
#15479 = CARTESIAN_POINT('',(10.58061243529,6.124618174421,
    58.577218144429));
#15480 = CARTESIAN_POINT('',(10.499675968888,6.261182246958,
    59.040521097931));
#15481 = PCURVE('',#8598,#15482);
#15482 = DEFINITIONAL_REPRESENTATION('',(#15483),#15488);
#15483 = B_SPLINE_CURVE_WITH_KNOTS('',3,(#15484,#15485,#15486,#15487),
  .UNSPECIFIED.,.F.,.F.,(4,4),(0.,1.469222508299E-03),
  .PIECEWISE_BEZIER_KNOTS.);
#15484 = CARTESIAN_POINT('',(-0.515902684074,-8.260059303211E-14));
#15485 = CARTESIAN_POINT('',(-0.38501811242,0.471931235473));
#15486 = CARTESIAN_POINT('',(-0.252317437972,0.943351027928));
#15487 = CARTESIAN_POINT('',(-0.1176379745,1.414213562373));
#15488 = ( GEOMETRIC_REPRESENTATION_CONTEXT(2) 
PARAMETRIC_REPRESENTATION_CONTEXT() REPRESENTATION_CONTEXT('2D SPACE',''
  ) );
#15489 = PCURVE('',#8680,#15490);
#15490 = DEFINITIONAL_REPRESENTATION('',(#15491),#15494);
#15491 = B_SPLINE_CURVE_WITH_KNOTS('',1,(#15492,#15493),.UNSPECIFIED.,
  .F.,.F.,(2,2),(0.,1.469222508299E-03),.PIECEWISE_BEZIER_KNOTS.);
#15492 = CARTESIAN_POINT('',(4.12191336564,1.));
#15493 = CARTESIAN_POINT('',(4.100703352538,-2.48689957516E-14));
#15494 = ( GEOMETRIC_REPRESENTATION_CONTEXT(2) 
PARAMETRIC_REPRESENTATION_CONTEXT() REPRESENTATION_CONTEXT('2D SPACE',''
  ) );
#15495 = ORIENTED_EDGE('',*,*,#12314,.F.);
#15496 = ADVANCED_FACE('',(#15497),#1412,.T.);
#15497 = FACE_BOUND('',#15498,.T.);
#15498 = EDGE_LOOP('',(#15499,#15500,#15501,#15523));
#15499 = ORIENTED_EDGE('',*,*,#15447,.F.);
#15500 = ORIENTED_EDGE('',*,*,#10261,.F.);
#15501 = ORIENTED_EDGE('',*,*,#15502,.F.);
#15502 = EDGE_CURVE('',#1286,#10238,#15503,.T.);
#15503 = SURFACE_CURVE('',#15504,(#15509,#15517),.PCURVE_S1.);
#15504 = B_SPLINE_CURVE_WITH_KNOTS('',3,(#15505,#15506,#15507,#15508),
  .UNSPECIFIED.,.F.,.F.,(4,4),(0.,1.469222508299E-03),
  .PIECEWISE_BEZIER_KNOTS.);
#15505 = CARTESIAN_POINT('',(15.161237755615,30.045188248812,
    71.617522827129));
#15506 = CARTESIAN_POINT('',(14.979761505545,29.610627468365,
    71.751959283756));
#15507 = CARTESIAN_POINT('',(14.796548085635,29.176802886748,
    71.8864031935));
#15508 = CARTESIAN_POINT('',(14.611441880458,28.743780452547,
    72.02085522401));
#15509 = PCURVE('',#1412,#15510);
#15510 = DEFINITIONAL_REPRESENTATION('',(#15511),#15516);
#15511 = B_SPLINE_CURVE_WITH_KNOTS('',3,(#15512,#15513,#15514,#15515),
  .UNSPECIFIED.,.F.,.F.,(4,4),(0.,1.469222508299E-03),
  .PIECEWISE_BEZIER_KNOTS.);
#15512 = CARTESIAN_POINT('',(13.110330255582,1.414213562373));
#15513 = CARTESIAN_POINT('',(12.979445683928,0.9422823269));
#15514 = CARTESIAN_POINT('',(12.84674500948,0.470862534445));
#15515 = CARTESIAN_POINT('',(12.712065546008,-2.48689957516E-14));
#15516 = ( GEOMETRIC_REPRESENTATION_CONTEXT(2) 
PARAMETRIC_REPRESENTATION_CONTEXT() REPRESENTATION_CONTEXT('2D SPACE',''
  ) );
#15517 = PCURVE('',#1330,#15518);
#15518 = DEFINITIONAL_REPRESENTATION('',(#15519),#15522);
#15519 = B_SPLINE_CURVE_WITH_KNOTS('',1,(#15520,#15521),.UNSPECIFIED.,
  .F.,.F.,(2,2),(0.,1.469222508299E-03),.PIECEWISE_BEZIER_KNOTS.);
#15520 = CARTESIAN_POINT('',(2.475431206898,1.));
#15521 = CARTESIAN_POINT('',(2.496641220001,-5.329070518201E-15));
#15522 = ( GEOMETRIC_REPRESENTATION_CONTEXT(2) 
PARAMETRIC_REPRESENTATION_CONTEXT() REPRESENTATION_CONTEXT('2D SPACE',''
  ) );
#15523 = ORIENTED_EDGE('',*,*,#1398,.F.);
#15524 = ADVANCED_FACE('',(#15525),#8680,.T.);
#15525 = FACE_BOUND('',#15526,.T.);
#15526 = EDGE_LOOP('',(#15527,#15528,#15529,#15551));
#15527 = ORIENTED_EDGE('',*,*,#15474,.F.);
#15528 = ORIENTED_EDGE('',*,*,#8665,.T.);
#15529 = ORIENTED_EDGE('',*,*,#15530,.T.);
#15530 = EDGE_CURVE('',#8636,#12338,#15531,.T.);
#15531 = SURFACE_CURVE('',#15532,(#15537,#15543),.PCURVE_S1.);
#15532 = B_SPLINE_CURVE_WITH_KNOTS('',3,(#15533,#15534,#15535,#15536),
  .UNSPECIFIED.,.F.,.F.,(4,4),(0.,1.469222508299E-03),
  .PIECEWISE_BEZIER_KNOTS.);
#15533 = CARTESIAN_POINT('',(11.917114966641,6.594646898702,
    58.078346466001));
#15534 = CARTESIAN_POINT('',(11.6079925196,6.584957053018,
    58.458082271184));
#15535 = CARTESIAN_POINT('',(11.299511366005,6.576952462959,
    58.83837346768));
#15536 = CARTESIAN_POINT('',(10.991728952833,6.570784093485,
    59.219269807364));
#15537 = PCURVE('',#8680,#15538);
#15538 = DEFINITIONAL_REPRESENTATION('',(#15539),#15542);
#15539 = B_SPLINE_CURVE_WITH_KNOTS('',1,(#15540,#15541),.UNSPECIFIED.,
  .F.,.F.,(2,2),(0.,1.469222508299E-03),.PIECEWISE_BEZIER_KNOTS.);
#15540 = CARTESIAN_POINT('',(4.046227533693,1.));
#15541 = CARTESIAN_POINT('',(4.067437546796,1.06581410364E-14));
#15542 = ( GEOMETRIC_REPRESENTATION_CONTEXT(2) 
PARAMETRIC_REPRESENTATION_CONTEXT() REPRESENTATION_CONTEXT('2D SPACE',''
  ) );
#15543 = PCURVE('',#8762,#15544);
#15544 = DEFINITIONAL_REPRESENTATION('',(#15545),#15550);
#15545 = B_SPLINE_CURVE_WITH_KNOTS('',3,(#15546,#15547,#15548,#15549),
  .UNSPECIFIED.,.F.,.F.,(4,4),(0.,1.469222508299E-03),
  .PIECEWISE_BEZIER_KNOTS.);
#15546 = CARTESIAN_POINT('',(13.110330255582,1.414213562373));
#15547 = CARTESIAN_POINT('',(12.979445683928,0.9422823269));
#15548 = CARTESIAN_POINT('',(12.84674500948,0.470862534445));
#15549 = CARTESIAN_POINT('',(12.712065546008,-2.13162820728E-14));
#15550 = ( GEOMETRIC_REPRESENTATION_CONTEXT(2) 
PARAMETRIC_REPRESENTATION_CONTEXT() REPRESENTATION_CONTEXT('2D SPACE',''
  ) );
#15551 = ORIENTED_EDGE('',*,*,#12337,.F.);
#15552 = ADVANCED_FACE('',(#15553),#1330,.T.);
#15553 = FACE_BOUND('',#15554,.T.);
#15554 = EDGE_LOOP('',(#15555,#15556,#15557,#15579));
#15555 = ORIENTED_EDGE('',*,*,#15502,.T.);
#15556 = ORIENTED_EDGE('',*,*,#10237,.F.);
#15557 = ORIENTED_EDGE('',*,*,#15558,.F.);
#15558 = EDGE_CURVE('',#1205,#10215,#15559,.T.);
#15559 = SURFACE_CURVE('',#15560,(#15565,#15571),.PCURVE_S1.);
#15560 = B_SPLINE_CURVE_WITH_KNOTS('',3,(#15561,#15562,#15563,#15564),
  .UNSPECIFIED.,.F.,.F.,(4,4),(0.,1.469222508299E-03),
  .PIECEWISE_BEZIER_KNOTS.);
#15561 = CARTESIAN_POINT('',(16.018929966707,29.022834821721,
    71.027266800791));
#15562 = CARTESIAN_POINT('',(15.668857803768,28.789237285532,
    71.277729440587));
#15563 = CARTESIAN_POINT('',(15.318858732137,28.554218149995,
    71.526953728142));
#15564 = CARTESIAN_POINT('',(14.968939299325,28.317650068443,
    71.774828732037));
#15565 = PCURVE('',#1330,#15566);
#15566 = DEFINITIONAL_REPRESENTATION('',(#15567),#15570);
#15567 = B_SPLINE_CURVE_WITH_KNOTS('',1,(#15568,#15569),.UNSPECIFIED.,
  .F.,.F.,(2,2),(0.,1.469222508299E-03),.PIECEWISE_BEZIER_KNOTS.);
#15568 = CARTESIAN_POINT('',(2.551117038845,1.));
#15569 = CARTESIAN_POINT('',(2.529907025743,-4.085620730621E-14));
#15570 = ( GEOMETRIC_REPRESENTATION_CONTEXT(2) 
PARAMETRIC_REPRESENTATION_CONTEXT() REPRESENTATION_CONTEXT('2D SPACE',''
  ) );
#15571 = PCURVE('',#1248,#15572);
#15572 = DEFINITIONAL_REPRESENTATION('',(#15573),#15578);
#15573 = B_SPLINE_CURVE_WITH_KNOTS('',3,(#15574,#15575,#15576,#15577),
  .UNSPECIFIED.,.F.,.F.,(4,4),(0.,1.469222508299E-03),
  .PIECEWISE_BEZIER_KNOTS.);
#15574 = CARTESIAN_POINT('',(-0.515902684074,-8.526512829121E-14));
#15575 = CARTESIAN_POINT('',(-0.38501811242,0.471931235473));
#15576 = CARTESIAN_POINT('',(-0.252317437972,0.943351027928));
#15577 = CARTESIAN_POINT('',(-0.1176379745,1.414213562373));
#15578 = ( GEOMETRIC_REPRESENTATION_CONTEXT(2) 
PARAMETRIC_REPRESENTATION_CONTEXT() REPRESENTATION_CONTEXT('2D SPACE',''
  ) );
#15579 = ORIENTED_EDGE('',*,*,#1315,.T.);
#15580 = ADVANCED_FACE('',(#15581),#8762,.T.);
#15581 = FACE_BOUND('',#15582,.T.);
#15582 = EDGE_LOOP('',(#15583,#15584,#15585,#15606));
#15583 = ORIENTED_EDGE('',*,*,#15530,.F.);
#15584 = ORIENTED_EDGE('',*,*,#8748,.F.);
#15585 = ORIENTED_EDGE('',*,*,#15586,.F.);
#15586 = EDGE_CURVE('',#12362,#8719,#15587,.T.);
#15587 = SURFACE_CURVE('',#15588,(#15592,#15599),.PCURVE_S1.);
#15588 = LINE('',#15589,#15590);
#15589 = CARTESIAN_POINT('',(12.21640125664,7.418126842704,
    58.367376653619));
#15590 = VECTOR('',#15591,1.);
#15591 = DIRECTION('',(0.516964862336,-0.221550815631,-0.826838900393));
#15592 = PCURVE('',#8762,#15593);
#15593 = DEFINITIONAL_REPRESENTATION('',(#15594),#15598);
#15594 = LINE('',#15595,#15596);
#15595 = CARTESIAN_POINT('',(12.21640125664,1.642513574985));
#15596 = VECTOR('',#15597,1.);
#15597 = DIRECTION('',(0.516964862336,0.856006618613));
#15598 = ( GEOMETRIC_REPRESENTATION_CONTEXT(2) 
PARAMETRIC_REPRESENTATION_CONTEXT() REPRESENTATION_CONTEXT('2D SPACE',''
  ) );
#15599 = PCURVE('',#8843,#15600);
#15600 = DEFINITIONAL_REPRESENTATION('',(#15601),#15605);
#15601 = LINE('',#15602,#15603);
#15602 = CARTESIAN_POINT('',(0.378026314868,-0.228300012612));
#15603 = VECTOR('',#15604,1.);
#15604 = DIRECTION('',(-0.516964862336,-0.856006618613));
#15605 = ( GEOMETRIC_REPRESENTATION_CONTEXT(2) 
PARAMETRIC_REPRESENTATION_CONTEXT() REPRESENTATION_CONTEXT('2D SPACE',''
  ) );
#15606 = ORIENTED_EDGE('',*,*,#12361,.F.);
#15607 = ADVANCED_FACE('',(#15608),#1248,.F.);
#15608 = FACE_BOUND('',#15609,.T.);
#15609 = EDGE_LOOP('',(#15610,#15611,#15612,#15633));
#15610 = ORIENTED_EDGE('',*,*,#15558,.T.);
#15611 = ORIENTED_EDGE('',*,*,#10214,.F.);
#15612 = ORIENTED_EDGE('',*,*,#15613,.T.);
#15613 = EDGE_CURVE('',#10192,#1124,#15614,.T.);
#15614 = SURFACE_CURVE('',#15615,(#15619,#15626),.PCURVE_S1.);
#15615 = LINE('',#15616,#15617);
#15616 = CARTESIAN_POINT('',(16.038533647239,28.317046838274,
    70.433373738835));
#15617 = VECTOR('',#15618,1.);
#15618 = DIRECTION('',(0.678707105705,0.662834616013,-0.316238733366));
#15619 = PCURVE('',#1248,#15620);
#15620 = DEFINITIONAL_REPRESENTATION('',(#15621),#15625);
#15621 = LINE('',#15622,#15623);
#15622 = CARTESIAN_POINT('',(0.378026314868,-0.228300012612));
#15623 = VECTOR('',#15624,1.);
#15624 = DIRECTION('',(-0.516964862336,-0.856006618613));
#15625 = ( GEOMETRIC_REPRESENTATION_CONTEXT(2) 
PARAMETRIC_REPRESENTATION_CONTEXT() REPRESENTATION_CONTEXT('2D SPACE',''
  ) );
#15626 = PCURVE('',#1167,#15627);
#15627 = DEFINITIONAL_REPRESENTATION('',(#15628),#15632);
#15628 = LINE('',#15629,#15630);
#15629 = CARTESIAN_POINT('',(12.21640125664,1.642513574985));
#15630 = VECTOR('',#15631,1.);
#15631 = DIRECTION('',(0.516964862336,0.856006618613));
#15632 = ( GEOMETRIC_REPRESENTATION_CONTEXT(2) 
PARAMETRIC_REPRESENTATION_CONTEXT() REPRESENTATION_CONTEXT('2D SPACE',''
  ) );
#15633 = ORIENTED_EDGE('',*,*,#1234,.F.);
#15634 = ADVANCED_FACE('',(#15635),#8843,.F.);
#15635 = FACE_BOUND('',#15636,.T.);
#15636 = EDGE_LOOP('',(#15637,#15638,#15639,#15661));
#15637 = ORIENTED_EDGE('',*,*,#15586,.T.);
#15638 = ORIENTED_EDGE('',*,*,#8829,.F.);
#15639 = ORIENTED_EDGE('',*,*,#15640,.T.);
#15640 = EDGE_CURVE('',#8800,#12385,#15641,.T.);
#15641 = SURFACE_CURVE('',#15642,(#15647,#15655),.PCURVE_S1.);
#15642 = B_SPLINE_CURVE_WITH_KNOTS('',3,(#15643,#15644,#15645,#15646),
  .UNSPECIFIED.,.F.,.F.,(4,4),(0.,1.469222508299E-03),
  .PIECEWISE_BEZIER_KNOTS.);
#15643 = CARTESIAN_POINT('',(13.110330255582,7.477215233965,
    58.587897531943));
#15644 = CARTESIAN_POINT('',(12.979445683928,7.599360025684,
    59.043748100519));
#15645 = CARTESIAN_POINT('',(12.84674500948,7.72137244621,
    59.499104653075));
#15646 = CARTESIAN_POINT('',(12.712065546008,7.843240637749,
    59.953922935728));
#15647 = PCURVE('',#8843,#15648);
#15648 = DEFINITIONAL_REPRESENTATION('',(#15649),#15654);
#15649 = B_SPLINE_CURVE_WITH_KNOTS('',3,(#15650,#15651,#15652,#15653),
  .UNSPECIFIED.,.F.,.F.,(4,4),(0.,1.469222508299E-03),
  .PIECEWISE_BEZIER_KNOTS.);
#15650 = CARTESIAN_POINT('',(-0.515902684074,0.));
#15651 = CARTESIAN_POINT('',(-0.38501811242,0.471931235473));
#15652 = CARTESIAN_POINT('',(-0.252317437972,0.943351027928));
#15653 = CARTESIAN_POINT('',(-0.1176379745,1.414213562373));
#15654 = ( GEOMETRIC_REPRESENTATION_CONTEXT(2) 
PARAMETRIC_REPRESENTATION_CONTEXT() REPRESENTATION_CONTEXT('2D SPACE',''
  ) );
#15655 = PCURVE('',#8925,#15656);
#15656 = DEFINITIONAL_REPRESENTATION('',(#15657),#15660);
#15657 = B_SPLINE_CURVE_WITH_KNOTS('',1,(#15658,#15659),.UNSPECIFIED.,
  .F.,.F.,(2,2),(0.,1.469222508299E-03),.PIECEWISE_BEZIER_KNOTS.);
#15658 = CARTESIAN_POINT('',(3.964833732961,1.));
#15659 = CARTESIAN_POINT('',(3.943623719858,-1.7763568394E-15));
#15660 = ( GEOMETRIC_REPRESENTATION_CONTEXT(2) 
PARAMETRIC_REPRESENTATION_CONTEXT() REPRESENTATION_CONTEXT('2D SPACE',''
  ) );
#15661 = ORIENTED_EDGE('',*,*,#12384,.F.);
#15662 = ADVANCED_FACE('',(#15663),#1167,.T.);
#15663 = FACE_BOUND('',#15664,.T.);
#15664 = EDGE_LOOP('',(#15665,#15666,#15667,#15689));
#15665 = ORIENTED_EDGE('',*,*,#15613,.F.);
#15666 = ORIENTED_EDGE('',*,*,#10191,.F.);
#15667 = ORIENTED_EDGE('',*,*,#15668,.F.);
#15668 = EDGE_CURVE('',#1041,#10168,#15669,.T.);
#15669 = SURFACE_CURVE('',#15670,(#15675,#15683),.PCURVE_S1.);
#15670 = B_SPLINE_CURVE_WITH_KNOTS('',3,(#15671,#15672,#15673,#15674),
  .UNSPECIFIED.,.F.,.F.,(4,4),(0.,1.469222508299E-03),
  .PIECEWISE_BEZIER_KNOTS.);
#15671 = CARTESIAN_POINT('',(16.838825264841,27.864138275682,
    70.358293038027));
#15672 = CARTESIAN_POINT('',(16.611225883917,27.457459140138,
    70.508826969843));
#15673 = CARTESIAN_POINT('',(16.382011040994,27.051744711022,
    70.659500283701));
#15674 = CARTESIAN_POINT('',(16.151036023215,26.647081406601,
    70.810325465423));
#15675 = PCURVE('',#1167,#15676);
#15676 = DEFINITIONAL_REPRESENTATION('',(#15677),#15682);
#15677 = B_SPLINE_CURVE_WITH_KNOTS('',3,(#15678,#15679,#15680,#15681),
  .UNSPECIFIED.,.F.,.F.,(4,4),(0.,1.469222508299E-03),
  .PIECEWISE_BEZIER_KNOTS.);
#15678 = CARTESIAN_POINT('',(13.110330255582,1.414213562373));
#15679 = CARTESIAN_POINT('',(12.979445683928,0.9422823269));
#15680 = CARTESIAN_POINT('',(12.84674500948,0.470862534445));
#15681 = CARTESIAN_POINT('',(12.712065546008,-2.6645352591E-14));
#15682 = ( GEOMETRIC_REPRESENTATION_CONTEXT(2) 
PARAMETRIC_REPRESENTATION_CONTEXT() REPRESENTATION_CONTEXT('2D SPACE',''
  ) );
#15683 = PCURVE('',#1085,#15684);
#15684 = DEFINITIONAL_REPRESENTATION('',(#15685),#15688);
#15685 = B_SPLINE_CURVE_WITH_KNOTS('',1,(#15686,#15687),.UNSPECIFIED.,
  .F.,.F.,(2,2),(0.,1.469222508299E-03),.PIECEWISE_BEZIER_KNOTS.);
#15686 = CARTESIAN_POINT('',(2.632510839578,1.));
#15687 = CARTESIAN_POINT('',(2.65372085268,-5.329070518201E-15));
#15688 = ( GEOMETRIC_REPRESENTATION_CONTEXT(2) 
PARAMETRIC_REPRESENTATION_CONTEXT() REPRESENTATION_CONTEXT('2D SPACE',''
  ) );
#15689 = ORIENTED_EDGE('',*,*,#1153,.F.);
#15690 = ADVANCED_FACE('',(#15691),#8925,.T.);
#15691 = FACE_BOUND('',#15692,.T.);
#15692 = EDGE_LOOP('',(#15693,#15694,#15695,#15717));
#15693 = ORIENTED_EDGE('',*,*,#15640,.F.);
#15694 = ORIENTED_EDGE('',*,*,#8910,.T.);
#15695 = ORIENTED_EDGE('',*,*,#15696,.T.);
#15696 = EDGE_CURVE('',#8881,#12408,#15697,.T.);
#15697 = SURFACE_CURVE('',#15698,(#15703,#15709),.PCURVE_S1.);
#15698 = B_SPLINE_CURVE_WITH_KNOTS('',3,(#15699,#15700,#15701,#15702),
  .UNSPECIFIED.,.F.,.F.,(4,4),(0.,1.469222508299E-03),
  .PIECEWISE_BEZIER_KNOTS.);
#15699 = CARTESIAN_POINT('',(14.142135623731,8.370784894543,
    59.103800216018));
#15700 = CARTESIAN_POINT('',(13.808429846874,8.31728137013,
    59.458240181992));
#15701 = CARTESIAN_POINT('',(13.475085714844,8.265531459286,
    59.813275005757));
#15702 = CARTESIAN_POINT('',(13.142135623731,8.215692250465,
    60.168957974589));
#15703 = PCURVE('',#8925,#15704);
#15704 = DEFINITIONAL_REPRESENTATION('',(#15705),#15708);
#15705 = B_SPLINE_CURVE_WITH_KNOTS('',1,(#15706,#15707),.UNSPECIFIED.,
  .F.,.F.,(2,2),(0.,1.469222508299E-03),.PIECEWISE_BEZIER_KNOTS.);
#15706 = CARTESIAN_POINT('',(3.889147901014,1.));
#15707 = CARTESIAN_POINT('',(3.910357914116,-1.7763568394E-15));
#15708 = ( GEOMETRIC_REPRESENTATION_CONTEXT(2) 
PARAMETRIC_REPRESENTATION_CONTEXT() REPRESENTATION_CONTEXT('2D SPACE',''
  ) );
#15709 = PCURVE('',#9007,#15710);
#15710 = DEFINITIONAL_REPRESENTATION('',(#15711),#15716);
#15711 = B_SPLINE_CURVE_WITH_KNOTS('',3,(#15712,#15713,#15714,#15715),
  .UNSPECIFIED.,.F.,.F.,(4,4),(0.,1.469222508299E-03),
  .PIECEWISE_BEZIER_KNOTS.);
#15712 = CARTESIAN_POINT('',(13.110330255582,1.414213562373));
#15713 = CARTESIAN_POINT('',(12.979445683928,0.9422823269));
#15714 = CARTESIAN_POINT('',(12.84674500948,0.470862534445));
#15715 = CARTESIAN_POINT('',(12.712065546008,0.));
#15716 = ( GEOMETRIC_REPRESENTATION_CONTEXT(2) 
PARAMETRIC_REPRESENTATION_CONTEXT() REPRESENTATION_CONTEXT('2D SPACE',''
  ) );
#15717 = ORIENTED_EDGE('',*,*,#12407,.F.);
#15718 = ADVANCED_FACE('',(#15719),#1085,.T.);
#15719 = FACE_BOUND('',#15720,.T.);
#15720 = EDGE_LOOP('',(#15721,#15722,#15723,#15745));
#15721 = ORIENTED_EDGE('',*,*,#15668,.T.);
#15722 = ORIENTED_EDGE('',*,*,#10167,.F.);
#15723 = ORIENTED_EDGE('',*,*,#15724,.F.);
#15724 = EDGE_CURVE('',#960,#10145,#15725,.T.);
#15725 = SURFACE_CURVE('',#15726,(#15731,#15737),.PCURVE_S1.);
#15726 = B_SPLINE_CURVE_WITH_KNOTS('',3,(#15727,#15728,#15729,#15730),
  .UNSPECIFIED.,.F.,.F.,(4,4),(0.,1.469222508299E-03),
  .PIECEWISE_BEZIER_KNOTS.);
#15727 = CARTESIAN_POINT('',(17.501285090122,26.738174816449,
    69.708217731741));
#15728 = CARTESIAN_POINT('',(17.143466479575,26.552825471256,
    69.986536477596));
#15729 = CARTESIAN_POINT('',(16.785430607069,26.366064353052,
    70.263622544449));
#15730 = CARTESIAN_POINT('',(16.427158010309,26.177764995411,
    70.539365509087));
#15731 = PCURVE('',#1085,#15732);
#15732 = DEFINITIONAL_REPRESENTATION('',(#15733),#15736);
#15733 = B_SPLINE_CURVE_WITH_KNOTS('',1,(#15734,#15735),.UNSPECIFIED.,
  .F.,.F.,(2,2),(0.,1.469222508299E-03),.PIECEWISE_BEZIER_KNOTS.);
#15734 = CARTESIAN_POINT('',(2.708196671525,1.));
#15735 = CARTESIAN_POINT('',(2.686986658422,2.48689957516E-14));
#15736 = ( GEOMETRIC_REPRESENTATION_CONTEXT(2) 
PARAMETRIC_REPRESENTATION_CONTEXT() REPRESENTATION_CONTEXT('2D SPACE',''
  ) );
#15737 = PCURVE('',#1003,#15738);
#15738 = DEFINITIONAL_REPRESENTATION('',(#15739),#15744);
#15739 = B_SPLINE_CURVE_WITH_KNOTS('',3,(#15740,#15741,#15742,#15743),
  .UNSPECIFIED.,.F.,.F.,(4,4),(0.,1.469222508299E-03),
  .PIECEWISE_BEZIER_KNOTS.);
#15740 = CARTESIAN_POINT('',(-0.515902684074,2.39808173319E-14));
#15741 = CARTESIAN_POINT('',(-0.38501811242,0.471931235473));
#15742 = CARTESIAN_POINT('',(-0.252317437972,0.943351027928));
#15743 = CARTESIAN_POINT('',(-0.1176379745,1.414213562373));
#15744 = ( GEOMETRIC_REPRESENTATION_CONTEXT(2) 
PARAMETRIC_REPRESENTATION_CONTEXT() REPRESENTATION_CONTEXT('2D SPACE',''
  ) );
#15745 = ORIENTED_EDGE('',*,*,#1070,.T.);
#15746 = ADVANCED_FACE('',(#15747),#9007,.T.);
#15747 = FACE_BOUND('',#15748,.T.);
#15748 = EDGE_LOOP('',(#15749,#15750,#15751,#15772));
#15749 = ORIENTED_EDGE('',*,*,#15696,.F.);
#15750 = ORIENTED_EDGE('',*,*,#8993,.F.);
#15751 = ORIENTED_EDGE('',*,*,#15752,.F.);
#15752 = EDGE_CURVE('',#12432,#8964,#15753,.T.);
#15753 = SURFACE_CURVE('',#15754,(#15758,#15765),.PCURVE_S1.);
#15754 = LINE('',#15755,#15756);
#15755 = CARTESIAN_POINT('',(14.303568110794,9.225666360338,
    59.410960080696));
#15756 = VECTOR('',#15757,1.);
#15757 = DIRECTION('',(0.605288084762,-0.145060661266,-0.78267728918));
#15758 = PCURVE('',#9007,#15759);
#15759 = DEFINITIONAL_REPRESENTATION('',(#15760),#15764);
#15760 = LINE('',#15761,#15762);
#15761 = CARTESIAN_POINT('',(12.21640125664,1.642513574985));
#15762 = VECTOR('',#15763,1.);
#15763 = DIRECTION('',(0.516964862336,0.856006618613));
#15764 = ( GEOMETRIC_REPRESENTATION_CONTEXT(2) 
PARAMETRIC_REPRESENTATION_CONTEXT() REPRESENTATION_CONTEXT('2D SPACE',''
  ) );
#15765 = PCURVE('',#9088,#15766);
#15766 = DEFINITIONAL_REPRESENTATION('',(#15767),#15771);
#15767 = LINE('',#15768,#15769);
#15768 = CARTESIAN_POINT('',(0.378026314868,-0.228300012612));
#15769 = VECTOR('',#15770,1.);
#15770 = DIRECTION('',(-0.516964862336,-0.856006618613));
#15771 = ( GEOMETRIC_REPRESENTATION_CONTEXT(2) 
PARAMETRIC_REPRESENTATION_CONTEXT() REPRESENTATION_CONTEXT('2D SPACE',''
  ) );
#15772 = ORIENTED_EDGE('',*,*,#12431,.F.);
#15773 = ADVANCED_FACE('',(#15774),#1003,.F.);
#15774 = FACE_BOUND('',#15775,.T.);
#15775 = EDGE_LOOP('',(#15776,#15777,#15778,#15799));
#15776 = ORIENTED_EDGE('',*,*,#15724,.T.);
#15777 = ORIENTED_EDGE('',*,*,#10144,.F.);
#15778 = ORIENTED_EDGE('',*,*,#15779,.T.);
#15779 = EDGE_CURVE('',#10122,#879,#15780,.T.);
#15780 = SURFACE_CURVE('',#15781,(#15785,#15792),.PCURVE_S1.);
#15781 = LINE('',#15782,#15783);
#15782 = CARTESIAN_POINT('',(17.378577256447,26.039414172615,
    69.118381906201));
#15783 = VECTOR('',#15784,1.);
#15784 = DIRECTION('',(0.735414105205,0.566451398671,-0.371885609844));
#15785 = PCURVE('',#1003,#15786);
#15786 = DEFINITIONAL_REPRESENTATION('',(#15787),#15791);
#15787 = LINE('',#15788,#15789);
#15788 = CARTESIAN_POINT('',(0.378026314868,-0.228300012612));
#15789 = VECTOR('',#15790,1.);
#15790 = DIRECTION('',(-0.516964862336,-0.856006618613));
#15791 = ( GEOMETRIC_REPRESENTATION_CONTEXT(2) 
PARAMETRIC_REPRESENTATION_CONTEXT() REPRESENTATION_CONTEXT('2D SPACE',''
  ) );
#15792 = PCURVE('',#922,#15793);
#15793 = DEFINITIONAL_REPRESENTATION('',(#15794),#15798);
#15794 = LINE('',#15795,#15796);
#15795 = CARTESIAN_POINT('',(12.21640125664,1.642513574985));
#15796 = VECTOR('',#15797,1.);
#15797 = DIRECTION('',(0.516964862336,0.856006618613));
#15798 = ( GEOMETRIC_REPRESENTATION_CONTEXT(2) 
PARAMETRIC_REPRESENTATION_CONTEXT() REPRESENTATION_CONTEXT('2D SPACE',''
  ) );
#15799 = ORIENTED_EDGE('',*,*,#989,.F.);
#15800 = ADVANCED_FACE('',(#15801),#9088,.F.);
#15801 = FACE_BOUND('',#15802,.T.);
#15802 = EDGE_LOOP('',(#15803,#15804,#15805,#15827));
#15803 = ORIENTED_EDGE('',*,*,#15752,.T.);
#15804 = ORIENTED_EDGE('',*,*,#9074,.F.);
#15805 = ORIENTED_EDGE('',*,*,#15806,.T.);
#15806 = EDGE_CURVE('',#9045,#12455,#15807,.T.);
#15807 = SURFACE_CURVE('',#15808,(#15813,#15821),.PCURVE_S1.);
#15808 = B_SPLINE_CURVE_WITH_KNOTS('',3,(#15809,#15810,#15811,#15812),
  .UNSPECIFIED.,.F.,.F.,(4,4),(0.,1.469222508299E-03),
  .PIECEWISE_BEZIER_KNOTS.);
#15809 = CARTESIAN_POINT('',(15.161237755615,9.404139646949,
    59.700407860488));
#15810 = CARTESIAN_POINT('',(14.979761505545,9.504994650539,
    60.143966764156));
#15811 = CARTESIAN_POINT('',(14.796548085635,9.605475100126,
    60.586891827495));
#15812 = CARTESIAN_POINT('',(14.611441880458,9.705547443214,
    61.029126271177));
#15813 = PCURVE('',#9088,#15814);
#15814 = DEFINITIONAL_REPRESENTATION('',(#15815),#15820);
#15815 = B_SPLINE_CURVE_WITH_KNOTS('',3,(#15816,#15817,#15818,#15819),
  .UNSPECIFIED.,.F.,.F.,(4,4),(0.,1.469222508299E-03),
  .PIECEWISE_BEZIER_KNOTS.);
#15816 = CARTESIAN_POINT('',(-0.515902684074,-7.815970093361E-14));
#15817 = CARTESIAN_POINT('',(-0.385018112421,0.471931235473));
#15818 = CARTESIAN_POINT('',(-0.252317437972,0.943351027928));
#15819 = CARTESIAN_POINT('',(-0.1176379745,1.414213562373));
#15820 = ( GEOMETRIC_REPRESENTATION_CONTEXT(2) 
PARAMETRIC_REPRESENTATION_CONTEXT() REPRESENTATION_CONTEXT('2D SPACE',''
  ) );
#15821 = PCURVE('',#9170,#15822);
#15822 = DEFINITIONAL_REPRESENTATION('',(#15823),#15826);
#15823 = B_SPLINE_CURVE_WITH_KNOTS('',1,(#15824,#15825),.UNSPECIFIED.,
  .F.,.F.,(2,2),(0.,1.469222508299E-03),.PIECEWISE_BEZIER_KNOTS.);
#15824 = CARTESIAN_POINT('',(3.807754100281,1.));
#15825 = CARTESIAN_POINT('',(3.786544087179,7.105427357601E-15));
#15826 = ( GEOMETRIC_REPRESENTATION_CONTEXT(2) 
PARAMETRIC_REPRESENTATION_CONTEXT() REPRESENTATION_CONTEXT('2D SPACE',''
  ) );
#15827 = ORIENTED_EDGE('',*,*,#12454,.F.);
#15828 = ADVANCED_FACE('',(#15829),#922,.T.);
#15829 = FACE_BOUND('',#15830,.T.);
#15830 = EDGE_LOOP('',(#15831,#15832,#15833,#15855));
#15831 = ORIENTED_EDGE('',*,*,#15779,.F.);
#15832 = ORIENTED_EDGE('',*,*,#10121,.F.);
#15833 = ORIENTED_EDGE('',*,*,#15834,.F.);
#15834 = EDGE_CURVE('',#796,#10098,#15835,.T.);
#15835 = SURFACE_CURVE('',#15836,(#15841,#15849),.PCURVE_S1.);
#15836 = B_SPLINE_CURVE_WITH_KNOTS('',3,(#15837,#15838,#15839,#15840),
  .UNSPECIFIED.,.F.,.F.,(4,4),(0.,1.469222508299E-03),
  .PIECEWISE_BEZIER_KNOTS.);
#15837 = CARTESIAN_POINT('',(18.10178501119,25.482667431235,
    68.983350204918));
#15838 = CARTESIAN_POINT('',(17.83366675153,25.109775258735,
    69.153391048943));
#15839 = CARTESIAN_POINT('',(17.564094515746,24.738056998437,
    69.323692060019));
#15840 = CARTESIAN_POINT('',(17.292938056866,24.367617809229,
    69.494276543873));
#15841 = PCURVE('',#922,#15842);
#15842 = DEFINITIONAL_REPRESENTATION('',(#15843),#15848);
#15843 = B_SPLINE_CURVE_WITH_KNOTS('',3,(#15844,#15845,#15846,#15847),
  .UNSPECIFIED.,.F.,.F.,(4,4),(0.,1.469222508299E-03),
  .PIECEWISE_BEZIER_KNOTS.);
#15844 = CARTESIAN_POINT('',(13.110330255582,1.414213562373));
#15845 = CARTESIAN_POINT('',(12.979445683928,0.9422823269));
#15846 = CARTESIAN_POINT('',(12.84674500948,0.470862534445));
#15847 = CARTESIAN_POINT('',(12.712065546008,3.37507799486E-14));
#15848 = ( GEOMETRIC_REPRESENTATION_CONTEXT(2) 
PARAMETRIC_REPRESENTATION_CONTEXT() REPRESENTATION_CONTEXT('2D SPACE',''
  ) );
#15849 = PCURVE('',#840,#15850);
#15850 = DEFINITIONAL_REPRESENTATION('',(#15851),#15854);
#15851 = B_SPLINE_CURVE_WITH_KNOTS('',1,(#15852,#15853),.UNSPECIFIED.,
  .F.,.F.,(2,2),(0.,1.469222508299E-03),.PIECEWISE_BEZIER_KNOTS.);
#15852 = CARTESIAN_POINT('',(2.789590472257,1.));
#15853 = CARTESIAN_POINT('',(2.81080048536,8.881784197001E-15));
#15854 = ( GEOMETRIC_REPRESENTATION_CONTEXT(2) 
PARAMETRIC_REPRESENTATION_CONTEXT() REPRESENTATION_CONTEXT('2D SPACE',''
  ) );
#15855 = ORIENTED_EDGE('',*,*,#908,.F.);
#15856 = ADVANCED_FACE('',(#15857),#9170,.T.);
#15857 = FACE_BOUND('',#15858,.T.);
#15858 = EDGE_LOOP('',(#15859,#15860,#15861,#15883));
#15859 = ORIENTED_EDGE('',*,*,#15806,.F.);
#15860 = ORIENTED_EDGE('',*,*,#9155,.T.);
#15861 = ORIENTED_EDGE('',*,*,#15862,.T.);
#15862 = EDGE_CURVE('',#9126,#12478,#15863,.T.);
#15863 = SURFACE_CURVE('',#15864,(#15869,#15875),.PCURVE_S1.);
#15864 = B_SPLINE_CURVE_WITH_KNOTS('',3,(#15865,#15866,#15867,#15868),
  .UNSPECIFIED.,.F.,.F.,(4,4),(0.,1.469222508299E-03),
  .PIECEWISE_BEZIER_KNOTS.);
#15865 = CARTESIAN_POINT('',(16.018929966707,10.426493074041,
    60.290663886826));
#15866 = CARTESIAN_POINT('',(15.668857803768,10.326384833373,
    60.618196607325));
#15867 = CARTESIAN_POINT('',(15.318858732137,10.228059836879,
    60.946341292852));
#15868 = CARTESIAN_POINT('',(14.968939299325,10.131677827318,
    61.275152763149));
#15869 = PCURVE('',#9170,#15870);
#15870 = DEFINITIONAL_REPRESENTATION('',(#15871),#15874);
#15871 = B_SPLINE_CURVE_WITH_KNOTS('',1,(#15872,#15873),.UNSPECIFIED.,
  .F.,.F.,(2,2),(0.,1.469222508299E-03),.PIECEWISE_BEZIER_KNOTS.);
#15872 = CARTESIAN_POINT('',(3.732068268334,1.));
#15873 = CARTESIAN_POINT('',(3.753278281437,-2.84217094304E-14));
#15874 = ( GEOMETRIC_REPRESENTATION_CONTEXT(2) 
PARAMETRIC_REPRESENTATION_CONTEXT() REPRESENTATION_CONTEXT('2D SPACE',''
  ) );
#15875 = PCURVE('',#9252,#15876);
#15876 = DEFINITIONAL_REPRESENTATION('',(#15877),#15882);
#15877 = B_SPLINE_CURVE_WITH_KNOTS('',3,(#15878,#15879,#15880,#15881),
  .UNSPECIFIED.,.F.,.F.,(4,4),(0.,1.469222508299E-03),
  .PIECEWISE_BEZIER_KNOTS.);
#15878 = CARTESIAN_POINT('',(13.110330255582,1.414213562373));
#15879 = CARTESIAN_POINT('',(12.979445683928,0.9422823269));
#15880 = CARTESIAN_POINT('',(12.84674500948,0.470862534445));
#15881 = CARTESIAN_POINT('',(12.712065546008,2.13162820728E-14));
#15882 = ( GEOMETRIC_REPRESENTATION_CONTEXT(2) 
PARAMETRIC_REPRESENTATION_CONTEXT() REPRESENTATION_CONTEXT('2D SPACE',''
  ) );
#15883 = ORIENTED_EDGE('',*,*,#12477,.F.);
#15884 = ADVANCED_FACE('',(#15885),#840,.T.);
#15885 = FACE_BOUND('',#15886,.T.);
#15886 = EDGE_LOOP('',(#15887,#15888,#15889,#15911));
#15887 = ORIENTED_EDGE('',*,*,#15834,.T.);
#15888 = ORIENTED_EDGE('',*,*,#10097,.F.);
#15889 = ORIENTED_EDGE('',*,*,#15890,.F.);
#15890 = EDGE_CURVE('',#715,#10075,#15891,.T.);
#15891 = SURFACE_CURVE('',#15892,(#15897,#15903),.PCURVE_S1.);
#15892 = B_SPLINE_CURVE_WITH_KNOTS('',3,(#15893,#15894,#15895,#15896),
  .UNSPECIFIED.,.F.,.F.,(4,4),(0.,1.469222508299E-03),
  .PIECEWISE_BEZIER_KNOTS.);
#15893 = CARTESIAN_POINT('',(18.552700491183,24.280818897085,
    68.289462630202));
#15894 = CARTESIAN_POINT('',(18.195946114751,24.14417318704,
    68.59590043292));
#15895 = CARTESIAN_POINT('',(17.838689472804,24.006164745305,
    68.901133870655));
#15896 = CARTESIAN_POINT('',(17.480885572467,23.866671498569,
    69.205055056563));
#15897 = PCURVE('',#840,#15898);
#15898 = DEFINITIONAL_REPRESENTATION('',(#15899),#15902);
#15899 = B_SPLINE_CURVE_WITH_KNOTS('',1,(#15900,#15901),.UNSPECIFIED.,
  .F.,.F.,(2,2),(0.,1.469222508299E-03),.PIECEWISE_BEZIER_KNOTS.);
#15900 = CARTESIAN_POINT('',(2.865276304204,1.));
#15901 = CARTESIAN_POINT('',(2.844066291102,8.881784197001E-15));
#15902 = ( GEOMETRIC_REPRESENTATION_CONTEXT(2) 
PARAMETRIC_REPRESENTATION_CONTEXT() REPRESENTATION_CONTEXT('2D SPACE',''
  ) );
#15903 = PCURVE('',#758,#15904);
#15904 = DEFINITIONAL_REPRESENTATION('',(#15905),#15910);
#15905 = B_SPLINE_CURVE_WITH_KNOTS('',3,(#15906,#15907,#15908,#15909),
  .UNSPECIFIED.,.F.,.F.,(4,4),(0.,1.469222508299E-03),
  .PIECEWISE_BEZIER_KNOTS.);
#15906 = CARTESIAN_POINT('',(-0.515902684074,3.552713678801E-15));
#15907 = CARTESIAN_POINT('',(-0.38501811242,0.471931235473));
#15908 = CARTESIAN_POINT('',(-0.252317437972,0.943351027928));
#15909 = CARTESIAN_POINT('',(-0.1176379745,1.414213562373));
#15910 = ( GEOMETRIC_REPRESENTATION_CONTEXT(2) 
PARAMETRIC_REPRESENTATION_CONTEXT() REPRESENTATION_CONTEXT('2D SPACE',''
  ) );
#15911 = ORIENTED_EDGE('',*,*,#825,.T.);
#15912 = ADVANCED_FACE('',(#15913),#9252,.T.);
#15913 = FACE_BOUND('',#15914,.T.);
#15914 = EDGE_LOOP('',(#15915,#15916,#15917,#15938));
#15915 = ORIENTED_EDGE('',*,*,#15862,.F.);
#15916 = ORIENTED_EDGE('',*,*,#9238,.F.);
#15917 = ORIENTED_EDGE('',*,*,#15918,.F.);
#15918 = EDGE_CURVE('',#12502,#9209,#15919,.T.);
#15919 = SURFACE_CURVE('',#15920,(#15924,#15931),.PCURVE_S1.);
#15920 = LINE('',#15921,#15922);
#15921 = CARTESIAN_POINT('',(16.038533647239,11.29371354455,
    60.604947679198));
#15922 = VECTOR('',#15923,1.);
#15923 = DIRECTION('',(0.678707105705,-5.754653125105E-02,
    -0.732150982658));
#15924 = PCURVE('',#9252,#15925);
#15925 = DEFINITIONAL_REPRESENTATION('',(#15926),#15930);
#15926 = LINE('',#15927,#15928);
#15927 = CARTESIAN_POINT('',(12.21640125664,1.642513574985));
#15928 = VECTOR('',#15929,1.);
#15929 = DIRECTION('',(0.516964862336,0.856006618613));
#15930 = ( GEOMETRIC_REPRESENTATION_CONTEXT(2) 
PARAMETRIC_REPRESENTATION_CONTEXT() REPRESENTATION_CONTEXT('2D SPACE',''
  ) );
#15931 = PCURVE('',#9333,#15932);
#15932 = DEFINITIONAL_REPRESENTATION('',(#15933),#15937);
#15933 = LINE('',#15934,#15935);
#15934 = CARTESIAN_POINT('',(0.378026314868,-0.228300012612));
#15935 = VECTOR('',#15936,1.);
#15936 = DIRECTION('',(-0.516964862336,-0.856006618613));
#15937 = ( GEOMETRIC_REPRESENTATION_CONTEXT(2) 
PARAMETRIC_REPRESENTATION_CONTEXT() REPRESENTATION_CONTEXT('2D SPACE',''
  ) );
#15938 = ORIENTED_EDGE('',*,*,#12501,.F.);
#15939 = ADVANCED_FACE('',(#15940),#758,.F.);
#15940 = FACE_BOUND('',#15941,.T.);
#15941 = EDGE_LOOP('',(#15942,#15943,#15944,#15965));
#15942 = ORIENTED_EDGE('',*,*,#15890,.T.);
#15943 = ORIENTED_EDGE('',*,*,#10074,.F.);
#15944 = ORIENTED_EDGE('',*,*,#15945,.T.);
#15945 = EDGE_CURVE('',#10052,#634,#15946,.T.);
#15946 = SURFACE_CURVE('',#15947,(#15951,#15958),.PCURVE_S1.);
#15947 = LINE('',#15948,#15949);
#15948 = CARTESIAN_POINT('',(18.290702617411,23.608278900765,
    67.714765302562));
#15949 = VECTOR('',#15950,1.);
#15950 = DIRECTION('',(0.774012768736,0.463572368691,-0.431282845497));
#15951 = PCURVE('',#758,#15952);
#15952 = DEFINITIONAL_REPRESENTATION('',(#15953),#15957);
#15953 = LINE('',#15954,#15955);
#15954 = CARTESIAN_POINT('',(0.378026314868,-0.228300012612));
#15955 = VECTOR('',#15956,1.);
#15956 = DIRECTION('',(-0.516964862336,-0.856006618613));
#15957 = ( GEOMETRIC_REPRESENTATION_CONTEXT(2) 
PARAMETRIC_REPRESENTATION_CONTEXT() REPRESENTATION_CONTEXT('2D SPACE',''
  ) );
#15958 = PCURVE('',#677,#15959);
#15959 = DEFINITIONAL_REPRESENTATION('',(#15960),#15964);
#15960 = LINE('',#15961,#15962);
#15961 = CARTESIAN_POINT('',(12.21640125664,1.642513574985));
#15962 = VECTOR('',#15963,1.);
#15963 = DIRECTION('',(0.516964862336,0.856006618613));
#15964 = ( GEOMETRIC_REPRESENTATION_CONTEXT(2) 
PARAMETRIC_REPRESENTATION_CONTEXT() REPRESENTATION_CONTEXT('2D SPACE',''
  ) );
#15965 = ORIENTED_EDGE('',*,*,#744,.F.);
#15966 = ADVANCED_FACE('',(#15967),#9333,.F.);
#15967 = FACE_BOUND('',#15968,.T.);
#15968 = EDGE_LOOP('',(#15969,#15970,#15971,#15993));
#15969 = ORIENTED_EDGE('',*,*,#15918,.T.);
#15970 = ORIENTED_EDGE('',*,*,#9319,.F.);
#15971 = ORIENTED_EDGE('',*,*,#15972,.T.);
#15972 = EDGE_CURVE('',#9290,#12525,#15973,.T.);
#15973 = SURFACE_CURVE('',#15974,(#15979,#15987),.PCURVE_S1.);
#15974 = B_SPLINE_CURVE_WITH_KNOTS('',3,(#15975,#15976,#15977,#15978),
  .UNSPECIFIED.,.F.,.F.,(4,4),(0.,1.469222508299E-03),
  .PIECEWISE_BEZIER_KNOTS.);
#15975 = CARTESIAN_POINT('',(16.838825264841,11.585189620079,
    60.959637649591));
#15976 = CARTESIAN_POINT('',(16.611225883917,11.658162978767,
    61.387099078069));
#15977 = CARTESIAN_POINT('',(16.382011040994,11.730533275852,
    61.813794737294));
#15978 = CARTESIAN_POINT('',(16.151036023215,11.802246489161,
    62.239656029764));
#15979 = PCURVE('',#9333,#15980);
#15980 = DEFINITIONAL_REPRESENTATION('',(#15981),#15986);
#15981 = B_SPLINE_CURVE_WITH_KNOTS('',3,(#15982,#15983,#15984,#15985),
  .UNSPECIFIED.,.F.,.F.,(4,4),(0.,1.469222508299E-03),
  .PIECEWISE_BEZIER_KNOTS.);
#15982 = CARTESIAN_POINT('',(-0.515902684074,0.));
#15983 = CARTESIAN_POINT('',(-0.385018112421,0.471931235473));
#15984 = CARTESIAN_POINT('',(-0.252317437972,0.943351027928));
#15985 = CARTESIAN_POINT('',(-0.1176379745,1.414213562373));
#15986 = ( GEOMETRIC_REPRESENTATION_CONTEXT(2) 
PARAMETRIC_REPRESENTATION_CONTEXT() REPRESENTATION_CONTEXT('2D SPACE',''
  ) );
#15987 = PCURVE('',#9415,#15988);
#15988 = DEFINITIONAL_REPRESENTATION('',(#15989),#15992);
#15989 = B_SPLINE_CURVE_WITH_KNOTS('',1,(#15990,#15991),.UNSPECIFIED.,
  .F.,.F.,(2,2),(0.,1.469222508299E-03),.PIECEWISE_BEZIER_KNOTS.);
#15990 = CARTESIAN_POINT('',(3.650674467602,1.));
#15991 = CARTESIAN_POINT('',(3.629464454499,4.618527782441E-14));
#15992 = ( GEOMETRIC_REPRESENTATION_CONTEXT(2) 
PARAMETRIC_REPRESENTATION_CONTEXT() REPRESENTATION_CONTEXT('2D SPACE',''
  ) );
#15993 = ORIENTED_EDGE('',*,*,#12524,.F.);
#15994 = ADVANCED_FACE('',(#15995),#677,.T.);
#15995 = FACE_BOUND('',#15996,.T.);
#15996 = EDGE_LOOP('',(#15997,#15998,#15999,#16021));
#15997 = ORIENTED_EDGE('',*,*,#15945,.F.);
#15998 = ORIENTED_EDGE('',*,*,#10051,.F.);
#15999 = ORIENTED_EDGE('',*,*,#16000,.F.);
#16000 = EDGE_CURVE('',#551,#10028,#16001,.T.);
#16001 = SURFACE_CURVE('',#16002,(#16007,#16015),.PCURVE_S1.);
#16002 = B_SPLINE_CURVE_WITH_KNOTS('',3,(#16003,#16004,#16005,#16006),
  .UNSPECIFIED.,.F.,.F.,(4,4),(0.,1.469222508299E-03),
  .PIECEWISE_BEZIER_KNOTS.);
#16003 = CARTESIAN_POINT('',(18.919018734183,22.95941543131,
    67.526549983528));
#16004 = CARTESIAN_POINT('',(18.616983557172,22.625383592832,
    67.719026851862));
#16005 = CARTESIAN_POINT('',(18.313691691633,22.292710419164,
    67.911870554214));
#16006 = CARTESIAN_POINT('',(18.009030563585,21.961517619306,
    68.105113951523));
#16007 = PCURVE('',#677,#16008);
#16008 = DEFINITIONAL_REPRESENTATION('',(#16009),#16014);
#16009 = B_SPLINE_CURVE_WITH_KNOTS('',3,(#16010,#16011,#16012,#16013),
  .UNSPECIFIED.,.F.,.F.,(4,4),(0.,1.469222508299E-03),
  .PIECEWISE_BEZIER_KNOTS.);
#16010 = CARTESIAN_POINT('',(13.110330255582,1.414213562373));
#16011 = CARTESIAN_POINT('',(12.979445683928,0.9422823269));
#16012 = CARTESIAN_POINT('',(12.84674500948,0.470862534445));
#16013 = CARTESIAN_POINT('',(12.712065546008,-7.105427357601E-15));
#16014 = ( GEOMETRIC_REPRESENTATION_CONTEXT(2) 
PARAMETRIC_REPRESENTATION_CONTEXT() REPRESENTATION_CONTEXT('2D SPACE',''
  ) );
#16015 = PCURVE('',#595,#16016);
#16016 = DEFINITIONAL_REPRESENTATION('',(#16017),#16020);
#16017 = B_SPLINE_CURVE_WITH_KNOTS('',1,(#16018,#16019),.UNSPECIFIED.,
  .F.,.F.,(2,2),(0.,1.469222508299E-03),.PIECEWISE_BEZIER_KNOTS.);
#16018 = CARTESIAN_POINT('',(2.946670104937,1.));
#16019 = CARTESIAN_POINT('',(2.967880118039,-4.796163466381E-14));
#16020 = ( GEOMETRIC_REPRESENTATION_CONTEXT(2) 
PARAMETRIC_REPRESENTATION_CONTEXT() REPRESENTATION_CONTEXT('2D SPACE',''
  ) );
#16021 = ORIENTED_EDGE('',*,*,#663,.F.);
#16022 = ADVANCED_FACE('',(#16023),#9415,.T.);
#16023 = FACE_BOUND('',#16024,.T.);
#16024 = EDGE_LOOP('',(#16025,#16026,#16027,#16049));
#16025 = ORIENTED_EDGE('',*,*,#15972,.F.);
#16026 = ORIENTED_EDGE('',*,*,#9400,.T.);
#16027 = ORIENTED_EDGE('',*,*,#16028,.T.);
#16028 = EDGE_CURVE('',#9371,#12548,#16029,.T.);
#16029 = SURFACE_CURVE('',#16030,(#16035,#16041),.PCURVE_S1.);
#16030 = B_SPLINE_CURVE_WITH_KNOTS('',3,(#16031,#16032,#16033,#16034),
  .UNSPECIFIED.,.F.,.F.,(4,4),(0.,1.469222508299E-03),
  .PIECEWISE_BEZIER_KNOTS.);
#16031 = CARTESIAN_POINT('',(17.501285090122,12.711153079312,
    61.609712955876));
#16032 = CARTESIAN_POINT('',(17.143466479575,12.562796647649,
    61.909389570316));
#16033 = CARTESIAN_POINT('',(16.785430607069,12.416213633822,
    62.209672476546));
#16034 = CARTESIAN_POINT('',(16.427158010309,12.27156290035,
    62.510615986099));
#16035 = PCURVE('',#9415,#16036);
#16036 = DEFINITIONAL_REPRESENTATION('',(#16037),#16040);
#16037 = B_SPLINE_CURVE_WITH_KNOTS('',1,(#16038,#16039),.UNSPECIFIED.,
  .F.,.F.,(2,2),(0.,1.469222508299E-03),.PIECEWISE_BEZIER_KNOTS.);
#16038 = CARTESIAN_POINT('',(3.574988635655,1.));
#16039 = CARTESIAN_POINT('',(3.596198648757,3.730349362741E-14));
#16040 = ( GEOMETRIC_REPRESENTATION_CONTEXT(2) 
PARAMETRIC_REPRESENTATION_CONTEXT() REPRESENTATION_CONTEXT('2D SPACE',''
  ) );
#16041 = PCURVE('',#9497,#16042);
#16042 = DEFINITIONAL_REPRESENTATION('',(#16043),#16048);
#16043 = B_SPLINE_CURVE_WITH_KNOTS('',3,(#16044,#16045,#16046,#16047),
  .UNSPECIFIED.,.F.,.F.,(4,4),(0.,1.469222508299E-03),
  .PIECEWISE_BEZIER_KNOTS.);
#16044 = CARTESIAN_POINT('',(13.110330255582,1.414213562373));
#16045 = CARTESIAN_POINT('',(12.979445683928,0.9422823269));
#16046 = CARTESIAN_POINT('',(12.84674500948,0.470862534445));
#16047 = CARTESIAN_POINT('',(12.712065546008,-2.48689957516E-14));
#16048 = ( GEOMETRIC_REPRESENTATION_CONTEXT(2) 
PARAMETRIC_REPRESENTATION_CONTEXT() REPRESENTATION_CONTEXT('2D SPACE',''
  ) );
#16049 = ORIENTED_EDGE('',*,*,#12547,.F.);
#16050 = ADVANCED_FACE('',(#16051),#595,.T.);
#16051 = FACE_BOUND('',#16052,.T.);
#16052 = EDGE_LOOP('',(#16053,#16054,#16055,#16077));
#16053 = ORIENTED_EDGE('',*,*,#16000,.T.);
#16054 = ORIENTED_EDGE('',*,*,#10027,.F.);
#16055 = ORIENTED_EDGE('',*,*,#16056,.F.);
#16056 = EDGE_CURVE('',#470,#10005,#16057,.T.);
#16057 = SURFACE_CURVE('',#16058,(#16063,#16069),.PCURVE_S1.);
#16058 = B_SPLINE_CURVE_WITH_KNOTS('',3,(#16059,#16060,#16061,#16062),
  .UNSPECIFIED.,.F.,.F.,(4,4),(0.,1.469222508299E-03),
  .PIECEWISE_BEZIER_KNOTS.);
#16059 = CARTESIAN_POINT('',(19.147286833269,21.711275321861,
    66.805935955351));
#16060 = CARTESIAN_POINT('',(18.8003811677,21.622589445979,
    67.140063381234));
#16061 = CARTESIAN_POINT('',(18.452700600502,21.532627887155,
    67.473036699752));
#16062 = CARTESIAN_POINT('',(18.104175716097,21.44127636989,
    67.804752526129));
#16063 = PCURVE('',#595,#16064);
#16064 = DEFINITIONAL_REPRESENTATION('',(#16065),#16068);
#16065 = B_SPLINE_CURVE_WITH_KNOTS('',1,(#16066,#16067),.UNSPECIFIED.,
  .F.,.F.,(2,2),(0.,1.469222508299E-03),.PIECEWISE_BEZIER_KNOTS.);
#16066 = CARTESIAN_POINT('',(3.022355936884,1.));
#16067 = CARTESIAN_POINT('',(3.001145923781,-3.01980662698E-14));
#16068 = ( GEOMETRIC_REPRESENTATION_CONTEXT(2) 
PARAMETRIC_REPRESENTATION_CONTEXT() REPRESENTATION_CONTEXT('2D SPACE',''
  ) );
#16069 = PCURVE('',#513,#16070);
#16070 = DEFINITIONAL_REPRESENTATION('',(#16071),#16076);
#16071 = B_SPLINE_CURVE_WITH_KNOTS('',3,(#16072,#16073,#16074,#16075),
  .UNSPECIFIED.,.F.,.F.,(4,4),(0.,1.469222508299E-03),
  .PIECEWISE_BEZIER_KNOTS.);
#16072 = CARTESIAN_POINT('',(-0.515902684074,2.6645352591E-15));
#16073 = CARTESIAN_POINT('',(-0.38501811242,0.471931235473));
#16074 = CARTESIAN_POINT('',(-0.252317437972,0.943351027928));
#16075 = CARTESIAN_POINT('',(-0.1176379745,1.414213562373));
#16076 = ( GEOMETRIC_REPRESENTATION_CONTEXT(2) 
PARAMETRIC_REPRESENTATION_CONTEXT() REPRESENTATION_CONTEXT('2D SPACE',''
  ) );
#16077 = ORIENTED_EDGE('',*,*,#580,.T.);
#16078 = ADVANCED_FACE('',(#16079),#9497,.T.);
#16079 = FACE_BOUND('',#16080,.T.);
#16080 = EDGE_LOOP('',(#16081,#16082,#16083,#16104));
#16081 = ORIENTED_EDGE('',*,*,#16028,.F.);
#16082 = ORIENTED_EDGE('',*,*,#9483,.F.);
#16083 = ORIENTED_EDGE('',*,*,#16084,.F.);
#16084 = EDGE_CURVE('',#12572,#9454,#16085,.T.);
#16085 = SURFACE_CURVE('',#16086,(#16090,#16097),.PCURVE_S1.);
#16086 = LINE('',#16087,#16088);
#16087 = CARTESIAN_POINT('',(17.378577256447,13.57134621021,
    61.919939511832));
#16088 = VECTOR('',#16089,1.);
#16089 = DIRECTION('',(0.735414105205,3.883668609094E-02,-0.67650410618)
  );
#16090 = PCURVE('',#9497,#16091);
#16091 = DEFINITIONAL_REPRESENTATION('',(#16092),#16096);
#16092 = LINE('',#16093,#16094);
#16093 = CARTESIAN_POINT('',(12.21640125664,1.642513574985));
#16094 = VECTOR('',#16095,1.);
#16095 = DIRECTION('',(0.516964862336,0.856006618613));
#16096 = ( GEOMETRIC_REPRESENTATION_CONTEXT(2) 
PARAMETRIC_REPRESENTATION_CONTEXT() REPRESENTATION_CONTEXT('2D SPACE',''
  ) );
#16097 = PCURVE('',#9578,#16098);
#16098 = DEFINITIONAL_REPRESENTATION('',(#16099),#16103);
#16099 = LINE('',#16100,#16101);
#16100 = CARTESIAN_POINT('',(0.378026314868,-0.228300012612));
#16101 = VECTOR('',#16102,1.);
#16102 = DIRECTION('',(-0.516964862336,-0.856006618613));
#16103 = ( GEOMETRIC_REPRESENTATION_CONTEXT(2) 
PARAMETRIC_REPRESENTATION_CONTEXT() REPRESENTATION_CONTEXT('2D SPACE',''
  ) );
#16104 = ORIENTED_EDGE('',*,*,#12571,.F.);
#16105 = ADVANCED_FACE('',(#16106),#513,.F.);
#16106 = FACE_BOUND('',#16107,.T.);
#16107 = EDGE_LOOP('',(#16108,#16109,#16110,#16131));
#16108 = ORIENTED_EDGE('',*,*,#16056,.T.);
#16109 = ORIENTED_EDGE('',*,*,#10004,.F.);
#16110 = ORIENTED_EDGE('',*,*,#16111,.T.);
#16111 = EDGE_CURVE('',#9982,#389,#16112,.T.);
#16112 = SURFACE_CURVE('',#16113,(#16117,#16124),.PCURVE_S1.);
#16113 = LINE('',#16114,#16115);
#16114 = CARTESIAN_POINT('',(18.752450176572,21.083503641594,
    66.257085627036));
#16115 = VECTOR('',#16116,1.);
#16116 = DIRECTION('',(0.7935526691,0.356730749226,-0.492967883255));
#16117 = PCURVE('',#513,#16118);
#16118 = DEFINITIONAL_REPRESENTATION('',(#16119),#16123);
#16119 = LINE('',#16120,#16121);
#16120 = CARTESIAN_POINT('',(0.378026314868,-0.228300012612));
#16121 = VECTOR('',#16122,1.);
#16122 = DIRECTION('',(-0.516964862336,-0.856006618613));
#16123 = ( GEOMETRIC_REPRESENTATION_CONTEXT(2) 
PARAMETRIC_REPRESENTATION_CONTEXT() REPRESENTATION_CONTEXT('2D SPACE',''
  ) );
#16124 = PCURVE('',#432,#16125);
#16125 = DEFINITIONAL_REPRESENTATION('',(#16126),#16130);
#16126 = LINE('',#16127,#16128);
#16127 = CARTESIAN_POINT('',(12.21640125664,1.642513574985));
#16128 = VECTOR('',#16129,1.);
#16129 = DIRECTION('',(0.516964862336,0.856006618613));
#16130 = ( GEOMETRIC_REPRESENTATION_CONTEXT(2) 
PARAMETRIC_REPRESENTATION_CONTEXT() REPRESENTATION_CONTEXT('2D SPACE',''
  ) );
#16131 = ORIENTED_EDGE('',*,*,#499,.F.);
#16132 = ADVANCED_FACE('',(#16133),#9578,.F.);
#16133 = FACE_BOUND('',#16134,.T.);
#16134 = EDGE_LOOP('',(#16135,#16136,#16137,#16159));
#16135 = ORIENTED_EDGE('',*,*,#16084,.T.);
#16136 = ORIENTED_EDGE('',*,*,#9564,.F.);
#16137 = ORIENTED_EDGE('',*,*,#16138,.T.);
#16138 = EDGE_CURVE('',#9535,#12595,#16139,.T.);
#16139 = SURFACE_CURVE('',#16140,(#16145,#16153),.PCURVE_S1.);
#16140 = B_SPLINE_CURVE_WITH_KNOTS('',3,(#16141,#16142,#16143,#16144),
  .UNSPECIFIED.,.F.,.F.,(4,4),(0.,1.469222508299E-03),
  .PIECEWISE_BEZIER_KNOTS.);
#16141 = CARTESIAN_POINT('',(18.10178501119,13.966660464526,
    62.334580482699));
#16142 = CARTESIAN_POINT('',(17.83366675153,14.00584686017,
    62.742534998969));
#16143 = CARTESIAN_POINT('',(17.564094515746,14.044220988437,
    63.149602960976));
#16144 = CARTESIAN_POINT('',(17.292938056866,14.081710086532,
    63.555704951314));
#16145 = PCURVE('',#9578,#16146);
#16146 = DEFINITIONAL_REPRESENTATION('',(#16147),#16152);
#16147 = B_SPLINE_CURVE_WITH_KNOTS('',3,(#16148,#16149,#16150,#16151),
  .UNSPECIFIED.,.F.,.F.,(4,4),(0.,1.469222508299E-03),
  .PIECEWISE_BEZIER_KNOTS.);
#16148 = CARTESIAN_POINT('',(-0.515902684074,-1.15463194561E-14));
#16149 = CARTESIAN_POINT('',(-0.38501811242,0.471931235473));
#16150 = CARTESIAN_POINT('',(-0.252317437972,0.943351027928));
#16151 = CARTESIAN_POINT('',(-0.1176379745,1.414213562373));
#16152 = ( GEOMETRIC_REPRESENTATION_CONTEXT(2) 
PARAMETRIC_REPRESENTATION_CONTEXT() REPRESENTATION_CONTEXT('2D SPACE',''
  ) );
#16153 = PCURVE('',#9660,#16154);
#16154 = DEFINITIONAL_REPRESENTATION('',(#16155),#16158);
#16155 = B_SPLINE_CURVE_WITH_KNOTS('',1,(#16156,#16157),.UNSPECIFIED.,
  .F.,.F.,(2,2),(0.,1.469222508299E-03),.PIECEWISE_BEZIER_KNOTS.);
#16156 = CARTESIAN_POINT('',(3.493594834922,1.));
#16157 = CARTESIAN_POINT('',(3.47238482182,2.84217094304E-14));
#16158 = ( GEOMETRIC_REPRESENTATION_CONTEXT(2) 
PARAMETRIC_REPRESENTATION_CONTEXT() REPRESENTATION_CONTEXT('2D SPACE',''
  ) );
#16159 = ORIENTED_EDGE('',*,*,#12594,.F.);
#16160 = ADVANCED_FACE('',(#16161),#432,.T.);
#16161 = FACE_BOUND('',#16162,.T.);
#16162 = EDGE_LOOP('',(#16163,#16164,#16165,#16187));
#16163 = ORIENTED_EDGE('',*,*,#16111,.F.);
#16164 = ORIENTED_EDGE('',*,*,#9981,.F.);
#16165 = ORIENTED_EDGE('',*,*,#16166,.F.);
#16166 = EDGE_CURVE('',#306,#9958,#16167,.T.);
#16167 = SURFACE_CURVE('',#16168,(#16173,#16181),.PCURVE_S1.);
#16168 = B_SPLINE_CURVE_WITH_KNOTS('',3,(#16169,#16170,#16171,#16172),
  .UNSPECIFIED.,.F.,.F.,(4,4),(0.,1.469222508299E-03),
  .PIECEWISE_BEZIER_KNOTS.);
#16169 = CARTESIAN_POINT('',(19.270403427317,20.356513114338,
    66.02376363015));
#16170 = CARTESIAN_POINT('',(18.941888441412,20.065458110469,
    66.241053185514));
#16171 = CARTESIAN_POINT('',(18.612344998414,19.775917521627,
    66.458799497326));
#16172 = CARTESIAN_POINT('',(18.281680969283,19.488027008896,
    66.677043481765));
#16173 = PCURVE('',#432,#16174);
#16174 = DEFINITIONAL_REPRESENTATION('',(#16175),#16180);
#16175 = B_SPLINE_CURVE_WITH_KNOTS('',3,(#16176,#16177,#16178,#16179),
  .UNSPECIFIED.,.F.,.F.,(4,4),(0.,1.469222508299E-03),
  .PIECEWISE_BEZIER_KNOTS.);
#16176 = CARTESIAN_POINT('',(13.110330255582,1.414213562373));
#16177 = CARTESIAN_POINT('',(12.979445683928,0.9422823269));
#16178 = CARTESIAN_POINT('',(12.84674500948,0.470862534445));
#16179 = CARTESIAN_POINT('',(12.712065546008,-2.84217094304E-14));
#16180 = ( GEOMETRIC_REPRESENTATION_CONTEXT(2) 
PARAMETRIC_REPRESENTATION_CONTEXT() REPRESENTATION_CONTEXT('2D SPACE',''
  ) );
#16181 = PCURVE('',#350,#16182);
#16182 = DEFINITIONAL_REPRESENTATION('',(#16183),#16186);
#16183 = B_SPLINE_CURVE_WITH_KNOTS('',1,(#16184,#16185),.UNSPECIFIED.,
  .F.,.F.,(2,2),(0.,1.469222508299E-03),.PIECEWISE_BEZIER_KNOTS.);
#16184 = CARTESIAN_POINT('',(3.103749737616,1.));
#16185 = CARTESIAN_POINT('',(3.124959750719,-1.24344978758E-14));
#16186 = ( GEOMETRIC_REPRESENTATION_CONTEXT(2) 
PARAMETRIC_REPRESENTATION_CONTEXT() REPRESENTATION_CONTEXT('2D SPACE',''
  ) );
#16187 = ORIENTED_EDGE('',*,*,#418,.F.);
#16188 = ADVANCED_FACE('',(#16189),#9660,.T.);
#16189 = FACE_BOUND('',#16190,.T.);
#16190 = EDGE_LOOP('',(#16191,#16192,#16193,#16215));
#16191 = ORIENTED_EDGE('',*,*,#16138,.F.);
#16192 = ORIENTED_EDGE('',*,*,#9645,.T.);
#16193 = ORIENTED_EDGE('',*,*,#16194,.T.);
#16194 = EDGE_CURVE('',#9616,#12618,#16195,.T.);
#16195 = SURFACE_CURVE('',#16196,(#16201,#16207),.PCURVE_S1.);
#16196 = B_SPLINE_CURVE_WITH_KNOTS('',3,(#16197,#16198,#16199,#16200),
  .UNSPECIFIED.,.F.,.F.,(4,4),(0.,1.469222508299E-03),
  .PIECEWISE_BEZIER_KNOTS.);
#16197 = CARTESIAN_POINT('',(18.552700491183,15.168508998676,
    63.028468057416));
#16198 = CARTESIAN_POINT('',(18.195946114751,14.971448931865,
    63.300025614992));
#16199 = CARTESIAN_POINT('',(17.838689472804,14.776113241569,
    63.572161150339));
#16200 = CARTESIAN_POINT('',(17.480885572467,14.582656397192,
    63.844926438623));
#16201 = PCURVE('',#9660,#16202);
#16202 = DEFINITIONAL_REPRESENTATION('',(#16203),#16206);
#16203 = B_SPLINE_CURVE_WITH_KNOTS('',1,(#16204,#16205),.UNSPECIFIED.,
  .F.,.F.,(2,2),(0.,1.469222508299E-03),.PIECEWISE_BEZIER_KNOTS.);
#16204 = CARTESIAN_POINT('',(3.417909002975,1.));
#16205 = CARTESIAN_POINT('',(3.439119016078,6.927791673661E-14));
#16206 = ( GEOMETRIC_REPRESENTATION_CONTEXT(2) 
PARAMETRIC_REPRESENTATION_CONTEXT() REPRESENTATION_CONTEXT('2D SPACE',''
  ) );
#16207 = PCURVE('',#9737,#16208);
#16208 = DEFINITIONAL_REPRESENTATION('',(#16209),#16214);
#16209 = B_SPLINE_CURVE_WITH_KNOTS('',3,(#16210,#16211,#16212,#16213),
  .UNSPECIFIED.,.F.,.F.,(4,4),(0.,1.469222508299E-03),
  .PIECEWISE_BEZIER_KNOTS.);
#16210 = CARTESIAN_POINT('',(13.110330255582,1.414213562373));
#16211 = CARTESIAN_POINT('',(12.979445683928,0.9422823269));
#16212 = CARTESIAN_POINT('',(12.84674500948,0.470862534445));
#16213 = CARTESIAN_POINT('',(12.712065546008,6.750155989721E-14));
#16214 = ( GEOMETRIC_REPRESENTATION_CONTEXT(2) 
PARAMETRIC_REPRESENTATION_CONTEXT() REPRESENTATION_CONTEXT('2D SPACE',''
  ) );
#16215 = ORIENTED_EDGE('',*,*,#12617,.F.);
#16216 = ADVANCED_FACE('',(#16217),#350,.T.);
#16217 = FACE_BOUND('',#16218,.T.);
#16218 = EDGE_LOOP('',(#16219,#16220,#16221,#16243));
#16219 = ORIENTED_EDGE('',*,*,#16166,.T.);
#16220 = ORIENTED_EDGE('',*,*,#9957,.F.);
#16221 = ORIENTED_EDGE('',*,*,#16222,.F.);
#16222 = EDGE_CURVE('',#225,#9935,#16223,.T.);
#16223 = SURFACE_CURVE('',#16224,(#16229,#16235),.PCURVE_S1.);
#16224 = B_SPLINE_CURVE_WITH_KNOTS('',3,(#16225,#16226,#16227,#16228),
  .UNSPECIFIED.,.F.,.F.,(4,4),(0.,1.469222508299E-03),
  .PIECEWISE_BEZIER_KNOTS.);
#16225 = CARTESIAN_POINT('',(19.270403427317,19.092814781423,
    65.294167057467));
#16226 = CARTESIAN_POINT('',(18.941888441412,19.050164008436,
    65.654872862398));
#16227 = CARTESIAN_POINT('',(18.612344998414,19.006360465247,
    66.014495523668));
#16228 = CARTESIAN_POINT('',(18.281680969283,18.961300886865,
    66.372938013421));
#16229 = PCURVE('',#350,#16230);
#16230 = DEFINITIONAL_REPRESENTATION('',(#16231),#16234);
#16231 = B_SPLINE_CURVE_WITH_KNOTS('',1,(#16232,#16233),.UNSPECIFIED.,
  .F.,.F.,(2,2),(0.,1.469222508299E-03),.PIECEWISE_BEZIER_KNOTS.);
#16232 = CARTESIAN_POINT('',(3.179435569563,1.));
#16233 = CARTESIAN_POINT('',(3.158225556461,-1.24344978758E-14));
#16234 = ( GEOMETRIC_REPRESENTATION_CONTEXT(2) 
PARAMETRIC_REPRESENTATION_CONTEXT() REPRESENTATION_CONTEXT('2D SPACE',''
  ) );
#16235 = PCURVE('',#268,#16236);
#16236 = DEFINITIONAL_REPRESENTATION('',(#16237),#16242);
#16237 = B_SPLINE_CURVE_WITH_KNOTS('',3,(#16238,#16239,#16240,#16241),
  .UNSPECIFIED.,.F.,.F.,(4,4),(0.,1.469222508299E-03),
  .PIECEWISE_BEZIER_KNOTS.);
#16238 = CARTESIAN_POINT('',(-0.515902684074,-3.19744231092E-14));
#16239 = CARTESIAN_POINT('',(-0.38501811242,0.471931235473));
#16240 = CARTESIAN_POINT('',(-0.252317437972,0.943351027928));
#16241 = CARTESIAN_POINT('',(-0.1176379745,1.414213562373));
#16242 = ( GEOMETRIC_REPRESENTATION_CONTEXT(2) 
PARAMETRIC_REPRESENTATION_CONTEXT() REPRESENTATION_CONTEXT('2D SPACE',''
  ) );
#16243 = ORIENTED_EDGE('',*,*,#335,.T.);
#16244 = ADVANCED_FACE('',(#16245),#9737,.T.);
#16245 = FACE_BOUND('',#16246,.T.);
#16246 = EDGE_LOOP('',(#16247,#16248,#16249,#16270));
#16247 = ORIENTED_EDGE('',*,*,#16194,.F.);
#16248 = ORIENTED_EDGE('',*,*,#9723,.F.);
#16249 = ORIENTED_EDGE('',*,*,#16250,.F.);
#16250 = EDGE_CURVE('',#9863,#9699,#16251,.T.);
#16251 = SURFACE_CURVE('',#16252,(#16256,#16263),.PCURVE_S1.);
#16252 = LINE('',#16253,#16254);
#16253 = CARTESIAN_POINT('',(18.290702617411,16.002481482059,
    63.323556115471));
#16254 = VECTOR('',#16255,1.);
#16255 = DIRECTION('',(0.774012768736,0.141715716071,-0.617106870527));
#16256 = PCURVE('',#9737,#16257);
#16257 = DEFINITIONAL_REPRESENTATION('',(#16258),#16262);
#16258 = LINE('',#16259,#16260);
#16259 = CARTESIAN_POINT('',(12.21640125664,1.642513574985));
#16260 = VECTOR('',#16261,1.);
#16261 = DIRECTION('',(0.516964862336,0.856006618613));
#16262 = ( GEOMETRIC_REPRESENTATION_CONTEXT(2) 
PARAMETRIC_REPRESENTATION_CONTEXT() REPRESENTATION_CONTEXT('2D SPACE',''
  ) );
#16263 = PCURVE('',#9789,#16264);
#16264 = DEFINITIONAL_REPRESENTATION('',(#16265),#16269);
#16265 = LINE('',#16266,#16267);
#16266 = CARTESIAN_POINT('',(0.378026314868,-0.228300012612));
#16267 = VECTOR('',#16268,1.);
#16268 = DIRECTION('',(-0.516964862336,-0.856006618613));
#16269 = ( GEOMETRIC_REPRESENTATION_CONTEXT(2) 
PARAMETRIC_REPRESENTATION_CONTEXT() REPRESENTATION_CONTEXT('2D SPACE',''
  ) );
#16270 = ORIENTED_EDGE('',*,*,#12641,.F.);
#16271 = ADVANCED_FACE('',(#16272),#268,.F.);
#16272 = FACE_BOUND('',#16273,.T.);
#16273 = EDGE_LOOP('',(#16274,#16275,#16276,#16297));
#16274 = ORIENTED_EDGE('',*,*,#16222,.T.);
#16275 = ORIENTED_EDGE('',*,*,#9934,.F.);
#16276 = ORIENTED_EDGE('',*,*,#16277,.T.);
#16277 = EDGE_CURVE('',#9912,#144,#16278,.T.);
#16278 = SURFACE_CURVE('',#16279,(#16283,#16290),.PCURVE_S1.);
#16279 = LINE('',#16280,#16281);
#16280 = CARTESIAN_POINT('',(18.752450176572,18.52725674123,
    64.781235790996));
#16281 = VECTOR('',#16282,1.);
#16282 = DIRECTION('',(0.7935526691,0.248557335536,-0.555421832769));
#16283 = PCURVE('',#268,#16284);
#16284 = DEFINITIONAL_REPRESENTATION('',(#16285),#16289);
#16285 = LINE('',#16286,#16287);
#16286 = CARTESIAN_POINT('',(0.378026314868,-0.228300012612));
#16287 = VECTOR('',#16288,1.);
#16288 = DIRECTION('',(-0.516964862336,-0.856006618613));
#16289 = ( GEOMETRIC_REPRESENTATION_CONTEXT(2) 
PARAMETRIC_REPRESENTATION_CONTEXT() REPRESENTATION_CONTEXT('2D SPACE',''
  ) );
#16290 = PCURVE('',#187,#16291);
#16291 = DEFINITIONAL_REPRESENTATION('',(#16292),#16296);
#16292 = LINE('',#16293,#16294);
#16293 = CARTESIAN_POINT('',(12.21640125664,1.642513574985));
#16294 = VECTOR('',#16295,1.);
#16295 = DIRECTION('',(0.516964862336,0.856006618613));
#16296 = ( GEOMETRIC_REPRESENTATION_CONTEXT(2) 
PARAMETRIC_REPRESENTATION_CONTEXT() REPRESENTATION_CONTEXT('2D SPACE',''
  ) );
#16297 = ORIENTED_EDGE('',*,*,#254,.F.);
#16298 = ADVANCED_FACE('',(#16299),#9789,.F.);
#16299 = FACE_BOUND('',#16300,.T.);
#16300 = EDGE_LOOP('',(#16301,#16302,#16303,#16325));
#16301 = ORIENTED_EDGE('',*,*,#16250,.T.);
#16302 = ORIENTED_EDGE('',*,*,#9775,.F.);
#16303 = ORIENTED_EDGE('',*,*,#16304,.T.);
#16304 = EDGE_CURVE('',#57,#9865,#16305,.T.);
#16305 = SURFACE_CURVE('',#16306,(#16311,#16319),.PCURVE_S1.);
#16306 = B_SPLINE_CURVE_WITH_KNOTS('',3,(#16307,#16308,#16309,#16310),
  .UNSPECIFIED.,.F.,.F.,(4,4),(0.,1.469222508299E-03),
  .PIECEWISE_BEZIER_KNOTS.);
#16307 = CARTESIAN_POINT('',(18.919018734183,16.489912464452,
    63.791380704089));
#16308 = CARTESIAN_POINT('',(18.616983557172,16.490238526072,
    64.17689919605));
#16309 = CARTESIAN_POINT('',(18.313691691633,16.48956756771,
    64.561424466781));
#16310 = CARTESIAN_POINT('',(18.009030563585,16.487810276455,
    64.944867543663));
#16311 = PCURVE('',#9789,#16312);
#16312 = DEFINITIONAL_REPRESENTATION('',(#16313),#16318);
#16313 = B_SPLINE_CURVE_WITH_KNOTS('',3,(#16314,#16315,#16316,#16317),
  .UNSPECIFIED.,.F.,.F.,(4,4),(0.,1.469222508299E-03),
  .PIECEWISE_BEZIER_KNOTS.);
#16314 = CARTESIAN_POINT('',(-0.515902684074,1.42108547152E-14));
#16315 = CARTESIAN_POINT('',(-0.38501811242,0.471931235473));
#16316 = CARTESIAN_POINT('',(-0.252317437972,0.943351027928));
#16317 = CARTESIAN_POINT('',(-0.1176379745,1.414213562373));
#16318 = ( GEOMETRIC_REPRESENTATION_CONTEXT(2) 
PARAMETRIC_REPRESENTATION_CONTEXT() REPRESENTATION_CONTEXT('2D SPACE',''
  ) );
#16319 = PCURVE('',#73,#16320);
#16320 = DEFINITIONAL_REPRESENTATION('',(#16321),#16324);
#16321 = B_SPLINE_CURVE_WITH_KNOTS('',1,(#16322,#16323),.UNSPECIFIED.,
  .F.,.F.,(2,2),(0.,1.469222508299E-03),.PIECEWISE_BEZIER_KNOTS.);
#16322 = CARTESIAN_POINT('',(3.336515202243,1.));
#16323 = CARTESIAN_POINT('',(3.31530518914,-3.19744231092E-14));
#16324 = ( GEOMETRIC_REPRESENTATION_CONTEXT(2) 
PARAMETRIC_REPRESENTATION_CONTEXT() REPRESENTATION_CONTEXT('2D SPACE',''
  ) );
#16325 = ORIENTED_EDGE('',*,*,#9862,.F.);
#16326 = ADVANCED_FACE('',(#16327),#187,.T.);
#16327 = FACE_BOUND('',#16328,.T.);
#16328 = EDGE_LOOP('',(#16329,#16330,#16331,#16353));
#16329 = ORIENTED_EDGE('',*,*,#16277,.F.);
#16330 = ORIENTED_EDGE('',*,*,#9911,.F.);
#16331 = ORIENTED_EDGE('',*,*,#16332,.T.);
#16332 = EDGE_CURVE('',#9888,#22,#16333,.T.);
#16333 = SURFACE_CURVE('',#16334,(#16339,#16347),.PCURVE_S1.);
#16334 = B_SPLINE_CURVE_WITH_KNOTS('',3,(#16335,#16336,#16337,#16338),
  .UNSPECIFIED.,.F.,.F.,(4,4),(0.,1.469222508299E-03),
  .PIECEWISE_BEZIER_KNOTS.);
#16335 = CARTESIAN_POINT('',(18.104175716097,17.008051525872,
    65.245228969057));
#16336 = CARTESIAN_POINT('',(18.452700600502,17.249650099719,
    65.000258321243));
#16337 = CARTESIAN_POINT('',(18.8003811677,17.493032672925,
    64.755862666678));
#16338 = CARTESIAN_POINT('',(19.147286833269,17.738052573901,
    64.511994732266));
#16339 = PCURVE('',#187,#16340);
#16340 = DEFINITIONAL_REPRESENTATION('',(#16341),#16346);
#16341 = B_SPLINE_CURVE_WITH_KNOTS('',3,(#16342,#16343,#16344,#16345),
  .UNSPECIFIED.,.F.,.F.,(4,4),(0.,1.469222508299E-03),
  .PIECEWISE_BEZIER_KNOTS.);
#16342 = CARTESIAN_POINT('',(12.712065546008,-3.552713678801E-15));
#16343 = CARTESIAN_POINT('',(12.84674500948,0.470862534445));
#16344 = CARTESIAN_POINT('',(12.979445683928,0.9422823269));
#16345 = CARTESIAN_POINT('',(13.110330255582,1.414213562373));
#16346 = ( GEOMETRIC_REPRESENTATION_CONTEXT(2) 
PARAMETRIC_REPRESENTATION_CONTEXT() REPRESENTATION_CONTEXT('2D SPACE',''
  ) );
#16347 = PCURVE('',#73,#16348);
#16348 = DEFINITIONAL_REPRESENTATION('',(#16349),#16352);
#16349 = B_SPLINE_CURVE_WITH_KNOTS('',1,(#16350,#16351),.UNSPECIFIED.,
  .F.,.F.,(2,2),(0.,1.469222508299E-03),.PIECEWISE_BEZIER_KNOTS.);
#16350 = CARTESIAN_POINT('',(3.282039383398,-1.7763568394E-14));
#16351 = CARTESIAN_POINT('',(3.260829370296,1.));
#16352 = ( GEOMETRIC_REPRESENTATION_CONTEXT(2) 
PARAMETRIC_REPRESENTATION_CONTEXT() REPRESENTATION_CONTEXT('2D SPACE',''
  ) );
#16353 = ORIENTED_EDGE('',*,*,#173,.F.);
#16354 = ADVANCED_FACE('',(#16355),#73,.T.);
#16355 = FACE_BOUND('',#16356,.T.);
#16356 = EDGE_LOOP('',(#16357,#16358,#16359,#16360));
#16357 = ORIENTED_EDGE('',*,*,#16304,.F.);
#16358 = ORIENTED_EDGE('',*,*,#56,.T.);
#16359 = ORIENTED_EDGE('',*,*,#16332,.F.);
#16360 = ORIENTED_EDGE('',*,*,#9887,.F.);
#16361 = ADVANCED_FACE('',(#16362),#9848,.F.);
#16362 = FACE_BOUND('',#16363,.F.);
#16363 = EDGE_LOOP('',(#16364,#16393,#16413,#16414));
#16364 = ORIENTED_EDGE('',*,*,#16365,.T.);
#16365 = EDGE_CURVE('',#16366,#16366,#16368,.T.);
#16366 = VERTEX_POINT('',#16367);
#16367 = CARTESIAN_POINT('',(13.3,19.624663947881,65.832170424566));
#16368 = SURFACE_CURVE('',#16369,(#16374,#16381),.PCURVE_S1.);
#16369 = CIRCLE('',#16370,13.3);
#16370 = AXIS2_PLACEMENT_3D('',#16371,#16372,#16373);
#16371 = CARTESIAN_POINT('',(1.06581410364E-14,19.624663947881,
    65.832170424566));
#16372 = DIRECTION('',(5.947623346206E-16,-0.5,0.866025403784));
#16373 = DIRECTION('',(1.,2.973811673103E-16,-5.150792909956E-16));
#16374 = PCURVE('',#9848,#16375);
#16375 = DEFINITIONAL_REPRESENTATION('',(#16376),#16380);
#16376 = LINE('',#16377,#16378);
#16377 = CARTESIAN_POINT('',(0.,0.));
#16378 = VECTOR('',#16379,1.);
#16379 = DIRECTION('',(1.,0.));
#16380 = ( GEOMETRIC_REPRESENTATION_CONTEXT(2) 
PARAMETRIC_REPRESENTATION_CONTEXT() REPRESENTATION_CONTEXT('2D SPACE',''
  ) );
#16381 = PCURVE('',#16382,#16387);
#16382 = PLANE('',#16383);
#16383 = AXIS2_PLACEMENT_3D('',#16384,#16385,#16386);
#16384 = CARTESIAN_POINT('',(1.06581410364E-14,19.624663947881,
    65.832170424566));
#16385 = DIRECTION('',(5.947623346206E-16,-0.5,0.866025403784));
#16386 = DIRECTION('',(1.,2.973811673103E-16,-5.150792909956E-16));
#16387 = DEFINITIONAL_REPRESENTATION('',(#16388),#16392);
#16388 = CIRCLE('',#16389,13.3);
#16389 = AXIS2_PLACEMENT_2D('',#16390,#16391);
#16390 = CARTESIAN_POINT('',(0.,0.));
#16391 = DIRECTION('',(1.,0.));
#16392 = ( GEOMETRIC_REPRESENTATION_CONTEXT(2) 
PARAMETRIC_REPRESENTATION_CONTEXT() REPRESENTATION_CONTEXT('2D SPACE',''
  ) );
#16393 = ORIENTED_EDGE('',*,*,#16394,.T.);
#16394 = EDGE_CURVE('',#16366,#9827,#16395,.T.);
#16395 = SEAM_CURVE('',#16396,(#16399,#16406),.PCURVE_S1.);
#16396 = B_SPLINE_CURVE_WITH_KNOTS('',1,(#16397,#16398),.UNSPECIFIED.,
  .F.,.F.,(2,2),(0.,0.8),.PIECEWISE_BEZIER_KNOTS.);
#16397 = CARTESIAN_POINT('',(13.3,19.624663947881,65.832170424566));
#16398 = CARTESIAN_POINT('',(13.3,19.224663947881,66.524990747593));
#16399 = PCURVE('',#9848,#16400);
#16400 = DEFINITIONAL_REPRESENTATION('',(#16401),#16405);
#16401 = LINE('',#16402,#16403);
#16402 = CARTESIAN_POINT('',(6.28318530718,0.));
#16403 = VECTOR('',#16404,1.);
#16404 = DIRECTION('',(0.,1.));
#16405 = ( GEOMETRIC_REPRESENTATION_CONTEXT(2) 
PARAMETRIC_REPRESENTATION_CONTEXT() REPRESENTATION_CONTEXT('2D SPACE',''
  ) );
#16406 = PCURVE('',#9848,#16407);
#16407 = DEFINITIONAL_REPRESENTATION('',(#16408),#16412);
#16408 = LINE('',#16409,#16410);
#16409 = CARTESIAN_POINT('',(0.,0.));
#16410 = VECTOR('',#16411,1.);
#16411 = DIRECTION('',(0.,1.));
#16412 = ( GEOMETRIC_REPRESENTATION_CONTEXT(2) 
PARAMETRIC_REPRESENTATION_CONTEXT() REPRESENTATION_CONTEXT('2D SPACE',''
  ) );
#16413 = ORIENTED_EDGE('',*,*,#9826,.F.);
#16414 = ORIENTED_EDGE('',*,*,#16394,.F.);
#16415 = ADVANCED_FACE('',(#16416),#16429,.T.);
#16416 = FACE_BOUND('',#16417,.T.);
#16417 = EDGE_LOOP('',(#16418,#16447,#16469,#16496));
#16418 = ORIENTED_EDGE('',*,*,#16419,.T.);
#16419 = EDGE_CURVE('',#16420,#16420,#16422,.T.);
#16420 = VERTEX_POINT('',#16421);
#16421 = CARTESIAN_POINT('',(12.5,19.624663947881,65.832170424566));
#16422 = SURFACE_CURVE('',#16423,(#16428,#16440),.PCURVE_S1.);
#16423 = CIRCLE('',#16424,12.5);
#16424 = AXIS2_PLACEMENT_3D('',#16425,#16426,#16427);
#16425 = CARTESIAN_POINT('',(1.06581410364E-14,19.624663947881,
    65.832170424566));
#16426 = DIRECTION('',(5.947623346206E-16,-0.5,0.866025403784));
#16427 = DIRECTION('',(1.,2.973811673103E-16,-5.150792909956E-16));
#16428 = PCURVE('',#16429,#16434);
#16429 = CYLINDRICAL_SURFACE('',#16430,12.5);
#16430 = AXIS2_PLACEMENT_3D('',#16431,#16432,#16433);
#16431 = CARTESIAN_POINT('',(1.06581410364E-14,19.624663947881,
    65.832170424566));
#16432 = DIRECTION('',(5.947623346206E-16,-0.5,0.866025403784));
#16433 = DIRECTION('',(1.,2.973811673103E-16,-5.150792909956E-16));
#16434 = DEFINITIONAL_REPRESENTATION('',(#16435),#16439);
#16435 = LINE('',#16436,#16437);
#16436 = CARTESIAN_POINT('',(0.,0.));
#16437 = VECTOR('',#16438,1.);
#16438 = DIRECTION('',(1.,0.));
#16439 = ( GEOMETRIC_REPRESENTATION_CONTEXT(2) 
PARAMETRIC_REPRESENTATION_CONTEXT() REPRESENTATION_CONTEXT('2D SPACE',''
  ) );
#16440 = PCURVE('',#16382,#16441);
#16441 = DEFINITIONAL_REPRESENTATION('',(#16442),#16446);
#16442 = CIRCLE('',#16443,12.5);
#16443 = AXIS2_PLACEMENT_2D('',#16444,#16445);
#16444 = CARTESIAN_POINT('',(0.,0.));
#16445 = DIRECTION('',(1.,0.));
#16446 = ( GEOMETRIC_REPRESENTATION_CONTEXT(2) 
PARAMETRIC_REPRESENTATION_CONTEXT() REPRESENTATION_CONTEXT('2D SPACE',''
  ) );
#16447 = ORIENTED_EDGE('',*,*,#16448,.T.);
#16448 = EDGE_CURVE('',#16420,#16449,#16451,.T.);
#16449 = VERTEX_POINT('',#16450);
#16450 = CARTESIAN_POINT('',(12.5,19.224663947881,66.524990747593));
#16451 = SEAM_CURVE('',#16452,(#16455,#16462),.PCURVE_S1.);
#16452 = B_SPLINE_CURVE_WITH_KNOTS('',1,(#16453,#16454),.UNSPECIFIED.,
  .F.,.F.,(2,2),(0.,0.8),.PIECEWISE_BEZIER_KNOTS.);
#16453 = CARTESIAN_POINT('',(12.5,19.624663947881,65.832170424566));
#16454 = CARTESIAN_POINT('',(12.5,19.224663947881,66.524990747593));
#16455 = PCURVE('',#16429,#16456);
#16456 = DEFINITIONAL_REPRESENTATION('',(#16457),#16461);
#16457 = LINE('',#16458,#16459);
#16458 = CARTESIAN_POINT('',(6.28318530718,0.));
#16459 = VECTOR('',#16460,1.);
#16460 = DIRECTION('',(0.,1.));
#16461 = ( GEOMETRIC_REPRESENTATION_CONTEXT(2) 
PARAMETRIC_REPRESENTATION_CONTEXT() REPRESENTATION_CONTEXT('2D SPACE',''
  ) );
#16462 = PCURVE('',#16429,#16463);
#16463 = DEFINITIONAL_REPRESENTATION('',(#16464),#16468);
#16464 = LINE('',#16465,#16466);
#16465 = CARTESIAN_POINT('',(0.,0.));
#16466 = VECTOR('',#16467,1.);
#16467 = DIRECTION('',(0.,1.));
#16468 = ( GEOMETRIC_REPRESENTATION_CONTEXT(2) 
PARAMETRIC_REPRESENTATION_CONTEXT() REPRESENTATION_CONTEXT('2D SPACE',''
  ) );
#16469 = ORIENTED_EDGE('',*,*,#16470,.F.);
#16470 = EDGE_CURVE('',#16449,#16449,#16471,.T.);
#16471 = SURFACE_CURVE('',#16472,(#16477,#16484),.PCURVE_S1.);
#16472 = CIRCLE('',#16473,12.5);
#16473 = AXIS2_PLACEMENT_3D('',#16474,#16475,#16476);
#16474 = CARTESIAN_POINT('',(1.15463194561E-14,19.224663947881,
    66.524990747593));
#16475 = DIRECTION('',(5.947623346206E-16,-0.5,0.866025403784));
#16476 = DIRECTION('',(1.,2.973811673103E-16,-5.150792909956E-16));
#16477 = PCURVE('',#16429,#16478);
#16478 = DEFINITIONAL_REPRESENTATION('',(#16479),#16483);
#16479 = LINE('',#16480,#16481);
#16480 = CARTESIAN_POINT('',(0.,0.8));
#16481 = VECTOR('',#16482,1.);
#16482 = DIRECTION('',(1.,0.));
#16483 = ( GEOMETRIC_REPRESENTATION_CONTEXT(2) 
PARAMETRIC_REPRESENTATION_CONTEXT() REPRESENTATION_CONTEXT('2D SPACE',''
  ) );
#16484 = PCURVE('',#16485,#16490);
#16485 = PLANE('',#16486);
#16486 = AXIS2_PLACEMENT_3D('',#16487,#16488,#16489);
#16487 = CARTESIAN_POINT('',(1.15463194561E-14,19.224663947881,
    66.524990747593));
#16488 = DIRECTION('',(5.947623346206E-16,-0.5,0.866025403784));
#16489 = DIRECTION('',(1.,2.973811673103E-16,-5.150792909956E-16));
#16490 = DEFINITIONAL_REPRESENTATION('',(#16491),#16495);
#16491 = CIRCLE('',#16492,12.5);
#16492 = AXIS2_PLACEMENT_2D('',#16493,#16494);
#16493 = CARTESIAN_POINT('',(0.,0.));
#16494 = DIRECTION('',(1.,0.));
#16495 = ( GEOMETRIC_REPRESENTATION_CONTEXT(2) 
PARAMETRIC_REPRESENTATION_CONTEXT() REPRESENTATION_CONTEXT('2D SPACE',''
  ) );
#16496 = ORIENTED_EDGE('',*,*,#16448,.F.);
#16497 = ADVANCED_FACE('',(#16498,#16501),#16382,.T.);
#16498 = FACE_BOUND('',#16499,.T.);
#16499 = EDGE_LOOP('',(#16500));
#16500 = ORIENTED_EDGE('',*,*,#16365,.T.);
#16501 = FACE_BOUND('',#16502,.T.);
#16502 = EDGE_LOOP('',(#16503));
#16503 = ORIENTED_EDGE('',*,*,#16419,.F.);
#16504 = ADVANCED_FACE('',(#16505,#16536),#16485,.T.);
#16505 = FACE_BOUND('',#16506,.T.);
#16506 = EDGE_LOOP('',(#16507));
#16507 = ORIENTED_EDGE('',*,*,#16508,.F.);
#16508 = EDGE_CURVE('',#16509,#16509,#16511,.T.);
#16509 = VERTEX_POINT('',#16510);
#16510 = CARTESIAN_POINT('',(10.8,19.224663947881,66.524990747593));
#16511 = SURFACE_CURVE('',#16512,(#16517,#16524),.PCURVE_S1.);
#16512 = CIRCLE('',#16513,10.8);
#16513 = AXIS2_PLACEMENT_3D('',#16514,#16515,#16516);
#16514 = CARTESIAN_POINT('',(1.15463194561E-14,19.224663947881,
    66.524990747593));
#16515 = DIRECTION('',(5.947623346206E-16,-0.5,0.866025403784));
#16516 = DIRECTION('',(1.,2.973811673103E-16,-5.150792909956E-16));
#16517 = PCURVE('',#16485,#16518);
#16518 = DEFINITIONAL_REPRESENTATION('',(#16519),#16523);
#16519 = CIRCLE('',#16520,10.8);
#16520 = AXIS2_PLACEMENT_2D('',#16521,#16522);
#16521 = CARTESIAN_POINT('',(0.,0.));
#16522 = DIRECTION('',(1.,0.));
#16523 = ( GEOMETRIC_REPRESENTATION_CONTEXT(2) 
PARAMETRIC_REPRESENTATION_CONTEXT() REPRESENTATION_CONTEXT('2D SPACE',''
  ) );
#16524 = PCURVE('',#16525,#16530);
#16525 = CYLINDRICAL_SURFACE('',#16526,10.8);
#16526 = AXIS2_PLACEMENT_3D('',#16527,#16528,#16529);
#16527 = CARTESIAN_POINT('',(1.06581410364E-14,19.624663947881,
    65.832170424566));
#16528 = DIRECTION('',(5.947623346206E-16,-0.5,0.866025403784));
#16529 = DIRECTION('',(1.,2.973811673103E-16,-5.150792909956E-16));
#16530 = DEFINITIONAL_REPRESENTATION('',(#16531),#16535);
#16531 = LINE('',#16532,#16533);
#16532 = CARTESIAN_POINT('',(0.,0.8));
#16533 = VECTOR('',#16534,1.);
#16534 = DIRECTION('',(1.,0.));
#16535 = ( GEOMETRIC_REPRESENTATION_CONTEXT(2) 
PARAMETRIC_REPRESENTATION_CONTEXT() REPRESENTATION_CONTEXT('2D SPACE',''
  ) );
#16536 = FACE_BOUND('',#16537,.T.);
#16537 = EDGE_LOOP('',(#16538));
#16538 = ORIENTED_EDGE('',*,*,#16470,.T.);
#16539 = ADVANCED_FACE('',(#16540),#16525,.F.);
#16540 = FACE_BOUND('',#16541,.F.);
#16541 = EDGE_LOOP('',(#16542,#16571,#16591,#16592));
#16542 = ORIENTED_EDGE('',*,*,#16543,.T.);
#16543 = EDGE_CURVE('',#16544,#16544,#16546,.T.);
#16544 = VERTEX_POINT('',#16545);
#16545 = CARTESIAN_POINT('',(10.8,19.624663947881,65.832170424566));
#16546 = SURFACE_CURVE('',#16547,(#16552,#16559),.PCURVE_S1.);
#16547 = CIRCLE('',#16548,10.8);
#16548 = AXIS2_PLACEMENT_3D('',#16549,#16550,#16551);
#16549 = CARTESIAN_POINT('',(1.06581410364E-14,19.624663947881,
    65.832170424566));
#16550 = DIRECTION('',(5.947623346206E-16,-0.5,0.866025403784));
#16551 = DIRECTION('',(1.,2.973811673103E-16,-5.150792909956E-16));
#16552 = PCURVE('',#16525,#16553);
#16553 = DEFINITIONAL_REPRESENTATION('',(#16554),#16558);
#16554 = LINE('',#16555,#16556);
#16555 = CARTESIAN_POINT('',(0.,0.));
#16556 = VECTOR('',#16557,1.);
#16557 = DIRECTION('',(1.,0.));
#16558 = ( GEOMETRIC_REPRESENTATION_CONTEXT(2) 
PARAMETRIC_REPRESENTATION_CONTEXT() REPRESENTATION_CONTEXT('2D SPACE',''
  ) );
#16559 = PCURVE('',#16560,#16565);
#16560 = PLANE('',#16561);
#16561 = AXIS2_PLACEMENT_3D('',#16562,#16563,#16564);
#16562 = CARTESIAN_POINT('',(1.06581410364E-14,19.624663947881,
    65.832170424566));
#16563 = DIRECTION('',(5.947623346206E-16,-0.5,0.866025403784));
#16564 = DIRECTION('',(1.,2.973811673103E-16,-5.150792909956E-16));
#16565 = DEFINITIONAL_REPRESENTATION('',(#16566),#16570);
#16566 = CIRCLE('',#16567,10.8);
#16567 = AXIS2_PLACEMENT_2D('',#16568,#16569);
#16568 = CARTESIAN_POINT('',(0.,0.));
#16569 = DIRECTION('',(1.,0.));
#16570 = ( GEOMETRIC_REPRESENTATION_CONTEXT(2) 
PARAMETRIC_REPRESENTATION_CONTEXT() REPRESENTATION_CONTEXT('2D SPACE',''
  ) );
#16571 = ORIENTED_EDGE('',*,*,#16572,.T.);
#16572 = EDGE_CURVE('',#16544,#16509,#16573,.T.);
#16573 = SEAM_CURVE('',#16574,(#16577,#16584),.PCURVE_S1.);
#16574 = B_SPLINE_CURVE_WITH_KNOTS('',1,(#16575,#16576),.UNSPECIFIED.,
  .F.,.F.,(2,2),(0.,0.8),.PIECEWISE_BEZIER_KNOTS.);
#16575 = CARTESIAN_POINT('',(10.8,19.624663947881,65.832170424566));
#16576 = CARTESIAN_POINT('',(10.8,19.224663947881,66.524990747593));
#16577 = PCURVE('',#16525,#16578);
#16578 = DEFINITIONAL_REPRESENTATION('',(#16579),#16583);
#16579 = LINE('',#16580,#16581);
#16580 = CARTESIAN_POINT('',(6.28318530718,0.));
#16581 = VECTOR('',#16582,1.);
#16582 = DIRECTION('',(0.,1.));
#16583 = ( GEOMETRIC_REPRESENTATION_CONTEXT(2) 
PARAMETRIC_REPRESENTATION_CONTEXT() REPRESENTATION_CONTEXT('2D SPACE',''
  ) );
#16584 = PCURVE('',#16525,#16585);
#16585 = DEFINITIONAL_REPRESENTATION('',(#16586),#16590);
#16586 = LINE('',#16587,#16588);
#16587 = CARTESIAN_POINT('',(0.,0.));
#16588 = VECTOR('',#16589,1.);
#16589 = DIRECTION('',(0.,1.));
#16590 = ( GEOMETRIC_REPRESENTATION_CONTEXT(2) 
PARAMETRIC_REPRESENTATION_CONTEXT() REPRESENTATION_CONTEXT('2D SPACE',''
  ) );
#16591 = ORIENTED_EDGE('',*,*,#16508,.F.);
#16592 = ORIENTED_EDGE('',*,*,#16572,.F.);
#16593 = ADVANCED_FACE('',(#16594),#16607,.T.);
#16594 = FACE_BOUND('',#16595,.T.);
#16595 = EDGE_LOOP('',(#16596,#16625,#16647,#16674));
#16596 = ORIENTED_EDGE('',*,*,#16597,.T.);
#16597 = EDGE_CURVE('',#16598,#16598,#16600,.T.);
#16598 = VERTEX_POINT('',#16599);
#16599 = CARTESIAN_POINT('',(10.,19.624663947881,65.832170424566));
#16600 = SURFACE_CURVE('',#16601,(#16606,#16618),.PCURVE_S1.);
#16601 = CIRCLE('',#16602,10.);
#16602 = AXIS2_PLACEMENT_3D('',#16603,#16604,#16605);
#16603 = CARTESIAN_POINT('',(1.06581410364E-14,19.624663947881,
    65.832170424566));
#16604 = DIRECTION('',(5.947623346206E-16,-0.5,0.866025403784));
#16605 = DIRECTION('',(1.,2.973811673103E-16,-5.150792909956E-16));
#16606 = PCURVE('',#16607,#16612);
#16607 = CYLINDRICAL_SURFACE('',#16608,10.);
#16608 = AXIS2_PLACEMENT_3D('',#16609,#16610,#16611);
#16609 = CARTESIAN_POINT('',(1.06581410364E-14,19.624663947881,
    65.832170424566));
#16610 = DIRECTION('',(5.947623346206E-16,-0.5,0.866025403784));
#16611 = DIRECTION('',(1.,2.973811673103E-16,-5.150792909956E-16));
#16612 = DEFINITIONAL_REPRESENTATION('',(#16613),#16617);
#16613 = LINE('',#16614,#16615);
#16614 = CARTESIAN_POINT('',(0.,0.));
#16615 = VECTOR('',#16616,1.);
#16616 = DIRECTION('',(1.,0.));
#16617 = ( GEOMETRIC_REPRESENTATION_CONTEXT(2) 
PARAMETRIC_REPRESENTATION_CONTEXT() REPRESENTATION_CONTEXT('2D SPACE',''
  ) );
#16618 = PCURVE('',#16560,#16619);
#16619 = DEFINITIONAL_REPRESENTATION('',(#16620),#16624);
#16620 = CIRCLE('',#16621,10.);
#16621 = AXIS2_PLACEMENT_2D('',#16622,#16623);
#16622 = CARTESIAN_POINT('',(0.,0.));
#16623 = DIRECTION('',(1.,0.));
#16624 = ( GEOMETRIC_REPRESENTATION_CONTEXT(2) 
PARAMETRIC_REPRESENTATION_CONTEXT() REPRESENTATION_CONTEXT('2D SPACE',''
  ) );
#16625 = ORIENTED_EDGE('',*,*,#16626,.T.);
#16626 = EDGE_CURVE('',#16598,#16627,#16629,.T.);
#16627 = VERTEX_POINT('',#16628);
#16628 = CARTESIAN_POINT('',(10.,19.224663947881,66.524990747593));
#16629 = SEAM_CURVE('',#16630,(#16633,#16640),.PCURVE_S1.);
#16630 = B_SPLINE_CURVE_WITH_KNOTS('',1,(#16631,#16632),.UNSPECIFIED.,
  .F.,.F.,(2,2),(0.,0.8),.PIECEWISE_BEZIER_KNOTS.);
#16631 = CARTESIAN_POINT('',(10.,19.624663947881,65.832170424566));
#16632 = CARTESIAN_POINT('',(10.,19.224663947881,66.524990747593));
#16633 = PCURVE('',#16607,#16634);
#16634 = DEFINITIONAL_REPRESENTATION('',(#16635),#16639);
#16635 = LINE('',#16636,#16637);
#16636 = CARTESIAN_POINT('',(6.28318530718,0.));
#16637 = VECTOR('',#16638,1.);
#16638 = DIRECTION('',(0.,1.));
#16639 = ( GEOMETRIC_REPRESENTATION_CONTEXT(2) 
PARAMETRIC_REPRESENTATION_CONTEXT() REPRESENTATION_CONTEXT('2D SPACE',''
  ) );
#16640 = PCURVE('',#16607,#16641);
#16641 = DEFINITIONAL_REPRESENTATION('',(#16642),#16646);
#16642 = LINE('',#16643,#16644);
#16643 = CARTESIAN_POINT('',(0.,0.));
#16644 = VECTOR('',#16645,1.);
#16645 = DIRECTION('',(0.,1.));
#16646 = ( GEOMETRIC_REPRESENTATION_CONTEXT(2) 
PARAMETRIC_REPRESENTATION_CONTEXT() REPRESENTATION_CONTEXT('2D SPACE',''
  ) );
#16647 = ORIENTED_EDGE('',*,*,#16648,.F.);
#16648 = EDGE_CURVE('',#16627,#16627,#16649,.T.);
#16649 = SURFACE_CURVE('',#16650,(#16655,#16662),.PCURVE_S1.);
#16650 = CIRCLE('',#16651,10.);
#16651 = AXIS2_PLACEMENT_3D('',#16652,#16653,#16654);
#16652 = CARTESIAN_POINT('',(1.15463194561E-14,19.224663947881,
    66.524990747593));
#16653 = DIRECTION('',(5.947623346206E-16,-0.5,0.866025403784));
#16654 = DIRECTION('',(1.,2.973811673103E-16,-5.150792909956E-16));
#16655 = PCURVE('',#16607,#16656);
#16656 = DEFINITIONAL_REPRESENTATION('',(#16657),#16661);
#16657 = LINE('',#16658,#16659);
#16658 = CARTESIAN_POINT('',(0.,0.8));
#16659 = VECTOR('',#16660,1.);
#16660 = DIRECTION('',(1.,0.));
#16661 = ( GEOMETRIC_REPRESENTATION_CONTEXT(2) 
PARAMETRIC_REPRESENTATION_CONTEXT() REPRESENTATION_CONTEXT('2D SPACE',''
  ) );
#16662 = PCURVE('',#16663,#16668);
#16663 = PLANE('',#16664);
#16664 = AXIS2_PLACEMENT_3D('',#16665,#16666,#16667);
#16665 = CARTESIAN_POINT('',(1.15463194561E-14,19.224663947881,
    66.524990747593));
#16666 = DIRECTION('',(5.947623346206E-16,-0.5,0.866025403784));
#16667 = DIRECTION('',(1.,2.973811673103E-16,-5.150792909956E-16));
#16668 = DEFINITIONAL_REPRESENTATION('',(#16669),#16673);
#16669 = CIRCLE('',#16670,10.);
#16670 = AXIS2_PLACEMENT_2D('',#16671,#16672);
#16671 = CARTESIAN_POINT('',(0.,0.));
#16672 = DIRECTION('',(1.,0.));
#16673 = ( GEOMETRIC_REPRESENTATION_CONTEXT(2) 
PARAMETRIC_REPRESENTATION_CONTEXT() REPRESENTATION_CONTEXT('2D SPACE',''
  ) );
#16674 = ORIENTED_EDGE('',*,*,#16626,.F.);
#16675 = ADVANCED_FACE('',(#16676,#16679),#16560,.T.);
#16676 = FACE_BOUND('',#16677,.T.);
#16677 = EDGE_LOOP('',(#16678));
#16678 = ORIENTED_EDGE('',*,*,#16543,.T.);
#16679 = FACE_BOUND('',#16680,.T.);
#16680 = EDGE_LOOP('',(#16681));
#16681 = ORIENTED_EDGE('',*,*,#16597,.F.);
#16682 = ADVANCED_FACE('',(#16683),#16663,.T.);
#16683 = FACE_BOUND('',#16684,.T.);
#16684 = EDGE_LOOP('',(#16685));
#16685 = ORIENTED_EDGE('',*,*,#16648,.T.);
#16686 = ( GEOMETRIC_REPRESENTATION_CONTEXT(3) 
GLOBAL_UNCERTAINTY_ASSIGNED_CONTEXT((#16690)) 
GLOBAL_UNIT_ASSIGNED_CONTEXT((#16687,#16688,#16689)) 
REPRESENTATION_CONTEXT('Context #1',
  '3D Context with UNIT and UNCERTAINTY') );
#16687 = ( LENGTH_UNIT() NAMED_UNIT(*) SI_UNIT(.MILLI.,.METRE.) );
#16688 = ( NAMED_UNIT(*) PLANE_ANGLE_UNIT() SI_UNIT($,.RADIAN.) );
#16689 = ( NAMED_UNIT(*) SI_UNIT($,.STERADIAN.) SOLID_ANGLE_UNIT() );
#16690 = UNCERTAINTY_MEASURE_WITH_UNIT(LENGTH_MEASURE(1.E-03),#16687,
  'distance_accuracy_value','confusion accuracy');
#16691 = PRODUCT_RELATED_PRODUCT_CATEGORY('part',$,(#7));
ENDSEC;
END-ISO-10303-21;
