ISO-10303-21;
HEADER;
FILE_DESCRIPTION(('Open CASCADE Model'),'2;1');
FILE_NAME('Open CASCADE Shape Model','2026-09-15T12:58:02',('Author'),(
    'Open CASCADE'),'Open CASCADE STEP processor 7.8','Open CASCADE 7.8'
  ,'Unknown');
FILE_SCHEMA(('AUTOMOTIVE_DESIGN { 1 0 10303 214 1 1 1 1 }'));
ENDSEC;
DATA;
#1 = APPLICATION_PROTOCOL_DEFINITION('international standard',
  'automotive_design',2000,#2);
#2 = APPLICATION_CONTEXT(
  'core data for automotive mechanical design processes');
#3 = SHAPE_DEFINITION_REPRESENTATION(#4,#10);
#4 = PRODUCT_DEFINITION_SHAPE('','',#5);
#5 = PRODUCT_DEFINITION('design','',#6,#9);
#6 = PRODUCT_DEFINITION_FORMATION('','',#7);
#7 = PRODUCT('Open CASCADE STEP translator 7.8 1',
  'Open CASCADE STEP translator 7.8 1','',(#8));
#8 = PRODUCT_CONTEXT('',#2,'mechanical');
#9 = PRODUCT_DEFINITION_CONTEXT('part definition',#2,'design');
#10 = ADVANCED_BREP_SHAPE_REPRESENTATION('',(#11,#15),#8123);
#11 = AXIS2_PLACEMENT_3D('',#12,#13,#14);
#12 = CARTESIAN_POINT('',(0.,0.,0.));
#13 = DIRECTION('',(0.,0.,1.));
#14 = DIRECTION('',(1.,0.,-0.));
#15 = MANIFOLD_SOLID_BREP('',#16);
#16 = CLOSED_SHELL('',(#17,#479,#560,#607,#661,#708,#762,#809,#863,#941,
    #995,#1051,#1104,#1159,#1213,#1268,#1300,#1325,#1448,#1637,#1827,
    #1921,#1972,#2090,#2309,#2408,#2543,#2615,#2767,#2814,#2839,#2894,
    #2977,#3077,#3317,#3344,#3391,#3445,#3523,#3602,#3836,#3869,#3940,
    #3995,#4068,#4264,#4525,#4687,#4910,#4961,#5017,#5344,#5391,#5398,
    #5426,#5431,#5438,#5466,#5571,#5665,#5931,#6030,#6103,#6153,#6231,
    #6327,#6399,#6426,#6476,#6547,#6574,#6601,#6672,#6698,#6749,#6799,
    #6806,#6877,#6927,#6976,#7026,#7075,#7125,#7174,#7202,#7308,#7415,
    #7442,#7469,#7545,#7593,#7715,#7764,#7880,#7929,#7978,#8005,#8012,
    #8019,#8046,#8053,#8078,#8105,#8116));
#17 = ADVANCED_FACE('',(#18,#249),#33,.F.);
#18 = FACE_BOUND('',#19,.F.);
#19 = EDGE_LOOP('',(#20,#56,#83,#112,#139,#168,#195,#224));
#20 = ORIENTED_EDGE('',*,*,#21,.F.);
#21 = EDGE_CURVE('',#22,#24,#26,.T.);
#22 = VERTEX_POINT('',#23);
#23 = CARTESIAN_POINT('',(3.9,72.320508075689,3.16));
#24 = VERTEX_POINT('',#25);
#25 = CARTESIAN_POINT('',(4.9,72.320508075689,4.16));
#26 = SURFACE_CURVE('',#27,(#32,#44),.PCURVE_S1.);
#27 = CIRCLE('',#28,1.);
#28 = AXIS2_PLACEMENT_3D('',#29,#30,#31);
#29 = CARTESIAN_POINT('',(3.9,72.320508075689,4.16));
#30 = DIRECTION('',(0.,-1.,0.));
#31 = DIRECTION('',(0.,0.,-1.));
#32 = PCURVE('',#33,#38);
#33 = PLANE('',#34);
#34 = AXIS2_PLACEMENT_3D('',#35,#36,#37);
#35 = CARTESIAN_POINT('',(0.,72.320508075689,19.));
#36 = DIRECTION('',(0.,-1.,1.110223024625E-16));
#37 = DIRECTION('',(1.,0.,0.));
#38 = DEFINITIONAL_REPRESENTATION('',(#39),#43);
#39 = CIRCLE('',#40,1.);
#40 = AXIS2_PLACEMENT_2D('',#41,#42);
#41 = CARTESIAN_POINT('',(3.9,-14.84));
#42 = DIRECTION('',(0.,-1.));
#43 = ( GEOMETRIC_REPRESENTATION_CONTEXT(2) 
PARAMETRIC_REPRESENTATION_CONTEXT() REPRESENTATION_CONTEXT('2D SPACE',''
  ) );
#44 = PCURVE('',#45,#50);
#45 = CYLINDRICAL_SURFACE('',#46,1.);
#46 = AXIS2_PLACEMENT_3D('',#47,#48,#49);
#47 = CARTESIAN_POINT('',(3.9,76.,4.16));
#48 = DIRECTION('',(0.,-1.,0.));
#49 = DIRECTION('',(0.,-0.,-1.));
#50 = DEFINITIONAL_REPRESENTATION('',(#51),#55);
#51 = LINE('',#52,#53);
#52 = CARTESIAN_POINT('',(0.,3.679491924311));
#53 = VECTOR('',#54,1.);
#54 = DIRECTION('',(1.,0.));
#55 = ( GEOMETRIC_REPRESENTATION_CONTEXT(2) 
PARAMETRIC_REPRESENTATION_CONTEXT() REPRESENTATION_CONTEXT('2D SPACE',''
  ) );
#56 = ORIENTED_EDGE('',*,*,#57,.F.);
#57 = EDGE_CURVE('',#58,#22,#60,.T.);
#58 = VERTEX_POINT('',#59);
#59 = CARTESIAN_POINT('',(-3.9,72.320508075689,3.16));
#60 = SURFACE_CURVE('',#61,(#65,#72),.PCURVE_S1.);
#61 = LINE('',#62,#63);
#62 = CARTESIAN_POINT('',(-5.1,72.320508075689,3.16));
#63 = VECTOR('',#64,1.);
#64 = DIRECTION('',(1.,0.,0.));
#65 = PCURVE('',#33,#66);
#66 = DEFINITIONAL_REPRESENTATION('',(#67),#71);
#67 = LINE('',#68,#69);
#68 = CARTESIAN_POINT('',(-5.1,-15.84));
#69 = VECTOR('',#70,1.);
#70 = DIRECTION('',(1.,0.));
#71 = ( GEOMETRIC_REPRESENTATION_CONTEXT(2) 
PARAMETRIC_REPRESENTATION_CONTEXT() REPRESENTATION_CONTEXT('2D SPACE',''
  ) );
#72 = PCURVE('',#73,#78);
#73 = PLANE('',#74);
#74 = AXIS2_PLACEMENT_3D('',#75,#76,#77);
#75 = CARTESIAN_POINT('',(-4.9,76.,3.16));
#76 = DIRECTION('',(-0.,0.,1.));
#77 = DIRECTION('',(1.,0.,0.));
#78 = DEFINITIONAL_REPRESENTATION('',(#79),#82);
#79 = B_SPLINE_CURVE_WITH_KNOTS('',1,(#80,#81),.UNSPECIFIED.,.F.,.F.,(2,
    2),(1.2,9.),.PIECEWISE_BEZIER_KNOTS.);
#80 = CARTESIAN_POINT('',(1.,-3.679491924311));
#81 = CARTESIAN_POINT('',(8.8,-3.679491924311));
#82 = ( GEOMETRIC_REPRESENTATION_CONTEXT(2) 
PARAMETRIC_REPRESENTATION_CONTEXT() REPRESENTATION_CONTEXT('2D SPACE',''
  ) );
#83 = ORIENTED_EDGE('',*,*,#84,.F.);
#84 = EDGE_CURVE('',#85,#58,#87,.T.);
#85 = VERTEX_POINT('',#86);
#86 = CARTESIAN_POINT('',(-4.9,72.320508075689,4.16));
#87 = SURFACE_CURVE('',#88,(#93,#100),.PCURVE_S1.);
#88 = CIRCLE('',#89,1.);
#89 = AXIS2_PLACEMENT_3D('',#90,#91,#92);
#90 = CARTESIAN_POINT('',(-3.9,72.320508075689,4.16));
#91 = DIRECTION('',(-0.,-1.,0.));
#92 = DIRECTION('',(-1.,0.,0.));
#93 = PCURVE('',#33,#94);
#94 = DEFINITIONAL_REPRESENTATION('',(#95),#99);
#95 = CIRCLE('',#96,1.);
#96 = AXIS2_PLACEMENT_2D('',#97,#98);
#97 = CARTESIAN_POINT('',(-3.9,-14.84));
#98 = DIRECTION('',(-1.,0.));
#99 = ( GEOMETRIC_REPRESENTATION_CONTEXT(2) 
PARAMETRIC_REPRESENTATION_CONTEXT() REPRESENTATION_CONTEXT('2D SPACE',''
  ) );
#100 = PCURVE('',#101,#106);
#101 = CYLINDRICAL_SURFACE('',#102,1.);
#102 = AXIS2_PLACEMENT_3D('',#103,#104,#105);
#103 = CARTESIAN_POINT('',(-3.9,76.,4.16));
#104 = DIRECTION('',(0.,-1.,0.));
#105 = DIRECTION('',(0.,-0.,-1.));
#106 = DEFINITIONAL_REPRESENTATION('',(#107),#111);
#107 = LINE('',#108,#109);
#108 = CARTESIAN_POINT('',(-1.570796326795,3.679491924311));
#109 = VECTOR('',#110,1.);
#110 = DIRECTION('',(1.,-0.));
#111 = ( GEOMETRIC_REPRESENTATION_CONTEXT(2) 
PARAMETRIC_REPRESENTATION_CONTEXT() REPRESENTATION_CONTEXT('2D SPACE',''
  ) );
#112 = ORIENTED_EDGE('',*,*,#113,.T.);
#113 = EDGE_CURVE('',#85,#114,#116,.T.);
#114 = VERTEX_POINT('',#115);
#115 = CARTESIAN_POINT('',(-4.9,72.320508075689,6.76));
#116 = SURFACE_CURVE('',#117,(#121,#128),.PCURVE_S1.);
#117 = LINE('',#118,#119);
#118 = CARTESIAN_POINT('',(-4.9,72.320508075689,13.38));
#119 = VECTOR('',#120,1.);
#120 = DIRECTION('',(-0.,1.110223024625E-16,1.));
#121 = PCURVE('',#33,#122);
#122 = DEFINITIONAL_REPRESENTATION('',(#123),#127);
#123 = LINE('',#124,#125);
#124 = CARTESIAN_POINT('',(-4.9,-5.62));
#125 = VECTOR('',#126,1.);
#126 = DIRECTION('',(0.,1.));
#127 = ( GEOMETRIC_REPRESENTATION_CONTEXT(2) 
PARAMETRIC_REPRESENTATION_CONTEXT() REPRESENTATION_CONTEXT('2D SPACE',''
  ) );
#128 = PCURVE('',#129,#134);
#129 = PLANE('',#130);
#130 = AXIS2_PLACEMENT_3D('',#131,#132,#133);
#131 = CARTESIAN_POINT('',(-4.9,76.,7.76));
#132 = DIRECTION('',(1.,0.,0.));
#133 = DIRECTION('',(0.,0.,-1.));
#134 = DEFINITIONAL_REPRESENTATION('',(#135),#138);
#135 = B_SPLINE_CURVE_WITH_KNOTS('',1,(#136,#137),.UNSPECIFIED.,.F.,.F.,
  (2,2),(-9.22,-6.62),.PIECEWISE_BEZIER_KNOTS.);
#136 = CARTESIAN_POINT('',(3.6,-3.679491924311));
#137 = CARTESIAN_POINT('',(1.,-3.679491924311));
#138 = ( GEOMETRIC_REPRESENTATION_CONTEXT(2) 
PARAMETRIC_REPRESENTATION_CONTEXT() REPRESENTATION_CONTEXT('2D SPACE',''
  ) );
#139 = ORIENTED_EDGE('',*,*,#140,.F.);
#140 = EDGE_CURVE('',#141,#114,#143,.T.);
#141 = VERTEX_POINT('',#142);
#142 = CARTESIAN_POINT('',(-3.9,72.320508075689,7.76));
#143 = SURFACE_CURVE('',#144,(#149,#156),.PCURVE_S1.);
#144 = CIRCLE('',#145,1.);
#145 = AXIS2_PLACEMENT_3D('',#146,#147,#148);
#146 = CARTESIAN_POINT('',(-3.9,72.320508075689,6.76));
#147 = DIRECTION('',(0.,-1.,0.));
#148 = DIRECTION('',(-0.,0.,1.));
#149 = PCURVE('',#33,#150);
#150 = DEFINITIONAL_REPRESENTATION('',(#151),#155);
#151 = CIRCLE('',#152,1.);
#152 = AXIS2_PLACEMENT_2D('',#153,#154);
#153 = CARTESIAN_POINT('',(-3.9,-12.24));
#154 = DIRECTION('',(0.,1.));
#155 = ( GEOMETRIC_REPRESENTATION_CONTEXT(2) 
PARAMETRIC_REPRESENTATION_CONTEXT() REPRESENTATION_CONTEXT('2D SPACE',''
  ) );
#156 = PCURVE('',#157,#162);
#157 = CYLINDRICAL_SURFACE('',#158,1.);
#158 = AXIS2_PLACEMENT_3D('',#159,#160,#161);
#159 = CARTESIAN_POINT('',(-3.9,76.,6.76));
#160 = DIRECTION('',(0.,-1.,0.));
#161 = DIRECTION('',(-0.,0.,1.));
#162 = DEFINITIONAL_REPRESENTATION('',(#163),#167);
#163 = LINE('',#164,#165);
#164 = CARTESIAN_POINT('',(0.,3.679491924311));
#165 = VECTOR('',#166,1.);
#166 = DIRECTION('',(1.,0.));
#167 = ( GEOMETRIC_REPRESENTATION_CONTEXT(2) 
PARAMETRIC_REPRESENTATION_CONTEXT() REPRESENTATION_CONTEXT('2D SPACE',''
  ) );
#168 = ORIENTED_EDGE('',*,*,#169,.T.);
#169 = EDGE_CURVE('',#141,#170,#172,.T.);
#170 = VERTEX_POINT('',#171);
#171 = CARTESIAN_POINT('',(3.9,72.320508075689,7.76));
#172 = SURFACE_CURVE('',#173,(#177,#184),.PCURVE_S1.);
#173 = LINE('',#174,#175);
#174 = CARTESIAN_POINT('',(2.45,72.320508075689,7.76));
#175 = VECTOR('',#176,1.);
#176 = DIRECTION('',(1.,0.,-0.));
#177 = PCURVE('',#33,#178);
#178 = DEFINITIONAL_REPRESENTATION('',(#179),#183);
#179 = LINE('',#180,#181);
#180 = CARTESIAN_POINT('',(2.45,-11.24));
#181 = VECTOR('',#182,1.);
#182 = DIRECTION('',(1.,0.));
#183 = ( GEOMETRIC_REPRESENTATION_CONTEXT(2) 
PARAMETRIC_REPRESENTATION_CONTEXT() REPRESENTATION_CONTEXT('2D SPACE',''
  ) );
#184 = PCURVE('',#185,#190);
#185 = PLANE('',#186);
#186 = AXIS2_PLACEMENT_3D('',#187,#188,#189);
#187 = CARTESIAN_POINT('',(4.9,76.,7.76));
#188 = DIRECTION('',(-0.,-0.,-1.));
#189 = DIRECTION('',(-1.,0.,0.));
#190 = DEFINITIONAL_REPRESENTATION('',(#191),#194);
#191 = B_SPLINE_CURVE_WITH_KNOTS('',1,(#192,#193),.UNSPECIFIED.,.F.,.F.,
  (2,2),(-6.35,1.45),.PIECEWISE_BEZIER_KNOTS.);
#192 = CARTESIAN_POINT('',(8.8,-3.679491924311));
#193 = CARTESIAN_POINT('',(1.,-3.679491924311));
#194 = ( GEOMETRIC_REPRESENTATION_CONTEXT(2) 
PARAMETRIC_REPRESENTATION_CONTEXT() REPRESENTATION_CONTEXT('2D SPACE',''
  ) );
#195 = ORIENTED_EDGE('',*,*,#196,.F.);
#196 = EDGE_CURVE('',#197,#170,#199,.T.);
#197 = VERTEX_POINT('',#198);
#198 = CARTESIAN_POINT('',(4.9,72.320508075689,6.76));
#199 = SURFACE_CURVE('',#200,(#205,#212),.PCURVE_S1.);
#200 = CIRCLE('',#201,1.);
#201 = AXIS2_PLACEMENT_3D('',#202,#203,#204);
#202 = CARTESIAN_POINT('',(3.9,72.320508075689,6.76));
#203 = DIRECTION('',(0.,-1.,0.));
#204 = DIRECTION('',(1.,0.,0.));
#205 = PCURVE('',#33,#206);
#206 = DEFINITIONAL_REPRESENTATION('',(#207),#211);
#207 = CIRCLE('',#208,1.);
#208 = AXIS2_PLACEMENT_2D('',#209,#210);
#209 = CARTESIAN_POINT('',(3.9,-12.24));
#210 = DIRECTION('',(1.,0.));
#211 = ( GEOMETRIC_REPRESENTATION_CONTEXT(2) 
PARAMETRIC_REPRESENTATION_CONTEXT() REPRESENTATION_CONTEXT('2D SPACE',''
  ) );
#212 = PCURVE('',#213,#218);
#213 = CYLINDRICAL_SURFACE('',#214,1.);
#214 = AXIS2_PLACEMENT_3D('',#215,#216,#217);
#215 = CARTESIAN_POINT('',(3.9,76.,6.76));
#216 = DIRECTION('',(0.,-1.,0.));
#217 = DIRECTION('',(1.,0.,-0.));
#218 = DEFINITIONAL_REPRESENTATION('',(#219),#223);
#219 = LINE('',#220,#221);
#220 = CARTESIAN_POINT('',(0.,3.679491924311));
#221 = VECTOR('',#222,1.);
#222 = DIRECTION('',(1.,0.));
#223 = ( GEOMETRIC_REPRESENTATION_CONTEXT(2) 
PARAMETRIC_REPRESENTATION_CONTEXT() REPRESENTATION_CONTEXT('2D SPACE',''
  ) );
#224 = ORIENTED_EDGE('',*,*,#225,.T.);
#225 = EDGE_CURVE('',#197,#24,#226,.T.);
#226 = SURFACE_CURVE('',#227,(#231,#238),.PCURVE_S1.);
#227 = LINE('',#228,#229);
#228 = CARTESIAN_POINT('',(4.9,72.320508075689,11.08));
#229 = VECTOR('',#230,1.);
#230 = DIRECTION('',(-0.,-1.110223024625E-16,-1.));
#231 = PCURVE('',#33,#232);
#232 = DEFINITIONAL_REPRESENTATION('',(#233),#237);
#233 = LINE('',#234,#235);
#234 = CARTESIAN_POINT('',(4.9,-7.92));
#235 = VECTOR('',#236,1.);
#236 = DIRECTION('',(-0.,-1.));
#237 = ( GEOMETRIC_REPRESENTATION_CONTEXT(2) 
PARAMETRIC_REPRESENTATION_CONTEXT() REPRESENTATION_CONTEXT('2D SPACE',''
  ) );
#238 = PCURVE('',#239,#244);
#239 = PLANE('',#240);
#240 = AXIS2_PLACEMENT_3D('',#241,#242,#243);
#241 = CARTESIAN_POINT('',(4.9,76.,3.16));
#242 = DIRECTION('',(-1.,0.,0.));
#243 = DIRECTION('',(0.,0.,1.));
#244 = DEFINITIONAL_REPRESENTATION('',(#245),#248);
#245 = B_SPLINE_CURVE_WITH_KNOTS('',1,(#246,#247),.UNSPECIFIED.,.F.,.F.,
  (2,2),(4.32,6.92),.PIECEWISE_BEZIER_KNOTS.);
#246 = CARTESIAN_POINT('',(3.6,-3.679491924311));
#247 = CARTESIAN_POINT('',(1.,-3.679491924311));
#248 = ( GEOMETRIC_REPRESENTATION_CONTEXT(2) 
PARAMETRIC_REPRESENTATION_CONTEXT() REPRESENTATION_CONTEXT('2D SPACE',''
  ) );
#249 = FACE_BOUND('',#250,.F.);
#250 = EDGE_LOOP('',(#251,#281,#310,#338,#367,#395,#424,#452));
#251 = ORIENTED_EDGE('',*,*,#252,.F.);
#252 = EDGE_CURVE('',#253,#255,#257,.T.);
#253 = VERTEX_POINT('',#254);
#254 = CARTESIAN_POINT('',(-23.5,72.320508075689,-2.5));
#255 = VERTEX_POINT('',#256);
#256 = CARTESIAN_POINT('',(-23.5,72.320508075689,31.));
#257 = SURFACE_CURVE('',#258,(#262,#269),.PCURVE_S1.);
#258 = LINE('',#259,#260);
#259 = CARTESIAN_POINT('',(-23.5,72.320508075689,-2.5));
#260 = VECTOR('',#261,1.);
#261 = DIRECTION('',(0.,-8.484092367285E-16,1.));
#262 = PCURVE('',#33,#263);
#263 = DEFINITIONAL_REPRESENTATION('',(#264),#268);
#264 = LINE('',#265,#266);
#265 = CARTESIAN_POINT('',(-23.5,-21.5));
#266 = VECTOR('',#267,1.);
#267 = DIRECTION('',(0.,1.));
#268 = ( GEOMETRIC_REPRESENTATION_CONTEXT(2) 
PARAMETRIC_REPRESENTATION_CONTEXT() REPRESENTATION_CONTEXT('2D SPACE',''
  ) );
#269 = PCURVE('',#270,#275);
#270 = CYLINDRICAL_SURFACE('',#271,1.);
#271 = AXIS2_PLACEMENT_3D('',#272,#273,#274);
#272 = CARTESIAN_POINT('',(-23.5,71.320508075689,19.));
#273 = DIRECTION('',(-5.007715329124E-16,-1.110223024625E-16,-1.));
#274 = DIRECTION('',(-2.465190328816E-32,1.,-1.110223024625E-16));
#275 = DEFINITIONAL_REPRESENTATION('',(#276),#280);
#276 = LINE('',#277,#278);
#277 = CARTESIAN_POINT('',(6.28318530718,21.5));
#278 = VECTOR('',#279,1.);
#279 = DIRECTION('',(0.,-1.));
#280 = ( GEOMETRIC_REPRESENTATION_CONTEXT(2) 
PARAMETRIC_REPRESENTATION_CONTEXT() REPRESENTATION_CONTEXT('2D SPACE',''
  ) );
#281 = ORIENTED_EDGE('',*,*,#282,.T.);
#282 = EDGE_CURVE('',#253,#283,#285,.T.);
#283 = VERTEX_POINT('',#284);
#284 = CARTESIAN_POINT('',(-17.5,72.320508075689,-8.5));
#285 = SURFACE_CURVE('',#286,(#291,#298),.PCURVE_S1.);
#286 = CIRCLE('',#287,6.);
#287 = AXIS2_PLACEMENT_3D('',#288,#289,#290);
#288 = CARTESIAN_POINT('',(-17.5,72.320508075689,-2.5));
#289 = DIRECTION('',(0.,-1.,1.110223024625E-16));
#290 = DIRECTION('',(0.,-1.110223024625E-16,-1.));
#291 = PCURVE('',#33,#292);
#292 = DEFINITIONAL_REPRESENTATION('',(#293),#297);
#293 = CIRCLE('',#294,6.);
#294 = AXIS2_PLACEMENT_2D('',#295,#296);
#295 = CARTESIAN_POINT('',(-17.5,-21.5));
#296 = DIRECTION('',(0.,-1.));
#297 = ( GEOMETRIC_REPRESENTATION_CONTEXT(2) 
PARAMETRIC_REPRESENTATION_CONTEXT() REPRESENTATION_CONTEXT('2D SPACE',''
  ) );
#298 = PCURVE('',#299,#304);
#299 = TOROIDAL_SURFACE('',#300,6.,1.);
#300 = AXIS2_PLACEMENT_3D('',#301,#302,#303);
#301 = CARTESIAN_POINT('',(-17.5,71.320508075689,-2.5));
#302 = DIRECTION('',(0.,-1.,1.110223024625E-16));
#303 = DIRECTION('',(0.,-1.110223024625E-16,-1.));
#304 = DEFINITIONAL_REPRESENTATION('',(#305),#309);
#305 = LINE('',#306,#307);
#306 = CARTESIAN_POINT('',(4.440892098501E-15,4.712388980385));
#307 = VECTOR('',#308,1.);
#308 = DIRECTION('',(1.,2.261727773485E-14));
#309 = ( GEOMETRIC_REPRESENTATION_CONTEXT(2) 
PARAMETRIC_REPRESENTATION_CONTEXT() REPRESENTATION_CONTEXT('2D SPACE',''
  ) );
#310 = ORIENTED_EDGE('',*,*,#311,.F.);
#311 = EDGE_CURVE('',#312,#283,#314,.T.);
#312 = VERTEX_POINT('',#313);
#313 = CARTESIAN_POINT('',(17.5,72.320508075689,-8.5));
#314 = SURFACE_CURVE('',#315,(#319,#326),.PCURVE_S1.);
#315 = LINE('',#316,#317);
#316 = CARTESIAN_POINT('',(-17.5,72.320508075689,-8.5));
#317 = VECTOR('',#318,1.);
#318 = DIRECTION('',(-1.,3.944304526105E-31,5.947623346206E-16));
#319 = PCURVE('',#33,#320);
#320 = DEFINITIONAL_REPRESENTATION('',(#321),#325);
#321 = LINE('',#322,#323);
#322 = CARTESIAN_POINT('',(-17.5,-27.5));
#323 = VECTOR('',#324,1.);
#324 = DIRECTION('',(-1.,5.947623346206E-16));
#325 = ( GEOMETRIC_REPRESENTATION_CONTEXT(2) 
PARAMETRIC_REPRESENTATION_CONTEXT() REPRESENTATION_CONTEXT('2D SPACE',''
  ) );
#326 = PCURVE('',#327,#332);
#327 = CYLINDRICAL_SURFACE('',#328,1.);
#328 = AXIS2_PLACEMENT_3D('',#329,#330,#331);
#329 = CARTESIAN_POINT('',(-1.06581410364E-14,71.320508075689,-8.5));
#330 = DIRECTION('',(1.,-3.944304526105E-31,-5.947623346206E-16));
#331 = DIRECTION('',(-5.150792909956E-16,-0.5,-0.866025403784));
#332 = DEFINITIONAL_REPRESENTATION('',(#333),#337);
#333 = LINE('',#334,#335);
#334 = CARTESIAN_POINT('',(2.094395102393,-17.5));
#335 = VECTOR('',#336,1.);
#336 = DIRECTION('',(2.030122102172E-16,-1.));
#337 = ( GEOMETRIC_REPRESENTATION_CONTEXT(2) 
PARAMETRIC_REPRESENTATION_CONTEXT() REPRESENTATION_CONTEXT('2D SPACE',''
  ) );
#338 = ORIENTED_EDGE('',*,*,#339,.T.);
#339 = EDGE_CURVE('',#312,#340,#342,.T.);
#340 = VERTEX_POINT('',#341);
#341 = CARTESIAN_POINT('',(23.5,72.320508075689,-2.5));
#342 = SURFACE_CURVE('',#343,(#348,#355),.PCURVE_S1.);
#343 = CIRCLE('',#344,6.);
#344 = AXIS2_PLACEMENT_3D('',#345,#346,#347);
#345 = CARTESIAN_POINT('',(17.5,72.320508075689,-2.5));
#346 = DIRECTION('',(0.,-1.,1.110223024625E-16));
#347 = DIRECTION('',(0.,-1.110223024625E-16,-1.));
#348 = PCURVE('',#33,#349);
#349 = DEFINITIONAL_REPRESENTATION('',(#350),#354);
#350 = CIRCLE('',#351,6.);
#351 = AXIS2_PLACEMENT_2D('',#352,#353);
#352 = CARTESIAN_POINT('',(17.5,-21.5));
#353 = DIRECTION('',(0.,-1.));
#354 = ( GEOMETRIC_REPRESENTATION_CONTEXT(2) 
PARAMETRIC_REPRESENTATION_CONTEXT() REPRESENTATION_CONTEXT('2D SPACE',''
  ) );
#355 = PCURVE('',#356,#361);
#356 = TOROIDAL_SURFACE('',#357,6.,1.);
#357 = AXIS2_PLACEMENT_3D('',#358,#359,#360);
#358 = CARTESIAN_POINT('',(17.5,71.320508075689,-2.5));
#359 = DIRECTION('',(0.,-1.,1.110223024625E-16));
#360 = DIRECTION('',(0.,-1.110223024625E-16,-1.));
#361 = DEFINITIONAL_REPRESENTATION('',(#362),#366);
#362 = LINE('',#363,#364);
#363 = CARTESIAN_POINT('',(0.,4.712388980385));
#364 = VECTOR('',#365,1.);
#365 = DIRECTION('',(1.,-2.261727773485E-14));
#366 = ( GEOMETRIC_REPRESENTATION_CONTEXT(2) 
PARAMETRIC_REPRESENTATION_CONTEXT() REPRESENTATION_CONTEXT('2D SPACE',''
  ) );
#367 = ORIENTED_EDGE('',*,*,#368,.F.);
#368 = EDGE_CURVE('',#369,#340,#371,.T.);
#369 = VERTEX_POINT('',#370);
#370 = CARTESIAN_POINT('',(23.5,72.320508075689,31.));
#371 = SURFACE_CURVE('',#372,(#376,#383),.PCURVE_S1.);
#372 = LINE('',#373,#374);
#373 = CARTESIAN_POINT('',(23.5,72.320508075689,31.));
#374 = VECTOR('',#375,1.);
#375 = DIRECTION('',(0.,8.484092367285E-16,-1.));
#376 = PCURVE('',#33,#377);
#377 = DEFINITIONAL_REPRESENTATION('',(#378),#382);
#378 = LINE('',#379,#380);
#379 = CARTESIAN_POINT('',(23.5,12.));
#380 = VECTOR('',#381,1.);
#381 = DIRECTION('',(0.,-1.));
#382 = ( GEOMETRIC_REPRESENTATION_CONTEXT(2) 
PARAMETRIC_REPRESENTATION_CONTEXT() REPRESENTATION_CONTEXT('2D SPACE',''
  ) );
#383 = PCURVE('',#384,#389);
#384 = CYLINDRICAL_SURFACE('',#385,1.);
#385 = AXIS2_PLACEMENT_3D('',#386,#387,#388);
#386 = CARTESIAN_POINT('',(23.5,71.320508075689,19.));
#387 = DIRECTION('',(5.007715329124E-16,1.110223024625E-16,1.));
#388 = DIRECTION('',(2.465190328816E-32,-1.,1.110223024625E-16));
#389 = DEFINITIONAL_REPRESENTATION('',(#390),#394);
#390 = LINE('',#391,#392);
#391 = CARTESIAN_POINT('',(9.424777960769,12.));
#392 = VECTOR('',#393,1.);
#393 = DIRECTION('',(0.,-1.));
#394 = ( GEOMETRIC_REPRESENTATION_CONTEXT(2) 
PARAMETRIC_REPRESENTATION_CONTEXT() REPRESENTATION_CONTEXT('2D SPACE',''
  ) );
#395 = ORIENTED_EDGE('',*,*,#396,.T.);
#396 = EDGE_CURVE('',#369,#397,#399,.T.);
#397 = VERTEX_POINT('',#398);
#398 = CARTESIAN_POINT('',(17.5,72.320508075689,37.));
#399 = SURFACE_CURVE('',#400,(#405,#412),.PCURVE_S1.);
#400 = CIRCLE('',#401,6.);
#401 = AXIS2_PLACEMENT_3D('',#402,#403,#404);
#402 = CARTESIAN_POINT('',(17.5,72.320508075689,31.));
#403 = DIRECTION('',(0.,-1.,1.110223024625E-16));
#404 = DIRECTION('',(0.,-1.110223024625E-16,-1.));
#405 = PCURVE('',#33,#406);
#406 = DEFINITIONAL_REPRESENTATION('',(#407),#411);
#407 = CIRCLE('',#408,6.);
#408 = AXIS2_PLACEMENT_2D('',#409,#410);
#409 = CARTESIAN_POINT('',(17.5,12.));
#410 = DIRECTION('',(0.,-1.));
#411 = ( GEOMETRIC_REPRESENTATION_CONTEXT(2) 
PARAMETRIC_REPRESENTATION_CONTEXT() REPRESENTATION_CONTEXT('2D SPACE',''
  ) );
#412 = PCURVE('',#413,#418);
#413 = TOROIDAL_SURFACE('',#414,6.,1.);
#414 = AXIS2_PLACEMENT_3D('',#415,#416,#417);
#415 = CARTESIAN_POINT('',(17.5,71.320508075689,31.));
#416 = DIRECTION('',(0.,-1.,1.110223024625E-16));
#417 = DIRECTION('',(0.,-1.110223024625E-16,-1.));
#418 = DEFINITIONAL_REPRESENTATION('',(#419),#423);
#419 = LINE('',#420,#421);
#420 = CARTESIAN_POINT('',(-4.662936703426E-15,4.712388980385));
#421 = VECTOR('',#422,1.);
#422 = DIRECTION('',(1.,-1.809382218788E-14));
#423 = ( GEOMETRIC_REPRESENTATION_CONTEXT(2) 
PARAMETRIC_REPRESENTATION_CONTEXT() REPRESENTATION_CONTEXT('2D SPACE',''
  ) );
#424 = ORIENTED_EDGE('',*,*,#425,.F.);
#425 = EDGE_CURVE('',#426,#397,#428,.T.);
#426 = VERTEX_POINT('',#427);
#427 = CARTESIAN_POINT('',(-17.5,72.320508075689,37.));
#428 = SURFACE_CURVE('',#429,(#433,#440),.PCURVE_S1.);
#429 = LINE('',#430,#431);
#430 = CARTESIAN_POINT('',(17.5,72.320508075689,37.));
#431 = VECTOR('',#432,1.);
#432 = DIRECTION('',(1.,-8.874685183736E-31,-5.947623346206E-16));
#433 = PCURVE('',#33,#434);
#434 = DEFINITIONAL_REPRESENTATION('',(#435),#439);
#435 = LINE('',#436,#437);
#436 = CARTESIAN_POINT('',(17.5,18.));
#437 = VECTOR('',#438,1.);
#438 = DIRECTION('',(1.,-5.947623346206E-16));
#439 = ( GEOMETRIC_REPRESENTATION_CONTEXT(2) 
PARAMETRIC_REPRESENTATION_CONTEXT() REPRESENTATION_CONTEXT('2D SPACE',''
  ) );
#440 = PCURVE('',#441,#446);
#441 = CYLINDRICAL_SURFACE('',#442,1.);
#442 = AXIS2_PLACEMENT_3D('',#443,#444,#445);
#443 = CARTESIAN_POINT('',(1.06581410364E-14,71.320508075689,37.));
#444 = DIRECTION('',(-1.,3.944304526105E-31,5.947623346206E-16));
#445 = DIRECTION('',(5.150792909956E-16,0.5,0.866025403784));
#446 = DEFINITIONAL_REPRESENTATION('',(#447),#451);
#447 = LINE('',#448,#449);
#448 = CARTESIAN_POINT('',(1.047197551197,-17.5));
#449 = VECTOR('',#450,1.);
#450 = DIRECTION('',(7.612957883144E-17,-1.));
#451 = ( GEOMETRIC_REPRESENTATION_CONTEXT(2) 
PARAMETRIC_REPRESENTATION_CONTEXT() REPRESENTATION_CONTEXT('2D SPACE',''
  ) );
#452 = ORIENTED_EDGE('',*,*,#453,.T.);
#453 = EDGE_CURVE('',#426,#255,#454,.T.);
#454 = SURFACE_CURVE('',#455,(#460,#467),.PCURVE_S1.);
#455 = CIRCLE('',#456,6.);
#456 = AXIS2_PLACEMENT_3D('',#457,#458,#459);
#457 = CARTESIAN_POINT('',(-17.5,72.320508075689,31.));
#458 = DIRECTION('',(0.,-1.,1.110223024625E-16));
#459 = DIRECTION('',(0.,-1.110223024625E-16,-1.));
#460 = PCURVE('',#33,#461);
#461 = DEFINITIONAL_REPRESENTATION('',(#462),#466);
#462 = CIRCLE('',#463,6.);
#463 = AXIS2_PLACEMENT_2D('',#464,#465);
#464 = CARTESIAN_POINT('',(-17.5,12.));
#465 = DIRECTION('',(0.,-1.));
#466 = ( GEOMETRIC_REPRESENTATION_CONTEXT(2) 
PARAMETRIC_REPRESENTATION_CONTEXT() REPRESENTATION_CONTEXT('2D SPACE',''
  ) );
#467 = PCURVE('',#468,#473);
#468 = TOROIDAL_SURFACE('',#469,6.,1.);
#469 = AXIS2_PLACEMENT_3D('',#470,#471,#472);
#470 = CARTESIAN_POINT('',(-17.5,71.320508075689,31.));
#471 = DIRECTION('',(0.,-1.,1.110223024625E-16));
#472 = DIRECTION('',(0.,-1.110223024625E-16,-1.));
#473 = DEFINITIONAL_REPRESENTATION('',(#474),#478);
#474 = LINE('',#475,#476);
#475 = CARTESIAN_POINT('',(0.,4.712388980385));
#476 = VECTOR('',#477,1.);
#477 = DIRECTION('',(1.,1.809382218788E-14));
#478 = ( GEOMETRIC_REPRESENTATION_CONTEXT(2) 
PARAMETRIC_REPRESENTATION_CONTEXT() REPRESENTATION_CONTEXT('2D SPACE',''
  ) );
#479 = ADVANCED_FACE('',(#480),#45,.F.);
#480 = FACE_BOUND('',#481,.F.);
#481 = EDGE_LOOP('',(#482,#505,#506,#529));
#482 = ORIENTED_EDGE('',*,*,#483,.F.);
#483 = EDGE_CURVE('',#22,#484,#486,.T.);
#484 = VERTEX_POINT('',#485);
#485 = CARTESIAN_POINT('',(3.9,71.,3.16));
#486 = SURFACE_CURVE('',#487,(#491,#498),.PCURVE_S1.);
#487 = LINE('',#488,#489);
#488 = CARTESIAN_POINT('',(3.9,76.,3.16));
#489 = VECTOR('',#490,1.);
#490 = DIRECTION('',(0.,-1.,0.));
#491 = PCURVE('',#45,#492);
#492 = DEFINITIONAL_REPRESENTATION('',(#493),#497);
#493 = LINE('',#494,#495);
#494 = CARTESIAN_POINT('',(0.,0.));
#495 = VECTOR('',#496,1.);
#496 = DIRECTION('',(0.,1.));
#497 = ( GEOMETRIC_REPRESENTATION_CONTEXT(2) 
PARAMETRIC_REPRESENTATION_CONTEXT() REPRESENTATION_CONTEXT('2D SPACE',''
  ) );
#498 = PCURVE('',#73,#499);
#499 = DEFINITIONAL_REPRESENTATION('',(#500),#504);
#500 = LINE('',#501,#502);
#501 = CARTESIAN_POINT('',(8.8,0.));
#502 = VECTOR('',#503,1.);
#503 = DIRECTION('',(0.,-1.));
#504 = ( GEOMETRIC_REPRESENTATION_CONTEXT(2) 
PARAMETRIC_REPRESENTATION_CONTEXT() REPRESENTATION_CONTEXT('2D SPACE',''
  ) );
#505 = ORIENTED_EDGE('',*,*,#21,.T.);
#506 = ORIENTED_EDGE('',*,*,#507,.T.);
#507 = EDGE_CURVE('',#24,#508,#510,.T.);
#508 = VERTEX_POINT('',#509);
#509 = CARTESIAN_POINT('',(4.9,71.,4.16));
#510 = SURFACE_CURVE('',#511,(#515,#522),.PCURVE_S1.);
#511 = LINE('',#512,#513);
#512 = CARTESIAN_POINT('',(4.9,76.,4.16));
#513 = VECTOR('',#514,1.);
#514 = DIRECTION('',(0.,-1.,0.));
#515 = PCURVE('',#45,#516);
#516 = DEFINITIONAL_REPRESENTATION('',(#517),#521);
#517 = LINE('',#518,#519);
#518 = CARTESIAN_POINT('',(1.570796326795,0.));
#519 = VECTOR('',#520,1.);
#520 = DIRECTION('',(0.,1.));
#521 = ( GEOMETRIC_REPRESENTATION_CONTEXT(2) 
PARAMETRIC_REPRESENTATION_CONTEXT() REPRESENTATION_CONTEXT('2D SPACE',''
  ) );
#522 = PCURVE('',#239,#523);
#523 = DEFINITIONAL_REPRESENTATION('',(#524),#528);
#524 = LINE('',#525,#526);
#525 = CARTESIAN_POINT('',(1.,0.));
#526 = VECTOR('',#527,1.);
#527 = DIRECTION('',(0.,-1.));
#528 = ( GEOMETRIC_REPRESENTATION_CONTEXT(2) 
PARAMETRIC_REPRESENTATION_CONTEXT() REPRESENTATION_CONTEXT('2D SPACE',''
  ) );
#529 = ORIENTED_EDGE('',*,*,#530,.F.);
#530 = EDGE_CURVE('',#484,#508,#531,.T.);
#531 = SURFACE_CURVE('',#532,(#537,#544),.PCURVE_S1.);
#532 = CIRCLE('',#533,1.);
#533 = AXIS2_PLACEMENT_3D('',#534,#535,#536);
#534 = CARTESIAN_POINT('',(3.9,71.,4.16));
#535 = DIRECTION('',(0.,-1.,0.));
#536 = DIRECTION('',(0.,-0.,-1.));
#537 = PCURVE('',#45,#538);
#538 = DEFINITIONAL_REPRESENTATION('',(#539),#543);
#539 = LINE('',#540,#541);
#540 = CARTESIAN_POINT('',(0.,5.));
#541 = VECTOR('',#542,1.);
#542 = DIRECTION('',(1.,0.));
#543 = ( GEOMETRIC_REPRESENTATION_CONTEXT(2) 
PARAMETRIC_REPRESENTATION_CONTEXT() REPRESENTATION_CONTEXT('2D SPACE',''
  ) );
#544 = PCURVE('',#545,#550);
#545 = PLANE('',#546);
#546 = AXIS2_PLACEMENT_3D('',#547,#548,#549);
#547 = CARTESIAN_POINT('',(-5.3,71.,1.8));
#548 = DIRECTION('',(-0.,1.,0.));
#549 = DIRECTION('',(0.,0.,1.));
#550 = DEFINITIONAL_REPRESENTATION('',(#551),#559);
#551 = ( BOUNDED_CURVE() B_SPLINE_CURVE(2,(#552,#553,#554,#555,#556,#557
,#558),.UNSPECIFIED.,.T.,.F.) B_SPLINE_CURVE_WITH_KNOTS((1,2,2,2,2,1),(
    -2.094395102393,0.,2.094395102393,4.188790204786,6.28318530718,
8.377580409573),.UNSPECIFIED.) CURVE() GEOMETRIC_REPRESENTATION_ITEM() 
RATIONAL_B_SPLINE_CURVE((1.,0.5,1.,0.5,1.,0.5,1.)) REPRESENTATION_ITEM(
  '') );
#552 = CARTESIAN_POINT('',(1.36,9.2));
#553 = CARTESIAN_POINT('',(1.36,10.932050807569));
#554 = CARTESIAN_POINT('',(2.86,10.066025403784));
#555 = CARTESIAN_POINT('',(4.36,9.2));
#556 = CARTESIAN_POINT('',(2.86,8.333974596216));
#557 = CARTESIAN_POINT('',(1.36,7.467949192431));
#558 = CARTESIAN_POINT('',(1.36,9.2));
#559 = ( GEOMETRIC_REPRESENTATION_CONTEXT(2) 
PARAMETRIC_REPRESENTATION_CONTEXT() REPRESENTATION_CONTEXT('2D SPACE',''
  ) );
#560 = ADVANCED_FACE('',(#561),#239,.T.);
#561 = FACE_BOUND('',#562,.T.);
#562 = EDGE_LOOP('',(#563,#564,#565,#586));
#563 = ORIENTED_EDGE('',*,*,#225,.T.);
#564 = ORIENTED_EDGE('',*,*,#507,.T.);
#565 = ORIENTED_EDGE('',*,*,#566,.T.);
#566 = EDGE_CURVE('',#508,#567,#569,.T.);
#567 = VERTEX_POINT('',#568);
#568 = CARTESIAN_POINT('',(4.9,71.,6.76));
#569 = SURFACE_CURVE('',#570,(#574,#580),.PCURVE_S1.);
#570 = LINE('',#571,#572);
#571 = CARTESIAN_POINT('',(4.9,71.,2.48));
#572 = VECTOR('',#573,1.);
#573 = DIRECTION('',(0.,0.,1.));
#574 = PCURVE('',#239,#575);
#575 = DEFINITIONAL_REPRESENTATION('',(#576),#579);
#576 = B_SPLINE_CURVE_WITH_KNOTS('',1,(#577,#578),.UNSPECIFIED.,.F.,.F.,
  (2,2),(1.68,4.28),.PIECEWISE_BEZIER_KNOTS.);
#577 = CARTESIAN_POINT('',(1.,-5.));
#578 = CARTESIAN_POINT('',(3.6,-5.));
#579 = ( GEOMETRIC_REPRESENTATION_CONTEXT(2) 
PARAMETRIC_REPRESENTATION_CONTEXT() REPRESENTATION_CONTEXT('2D SPACE',''
  ) );
#580 = PCURVE('',#545,#581);
#581 = DEFINITIONAL_REPRESENTATION('',(#582),#585);
#582 = B_SPLINE_CURVE_WITH_KNOTS('',1,(#583,#584),.UNSPECIFIED.,.F.,.F.,
  (2,2),(1.68,4.28),.PIECEWISE_BEZIER_KNOTS.);
#583 = CARTESIAN_POINT('',(2.36,10.2));
#584 = CARTESIAN_POINT('',(4.96,10.2));
#585 = ( GEOMETRIC_REPRESENTATION_CONTEXT(2) 
PARAMETRIC_REPRESENTATION_CONTEXT() REPRESENTATION_CONTEXT('2D SPACE',''
  ) );
#586 = ORIENTED_EDGE('',*,*,#587,.F.);
#587 = EDGE_CURVE('',#197,#567,#588,.T.);
#588 = SURFACE_CURVE('',#589,(#593,#600),.PCURVE_S1.);
#589 = LINE('',#590,#591);
#590 = CARTESIAN_POINT('',(4.9,76.,6.76));
#591 = VECTOR('',#592,1.);
#592 = DIRECTION('',(0.,-1.,0.));
#593 = PCURVE('',#239,#594);
#594 = DEFINITIONAL_REPRESENTATION('',(#595),#599);
#595 = LINE('',#596,#597);
#596 = CARTESIAN_POINT('',(3.6,0.));
#597 = VECTOR('',#598,1.);
#598 = DIRECTION('',(0.,-1.));
#599 = ( GEOMETRIC_REPRESENTATION_CONTEXT(2) 
PARAMETRIC_REPRESENTATION_CONTEXT() REPRESENTATION_CONTEXT('2D SPACE',''
  ) );
#600 = PCURVE('',#213,#601);
#601 = DEFINITIONAL_REPRESENTATION('',(#602),#606);
#602 = LINE('',#603,#604);
#603 = CARTESIAN_POINT('',(0.,0.));
#604 = VECTOR('',#605,1.);
#605 = DIRECTION('',(0.,1.));
#606 = ( GEOMETRIC_REPRESENTATION_CONTEXT(2) 
PARAMETRIC_REPRESENTATION_CONTEXT() REPRESENTATION_CONTEXT('2D SPACE',''
  ) );
#607 = ADVANCED_FACE('',(#608),#213,.F.);
#608 = FACE_BOUND('',#609,.F.);
#609 = EDGE_LOOP('',(#610,#611,#612,#635));
#610 = ORIENTED_EDGE('',*,*,#587,.F.);
#611 = ORIENTED_EDGE('',*,*,#196,.T.);
#612 = ORIENTED_EDGE('',*,*,#613,.T.);
#613 = EDGE_CURVE('',#170,#614,#616,.T.);
#614 = VERTEX_POINT('',#615);
#615 = CARTESIAN_POINT('',(3.9,71.,7.76));
#616 = SURFACE_CURVE('',#617,(#621,#628),.PCURVE_S1.);
#617 = LINE('',#618,#619);
#618 = CARTESIAN_POINT('',(3.9,76.,7.76));
#619 = VECTOR('',#620,1.);
#620 = DIRECTION('',(0.,-1.,0.));
#621 = PCURVE('',#213,#622);
#622 = DEFINITIONAL_REPRESENTATION('',(#623),#627);
#623 = LINE('',#624,#625);
#624 = CARTESIAN_POINT('',(1.570796326795,0.));
#625 = VECTOR('',#626,1.);
#626 = DIRECTION('',(0.,1.));
#627 = ( GEOMETRIC_REPRESENTATION_CONTEXT(2) 
PARAMETRIC_REPRESENTATION_CONTEXT() REPRESENTATION_CONTEXT('2D SPACE',''
  ) );
#628 = PCURVE('',#185,#629);
#629 = DEFINITIONAL_REPRESENTATION('',(#630),#634);
#630 = LINE('',#631,#632);
#631 = CARTESIAN_POINT('',(1.,0.));
#632 = VECTOR('',#633,1.);
#633 = DIRECTION('',(0.,-1.));
#634 = ( GEOMETRIC_REPRESENTATION_CONTEXT(2) 
PARAMETRIC_REPRESENTATION_CONTEXT() REPRESENTATION_CONTEXT('2D SPACE',''
  ) );
#635 = ORIENTED_EDGE('',*,*,#636,.F.);
#636 = EDGE_CURVE('',#567,#614,#637,.T.);
#637 = SURFACE_CURVE('',#638,(#643,#650),.PCURVE_S1.);
#638 = CIRCLE('',#639,1.);
#639 = AXIS2_PLACEMENT_3D('',#640,#641,#642);
#640 = CARTESIAN_POINT('',(3.9,71.,6.76));
#641 = DIRECTION('',(0.,-1.,0.));
#642 = DIRECTION('',(1.,0.,0.));
#643 = PCURVE('',#213,#644);
#644 = DEFINITIONAL_REPRESENTATION('',(#645),#649);
#645 = LINE('',#646,#647);
#646 = CARTESIAN_POINT('',(0.,5.));
#647 = VECTOR('',#648,1.);
#648 = DIRECTION('',(1.,0.));
#649 = ( GEOMETRIC_REPRESENTATION_CONTEXT(2) 
PARAMETRIC_REPRESENTATION_CONTEXT() REPRESENTATION_CONTEXT('2D SPACE',''
  ) );
#650 = PCURVE('',#545,#651);
#651 = DEFINITIONAL_REPRESENTATION('',(#652),#660);
#652 = ( BOUNDED_CURVE() B_SPLINE_CURVE(2,(#653,#654,#655,#656,#657,#658
,#659),.UNSPECIFIED.,.T.,.F.) B_SPLINE_CURVE_WITH_KNOTS((1,2,2,2,2,1),(
    -2.094395102393,0.,2.094395102393,4.188790204786,6.28318530718,
8.377580409573),.UNSPECIFIED.) CURVE() GEOMETRIC_REPRESENTATION_ITEM() 
RATIONAL_B_SPLINE_CURVE((1.,0.5,1.,0.5,1.,0.5,1.)) REPRESENTATION_ITEM(
  '') );
#653 = CARTESIAN_POINT('',(4.96,10.2));
#654 = CARTESIAN_POINT('',(6.692050807569,10.2));
#655 = CARTESIAN_POINT('',(5.826025403784,8.7));
#656 = CARTESIAN_POINT('',(4.96,7.2));
#657 = CARTESIAN_POINT('',(4.093974596216,8.7));
#658 = CARTESIAN_POINT('',(3.227949192431,10.2));
#659 = CARTESIAN_POINT('',(4.96,10.2));
#660 = ( GEOMETRIC_REPRESENTATION_CONTEXT(2) 
PARAMETRIC_REPRESENTATION_CONTEXT() REPRESENTATION_CONTEXT('2D SPACE',''
  ) );
#661 = ADVANCED_FACE('',(#662),#185,.T.);
#662 = FACE_BOUND('',#663,.T.);
#663 = EDGE_LOOP('',(#664,#665,#666,#687));
#664 = ORIENTED_EDGE('',*,*,#169,.T.);
#665 = ORIENTED_EDGE('',*,*,#613,.T.);
#666 = ORIENTED_EDGE('',*,*,#667,.T.);
#667 = EDGE_CURVE('',#614,#668,#670,.T.);
#668 = VERTEX_POINT('',#669);
#669 = CARTESIAN_POINT('',(-3.9,71.,7.76));
#670 = SURFACE_CURVE('',#671,(#675,#681),.PCURVE_S1.);
#671 = LINE('',#672,#673);
#672 = CARTESIAN_POINT('',(-0.2,71.,7.76));
#673 = VECTOR('',#674,1.);
#674 = DIRECTION('',(-1.,-0.,0.));
#675 = PCURVE('',#185,#676);
#676 = DEFINITIONAL_REPRESENTATION('',(#677),#680);
#677 = B_SPLINE_CURVE_WITH_KNOTS('',1,(#678,#679),.UNSPECIFIED.,.F.,.F.,
  (2,2),(-4.1,3.7),.PIECEWISE_BEZIER_KNOTS.);
#678 = CARTESIAN_POINT('',(1.,-5.));
#679 = CARTESIAN_POINT('',(8.8,-5.));
#680 = ( GEOMETRIC_REPRESENTATION_CONTEXT(2) 
PARAMETRIC_REPRESENTATION_CONTEXT() REPRESENTATION_CONTEXT('2D SPACE',''
  ) );
#681 = PCURVE('',#545,#682);
#682 = DEFINITIONAL_REPRESENTATION('',(#683),#686);
#683 = B_SPLINE_CURVE_WITH_KNOTS('',1,(#684,#685),.UNSPECIFIED.,.F.,.F.,
  (2,2),(-4.1,3.7),.PIECEWISE_BEZIER_KNOTS.);
#684 = CARTESIAN_POINT('',(5.96,9.2));
#685 = CARTESIAN_POINT('',(5.96,1.4));
#686 = ( GEOMETRIC_REPRESENTATION_CONTEXT(2) 
PARAMETRIC_REPRESENTATION_CONTEXT() REPRESENTATION_CONTEXT('2D SPACE',''
  ) );
#687 = ORIENTED_EDGE('',*,*,#688,.F.);
#688 = EDGE_CURVE('',#141,#668,#689,.T.);
#689 = SURFACE_CURVE('',#690,(#694,#701),.PCURVE_S1.);
#690 = LINE('',#691,#692);
#691 = CARTESIAN_POINT('',(-3.9,76.,7.76));
#692 = VECTOR('',#693,1.);
#693 = DIRECTION('',(0.,-1.,0.));
#694 = PCURVE('',#185,#695);
#695 = DEFINITIONAL_REPRESENTATION('',(#696),#700);
#696 = LINE('',#697,#698);
#697 = CARTESIAN_POINT('',(8.8,0.));
#698 = VECTOR('',#699,1.);
#699 = DIRECTION('',(0.,-1.));
#700 = ( GEOMETRIC_REPRESENTATION_CONTEXT(2) 
PARAMETRIC_REPRESENTATION_CONTEXT() REPRESENTATION_CONTEXT('2D SPACE',''
  ) );
#701 = PCURVE('',#157,#702);
#702 = DEFINITIONAL_REPRESENTATION('',(#703),#707);
#703 = LINE('',#704,#705);
#704 = CARTESIAN_POINT('',(0.,0.));
#705 = VECTOR('',#706,1.);
#706 = DIRECTION('',(0.,1.));
#707 = ( GEOMETRIC_REPRESENTATION_CONTEXT(2) 
PARAMETRIC_REPRESENTATION_CONTEXT() REPRESENTATION_CONTEXT('2D SPACE',''
  ) );
#708 = ADVANCED_FACE('',(#709),#157,.F.);
#709 = FACE_BOUND('',#710,.F.);
#710 = EDGE_LOOP('',(#711,#712,#713,#736));
#711 = ORIENTED_EDGE('',*,*,#688,.F.);
#712 = ORIENTED_EDGE('',*,*,#140,.T.);
#713 = ORIENTED_EDGE('',*,*,#714,.T.);
#714 = EDGE_CURVE('',#114,#715,#717,.T.);
#715 = VERTEX_POINT('',#716);
#716 = CARTESIAN_POINT('',(-4.9,71.,6.76));
#717 = SURFACE_CURVE('',#718,(#722,#729),.PCURVE_S1.);
#718 = LINE('',#719,#720);
#719 = CARTESIAN_POINT('',(-4.9,76.,6.76));
#720 = VECTOR('',#721,1.);
#721 = DIRECTION('',(0.,-1.,0.));
#722 = PCURVE('',#157,#723);
#723 = DEFINITIONAL_REPRESENTATION('',(#724),#728);
#724 = LINE('',#725,#726);
#725 = CARTESIAN_POINT('',(1.570796326795,0.));
#726 = VECTOR('',#727,1.);
#727 = DIRECTION('',(0.,1.));
#728 = ( GEOMETRIC_REPRESENTATION_CONTEXT(2) 
PARAMETRIC_REPRESENTATION_CONTEXT() REPRESENTATION_CONTEXT('2D SPACE',''
  ) );
#729 = PCURVE('',#129,#730);
#730 = DEFINITIONAL_REPRESENTATION('',(#731),#735);
#731 = LINE('',#732,#733);
#732 = CARTESIAN_POINT('',(1.,0.));
#733 = VECTOR('',#734,1.);
#734 = DIRECTION('',(0.,-1.));
#735 = ( GEOMETRIC_REPRESENTATION_CONTEXT(2) 
PARAMETRIC_REPRESENTATION_CONTEXT() REPRESENTATION_CONTEXT('2D SPACE',''
  ) );
#736 = ORIENTED_EDGE('',*,*,#737,.F.);
#737 = EDGE_CURVE('',#668,#715,#738,.T.);
#738 = SURFACE_CURVE('',#739,(#744,#751),.PCURVE_S1.);
#739 = CIRCLE('',#740,1.);
#740 = AXIS2_PLACEMENT_3D('',#741,#742,#743);
#741 = CARTESIAN_POINT('',(-3.9,71.,6.76));
#742 = DIRECTION('',(0.,-1.,0.));
#743 = DIRECTION('',(-0.,0.,1.));
#744 = PCURVE('',#157,#745);
#745 = DEFINITIONAL_REPRESENTATION('',(#746),#750);
#746 = LINE('',#747,#748);
#747 = CARTESIAN_POINT('',(0.,5.));
#748 = VECTOR('',#749,1.);
#749 = DIRECTION('',(1.,0.));
#750 = ( GEOMETRIC_REPRESENTATION_CONTEXT(2) 
PARAMETRIC_REPRESENTATION_CONTEXT() REPRESENTATION_CONTEXT('2D SPACE',''
  ) );
#751 = PCURVE('',#545,#752);
#752 = DEFINITIONAL_REPRESENTATION('',(#753),#761);
#753 = ( BOUNDED_CURVE() B_SPLINE_CURVE(2,(#754,#755,#756,#757,#758,#759
,#760),.UNSPECIFIED.,.T.,.F.) B_SPLINE_CURVE_WITH_KNOTS((1,2,2,2,2,1),(
    -2.094395102393,0.,2.094395102393,4.188790204786,6.28318530718,
8.377580409573),.UNSPECIFIED.) CURVE() GEOMETRIC_REPRESENTATION_ITEM() 
RATIONAL_B_SPLINE_CURVE((1.,0.5,1.,0.5,1.,0.5,1.)) REPRESENTATION_ITEM(
  '') );
#754 = CARTESIAN_POINT('',(5.96,1.4));
#755 = CARTESIAN_POINT('',(5.96,-0.332050807569));
#756 = CARTESIAN_POINT('',(4.46,0.533974596216));
#757 = CARTESIAN_POINT('',(2.96,1.4));
#758 = CARTESIAN_POINT('',(4.46,2.266025403784));
#759 = CARTESIAN_POINT('',(5.96,3.132050807569));
#760 = CARTESIAN_POINT('',(5.96,1.4));
#761 = ( GEOMETRIC_REPRESENTATION_CONTEXT(2) 
PARAMETRIC_REPRESENTATION_CONTEXT() REPRESENTATION_CONTEXT('2D SPACE',''
  ) );
#762 = ADVANCED_FACE('',(#763),#129,.T.);
#763 = FACE_BOUND('',#764,.T.);
#764 = EDGE_LOOP('',(#765,#766,#767,#788));
#765 = ORIENTED_EDGE('',*,*,#113,.T.);
#766 = ORIENTED_EDGE('',*,*,#714,.T.);
#767 = ORIENTED_EDGE('',*,*,#768,.T.);
#768 = EDGE_CURVE('',#715,#769,#771,.T.);
#769 = VERTEX_POINT('',#770);
#770 = CARTESIAN_POINT('',(-4.9,71.,4.16));
#771 = SURFACE_CURVE('',#772,(#776,#782),.PCURVE_S1.);
#772 = LINE('',#773,#774);
#773 = CARTESIAN_POINT('',(-4.9,71.,4.78));
#774 = VECTOR('',#775,1.);
#775 = DIRECTION('',(0.,0.,-1.));
#776 = PCURVE('',#129,#777);
#777 = DEFINITIONAL_REPRESENTATION('',(#778),#781);
#778 = B_SPLINE_CURVE_WITH_KNOTS('',1,(#779,#780),.UNSPECIFIED.,.F.,.F.,
  (2,2),(-1.98,0.62),.PIECEWISE_BEZIER_KNOTS.);
#779 = CARTESIAN_POINT('',(1.,-5.));
#780 = CARTESIAN_POINT('',(3.6,-5.));
#781 = ( GEOMETRIC_REPRESENTATION_CONTEXT(2) 
PARAMETRIC_REPRESENTATION_CONTEXT() REPRESENTATION_CONTEXT('2D SPACE',''
  ) );
#782 = PCURVE('',#545,#783);
#783 = DEFINITIONAL_REPRESENTATION('',(#784),#787);
#784 = B_SPLINE_CURVE_WITH_KNOTS('',1,(#785,#786),.UNSPECIFIED.,.F.,.F.,
  (2,2),(-1.98,0.62),.PIECEWISE_BEZIER_KNOTS.);
#785 = CARTESIAN_POINT('',(4.96,0.4));
#786 = CARTESIAN_POINT('',(2.36,0.4));
#787 = ( GEOMETRIC_REPRESENTATION_CONTEXT(2) 
PARAMETRIC_REPRESENTATION_CONTEXT() REPRESENTATION_CONTEXT('2D SPACE',''
  ) );
#788 = ORIENTED_EDGE('',*,*,#789,.F.);
#789 = EDGE_CURVE('',#85,#769,#790,.T.);
#790 = SURFACE_CURVE('',#791,(#795,#802),.PCURVE_S1.);
#791 = LINE('',#792,#793);
#792 = CARTESIAN_POINT('',(-4.9,76.,4.16));
#793 = VECTOR('',#794,1.);
#794 = DIRECTION('',(0.,-1.,0.));
#795 = PCURVE('',#129,#796);
#796 = DEFINITIONAL_REPRESENTATION('',(#797),#801);
#797 = LINE('',#798,#799);
#798 = CARTESIAN_POINT('',(3.6,0.));
#799 = VECTOR('',#800,1.);
#800 = DIRECTION('',(0.,-1.));
#801 = ( GEOMETRIC_REPRESENTATION_CONTEXT(2) 
PARAMETRIC_REPRESENTATION_CONTEXT() REPRESENTATION_CONTEXT('2D SPACE',''
  ) );
#802 = PCURVE('',#101,#803);
#803 = DEFINITIONAL_REPRESENTATION('',(#804),#808);
#804 = LINE('',#805,#806);
#805 = CARTESIAN_POINT('',(-1.570796326795,0.));
#806 = VECTOR('',#807,1.);
#807 = DIRECTION('',(-0.,1.));
#808 = ( GEOMETRIC_REPRESENTATION_CONTEXT(2) 
PARAMETRIC_REPRESENTATION_CONTEXT() REPRESENTATION_CONTEXT('2D SPACE',''
  ) );
#809 = ADVANCED_FACE('',(#810),#101,.F.);
#810 = FACE_BOUND('',#811,.T.);
#811 = EDGE_LOOP('',(#812,#835,#836,#837));
#812 = ORIENTED_EDGE('',*,*,#813,.F.);
#813 = EDGE_CURVE('',#58,#814,#816,.T.);
#814 = VERTEX_POINT('',#815);
#815 = CARTESIAN_POINT('',(-3.9,71.,3.16));
#816 = SURFACE_CURVE('',#817,(#821,#828),.PCURVE_S1.);
#817 = LINE('',#818,#819);
#818 = CARTESIAN_POINT('',(-3.9,76.,3.16));
#819 = VECTOR('',#820,1.);
#820 = DIRECTION('',(0.,-1.,0.));
#821 = PCURVE('',#101,#822);
#822 = DEFINITIONAL_REPRESENTATION('',(#823),#827);
#823 = LINE('',#824,#825);
#824 = CARTESIAN_POINT('',(-0.,0.));
#825 = VECTOR('',#826,1.);
#826 = DIRECTION('',(-0.,1.));
#827 = ( GEOMETRIC_REPRESENTATION_CONTEXT(2) 
PARAMETRIC_REPRESENTATION_CONTEXT() REPRESENTATION_CONTEXT('2D SPACE',''
  ) );
#828 = PCURVE('',#73,#829);
#829 = DEFINITIONAL_REPRESENTATION('',(#830),#834);
#830 = LINE('',#831,#832);
#831 = CARTESIAN_POINT('',(1.,0.));
#832 = VECTOR('',#833,1.);
#833 = DIRECTION('',(0.,-1.));
#834 = ( GEOMETRIC_REPRESENTATION_CONTEXT(2) 
PARAMETRIC_REPRESENTATION_CONTEXT() REPRESENTATION_CONTEXT('2D SPACE',''
  ) );
#835 = ORIENTED_EDGE('',*,*,#84,.F.);
#836 = ORIENTED_EDGE('',*,*,#789,.T.);
#837 = ORIENTED_EDGE('',*,*,#838,.T.);
#838 = EDGE_CURVE('',#769,#814,#839,.T.);
#839 = SURFACE_CURVE('',#840,(#845,#852),.PCURVE_S1.);
#840 = CIRCLE('',#841,1.);
#841 = AXIS2_PLACEMENT_3D('',#842,#843,#844);
#842 = CARTESIAN_POINT('',(-3.9,71.,4.16));
#843 = DIRECTION('',(0.,-1.,0.));
#844 = DIRECTION('',(0.,-0.,-1.));
#845 = PCURVE('',#101,#846);
#846 = DEFINITIONAL_REPRESENTATION('',(#847),#851);
#847 = LINE('',#848,#849);
#848 = CARTESIAN_POINT('',(-6.28318530718,5.));
#849 = VECTOR('',#850,1.);
#850 = DIRECTION('',(1.,-0.));
#851 = ( GEOMETRIC_REPRESENTATION_CONTEXT(2) 
PARAMETRIC_REPRESENTATION_CONTEXT() REPRESENTATION_CONTEXT('2D SPACE',''
  ) );
#852 = PCURVE('',#545,#853);
#853 = DEFINITIONAL_REPRESENTATION('',(#854),#862);
#854 = ( BOUNDED_CURVE() B_SPLINE_CURVE(2,(#855,#856,#857,#858,#859,#860
,#861),.UNSPECIFIED.,.T.,.F.) B_SPLINE_CURVE_WITH_KNOTS((1,2,2,2,2,1),(
    -2.094395102393,0.,2.094395102393,4.188790204786,6.28318530718,
8.377580409573),.UNSPECIFIED.) CURVE() GEOMETRIC_REPRESENTATION_ITEM() 
RATIONAL_B_SPLINE_CURVE((1.,0.5,1.,0.5,1.,0.5,1.)) REPRESENTATION_ITEM(
  '') );
#855 = CARTESIAN_POINT('',(1.36,1.4));
#856 = CARTESIAN_POINT('',(1.36,3.132050807569));
#857 = CARTESIAN_POINT('',(2.86,2.266025403784));
#858 = CARTESIAN_POINT('',(4.36,1.4));
#859 = CARTESIAN_POINT('',(2.86,0.533974596216));
#860 = CARTESIAN_POINT('',(1.36,-0.332050807569));
#861 = CARTESIAN_POINT('',(1.36,1.4));
#862 = ( GEOMETRIC_REPRESENTATION_CONTEXT(2) 
PARAMETRIC_REPRESENTATION_CONTEXT() REPRESENTATION_CONTEXT('2D SPACE',''
  ) );
#863 = ADVANCED_FACE('',(#864),#270,.T.);
#864 = FACE_BOUND('',#865,.T.);
#865 = EDGE_LOOP('',(#866,#890,#891,#915));
#866 = ORIENTED_EDGE('',*,*,#867,.T.);
#867 = EDGE_CURVE('',#868,#255,#870,.T.);
#868 = VERTEX_POINT('',#869);
#869 = CARTESIAN_POINT('',(-24.5,71.320508075689,31.));
#870 = SURFACE_CURVE('',#871,(#876,#883),.PCURVE_S1.);
#871 = CIRCLE('',#872,1.);
#872 = AXIS2_PLACEMENT_3D('',#873,#874,#875);
#873 = CARTESIAN_POINT('',(-23.5,71.320508075689,31.));
#874 = DIRECTION('',(0.,4.440892098501E-16,-1.));
#875 = DIRECTION('',(0.,1.,4.440892098501E-16));
#876 = PCURVE('',#270,#877);
#877 = DEFINITIONAL_REPRESENTATION('',(#878),#882);
#878 = LINE('',#879,#880);
#879 = CARTESIAN_POINT('',(-2.84217094304E-14,-12.));
#880 = VECTOR('',#881,1.);
#881 = DIRECTION('',(1.,0.));
#882 = ( GEOMETRIC_REPRESENTATION_CONTEXT(2) 
PARAMETRIC_REPRESENTATION_CONTEXT() REPRESENTATION_CONTEXT('2D SPACE',''
  ) );
#883 = PCURVE('',#468,#884);
#884 = DEFINITIONAL_REPRESENTATION('',(#885),#889);
#885 = LINE('',#886,#887);
#886 = CARTESIAN_POINT('',(4.712388980385,10.995574287564));
#887 = VECTOR('',#888,1.);
#888 = DIRECTION('',(0.,-1.));
#889 = ( GEOMETRIC_REPRESENTATION_CONTEXT(2) 
PARAMETRIC_REPRESENTATION_CONTEXT() REPRESENTATION_CONTEXT('2D SPACE',''
  ) );
#890 = ORIENTED_EDGE('',*,*,#252,.F.);
#891 = ORIENTED_EDGE('',*,*,#892,.F.);
#892 = EDGE_CURVE('',#893,#253,#895,.T.);
#893 = VERTEX_POINT('',#894);
#894 = CARTESIAN_POINT('',(-24.5,71.320508075689,-2.5));
#895 = SURFACE_CURVE('',#896,(#901,#908),.PCURVE_S1.);
#896 = CIRCLE('',#897,1.);
#897 = AXIS2_PLACEMENT_3D('',#898,#899,#900);
#898 = CARTESIAN_POINT('',(-23.5,71.320508075689,-2.5));
#899 = DIRECTION('',(0.,-1.110223024625E-16,-1.));
#900 = DIRECTION('',(0.,1.,-1.110223024625E-16));
#901 = PCURVE('',#270,#902);
#902 = DEFINITIONAL_REPRESENTATION('',(#903),#907);
#903 = LINE('',#904,#905);
#904 = CARTESIAN_POINT('',(-0.,21.5));
#905 = VECTOR('',#906,1.);
#906 = DIRECTION('',(1.,-0.));
#907 = ( GEOMETRIC_REPRESENTATION_CONTEXT(2) 
PARAMETRIC_REPRESENTATION_CONTEXT() REPRESENTATION_CONTEXT('2D SPACE',''
  ) );
#908 = PCURVE('',#299,#909);
#909 = DEFINITIONAL_REPRESENTATION('',(#910),#914);
#910 = LINE('',#911,#912);
#911 = CARTESIAN_POINT('',(4.712388980385,10.995574287564));
#912 = VECTOR('',#913,1.);
#913 = DIRECTION('',(-5.654319433713E-16,-1.));
#914 = ( GEOMETRIC_REPRESENTATION_CONTEXT(2) 
PARAMETRIC_REPRESENTATION_CONTEXT() REPRESENTATION_CONTEXT('2D SPACE',''
  ) );
#915 = ORIENTED_EDGE('',*,*,#916,.T.);
#916 = EDGE_CURVE('',#893,#868,#917,.T.);
#917 = SURFACE_CURVE('',#918,(#922,#929),.PCURVE_S1.);
#918 = LINE('',#919,#920);
#919 = CARTESIAN_POINT('',(-24.5,71.320508075689,-2.5));
#920 = VECTOR('',#921,1.);
#921 = DIRECTION('',(0.,-4.242046183642E-16,1.));
#922 = PCURVE('',#270,#923);
#923 = DEFINITIONAL_REPRESENTATION('',(#924),#928);
#924 = LINE('',#925,#926);
#925 = CARTESIAN_POINT('',(4.712388980385,21.5));
#926 = VECTOR('',#927,1.);
#927 = DIRECTION('',(0.,-1.));
#928 = ( GEOMETRIC_REPRESENTATION_CONTEXT(2) 
PARAMETRIC_REPRESENTATION_CONTEXT() REPRESENTATION_CONTEXT('2D SPACE',''
  ) );
#929 = PCURVE('',#930,#935);
#930 = PLANE('',#931);
#931 = AXIS2_PLACEMENT_3D('',#932,#933,#934);
#932 = CARTESIAN_POINT('',(-24.5,9.5,26.454482671904));
#933 = DIRECTION('',(-1.,2.891205793295E-16,5.007715329124E-16));
#934 = DIRECTION('',(5.782411586589E-16,0.5,0.866025403784));
#935 = DEFINITIONAL_REPRESENTATION('',(#936),#940);
#936 = LINE('',#937,#938);
#937 = CARTESIAN_POINT('',(5.834936490539,68.01537180436));
#938 = VECTOR('',#939,1.);
#939 = DIRECTION('',(0.866025403784,-0.5));
#940 = ( GEOMETRIC_REPRESENTATION_CONTEXT(2) 
PARAMETRIC_REPRESENTATION_CONTEXT() REPRESENTATION_CONTEXT('2D SPACE',''
  ) );
#941 = ADVANCED_FACE('',(#942),#299,.T.);
#942 = FACE_BOUND('',#943,.T.);
#943 = EDGE_LOOP('',(#944,#967,#993,#994));
#944 = ORIENTED_EDGE('',*,*,#945,.T.);
#945 = EDGE_CURVE('',#283,#946,#948,.T.);
#946 = VERTEX_POINT('',#947);
#947 = CARTESIAN_POINT('',(-17.5,71.320508075689,-9.5));
#948 = SURFACE_CURVE('',#949,(#954,#960),.PCURVE_S1.);
#949 = CIRCLE('',#950,1.);
#950 = AXIS2_PLACEMENT_3D('',#951,#952,#953);
#951 = CARTESIAN_POINT('',(-17.5,71.320508075689,-8.5));
#952 = DIRECTION('',(-1.,0.,0.));
#953 = DIRECTION('',(0.,0.5,0.866025403784));
#954 = PCURVE('',#299,#955);
#955 = DEFINITIONAL_REPRESENTATION('',(#956),#959);
#956 = B_SPLINE_CURVE_WITH_KNOTS('',1,(#957,#958),.UNSPECIFIED.,.F.,.F.,
  (2,2),(1.047197551197,2.617993877991),.PIECEWISE_BEZIER_KNOTS.);
#957 = CARTESIAN_POINT('',(6.28318530718,4.712388980385));
#958 = CARTESIAN_POINT('',(6.28318530718,6.28318530718));
#959 = ( GEOMETRIC_REPRESENTATION_CONTEXT(2) 
PARAMETRIC_REPRESENTATION_CONTEXT() REPRESENTATION_CONTEXT('2D SPACE',''
  ) );
#960 = PCURVE('',#327,#961);
#961 = DEFINITIONAL_REPRESENTATION('',(#962),#966);
#962 = LINE('',#963,#964);
#963 = CARTESIAN_POINT('',(3.14159265359,-17.5));
#964 = VECTOR('',#965,1.);
#965 = DIRECTION('',(-1.,0.));
#966 = ( GEOMETRIC_REPRESENTATION_CONTEXT(2) 
PARAMETRIC_REPRESENTATION_CONTEXT() REPRESENTATION_CONTEXT('2D SPACE',''
  ) );
#967 = ORIENTED_EDGE('',*,*,#968,.F.);
#968 = EDGE_CURVE('',#893,#946,#969,.T.);
#969 = SURFACE_CURVE('',#970,(#975,#981),.PCURVE_S1.);
#970 = CIRCLE('',#971,7.);
#971 = AXIS2_PLACEMENT_3D('',#972,#973,#974);
#972 = CARTESIAN_POINT('',(-17.5,71.320508075689,-2.5));
#973 = DIRECTION('',(0.,-1.,1.110223024625E-16));
#974 = DIRECTION('',(0.,-1.110223024625E-16,-1.));
#975 = PCURVE('',#299,#976);
#976 = DEFINITIONAL_REPRESENTATION('',(#977),#980);
#977 = B_SPLINE_CURVE_WITH_KNOTS('',1,(#978,#979),.UNSPECIFIED.,.F.,.F.,
  (2,2),(4.712388980385,6.28318530718),.PIECEWISE_BEZIER_KNOTS.);
#978 = CARTESIAN_POINT('',(4.712388980385,6.28318530718));
#979 = CARTESIAN_POINT('',(6.28318530718,6.28318530718));
#980 = ( GEOMETRIC_REPRESENTATION_CONTEXT(2) 
PARAMETRIC_REPRESENTATION_CONTEXT() REPRESENTATION_CONTEXT('2D SPACE',''
  ) );
#981 = PCURVE('',#982,#987);
#982 = CYLINDRICAL_SURFACE('',#983,7.);
#983 = AXIS2_PLACEMENT_3D('',#984,#985,#986);
#984 = CARTESIAN_POINT('',(-17.5,17.320508075689,-2.5));
#985 = DIRECTION('',(0.,1.,-1.110223024625E-16));
#986 = DIRECTION('',(0.,1.110223024625E-16,1.));
#987 = DEFINITIONAL_REPRESENTATION('',(#988),#992);
#988 = LINE('',#989,#990);
#989 = CARTESIAN_POINT('',(9.424777960769,54.));
#990 = VECTOR('',#991,1.);
#991 = DIRECTION('',(-1.,4.52345554697E-15));
#992 = ( GEOMETRIC_REPRESENTATION_CONTEXT(2) 
PARAMETRIC_REPRESENTATION_CONTEXT() REPRESENTATION_CONTEXT('2D SPACE',''
  ) );
#993 = ORIENTED_EDGE('',*,*,#892,.T.);
#994 = ORIENTED_EDGE('',*,*,#282,.T.);
#995 = ADVANCED_FACE('',(#996),#468,.T.);
#996 = FACE_BOUND('',#997,.T.);
#997 = EDGE_LOOP('',(#998,#1022,#1023,#1024));
#998 = ORIENTED_EDGE('',*,*,#999,.T.);
#999 = EDGE_CURVE('',#1000,#426,#1002,.T.);
#1000 = VERTEX_POINT('',#1001);
#1001 = CARTESIAN_POINT('',(-17.5,71.320508075689,38.));
#1002 = SURFACE_CURVE('',#1003,(#1008,#1015),.PCURVE_S1.);
#1003 = CIRCLE('',#1004,1.);
#1004 = AXIS2_PLACEMENT_3D('',#1005,#1006,#1007);
#1005 = CARTESIAN_POINT('',(-17.5,71.320508075689,37.));
#1006 = DIRECTION('',(-1.,0.,0.));
#1007 = DIRECTION('',(0.,0.5,0.866025403784));
#1008 = PCURVE('',#468,#1009);
#1009 = DEFINITIONAL_REPRESENTATION('',(#1010),#1014);
#1010 = LINE('',#1011,#1012);
#1011 = CARTESIAN_POINT('',(3.14159265359,12.042771838761));
#1012 = VECTOR('',#1013,1.);
#1013 = DIRECTION('',(0.,-1.));
#1014 = ( GEOMETRIC_REPRESENTATION_CONTEXT(2) 
PARAMETRIC_REPRESENTATION_CONTEXT() REPRESENTATION_CONTEXT('2D SPACE',''
  ) );
#1015 = PCURVE('',#441,#1016);
#1016 = DEFINITIONAL_REPRESENTATION('',(#1017),#1021);
#1017 = LINE('',#1018,#1019);
#1018 = CARTESIAN_POINT('',(-6.28318530718,17.5));
#1019 = VECTOR('',#1020,1.);
#1020 = DIRECTION('',(1.,0.));
#1021 = ( GEOMETRIC_REPRESENTATION_CONTEXT(2) 
PARAMETRIC_REPRESENTATION_CONTEXT() REPRESENTATION_CONTEXT('2D SPACE',''
  ) );
#1022 = ORIENTED_EDGE('',*,*,#453,.T.);
#1023 = ORIENTED_EDGE('',*,*,#867,.F.);
#1024 = ORIENTED_EDGE('',*,*,#1025,.F.);
#1025 = EDGE_CURVE('',#1000,#868,#1026,.T.);
#1026 = SURFACE_CURVE('',#1027,(#1032,#1039),.PCURVE_S1.);
#1027 = CIRCLE('',#1028,7.);
#1028 = AXIS2_PLACEMENT_3D('',#1029,#1030,#1031);
#1029 = CARTESIAN_POINT('',(-17.5,71.320508075689,31.));
#1030 = DIRECTION('',(0.,-1.,1.110223024625E-16));
#1031 = DIRECTION('',(0.,-1.110223024625E-16,-1.));
#1032 = PCURVE('',#468,#1033);
#1033 = DEFINITIONAL_REPRESENTATION('',(#1034),#1038);
#1034 = LINE('',#1035,#1036);
#1035 = CARTESIAN_POINT('',(0.,6.28318530718));
#1036 = VECTOR('',#1037,1.);
#1037 = DIRECTION('',(1.,0.));
#1038 = ( GEOMETRIC_REPRESENTATION_CONTEXT(2) 
PARAMETRIC_REPRESENTATION_CONTEXT() REPRESENTATION_CONTEXT('2D SPACE',''
  ) );
#1039 = PCURVE('',#1040,#1045);
#1040 = CYLINDRICAL_SURFACE('',#1041,7.);
#1041 = AXIS2_PLACEMENT_3D('',#1042,#1043,#1044);
#1042 = CARTESIAN_POINT('',(-17.5,17.320508075689,31.));
#1043 = DIRECTION('',(0.,1.,-1.110223024625E-16));
#1044 = DIRECTION('',(0.,1.110223024625E-16,1.));
#1045 = DEFINITIONAL_REPRESENTATION('',(#1046),#1050);
#1046 = LINE('',#1047,#1048);
#1047 = CARTESIAN_POINT('',(9.424777960769,54.));
#1048 = VECTOR('',#1049,1.);
#1049 = DIRECTION('',(-1.,0.));
#1050 = ( GEOMETRIC_REPRESENTATION_CONTEXT(2) 
PARAMETRIC_REPRESENTATION_CONTEXT() REPRESENTATION_CONTEXT('2D SPACE',''
  ) );
#1051 = ADVANCED_FACE('',(#1052),#327,.T.);
#1052 = FACE_BOUND('',#1053,.T.);
#1053 = EDGE_LOOP('',(#1054,#1077,#1102,#1103));
#1054 = ORIENTED_EDGE('',*,*,#1055,.T.);
#1055 = EDGE_CURVE('',#312,#1056,#1058,.T.);
#1056 = VERTEX_POINT('',#1057);
#1057 = CARTESIAN_POINT('',(17.5,71.320508075689,-9.5));
#1058 = SURFACE_CURVE('',#1059,(#1064,#1070),.PCURVE_S1.);
#1059 = CIRCLE('',#1060,1.);
#1060 = AXIS2_PLACEMENT_3D('',#1061,#1062,#1063);
#1061 = CARTESIAN_POINT('',(17.5,71.320508075689,-8.5));
#1062 = DIRECTION('',(-1.,0.,0.));
#1063 = DIRECTION('',(0.,0.5,0.866025403784));
#1064 = PCURVE('',#327,#1065);
#1065 = DEFINITIONAL_REPRESENTATION('',(#1066),#1069);
#1066 = B_SPLINE_CURVE_WITH_KNOTS('',1,(#1067,#1068),.UNSPECIFIED.,.F.,
  .F.,(2,2),(1.047197551197,2.617993877991),.PIECEWISE_BEZIER_KNOTS.);
#1067 = CARTESIAN_POINT('',(2.094395102393,17.5));
#1068 = CARTESIAN_POINT('',(0.523598775598,17.5));
#1069 = ( GEOMETRIC_REPRESENTATION_CONTEXT(2) 
PARAMETRIC_REPRESENTATION_CONTEXT() REPRESENTATION_CONTEXT('2D SPACE',''
  ) );
#1070 = PCURVE('',#356,#1071);
#1071 = DEFINITIONAL_REPRESENTATION('',(#1072),#1076);
#1072 = LINE('',#1073,#1074);
#1073 = CARTESIAN_POINT('',(0.,3.665191429188));
#1074 = VECTOR('',#1075,1.);
#1075 = DIRECTION('',(0.,1.));
#1076 = ( GEOMETRIC_REPRESENTATION_CONTEXT(2) 
PARAMETRIC_REPRESENTATION_CONTEXT() REPRESENTATION_CONTEXT('2D SPACE',''
  ) );
#1077 = ORIENTED_EDGE('',*,*,#1078,.T.);
#1078 = EDGE_CURVE('',#1056,#946,#1079,.T.);
#1079 = SURFACE_CURVE('',#1080,(#1084,#1090),.PCURVE_S1.);
#1080 = LINE('',#1081,#1082);
#1081 = CARTESIAN_POINT('',(17.5,71.320508075689,-9.5));
#1082 = VECTOR('',#1083,1.);
#1083 = DIRECTION('',(-1.,3.944304526105E-31,5.947623346206E-16));
#1084 = PCURVE('',#327,#1085);
#1085 = DEFINITIONAL_REPRESENTATION('',(#1086),#1089);
#1086 = B_SPLINE_CURVE_WITH_KNOTS('',1,(#1087,#1088),.UNSPECIFIED.,.F.,
  .F.,(2,2),(0.,35.),.PIECEWISE_BEZIER_KNOTS.);
#1087 = CARTESIAN_POINT('',(0.523598775598,17.5));
#1088 = CARTESIAN_POINT('',(0.523598775598,-17.5));
#1089 = ( GEOMETRIC_REPRESENTATION_CONTEXT(2) 
PARAMETRIC_REPRESENTATION_CONTEXT() REPRESENTATION_CONTEXT('2D SPACE',''
  ) );
#1090 = PCURVE('',#1091,#1096);
#1091 = PLANE('',#1092);
#1092 = AXIS2_PLACEMENT_3D('',#1093,#1094,#1095);
#1093 = CARTESIAN_POINT('',(3.552713678801E-15,17.320508075689,-9.5));
#1094 = DIRECTION('',(-5.947623346206E-16,-1.110223024625E-16,-1.));
#1095 = DIRECTION('',(0.,1.,-1.110223024625E-16));
#1096 = DEFINITIONAL_REPRESENTATION('',(#1097),#1101);
#1097 = LINE('',#1098,#1099);
#1098 = CARTESIAN_POINT('',(54.,17.5));
#1099 = VECTOR('',#1100,1.);
#1100 = DIRECTION('',(3.283985688029E-31,-1.));
#1101 = ( GEOMETRIC_REPRESENTATION_CONTEXT(2) 
PARAMETRIC_REPRESENTATION_CONTEXT() REPRESENTATION_CONTEXT('2D SPACE',''
  ) );
#1102 = ORIENTED_EDGE('',*,*,#945,.F.);
#1103 = ORIENTED_EDGE('',*,*,#311,.F.);
#1104 = ADVANCED_FACE('',(#1105),#441,.T.);
#1105 = FACE_BOUND('',#1106,.T.);
#1106 = EDGE_LOOP('',(#1107,#1131,#1132,#1133));
#1107 = ORIENTED_EDGE('',*,*,#1108,.T.);
#1108 = EDGE_CURVE('',#1109,#397,#1111,.T.);
#1109 = VERTEX_POINT('',#1110);
#1110 = CARTESIAN_POINT('',(17.5,71.320508075689,38.));
#1111 = SURFACE_CURVE('',#1112,(#1117,#1124),.PCURVE_S1.);
#1112 = CIRCLE('',#1113,1.);
#1113 = AXIS2_PLACEMENT_3D('',#1114,#1115,#1116);
#1114 = CARTESIAN_POINT('',(17.5,71.320508075689,37.));
#1115 = DIRECTION('',(-1.,0.,0.));
#1116 = DIRECTION('',(0.,0.5,0.866025403784));
#1117 = PCURVE('',#441,#1118);
#1118 = DEFINITIONAL_REPRESENTATION('',(#1119),#1123);
#1119 = LINE('',#1120,#1121);
#1120 = CARTESIAN_POINT('',(-6.28318530718,-17.5));
#1121 = VECTOR('',#1122,1.);
#1122 = DIRECTION('',(1.,0.));
#1123 = ( GEOMETRIC_REPRESENTATION_CONTEXT(2) 
PARAMETRIC_REPRESENTATION_CONTEXT() REPRESENTATION_CONTEXT('2D SPACE',''
  ) );
#1124 = PCURVE('',#413,#1125);
#1125 = DEFINITIONAL_REPRESENTATION('',(#1126),#1130);
#1126 = LINE('',#1127,#1128);
#1127 = CARTESIAN_POINT('',(3.14159265359,12.042771838761));
#1128 = VECTOR('',#1129,1.);
#1129 = DIRECTION('',(0.,-1.));
#1130 = ( GEOMETRIC_REPRESENTATION_CONTEXT(2) 
PARAMETRIC_REPRESENTATION_CONTEXT() REPRESENTATION_CONTEXT('2D SPACE',''
  ) );
#1131 = ORIENTED_EDGE('',*,*,#425,.F.);
#1132 = ORIENTED_EDGE('',*,*,#999,.F.);
#1133 = ORIENTED_EDGE('',*,*,#1134,.T.);
#1134 = EDGE_CURVE('',#1000,#1109,#1135,.T.);
#1135 = SURFACE_CURVE('',#1136,(#1140,#1147),.PCURVE_S1.);
#1136 = LINE('',#1137,#1138);
#1137 = CARTESIAN_POINT('',(-17.5,71.320508075689,38.));
#1138 = VECTOR('',#1139,1.);
#1139 = DIRECTION('',(1.,-3.944304526105E-31,-5.947623346206E-16));
#1140 = PCURVE('',#441,#1141);
#1141 = DEFINITIONAL_REPRESENTATION('',(#1142),#1146);
#1142 = LINE('',#1143,#1144);
#1143 = CARTESIAN_POINT('',(-0.523598775598,17.5));
#1144 = VECTOR('',#1145,1.);
#1145 = DIRECTION('',(-2.791417890486E-16,-1.));
#1146 = ( GEOMETRIC_REPRESENTATION_CONTEXT(2) 
PARAMETRIC_REPRESENTATION_CONTEXT() REPRESENTATION_CONTEXT('2D SPACE',''
  ) );
#1147 = PCURVE('',#1148,#1153);
#1148 = PLANE('',#1149);
#1149 = AXIS2_PLACEMENT_3D('',#1150,#1151,#1152);
#1150 = CARTESIAN_POINT('',(0.,17.320508075689,38.));
#1151 = DIRECTION('',(5.947623346206E-16,1.110223024625E-16,1.));
#1152 = DIRECTION('',(0.,-1.,1.110223024625E-16));
#1153 = DEFINITIONAL_REPRESENTATION('',(#1154),#1158);
#1154 = LINE('',#1155,#1156);
#1155 = CARTESIAN_POINT('',(-54.,-17.5));
#1156 = VECTOR('',#1157,1.);
#1157 = DIRECTION('',(3.283985688029E-31,1.));
#1158 = ( GEOMETRIC_REPRESENTATION_CONTEXT(2) 
PARAMETRIC_REPRESENTATION_CONTEXT() REPRESENTATION_CONTEXT('2D SPACE',''
  ) );
#1159 = ADVANCED_FACE('',(#1160),#356,.T.);
#1160 = FACE_BOUND('',#1161,.T.);
#1161 = EDGE_LOOP('',(#1162,#1185,#1211,#1212));
#1162 = ORIENTED_EDGE('',*,*,#1163,.T.);
#1163 = EDGE_CURVE('',#340,#1164,#1166,.T.);
#1164 = VERTEX_POINT('',#1165);
#1165 = CARTESIAN_POINT('',(24.5,71.320508075689,-2.5));
#1166 = SURFACE_CURVE('',#1167,(#1172,#1179),.PCURVE_S1.);
#1167 = CIRCLE('',#1168,1.);
#1168 = AXIS2_PLACEMENT_3D('',#1169,#1170,#1171);
#1169 = CARTESIAN_POINT('',(23.5,71.320508075689,-2.5));
#1170 = DIRECTION('',(6.009258394949E-15,-1.110223024625E-16,-1.));
#1171 = DIRECTION('',(-3.155443620884E-30,1.,-1.110223024625E-16));
#1172 = PCURVE('',#356,#1173);
#1173 = DEFINITIONAL_REPRESENTATION('',(#1174),#1178);
#1174 = LINE('',#1175,#1176);
#1175 = CARTESIAN_POINT('',(1.570796326795,4.712388980385));
#1176 = VECTOR('',#1177,1.);
#1177 = DIRECTION('',(2.827159716856E-16,1.));
#1178 = ( GEOMETRIC_REPRESENTATION_CONTEXT(2) 
PARAMETRIC_REPRESENTATION_CONTEXT() REPRESENTATION_CONTEXT('2D SPACE',''
  ) );
#1179 = PCURVE('',#384,#1180);
#1180 = DEFINITIONAL_REPRESENTATION('',(#1181),#1184);
#1181 = B_SPLINE_CURVE_WITH_KNOTS('',1,(#1182,#1183),.UNSPECIFIED.,.F.,
  .F.,(2,2),(0.,1.570796326795),.PIECEWISE_BEZIER_KNOTS.);
#1182 = CARTESIAN_POINT('',(9.424777960769,-21.5));
#1183 = CARTESIAN_POINT('',(7.853981633974,-21.5));
#1184 = ( GEOMETRIC_REPRESENTATION_CONTEXT(2) 
PARAMETRIC_REPRESENTATION_CONTEXT() REPRESENTATION_CONTEXT('2D SPACE',''
  ) );
#1185 = ORIENTED_EDGE('',*,*,#1186,.F.);
#1186 = EDGE_CURVE('',#1056,#1164,#1187,.T.);
#1187 = SURFACE_CURVE('',#1188,(#1193,#1199),.PCURVE_S1.);
#1188 = CIRCLE('',#1189,7.);
#1189 = AXIS2_PLACEMENT_3D('',#1190,#1191,#1192);
#1190 = CARTESIAN_POINT('',(17.5,71.320508075689,-2.5));
#1191 = DIRECTION('',(0.,-1.,1.110223024625E-16));
#1192 = DIRECTION('',(0.,-1.110223024625E-16,-1.));
#1193 = PCURVE('',#356,#1194);
#1194 = DEFINITIONAL_REPRESENTATION('',(#1195),#1198);
#1195 = B_SPLINE_CURVE_WITH_KNOTS('',1,(#1196,#1197),.UNSPECIFIED.,.F.,
  .F.,(2,2),(0.,1.570796326795),.PIECEWISE_BEZIER_KNOTS.);
#1196 = CARTESIAN_POINT('',(0.,6.28318530718));
#1197 = CARTESIAN_POINT('',(1.570796326795,6.28318530718));
#1198 = ( GEOMETRIC_REPRESENTATION_CONTEXT(2) 
PARAMETRIC_REPRESENTATION_CONTEXT() REPRESENTATION_CONTEXT('2D SPACE',''
  ) );
#1199 = PCURVE('',#1200,#1205);
#1200 = CYLINDRICAL_SURFACE('',#1201,7.);
#1201 = AXIS2_PLACEMENT_3D('',#1202,#1203,#1204);
#1202 = CARTESIAN_POINT('',(17.5,17.320508075689,-2.5));
#1203 = DIRECTION('',(0.,1.,-1.110223024625E-16));
#1204 = DIRECTION('',(0.,1.110223024625E-16,1.));
#1205 = DEFINITIONAL_REPRESENTATION('',(#1206),#1210);
#1206 = LINE('',#1207,#1208);
#1207 = CARTESIAN_POINT('',(3.14159265359,54.));
#1208 = VECTOR('',#1209,1.);
#1209 = DIRECTION('',(-1.,-4.52345554697E-15));
#1210 = ( GEOMETRIC_REPRESENTATION_CONTEXT(2) 
PARAMETRIC_REPRESENTATION_CONTEXT() REPRESENTATION_CONTEXT('2D SPACE',''
  ) );
#1211 = ORIENTED_EDGE('',*,*,#1055,.F.);
#1212 = ORIENTED_EDGE('',*,*,#339,.T.);
#1213 = ADVANCED_FACE('',(#1214),#413,.T.);
#1214 = FACE_BOUND('',#1215,.T.);
#1215 = EDGE_LOOP('',(#1216,#1217,#1246,#1267));
#1216 = ORIENTED_EDGE('',*,*,#1108,.F.);
#1217 = ORIENTED_EDGE('',*,*,#1218,.F.);
#1218 = EDGE_CURVE('',#1219,#1109,#1221,.T.);
#1219 = VERTEX_POINT('',#1220);
#1220 = CARTESIAN_POINT('',(24.5,71.320508075689,31.));
#1221 = SURFACE_CURVE('',#1222,(#1227,#1234),.PCURVE_S1.);
#1222 = CIRCLE('',#1223,7.);
#1223 = AXIS2_PLACEMENT_3D('',#1224,#1225,#1226);
#1224 = CARTESIAN_POINT('',(17.5,71.320508075689,31.));
#1225 = DIRECTION('',(0.,-1.,1.110223024625E-16));
#1226 = DIRECTION('',(0.,-1.110223024625E-16,-1.));
#1227 = PCURVE('',#413,#1228);
#1228 = DEFINITIONAL_REPRESENTATION('',(#1229),#1233);
#1229 = LINE('',#1230,#1231);
#1230 = CARTESIAN_POINT('',(0.,6.28318530718));
#1231 = VECTOR('',#1232,1.);
#1232 = DIRECTION('',(1.,0.));
#1233 = ( GEOMETRIC_REPRESENTATION_CONTEXT(2) 
PARAMETRIC_REPRESENTATION_CONTEXT() REPRESENTATION_CONTEXT('2D SPACE',''
  ) );
#1234 = PCURVE('',#1235,#1240);
#1235 = CYLINDRICAL_SURFACE('',#1236,7.);
#1236 = AXIS2_PLACEMENT_3D('',#1237,#1238,#1239);
#1237 = CARTESIAN_POINT('',(17.5,17.320508075689,31.));
#1238 = DIRECTION('',(0.,1.,-1.110223024625E-16));
#1239 = DIRECTION('',(0.,1.110223024625E-16,1.));
#1240 = DEFINITIONAL_REPRESENTATION('',(#1241),#1245);
#1241 = LINE('',#1242,#1243);
#1242 = CARTESIAN_POINT('',(3.14159265359,54.));
#1243 = VECTOR('',#1244,1.);
#1244 = DIRECTION('',(-1.,0.));
#1245 = ( GEOMETRIC_REPRESENTATION_CONTEXT(2) 
PARAMETRIC_REPRESENTATION_CONTEXT() REPRESENTATION_CONTEXT('2D SPACE',''
  ) );
#1246 = ORIENTED_EDGE('',*,*,#1247,.F.);
#1247 = EDGE_CURVE('',#369,#1219,#1248,.T.);
#1248 = SURFACE_CURVE('',#1249,(#1254,#1261),.PCURVE_S1.);
#1249 = CIRCLE('',#1250,1.);
#1250 = AXIS2_PLACEMENT_3D('',#1251,#1252,#1253);
#1251 = CARTESIAN_POINT('',(23.5,71.320508075689,31.));
#1252 = DIRECTION('',(0.,4.440892098501E-16,-1.));
#1253 = DIRECTION('',(0.,1.,4.440892098501E-16));
#1254 = PCURVE('',#413,#1255);
#1255 = DEFINITIONAL_REPRESENTATION('',(#1256),#1260);
#1256 = LINE('',#1257,#1258);
#1257 = CARTESIAN_POINT('',(1.570796326795,4.712388980385));
#1258 = VECTOR('',#1259,1.);
#1259 = DIRECTION('',(0.,1.));
#1260 = ( GEOMETRIC_REPRESENTATION_CONTEXT(2) 
PARAMETRIC_REPRESENTATION_CONTEXT() REPRESENTATION_CONTEXT('2D SPACE',''
  ) );
#1261 = PCURVE('',#384,#1262);
#1262 = DEFINITIONAL_REPRESENTATION('',(#1263),#1266);
#1263 = B_SPLINE_CURVE_WITH_KNOTS('',1,(#1264,#1265),.UNSPECIFIED.,.F.,
  .F.,(2,2),(0.,1.570796326795),.PIECEWISE_BEZIER_KNOTS.);
#1264 = CARTESIAN_POINT('',(9.424777960769,12.));
#1265 = CARTESIAN_POINT('',(7.853981633974,12.));
#1266 = ( GEOMETRIC_REPRESENTATION_CONTEXT(2) 
PARAMETRIC_REPRESENTATION_CONTEXT() REPRESENTATION_CONTEXT('2D SPACE',''
  ) );
#1267 = ORIENTED_EDGE('',*,*,#396,.T.);
#1268 = ADVANCED_FACE('',(#1269),#384,.T.);
#1269 = FACE_BOUND('',#1270,.T.);
#1270 = EDGE_LOOP('',(#1271,#1272,#1298,#1299));
#1271 = ORIENTED_EDGE('',*,*,#1247,.T.);
#1272 = ORIENTED_EDGE('',*,*,#1273,.T.);
#1273 = EDGE_CURVE('',#1219,#1164,#1274,.T.);
#1274 = SURFACE_CURVE('',#1275,(#1279,#1286),.PCURVE_S1.);
#1275 = LINE('',#1276,#1277);
#1276 = CARTESIAN_POINT('',(24.5,71.320508075689,31.));
#1277 = VECTOR('',#1278,1.);
#1278 = DIRECTION('',(0.,4.242046183642E-16,-1.));
#1279 = PCURVE('',#384,#1280);
#1280 = DEFINITIONAL_REPRESENTATION('',(#1281),#1285);
#1281 = LINE('',#1282,#1283);
#1282 = CARTESIAN_POINT('',(7.853981633974,12.));
#1283 = VECTOR('',#1284,1.);
#1284 = DIRECTION('',(0.,-1.));
#1285 = ( GEOMETRIC_REPRESENTATION_CONTEXT(2) 
PARAMETRIC_REPRESENTATION_CONTEXT() REPRESENTATION_CONTEXT('2D SPACE',''
  ) );
#1286 = PCURVE('',#1287,#1292);
#1287 = PLANE('',#1288);
#1288 = AXIS2_PLACEMENT_3D('',#1289,#1290,#1291);
#1289 = CARTESIAN_POINT('',(24.5,9.5,26.454482671904));
#1290 = DIRECTION('',(1.,-2.891205793295E-16,-5.007715329124E-16));
#1291 = DIRECTION('',(-5.782411586589E-16,-0.5,-0.866025403784));
#1292 = DEFINITIONAL_REPRESENTATION('',(#1293),#1297);
#1293 = LINE('',#1294,#1295);
#1294 = CARTESIAN_POINT('',(-34.84678751731,51.26537180436));
#1295 = VECTOR('',#1296,1.);
#1296 = DIRECTION('',(0.866025403784,0.5));
#1297 = ( GEOMETRIC_REPRESENTATION_CONTEXT(2) 
PARAMETRIC_REPRESENTATION_CONTEXT() REPRESENTATION_CONTEXT('2D SPACE',''
  ) );
#1298 = ORIENTED_EDGE('',*,*,#1163,.F.);
#1299 = ORIENTED_EDGE('',*,*,#368,.F.);
#1300 = ADVANCED_FACE('',(#1301),#73,.T.);
#1301 = FACE_BOUND('',#1302,.T.);
#1302 = EDGE_LOOP('',(#1303,#1304,#1305,#1324));
#1303 = ORIENTED_EDGE('',*,*,#57,.F.);
#1304 = ORIENTED_EDGE('',*,*,#813,.T.);
#1305 = ORIENTED_EDGE('',*,*,#1306,.T.);
#1306 = EDGE_CURVE('',#814,#484,#1307,.T.);
#1307 = SURFACE_CURVE('',#1308,(#1312,#1318),.PCURVE_S1.);
#1308 = LINE('',#1309,#1310);
#1309 = CARTESIAN_POINT('',(-5.1,71.,3.16));
#1310 = VECTOR('',#1311,1.);
#1311 = DIRECTION('',(1.,0.,0.));
#1312 = PCURVE('',#73,#1313);
#1313 = DEFINITIONAL_REPRESENTATION('',(#1314),#1317);
#1314 = B_SPLINE_CURVE_WITH_KNOTS('',1,(#1315,#1316),.UNSPECIFIED.,.F.,
  .F.,(2,2),(1.2,9.),.PIECEWISE_BEZIER_KNOTS.);
#1315 = CARTESIAN_POINT('',(1.,-5.));
#1316 = CARTESIAN_POINT('',(8.8,-5.));
#1317 = ( GEOMETRIC_REPRESENTATION_CONTEXT(2) 
PARAMETRIC_REPRESENTATION_CONTEXT() REPRESENTATION_CONTEXT('2D SPACE',''
  ) );
#1318 = PCURVE('',#545,#1319);
#1319 = DEFINITIONAL_REPRESENTATION('',(#1320),#1323);
#1320 = B_SPLINE_CURVE_WITH_KNOTS('',1,(#1321,#1322),.UNSPECIFIED.,.F.,
  .F.,(2,2),(1.2,9.),.PIECEWISE_BEZIER_KNOTS.);
#1321 = CARTESIAN_POINT('',(1.36,1.4));
#1322 = CARTESIAN_POINT('',(1.36,9.2));
#1323 = ( GEOMETRIC_REPRESENTATION_CONTEXT(2) 
PARAMETRIC_REPRESENTATION_CONTEXT() REPRESENTATION_CONTEXT('2D SPACE',''
  ) );
#1324 = ORIENTED_EDGE('',*,*,#483,.F.);
#1325 = ADVANCED_FACE('',(#1326,#1438),#545,.F.);
#1326 = FACE_BOUND('',#1327,.F.);
#1327 = EDGE_LOOP('',(#1328,#1358,#1384,#1412));
#1328 = ORIENTED_EDGE('',*,*,#1329,.F.);
#1329 = EDGE_CURVE('',#1330,#1332,#1334,.T.);
#1330 = VERTEX_POINT('',#1331);
#1331 = CARTESIAN_POINT('',(5.3,71.,2.));
#1332 = VERTEX_POINT('',#1333);
#1333 = CARTESIAN_POINT('',(5.3,71.,8.1));
#1334 = SURFACE_CURVE('',#1335,(#1339,#1346),.PCURVE_S1.);
#1335 = LINE('',#1336,#1337);
#1336 = CARTESIAN_POINT('',(5.3,71.,1.8));
#1337 = VECTOR('',#1338,1.);
#1338 = DIRECTION('',(0.,0.,1.));
#1339 = PCURVE('',#545,#1340);
#1340 = DEFINITIONAL_REPRESENTATION('',(#1341),#1345);
#1341 = LINE('',#1342,#1343);
#1342 = CARTESIAN_POINT('',(0.,10.6));
#1343 = VECTOR('',#1344,1.);
#1344 = DIRECTION('',(1.,0.));
#1345 = ( GEOMETRIC_REPRESENTATION_CONTEXT(2) 
PARAMETRIC_REPRESENTATION_CONTEXT() REPRESENTATION_CONTEXT('2D SPACE',''
  ) );
#1346 = PCURVE('',#1347,#1352);
#1347 = PLANE('',#1348);
#1348 = AXIS2_PLACEMENT_3D('',#1349,#1350,#1351);
#1349 = CARTESIAN_POINT('',(5.3,71.,1.8));
#1350 = DIRECTION('',(1.,0.,-0.));
#1351 = DIRECTION('',(0.,0.,1.));
#1352 = DEFINITIONAL_REPRESENTATION('',(#1353),#1357);
#1353 = LINE('',#1354,#1355);
#1354 = CARTESIAN_POINT('',(0.,0.));
#1355 = VECTOR('',#1356,1.);
#1356 = DIRECTION('',(1.,0.));
#1357 = ( GEOMETRIC_REPRESENTATION_CONTEXT(2) 
PARAMETRIC_REPRESENTATION_CONTEXT() REPRESENTATION_CONTEXT('2D SPACE',''
  ) );
#1358 = ORIENTED_EDGE('',*,*,#1359,.F.);
#1359 = EDGE_CURVE('',#1360,#1330,#1362,.T.);
#1360 = VERTEX_POINT('',#1361);
#1361 = CARTESIAN_POINT('',(-5.3,71.,2.));
#1362 = SURFACE_CURVE('',#1363,(#1367,#1373),.PCURVE_S1.);
#1363 = LINE('',#1364,#1365);
#1364 = CARTESIAN_POINT('',(-2.65,71.,2.));
#1365 = VECTOR('',#1366,1.);
#1366 = DIRECTION('',(1.,0.,-5.947623346206E-16));
#1367 = PCURVE('',#545,#1368);
#1368 = DEFINITIONAL_REPRESENTATION('',(#1369),#1372);
#1369 = B_SPLINE_CURVE_WITH_KNOTS('',1,(#1370,#1371),.UNSPECIFIED.,.F.,
  .F.,(2,2),(-2.65,7.95),.PIECEWISE_BEZIER_KNOTS.);
#1370 = CARTESIAN_POINT('',(0.2,0.));
#1371 = CARTESIAN_POINT('',(0.2,10.6));
#1372 = ( GEOMETRIC_REPRESENTATION_CONTEXT(2) 
PARAMETRIC_REPRESENTATION_CONTEXT() REPRESENTATION_CONTEXT('2D SPACE',''
  ) );
#1373 = PCURVE('',#1374,#1379);
#1374 = PLANE('',#1375);
#1375 = AXIS2_PLACEMENT_3D('',#1376,#1377,#1378);
#1376 = CARTESIAN_POINT('',(4.440892098501E-15,17.320508075689,2.));
#1377 = DIRECTION('',(-5.947623346206E-16,-1.110223024625E-16,-1.));
#1378 = DIRECTION('',(0.,1.,-1.110223024625E-16));
#1379 = DEFINITIONAL_REPRESENTATION('',(#1380),#1383);
#1380 = B_SPLINE_CURVE_WITH_KNOTS('',1,(#1381,#1382),.UNSPECIFIED.,.F.,
  .F.,(2,2),(-2.65,7.95),.PIECEWISE_BEZIER_KNOTS.);
#1381 = CARTESIAN_POINT('',(53.679491924311,-5.3));
#1382 = CARTESIAN_POINT('',(53.679491924311,5.3));
#1383 = ( GEOMETRIC_REPRESENTATION_CONTEXT(2) 
PARAMETRIC_REPRESENTATION_CONTEXT() REPRESENTATION_CONTEXT('2D SPACE',''
  ) );
#1384 = ORIENTED_EDGE('',*,*,#1385,.T.);
#1385 = EDGE_CURVE('',#1360,#1386,#1388,.T.);
#1386 = VERTEX_POINT('',#1387);
#1387 = CARTESIAN_POINT('',(-5.3,71.,8.1));
#1388 = SURFACE_CURVE('',#1389,(#1393,#1400),.PCURVE_S1.);
#1389 = LINE('',#1390,#1391);
#1390 = CARTESIAN_POINT('',(-5.3,71.,1.8));
#1391 = VECTOR('',#1392,1.);
#1392 = DIRECTION('',(0.,0.,1.));
#1393 = PCURVE('',#545,#1394);
#1394 = DEFINITIONAL_REPRESENTATION('',(#1395),#1399);
#1395 = LINE('',#1396,#1397);
#1396 = CARTESIAN_POINT('',(0.,0.));
#1397 = VECTOR('',#1398,1.);
#1398 = DIRECTION('',(1.,0.));
#1399 = ( GEOMETRIC_REPRESENTATION_CONTEXT(2) 
PARAMETRIC_REPRESENTATION_CONTEXT() REPRESENTATION_CONTEXT('2D SPACE',''
  ) );
#1400 = PCURVE('',#1401,#1406);
#1401 = PLANE('',#1402);
#1402 = AXIS2_PLACEMENT_3D('',#1403,#1404,#1405);
#1403 = CARTESIAN_POINT('',(-5.3,71.,1.8));
#1404 = DIRECTION('',(1.,0.,-0.));
#1405 = DIRECTION('',(0.,0.,1.));
#1406 = DEFINITIONAL_REPRESENTATION('',(#1407),#1411);
#1407 = LINE('',#1408,#1409);
#1408 = CARTESIAN_POINT('',(0.,0.));
#1409 = VECTOR('',#1410,1.);
#1410 = DIRECTION('',(1.,0.));
#1411 = ( GEOMETRIC_REPRESENTATION_CONTEXT(2) 
PARAMETRIC_REPRESENTATION_CONTEXT() REPRESENTATION_CONTEXT('2D SPACE',''
  ) );
#1412 = ORIENTED_EDGE('',*,*,#1413,.T.);
#1413 = EDGE_CURVE('',#1386,#1332,#1414,.T.);
#1414 = SURFACE_CURVE('',#1415,(#1419,#1426),.PCURVE_S1.);
#1415 = LINE('',#1416,#1417);
#1416 = CARTESIAN_POINT('',(-5.3,71.,8.1));
#1417 = VECTOR('',#1418,1.);
#1418 = DIRECTION('',(1.,0.,-0.));
#1419 = PCURVE('',#545,#1420);
#1420 = DEFINITIONAL_REPRESENTATION('',(#1421),#1425);
#1421 = LINE('',#1422,#1423);
#1422 = CARTESIAN_POINT('',(6.3,0.));
#1423 = VECTOR('',#1424,1.);
#1424 = DIRECTION('',(0.,1.));
#1425 = ( GEOMETRIC_REPRESENTATION_CONTEXT(2) 
PARAMETRIC_REPRESENTATION_CONTEXT() REPRESENTATION_CONTEXT('2D SPACE',''
  ) );
#1426 = PCURVE('',#1427,#1432);
#1427 = PLANE('',#1428);
#1428 = AXIS2_PLACEMENT_3D('',#1429,#1430,#1431);
#1429 = CARTESIAN_POINT('',(-5.3,71.,8.1));
#1430 = DIRECTION('',(0.,0.,1.));
#1431 = DIRECTION('',(1.,0.,-0.));
#1432 = DEFINITIONAL_REPRESENTATION('',(#1433),#1437);
#1433 = LINE('',#1434,#1435);
#1434 = CARTESIAN_POINT('',(0.,0.));
#1435 = VECTOR('',#1436,1.);
#1436 = DIRECTION('',(1.,0.));
#1437 = ( GEOMETRIC_REPRESENTATION_CONTEXT(2) 
PARAMETRIC_REPRESENTATION_CONTEXT() REPRESENTATION_CONTEXT('2D SPACE',''
  ) );
#1438 = FACE_BOUND('',#1439,.F.);
#1439 = EDGE_LOOP('',(#1440,#1441,#1442,#1443,#1444,#1445,#1446,#1447));
#1440 = ORIENTED_EDGE('',*,*,#838,.T.);
#1441 = ORIENTED_EDGE('',*,*,#1306,.T.);
#1442 = ORIENTED_EDGE('',*,*,#530,.T.);
#1443 = ORIENTED_EDGE('',*,*,#566,.T.);
#1444 = ORIENTED_EDGE('',*,*,#636,.T.);
#1445 = ORIENTED_EDGE('',*,*,#667,.T.);
#1446 = ORIENTED_EDGE('',*,*,#737,.T.);
#1447 = ORIENTED_EDGE('',*,*,#768,.T.);
#1448 = ADVANCED_FACE('',(#1449),#930,.T.);
#1449 = FACE_BOUND('',#1450,.T.);
#1450 = EDGE_LOOP('',(#1451,#1481,#1502,#1503,#1526,#1552,#1583,#1611));
#1451 = ORIENTED_EDGE('',*,*,#1452,.T.);
#1452 = EDGE_CURVE('',#1453,#1455,#1457,.T.);
#1453 = VERTEX_POINT('',#1454);
#1454 = CARTESIAN_POINT('',(-24.5,16.366025403784,36.346787517318));
#1455 = VERTEX_POINT('',#1456);
#1456 = CARTESIAN_POINT('',(-24.5,25.626933041054,31.));
#1457 = SURFACE_CURVE('',#1458,(#1462,#1469),.PCURVE_S1.);
#1458 = LINE('',#1459,#1460);
#1459 = CARTESIAN_POINT('',(-24.5,15.5,36.846787517318));
#1460 = VECTOR('',#1461,1.);
#1461 = DIRECTION('',(0.,0.866025403784,-0.5));
#1462 = PCURVE('',#930,#1463);
#1463 = DEFINITIONAL_REPRESENTATION('',(#1464),#1468);
#1464 = LINE('',#1465,#1466);
#1465 = CARTESIAN_POINT('',(12.,8.881784197001E-16));
#1466 = VECTOR('',#1467,1.);
#1467 = DIRECTION('',(0.,1.));
#1468 = ( GEOMETRIC_REPRESENTATION_CONTEXT(2) 
PARAMETRIC_REPRESENTATION_CONTEXT() REPRESENTATION_CONTEXT('2D SPACE',''
  ) );
#1469 = PCURVE('',#1470,#1475);
#1470 = CYLINDRICAL_SURFACE('',#1471,7.);
#1471 = AXIS2_PLACEMENT_3D('',#1472,#1473,#1474);
#1472 = CARTESIAN_POINT('',(-17.5,15.5,36.846787517318));
#1473 = DIRECTION('',(0.,0.866025403784,-0.5));
#1474 = DIRECTION('',(0.,0.5,0.866025403784));
#1475 = DEFINITIONAL_REPRESENTATION('',(#1476),#1480);
#1476 = LINE('',#1477,#1478);
#1477 = CARTESIAN_POINT('',(4.712388980385,0.));
#1478 = VECTOR('',#1479,1.);
#1479 = DIRECTION('',(0.,1.));
#1480 = ( GEOMETRIC_REPRESENTATION_CONTEXT(2) 
PARAMETRIC_REPRESENTATION_CONTEXT() REPRESENTATION_CONTEXT('2D SPACE',''
  ) );
#1481 = ORIENTED_EDGE('',*,*,#1482,.T.);
#1482 = EDGE_CURVE('',#1455,#868,#1483,.T.);
#1483 = SURFACE_CURVE('',#1484,(#1488,#1495),.PCURVE_S1.);
#1484 = LINE('',#1485,#1486);
#1485 = CARTESIAN_POINT('',(-24.5,17.320508075689,31.));
#1486 = VECTOR('',#1487,1.);
#1487 = DIRECTION('',(0.,1.,-1.110223024625E-16));
#1488 = PCURVE('',#930,#1489);
#1489 = DEFINITIONAL_REPRESENTATION('',(#1490),#1494);
#1490 = LINE('',#1491,#1492);
#1491 = CARTESIAN_POINT('',(7.846787517318,4.5));
#1492 = VECTOR('',#1493,1.);
#1493 = DIRECTION('',(0.5,0.866025403784));
#1494 = ( GEOMETRIC_REPRESENTATION_CONTEXT(2) 
PARAMETRIC_REPRESENTATION_CONTEXT() REPRESENTATION_CONTEXT('2D SPACE',''
  ) );
#1495 = PCURVE('',#1040,#1496);
#1496 = DEFINITIONAL_REPRESENTATION('',(#1497),#1501);
#1497 = LINE('',#1498,#1499);
#1498 = CARTESIAN_POINT('',(4.712388980385,-1.06581410364E-14));
#1499 = VECTOR('',#1500,1.);
#1500 = DIRECTION('',(0.,1.));
#1501 = ( GEOMETRIC_REPRESENTATION_CONTEXT(2) 
PARAMETRIC_REPRESENTATION_CONTEXT() REPRESENTATION_CONTEXT('2D SPACE',''
  ) );
#1502 = ORIENTED_EDGE('',*,*,#916,.F.);
#1503 = ORIENTED_EDGE('',*,*,#1504,.F.);
#1504 = EDGE_CURVE('',#1505,#893,#1507,.T.);
#1505 = VERTEX_POINT('',#1506);
#1506 = CARTESIAN_POINT('',(-24.5,34.902036403722,-2.5));
#1507 = SURFACE_CURVE('',#1508,(#1512,#1519),.PCURVE_S1.);
#1508 = LINE('',#1509,#1510);
#1509 = CARTESIAN_POINT('',(-24.5,17.320508075689,-2.5));
#1510 = VECTOR('',#1511,1.);
#1511 = DIRECTION('',(0.,1.,-1.110223024625E-16));
#1512 = PCURVE('',#930,#1513);
#1513 = DEFINITIONAL_REPRESENTATION('',(#1514),#1518);
#1514 = LINE('',#1515,#1516);
#1515 = CARTESIAN_POINT('',(-21.16506350946,21.25));
#1516 = VECTOR('',#1517,1.);
#1517 = DIRECTION('',(0.5,0.866025403784));
#1518 = ( GEOMETRIC_REPRESENTATION_CONTEXT(2) 
PARAMETRIC_REPRESENTATION_CONTEXT() REPRESENTATION_CONTEXT('2D SPACE',''
  ) );
#1519 = PCURVE('',#982,#1520);
#1520 = DEFINITIONAL_REPRESENTATION('',(#1521),#1525);
#1521 = LINE('',#1522,#1523);
#1522 = CARTESIAN_POINT('',(4.712388980385,0.));
#1523 = VECTOR('',#1524,1.);
#1524 = DIRECTION('',(0.,1.));
#1525 = ( GEOMETRIC_REPRESENTATION_CONTEXT(2) 
PARAMETRIC_REPRESENTATION_CONTEXT() REPRESENTATION_CONTEXT('2D SPACE',''
  ) );
#1526 = ORIENTED_EDGE('',*,*,#1527,.F.);
#1527 = EDGE_CURVE('',#1528,#1505,#1530,.T.);
#1528 = VERTEX_POINT('',#1529);
#1529 = CARTESIAN_POINT('',(-24.5,19.196152422707,6.567796344301));
#1530 = SURFACE_CURVE('',#1531,(#1535,#1541),.PCURVE_S1.);
#1531 = LINE('',#1532,#1533);
#1532 = CARTESIAN_POINT('',(-24.5,-14.00765774841,25.738025084717));
#1533 = VECTOR('',#1534,1.);
#1534 = DIRECTION('',(0.,0.866025403784,-0.5));
#1535 = PCURVE('',#930,#1536);
#1536 = DEFINITIONAL_REPRESENTATION('',(#1537),#1540);
#1537 = B_SPLINE_CURVE_WITH_KNOTS('',1,(#1538,#1539),.UNSPECIFIED.,.F.,
  .F.,(2,2),(14.298462819564,94.716908984796),.PIECEWISE_BEZIER_KNOTS.);
#1538 = CARTESIAN_POINT('',(-12.37429934544,-5.701537180436));
#1539 = CARTESIAN_POINT('',(-12.37429934544,74.716908984796));
#1540 = ( GEOMETRIC_REPRESENTATION_CONTEXT(2) 
PARAMETRIC_REPRESENTATION_CONTEXT() REPRESENTATION_CONTEXT('2D SPACE',''
  ) );
#1541 = PCURVE('',#1542,#1547);
#1542 = CYLINDRICAL_SURFACE('',#1543,7.01);
#1543 = AXIS2_PLACEMENT_3D('',#1544,#1545,#1546);
#1544 = CARTESIAN_POINT('',(-17.5,-13.82050807568,26.062177826491));
#1545 = DIRECTION('',(0.,0.866025403784,-0.5));
#1546 = DIRECTION('',(-1.,0.,0.));
#1547 = DEFINITIONAL_REPRESENTATION('',(#1548),#1551);
#1548 = B_SPLINE_CURVE_WITH_KNOTS('',1,(#1549,#1550),.UNSPECIFIED.,.F.,
  .F.,(2,2),(14.298462819564,94.716908984796),.PIECEWISE_BEZIER_KNOTS.);
#1549 = CARTESIAN_POINT('',(-5.342046085413E-02,14.298462819564));
#1550 = CARTESIAN_POINT('',(-5.342046085413E-02,94.716908984796));
#1551 = ( GEOMETRIC_REPRESENTATION_CONTEXT(2) 
PARAMETRIC_REPRESENTATION_CONTEXT() REPRESENTATION_CONTEXT('2D SPACE',''
  ) );
#1552 = ORIENTED_EDGE('',*,*,#1553,.F.);
#1553 = EDGE_CURVE('',#1554,#1528,#1556,.T.);
#1554 = VERTEX_POINT('',#1555);
#1555 = CARTESIAN_POINT('',(-24.5,19.196152422707,7.));
#1556 = SURFACE_CURVE('',#1557,(#1561,#1568),.PCURVE_S1.);
#1557 = LINE('',#1558,#1559);
#1558 = CARTESIAN_POINT('',(-24.5,19.196152422707,7.));
#1559 = VECTOR('',#1560,1.);
#1560 = DIRECTION('',(0.,0.,-1.));
#1561 = PCURVE('',#930,#1562);
#1562 = DEFINITIONAL_REPRESENTATION('',(#1563),#1567);
#1563 = LINE('',#1564,#1565);
#1564 = CARTESIAN_POINT('',(-12.,18.124355652982));
#1565 = VECTOR('',#1566,1.);
#1566 = DIRECTION('',(-0.866025403784,0.5));
#1567 = ( GEOMETRIC_REPRESENTATION_CONTEXT(2) 
PARAMETRIC_REPRESENTATION_CONTEXT() REPRESENTATION_CONTEXT('2D SPACE',''
  ) );
#1568 = PCURVE('',#1569,#1577);
#1569 = SURFACE_OF_LINEAR_EXTRUSION('',#1570,#1575);
#1570 = ELLIPSE('',#1571,7.246933262871,7.);
#1571 = AXIS2_PLACEMENT_3D('',#1572,#1573,#1574);
#1572 = CARTESIAN_POINT('',(-17.5,19.196152422707,7.));
#1573 = DIRECTION('',(0.,0.965925826289,-0.258819045103));
#1574 = DIRECTION('',(0.,-0.258819045103,-0.965925826289));
#1575 = VECTOR('',#1576,1.);
#1576 = DIRECTION('',(-0.,-0.,1.));
#1577 = DEFINITIONAL_REPRESENTATION('',(#1578),#1582);
#1578 = LINE('',#1579,#1580);
#1579 = CARTESIAN_POINT('',(1.570796326795,0.));
#1580 = VECTOR('',#1581,1.);
#1581 = DIRECTION('',(0.,-1.));
#1582 = ( GEOMETRIC_REPRESENTATION_CONTEXT(2) 
PARAMETRIC_REPRESENTATION_CONTEXT() REPRESENTATION_CONTEXT('2D SPACE',''
  ) );
#1583 = ORIENTED_EDGE('',*,*,#1584,.F.);
#1584 = EDGE_CURVE('',#1585,#1554,#1587,.T.);
#1585 = VERTEX_POINT('',#1586);
#1586 = CARTESIAN_POINT('',(-24.5,4.366025403784,15.562177826491));
#1587 = SURFACE_CURVE('',#1588,(#1592,#1599),.PCURVE_S1.);
#1588 = LINE('',#1589,#1590);
#1589 = CARTESIAN_POINT('',(-24.5,3.5,16.062177826491));
#1590 = VECTOR('',#1591,1.);
#1591 = DIRECTION('',(0.,0.866025403784,-0.5));
#1592 = PCURVE('',#930,#1593);
#1593 = DEFINITIONAL_REPRESENTATION('',(#1594),#1598);
#1594 = LINE('',#1595,#1596);
#1595 = CARTESIAN_POINT('',(-12.,0.));
#1596 = VECTOR('',#1597,1.);
#1597 = DIRECTION('',(0.,1.));
#1598 = ( GEOMETRIC_REPRESENTATION_CONTEXT(2) 
PARAMETRIC_REPRESENTATION_CONTEXT() REPRESENTATION_CONTEXT('2D SPACE',''
  ) );
#1599 = PCURVE('',#1600,#1605);
#1600 = CYLINDRICAL_SURFACE('',#1601,7.);
#1601 = AXIS2_PLACEMENT_3D('',#1602,#1603,#1604);
#1602 = CARTESIAN_POINT('',(-17.5,3.5,16.062177826491));
#1603 = DIRECTION('',(0.,0.866025403784,-0.5));
#1604 = DIRECTION('',(0.,0.5,0.866025403784));
#1605 = DEFINITIONAL_REPRESENTATION('',(#1606),#1610);
#1606 = LINE('',#1607,#1608);
#1607 = CARTESIAN_POINT('',(4.712388980385,0.));
#1608 = VECTOR('',#1609,1.);
#1609 = DIRECTION('',(0.,1.));
#1610 = ( GEOMETRIC_REPRESENTATION_CONTEXT(2) 
PARAMETRIC_REPRESENTATION_CONTEXT() REPRESENTATION_CONTEXT('2D SPACE',''
  ) );
#1611 = ORIENTED_EDGE('',*,*,#1612,.T.);
#1612 = EDGE_CURVE('',#1585,#1453,#1613,.T.);
#1613 = SURFACE_CURVE('',#1614,(#1618,#1625),.PCURVE_S1.);
#1614 = LINE('',#1615,#1616);
#1615 = CARTESIAN_POINT('',(-24.5,10.366025403784,25.954482671904));
#1616 = VECTOR('',#1617,1.);
#1617 = DIRECTION('',(5.782411586589E-16,0.5,0.866025403784));
#1618 = PCURVE('',#930,#1619);
#1619 = DEFINITIONAL_REPRESENTATION('',(#1620),#1624);
#1620 = LINE('',#1621,#1622);
#1621 = CARTESIAN_POINT('',(-6.661338147751E-16,1.));
#1622 = VECTOR('',#1623,1.);
#1623 = DIRECTION('',(1.,0.));
#1624 = ( GEOMETRIC_REPRESENTATION_CONTEXT(2) 
PARAMETRIC_REPRESENTATION_CONTEXT() REPRESENTATION_CONTEXT('2D SPACE',''
  ) );
#1625 = PCURVE('',#1626,#1631);
#1626 = CYLINDRICAL_SURFACE('',#1627,1.);
#1627 = AXIS2_PLACEMENT_3D('',#1628,#1629,#1630);
#1628 = CARTESIAN_POINT('',(-23.5,10.366025403784,25.954482671904));
#1629 = DIRECTION('',(5.782411586589E-16,0.5,0.866025403784));
#1630 = DIRECTION('',(1.,-2.891205793295E-16,-5.007715329124E-16));
#1631 = DEFINITIONAL_REPRESENTATION('',(#1632),#1636);
#1632 = LINE('',#1633,#1634);
#1633 = CARTESIAN_POINT('',(3.14159265359,0.));
#1634 = VECTOR('',#1635,1.);
#1635 = DIRECTION('',(0.,1.));
#1636 = ( GEOMETRIC_REPRESENTATION_CONTEXT(2) 
PARAMETRIC_REPRESENTATION_CONTEXT() REPRESENTATION_CONTEXT('2D SPACE',''
  ) );
#1637 = ADVANCED_FACE('',(#1638),#982,.T.);
#1638 = FACE_BOUND('',#1639,.T.);
#1639 = EDGE_LOOP('',(#1640,#1804,#1805,#1806));
#1640 = ORIENTED_EDGE('',*,*,#1641,.T.);
#1641 = EDGE_CURVE('',#1642,#1505,#1644,.T.);
#1642 = VERTEX_POINT('',#1643);
#1643 = CARTESIAN_POINT('',(-17.5,33.754990747593,-9.5));
#1644 = SURFACE_CURVE('',#1645,(#1696,#1750),.PCURVE_S1.);
#1645 = B_SPLINE_CURVE_WITH_KNOTS('',7,(#1646,#1647,#1648,#1649,#1650,
    #1651,#1652,#1653,#1654,#1655,#1656,#1657,#1658,#1659,#1660,#1661,
    #1662,#1663,#1664,#1665,#1666,#1667,#1668,#1669,#1670,#1671,#1672,
    #1673,#1674,#1675,#1676,#1677,#1678,#1679,#1680,#1681,#1682,#1683,
    #1684,#1685,#1686,#1687,#1688,#1689,#1690,#1691,#1692,#1693,#1694,
    #1695),.UNSPECIFIED.,.F.,.F.,(8,6,6,6,6,6,6,6,8),(0.,0.253645434465,
    0.385506426509,0.549168111331,0.716423360477,0.803401434376,
    0.873585501359,0.917485008885,1.),.UNSPECIFIED.);
#1646 = CARTESIAN_POINT('',(-17.5,33.754990747593,-9.5));
#1647 = CARTESIAN_POINT('',(-17.93470372264,33.754990747593,-9.5));
#1648 = CARTESIAN_POINT('',(-18.36925033819,33.763339938195,
    -9.468505474387));
#1649 = CARTESIAN_POINT('',(-18.80044812821,33.780027055327,
    -9.405557310182));
#1650 = CARTESIAN_POINT('',(-19.2251352769,33.804905486765,
    -9.311691182709));
#1651 = CARTESIAN_POINT('',(-19.64025867617,33.837696583569,
    -9.187920346946));
#1652 = CARTESIAN_POINT('',(-20.04295273065,33.877992971534,
    -9.035718428864));
#1653 = CARTESIAN_POINT('',(-20.63215125389,33.94983523169,
    -8.764094189198));
#1654 = CARTESIAN_POINT('',(-20.82966789351,33.97629847984,
    -8.663999564303));
#1655 = CARTESIAN_POINT('',(-21.02285814152,34.004585203125,
    -8.556955182965));
#1656 = CARTESIAN_POINT('',(-21.21142969974,34.03462387622,
    -8.443214928794));
#1657 = CARTESIAN_POINT('',(-21.39510803451,34.066337573424,
    -8.323049588482));
#1658 = CARTESIAN_POINT('',(-21.57363649925,34.09964368966,
    -8.196746712154));
#1659 = CARTESIAN_POINT('',(-21.961672286,34.177658695398,
    -7.900607161783));
#1660 = CARTESIAN_POINT('',(-22.16826167166,34.223179596356,
    -7.727621818992));
#1661 = CARTESIAN_POINT('',(-22.3661658283,34.270860715488,
    -7.546179142571));
#1662 = CARTESIAN_POINT('',(-22.55504173434,34.320541035383,
    -7.356817345833));
#1663 = CARTESIAN_POINT('',(-22.73458233605,34.372049520903,
    -7.160086936696));
#1664 = CARTESIAN_POINT('',(-22.90451675137,34.425200469985,
    -6.956549496197));
#1665 = CARTESIAN_POINT('',(-23.22821941765,34.535575871237,
    -6.532397373902));
#1666 = CARTESIAN_POINT('',(-23.38154729637,34.592862757878,
    -6.311510547246));
#1667 = CARTESIAN_POINT('',(-23.52440579364,34.651447557793,
    -6.084646055018));
#1668 = CARTESIAN_POINT('',(-23.65662235552,34.711113800698,
    -5.852333944192));
#1669 = CARTESIAN_POINT('',(-23.77804763422,34.771586444351,
    -5.615091572196));
#1670 = CARTESIAN_POINT('',(-23.88854450501,34.832560212318,
    -5.373443382932));
#1671 = CARTESIAN_POINT('',(-24.0397142128,34.925106017569,
    -5.000223273098));
#1672 = CARTESIAN_POINT('',(-24.08840227574,34.9567165774,
    -4.871592625108));
#1673 = CARTESIAN_POINT('',(-24.13409671642,34.988221790864,
    -4.741985339755));
#1674 = CARTESIAN_POINT('',(-24.17681846344,35.019537169284,
    -4.611366374324));
#1675 = CARTESIAN_POINT('',(-24.21655325685,35.050538900521,
    -4.479752909137));
#1676 = CARTESIAN_POINT('',(-24.25325411855,35.081009935169,
    -4.347267743322));
#1677 = CARTESIAN_POINT('',(-24.31398808501,35.134370496422,
    -4.106808303922));
#1678 = CARTESIAN_POINT('',(-24.33868246507,35.157221241096,
    -4.000689774253));
#1679 = CARTESIAN_POINT('',(-24.3615082175,35.179332183044,
    -3.894110955977));
#1680 = CARTESIAN_POINT('',(-24.38264400526,35.200661186322,
    -3.78602903408));
#1681 = CARTESIAN_POINT('',(-24.40190867128,35.220750602521,
    -3.676564884028));
#1682 = CARTESIAN_POINT('',(-24.41906256843,35.238604045738,
    -3.566975086343));
#1683 = CARTESIAN_POINT('',(-24.44331947049,35.261593599396,
    -3.391602976193));
#1684 = CARTESIAN_POINT('',(-24.45190526561,35.269106998621,
    -3.323883817104));
#1685 = CARTESIAN_POINT('',(-24.45972173308,35.274903823601,
    -3.256042592605));
#1686 = CARTESIAN_POINT('',(-24.46670540355,35.278417888232,
    -3.188550029081));
#1687 = CARTESIAN_POINT('',(-24.47281803187,35.278893524171,
    -3.122054357325));
#1688 = CARTESIAN_POINT('',(-24.47807287289,35.275382916569,
    -3.057192058727));
#1689 = CARTESIAN_POINT('',(-24.49087774561,35.250516469449,
    -2.876341974547));
#1690 = CARTESIAN_POINT('',(-24.49526872326,35.218336833043,
    -2.781263838863));
#1691 = CARTESIAN_POINT('',(-24.49770677281,35.170739403166,
    -2.704130635184));
#1692 = CARTESIAN_POINT('',(-24.49908985741,35.109545838775,
    -2.639538668753));
#1693 = CARTESIAN_POINT('',(-24.49976395274,35.039321472415,
    -2.584336604232));
#1694 = CARTESIAN_POINT('',(-24.5,34.96709749063,-2.53756303604));
#1695 = CARTESIAN_POINT('',(-24.5,34.902036403722,-2.5));
#1696 = PCURVE('',#982,#1697);
#1697 = DEFINITIONAL_REPRESENTATION('',(#1698),#1749);
#1698 = B_SPLINE_CURVE_WITH_KNOTS('',7,(#1699,#1700,#1701,#1702,#1703,
    #1704,#1705,#1706,#1707,#1708,#1709,#1710,#1711,#1712,#1713,#1714,
    #1715,#1716,#1717,#1718,#1719,#1720,#1721,#1722,#1723,#1724,#1725,
    #1726,#1727,#1728,#1729,#1730,#1731,#1732,#1733,#1734,#1735,#1736,
    #1737,#1738,#1739,#1740,#1741,#1742,#1743,#1744,#1745,#1746,#1747,
    #1748),.UNSPECIFIED.,.F.,.F.,(8,6,6,6,6,6,6,6,8),(0.,0.253645434465,
    0.385506426509,0.549168111331,0.716423360477,0.803401434376,
    0.873585501359,0.917485008885,1.),.UNSPECIFIED.);
#1699 = CARTESIAN_POINT('',(3.14159265359,16.434482671904));
#1700 = CARTESIAN_POINT('',(3.203693185396,16.434482671904));
#1701 = CARTESIAN_POINT('',(3.26577129469,16.442831862506));
#1702 = CARTESIAN_POINT('',(3.327762136187,16.459518979638));
#1703 = CARTESIAN_POINT('',(3.389603860277,16.484397411076));
#1704 = CARTESIAN_POINT('',(3.451232892851,16.517188507881));
#1705 = CARTESIAN_POINT('',(3.512579215123,16.557484895845));
#1706 = CARTESIAN_POINT('',(3.60526417938,16.629327156001));
#1707 = CARTESIAN_POINT('',(3.63687546416,16.655790404151));
#1708 = CARTESIAN_POINT('',(3.668393157134,16.684077127437));
#1709 = CARTESIAN_POINT('',(3.699814852946,16.714115800531));
#1710 = CARTESIAN_POINT('',(3.731137805157,16.745829497735));
#1711 = CARTESIAN_POINT('',(3.762358649844,16.779135613971));
#1712 = CARTESIAN_POINT('',(3.832091435021,16.857150619709));
#1713 = CARTESIAN_POINT('',(3.870544900434,16.902671520668));
#1714 = CARTESIAN_POINT('',(3.908839084692,16.950352639799));
#1715 = CARTESIAN_POINT('',(3.94697886659,17.000032959695));
#1716 = CARTESIAN_POINT('',(3.984968355207,17.051541445214));
#1717 = CARTESIAN_POINT('',(4.022810800644,17.104692394296));
#1718 = CARTESIAN_POINT('',(4.099033947673,17.215067795548));
#1719 = CARTESIAN_POINT('',(4.137407383488,17.272354682189));
#1720 = CARTESIAN_POINT('',(4.175645689649,17.330939482104));
#1721 = CARTESIAN_POINT('',(4.21376378973,17.39060572501));
#1722 = CARTESIAN_POINT('',(4.251777262068,17.451078368662));
#1723 = CARTESIAN_POINT('',(4.289699470746,17.512052136629));
#1724 = CARTESIAN_POINT('',(4.347224182549,17.60459794188));
#1725 = CARTESIAN_POINT('',(4.366867093681,17.636208501711));
#1726 = CARTESIAN_POINT('',(4.386491247467,17.667713715176));
#1727 = CARTESIAN_POINT('',(4.406114560716,17.699029093595));
#1728 = CARTESIAN_POINT('',(4.425746406572,17.730030824833));
#1729 = CARTESIAN_POINT('',(4.445380509066,17.76050185948));
#1730 = CARTESIAN_POINT('',(4.480810623284,17.813862420733));
#1731 = CARTESIAN_POINT('',(4.496372721642,17.836713165407));
#1732 = CARTESIAN_POINT('',(4.511939709072,17.858824107355));
#1733 = CARTESIAN_POINT('',(4.527667638942,17.880153110633));
#1734 = CARTESIAN_POINT('',(4.5435410916,17.900242526832));
#1735 = CARTESIAN_POINT('',(4.559384895675,17.918095970049));
#1736 = CARTESIAN_POINT('',(4.584676571452,17.941085523707));
#1737 = CARTESIAN_POINT('',(4.594427561709,17.948598922932));
#1738 = CARTESIAN_POINT('',(4.604182241066,17.954395747912));
#1739 = CARTESIAN_POINT('',(4.613874378262,17.957909812543));
#1740 = CARTESIAN_POINT('',(4.623412875778,17.958385448482));
#1741 = CARTESIAN_POINT('',(4.632708805379,17.95487484088));
#1742 = CARTESIAN_POINT('',(4.658609210274,17.93000839376));
#1743 = CARTESIAN_POINT('',(4.672202206922,17.897828757355));
#1744 = CARTESIAN_POINT('',(4.683226087011,17.850231327477));
#1745 = CARTESIAN_POINT('',(4.692454544267,17.789037763086));
#1746 = CARTESIAN_POINT('',(4.700340917436,17.718813396726));
#1747 = CARTESIAN_POINT('',(4.707022832379,17.646589414942));
#1748 = CARTESIAN_POINT('',(4.712388980385,17.581528328033));
#1749 = ( GEOMETRIC_REPRESENTATION_CONTEXT(2) 
PARAMETRIC_REPRESENTATION_CONTEXT() REPRESENTATION_CONTEXT('2D SPACE',''
  ) );
#1750 = PCURVE('',#1542,#1751);
#1751 = DEFINITIONAL_REPRESENTATION('',(#1752),#1803);
#1752 = B_SPLINE_CURVE_WITH_KNOTS('',7,(#1753,#1754,#1755,#1756,#1757,
    #1758,#1759,#1760,#1761,#1762,#1763,#1764,#1765,#1766,#1767,#1768,
    #1769,#1770,#1771,#1772,#1773,#1774,#1775,#1776,#1777,#1778,#1779,
    #1780,#1781,#1782,#1783,#1784,#1785,#1786,#1787,#1788,#1789,#1790,
    #1791,#1792,#1793,#1794,#1795,#1796,#1797,#1798,#1799,#1800,#1801,
    #1802),.UNSPECIFIED.,.F.,.F.,(8,6,6,6,6,6,6,6,8),(0.,0.253645434465,
    0.385506426509,0.549168111331,0.716423360477,0.803401434376,
    0.873585501359,0.917485008885,1.),.UNSPECIFIED.);
#1753 = CARTESIAN_POINT('',(-1.570796326795,58.982679491924));
#1754 = CARTESIAN_POINT('',(-1.508784383479,58.982679491924));
#1755 = CARTESIAN_POINT('',(-1.446794825504,58.97416284028));
#1756 = CARTESIAN_POINT('',(-1.384893537832,58.95714022553));
#1757 = CARTESIAN_POINT('',(-1.323143374189,58.931752515425));
#1758 = CARTESIAN_POINT('',(-1.261609022881,58.898265020394));
#1759 = CARTESIAN_POINT('',(-1.200361872607,58.857061757011));
#1760 = CARTESIAN_POINT('',(-1.107837153639,58.783466859538));
#1761 = CARTESIAN_POINT('',(-1.076282385769,58.756337392256));
#1762 = CARTESIAN_POINT('',(-1.044823188946,58.727312222542));
#1763 = CARTESIAN_POINT('',(-1.013462274655,58.696456349452));
#1764 = CARTESIAN_POINT('',(-0.982202751375,58.663838546723));
#1765 = CARTESIAN_POINT('',(-0.951048424366,58.62953105132));
#1766 = CARTESIAN_POINT('',(-0.881472858158,58.54902425298));
#1767 = CARTESIAN_POINT('',(-0.843112033876,58.501953838218));
#1768 = CARTESIAN_POINT('',(-0.804917226524,58.452525560456));
#1769 = CARTESIAN_POINT('',(-0.766884833903,58.400869081185));
#1770 = CARTESIAN_POINT('',(-0.729012493853,58.347111533586));
#1771 = CARTESIAN_POINT('',(-0.691299530418,58.291372885477));
#1772 = CARTESIAN_POINT('',(-0.615370727207,58.174884725767));
#1773 = CARTESIAN_POINT('',(-0.577162875846,58.114053211574));
#1774 = CARTESIAN_POINT('',(-0.539111314642,58.051356890462));
#1775 = CARTESIAN_POINT('',(-0.501206493152,57.986873317154));
#1776 = CARTESIAN_POINT('',(-0.463442623447,57.920622976793));
#1777 = CARTESIAN_POINT('',(-0.42581814801,57.852603714184));
#1778 = CARTESIAN_POINT('',(-0.368868207028,57.746140677628));
#1779 = CARTESIAN_POINT('',(-0.34944355693,57.709200901475));
#1780 = CARTESIAN_POINT('',(-0.330063779561,57.67168157401));
#1781 = CARTESIAN_POINT('',(-0.310717674812,57.633492004535));
#1782 = CARTESIAN_POINT('',(-0.291404386947,57.594533558754));
#1783 = CARTESIAN_POINT('',(-0.27214333128,57.554679665932));
#1784 = CARTESIAN_POINT('',(-0.237528788732,57.480661547837));
#1785 = CARTESIAN_POINT('',(-0.222376347225,57.447391608385));
#1786 = CARTESIAN_POINT('',(-0.207280585135,57.413250836676));
#1787 = CARTESIAN_POINT('',(-0.192108507132,57.377681334404));
#1788 = CARTESIAN_POINT('',(-0.176905866582,57.340347204153));
#1789 = CARTESIAN_POINT('',(-0.161894782198,57.301013840681));
#1790 = CARTESIAN_POINT('',(-0.138333803871,57.233237323096));
#1791 = CARTESIAN_POINT('',(-0.12934841907,57.205884538149));
#1792 = CARTESIAN_POINT('',(-0.120484161266,57.176984123594));
#1793 = CARTESIAN_POINT('',(-0.111838616089,57.146281111072));
#1794 = CARTESIAN_POINT('',(-0.103544344359,57.113445188001));
#1795 = CARTESIAN_POINT('',(-9.574567720572E-02,57.077973763336));
#1796 = CARTESIAN_POINT('',(-7.509588996642E-02,56.966013746338));
#1797 = CARTESIAN_POINT('',(-6.562668307898E-02,56.890606295884));
#1798 = CARTESIAN_POINT('',(-5.948192486743E-02,56.810819110616));
#1799 = CARTESIAN_POINT('',(-5.586188843647E-02,56.72552794609));
#1800 = CARTESIAN_POINT('',(-5.404830776987E-02,56.637110828597));
#1801 = CARTESIAN_POINT('',(-5.342046085415E-02,56.551176241513));
#1802 = CARTESIAN_POINT('',(-5.342046085415E-02,56.476050169433));
#1803 = ( GEOMETRIC_REPRESENTATION_CONTEXT(2) 
PARAMETRIC_REPRESENTATION_CONTEXT() REPRESENTATION_CONTEXT('2D SPACE',''
  ) );
#1804 = ORIENTED_EDGE('',*,*,#1504,.T.);
#1805 = ORIENTED_EDGE('',*,*,#968,.T.);
#1806 = ORIENTED_EDGE('',*,*,#1807,.F.);
#1807 = EDGE_CURVE('',#1642,#946,#1808,.T.);
#1808 = SURFACE_CURVE('',#1809,(#1813,#1820),.PCURVE_S1.);
#1809 = LINE('',#1810,#1811);
#1810 = CARTESIAN_POINT('',(-17.5,17.320508075689,-9.5));
#1811 = VECTOR('',#1812,1.);
#1812 = DIRECTION('',(0.,1.,-1.110223024625E-16));
#1813 = PCURVE('',#982,#1814);
#1814 = DEFINITIONAL_REPRESENTATION('',(#1815),#1819);
#1815 = LINE('',#1816,#1817);
#1816 = CARTESIAN_POINT('',(3.14159265359,-1.15463194561E-14));
#1817 = VECTOR('',#1818,1.);
#1818 = DIRECTION('',(0.,1.));
#1819 = ( GEOMETRIC_REPRESENTATION_CONTEXT(2) 
PARAMETRIC_REPRESENTATION_CONTEXT() REPRESENTATION_CONTEXT('2D SPACE',''
  ) );
#1820 = PCURVE('',#1091,#1821);
#1821 = DEFINITIONAL_REPRESENTATION('',(#1822),#1826);
#1822 = LINE('',#1823,#1824);
#1823 = CARTESIAN_POINT('',(-1.183291357832E-30,-17.5));
#1824 = VECTOR('',#1825,1.);
#1825 = DIRECTION('',(1.,6.603188380756E-32));
#1826 = ( GEOMETRIC_REPRESENTATION_CONTEXT(2) 
PARAMETRIC_REPRESENTATION_CONTEXT() REPRESENTATION_CONTEXT('2D SPACE',''
  ) );
#1827 = ADVANCED_FACE('',(#1828),#1040,.T.);
#1828 = FACE_BOUND('',#1829,.T.);
#1829 = EDGE_LOOP('',(#1830,#1853,#1854,#1855));
#1830 = ORIENTED_EDGE('',*,*,#1831,.T.);
#1831 = EDGE_CURVE('',#1832,#1000,#1834,.T.);
#1832 = VERTEX_POINT('',#1833);
#1833 = CARTESIAN_POINT('',(-17.5,27.502577388071,38.));
#1834 = SURFACE_CURVE('',#1835,(#1839,#1846),.PCURVE_S1.);
#1835 = LINE('',#1836,#1837);
#1836 = CARTESIAN_POINT('',(-17.5,17.320508075689,38.));
#1837 = VECTOR('',#1838,1.);
#1838 = DIRECTION('',(0.,1.,-1.110223024625E-16));
#1839 = PCURVE('',#1040,#1840);
#1840 = DEFINITIONAL_REPRESENTATION('',(#1841),#1845);
#1841 = LINE('',#1842,#1843);
#1842 = CARTESIAN_POINT('',(6.28318530718,1.42108547152E-14));
#1843 = VECTOR('',#1844,1.);
#1844 = DIRECTION('',(0.,1.));
#1845 = ( GEOMETRIC_REPRESENTATION_CONTEXT(2) 
PARAMETRIC_REPRESENTATION_CONTEXT() REPRESENTATION_CONTEXT('2D SPACE',''
  ) );
#1846 = PCURVE('',#1148,#1847);
#1847 = DEFINITIONAL_REPRESENTATION('',(#1848),#1852);
#1848 = LINE('',#1849,#1850);
#1849 = CARTESIAN_POINT('',(1.183291357832E-30,-17.5));
#1850 = VECTOR('',#1851,1.);
#1851 = DIRECTION('',(-1.,6.603188380756E-32));
#1852 = ( GEOMETRIC_REPRESENTATION_CONTEXT(2) 
PARAMETRIC_REPRESENTATION_CONTEXT() REPRESENTATION_CONTEXT('2D SPACE',''
  ) );
#1853 = ORIENTED_EDGE('',*,*,#1025,.T.);
#1854 = ORIENTED_EDGE('',*,*,#1482,.F.);
#1855 = ORIENTED_EDGE('',*,*,#1856,.T.);
#1856 = EDGE_CURVE('',#1455,#1832,#1857,.T.);
#1857 = SURFACE_CURVE('',#1858,(#1863,#1892),.PCURVE_S1.);
#1858 = ELLIPSE('',#1859,7.246933262871,7.);
#1859 = AXIS2_PLACEMENT_3D('',#1860,#1861,#1862);
#1860 = CARTESIAN_POINT('',(-17.5,25.626933041054,31.));
#1861 = DIRECTION('',(0.,0.965925826289,-0.258819045103));
#1862 = DIRECTION('',(0.,-0.258819045103,-0.965925826289));
#1863 = PCURVE('',#1040,#1864);
#1864 = DEFINITIONAL_REPRESENTATION('',(#1865),#1891);
#1865 = B_SPLINE_CURVE_WITH_KNOTS('',3,(#1866,#1867,#1868,#1869,#1870,
    #1871,#1872,#1873,#1874,#1875,#1876,#1877,#1878,#1879,#1880,#1881,
    #1882,#1883,#1884,#1885,#1886,#1887,#1888,#1889,#1890),
  .UNSPECIFIED.,.F.,.F.,(4,1,1,1,1,1,1,1,1,1,1,1,1,1,1,1,1,1,1,1,1,1,4),
  (1.570796326795,1.642196159831,1.713595992867,1.784995825903,
    1.856395658939,1.927795491976,1.999195325012,2.070595158048,
    2.141994991084,2.21339482412,2.284794657156,2.356194490192,
    2.427594323228,2.498994156265,2.570393989301,2.641793822337,
    2.713193655373,2.784593488409,2.855993321445,2.927393154481,
    2.998792987518,3.070192820554,3.14159265359),.QUASI_UNIFORM_KNOTS.);
#1866 = CARTESIAN_POINT('',(4.712388980385,8.306424965365));
#1867 = CARTESIAN_POINT('',(4.73618892473,8.351065543848));
#1868 = CARTESIAN_POINT('',(4.783788813421,8.440345475002));
#1869 = CARTESIAN_POINT('',(4.855188646457,8.573583928042));
#1870 = CARTESIAN_POINT('',(4.926588479493,8.705460736443));
#1871 = CARTESIAN_POINT('',(4.997988312529,8.835304220708));
#1872 = CARTESIAN_POINT('',(5.069388145565,8.962452638577));
#1873 = CARTESIAN_POINT('',(5.140787978601,9.086258094874));
#1874 = CARTESIAN_POINT('',(5.212187811638,9.206089698936));
#1875 = CARTESIAN_POINT('',(5.283587644674,9.321336818103));
#1876 = CARTESIAN_POINT('',(5.35498747771,9.431412179008));
#1877 = CARTESIAN_POINT('',(5.426387310746,9.53575486297));
#1878 = CARTESIAN_POINT('',(5.497787143782,9.63383316355));
#1879 = CARTESIAN_POINT('',(5.569186976818,9.725147296243));
#1880 = CARTESIAN_POINT('',(5.640586809854,9.809231945058));
#1881 = CARTESIAN_POINT('',(5.711986642891,9.885658634278));
#1882 = CARTESIAN_POINT('',(5.783386475927,9.954037909598));
#1883 = CARTESIAN_POINT('',(5.854786308963,10.014021331186));
#1884 = CARTESIAN_POINT('',(5.926186141999,10.065303217566));
#1885 = CARTESIAN_POINT('',(5.997585975035,10.107622321555));
#1886 = CARTESIAN_POINT('',(6.068985808071,10.140762720185));
#1887 = CARTESIAN_POINT('',(6.140385641107,10.164556562085));
#1888 = CARTESIAN_POINT('',(6.211785474143,10.178878775792));
#1889 = CARTESIAN_POINT('',(6.259385362834,10.182073357314));
#1890 = CARTESIAN_POINT('',(6.28318530718,10.182069312383));
#1891 = ( GEOMETRIC_REPRESENTATION_CONTEXT(2) 
PARAMETRIC_REPRESENTATION_CONTEXT() REPRESENTATION_CONTEXT('2D SPACE',''
  ) );
#1892 = PCURVE('',#1470,#1893);
#1893 = DEFINITIONAL_REPRESENTATION('',(#1894),#1920);
#1894 = B_SPLINE_CURVE_WITH_KNOTS('',3,(#1895,#1896,#1897,#1898,#1899,
    #1900,#1901,#1902,#1903,#1904,#1905,#1906,#1907,#1908,#1909,#1910,
    #1911,#1912,#1913,#1914,#1915,#1916,#1917,#1918,#1919),
  .UNSPECIFIED.,.F.,.F.,(4,1,1,1,1,1,1,1,1,1,1,1,1,1,1,1,1,1,1,1,1,1,4),
  (1.570796326795,1.642196159831,1.713595992867,1.784995825903,
    1.856395658939,1.927795491976,1.999195325012,2.070595158048,
    2.141994991084,2.21339482412,2.284794657156,2.356194490192,
    2.427594323228,2.498994156265,2.570393989301,2.641793822337,
    2.713193655373,2.784593488409,2.855993321445,2.927393154481,
    2.998792987518,3.070192820554,3.14159265359),.QUASI_UNIFORM_KNOTS.);
#1895 = CARTESIAN_POINT('',(4.712388980385,11.693575034635));
#1896 = CARTESIAN_POINT('',(4.73618892473,11.648934456152));
#1897 = CARTESIAN_POINT('',(4.783788813421,11.559654524998));
#1898 = CARTESIAN_POINT('',(4.855188646457,11.426416071958));
#1899 = CARTESIAN_POINT('',(4.926588479493,11.294539263557));
#1900 = CARTESIAN_POINT('',(4.997988312529,11.164695779292));
#1901 = CARTESIAN_POINT('',(5.069388145565,11.037547361423));
#1902 = CARTESIAN_POINT('',(5.140787978601,10.913741905126));
#1903 = CARTESIAN_POINT('',(5.212187811638,10.793910301064));
#1904 = CARTESIAN_POINT('',(5.283587644674,10.678663181897));
#1905 = CARTESIAN_POINT('',(5.35498747771,10.568587820992));
#1906 = CARTESIAN_POINT('',(5.426387310746,10.46424513703));
#1907 = CARTESIAN_POINT('',(5.497787143782,10.36616683645));
#1908 = CARTESIAN_POINT('',(5.569186976818,10.274852703757));
#1909 = CARTESIAN_POINT('',(5.640586809854,10.190768054942));
#1910 = CARTESIAN_POINT('',(5.711986642891,10.114341365722));
#1911 = CARTESIAN_POINT('',(5.783386475927,10.045962090402));
#1912 = CARTESIAN_POINT('',(5.854786308963,9.985978668814));
#1913 = CARTESIAN_POINT('',(5.926186141999,9.934696782434));
#1914 = CARTESIAN_POINT('',(5.997585975035,9.892377678445));
#1915 = CARTESIAN_POINT('',(6.068985808071,9.859237279815));
#1916 = CARTESIAN_POINT('',(6.140385641107,9.835443437915));
#1917 = CARTESIAN_POINT('',(6.211785474143,9.821121224208));
#1918 = CARTESIAN_POINT('',(6.259385362834,9.817926642686));
#1919 = CARTESIAN_POINT('',(6.28318530718,9.817930687617));
#1920 = ( GEOMETRIC_REPRESENTATION_CONTEXT(2) 
PARAMETRIC_REPRESENTATION_CONTEXT() REPRESENTATION_CONTEXT('2D SPACE',''
  ) );
#1921 = ADVANCED_FACE('',(#1922),#1091,.T.);
#1922 = FACE_BOUND('',#1923,.T.);
#1923 = EDGE_LOOP('',(#1924,#1950,#1951,#1952));
#1924 = ORIENTED_EDGE('',*,*,#1925,.F.);
#1925 = EDGE_CURVE('',#1642,#1926,#1928,.T.);
#1926 = VERTEX_POINT('',#1927);
#1927 = CARTESIAN_POINT('',(17.5,33.754990747593,-9.5));
#1928 = SURFACE_CURVE('',#1929,(#1933,#1939),.PCURVE_S1.);
#1929 = LINE('',#1930,#1931);
#1930 = CARTESIAN_POINT('',(-12.255,33.754990747593,-9.5));
#1931 = VECTOR('',#1932,1.);
#1932 = DIRECTION('',(1.,1.030158581991E-15,-5.947623346206E-16));
#1933 = PCURVE('',#1091,#1934);
#1934 = DEFINITIONAL_REPRESENTATION('',(#1935),#1938);
#1935 = B_SPLINE_CURVE_WITH_KNOTS('',1,(#1936,#1937),.UNSPECIFIED.,.F.,
  .F.,(2,2),(-5.245,29.755),.PIECEWISE_BEZIER_KNOTS.);
#1936 = CARTESIAN_POINT('',(16.434482671904,-17.5));
#1937 = CARTESIAN_POINT('',(16.434482671904,17.5));
#1938 = ( GEOMETRIC_REPRESENTATION_CONTEXT(2) 
PARAMETRIC_REPRESENTATION_CONTEXT() REPRESENTATION_CONTEXT('2D SPACE',''
  ) );
#1939 = PCURVE('',#1940,#1945);
#1940 = PLANE('',#1941);
#1941 = AXIS2_PLACEMENT_3D('',#1942,#1943,#1944);
#1942 = CARTESIAN_POINT('',(-24.51,-17.32550807568,19.991339745962));
#1943 = DIRECTION('',(0.,0.5,0.866025403784));
#1944 = DIRECTION('',(1.,0.,0.));
#1945 = DEFINITIONAL_REPRESENTATION('',(#1946),#1949);
#1946 = B_SPLINE_CURVE_WITH_KNOTS('',1,(#1947,#1948),.UNSPECIFIED.,.F.,
  .F.,(2,2),(-5.245,29.755),.PIECEWISE_BEZIER_KNOTS.);
#1947 = CARTESIAN_POINT('',(7.01,58.982679491924));
#1948 = CARTESIAN_POINT('',(42.01,58.982679491924));
#1949 = ( GEOMETRIC_REPRESENTATION_CONTEXT(2) 
PARAMETRIC_REPRESENTATION_CONTEXT() REPRESENTATION_CONTEXT('2D SPACE',''
  ) );
#1950 = ORIENTED_EDGE('',*,*,#1807,.T.);
#1951 = ORIENTED_EDGE('',*,*,#1078,.F.);
#1952 = ORIENTED_EDGE('',*,*,#1953,.F.);
#1953 = EDGE_CURVE('',#1926,#1056,#1954,.T.);
#1954 = SURFACE_CURVE('',#1955,(#1959,#1966),.PCURVE_S1.);
#1955 = LINE('',#1956,#1957);
#1956 = CARTESIAN_POINT('',(17.5,17.320508075689,-9.5));
#1957 = VECTOR('',#1958,1.);
#1958 = DIRECTION('',(0.,1.,-1.110223024625E-16));
#1959 = PCURVE('',#1091,#1960);
#1960 = DEFINITIONAL_REPRESENTATION('',(#1961),#1965);
#1961 = LINE('',#1962,#1963);
#1962 = CARTESIAN_POINT('',(1.183291357832E-30,17.5));
#1963 = VECTOR('',#1964,1.);
#1964 = DIRECTION('',(1.,6.603188380756E-32));
#1965 = ( GEOMETRIC_REPRESENTATION_CONTEXT(2) 
PARAMETRIC_REPRESENTATION_CONTEXT() REPRESENTATION_CONTEXT('2D SPACE',''
  ) );
#1966 = PCURVE('',#1200,#1967);
#1967 = DEFINITIONAL_REPRESENTATION('',(#1968),#1971);
#1968 = B_SPLINE_CURVE_WITH_KNOTS('',1,(#1969,#1970),.UNSPECIFIED.,.F.,
  .F.,(2,2),(0.,54.),.PIECEWISE_BEZIER_KNOTS.);
#1969 = CARTESIAN_POINT('',(3.14159265359,-1.15463194561E-14));
#1970 = CARTESIAN_POINT('',(3.14159265359,54.));
#1971 = ( GEOMETRIC_REPRESENTATION_CONTEXT(2) 
PARAMETRIC_REPRESENTATION_CONTEXT() REPRESENTATION_CONTEXT('2D SPACE',''
  ) );
#1972 = ADVANCED_FACE('',(#1973,#2026),#1148,.T.);
#1973 = FACE_BOUND('',#1974,.T.);
#1974 = EDGE_LOOP('',(#1975,#1998,#1999,#2000));
#1975 = ORIENTED_EDGE('',*,*,#1976,.T.);
#1976 = EDGE_CURVE('',#1977,#1109,#1979,.T.);
#1977 = VERTEX_POINT('',#1978);
#1978 = CARTESIAN_POINT('',(17.5,27.502577388071,38.));
#1979 = SURFACE_CURVE('',#1980,(#1984,#1991),.PCURVE_S1.);
#1980 = LINE('',#1981,#1982);
#1981 = CARTESIAN_POINT('',(17.5,17.320508075689,38.));
#1982 = VECTOR('',#1983,1.);
#1983 = DIRECTION('',(0.,1.,-1.110223024625E-16));
#1984 = PCURVE('',#1148,#1985);
#1985 = DEFINITIONAL_REPRESENTATION('',(#1986),#1990);
#1986 = LINE('',#1987,#1988);
#1987 = CARTESIAN_POINT('',(-7.105427357601E-15,17.5));
#1988 = VECTOR('',#1989,1.);
#1989 = DIRECTION('',(-1.,6.603188380756E-32));
#1990 = ( GEOMETRIC_REPRESENTATION_CONTEXT(2) 
PARAMETRIC_REPRESENTATION_CONTEXT() REPRESENTATION_CONTEXT('2D SPACE',''
  ) );
#1991 = PCURVE('',#1235,#1992);
#1992 = DEFINITIONAL_REPRESENTATION('',(#1993),#1997);
#1993 = LINE('',#1994,#1995);
#1994 = CARTESIAN_POINT('',(0.,3.552713678801E-14));
#1995 = VECTOR('',#1996,1.);
#1996 = DIRECTION('',(0.,1.));
#1997 = ( GEOMETRIC_REPRESENTATION_CONTEXT(2) 
PARAMETRIC_REPRESENTATION_CONTEXT() REPRESENTATION_CONTEXT('2D SPACE',''
  ) );
#1998 = ORIENTED_EDGE('',*,*,#1134,.F.);
#1999 = ORIENTED_EDGE('',*,*,#1831,.F.);
#2000 = ORIENTED_EDGE('',*,*,#2001,.F.);
#2001 = EDGE_CURVE('',#1977,#1832,#2002,.T.);
#2002 = SURFACE_CURVE('',#2003,(#2007,#2014),.PCURVE_S1.);
#2003 = LINE('',#2004,#2005);
#2004 = CARTESIAN_POINT('',(-1.7763568394E-15,27.502577388071,38.));
#2005 = VECTOR('',#2006,1.);
#2006 = DIRECTION('',(-1.,1.5936608725E-16,5.947623346206E-16));
#2007 = PCURVE('',#1148,#2008);
#2008 = DEFINITIONAL_REPRESENTATION('',(#2009),#2013);
#2009 = LINE('',#2010,#2011);
#2010 = CARTESIAN_POINT('',(-10.18206931238,-1.7763568394E-15));
#2011 = VECTOR('',#2012,1.);
#2012 = DIRECTION('',(-1.5936608725E-16,-1.));
#2013 = ( GEOMETRIC_REPRESENTATION_CONTEXT(2) 
PARAMETRIC_REPRESENTATION_CONTEXT() REPRESENTATION_CONTEXT('2D SPACE',''
  ) );
#2014 = PCURVE('',#2015,#2020);
#2015 = PLANE('',#2016);
#2016 = AXIS2_PLACEMENT_3D('',#2017,#2018,#2019);
#2017 = CARTESIAN_POINT('',(0.,19.,42.908965343809));
#2018 = DIRECTION('',(5.947623346206E-16,0.5,0.866025403784));
#2019 = DIRECTION('',(1.,-2.973811673103E-16,-5.150792909956E-16));
#2020 = DEFINITIONAL_REPRESENTATION('',(#2021),#2025);
#2021 = LINE('',#2022,#2023);
#2022 = CARTESIAN_POINT('',(-1.7763568394E-15,9.817930687617));
#2023 = VECTOR('',#2024,1.);
#2024 = DIRECTION('',(-1.,-1.5936608725E-16));
#2025 = ( GEOMETRIC_REPRESENTATION_CONTEXT(2) 
PARAMETRIC_REPRESENTATION_CONTEXT() REPRESENTATION_CONTEXT('2D SPACE',''
  ) );
#2026 = FACE_BOUND('',#2027,.T.);
#2027 = EDGE_LOOP('',(#2028,#2063));
#2028 = ORIENTED_EDGE('',*,*,#2029,.T.);
#2029 = EDGE_CURVE('',#2030,#2032,#2034,.T.);
#2030 = VERTEX_POINT('',#2031);
#2031 = CARTESIAN_POINT('',(3.599999998282,49.9117,38.));
#2032 = VERTEX_POINT('',#2033);
#2033 = CARTESIAN_POINT('',(-3.599999999141,49.911621364356,38.));
#2034 = SURFACE_CURVE('',#2035,(#2040,#2051),.PCURVE_S1.);
#2035 = CIRCLE('',#2036,3.6);
#2036 = AXIS2_PLACEMENT_3D('',#2037,#2038,#2039);
#2037 = CARTESIAN_POINT('',(0.,49.91154273188,38.));
#2038 = DIRECTION('',(0.,0.,-1.));
#2039 = DIRECTION('',(0.999999999046,4.368558881838E-05,0.));
#2040 = PCURVE('',#1148,#2041);
#2041 = DEFINITIONAL_REPRESENTATION('',(#2042),#2050);
#2042 = ( BOUNDED_CURVE() B_SPLINE_CURVE(2,(#2043,#2044,#2045,#2046,
#2047,#2048,#2049),.UNSPECIFIED.,.T.,.F.) B_SPLINE_CURVE_WITH_KNOTS((1,2
    ,2,2,2,1),(-2.094395102393,0.,2.094395102393,4.188790204786,
6.28318530718,8.377580409573),.UNSPECIFIED.) CURVE() 
GEOMETRIC_REPRESENTATION_ITEM() RATIONAL_B_SPLINE_CURVE((1.,0.5,1.,0.5,
1.,0.5,1.)) REPRESENTATION_ITEM('') );
#2043 = CARTESIAN_POINT('',(-32.59119192431,3.599999996565));
#2044 = CARTESIAN_POINT('',(-26.35580902301,3.600272392939));
#2045 = CARTESIAN_POINT('',(-29.47326457148,-1.799863800096));
#2046 = CARTESIAN_POINT('',(-32.59072011995,-7.19999999313));
#2047 = CARTESIAN_POINT('',(-35.70864747278,-1.800136196469));
#2048 = CARTESIAN_POINT('',(-38.8265748256,3.599727600191));
#2049 = CARTESIAN_POINT('',(-32.59119192431,3.599999996565));
#2050 = ( GEOMETRIC_REPRESENTATION_CONTEXT(2) 
PARAMETRIC_REPRESENTATION_CONTEXT() REPRESENTATION_CONTEXT('2D SPACE',''
  ) );
#2051 = PCURVE('',#2052,#2057);
#2052 = CYLINDRICAL_SURFACE('',#2053,3.6);
#2053 = AXIS2_PLACEMENT_3D('',#2054,#2055,#2056);
#2054 = CARTESIAN_POINT('',(-2.22044604925E-14,49.91154273188,
    -2.000000000027E-03));
#2055 = DIRECTION('',(5.947623346206E-16,1.110223024625E-16,1.));
#2056 = DIRECTION('',(0.,-1.,1.110223024625E-16));
#2057 = DEFINITIONAL_REPRESENTATION('',(#2058),#2062);
#2058 = LINE('',#2059,#2060);
#2059 = CARTESIAN_POINT('',(7.854025319563,38.002));
#2060 = VECTOR('',#2061,1.);
#2061 = DIRECTION('',(-1.,-0.));
#2062 = ( GEOMETRIC_REPRESENTATION_CONTEXT(2) 
PARAMETRIC_REPRESENTATION_CONTEXT() REPRESENTATION_CONTEXT('2D SPACE',''
  ) );
#2063 = ORIENTED_EDGE('',*,*,#2064,.F.);
#2064 = EDGE_CURVE('',#2030,#2032,#2065,.T.);
#2065 = SURFACE_CURVE('',#2066,(#2071,#2078),.PCURVE_S1.);
#2066 = CIRCLE('',#2067,3.6);
#2067 = AXIS2_PLACEMENT_3D('',#2068,#2069,#2070);
#2068 = CARTESIAN_POINT('',(0.,49.9117,38.));
#2069 = DIRECTION('',(0.,0.,1.));
#2070 = DIRECTION('',(1.,0.,-0.));
#2071 = PCURVE('',#1148,#2072);
#2072 = DEFINITIONAL_REPRESENTATION('',(#2073),#2077);
#2073 = CIRCLE('',#2074,3.6);
#2074 = AXIS2_PLACEMENT_2D('',#2075,#2076);
#2075 = CARTESIAN_POINT('',(-32.59119192431,4.226040563684E-30));
#2076 = DIRECTION('',(0.,1.));
#2077 = ( GEOMETRIC_REPRESENTATION_CONTEXT(2) 
PARAMETRIC_REPRESENTATION_CONTEXT() REPRESENTATION_CONTEXT('2D SPACE',''
  ) );
#2078 = PCURVE('',#2079,#2084);
#2079 = CYLINDRICAL_SURFACE('',#2080,3.6);
#2080 = AXIS2_PLACEMENT_3D('',#2081,#2082,#2083);
#2081 = CARTESIAN_POINT('',(0.,49.9117,34.));
#2082 = DIRECTION('',(0.,0.,1.));
#2083 = DIRECTION('',(1.,0.,-0.));
#2084 = DEFINITIONAL_REPRESENTATION('',(#2085),#2089);
#2085 = LINE('',#2086,#2087);
#2086 = CARTESIAN_POINT('',(0.,4.));
#2087 = VECTOR('',#2088,1.);
#2088 = DIRECTION('',(1.,0.));
#2089 = ( GEOMETRIC_REPRESENTATION_CONTEXT(2) 
PARAMETRIC_REPRESENTATION_CONTEXT() REPRESENTATION_CONTEXT('2D SPACE',''
  ) );
#2090 = ADVANCED_FACE('',(#2091),#1200,.T.);
#2091 = FACE_BOUND('',#2092,.T.);
#2092 = EDGE_LOOP('',(#2093,#2286,#2287,#2288));
#2093 = ORIENTED_EDGE('',*,*,#2094,.T.);
#2094 = EDGE_CURVE('',#2095,#1926,#2097,.T.);
#2095 = VERTEX_POINT('',#2096);
#2096 = CARTESIAN_POINT('',(24.5,34.902036403722,-2.5));
#2097 = SURFACE_CURVE('',#2098,(#2157,#2219),.PCURVE_S1.);
#2098 = B_SPLINE_CURVE_WITH_KNOTS('',8,(#2099,#2100,#2101,#2102,#2103,
    #2104,#2105,#2106,#2107,#2108,#2109,#2110,#2111,#2112,#2113,#2114,
    #2115,#2116,#2117,#2118,#2119,#2120,#2121,#2122,#2123,#2124,#2125,
    #2126,#2127,#2128,#2129,#2130,#2131,#2132,#2133,#2134,#2135,#2136,
    #2137,#2138,#2139,#2140,#2141,#2142,#2143,#2144,#2145,#2146,#2147,
    #2148,#2149,#2150,#2151,#2152,#2153,#2154,#2155,#2156),
  .UNSPECIFIED.,.F.,.F.,(9,7,7,7,7,7,7,7,9),(0.,4.030758330889E-02,
    7.764588165467E-02,0.1401773296,0.265442823012,0.436931566212,
    0.604735786309,0.739934387956,1.),.UNSPECIFIED.);
#2099 = CARTESIAN_POINT('',(24.5,34.902036403722,-2.5));
#2100 = CARTESIAN_POINT('',(24.5,34.973932326439,-2.541509130334));
#2101 = CARTESIAN_POINT('',(24.499718549741,35.034488369152,
    -2.582547503256));
#2102 = CARTESIAN_POINT('',(24.499167951277,35.08480171171,
    -2.623494684014));
#2103 = CARTESIAN_POINT('',(24.498340259932,35.126060647626,
    -2.664684996843));
#2104 = CARTESIAN_POINT('',(24.497232887372,35.159414660678,
    -2.706082055142));
#2105 = CARTESIAN_POINT('',(24.495824129206,35.186077011332,
    -2.747632699828));
#2106 = CARTESIAN_POINT('',(24.494169930913,35.207236943627,
    -2.788590459335));
#2107 = CARTESIAN_POINT('',(24.490431289334,35.239739046554,
    -2.867868162543));
#2108 = CARTESIAN_POINT('',(24.488289721629,35.252537171365,
    -2.908229611343));
#2109 = CARTESIAN_POINT('',(24.485756085071,35.262485492196,
    -2.950819847878));
#2110 = CARTESIAN_POINT('',(24.482782449495,35.269675012578,
    -2.995521537146));
#2111 = CARTESIAN_POINT('',(24.479330966431,35.274295152888,
    -3.042051071155));
#2112 = CARTESIAN_POINT('',(24.47539096342,35.276622752413,
    -3.089902614461));
#2113 = CARTESIAN_POINT('',(24.471003457334,35.277011000008,
    -3.138294786728));
#2114 = CARTESIAN_POINT('',(24.458404502897,35.273981319082,
    -3.266214117828));
#2115 = CARTESIAN_POINT('',(24.449273779103,35.267738500771,
    -3.348131610755));
#2116 = CARTESIAN_POINT('',(24.438907279983,35.258377567762,
    -3.430894984495));
#2117 = CARTESIAN_POINT('',(24.427386823419,35.246886756917,
    -3.513464083126));
#2118 = CARTESIAN_POINT('',(24.414840395583,35.233967727152,
    -3.595169376275));
#2119 = CARTESIAN_POINT('',(24.401340271369,35.220023238539,
    -3.675987652629));
#2120 = CARTESIAN_POINT('',(24.386783140195,35.205168414064,
    -3.756661135013));
#2121 = CARTESIAN_POINT('',(24.338802468903,35.157374818091,-4.002926554
    ));
#2122 = CARTESIAN_POINT('',(24.301964974643,35.122104182174,
    -4.16808857593));
#2123 = CARTESIAN_POINT('',(24.260508640829,35.085233801834,
    -4.332139210042));
#2124 = CARTESIAN_POINT('',(24.214697892974,35.047551252836,
    -4.494346394559));
#2125 = CARTESIAN_POINT('',(24.164651972703,35.009418510549,
    -4.65467690863));
#2126 = CARTESIAN_POINT('',(24.110329506916,34.971006878927,
    -4.813414988969));
#2127 = CARTESIAN_POINT('',(24.051560861186,34.932358512993,
    -4.970975300903));
#2128 = CARTESIAN_POINT('',(23.900975963073,34.840170727105,
    -5.342751584887));
#2129 = CARTESIAN_POINT('',(23.805671851925,34.786829886343,
    -5.554679524881));
#2130 = CARTESIAN_POINT('',(23.702156835036,34.733791042068,
    -5.763368054696));
#2131 = CARTESIAN_POINT('',(23.590514074585,34.681280679245,
    -5.968489999606));
#2132 = CARTESIAN_POINT('',(23.470833857172,34.629478257825,
    -6.169720239603));
#2133 = CARTESIAN_POINT('',(23.343215326697,34.578541036218,
    -6.36673225391));
#2134 = CARTESIAN_POINT('',(23.207768299659,34.52860249539,
    -6.559194759292));
#2135 = CARTESIAN_POINT('',(22.924528466663,34.432024019295,
    -6.930327866299));
#2136 = CARTESIAN_POINT('',(22.777065939882,34.385337258173,
    -7.109202576572));
#2137 = CARTESIAN_POINT('',(22.622369459986,34.339856717453,
    -7.283043442407));
#2138 = CARTESIAN_POINT('',(22.460603781325,34.295700875435,
    -7.451498244202));
#2139 = CARTESIAN_POINT('',(22.291951769564,34.252980295813,
    -7.614220146229));
#2140 = CARTESIAN_POINT('',(22.116614325248,34.211799371117,
    -7.77086815469));
#2141 = CARTESIAN_POINT('',(21.934810307384,34.172258066156,
    -7.921107575775));
#2142 = CARTESIAN_POINT('',(21.595278993972,34.103994936136,
    -8.180229682349));
#2143 = CARTESIAN_POINT('',(21.4397401507,34.074664102483,
    -8.291473869401));
#2144 = CARTESIAN_POINT('',(21.280309075283,34.046516512672,
    -8.398152926177));
#2145 = CARTESIAN_POINT('',(21.117143920632,34.019604539673,
    -8.50008505588));
#2146 = CARTESIAN_POINT('',(20.950411798518,33.993977681893,
    -8.597096825967));
#2147 = CARTESIAN_POINT('',(20.780288733609,33.969682667802,
    -8.689023220527));
#2148 = CARTESIAN_POINT('',(20.606959617502,33.946763560557,
    -8.775707692645));
#2149 = CARTESIAN_POINT('',(20.091410894365,33.883901581055,
    -9.013378909406));
#2150 = CARTESIAN_POINT('',(19.740932186293,33.847770680741,
    -9.149869866735));
#2151 = CARTESIAN_POINT('',(19.380806583589,33.817202151838,
    -9.265277105049));
#2152 = CARTESIAN_POINT('',(19.012791783386,33.792466277531,
    -9.358624221965));
#2153 = CARTESIAN_POINT('',(18.638749083594,33.773769392995,
    -9.429162846887));
#2154 = CARTESIAN_POINT('',(18.260613831595,33.761252644346,
    -9.476379091454));
#2155 = CARTESIAN_POINT('',(17.880365872932,33.754990747593,-9.5));
#2156 = CARTESIAN_POINT('',(17.5,33.754990747593,-9.5));
#2157 = PCURVE('',#1200,#2158);
#2158 = DEFINITIONAL_REPRESENTATION('',(#2159),#2218);
#2159 = B_SPLINE_CURVE_WITH_KNOTS('',8,(#2160,#2161,#2162,#2163,#2164,
    #2165,#2166,#2167,#2168,#2169,#2170,#2171,#2172,#2173,#2174,#2175,
    #2176,#2177,#2178,#2179,#2180,#2181,#2182,#2183,#2184,#2185,#2186,
    #2187,#2188,#2189,#2190,#2191,#2192,#2193,#2194,#2195,#2196,#2197,
    #2198,#2199,#2200,#2201,#2202,#2203,#2204,#2205,#2206,#2207,#2208,
    #2209,#2210,#2211,#2212,#2213,#2214,#2215,#2216,#2217),
  .UNSPECIFIED.,.F.,.F.,(9,7,7,7,7,7,7,7,9),(0.,4.030758330889E-02,
    7.764588165467E-02,0.1401773296,0.265442823012,0.436931566212,
    0.604735786309,0.739934387956,1.),.UNSPECIFIED.);
#2160 = CARTESIAN_POINT('',(1.570796326795,17.581528328033));
#2161 = CARTESIAN_POINT('',(1.576726202557,17.65342425075));
#2162 = CARTESIAN_POINT('',(1.582588828329,17.713980293463));
#2163 = CARTESIAN_POINT('',(1.58843873724,17.764293636021));
#2164 = CARTESIAN_POINT('',(1.594324007534,17.805552571937));
#2165 = CARTESIAN_POINT('',(1.600239690361,17.838906584989));
#2166 = CARTESIAN_POINT('',(1.606178694978,17.865568935643));
#2167 = CARTESIAN_POINT('',(1.612034440418,17.886728867938));
#2168 = CARTESIAN_POINT('',(1.623372413158,17.919230970865));
#2169 = CARTESIAN_POINT('',(1.629146341678,17.932029095676));
#2170 = CARTESIAN_POINT('',(1.635241213277,17.941977416507));
#2171 = CARTESIAN_POINT('',(1.641640947587,17.94916693689));
#2172 = CARTESIAN_POINT('',(1.648305868325,17.953787077199));
#2173 = CARTESIAN_POINT('',(1.65516455753,17.956114676724));
#2174 = CARTESIAN_POINT('',(1.66210586847,17.956502924319));
#2175 = CARTESIAN_POINT('',(1.680468479619,17.953473243393));
#2176 = CARTESIAN_POINT('',(1.692242484563,17.947230425082));
#2177 = CARTESIAN_POINT('',(1.704156344942,17.937869492073));
#2178 = CARTESIAN_POINT('',(1.716063898141,17.926378681228));
#2179 = CARTESIAN_POINT('',(1.7278707577,17.913459651464));
#2180 = CARTESIAN_POINT('',(1.739574566876,17.89951516285));
#2181 = CARTESIAN_POINT('',(1.751284337414,17.884660338375));
#2182 = CARTESIAN_POINT('',(1.787126622727,17.836866742402));
#2183 = CARTESIAN_POINT('',(1.811292097745,17.801596106485));
#2184 = CARTESIAN_POINT('',(1.835448844097,17.764725726145));
#2185 = CARTESIAN_POINT('',(1.859509374453,17.727043177147));
#2186 = CARTESIAN_POINT('',(1.883485978257,17.68891043486));
#2187 = CARTESIAN_POINT('',(1.907439024038,17.650498803238));
#2188 = CARTESIAN_POINT('',(1.931453111458,17.611850437304));
#2189 = CARTESIAN_POINT('',(1.988755285237,17.519662651416));
#2190 = CARTESIAN_POINT('',(2.021927492942,17.466321810654));
#2191 = CARTESIAN_POINT('',(2.055166465323,17.413282966379));
#2192 = CARTESIAN_POINT('',(2.08848056749,17.360772603557));
#2193 = CARTESIAN_POINT('',(2.121878982341,17.308970182136));
#2194 = CARTESIAN_POINT('',(2.155371282646,17.258032960529));
#2195 = CARTESIAN_POINT('',(2.18896703987,17.208094419702));
#2196 = CARTESIAN_POINT('',(2.25566229352,17.111515943606));
#2197 = CARTESIAN_POINT('',(2.288756340613,17.064829182484));
#2198 = CARTESIAN_POINT('',(2.321960382358,17.019348641764));
#2199 = CARTESIAN_POINT('',(2.355276331538,16.975192799747));
#2200 = CARTESIAN_POINT('',(2.388706541584,16.932472220125));
#2201 = CARTESIAN_POINT('',(2.422253773099,16.891291295428));
#2202 = CARTESIAN_POINT('',(2.455921160385,16.851749990468));
#2203 = CARTESIAN_POINT('',(2.516937347415,16.783486860447));
#2204 = CARTESIAN_POINT('',(2.544242290851,16.754156026794));
#2205 = CARTESIAN_POINT('',(2.571624347154,16.726008436983));
#2206 = CARTESIAN_POINT('',(2.59908130214,16.699096463984));
#2207 = CARTESIAN_POINT('',(2.626611284911,16.673469606205));
#2208 = CARTESIAN_POINT('',(2.654212664214,16.649174592114));
#2209 = CARTESIAN_POINT('',(2.68188394479,16.626255484868));
#2210 = CARTESIAN_POINT('',(2.762983290921,16.563393505366));
#2211 = CARTESIAN_POINT('',(2.816615834136,16.527262605053));
#2212 = CARTESIAN_POINT('',(2.870470554727,16.496694076149));
#2213 = CARTESIAN_POINT('',(2.924502297004,16.471958201842));
#2214 = CARTESIAN_POINT('',(2.978669718249,16.453261317307));
#2215 = CARTESIAN_POINT('',(3.032933518734,16.440744568657));
#2216 = CARTESIAN_POINT('',(3.087254671742,16.434482671904));
#2217 = CARTESIAN_POINT('',(3.14159265359,16.434482671904));
#2218 = ( GEOMETRIC_REPRESENTATION_CONTEXT(2) 
PARAMETRIC_REPRESENTATION_CONTEXT() REPRESENTATION_CONTEXT('2D SPACE',''
  ) );
#2219 = PCURVE('',#2220,#2225);
#2220 = CYLINDRICAL_SURFACE('',#2221,7.01);
#2221 = AXIS2_PLACEMENT_3D('',#2222,#2223,#2224);
#2222 = CARTESIAN_POINT('',(17.5,-13.82050807568,26.062177826491));
#2223 = DIRECTION('',(0.,0.866025403784,-0.5));
#2224 = DIRECTION('',(1.,0.,0.));
#2225 = DEFINITIONAL_REPRESENTATION('',(#2226),#2285);
#2226 = B_SPLINE_CURVE_WITH_KNOTS('',8,(#2227,#2228,#2229,#2230,#2231,
    #2232,#2233,#2234,#2235,#2236,#2237,#2238,#2239,#2240,#2241,#2242,
    #2243,#2244,#2245,#2246,#2247,#2248,#2249,#2250,#2251,#2252,#2253,
    #2254,#2255,#2256,#2257,#2258,#2259,#2260,#2261,#2262,#2263,#2264,
    #2265,#2266,#2267,#2268,#2269,#2270,#2271,#2272,#2273,#2274,#2275,
    #2276,#2277,#2278,#2279,#2280,#2281,#2282,#2283,#2284),
  .UNSPECIFIED.,.F.,.F.,(9,7,7,7,7,7,7,7,9),(0.,4.030758330889E-02,
    7.764588165467E-02,0.1401773296,0.265442823012,0.436931566212,
    0.604735786309,0.739934387956,1.),.UNSPECIFIED.);
#2227 = CARTESIAN_POINT('',(5.342046085415E-02,56.476050169433));
#2228 = CARTESIAN_POINT('',(5.342046085415E-02,56.559068430101));
#2229 = CARTESIAN_POINT('',(5.417221211329E-02,56.632030687904));
#2230 = CARTESIAN_POINT('',(5.564429629304E-02,56.696076911088));
#2231 = CARTESIAN_POINT('',(5.779339366648E-02,56.752403354138));
#2232 = CARTESIAN_POINT('',(6.053313462485E-02,56.80198730591));
#2233 = CARTESIAN_POINT('',(6.377081960897E-02,56.845852901243));
#2234 = CARTESIAN_POINT('',(6.732932315687E-02,56.884656819907));
#2235 = CARTESIAN_POINT('',(7.482413668967E-02,56.952443318322));
#2236 = CARTESIAN_POINT('',(7.89090090124E-02,56.983707543929));
#2237 = CARTESIAN_POINT('',(8.347534802631E-02,57.01361816076));
#2238 = CARTESIAN_POINT('',(8.850282744644E-02,57.042195312687));
#2239 = CARTESIAN_POINT('',(9.394370051894E-02,57.069461238569));
#2240 = CARTESIAN_POINT('',(9.971651424262E-02,57.095402770541));
#2241 = CARTESIAN_POINT('',(0.105699936834,57.119935088954));
#2242 = CARTESIAN_POINT('',(0.121819877444,57.181270973857));
#2243 = CARTESIAN_POINT('',(0.132464714666,57.216823281071));
#2244 = CARTESIAN_POINT('',(0.143455618795,57.250098162153));
#2245 = CARTESIAN_POINT('',(0.154595901858,57.281431377367));
#2246 = CARTESIAN_POINT('',(0.165753978697,57.311095815973));
#2247 = CARTESIAN_POINT('',(0.176899198878,57.339428672768));
#2248 = CARTESIAN_POINT('',(0.188118090281,57.366900758595));
#2249 = CARTESIAN_POINT('',(0.222636439075,57.448642999838));
#2250 = CARTESIAN_POINT('',(0.246143404156,57.500678744091));
#2251 = CARTESIAN_POINT('',(0.269776986387,57.550773375126));
#2252 = CARTESIAN_POINT('',(0.293407554814,57.599242922672));
#2253 = CARTESIAN_POINT('',(0.317022190484,57.646384256171));
#2254 = CARTESIAN_POINT('',(0.340663553376,57.692487847556));
#2255 = CARTESIAN_POINT('',(0.364405236661,57.737797536809));
#2256 = CARTESIAN_POINT('',(0.421134863157,57.843848714303));
#2257 = CARTESIAN_POINT('',(0.454036504588,57.903618161141));
#2258 = CARTESIAN_POINT('',(0.487045042013,57.962029439519));
#2259 = CARTESIAN_POINT('',(0.520158903897,58.019115103808));
#2260 = CARTESIAN_POINT('',(0.553380650093,58.074868010879));
#2261 = CARTESIAN_POINT('',(0.586714838686,58.129261090122));
#2262 = CARTESIAN_POINT('',(0.620167811307,58.182244297829));
#2263 = CARTESIAN_POINT('',(0.686605514117,58.284171437575));
#2264 = CARTESIAN_POINT('',(0.719584252994,58.333176871559));
#2265 = CARTESIAN_POINT('',(0.752682706384,58.380710000835));
#2266 = CARTESIAN_POINT('',(0.785901030213,58.42669732082));
#2267 = CARTESIAN_POINT('',(0.819240279281,58.471061164617));
#2268 = CARTESIAN_POINT('',(0.852702239946,58.513721441909));
#2269 = CARTESIAN_POINT('',(0.88628926282,58.554597377856));
#2270 = CARTESIAN_POINT('',(0.947167883252,58.625040826404));
#2271 = CARTESIAN_POINT('',(0.974414169623,58.655261672872));
#2272 = CARTESIAN_POINT('',(1.001739953425,58.684224673429));
#2273 = CARTESIAN_POINT('',(1.0291427318,58.711884285997));
#2274 = CARTESIAN_POINT('',(1.056620387755,58.738196661184));
#2275 = CARTESIAN_POINT('',(1.084171077737,58.763119759076));
#2276 = CARTESIAN_POINT('',(1.111793119219,58.786613466029));
#2277 = CARTESIAN_POINT('',(1.192752250718,58.851009003228));
#2278 = CARTESIAN_POINT('',(1.246297235688,58.88796420436));
#2279 = CARTESIAN_POINT('',(1.300067987497,58.91919470093));
#2280 = CARTESIAN_POINT('',(1.354018444085,58.944446363854));
#2281 = CARTESIAN_POINT('',(1.408106502431,58.963523699335));
#2282 = CARTESIAN_POINT('',(1.462292193949,58.976291999315));
#2283 = CARTESIAN_POINT('',(1.5165358599,58.982679491924));
#2284 = CARTESIAN_POINT('',(1.570796326795,58.982679491924));
#2285 = ( GEOMETRIC_REPRESENTATION_CONTEXT(2) 
PARAMETRIC_REPRESENTATION_CONTEXT() REPRESENTATION_CONTEXT('2D SPACE',''
  ) );
#2286 = ORIENTED_EDGE('',*,*,#1953,.T.);
#2287 = ORIENTED_EDGE('',*,*,#1186,.T.);
#2288 = ORIENTED_EDGE('',*,*,#2289,.F.);
#2289 = EDGE_CURVE('',#2095,#1164,#2290,.T.);
#2290 = SURFACE_CURVE('',#2291,(#2295,#2302),.PCURVE_S1.);
#2291 = LINE('',#2292,#2293);
#2292 = CARTESIAN_POINT('',(24.5,17.320508075689,-2.5));
#2293 = VECTOR('',#2294,1.);
#2294 = DIRECTION('',(0.,1.,-1.110223024625E-16));
#2295 = PCURVE('',#1200,#2296);
#2296 = DEFINITIONAL_REPRESENTATION('',(#2297),#2301);
#2297 = LINE('',#2298,#2299);
#2298 = CARTESIAN_POINT('',(1.570796326795,0.));
#2299 = VECTOR('',#2300,1.);
#2300 = DIRECTION('',(0.,1.));
#2301 = ( GEOMETRIC_REPRESENTATION_CONTEXT(2) 
PARAMETRIC_REPRESENTATION_CONTEXT() REPRESENTATION_CONTEXT('2D SPACE',''
  ) );
#2302 = PCURVE('',#1287,#2303);
#2303 = DEFINITIONAL_REPRESENTATION('',(#2304),#2308);
#2304 = LINE('',#2305,#2306);
#2305 = CARTESIAN_POINT('',(21.165063509461,21.25));
#2306 = VECTOR('',#2307,1.);
#2307 = DIRECTION('',(-0.5,0.866025403784));
#2308 = ( GEOMETRIC_REPRESENTATION_CONTEXT(2) 
PARAMETRIC_REPRESENTATION_CONTEXT() REPRESENTATION_CONTEXT('2D SPACE',''
  ) );
#2309 = ADVANCED_FACE('',(#2310),#1235,.T.);
#2310 = FACE_BOUND('',#2311,.T.);
#2311 = EDGE_LOOP('',(#2312,#2335,#2336,#2337));
#2312 = ORIENTED_EDGE('',*,*,#2313,.T.);
#2313 = EDGE_CURVE('',#2314,#1219,#2316,.T.);
#2314 = VERTEX_POINT('',#2315);
#2315 = CARTESIAN_POINT('',(24.5,25.626933041054,31.));
#2316 = SURFACE_CURVE('',#2317,(#2321,#2328),.PCURVE_S1.);
#2317 = LINE('',#2318,#2319);
#2318 = CARTESIAN_POINT('',(24.5,17.320508075689,31.));
#2319 = VECTOR('',#2320,1.);
#2320 = DIRECTION('',(0.,1.,-1.110223024625E-16));
#2321 = PCURVE('',#1235,#2322);
#2322 = DEFINITIONAL_REPRESENTATION('',(#2323),#2327);
#2323 = LINE('',#2324,#2325);
#2324 = CARTESIAN_POINT('',(1.570796326795,0.));
#2325 = VECTOR('',#2326,1.);
#2326 = DIRECTION('',(-4.859427277396E-18,1.));
#2327 = ( GEOMETRIC_REPRESENTATION_CONTEXT(2) 
PARAMETRIC_REPRESENTATION_CONTEXT() REPRESENTATION_CONTEXT('2D SPACE',''
  ) );
#2328 = PCURVE('',#1287,#2329);
#2329 = DEFINITIONAL_REPRESENTATION('',(#2330),#2334);
#2330 = LINE('',#2331,#2332);
#2331 = CARTESIAN_POINT('',(-7.846787517318,4.5));
#2332 = VECTOR('',#2333,1.);
#2333 = DIRECTION('',(-0.5,0.866025403784));
#2334 = ( GEOMETRIC_REPRESENTATION_CONTEXT(2) 
PARAMETRIC_REPRESENTATION_CONTEXT() REPRESENTATION_CONTEXT('2D SPACE',''
  ) );
#2335 = ORIENTED_EDGE('',*,*,#1218,.T.);
#2336 = ORIENTED_EDGE('',*,*,#1976,.F.);
#2337 = ORIENTED_EDGE('',*,*,#2338,.T.);
#2338 = EDGE_CURVE('',#1977,#2314,#2339,.T.);
#2339 = SURFACE_CURVE('',#2340,(#2345,#2374),.PCURVE_S1.);
#2340 = ELLIPSE('',#2341,7.246933262871,7.);
#2341 = AXIS2_PLACEMENT_3D('',#2342,#2343,#2344);
#2342 = CARTESIAN_POINT('',(17.5,25.626933041054,31.));
#2343 = DIRECTION('',(0.,0.965925826289,-0.258819045103));
#2344 = DIRECTION('',(0.,-0.258819045103,-0.965925826289));
#2345 = PCURVE('',#1235,#2346);
#2346 = DEFINITIONAL_REPRESENTATION('',(#2347),#2373);
#2347 = B_SPLINE_CURVE_WITH_KNOTS('',3,(#2348,#2349,#2350,#2351,#2352,
    #2353,#2354,#2355,#2356,#2357,#2358,#2359,#2360,#2361,#2362,#2363,
    #2364,#2365,#2366,#2367,#2368,#2369,#2370,#2371,#2372),
  .UNSPECIFIED.,.F.,.F.,(4,1,1,1,1,1,1,1,1,1,1,1,1,1,1,1,1,1,1,1,1,1,4),
  (3.14159265359,3.212992486626,3.284392319662,3.355792152698,
    3.427191985734,3.49859181877,3.569991651807,3.641391484843,
    3.712791317879,3.784191150915,3.855590983951,3.926990816987,
    3.998390650023,4.06979048306,4.141190316096,4.212590149132,
    4.283989982168,4.355389815204,4.42678964824,4.498189481276,
    4.569589314312,4.640989147349,4.712388980385),
  .QUASI_UNIFORM_KNOTS.);
#2348 = CARTESIAN_POINT('',(0.,10.182069312383));
#2349 = CARTESIAN_POINT('',(2.379994434538E-02,10.182073357314));
#2350 = CARTESIAN_POINT('',(7.139983303613E-02,10.178878775792));
#2351 = CARTESIAN_POINT('',(0.142799666072,10.164556562085));
#2352 = CARTESIAN_POINT('',(0.214199499108,10.140762720185));
#2353 = CARTESIAN_POINT('',(0.285599332145,10.107622321555));
#2354 = CARTESIAN_POINT('',(0.356999165181,10.065303217566));
#2355 = CARTESIAN_POINT('',(0.428398998217,10.014021331186));
#2356 = CARTESIAN_POINT('',(0.499798831253,9.954037909598));
#2357 = CARTESIAN_POINT('',(0.571198664289,9.885658634278));
#2358 = CARTESIAN_POINT('',(0.642598497325,9.809231945058));
#2359 = CARTESIAN_POINT('',(0.713998330361,9.725147296243));
#2360 = CARTESIAN_POINT('',(0.785398163397,9.63383316355));
#2361 = CARTESIAN_POINT('',(0.856797996434,9.53575486297));
#2362 = CARTESIAN_POINT('',(0.92819782947,9.431412179008));
#2363 = CARTESIAN_POINT('',(0.999597662506,9.321336818103));
#2364 = CARTESIAN_POINT('',(1.070997495542,9.206089698936));
#2365 = CARTESIAN_POINT('',(1.142397328578,9.086258094874));
#2366 = CARTESIAN_POINT('',(1.213797161614,8.962452638577));
#2367 = CARTESIAN_POINT('',(1.28519699465,8.835304220708));
#2368 = CARTESIAN_POINT('',(1.356596827687,8.705460736443));
#2369 = CARTESIAN_POINT('',(1.427996660723,8.573583928042));
#2370 = CARTESIAN_POINT('',(1.499396493759,8.440345475002));
#2371 = CARTESIAN_POINT('',(1.54699638245,8.351065543848));
#2372 = CARTESIAN_POINT('',(1.570796326795,8.306424965365));
#2373 = ( GEOMETRIC_REPRESENTATION_CONTEXT(2) 
PARAMETRIC_REPRESENTATION_CONTEXT() REPRESENTATION_CONTEXT('2D SPACE',''
  ) );
#2374 = PCURVE('',#2375,#2380);
#2375 = CYLINDRICAL_SURFACE('',#2376,7.);
#2376 = AXIS2_PLACEMENT_3D('',#2377,#2378,#2379);
#2377 = CARTESIAN_POINT('',(17.5,15.5,36.846787517318));
#2378 = DIRECTION('',(0.,0.866025403784,-0.5));
#2379 = DIRECTION('',(0.,0.5,0.866025403784));
#2380 = DEFINITIONAL_REPRESENTATION('',(#2381),#2407);
#2381 = B_SPLINE_CURVE_WITH_KNOTS('',3,(#2382,#2383,#2384,#2385,#2386,
    #2387,#2388,#2389,#2390,#2391,#2392,#2393,#2394,#2395,#2396,#2397,
    #2398,#2399,#2400,#2401,#2402,#2403,#2404,#2405,#2406),
  .UNSPECIFIED.,.F.,.F.,(4,1,1,1,1,1,1,1,1,1,1,1,1,1,1,1,1,1,1,1,1,1,4),
  (3.14159265359,3.212992486626,3.284392319662,3.355792152698,
    3.427191985734,3.49859181877,3.569991651807,3.641391484843,
    3.712791317879,3.784191150915,3.855590983951,3.926990816987,
    3.998390650023,4.06979048306,4.141190316096,4.212590149132,
    4.283989982168,4.355389815204,4.42678964824,4.498189481276,
    4.569589314312,4.640989147349,4.712388980385),
  .QUASI_UNIFORM_KNOTS.);
#2382 = CARTESIAN_POINT('',(0.,9.817930687617));
#2383 = CARTESIAN_POINT('',(2.379994434538E-02,9.817926642686));
#2384 = CARTESIAN_POINT('',(7.139983303613E-02,9.821121224208));
#2385 = CARTESIAN_POINT('',(0.142799666072,9.835443437915));
#2386 = CARTESIAN_POINT('',(0.214199499108,9.859237279815));
#2387 = CARTESIAN_POINT('',(0.285599332145,9.892377678445));
#2388 = CARTESIAN_POINT('',(0.356999165181,9.934696782434));
#2389 = CARTESIAN_POINT('',(0.428398998217,9.985978668814));
#2390 = CARTESIAN_POINT('',(0.499798831253,10.045962090402));
#2391 = CARTESIAN_POINT('',(0.571198664289,10.114341365722));
#2392 = CARTESIAN_POINT('',(0.642598497325,10.190768054942));
#2393 = CARTESIAN_POINT('',(0.713998330361,10.274852703757));
#2394 = CARTESIAN_POINT('',(0.785398163397,10.36616683645));
#2395 = CARTESIAN_POINT('',(0.856797996434,10.46424513703));
#2396 = CARTESIAN_POINT('',(0.92819782947,10.568587820992));
#2397 = CARTESIAN_POINT('',(0.999597662506,10.678663181897));
#2398 = CARTESIAN_POINT('',(1.070997495542,10.793910301064));
#2399 = CARTESIAN_POINT('',(1.142397328578,10.913741905126));
#2400 = CARTESIAN_POINT('',(1.213797161614,11.037547361423));
#2401 = CARTESIAN_POINT('',(1.28519699465,11.164695779292));
#2402 = CARTESIAN_POINT('',(1.356596827687,11.294539263557));
#2403 = CARTESIAN_POINT('',(1.427996660723,11.426416071958));
#2404 = CARTESIAN_POINT('',(1.499396493759,11.559654524998));
#2405 = CARTESIAN_POINT('',(1.54699638245,11.648934456152));
#2406 = CARTESIAN_POINT('',(1.570796326795,11.693575034635));
#2407 = ( GEOMETRIC_REPRESENTATION_CONTEXT(2) 
PARAMETRIC_REPRESENTATION_CONTEXT() REPRESENTATION_CONTEXT('2D SPACE',''
  ) );
#2408 = ADVANCED_FACE('',(#2409),#1287,.T.);
#2409 = FACE_BOUND('',#2410,.T.);
#2410 = EDGE_LOOP('',(#2411,#2412,#2413,#2436,#2464,#2492,#2523,#2542));
#2411 = ORIENTED_EDGE('',*,*,#1273,.F.);
#2412 = ORIENTED_EDGE('',*,*,#2313,.F.);
#2413 = ORIENTED_EDGE('',*,*,#2414,.F.);
#2414 = EDGE_CURVE('',#2415,#2314,#2417,.T.);
#2415 = VERTEX_POINT('',#2416);
#2416 = CARTESIAN_POINT('',(24.5,16.366025403784,36.346787517318));
#2417 = SURFACE_CURVE('',#2418,(#2422,#2429),.PCURVE_S1.);
#2418 = LINE('',#2419,#2420);
#2419 = CARTESIAN_POINT('',(24.5,15.5,36.846787517318));
#2420 = VECTOR('',#2421,1.);
#2421 = DIRECTION('',(0.,0.866025403784,-0.5));
#2422 = PCURVE('',#1287,#2423);
#2423 = DEFINITIONAL_REPRESENTATION('',(#2424),#2428);
#2424 = LINE('',#2425,#2426);
#2425 = CARTESIAN_POINT('',(-12.,8.881784197001E-16));
#2426 = VECTOR('',#2427,1.);
#2427 = DIRECTION('',(0.,1.));
#2428 = ( GEOMETRIC_REPRESENTATION_CONTEXT(2) 
PARAMETRIC_REPRESENTATION_CONTEXT() REPRESENTATION_CONTEXT('2D SPACE',''
  ) );
#2429 = PCURVE('',#2375,#2430);
#2430 = DEFINITIONAL_REPRESENTATION('',(#2431),#2435);
#2431 = LINE('',#2432,#2433);
#2432 = CARTESIAN_POINT('',(1.570796326795,0.));
#2433 = VECTOR('',#2434,1.);
#2434 = DIRECTION('',(0.,1.));
#2435 = ( GEOMETRIC_REPRESENTATION_CONTEXT(2) 
PARAMETRIC_REPRESENTATION_CONTEXT() REPRESENTATION_CONTEXT('2D SPACE',''
  ) );
#2436 = ORIENTED_EDGE('',*,*,#2437,.T.);
#2437 = EDGE_CURVE('',#2415,#2438,#2440,.T.);
#2438 = VERTEX_POINT('',#2439);
#2439 = CARTESIAN_POINT('',(24.5,4.366025403784,15.562177826491));
#2440 = SURFACE_CURVE('',#2441,(#2445,#2452),.PCURVE_S1.);
#2441 = LINE('',#2442,#2443);
#2442 = CARTESIAN_POINT('',(24.5,10.366025403784,25.954482671904));
#2443 = VECTOR('',#2444,1.);
#2444 = DIRECTION('',(-5.782411586589E-16,-0.5,-0.866025403784));
#2445 = PCURVE('',#1287,#2446);
#2446 = DEFINITIONAL_REPRESENTATION('',(#2447),#2451);
#2447 = LINE('',#2448,#2449);
#2448 = CARTESIAN_POINT('',(6.661338147751E-16,1.));
#2449 = VECTOR('',#2450,1.);
#2450 = DIRECTION('',(1.,0.));
#2451 = ( GEOMETRIC_REPRESENTATION_CONTEXT(2) 
PARAMETRIC_REPRESENTATION_CONTEXT() REPRESENTATION_CONTEXT('2D SPACE',''
  ) );
#2452 = PCURVE('',#2453,#2458);
#2453 = CYLINDRICAL_SURFACE('',#2454,1.);
#2454 = AXIS2_PLACEMENT_3D('',#2455,#2456,#2457);
#2455 = CARTESIAN_POINT('',(23.5,10.366025403784,25.954482671904));
#2456 = DIRECTION('',(-5.782411586589E-16,-0.5,-0.866025403784));
#2457 = DIRECTION('',(-1.,2.891205793295E-16,5.007715329124E-16));
#2458 = DEFINITIONAL_REPRESENTATION('',(#2459),#2463);
#2459 = LINE('',#2460,#2461);
#2460 = CARTESIAN_POINT('',(3.14159265359,0.));
#2461 = VECTOR('',#2462,1.);
#2462 = DIRECTION('',(0.,1.));
#2463 = ( GEOMETRIC_REPRESENTATION_CONTEXT(2) 
PARAMETRIC_REPRESENTATION_CONTEXT() REPRESENTATION_CONTEXT('2D SPACE',''
  ) );
#2464 = ORIENTED_EDGE('',*,*,#2465,.T.);
#2465 = EDGE_CURVE('',#2438,#2466,#2468,.T.);
#2466 = VERTEX_POINT('',#2467);
#2467 = CARTESIAN_POINT('',(24.5,19.196152422707,7.));
#2468 = SURFACE_CURVE('',#2469,(#2473,#2480),.PCURVE_S1.);
#2469 = LINE('',#2470,#2471);
#2470 = CARTESIAN_POINT('',(24.5,3.5,16.062177826491));
#2471 = VECTOR('',#2472,1.);
#2472 = DIRECTION('',(0.,0.866025403784,-0.5));
#2473 = PCURVE('',#1287,#2474);
#2474 = DEFINITIONAL_REPRESENTATION('',(#2475),#2479);
#2475 = LINE('',#2476,#2477);
#2476 = CARTESIAN_POINT('',(12.,0.));
#2477 = VECTOR('',#2478,1.);
#2478 = DIRECTION('',(0.,1.));
#2479 = ( GEOMETRIC_REPRESENTATION_CONTEXT(2) 
PARAMETRIC_REPRESENTATION_CONTEXT() REPRESENTATION_CONTEXT('2D SPACE',''
  ) );
#2480 = PCURVE('',#2481,#2486);
#2481 = CYLINDRICAL_SURFACE('',#2482,7.);
#2482 = AXIS2_PLACEMENT_3D('',#2483,#2484,#2485);
#2483 = CARTESIAN_POINT('',(17.5,3.5,16.062177826491));
#2484 = DIRECTION('',(0.,0.866025403784,-0.5));
#2485 = DIRECTION('',(0.,0.5,0.866025403784));
#2486 = DEFINITIONAL_REPRESENTATION('',(#2487),#2491);
#2487 = LINE('',#2488,#2489);
#2488 = CARTESIAN_POINT('',(1.570796326795,0.));
#2489 = VECTOR('',#2490,1.);
#2490 = DIRECTION('',(0.,1.));
#2491 = ( GEOMETRIC_REPRESENTATION_CONTEXT(2) 
PARAMETRIC_REPRESENTATION_CONTEXT() REPRESENTATION_CONTEXT('2D SPACE',''
  ) );
#2492 = ORIENTED_EDGE('',*,*,#2493,.T.);
#2493 = EDGE_CURVE('',#2466,#2494,#2496,.T.);
#2494 = VERTEX_POINT('',#2495);
#2495 = CARTESIAN_POINT('',(24.5,19.196152422707,6.567796344301));
#2496 = SURFACE_CURVE('',#2497,(#2501,#2508),.PCURVE_S1.);
#2497 = LINE('',#2498,#2499);
#2498 = CARTESIAN_POINT('',(24.5,19.196152422707,7.));
#2499 = VECTOR('',#2500,1.);
#2500 = DIRECTION('',(0.,0.,-1.));
#2501 = PCURVE('',#1287,#2502);
#2502 = DEFINITIONAL_REPRESENTATION('',(#2503),#2507);
#2503 = LINE('',#2504,#2505);
#2504 = CARTESIAN_POINT('',(12.,18.124355652982));
#2505 = VECTOR('',#2506,1.);
#2506 = DIRECTION('',(0.866025403784,0.5));
#2507 = ( GEOMETRIC_REPRESENTATION_CONTEXT(2) 
PARAMETRIC_REPRESENTATION_CONTEXT() REPRESENTATION_CONTEXT('2D SPACE',''
  ) );
#2508 = PCURVE('',#2509,#2517);
#2509 = SURFACE_OF_LINEAR_EXTRUSION('',#2510,#2515);
#2510 = ELLIPSE('',#2511,7.246933262871,7.);
#2511 = AXIS2_PLACEMENT_3D('',#2512,#2513,#2514);
#2512 = CARTESIAN_POINT('',(17.5,19.196152422707,7.));
#2513 = DIRECTION('',(0.,0.965925826289,-0.258819045103));
#2514 = DIRECTION('',(0.,-0.258819045103,-0.965925826289));
#2515 = VECTOR('',#2516,1.);
#2516 = DIRECTION('',(-0.,-0.,1.));
#2517 = DEFINITIONAL_REPRESENTATION('',(#2518),#2522);
#2518 = LINE('',#2519,#2520);
#2519 = CARTESIAN_POINT('',(4.712388980385,0.));
#2520 = VECTOR('',#2521,1.);
#2521 = DIRECTION('',(0.,-1.));
#2522 = ( GEOMETRIC_REPRESENTATION_CONTEXT(2) 
PARAMETRIC_REPRESENTATION_CONTEXT() REPRESENTATION_CONTEXT('2D SPACE',''
  ) );
#2523 = ORIENTED_EDGE('',*,*,#2524,.T.);
#2524 = EDGE_CURVE('',#2494,#2095,#2525,.T.);
#2525 = SURFACE_CURVE('',#2526,(#2530,#2536),.PCURVE_S1.);
#2526 = LINE('',#2527,#2528);
#2527 = CARTESIAN_POINT('',(24.5,-14.00765774841,25.738025084716));
#2528 = VECTOR('',#2529,1.);
#2529 = DIRECTION('',(0.,0.866025403784,-0.5));
#2530 = PCURVE('',#1287,#2531);
#2531 = DEFINITIONAL_REPRESENTATION('',(#2532),#2535);
#2532 = B_SPLINE_CURVE_WITH_KNOTS('',1,(#2533,#2534),.UNSPECIFIED.,.F.,
  .F.,(2,2),(14.298462819564,94.716908984796),.PIECEWISE_BEZIER_KNOTS.);
#2533 = CARTESIAN_POINT('',(12.374299345444,-5.701537180436));
#2534 = CARTESIAN_POINT('',(12.374299345444,74.716908984796));
#2535 = ( GEOMETRIC_REPRESENTATION_CONTEXT(2) 
PARAMETRIC_REPRESENTATION_CONTEXT() REPRESENTATION_CONTEXT('2D SPACE',''
  ) );
#2536 = PCURVE('',#2220,#2537);
#2537 = DEFINITIONAL_REPRESENTATION('',(#2538),#2541);
#2538 = B_SPLINE_CURVE_WITH_KNOTS('',1,(#2539,#2540),.UNSPECIFIED.,.F.,
  .F.,(2,2),(14.298462819564,94.716908984796),.PIECEWISE_BEZIER_KNOTS.);
#2539 = CARTESIAN_POINT('',(5.342046085417E-02,14.298462819564));
#2540 = CARTESIAN_POINT('',(5.342046085417E-02,94.716908984796));
#2541 = ( GEOMETRIC_REPRESENTATION_CONTEXT(2) 
PARAMETRIC_REPRESENTATION_CONTEXT() REPRESENTATION_CONTEXT('2D SPACE',''
  ) );
#2542 = ORIENTED_EDGE('',*,*,#2289,.T.);
#2543 = ADVANCED_FACE('',(#2544),#1347,.T.);
#2544 = FACE_BOUND('',#2545,.T.);
#2545 = EDGE_LOOP('',(#2546,#2547,#2568,#2594));
#2546 = ORIENTED_EDGE('',*,*,#1329,.F.);
#2547 = ORIENTED_EDGE('',*,*,#2548,.F.);
#2548 = EDGE_CURVE('',#2549,#1330,#2551,.T.);
#2549 = VERTEX_POINT('',#2550);
#2550 = CARTESIAN_POINT('',(5.3,71.120508075689,2.));
#2551 = SURFACE_CURVE('',#2552,(#2556,#2562),.PCURVE_S1.);
#2552 = LINE('',#2553,#2554);
#2553 = CARTESIAN_POINT('',(5.3,44.160254037844,2.));
#2554 = VECTOR('',#2555,1.);
#2555 = DIRECTION('',(0.,-1.,1.110223024625E-16));
#2556 = PCURVE('',#1347,#2557);
#2557 = DEFINITIONAL_REPRESENTATION('',(#2558),#2561);
#2558 = B_SPLINE_CURVE_WITH_KNOTS('',1,(#2559,#2560),.UNSPECIFIED.,.F.,
  .F.,(2,2),(-28.16025403784,-26.83974596215),.PIECEWISE_BEZIER_KNOTS.);
#2559 = CARTESIAN_POINT('',(0.2,-1.320508075689));
#2560 = CARTESIAN_POINT('',(0.2,0.));
#2561 = ( GEOMETRIC_REPRESENTATION_CONTEXT(2) 
PARAMETRIC_REPRESENTATION_CONTEXT() REPRESENTATION_CONTEXT('2D SPACE',''
  ) );
#2562 = PCURVE('',#1374,#2563);
#2563 = DEFINITIONAL_REPRESENTATION('',(#2564),#2567);
#2564 = B_SPLINE_CURVE_WITH_KNOTS('',1,(#2565,#2566),.UNSPECIFIED.,.F.,
  .F.,(2,2),(-28.16025403784,-26.83974596215),.PIECEWISE_BEZIER_KNOTS.);
#2565 = CARTESIAN_POINT('',(55.,5.3));
#2566 = CARTESIAN_POINT('',(53.679491924311,5.3));
#2567 = ( GEOMETRIC_REPRESENTATION_CONTEXT(2) 
PARAMETRIC_REPRESENTATION_CONTEXT() REPRESENTATION_CONTEXT('2D SPACE',''
  ) );
#2568 = ORIENTED_EDGE('',*,*,#2569,.T.);
#2569 = EDGE_CURVE('',#2549,#2570,#2572,.T.);
#2570 = VERTEX_POINT('',#2571);
#2571 = CARTESIAN_POINT('',(5.3,71.120508075689,8.1));
#2572 = SURFACE_CURVE('',#2573,(#2577,#2583),.PCURVE_S1.);
#2573 = LINE('',#2574,#2575);
#2574 = CARTESIAN_POINT('',(5.3,71.120508075689,10.4));
#2575 = VECTOR('',#2576,1.);
#2576 = DIRECTION('',(0.,1.110223024625E-16,1.));
#2577 = PCURVE('',#1347,#2578);
#2578 = DEFINITIONAL_REPRESENTATION('',(#2579),#2582);
#2579 = B_SPLINE_CURVE_WITH_KNOTS('',1,(#2580,#2581),.UNSPECIFIED.,.F.,
  .F.,(2,2),(-8.4,-2.3),.PIECEWISE_BEZIER_KNOTS.);
#2580 = CARTESIAN_POINT('',(0.2,-0.120508075689));
#2581 = CARTESIAN_POINT('',(6.3,-0.120508075689));
#2582 = ( GEOMETRIC_REPRESENTATION_CONTEXT(2) 
PARAMETRIC_REPRESENTATION_CONTEXT() REPRESENTATION_CONTEXT('2D SPACE',''
  ) );
#2583 = PCURVE('',#2584,#2589);
#2584 = PLANE('',#2585);
#2585 = AXIS2_PLACEMENT_3D('',#2586,#2587,#2588);
#2586 = CARTESIAN_POINT('',(0.,71.120508075689,19.));
#2587 = DIRECTION('',(0.,-1.,1.110223024625E-16));
#2588 = DIRECTION('',(1.,0.,0.));
#2589 = DEFINITIONAL_REPRESENTATION('',(#2590),#2593);
#2590 = B_SPLINE_CURVE_WITH_KNOTS('',1,(#2591,#2592),.UNSPECIFIED.,.F.,
  .F.,(2,2),(-8.4,-2.3),.PIECEWISE_BEZIER_KNOTS.);
#2591 = CARTESIAN_POINT('',(5.3,-17.));
#2592 = CARTESIAN_POINT('',(5.3,-10.9));
#2593 = ( GEOMETRIC_REPRESENTATION_CONTEXT(2) 
PARAMETRIC_REPRESENTATION_CONTEXT() REPRESENTATION_CONTEXT('2D SPACE',''
  ) );
#2594 = ORIENTED_EDGE('',*,*,#2595,.F.);
#2595 = EDGE_CURVE('',#1332,#2570,#2596,.T.);
#2596 = SURFACE_CURVE('',#2597,(#2601,#2608),.PCURVE_S1.);
#2597 = LINE('',#2598,#2599);
#2598 = CARTESIAN_POINT('',(5.3,71.,8.1));
#2599 = VECTOR('',#2600,1.);
#2600 = DIRECTION('',(-0.,1.,0.));
#2601 = PCURVE('',#1347,#2602);
#2602 = DEFINITIONAL_REPRESENTATION('',(#2603),#2607);
#2603 = LINE('',#2604,#2605);
#2604 = CARTESIAN_POINT('',(6.3,0.));
#2605 = VECTOR('',#2606,1.);
#2606 = DIRECTION('',(0.,-1.));
#2607 = ( GEOMETRIC_REPRESENTATION_CONTEXT(2) 
PARAMETRIC_REPRESENTATION_CONTEXT() REPRESENTATION_CONTEXT('2D SPACE',''
  ) );
#2608 = PCURVE('',#1427,#2609);
#2609 = DEFINITIONAL_REPRESENTATION('',(#2610),#2614);
#2610 = LINE('',#2611,#2612);
#2611 = CARTESIAN_POINT('',(10.6,0.));
#2612 = VECTOR('',#2613,1.);
#2613 = DIRECTION('',(0.,1.));
#2614 = ( GEOMETRIC_REPRESENTATION_CONTEXT(2) 
PARAMETRIC_REPRESENTATION_CONTEXT() REPRESENTATION_CONTEXT('2D SPACE',''
  ) );
#2615 = ADVANCED_FACE('',(#2616),#1374,.F.);
#2616 = FACE_BOUND('',#2617,.F.);
#2617 = EDGE_LOOP('',(#2618,#2619,#2642,#2670,#2696,#2724,#2747,#2766));
#2618 = ORIENTED_EDGE('',*,*,#2548,.F.);
#2619 = ORIENTED_EDGE('',*,*,#2620,.F.);
#2620 = EDGE_CURVE('',#2621,#2549,#2623,.T.);
#2621 = VERTEX_POINT('',#2622);
#2622 = CARTESIAN_POINT('',(17.5,71.120508075689,2.));
#2623 = SURFACE_CURVE('',#2624,(#2628,#2635),.PCURVE_S1.);
#2624 = LINE('',#2625,#2626);
#2625 = CARTESIAN_POINT('',(4.440892098501E-15,71.120508075689,2.));
#2626 = VECTOR('',#2627,1.);
#2627 = DIRECTION('',(-1.,3.944304526105E-31,5.947623346206E-16));
#2628 = PCURVE('',#1374,#2629);
#2629 = DEFINITIONAL_REPRESENTATION('',(#2630),#2634);
#2630 = LINE('',#2631,#2632);
#2631 = CARTESIAN_POINT('',(53.8,4.226040563684E-30));
#2632 = VECTOR('',#2633,1.);
#2633 = DIRECTION('',(3.283985688029E-31,-1.));
#2634 = ( GEOMETRIC_REPRESENTATION_CONTEXT(2) 
PARAMETRIC_REPRESENTATION_CONTEXT() REPRESENTATION_CONTEXT('2D SPACE',''
  ) );
#2635 = PCURVE('',#2584,#2636);
#2636 = DEFINITIONAL_REPRESENTATION('',(#2637),#2641);
#2637 = LINE('',#2638,#2639);
#2638 = CARTESIAN_POINT('',(4.440892098501E-15,-17.));
#2639 = VECTOR('',#2640,1.);
#2640 = DIRECTION('',(-1.,5.947623346206E-16));
#2641 = ( GEOMETRIC_REPRESENTATION_CONTEXT(2) 
PARAMETRIC_REPRESENTATION_CONTEXT() REPRESENTATION_CONTEXT('2D SPACE',''
  ) );
#2642 = ORIENTED_EDGE('',*,*,#2643,.F.);
#2643 = EDGE_CURVE('',#2644,#2621,#2646,.T.);
#2644 = VERTEX_POINT('',#2645);
#2645 = CARTESIAN_POINT('',(17.5,70.9,2.));
#2646 = SURFACE_CURVE('',#2647,(#2651,#2658),.PCURVE_S1.);
#2647 = LINE('',#2648,#2649);
#2648 = CARTESIAN_POINT('',(17.5,17.320508075689,2.));
#2649 = VECTOR('',#2650,1.);
#2650 = DIRECTION('',(0.,1.,-1.110223024625E-16));
#2651 = PCURVE('',#1374,#2652);
#2652 = DEFINITIONAL_REPRESENTATION('',(#2653),#2657);
#2653 = LINE('',#2654,#2655);
#2654 = CARTESIAN_POINT('',(1.183291357832E-30,17.5));
#2655 = VECTOR('',#2656,1.);
#2656 = DIRECTION('',(1.,6.603188380756E-32));
#2657 = ( GEOMETRIC_REPRESENTATION_CONTEXT(2) 
PARAMETRIC_REPRESENTATION_CONTEXT() REPRESENTATION_CONTEXT('2D SPACE',''
  ) );
#2658 = PCURVE('',#2659,#2664);
#2659 = CYLINDRICAL_SURFACE('',#2660,5.);
#2660 = AXIS2_PLACEMENT_3D('',#2661,#2662,#2663);
#2661 = CARTESIAN_POINT('',(17.5,17.320508075689,7.));
#2662 = DIRECTION('',(0.,1.,-1.110223024625E-16));
#2663 = DIRECTION('',(0.,1.110223024625E-16,1.));
#2664 = DEFINITIONAL_REPRESENTATION('',(#2665),#2669);
#2665 = LINE('',#2666,#2667);
#2666 = CARTESIAN_POINT('',(3.14159265359,-2.6645352591E-15));
#2667 = VECTOR('',#2668,1.);
#2668 = DIRECTION('',(0.,1.));
#2669 = ( GEOMETRIC_REPRESENTATION_CONTEXT(2) 
PARAMETRIC_REPRESENTATION_CONTEXT() REPRESENTATION_CONTEXT('2D SPACE',''
  ) );
#2670 = ORIENTED_EDGE('',*,*,#2671,.F.);
#2671 = EDGE_CURVE('',#2672,#2644,#2674,.T.);
#2672 = VERTEX_POINT('',#2673);
#2673 = CARTESIAN_POINT('',(-17.5,70.9,2.));
#2674 = SURFACE_CURVE('',#2675,(#2679,#2685),.PCURVE_S1.);
#2675 = LINE('',#2676,#2677);
#2676 = CARTESIAN_POINT('',(-11.1,70.9,2.));
#2677 = VECTOR('',#2678,1.);
#2678 = DIRECTION('',(1.,0.,-5.947623346206E-16));
#2679 = PCURVE('',#1374,#2680);
#2680 = DEFINITIONAL_REPRESENTATION('',(#2681),#2684);
#2681 = B_SPLINE_CURVE_WITH_KNOTS('',1,(#2682,#2683),.UNSPECIFIED.,.F.,
  .F.,(2,2),(-6.4,28.6),.PIECEWISE_BEZIER_KNOTS.);
#2682 = CARTESIAN_POINT('',(53.579491924311,-17.5));
#2683 = CARTESIAN_POINT('',(53.579491924311,17.5));
#2684 = ( GEOMETRIC_REPRESENTATION_CONTEXT(2) 
PARAMETRIC_REPRESENTATION_CONTEXT() REPRESENTATION_CONTEXT('2D SPACE',''
  ) );
#2685 = PCURVE('',#2686,#2691);
#2686 = PLANE('',#2687);
#2687 = AXIS2_PLACEMENT_3D('',#2688,#2689,#2690);
#2688 = CARTESIAN_POINT('',(-22.2,70.9,0.8));
#2689 = DIRECTION('',(-0.,1.,0.));
#2690 = DIRECTION('',(0.,0.,1.));
#2691 = DEFINITIONAL_REPRESENTATION('',(#2692),#2695);
#2692 = B_SPLINE_CURVE_WITH_KNOTS('',1,(#2693,#2694),.UNSPECIFIED.,.F.,
  .F.,(2,2),(-6.4,28.6),.PIECEWISE_BEZIER_KNOTS.);
#2693 = CARTESIAN_POINT('',(1.2,4.7));
#2694 = CARTESIAN_POINT('',(1.2,39.7));
#2695 = ( GEOMETRIC_REPRESENTATION_CONTEXT(2) 
PARAMETRIC_REPRESENTATION_CONTEXT() REPRESENTATION_CONTEXT('2D SPACE',''
  ) );
#2696 = ORIENTED_EDGE('',*,*,#2697,.T.);
#2697 = EDGE_CURVE('',#2672,#2698,#2700,.T.);
#2698 = VERTEX_POINT('',#2699);
#2699 = CARTESIAN_POINT('',(-17.5,71.120508075689,2.));
#2700 = SURFACE_CURVE('',#2701,(#2705,#2712),.PCURVE_S1.);
#2701 = LINE('',#2702,#2703);
#2702 = CARTESIAN_POINT('',(-17.5,17.320508075689,2.));
#2703 = VECTOR('',#2704,1.);
#2704 = DIRECTION('',(0.,1.,-1.110223024625E-16));
#2705 = PCURVE('',#1374,#2706);
#2706 = DEFINITIONAL_REPRESENTATION('',(#2707),#2711);
#2707 = LINE('',#2708,#2709);
#2708 = CARTESIAN_POINT('',(-1.183291357832E-30,-17.5));
#2709 = VECTOR('',#2710,1.);
#2710 = DIRECTION('',(1.,6.603188380756E-32));
#2711 = ( GEOMETRIC_REPRESENTATION_CONTEXT(2) 
PARAMETRIC_REPRESENTATION_CONTEXT() REPRESENTATION_CONTEXT('2D SPACE',''
  ) );
#2712 = PCURVE('',#2713,#2718);
#2713 = CYLINDRICAL_SURFACE('',#2714,5.);
#2714 = AXIS2_PLACEMENT_3D('',#2715,#2716,#2717);
#2715 = CARTESIAN_POINT('',(-17.5,17.320508075689,7.));
#2716 = DIRECTION('',(0.,1.,-1.110223024625E-16));
#2717 = DIRECTION('',(0.,1.110223024625E-16,1.));
#2718 = DEFINITIONAL_REPRESENTATION('',(#2719),#2723);
#2719 = LINE('',#2720,#2721);
#2720 = CARTESIAN_POINT('',(3.14159265359,-2.6645352591E-15));
#2721 = VECTOR('',#2722,1.);
#2722 = DIRECTION('',(0.,1.));
#2723 = ( GEOMETRIC_REPRESENTATION_CONTEXT(2) 
PARAMETRIC_REPRESENTATION_CONTEXT() REPRESENTATION_CONTEXT('2D SPACE',''
  ) );
#2724 = ORIENTED_EDGE('',*,*,#2725,.F.);
#2725 = EDGE_CURVE('',#2726,#2698,#2728,.T.);
#2726 = VERTEX_POINT('',#2727);
#2727 = CARTESIAN_POINT('',(-5.3,71.120508075689,2.));
#2728 = SURFACE_CURVE('',#2729,(#2733,#2740),.PCURVE_S1.);
#2729 = LINE('',#2730,#2731);
#2730 = CARTESIAN_POINT('',(4.440892098501E-15,71.120508075689,2.));
#2731 = VECTOR('',#2732,1.);
#2732 = DIRECTION('',(-1.,3.944304526105E-31,5.947623346206E-16));
#2733 = PCURVE('',#1374,#2734);
#2734 = DEFINITIONAL_REPRESENTATION('',(#2735),#2739);
#2735 = LINE('',#2736,#2737);
#2736 = CARTESIAN_POINT('',(53.8,4.226040563684E-30));
#2737 = VECTOR('',#2738,1.);
#2738 = DIRECTION('',(3.283985688029E-31,-1.));
#2739 = ( GEOMETRIC_REPRESENTATION_CONTEXT(2) 
PARAMETRIC_REPRESENTATION_CONTEXT() REPRESENTATION_CONTEXT('2D SPACE',''
  ) );
#2740 = PCURVE('',#2584,#2741);
#2741 = DEFINITIONAL_REPRESENTATION('',(#2742),#2746);
#2742 = LINE('',#2743,#2744);
#2743 = CARTESIAN_POINT('',(4.440892098501E-15,-17.));
#2744 = VECTOR('',#2745,1.);
#2745 = DIRECTION('',(-1.,5.947623346206E-16));
#2746 = ( GEOMETRIC_REPRESENTATION_CONTEXT(2) 
PARAMETRIC_REPRESENTATION_CONTEXT() REPRESENTATION_CONTEXT('2D SPACE',''
  ) );
#2747 = ORIENTED_EDGE('',*,*,#2748,.T.);
#2748 = EDGE_CURVE('',#2726,#1360,#2749,.T.);
#2749 = SURFACE_CURVE('',#2750,(#2754,#2760),.PCURVE_S1.);
#2750 = LINE('',#2751,#2752);
#2751 = CARTESIAN_POINT('',(-5.3,44.160254037844,2.));
#2752 = VECTOR('',#2753,1.);
#2753 = DIRECTION('',(0.,-1.,1.110223024625E-16));
#2754 = PCURVE('',#1374,#2755);
#2755 = DEFINITIONAL_REPRESENTATION('',(#2756),#2759);
#2756 = B_SPLINE_CURVE_WITH_KNOTS('',1,(#2757,#2758),.UNSPECIFIED.,.F.,
  .F.,(2,2),(-28.16025403784,-26.83974596215),.PIECEWISE_BEZIER_KNOTS.);
#2757 = CARTESIAN_POINT('',(55.,-5.3));
#2758 = CARTESIAN_POINT('',(53.679491924311,-5.3));
#2759 = ( GEOMETRIC_REPRESENTATION_CONTEXT(2) 
PARAMETRIC_REPRESENTATION_CONTEXT() REPRESENTATION_CONTEXT('2D SPACE',''
  ) );
#2760 = PCURVE('',#1401,#2761);
#2761 = DEFINITIONAL_REPRESENTATION('',(#2762),#2765);
#2762 = B_SPLINE_CURVE_WITH_KNOTS('',1,(#2763,#2764),.UNSPECIFIED.,.F.,
  .F.,(2,2),(-28.16025403784,-26.83974596215),.PIECEWISE_BEZIER_KNOTS.);
#2763 = CARTESIAN_POINT('',(0.2,-1.320508075689));
#2764 = CARTESIAN_POINT('',(0.2,0.));
#2765 = ( GEOMETRIC_REPRESENTATION_CONTEXT(2) 
PARAMETRIC_REPRESENTATION_CONTEXT() REPRESENTATION_CONTEXT('2D SPACE',''
  ) );
#2766 = ORIENTED_EDGE('',*,*,#1359,.T.);
#2767 = ADVANCED_FACE('',(#2768),#1427,.T.);
#2768 = FACE_BOUND('',#2769,.T.);
#2769 = EDGE_LOOP('',(#2770,#2793,#2794,#2795));
#2770 = ORIENTED_EDGE('',*,*,#2771,.F.);
#2771 = EDGE_CURVE('',#1386,#2772,#2774,.T.);
#2772 = VERTEX_POINT('',#2773);
#2773 = CARTESIAN_POINT('',(-5.3,71.120508075689,8.1));
#2774 = SURFACE_CURVE('',#2775,(#2779,#2786),.PCURVE_S1.);
#2775 = LINE('',#2776,#2777);
#2776 = CARTESIAN_POINT('',(-5.3,71.,8.1));
#2777 = VECTOR('',#2778,1.);
#2778 = DIRECTION('',(-0.,1.,0.));
#2779 = PCURVE('',#1427,#2780);
#2780 = DEFINITIONAL_REPRESENTATION('',(#2781),#2785);
#2781 = LINE('',#2782,#2783);
#2782 = CARTESIAN_POINT('',(0.,0.));
#2783 = VECTOR('',#2784,1.);
#2784 = DIRECTION('',(0.,1.));
#2785 = ( GEOMETRIC_REPRESENTATION_CONTEXT(2) 
PARAMETRIC_REPRESENTATION_CONTEXT() REPRESENTATION_CONTEXT('2D SPACE',''
  ) );
#2786 = PCURVE('',#1401,#2787);
#2787 = DEFINITIONAL_REPRESENTATION('',(#2788),#2792);
#2788 = LINE('',#2789,#2790);
#2789 = CARTESIAN_POINT('',(6.3,0.));
#2790 = VECTOR('',#2791,1.);
#2791 = DIRECTION('',(0.,-1.));
#2792 = ( GEOMETRIC_REPRESENTATION_CONTEXT(2) 
PARAMETRIC_REPRESENTATION_CONTEXT() REPRESENTATION_CONTEXT('2D SPACE',''
  ) );
#2793 = ORIENTED_EDGE('',*,*,#1413,.T.);
#2794 = ORIENTED_EDGE('',*,*,#2595,.T.);
#2795 = ORIENTED_EDGE('',*,*,#2796,.T.);
#2796 = EDGE_CURVE('',#2570,#2772,#2797,.T.);
#2797 = SURFACE_CURVE('',#2798,(#2802,#2808),.PCURVE_S1.);
#2798 = LINE('',#2799,#2800);
#2799 = CARTESIAN_POINT('',(-2.65,71.120508075689,8.1));
#2800 = VECTOR('',#2801,1.);
#2801 = DIRECTION('',(-1.,0.,0.));
#2802 = PCURVE('',#1427,#2803);
#2803 = DEFINITIONAL_REPRESENTATION('',(#2804),#2807);
#2804 = B_SPLINE_CURVE_WITH_KNOTS('',1,(#2805,#2806),.UNSPECIFIED.,.F.,
  .F.,(2,2),(-7.95,2.65),.PIECEWISE_BEZIER_KNOTS.);
#2805 = CARTESIAN_POINT('',(10.6,0.120508075689));
#2806 = CARTESIAN_POINT('',(0.,0.120508075689));
#2807 = ( GEOMETRIC_REPRESENTATION_CONTEXT(2) 
PARAMETRIC_REPRESENTATION_CONTEXT() REPRESENTATION_CONTEXT('2D SPACE',''
  ) );
#2808 = PCURVE('',#2584,#2809);
#2809 = DEFINITIONAL_REPRESENTATION('',(#2810),#2813);
#2810 = B_SPLINE_CURVE_WITH_KNOTS('',1,(#2811,#2812),.UNSPECIFIED.,.F.,
  .F.,(2,2),(-7.95,2.65),.PIECEWISE_BEZIER_KNOTS.);
#2811 = CARTESIAN_POINT('',(5.3,-10.9));
#2812 = CARTESIAN_POINT('',(-5.3,-10.9));
#2813 = ( GEOMETRIC_REPRESENTATION_CONTEXT(2) 
PARAMETRIC_REPRESENTATION_CONTEXT() REPRESENTATION_CONTEXT('2D SPACE',''
  ) );
#2814 = ADVANCED_FACE('',(#2815),#1401,.F.);
#2815 = FACE_BOUND('',#2816,.F.);
#2816 = EDGE_LOOP('',(#2817,#2818,#2819,#2838));
#2817 = ORIENTED_EDGE('',*,*,#1385,.F.);
#2818 = ORIENTED_EDGE('',*,*,#2748,.F.);
#2819 = ORIENTED_EDGE('',*,*,#2820,.T.);
#2820 = EDGE_CURVE('',#2726,#2772,#2821,.T.);
#2821 = SURFACE_CURVE('',#2822,(#2826,#2832),.PCURVE_S1.);
#2822 = LINE('',#2823,#2824);
#2823 = CARTESIAN_POINT('',(-5.3,71.120508075689,10.4));
#2824 = VECTOR('',#2825,1.);
#2825 = DIRECTION('',(0.,1.110223024625E-16,1.));
#2826 = PCURVE('',#1401,#2827);
#2827 = DEFINITIONAL_REPRESENTATION('',(#2828),#2831);
#2828 = B_SPLINE_CURVE_WITH_KNOTS('',1,(#2829,#2830),.UNSPECIFIED.,.F.,
  .F.,(2,2),(-8.4,-2.3),.PIECEWISE_BEZIER_KNOTS.);
#2829 = CARTESIAN_POINT('',(0.2,-0.120508075689));
#2830 = CARTESIAN_POINT('',(6.3,-0.120508075689));
#2831 = ( GEOMETRIC_REPRESENTATION_CONTEXT(2) 
PARAMETRIC_REPRESENTATION_CONTEXT() REPRESENTATION_CONTEXT('2D SPACE',''
  ) );
#2832 = PCURVE('',#2584,#2833);
#2833 = DEFINITIONAL_REPRESENTATION('',(#2834),#2837);
#2834 = B_SPLINE_CURVE_WITH_KNOTS('',1,(#2835,#2836),.UNSPECIFIED.,.F.,
  .F.,(2,2),(-8.4,-2.3),.PIECEWISE_BEZIER_KNOTS.);
#2835 = CARTESIAN_POINT('',(-5.3,-17.));
#2836 = CARTESIAN_POINT('',(-5.3,-10.9));
#2837 = ( GEOMETRIC_REPRESENTATION_CONTEXT(2) 
PARAMETRIC_REPRESENTATION_CONTEXT() REPRESENTATION_CONTEXT('2D SPACE',''
  ) );
#2838 = ORIENTED_EDGE('',*,*,#2771,.F.);
#2839 = ADVANCED_FACE('',(#2840),#1470,.T.);
#2840 = FACE_BOUND('',#2841,.T.);
#2841 = EDGE_LOOP('',(#2842,#2843,#2872,#2893));
#2842 = ORIENTED_EDGE('',*,*,#1452,.F.);
#2843 = ORIENTED_EDGE('',*,*,#2844,.F.);
#2844 = EDGE_CURVE('',#2845,#1453,#2847,.T.);
#2845 = VERTEX_POINT('',#2846);
#2846 = CARTESIAN_POINT('',(-17.5,19.866025403784,42.408965343809));
#2847 = SURFACE_CURVE('',#2848,(#2853,#2860),.PCURVE_S1.);
#2848 = CIRCLE('',#2849,7.);
#2849 = AXIS2_PLACEMENT_3D('',#2850,#2851,#2852);
#2850 = CARTESIAN_POINT('',(-17.5,16.366025403784,36.346787517318));
#2851 = DIRECTION('',(0.,-0.866025403784,0.5));
#2852 = DIRECTION('',(0.,-0.5,-0.866025403784));
#2853 = PCURVE('',#1470,#2854);
#2854 = DEFINITIONAL_REPRESENTATION('',(#2855),#2859);
#2855 = LINE('',#2856,#2857);
#2856 = CARTESIAN_POINT('',(9.424777960769,1.));
#2857 = VECTOR('',#2858,1.);
#2858 = DIRECTION('',(-1.,0.));
#2859 = ( GEOMETRIC_REPRESENTATION_CONTEXT(2) 
PARAMETRIC_REPRESENTATION_CONTEXT() REPRESENTATION_CONTEXT('2D SPACE',''
  ) );
#2860 = PCURVE('',#2861,#2866);
#2861 = TOROIDAL_SURFACE('',#2862,6.,1.);
#2862 = AXIS2_PLACEMENT_3D('',#2863,#2864,#2865);
#2863 = CARTESIAN_POINT('',(-17.5,16.366025403784,36.346787517318));
#2864 = DIRECTION('',(0.,-0.866025403784,0.5));
#2865 = DIRECTION('',(0.,-0.5,-0.866025403784));
#2866 = DEFINITIONAL_REPRESENTATION('',(#2867),#2871);
#2867 = LINE('',#2868,#2869);
#2868 = CARTESIAN_POINT('',(0.,0.));
#2869 = VECTOR('',#2870,1.);
#2870 = DIRECTION('',(1.,0.));
#2871 = ( GEOMETRIC_REPRESENTATION_CONTEXT(2) 
PARAMETRIC_REPRESENTATION_CONTEXT() REPRESENTATION_CONTEXT('2D SPACE',''
  ) );
#2872 = ORIENTED_EDGE('',*,*,#2873,.T.);
#2873 = EDGE_CURVE('',#2845,#1832,#2874,.T.);
#2874 = SURFACE_CURVE('',#2875,(#2879,#2886),.PCURVE_S1.);
#2875 = LINE('',#2876,#2877);
#2876 = CARTESIAN_POINT('',(-17.5,19.,42.908965343809));
#2877 = VECTOR('',#2878,1.);
#2878 = DIRECTION('',(0.,0.866025403784,-0.5));
#2879 = PCURVE('',#1470,#2880);
#2880 = DEFINITIONAL_REPRESENTATION('',(#2881),#2885);
#2881 = LINE('',#2882,#2883);
#2882 = CARTESIAN_POINT('',(6.28318530718,0.));
#2883 = VECTOR('',#2884,1.);
#2884 = DIRECTION('',(0.,1.));
#2885 = ( GEOMETRIC_REPRESENTATION_CONTEXT(2) 
PARAMETRIC_REPRESENTATION_CONTEXT() REPRESENTATION_CONTEXT('2D SPACE',''
  ) );
#2886 = PCURVE('',#2015,#2887);
#2887 = DEFINITIONAL_REPRESENTATION('',(#2888),#2892);
#2888 = LINE('',#2889,#2890);
#2889 = CARTESIAN_POINT('',(-17.5,-2.252330219987E-15));
#2890 = VECTOR('',#2891,1.);
#2891 = DIRECTION('',(0.,1.));
#2892 = ( GEOMETRIC_REPRESENTATION_CONTEXT(2) 
PARAMETRIC_REPRESENTATION_CONTEXT() REPRESENTATION_CONTEXT('2D SPACE',''
  ) );
#2893 = ORIENTED_EDGE('',*,*,#1856,.F.);
#2894 = ADVANCED_FACE('',(#2895),#1626,.T.);
#2895 = FACE_BOUND('',#2896,.T.);
#2896 = EDGE_LOOP('',(#2897,#2921,#2922,#2951));
#2897 = ORIENTED_EDGE('',*,*,#2898,.T.);
#2898 = EDGE_CURVE('',#2899,#1453,#2901,.T.);
#2899 = VERTEX_POINT('',#2900);
#2900 = CARTESIAN_POINT('',(-23.5,15.5,36.846787517318));
#2901 = SURFACE_CURVE('',#2902,(#2907,#2914),.PCURVE_S1.);
#2902 = CIRCLE('',#2903,1.);
#2903 = AXIS2_PLACEMENT_3D('',#2904,#2905,#2906);
#2904 = CARTESIAN_POINT('',(-23.5,16.366025403784,36.346787517318));
#2905 = DIRECTION('',(1.734723475977E-15,-0.5,-0.866025403784));
#2906 = DIRECTION('',(-1.,-8.673617379884E-16,-1.502314598737E-15));
#2907 = PCURVE('',#1626,#2908);
#2908 = DEFINITIONAL_REPRESENTATION('',(#2909),#2913);
#2909 = LINE('',#2910,#2911);
#2910 = CARTESIAN_POINT('',(9.424777960769,12.));
#2911 = VECTOR('',#2912,1.);
#2912 = DIRECTION('',(-1.,-1.130863886743E-15));
#2913 = ( GEOMETRIC_REPRESENTATION_CONTEXT(2) 
PARAMETRIC_REPRESENTATION_CONTEXT() REPRESENTATION_CONTEXT('2D SPACE',''
  ) );
#2914 = PCURVE('',#2861,#2915);
#2915 = DEFINITIONAL_REPRESENTATION('',(#2916),#2920);
#2916 = LINE('',#2917,#2918);
#2917 = CARTESIAN_POINT('',(4.712388980385,6.28318530718));
#2918 = VECTOR('',#2919,1.);
#2919 = DIRECTION('',(0.,-1.));
#2920 = ( GEOMETRIC_REPRESENTATION_CONTEXT(2) 
PARAMETRIC_REPRESENTATION_CONTEXT() REPRESENTATION_CONTEXT('2D SPACE',''
  ) );
#2921 = ORIENTED_EDGE('',*,*,#1612,.F.);
#2922 = ORIENTED_EDGE('',*,*,#2923,.F.);
#2923 = EDGE_CURVE('',#2924,#1585,#2926,.T.);
#2924 = VERTEX_POINT('',#2925);
#2925 = CARTESIAN_POINT('',(-23.5,3.5,16.062177826491));
#2926 = SURFACE_CURVE('',#2927,(#2932,#2939),.PCURVE_S1.);
#2927 = CIRCLE('',#2928,1.);
#2928 = AXIS2_PLACEMENT_3D('',#2929,#2930,#2931);
#2929 = CARTESIAN_POINT('',(-23.5,4.366025403784,15.562177826491));
#2930 = DIRECTION('',(-0.,-0.5,-0.866025403784));
#2931 = DIRECTION('',(-1.,0.,0.));
#2932 = PCURVE('',#1626,#2933);
#2933 = DEFINITIONAL_REPRESENTATION('',(#2934),#2938);
#2934 = LINE('',#2935,#2936);
#2935 = CARTESIAN_POINT('',(9.424777960769,-12.));
#2936 = VECTOR('',#2937,1.);
#2937 = DIRECTION('',(-1.,0.));
#2938 = ( GEOMETRIC_REPRESENTATION_CONTEXT(2) 
PARAMETRIC_REPRESENTATION_CONTEXT() REPRESENTATION_CONTEXT('2D SPACE',''
  ) );
#2939 = PCURVE('',#2940,#2945);
#2940 = TOROIDAL_SURFACE('',#2941,6.,1.);
#2941 = AXIS2_PLACEMENT_3D('',#2942,#2943,#2944);
#2942 = CARTESIAN_POINT('',(-17.5,4.366025403784,15.562177826491));
#2943 = DIRECTION('',(0.,-0.866025403784,0.5));
#2944 = DIRECTION('',(0.,-0.5,-0.866025403784));
#2945 = DEFINITIONAL_REPRESENTATION('',(#2946),#2950);
#2946 = LINE('',#2947,#2948);
#2947 = CARTESIAN_POINT('',(4.712388980385,6.28318530718));
#2948 = VECTOR('',#2949,1.);
#2949 = DIRECTION('',(0.,-1.));
#2950 = ( GEOMETRIC_REPRESENTATION_CONTEXT(2) 
PARAMETRIC_REPRESENTATION_CONTEXT() REPRESENTATION_CONTEXT('2D SPACE',''
  ) );
#2951 = ORIENTED_EDGE('',*,*,#2952,.T.);
#2952 = EDGE_CURVE('',#2924,#2899,#2953,.T.);
#2953 = SURFACE_CURVE('',#2954,(#2958,#2965),.PCURVE_S1.);
#2954 = LINE('',#2955,#2956);
#2955 = CARTESIAN_POINT('',(-23.5,9.5,26.454482671904));
#2956 = VECTOR('',#2957,1.);
#2957 = DIRECTION('',(5.782411586589E-16,0.5,0.866025403784));
#2958 = PCURVE('',#1626,#2959);
#2959 = DEFINITIONAL_REPRESENTATION('',(#2960),#2964);
#2960 = LINE('',#2961,#2962);
#2961 = CARTESIAN_POINT('',(4.712388980385,1.7763568394E-14));
#2962 = VECTOR('',#2963,1.);
#2963 = DIRECTION('',(0.,1.));
#2964 = ( GEOMETRIC_REPRESENTATION_CONTEXT(2) 
PARAMETRIC_REPRESENTATION_CONTEXT() REPRESENTATION_CONTEXT('2D SPACE',''
  ) );
#2965 = PCURVE('',#2966,#2971);
#2966 = PLANE('',#2967);
#2967 = AXIS2_PLACEMENT_3D('',#2968,#2969,#2970);
#2968 = CARTESIAN_POINT('',(0.,9.5,26.454482671904));
#2969 = DIRECTION('',(0.,-0.866025403784,0.5));
#2970 = DIRECTION('',(1.,0.,0.));
#2971 = DEFINITIONAL_REPRESENTATION('',(#2972),#2976);
#2972 = LINE('',#2973,#2974);
#2973 = CARTESIAN_POINT('',(-23.5,1.316752711072E-14));
#2974 = VECTOR('',#2975,1.);
#2975 = DIRECTION('',(5.782411586589E-16,1.));
#2976 = ( GEOMETRIC_REPRESENTATION_CONTEXT(2) 
PARAMETRIC_REPRESENTATION_CONTEXT() REPRESENTATION_CONTEXT('2D SPACE',''
  ) );
#2977 = ADVANCED_FACE('',(#2978),#1600,.T.);
#2978 = FACE_BOUND('',#2979,.T.);
#2979 = EDGE_LOOP('',(#2980,#3010,#3032,#3033));
#2980 = ORIENTED_EDGE('',*,*,#2981,.F.);
#2981 = EDGE_CURVE('',#2982,#2984,#2986,.T.);
#2982 = VERTEX_POINT('',#2983);
#2983 = CARTESIAN_POINT('',(-17.5,0.866025403784,9.5));
#2984 = VERTEX_POINT('',#2985);
#2985 = CARTESIAN_POINT('',(-17.5,17.320508075689,1.06581410364E-14));
#2986 = SURFACE_CURVE('',#2987,(#2991,#2998),.PCURVE_S1.);
#2987 = LINE('',#2988,#2989);
#2988 = CARTESIAN_POINT('',(-17.5,5.329070518201E-15,10.));
#2989 = VECTOR('',#2990,1.);
#2990 = DIRECTION('',(0.,0.866025403784,-0.5));
#2991 = PCURVE('',#1600,#2992);
#2992 = DEFINITIONAL_REPRESENTATION('',(#2993),#2997);
#2993 = LINE('',#2994,#2995);
#2994 = CARTESIAN_POINT('',(3.14159265359,0.));
#2995 = VECTOR('',#2996,1.);
#2996 = DIRECTION('',(0.,1.));
#2997 = ( GEOMETRIC_REPRESENTATION_CONTEXT(2) 
PARAMETRIC_REPRESENTATION_CONTEXT() REPRESENTATION_CONTEXT('2D SPACE',''
  ) );
#2998 = PCURVE('',#2999,#3004);
#2999 = PLANE('',#3000);
#3000 = AXIS2_PLACEMENT_3D('',#3001,#3002,#3003);
#3001 = CARTESIAN_POINT('',(3.552713678801E-15,5.329070518201E-15,10.));
#3002 = DIRECTION('',(-5.947623346206E-16,-0.5,-0.866025403784));
#3003 = DIRECTION('',(-1.,2.973811673103E-16,5.150792909956E-16));
#3004 = DEFINITIONAL_REPRESENTATION('',(#3005),#3009);
#3005 = LINE('',#3006,#3007);
#3006 = CARTESIAN_POINT('',(17.5,1.742183488199E-16));
#3007 = VECTOR('',#3008,1.);
#3008 = DIRECTION('',(0.,1.));
#3009 = ( GEOMETRIC_REPRESENTATION_CONTEXT(2) 
PARAMETRIC_REPRESENTATION_CONTEXT() REPRESENTATION_CONTEXT('2D SPACE',''
  ) );
#3010 = ORIENTED_EDGE('',*,*,#3011,.F.);
#3011 = EDGE_CURVE('',#1585,#2982,#3012,.T.);
#3012 = SURFACE_CURVE('',#3013,(#3018,#3025),.PCURVE_S1.);
#3013 = CIRCLE('',#3014,7.);
#3014 = AXIS2_PLACEMENT_3D('',#3015,#3016,#3017);
#3015 = CARTESIAN_POINT('',(-17.5,4.366025403784,15.562177826491));
#3016 = DIRECTION('',(0.,-0.866025403784,0.5));
#3017 = DIRECTION('',(0.,-0.5,-0.866025403784));
#3018 = PCURVE('',#1600,#3019);
#3019 = DEFINITIONAL_REPRESENTATION('',(#3020),#3024);
#3020 = LINE('',#3021,#3022);
#3021 = CARTESIAN_POINT('',(9.424777960769,1.));
#3022 = VECTOR('',#3023,1.);
#3023 = DIRECTION('',(-1.,0.));
#3024 = ( GEOMETRIC_REPRESENTATION_CONTEXT(2) 
PARAMETRIC_REPRESENTATION_CONTEXT() REPRESENTATION_CONTEXT('2D SPACE',''
  ) );
#3025 = PCURVE('',#2940,#3026);
#3026 = DEFINITIONAL_REPRESENTATION('',(#3027),#3031);
#3027 = LINE('',#3028,#3029);
#3028 = CARTESIAN_POINT('',(0.,0.));
#3029 = VECTOR('',#3030,1.);
#3030 = DIRECTION('',(1.,0.));
#3031 = ( GEOMETRIC_REPRESENTATION_CONTEXT(2) 
PARAMETRIC_REPRESENTATION_CONTEXT() REPRESENTATION_CONTEXT('2D SPACE',''
  ) );
#3032 = ORIENTED_EDGE('',*,*,#1584,.T.);
#3033 = ORIENTED_EDGE('',*,*,#3034,.F.);
#3034 = EDGE_CURVE('',#2984,#1554,#3035,.T.);
#3035 = SURFACE_CURVE('',#3036,(#3041,#3070),.PCURVE_S1.);
#3036 = ELLIPSE('',#3037,7.246933262871,7.);
#3037 = AXIS2_PLACEMENT_3D('',#3038,#3039,#3040);
#3038 = CARTESIAN_POINT('',(-17.5,19.196152422707,7.));
#3039 = DIRECTION('',(0.,0.965925826289,-0.258819045103));
#3040 = DIRECTION('',(0.,-0.258819045103,-0.965925826289));
#3041 = PCURVE('',#1600,#3042);
#3042 = DEFINITIONAL_REPRESENTATION('',(#3043),#3069);
#3043 = B_SPLINE_CURVE_WITH_KNOTS('',3,(#3044,#3045,#3046,#3047,#3048,
    #3049,#3050,#3051,#3052,#3053,#3054,#3055,#3056,#3057,#3058,#3059,
    #3060,#3061,#3062,#3063,#3064,#3065,#3066,#3067,#3068),
  .UNSPECIFIED.,.F.,.F.,(4,1,1,1,1,1,1,1,1,1,1,1,1,1,1,1,1,1,1,1,1,1,4),
  (0.,7.139983303613E-02,0.142799666072,0.214199499108,0.285599332145,
    0.356999165181,0.428398998217,0.499798831253,0.571198664289,
    0.642598497325,0.713998330361,0.785398163397,0.856797996434,
    0.92819782947,0.999597662506,1.070997495542,1.142397328578,
    1.213797161614,1.28519699465,1.356596827687,1.427996660723,
    1.499396493759,1.570796326795),.QUASI_UNIFORM_KNOTS.);
#3044 = CARTESIAN_POINT('',(3.14159265359,20.));
#3045 = CARTESIAN_POINT('',(3.165392597935,20.000004044931));
#3046 = CARTESIAN_POINT('',(3.212992486626,19.996809463409));
#3047 = CARTESIAN_POINT('',(3.284392319662,19.982487249702));
#3048 = CARTESIAN_POINT('',(3.355792152698,19.958693407802));
#3049 = CARTESIAN_POINT('',(3.427191985734,19.925553009172));
#3050 = CARTESIAN_POINT('',(3.49859181877,19.883233905183));
#3051 = CARTESIAN_POINT('',(3.569991651807,19.831952018803));
#3052 = CARTESIAN_POINT('',(3.641391484843,19.771968597216));
#3053 = CARTESIAN_POINT('',(3.712791317879,19.703589321896));
#3054 = CARTESIAN_POINT('',(3.784191150915,19.627162632676));
#3055 = CARTESIAN_POINT('',(3.855590983951,19.543077983861));
#3056 = CARTESIAN_POINT('',(3.926990816987,19.451763851167));
#3057 = CARTESIAN_POINT('',(3.998390650023,19.353685550588));
#3058 = CARTESIAN_POINT('',(4.06979048306,19.249342866625));
#3059 = CARTESIAN_POINT('',(4.141190316096,19.13926750572));
#3060 = CARTESIAN_POINT('',(4.212590149132,19.024020386554));
#3061 = CARTESIAN_POINT('',(4.283989982168,18.904188782491));
#3062 = CARTESIAN_POINT('',(4.355389815204,18.780383326194));
#3063 = CARTESIAN_POINT('',(4.42678964824,18.653234908325));
#3064 = CARTESIAN_POINT('',(4.498189481276,18.52339142406));
#3065 = CARTESIAN_POINT('',(4.569589314312,18.391514615659));
#3066 = CARTESIAN_POINT('',(4.640989147349,18.258276162619));
#3067 = CARTESIAN_POINT('',(4.688589036039,18.168996231466));
#3068 = CARTESIAN_POINT('',(4.712388980385,18.124355652982));
#3069 = ( GEOMETRIC_REPRESENTATION_CONTEXT(2) 
PARAMETRIC_REPRESENTATION_CONTEXT() REPRESENTATION_CONTEXT('2D SPACE',''
  ) );
#3070 = PCURVE('',#1569,#3071);
#3071 = DEFINITIONAL_REPRESENTATION('',(#3072),#3076);
#3072 = LINE('',#3073,#3074);
#3073 = CARTESIAN_POINT('',(0.,0.));
#3074 = VECTOR('',#3075,1.);
#3075 = DIRECTION('',(1.,0.));
#3076 = ( GEOMETRIC_REPRESENTATION_CONTEXT(2) 
PARAMETRIC_REPRESENTATION_CONTEXT() REPRESENTATION_CONTEXT('2D SPACE',''
  ) );
#3077 = ADVANCED_FACE('',(#3078),#1569,.F.);
#3078 = FACE_BOUND('',#3079,.F.);
#3079 = EDGE_LOOP('',(#3080,#3081,#3109,#3316));
#3080 = ORIENTED_EDGE('',*,*,#3034,.F.);
#3081 = ORIENTED_EDGE('',*,*,#3082,.T.);
#3082 = EDGE_CURVE('',#2984,#3083,#3085,.T.);
#3083 = VERTEX_POINT('',#3084);
#3084 = CARTESIAN_POINT('',(-17.5,17.320508075689,-1.154700538379E-02));
#3085 = SURFACE_CURVE('',#3086,(#3090,#3097),.PCURVE_S1.);
#3086 = LINE('',#3087,#3088);
#3087 = CARTESIAN_POINT('',(-17.5,17.320508075689,1.06581410364E-14));
#3088 = VECTOR('',#3089,1.);
#3089 = DIRECTION('',(0.,0.,-1.));
#3090 = PCURVE('',#1569,#3091);
#3091 = DEFINITIONAL_REPRESENTATION('',(#3092),#3096);
#3092 = LINE('',#3093,#3094);
#3093 = CARTESIAN_POINT('',(0.,0.));
#3094 = VECTOR('',#3095,1.);
#3095 = DIRECTION('',(0.,-1.));
#3096 = ( GEOMETRIC_REPRESENTATION_CONTEXT(2) 
PARAMETRIC_REPRESENTATION_CONTEXT() REPRESENTATION_CONTEXT('2D SPACE',''
  ) );
#3097 = PCURVE('',#3098,#3103);
#3098 = PLANE('',#3099);
#3099 = AXIS2_PLACEMENT_3D('',#3100,#3101,#3102);
#3100 = CARTESIAN_POINT('',(17.5,17.320508075689,1.644253443979E-15));
#3101 = DIRECTION('',(2.973811673103E-16,1.,0.));
#3102 = DIRECTION('',(-1.,2.973811673103E-16,5.150792909956E-16));
#3103 = DEFINITIONAL_REPRESENTATION('',(#3104),#3108);
#3104 = LINE('',#3105,#3106);
#3105 = CARTESIAN_POINT('',(35.,-9.013887592423E-15));
#3106 = VECTOR('',#3107,1.);
#3107 = DIRECTION('',(-5.150792909956E-16,-1.));
#3108 = ( GEOMETRIC_REPRESENTATION_CONTEXT(2) 
PARAMETRIC_REPRESENTATION_CONTEXT() REPRESENTATION_CONTEXT('2D SPACE',''
  ) );
#3109 = ORIENTED_EDGE('',*,*,#3110,.F.);
#3110 = EDGE_CURVE('',#1528,#3083,#3111,.T.);
#3111 = SURFACE_CURVE('',#3112,(#3178,#3247),.PCURVE_S1.);
#3112 = B_SPLINE_CURVE_WITH_KNOTS('',8,(#3113,#3114,#3115,#3116,#3117,
    #3118,#3119,#3120,#3121,#3122,#3123,#3124,#3125,#3126,#3127,#3128,
    #3129,#3130,#3131,#3132,#3133,#3134,#3135,#3136,#3137,#3138,#3139,
    #3140,#3141,#3142,#3143,#3144,#3145,#3146,#3147,#3148,#3149,#3150,
    #3151,#3152,#3153,#3154,#3155,#3156,#3157,#3158,#3159,#3160,#3161,
    #3162,#3163,#3164,#3165,#3166,#3167,#3168,#3169,#3170,#3171,#3172,
    #3173,#3174,#3175,#3176,#3177),.UNSPECIFIED.,.F.,.F.,(9,7,7,7,7,7,7,
    7,7,9),(0.,2.273926625772E-02,3.644053923212E-02,5.525370264914E-02,
    0.101101595239,0.192050557084,0.412908192301,0.560850694201,
    0.709850004078,1.),.UNSPECIFIED.);
#3113 = CARTESIAN_POINT('',(-24.5,19.196152422707,6.5677963443));
#3114 = CARTESIAN_POINT('',(-24.5,19.189344988272,6.571726618404));
#3115 = CARTESIAN_POINT('',(-24.49989443924,19.181726799707,
    6.573849477006));
#3116 = CARTESIAN_POINT('',(-24.49964079985,19.173258076536,
    6.573239150594));
#3117 = CARTESIAN_POINT('',(-24.49917907484,19.163906399814,
    6.568794820311));
#3118 = CARTESIAN_POINT('',(-24.49845610273,19.153680098317,
    6.559395266462));
#3119 = CARTESIAN_POINT('',(-24.49737547682,19.142627485042,
    6.544097104003));
#3120 = CARTESIAN_POINT('',(-24.49592145156,19.131175532699,
    6.523946779362));
#3121 = CARTESIAN_POINT('',(-24.4932240115,19.113372591039,
    6.487856151523));
#3122 = CARTESIAN_POINT('',(-24.49211906156,19.106754154029,
    6.473326062719));
#3123 = CARTESIAN_POINT('',(-24.49093099905,19.100234988132,
    6.458073049669));
#3124 = CARTESIAN_POINT('',(-24.48966776993,19.093828650717,
    6.442299162164));
#3125 = CARTESIAN_POINT('',(-24.48833653346,19.087539733442,
    6.426160344957));
#3126 = CARTESIAN_POINT('',(-24.48694258033,19.081364534783,
    6.409761409018));
#3127 = CARTESIAN_POINT('',(-24.4854882742,19.075290945424,
    6.393156674154));
#3128 = CARTESIAN_POINT('',(-24.48189004963,19.06106803436,
    6.353287732711));
#3129 = CARTESIAN_POINT('',(-24.47969681937,19.053011554486,
    6.329911307538));
#3130 = CARTESIAN_POINT('',(-24.4773955943,19.045097216708,6.3063232925)
  );
#3131 = CARTESIAN_POINT('',(-24.47498932575,19.03730546082,6.28259009143
    ));
#3132 = CARTESIAN_POINT('',(-24.47248044182,19.029621962335,
    6.258756624899));
#3133 = CARTESIAN_POINT('',(-24.46987055668,19.022033732718,
    6.234851547623));
#3134 = CARTESIAN_POINT('',(-24.46716009511,19.01452741411,
    6.210889285352));
#3135 = CARTESIAN_POINT('',(-24.4574943167,18.988964142017,
    6.128330918293));
#3136 = CARTESIAN_POINT('',(-24.45004724851,18.971275003282,
    6.06954262469));
#3137 = CARTESIAN_POINT('',(-24.44200993752,18.953870609379,
    6.010647947806));
#3138 = CARTESIAN_POINT('',(-24.43338675418,18.936697823714,
    5.951720305822));
#3139 = CARTESIAN_POINT('',(-24.42418187246,18.919709449153,
    5.892813192072));
#3140 = CARTESIAN_POINT('',(-24.41439775978,18.902878872003,
    5.833950897013));
#3141 = CARTESIAN_POINT('',(-24.40403414192,18.886179528681,
    5.775141566398));
#3142 = CARTESIAN_POINT('',(-24.37136963176,18.836677072442,
    5.599796405737));
#3143 = CARTESIAN_POINT('',(-24.3473734061,18.804220370592,
    5.483484245329));
#3144 = CARTESIAN_POINT('',(-24.32110332197,18.772087650736,
    5.367532265775));
#3145 = CARTESIAN_POINT('',(-24.29256681901,18.740241800995,
    5.252007850054));
#3146 = CARTESIAN_POINT('',(-24.26177212923,18.708651858587,
    5.136972751702));
#3147 = CARTESIAN_POINT('',(-24.22872765595,18.677307943791,
    5.022479157178));
#3148 = CARTESIAN_POINT('',(-24.19344132795,18.646201810479,
    4.908575081186));
#3149 = CARTESIAN_POINT('',(-24.06480393438,18.540364817048,
    4.520237250079));
#3150 = CARTESIAN_POINT('',(-23.96052117492,18.466796357076,
    4.24894069904));
#3151 = CARTESIAN_POINT('',(-23.84320514381,18.394609068619,
    3.982115257348));
#3152 = CARTESIAN_POINT('',(-23.713023537,18.323946987083,3.720444810415
    ));
#3153 = CARTESIAN_POINT('',(-23.57018084054,18.254941039029,
    3.464620627669));
#3154 = CARTESIAN_POINT('',(-23.41492207273,18.187761658545,
    3.215331157548));
#3155 = CARTESIAN_POINT('',(-23.24753679461,18.122573818971,
    2.973267151248));
#3156 = CARTESIAN_POINT('',(-22.94834617658,18.017335815261,
    2.582268907327));
#3157 = CARTESIAN_POINT('',(-22.82303951721,17.976092027621,
    2.42897358879));
#3158 = CARTESIAN_POINT('',(-22.6925489519,17.935872673701,
    2.279438316704));
#3159 = CARTESIAN_POINT('',(-22.55698854749,17.896730838804,
    2.133870682586));
#3160 = CARTESIAN_POINT('',(-22.41648348503,17.858719859343,
    1.992476939511));
#3161 = CARTESIAN_POINT('',(-22.27117090152,17.821892962252,
    1.855461265387));
#3162 = CARTESIAN_POINT('',(-22.12120073162,17.786302904385,
    1.72302502624));
#3163 = CARTESIAN_POINT('',(-21.81116897238,17.717455292661,
    1.466795137425));
#3164 = CARTESIAN_POINT('',(-21.6510414819,17.684215915087,
    1.343068801531));
#3165 = CARTESIAN_POINT('',(-21.48652249575,17.652336817701,
    1.224389927353));
#3166 = CARTESIAN_POINT('',(-21.31779279542,17.621870116735,
    1.110956118069));
#3167 = CARTESIAN_POINT('',(-21.14504627888,17.592866367362,
    1.002958549363));
#3168 = CARTESIAN_POINT('',(-20.9684907135,17.565374224895,
    0.900580834292));
#3169 = CARTESIAN_POINT('',(-20.78834848891,17.539440105987,
    0.80399788815));
#3170 = CARTESIAN_POINT('',(-20.24754063128,17.46772505302,
    0.536902227041));
#3171 = CARTESIAN_POINT('',(-19.87743638437,17.426404788898,
    0.382985691075));
#3172 = CARTESIAN_POINT('',(-19.49639050391,17.391489118869,
    0.25291214666));
#3173 = CARTESIAN_POINT('',(-19.10637183573,17.363255545223,
    0.14772407076));
#3174 = CARTESIAN_POINT('',(-18.70946465264,17.341922038394,
    6.823936275284E-02));
#3175 = CARTESIAN_POINT('',(-18.30786726319,17.327644702006,
    1.504336460947E-02));
#3176 = CARTESIAN_POINT('',(-17.90389677317,17.320508075689,
    -1.154700538377E-02));
#3177 = CARTESIAN_POINT('',(-17.5,17.320508075689,-1.154700538377E-02));
#3178 = PCURVE('',#1569,#3179);
#3179 = DEFINITIONAL_REPRESENTATION('',(#3180),#3246);
#3180 = B_SPLINE_CURVE_WITH_KNOTS('',8,(#3181,#3182,#3183,#3184,#3185,
    #3186,#3187,#3188,#3189,#3190,#3191,#3192,#3193,#3194,#3195,#3196,
    #3197,#3198,#3199,#3200,#3201,#3202,#3203,#3204,#3205,#3206,#3207,
    #3208,#3209,#3210,#3211,#3212,#3213,#3214,#3215,#3216,#3217,#3218,
    #3219,#3220,#3221,#3222,#3223,#3224,#3225,#3226,#3227,#3228,#3229,
    #3230,#3231,#3232,#3233,#3234,#3235,#3236,#3237,#3238,#3239,#3240,
    #3241,#3242,#3243,#3244,#3245),.UNSPECIFIED.,.F.,.F.,(9,7,7,7,7,7,7,
    7,7,9),(0.,2.273926625772E-02,3.644053923212E-02,5.525370264914E-02,
    0.101101595239,0.192050557084,0.412908192301,0.560850694201,
    0.709850004078,1.),.UNSPECIFIED.);
#3181 = CARTESIAN_POINT('',(1.570796326795,-0.4322036557));
#3182 = CARTESIAN_POINT('',(1.567166942341,-0.402867690419));
#3183 = CARTESIAN_POINT('',(1.563105303154,-0.372313365028));
#3184 = CARTESIAN_POINT('',(1.558590135333,-0.341317986292));
#3185 = CARTESIAN_POINT('',(1.553603981872,-0.31086138391));
#3186 = CARTESIAN_POINT('',(1.548151073705,-0.282095861004));
#3187 = CARTESIAN_POINT('',(1.542256646888,-0.25614510916));
#3188 = CARTESIAN_POINT('',(1.536147636008,-0.23355616581));
#3189 = CARTESIAN_POINT('',(1.526648176497,-0.203205310851));
#3190 = CARTESIAN_POINT('',(1.523116057303,-0.193035056467));
#3191 = CARTESIAN_POINT('',(1.519636269691,-0.183958211169));
#3192 = CARTESIAN_POINT('',(1.51621601934,-0.175823321948));
#3193 = CARTESIAN_POINT('',(1.512857741829,-0.168491580362));
#3194 = CARTESIAN_POINT('',(1.509559454053,-0.161844361158));
#3195 = CARTESIAN_POINT('',(1.506314682415,-0.155782151949));
#3196 = CARTESIAN_POINT('',(1.49871433313,-0.14257046667));
#3197 = CARTESIAN_POINT('',(1.494407664248,-0.135879699623));
#3198 = CARTESIAN_POINT('',(1.490175432518,-0.129931003966));
#3199 = CARTESIAN_POINT('',(1.486007153174,-0.12458497618));
#3200 = CARTESIAN_POINT('',(1.481895134798,-0.119743235987));
#3201 = CARTESIAN_POINT('',(1.477832396741,-0.115328654791));
#3202 = CARTESIAN_POINT('',(1.473811754525,-0.111276954639));
#3203 = CARTESIAN_POINT('',(1.460112922624,-9.843189144111E-02));
#3204 = CARTESIAN_POINT('',(1.450622753042,-9.120342054431E-02));
#3205 = CARTESIAN_POINT('',(1.441273727953,-8.514401510279E-02));
#3206 = CARTESIAN_POINT('',(1.432036588808,-7.998194848724E-02));
#3207 = CARTESIAN_POINT('',(1.422885258717,-7.548758522757E-02));
#3208 = CARTESIAN_POINT('',(1.413804628445,-7.15373112458E-02));
#3209 = CARTESIAN_POINT('',(1.404779584646,-6.80238441292E-02));
#3210 = CARTESIAN_POINT('',(1.377977994242,-5.862332300797E-02));
#3211 = CARTESIAN_POINT('',(1.360341147638,-5.380542306704E-02));
#3212 = CARTESIAN_POINT('',(1.342809220906,-4.983645952792E-02));
#3213 = CARTESIAN_POINT('',(1.3253550088,-4.651054601423E-02));
#3214 = CARTESIAN_POINT('',(1.307954593392,-4.365037428254E-02));
#3215 = CARTESIAN_POINT('',(1.290595287106,-4.116688628311E-02));
#3216 = CARTESIAN_POINT('',(1.273265241959,-3.898129232774E-02));
#3217 = CARTESIAN_POINT('',(1.213921222743,-3.233008662964E-02));
#3218 = CARTESIAN_POINT('',(1.172012917235,-2.906540721684E-02));
#3219 = CARTESIAN_POINT('',(1.130115100387,-2.648422073132E-02));
#3220 = CARTESIAN_POINT('',(1.088197628613,-2.444018919478E-02));
#3221 = CARTESIAN_POINT('',(1.046223392246,-2.273066778775E-02));
#3222 = CARTESIAN_POINT('',(1.004176649886,-2.130327671503E-02));
#3223 = CARTESIAN_POINT('',(0.962039499953,-2.008295369078E-02));
#3224 = CARTESIAN_POINT('',(0.891506485835,-1.832762088045E-02));
#3225 = CARTESIAN_POINT('',(0.863166948199,-1.769902844719E-02));
#3226 = CARTESIAN_POINT('',(0.834778627443,-1.713362825693E-02));
#3227 = CARTESIAN_POINT('',(0.806338905742,-1.662194583664E-02));
#3228 = CARTESIAN_POINT('',(0.77784577837,-1.615678232085E-02));
#3229 = CARTESIAN_POINT('',(0.749297840514,-1.573260541489E-02));
#3230 = CARTESIAN_POINT('',(0.720694274081,-1.534494035815E-02));
#3231 = CARTESIAN_POINT('',(0.66317066997,-1.463204423833E-02));
#3232 = CARTESIAN_POINT('',(0.634249567053,-1.430733421577E-02));
#3233 = CARTESIAN_POINT('',(0.605271584072,-1.401179724803E-02));
#3234 = CARTESIAN_POINT('',(0.576237062161,-1.374233058722E-02));
#3235 = CARTESIAN_POINT('',(0.547146743619,-1.349643302369E-02));
#3236 = CARTESIAN_POINT('',(0.51800189025,-1.32720756006E-02));
#3237 = CARTESIAN_POINT('',(0.488804401701,-1.306757232844E-02));
#3238 = CARTESIAN_POINT('',(0.402602625109,-1.25190120945E-02));
#3239 = CARTESIAN_POINT('',(0.345444834748,-1.222622297469E-02));
#3240 = CARTESIAN_POINT('',(0.288118766954,-1.199271286269E-02));
#3241 = CARTESIAN_POINT('',(0.230652981231,-1.181165743556E-02));
#3242 = CARTESIAN_POINT('',(0.173073552258,-1.167863405595E-02));
#3243 = CARTESIAN_POINT('',(0.115409507002,-1.159088740021E-02));
#3244 = CARTESIAN_POINT('',(5.769953902534E-02,-1.15470053838E-02));
#3245 = CARTESIAN_POINT('',(0.,-1.15470053838E-02));
#3246 = ( GEOMETRIC_REPRESENTATION_CONTEXT(2) 
PARAMETRIC_REPRESENTATION_CONTEXT() REPRESENTATION_CONTEXT('2D SPACE',''
  ) );
#3247 = PCURVE('',#1542,#3248);
#3248 = DEFINITIONAL_REPRESENTATION('',(#3249),#3315);
#3249 = B_SPLINE_CURVE_WITH_KNOTS('',8,(#3250,#3251,#3252,#3253,#3254,
    #3255,#3256,#3257,#3258,#3259,#3260,#3261,#3262,#3263,#3264,#3265,
    #3266,#3267,#3268,#3269,#3270,#3271,#3272,#3273,#3274,#3275,#3276,
    #3277,#3278,#3279,#3280,#3281,#3282,#3283,#3284,#3285,#3286,#3287,
    #3288,#3289,#3290,#3291,#3292,#3293,#3294,#3295,#3296,#3297,#3298,
    #3299,#3300,#3301,#3302,#3303,#3304,#3305,#3306,#3307,#3308,#3309,
    #3310,#3311,#3312,#3313,#3314),.UNSPECIFIED.,.F.,.F.,(9,7,7,7,7,7,7,
    7,7,9),(0.,2.273926625772E-02,3.644053923212E-02,5.525370264914E-02,
    0.101101595239,0.192050557084,0.412908192301,0.560850694201,
    0.709850004078,1.),.UNSPECIFIED.);
#3250 = CARTESIAN_POINT('',(-5.342046085415E-02,38.340457480832));
#3251 = CARTESIAN_POINT('',(-5.342046085415E-02,38.332596932626));
#3252 = CARTESIAN_POINT('',(-5.370198267487E-02,38.324937958496));
#3253 = CARTESIAN_POINT('',(-5.43823937684E-02,38.317908992299));
#3254 = CARTESIAN_POINT('',(-5.560025245263E-02,38.31203236783));
#3255 = CARTESIAN_POINT('',(-5.749372006847E-02,38.307875907873));
#3256 = CARTESIAN_POINT('',(-6.017640449919E-02,38.305953145227));
#3257 = CARTESIAN_POINT('',(-6.348910142522E-02,38.306110625895));
#3258 = CARTESIAN_POINT('',(-6.923052316476E-02,38.308738140075));
#3259 = CARTESIAN_POINT('',(-7.150312890677E-02,38.310271449893));
#3260 = CARTESIAN_POINT('',(-7.38585898841E-02,38.312252193141));
#3261 = CARTESIAN_POINT('',(-7.627098262703E-02,38.314591085946));
#3262 = CARTESIAN_POINT('',(-7.872071490009E-02,38.317214132427));
#3263 = CARTESIAN_POINT('',(-8.119510547064E-02,38.320065721485));
#3264 = CARTESIAN_POINT('',(-8.368832313528E-02,38.323108206239));
#3265 = CARTESIAN_POINT('',(-8.965039909192E-02,38.330725274664));
#3266 = CARTESIAN_POINT('',(-9.312707774678E-02,38.335436371014));
#3267 = CARTESIAN_POINT('',(-9.662108751586E-02,38.340376360964));
#3268 = CARTESIAN_POINT('',(-0.100125675558,38.345495102959));
#3269 = CARTESIAN_POINT('',(-0.103636368346,38.350757731347));
#3270 = CARTESIAN_POINT('',(-0.107150608779,38.356138670366));
#3271 = CARTESIAN_POINT('',(-0.110667631723,38.361619138899));
#3272 = CARTESIAN_POINT('',(-0.122769163875,38.380759879392));
#3273 = CARTESIAN_POINT('',(-0.131359190502,38.394834782678));
#3274 = CARTESIAN_POINT('',(-0.13995265311,38.409209473861));
#3275 = CARTESIAN_POINT('',(-0.1485452066,38.423801226217));
#3276 = CARTESIAN_POINT('',(-0.15713452789,38.43854241915));
#3277 = CARTESIAN_POINT('',(-0.165720437906,38.453397859309));
#3278 = CARTESIAN_POINT('',(-0.174304779834,38.468340469072));
#3279 = CARTESIAN_POINT('',(-0.19992531875,38.51314266475));
#3280 = CARTESIAN_POINT('',(-0.216954033153,38.54319041663));
#3281 = CARTESIAN_POINT('',(-0.233982795092,38.573338654716));
#3282 = CARTESIAN_POINT('',(-0.251013342839,38.603521547701));
#3283 = CARTESIAN_POINT('',(-0.268047661228,38.633681404243));
#3284 = CARTESIAN_POINT('',(-0.285087419546,38.663783575039));
#3285 = CARTESIAN_POINT('',(-0.302134716919,38.693796911373));
#3286 = CARTESIAN_POINT('',(-0.36061332411,38.796308301955));
#3287 = CARTESIAN_POINT('',(-0.402087266622,38.868244422221));
#3288 = CARTESIAN_POINT('',(-0.443634921665,38.939141117435));
#3289 = CARTESIAN_POINT('',(-0.485268279296,39.008781183204));
#3290 = CARTESIAN_POINT('',(-0.526999328225,39.076932370553));
#3291 = CARTESIAN_POINT('',(-0.568837270597,39.143398055502));
#3292 = CARTESIAN_POINT('',(-0.61079065847,39.207975733563));
#3293 = CARTESIAN_POINT('',(-0.681050672746,39.312336070868));
#3294 = CARTESIAN_POINT('',(-0.709289753301,39.353265562291));
#3295 = CARTESIAN_POINT('',(-0.737585122761,39.393202216116));
#3296 = CARTESIAN_POINT('',(-0.765938204814,39.432088209803));
#3297 = CARTESIAN_POINT('',(-0.79435009021,39.469866607506));
#3298 = CARTESIAN_POINT('',(-0.822821474472,39.506481416144));
#3299 = CARTESIAN_POINT('',(-0.85135259561,39.541877641482));
#3300 = CARTESIAN_POINT('',(-0.908737981104,39.610368805147));
#3301 = CARTESIAN_POINT('',(-0.937593368656,39.643445827709));
#3302 = CARTESIAN_POINT('',(-0.966508773222,39.675177156612));
#3303 = CARTESIAN_POINT('',(-0.995483439036,39.705509124248));
#3304 = CARTESIAN_POINT('',(-1.024516281285,39.734389924839));
#3305 = CARTESIAN_POINT('',(-1.053605751542,39.761769888594));
#3306 = CARTESIAN_POINT('',(-1.08274970322,39.787601755866));
#3307 = CARTESIAN_POINT('',(-1.168798472107,39.859042528716));
#3308 = CARTESIAN_POINT('',(-1.225861301806,39.900216398278));
#3309 = CARTESIAN_POINT('',(-1.283096966998,39.935015313251));
#3310 = CARTESIAN_POINT('',(-1.340475713851,39.963158359184));
#3311 = CARTESIAN_POINT('',(-1.397970501334,39.984425354322));
#3312 = CARTESIAN_POINT('',(-1.455551456581,39.998658817383));
#3313 = CARTESIAN_POINT('',(-1.513179098096,40.005773502692));
#3314 = CARTESIAN_POINT('',(-1.570796326795,40.005773502692));
#3315 = ( GEOMETRIC_REPRESENTATION_CONTEXT(2) 
PARAMETRIC_REPRESENTATION_CONTEXT() REPRESENTATION_CONTEXT('2D SPACE',''
  ) );
#3316 = ORIENTED_EDGE('',*,*,#1553,.F.);
#3317 = ADVANCED_FACE('',(#3318),#1542,.T.);
#3318 = FACE_BOUND('',#3319,.F.);
#3319 = EDGE_LOOP('',(#3320,#3321,#3342,#3343));
#3320 = ORIENTED_EDGE('',*,*,#3110,.T.);
#3321 = ORIENTED_EDGE('',*,*,#3322,.T.);
#3322 = EDGE_CURVE('',#3083,#1642,#3323,.T.);
#3323 = SURFACE_CURVE('',#3324,(#3328,#3335),.PCURVE_S1.);
#3324 = LINE('',#3325,#3326);
#3325 = CARTESIAN_POINT('',(-17.5,-17.32550807568,19.991339745962));
#3326 = VECTOR('',#3327,1.);
#3327 = DIRECTION('',(0.,0.866025403784,-0.5));
#3328 = PCURVE('',#1542,#3329);
#3329 = DEFINITIONAL_REPRESENTATION('',(#3330),#3334);
#3330 = LINE('',#3331,#3332);
#3331 = CARTESIAN_POINT('',(-1.570796326795,0.));
#3332 = VECTOR('',#3333,1.);
#3333 = DIRECTION('',(-0.,1.));
#3334 = ( GEOMETRIC_REPRESENTATION_CONTEXT(2) 
PARAMETRIC_REPRESENTATION_CONTEXT() REPRESENTATION_CONTEXT('2D SPACE',''
  ) );
#3335 = PCURVE('',#1940,#3336);
#3336 = DEFINITIONAL_REPRESENTATION('',(#3337),#3341);
#3337 = LINE('',#3338,#3339);
#3338 = CARTESIAN_POINT('',(7.01,0.));
#3339 = VECTOR('',#3340,1.);
#3340 = DIRECTION('',(0.,1.));
#3341 = ( GEOMETRIC_REPRESENTATION_CONTEXT(2) 
PARAMETRIC_REPRESENTATION_CONTEXT() REPRESENTATION_CONTEXT('2D SPACE',''
  ) );
#3342 = ORIENTED_EDGE('',*,*,#1641,.T.);
#3343 = ORIENTED_EDGE('',*,*,#1527,.F.);
#3344 = ADVANCED_FACE('',(#3345),#1940,.F.);
#3345 = FACE_BOUND('',#3346,.F.);
#3346 = EDGE_LOOP('',(#3347,#3348,#3349,#3370));
#3347 = ORIENTED_EDGE('',*,*,#1925,.F.);
#3348 = ORIENTED_EDGE('',*,*,#3322,.F.);
#3349 = ORIENTED_EDGE('',*,*,#3350,.T.);
#3350 = EDGE_CURVE('',#3083,#3351,#3353,.T.);
#3351 = VERTEX_POINT('',#3352);
#3352 = CARTESIAN_POINT('',(17.5,17.320508075689,-1.154700538379E-02));
#3353 = SURFACE_CURVE('',#3354,(#3358,#3364),.PCURVE_S1.);
#3354 = LINE('',#3355,#3356);
#3355 = CARTESIAN_POINT('',(-3.505,17.320508075689,-1.15470053838E-02));
#3356 = VECTOR('',#3357,1.);
#3357 = DIRECTION('',(1.,-2.973811673103E-16,1.716930969985E-16));
#3358 = PCURVE('',#1940,#3359);
#3359 = DEFINITIONAL_REPRESENTATION('',(#3360),#3363);
#3360 = B_SPLINE_CURVE_WITH_KNOTS('',1,(#3361,#3362),.UNSPECIFIED.,.F.,
  .F.,(2,2),(-13.995,21.005),.PIECEWISE_BEZIER_KNOTS.);
#3361 = CARTESIAN_POINT('',(7.01,40.005773502692));
#3362 = CARTESIAN_POINT('',(42.01,40.005773502692));
#3363 = ( GEOMETRIC_REPRESENTATION_CONTEXT(2) 
PARAMETRIC_REPRESENTATION_CONTEXT() REPRESENTATION_CONTEXT('2D SPACE',''
  ) );
#3364 = PCURVE('',#3098,#3365);
#3365 = DEFINITIONAL_REPRESENTATION('',(#3366),#3369);
#3366 = B_SPLINE_CURVE_WITH_KNOTS('',1,(#3367,#3368),.UNSPECIFIED.,.F.,
  .F.,(2,2),(-13.995,21.005),.PIECEWISE_BEZIER_KNOTS.);
#3367 = CARTESIAN_POINT('',(35.,-1.154700538382E-02));
#3368 = CARTESIAN_POINT('',(0.,-1.15470053838E-02));
#3369 = ( GEOMETRIC_REPRESENTATION_CONTEXT(2) 
PARAMETRIC_REPRESENTATION_CONTEXT() REPRESENTATION_CONTEXT('2D SPACE',''
  ) );
#3370 = ORIENTED_EDGE('',*,*,#3371,.T.);
#3371 = EDGE_CURVE('',#3351,#1926,#3372,.T.);
#3372 = SURFACE_CURVE('',#3373,(#3377,#3384),.PCURVE_S1.);
#3373 = LINE('',#3374,#3375);
#3374 = CARTESIAN_POINT('',(17.5,-17.32550807568,19.991339745962));
#3375 = VECTOR('',#3376,1.);
#3376 = DIRECTION('',(0.,0.866025403784,-0.5));
#3377 = PCURVE('',#1940,#3378);
#3378 = DEFINITIONAL_REPRESENTATION('',(#3379),#3383);
#3379 = LINE('',#3380,#3381);
#3380 = CARTESIAN_POINT('',(42.01,0.));
#3381 = VECTOR('',#3382,1.);
#3382 = DIRECTION('',(0.,1.));
#3383 = ( GEOMETRIC_REPRESENTATION_CONTEXT(2) 
PARAMETRIC_REPRESENTATION_CONTEXT() REPRESENTATION_CONTEXT('2D SPACE',''
  ) );
#3384 = PCURVE('',#2220,#3385);
#3385 = DEFINITIONAL_REPRESENTATION('',(#3386),#3390);
#3386 = LINE('',#3387,#3388);
#3387 = CARTESIAN_POINT('',(1.570796326795,0.));
#3388 = VECTOR('',#3389,1.);
#3389 = DIRECTION('',(0.,1.));
#3390 = ( GEOMETRIC_REPRESENTATION_CONTEXT(2) 
PARAMETRIC_REPRESENTATION_CONTEXT() REPRESENTATION_CONTEXT('2D SPACE',''
  ) );
#3391 = ADVANCED_FACE('',(#3392),#2015,.T.);
#3392 = FACE_BOUND('',#3393,.T.);
#3393 = EDGE_LOOP('',(#3394,#3395,#3423,#3444));
#3394 = ORIENTED_EDGE('',*,*,#2873,.F.);
#3395 = ORIENTED_EDGE('',*,*,#3396,.T.);
#3396 = EDGE_CURVE('',#2845,#3397,#3399,.T.);
#3397 = VERTEX_POINT('',#3398);
#3398 = CARTESIAN_POINT('',(17.5,19.866025403784,42.408965343809));
#3399 = SURFACE_CURVE('',#3400,(#3404,#3411),.PCURVE_S1.);
#3400 = LINE('',#3401,#3402);
#3401 = CARTESIAN_POINT('',(0.,19.866025403784,42.408965343809));
#3402 = VECTOR('',#3403,1.);
#3403 = DIRECTION('',(1.,-2.973811673103E-16,-5.150792909956E-16));
#3404 = PCURVE('',#2015,#3405);
#3405 = DEFINITIONAL_REPRESENTATION('',(#3406),#3410);
#3406 = LINE('',#3407,#3408);
#3407 = CARTESIAN_POINT('',(4.437342591868E-31,1.));
#3408 = VECTOR('',#3409,1.);
#3409 = DIRECTION('',(1.,0.));
#3410 = ( GEOMETRIC_REPRESENTATION_CONTEXT(2) 
PARAMETRIC_REPRESENTATION_CONTEXT() REPRESENTATION_CONTEXT('2D SPACE',''
  ) );
#3411 = PCURVE('',#3412,#3417);
#3412 = CYLINDRICAL_SURFACE('',#3413,1.);
#3413 = AXIS2_PLACEMENT_3D('',#3414,#3415,#3416);
#3414 = CARTESIAN_POINT('',(-8.881784197001E-16,19.366025403784,
    41.542939940024));
#3415 = DIRECTION('',(1.,-2.973811673103E-16,-5.150792909956E-16));
#3416 = DIRECTION('',(-5.947623346206E-16,-0.5,-0.866025403784));
#3417 = DEFINITIONAL_REPRESENTATION('',(#3418),#3422);
#3418 = LINE('',#3419,#3420);
#3419 = CARTESIAN_POINT('',(3.14159265359,0.));
#3420 = VECTOR('',#3421,1.);
#3421 = DIRECTION('',(0.,1.));
#3422 = ( GEOMETRIC_REPRESENTATION_CONTEXT(2) 
PARAMETRIC_REPRESENTATION_CONTEXT() REPRESENTATION_CONTEXT('2D SPACE',''
  ) );
#3423 = ORIENTED_EDGE('',*,*,#3424,.T.);
#3424 = EDGE_CURVE('',#3397,#1977,#3425,.T.);
#3425 = SURFACE_CURVE('',#3426,(#3430,#3437),.PCURVE_S1.);
#3426 = LINE('',#3427,#3428);
#3427 = CARTESIAN_POINT('',(17.5,19.,42.908965343809));
#3428 = VECTOR('',#3429,1.);
#3429 = DIRECTION('',(0.,0.866025403784,-0.5));
#3430 = PCURVE('',#2015,#3431);
#3431 = DEFINITIONAL_REPRESENTATION('',(#3432),#3436);
#3432 = LINE('',#3433,#3434);
#3433 = CARTESIAN_POINT('',(17.5,2.252330219987E-15));
#3434 = VECTOR('',#3435,1.);
#3435 = DIRECTION('',(0.,1.));
#3436 = ( GEOMETRIC_REPRESENTATION_CONTEXT(2) 
PARAMETRIC_REPRESENTATION_CONTEXT() REPRESENTATION_CONTEXT('2D SPACE',''
  ) );
#3437 = PCURVE('',#2375,#3438);
#3438 = DEFINITIONAL_REPRESENTATION('',(#3439),#3443);
#3439 = LINE('',#3440,#3441);
#3440 = CARTESIAN_POINT('',(0.,0.));
#3441 = VECTOR('',#3442,1.);
#3442 = DIRECTION('',(0.,1.));
#3443 = ( GEOMETRIC_REPRESENTATION_CONTEXT(2) 
PARAMETRIC_REPRESENTATION_CONTEXT() REPRESENTATION_CONTEXT('2D SPACE',''
  ) );
#3444 = ORIENTED_EDGE('',*,*,#2001,.T.);
#3445 = ADVANCED_FACE('',(#3446),#2052,.F.);
#3446 = FACE_BOUND('',#3447,.F.);
#3447 = EDGE_LOOP('',(#3448,#3483,#3503,#3504));
#3448 = ORIENTED_EDGE('',*,*,#3449,.F.);
#3449 = EDGE_CURVE('',#3450,#3452,#3454,.T.);
#3450 = VERTEX_POINT('',#3451);
#3451 = CARTESIAN_POINT('',(3.6,49.9117,36.1));
#3452 = VERTEX_POINT('',#3453);
#3453 = CARTESIAN_POINT('',(-3.599999999141,49.911621364632,36.1));
#3454 = SURFACE_CURVE('',#3455,(#3460,#3467),.PCURVE_S1.);
#3455 = CIRCLE('',#3456,3.6);
#3456 = AXIS2_PLACEMENT_3D('',#3457,#3458,#3459);
#3457 = CARTESIAN_POINT('',(-7.323506880295E-16,49.91154273188,36.1));
#3458 = DIRECTION('',(-1.973729821556E-15,0.,-1.));
#3459 = DIRECTION('',(0.999999999046,4.368558879754E-05,
    -1.973729819672E-15));
#3460 = PCURVE('',#2052,#3461);
#3461 = DEFINITIONAL_REPRESENTATION('',(#3462),#3466);
#3462 = LINE('',#3463,#3464);
#3463 = CARTESIAN_POINT('',(7.854025319563,36.102));
#3464 = VECTOR('',#3465,1.);
#3465 = DIRECTION('',(-1.,-0.));
#3466 = ( GEOMETRIC_REPRESENTATION_CONTEXT(2) 
PARAMETRIC_REPRESENTATION_CONTEXT() REPRESENTATION_CONTEXT('2D SPACE',''
  ) );
#3467 = PCURVE('',#3468,#3473);
#3468 = PLANE('',#3469);
#3469 = AXIS2_PLACEMENT_3D('',#3470,#3471,#3472);
#3470 = CARTESIAN_POINT('',(-7.5,42.4117,36.1));
#3471 = DIRECTION('',(0.,0.,1.));
#3472 = DIRECTION('',(1.,0.,-0.));
#3473 = DEFINITIONAL_REPRESENTATION('',(#3474),#3482);
#3474 = ( BOUNDED_CURVE() B_SPLINE_CURVE(2,(#3475,#3476,#3477,#3478,
#3479,#3480,#3481),.UNSPECIFIED.,.T.,.F.) B_SPLINE_CURVE_WITH_KNOTS((1,2
    ,2,2,2,1),(-2.094395102393,0.,2.094395102393,4.188790204786,
6.28318530718,8.377580409573),.UNSPECIFIED.) CURVE() 
GEOMETRIC_REPRESENTATION_ITEM() RATIONAL_B_SPLINE_CURVE((1.,0.5,1.,0.5,
1.,0.5,1.)) REPRESENTATION_ITEM('') );
#3475 = CARTESIAN_POINT('',(11.099999996565,7.5));
#3476 = CARTESIAN_POINT('',(11.100272392939,1.264617098702));
#3477 = CARTESIAN_POINT('',(5.700136199904,4.382072647171));
#3478 = CARTESIAN_POINT('',(0.30000000687,7.499528195641));
#3479 = CARTESIAN_POINT('',(5.699863803531,10.617455548469));
#3480 = CARTESIAN_POINT('',(11.099727600191,13.735382901298));
#3481 = CARTESIAN_POINT('',(11.099999996565,7.5));
#3482 = ( GEOMETRIC_REPRESENTATION_CONTEXT(2) 
PARAMETRIC_REPRESENTATION_CONTEXT() REPRESENTATION_CONTEXT('2D SPACE',''
  ) );
#3483 = ORIENTED_EDGE('',*,*,#3484,.T.);
#3484 = EDGE_CURVE('',#3450,#2030,#3485,.T.);
#3485 = SURFACE_CURVE('',#3486,(#3490,#3496),.PCURVE_S1.);
#3486 = LINE('',#3487,#3488);
#3487 = CARTESIAN_POINT('',(3.6,49.9117,34.));
#3488 = VECTOR('',#3489,1.);
#3489 = DIRECTION('',(0.,0.,1.));
#3490 = PCURVE('',#2052,#3491);
#3491 = DEFINITIONAL_REPRESENTATION('',(#3492),#3495);
#3492 = B_SPLINE_CURVE_WITH_KNOTS('',1,(#3493,#3494),.UNSPECIFIED.,.F.,
  .F.,(2,2),(2.1,4.),.PIECEWISE_BEZIER_KNOTS.);
#3493 = CARTESIAN_POINT('',(7.854025319563,36.102));
#3494 = CARTESIAN_POINT('',(7.854025319563,38.002));
#3495 = ( GEOMETRIC_REPRESENTATION_CONTEXT(2) 
PARAMETRIC_REPRESENTATION_CONTEXT() REPRESENTATION_CONTEXT('2D SPACE',''
  ) );
#3496 = PCURVE('',#2079,#3497);
#3497 = DEFINITIONAL_REPRESENTATION('',(#3498),#3502);
#3498 = LINE('',#3499,#3500);
#3499 = CARTESIAN_POINT('',(0.,-0.));
#3500 = VECTOR('',#3501,1.);
#3501 = DIRECTION('',(0.,1.));
#3502 = ( GEOMETRIC_REPRESENTATION_CONTEXT(2) 
PARAMETRIC_REPRESENTATION_CONTEXT() REPRESENTATION_CONTEXT('2D SPACE',''
  ) );
#3503 = ORIENTED_EDGE('',*,*,#2029,.T.);
#3504 = ORIENTED_EDGE('',*,*,#3505,.F.);
#3505 = EDGE_CURVE('',#3452,#2032,#3506,.T.);
#3506 = SURFACE_CURVE('',#3507,(#3511,#3517),.PCURVE_S1.);
#3507 = LINE('',#3508,#3509);
#3508 = CARTESIAN_POINT('',(-3.599999999065,49.911621365985,
    -2.000000000025E-03));
#3509 = VECTOR('',#3510,1.);
#3510 = DIRECTION('',(5.947623346206E-16,1.110223024625E-16,1.));
#3511 = PCURVE('',#2052,#3512);
#3512 = DEFINITIONAL_REPRESENTATION('',(#3513),#3516);
#3513 = B_SPLINE_CURVE_WITH_KNOTS('',1,(#3514,#3515),.UNSPECIFIED.,.F.,
  .F.,(2,2),(36.102,38.002),.PIECEWISE_BEZIER_KNOTS.);
#3514 = CARTESIAN_POINT('',(4.712367137578,36.102));
#3515 = CARTESIAN_POINT('',(4.712367137578,38.002));
#3516 = ( GEOMETRIC_REPRESENTATION_CONTEXT(2) 
PARAMETRIC_REPRESENTATION_CONTEXT() REPRESENTATION_CONTEXT('2D SPACE',''
  ) );
#3517 = PCURVE('',#2079,#3518);
#3518 = DEFINITIONAL_REPRESENTATION('',(#3519),#3522);
#3519 = B_SPLINE_CURVE_WITH_KNOTS('',1,(#3520,#3521),.UNSPECIFIED.,.F.,
  .F.,(2,2),(36.002,38.002),.PIECEWISE_BEZIER_KNOTS.);
#3520 = CARTESIAN_POINT('',(3.141614496372,2.));
#3521 = CARTESIAN_POINT('',(3.141614496372,4.));
#3522 = ( GEOMETRIC_REPRESENTATION_CONTEXT(2) 
PARAMETRIC_REPRESENTATION_CONTEXT() REPRESENTATION_CONTEXT('2D SPACE',''
  ) );
#3523 = ADVANCED_FACE('',(#3524),#2079,.F.);
#3524 = FACE_BOUND('',#3525,.F.);
#3525 = EDGE_LOOP('',(#3526,#3527,#3528,#3551,#3578,#3579,#3601));
#3526 = ORIENTED_EDGE('',*,*,#2064,.F.);
#3527 = ORIENTED_EDGE('',*,*,#3484,.F.);
#3528 = ORIENTED_EDGE('',*,*,#3529,.F.);
#3529 = EDGE_CURVE('',#3530,#3450,#3532,.T.);
#3530 = VERTEX_POINT('',#3531);
#3531 = CARTESIAN_POINT('',(3.6,49.9117,35.75));
#3532 = SEAM_CURVE('',#3533,(#3537,#3544),.PCURVE_S1.);
#3533 = LINE('',#3534,#3535);
#3534 = CARTESIAN_POINT('',(3.6,49.9117,35.75));
#3535 = VECTOR('',#3536,1.);
#3536 = DIRECTION('',(0.,0.,1.));
#3537 = PCURVE('',#2079,#3538);
#3538 = DEFINITIONAL_REPRESENTATION('',(#3539),#3543);
#3539 = LINE('',#3540,#3541);
#3540 = CARTESIAN_POINT('',(0.,1.75));
#3541 = VECTOR('',#3542,1.);
#3542 = DIRECTION('',(0.,1.));
#3543 = ( GEOMETRIC_REPRESENTATION_CONTEXT(2) 
PARAMETRIC_REPRESENTATION_CONTEXT() REPRESENTATION_CONTEXT('2D SPACE',''
  ) );
#3544 = PCURVE('',#2079,#3545);
#3545 = DEFINITIONAL_REPRESENTATION('',(#3546),#3550);
#3546 = LINE('',#3547,#3548);
#3547 = CARTESIAN_POINT('',(6.28318530718,1.75));
#3548 = VECTOR('',#3549,1.);
#3549 = DIRECTION('',(0.,1.));
#3550 = ( GEOMETRIC_REPRESENTATION_CONTEXT(2) 
PARAMETRIC_REPRESENTATION_CONTEXT() REPRESENTATION_CONTEXT('2D SPACE',''
  ) );
#3551 = ORIENTED_EDGE('',*,*,#3552,.T.);
#3552 = EDGE_CURVE('',#3530,#3530,#3553,.T.);
#3553 = SURFACE_CURVE('',#3554,(#3559,#3566),.PCURVE_S1.);
#3554 = CIRCLE('',#3555,3.6);
#3555 = AXIS2_PLACEMENT_3D('',#3556,#3557,#3558);
#3556 = CARTESIAN_POINT('',(0.,49.9117,35.75));
#3557 = DIRECTION('',(0.,0.,1.));
#3558 = DIRECTION('',(1.,0.,-0.));
#3559 = PCURVE('',#2079,#3560);
#3560 = DEFINITIONAL_REPRESENTATION('',(#3561),#3565);
#3561 = LINE('',#3562,#3563);
#3562 = CARTESIAN_POINT('',(0.,1.75));
#3563 = VECTOR('',#3564,1.);
#3564 = DIRECTION('',(1.,0.));
#3565 = ( GEOMETRIC_REPRESENTATION_CONTEXT(2) 
PARAMETRIC_REPRESENTATION_CONTEXT() REPRESENTATION_CONTEXT('2D SPACE',''
  ) );
#3566 = PCURVE('',#3567,#3572);
#3567 = PLANE('',#3568);
#3568 = AXIS2_PLACEMENT_3D('',#3569,#3570,#3571);
#3569 = CARTESIAN_POINT('',(-6.2,43.7117,35.75));
#3570 = DIRECTION('',(0.,0.,1.));
#3571 = DIRECTION('',(1.,0.,-0.));
#3572 = DEFINITIONAL_REPRESENTATION('',(#3573),#3577);
#3573 = CIRCLE('',#3574,3.6);
#3574 = AXIS2_PLACEMENT_2D('',#3575,#3576);
#3575 = CARTESIAN_POINT('',(6.2,6.2));
#3576 = DIRECTION('',(1.,0.));
#3577 = ( GEOMETRIC_REPRESENTATION_CONTEXT(2) 
PARAMETRIC_REPRESENTATION_CONTEXT() REPRESENTATION_CONTEXT('2D SPACE',''
  ) );
#3578 = ORIENTED_EDGE('',*,*,#3529,.T.);
#3579 = ORIENTED_EDGE('',*,*,#3580,.F.);
#3580 = EDGE_CURVE('',#3452,#3450,#3581,.T.);
#3581 = SURFACE_CURVE('',#3582,(#3587,#3594),.PCURVE_S1.);
#3582 = CIRCLE('',#3583,3.6);
#3583 = AXIS2_PLACEMENT_3D('',#3584,#3585,#3586);
#3584 = CARTESIAN_POINT('',(0.,49.9117,36.1));
#3585 = DIRECTION('',(0.,0.,1.));
#3586 = DIRECTION('',(1.,0.,-0.));
#3587 = PCURVE('',#2079,#3588);
#3588 = DEFINITIONAL_REPRESENTATION('',(#3589),#3593);
#3589 = LINE('',#3590,#3591);
#3590 = CARTESIAN_POINT('',(0.,2.1));
#3591 = VECTOR('',#3592,1.);
#3592 = DIRECTION('',(1.,0.));
#3593 = ( GEOMETRIC_REPRESENTATION_CONTEXT(2) 
PARAMETRIC_REPRESENTATION_CONTEXT() REPRESENTATION_CONTEXT('2D SPACE',''
  ) );
#3594 = PCURVE('',#3468,#3595);
#3595 = DEFINITIONAL_REPRESENTATION('',(#3596),#3600);
#3596 = CIRCLE('',#3597,3.6);
#3597 = AXIS2_PLACEMENT_2D('',#3598,#3599);
#3598 = CARTESIAN_POINT('',(7.5,7.5));
#3599 = DIRECTION('',(1.,0.));
#3600 = ( GEOMETRIC_REPRESENTATION_CONTEXT(2) 
PARAMETRIC_REPRESENTATION_CONTEXT() REPRESENTATION_CONTEXT('2D SPACE',''
  ) );
#3601 = ORIENTED_EDGE('',*,*,#3505,.T.);
#3602 = ADVANCED_FACE('',(#3603),#2220,.T.);
#3603 = FACE_BOUND('',#3604,.T.);
#3604 = EDGE_LOOP('',(#3605,#3833,#3834,#3835));
#3605 = ORIENTED_EDGE('',*,*,#3606,.F.);
#3606 = EDGE_CURVE('',#3351,#2494,#3607,.T.);
#3607 = SURFACE_CURVE('',#3608,(#3681,#3757),.PCURVE_S1.);
#3608 = B_SPLINE_CURVE_WITH_KNOTS('',8,(#3609,#3610,#3611,#3612,#3613,
    #3614,#3615,#3616,#3617,#3618,#3619,#3620,#3621,#3622,#3623,#3624,
    #3625,#3626,#3627,#3628,#3629,#3630,#3631,#3632,#3633,#3634,#3635,
    #3636,#3637,#3638,#3639,#3640,#3641,#3642,#3643,#3644,#3645,#3646,
    #3647,#3648,#3649,#3650,#3651,#3652,#3653,#3654,#3655,#3656,#3657,
    #3658,#3659,#3660,#3661,#3662,#3663,#3664,#3665,#3666,#3667,#3668,
    #3669,#3670,#3671,#3672,#3673,#3674,#3675,#3676,#3677,#3678,#3679,
    #3680),.UNSPECIFIED.,.F.,.F.,(9,7,7,7,7,7,7,7,7,7,9),(0.,
    0.29026130418,0.439282260161,0.587246064655,0.808128703243,
    0.880894990523,0.907017155979,0.930507777523,0.962343889406,
    0.983965725627,1.),.UNSPECIFIED.);
#3609 = CARTESIAN_POINT('',(17.5,17.320508075689,-1.154700538377E-02));
#3610 = CARTESIAN_POINT('',(17.903995448037,17.320508075689,
    -1.154700538377E-02));
#3611 = CARTESIAN_POINT('',(18.308064691007,17.327648189609,
    1.505635906042E-02));
#3612 = CARTESIAN_POINT('',(18.709759068948,17.341932506317,
    6.827836525035E-02));
#3613 = CARTESIAN_POINT('',(19.106759788176,17.363276400947,
    0.147801775358));
#3614 = CARTESIAN_POINT('',(19.496866989874,17.391523617776,
    0.253040677085));
#3615 = CARTESIAN_POINT('',(19.877994980679,17.426455980651,
    0.383176398904));
#3616 = CARTESIAN_POINT('',(20.248173625261,17.467795730952,
    0.537165499874));
#3617 = CARTESIAN_POINT('',(20.78903694917,17.539538229033,
    0.804363317277));
#3618 = CARTESIAN_POINT('',(20.969168388515,17.565477722237,
    0.900966253874));
#3619 = CARTESIAN_POINT('',(21.14571248289,17.59297512598,1.003363532586
    ));
#3620 = CARTESIAN_POINT('',(21.318446872028,17.621984016941,
    1.111380212433));
#3621 = CARTESIAN_POINT('',(21.487163818402,17.652455734008,
    1.224832657758));
#3622 = CARTESIAN_POINT('',(21.651669454193,17.684339717086,
    1.343529673277));
#3623 = CARTESIAN_POINT('',(21.811783028259,17.717583845901,
    1.467273639143));
#3624 = CARTESIAN_POINT('',(22.121785787395,17.786440608113,
    1.723537452256));
#3625 = CARTESIAN_POINT('',(22.271740892003,17.822035063757,
    1.855989980556));
#3626 = CARTESIAN_POINT('',(22.417037922975,17.858866216725,1.9930214007
    ));
#3627 = CARTESIAN_POINT('',(22.557526974694,17.896881307985,
    2.13443033615));
#3628 = CARTESIAN_POINT('',(22.693070938161,17.936027109163,
    2.280012600539));
#3629 = CARTESIAN_POINT('',(22.82354465927,17.976250283233,
    2.429561934194));
#3630 = CARTESIAN_POINT('',(22.948834097092,18.017497745205,
    2.582870740652));
#3631 = CARTESIAN_POINT('',(23.247975391783,18.122742608486,
    2.973893962185));
#3632 = CARTESIAN_POINT('',(23.415328857186,18.187933321514,
    3.215968257009));
#3633 = CARTESIAN_POINT('',(23.570555866031,18.25511513859,
    3.465266293498));
#3634 = CARTESIAN_POINT('',(23.713366957586,18.324123120674,
    3.721097377759));
#3635 = CARTESIAN_POINT('',(23.843517200478,18.394786846638,
    3.982773123458));
#3636 = CARTESIAN_POINT('',(23.960802184601,18.466975466118,
    4.249602311969));
#3637 = CARTESIAN_POINT('',(24.065054280553,18.540544963207,
    4.520901116066));
#3638 = CARTESIAN_POINT('',(24.186146746287,18.640208710564,
    4.886584206467));
#3639 = CARTESIAN_POINT('',(24.214724122425,18.665056838828,
    4.977608061522));
#3640 = CARTESIAN_POINT('',(24.241867765918,18.69005686001,
    5.069015401918));
#3641 = CARTESIAN_POINT('',(24.267573289392,18.715212180082,
    5.160780700665));
#3642 = CARTESIAN_POINT('',(24.291836396121,18.740528001559,
    5.252877179164));
#3643 = CARTESIAN_POINT('',(24.31465300524,18.766013127172,5.34527640494
    ));
#3644 = CARTESIAN_POINT('',(24.336019385506,18.791684707088,
    5.437947207698));
#3645 = CARTESIAN_POINT('',(24.363080778105,18.826870547076,
    5.564206231623));
#3646 = CARTESIAN_POINT('',(24.370041894039,18.836193405541,
    5.59758870117));
#3647 = CARTESIAN_POINT('',(24.37681550401,18.845546126774,
    5.630999661694));
#3648 = CARTESIAN_POINT('',(24.383401440879,18.85493051706,
    5.664437238253));
#3649 = CARTESIAN_POINT('',(24.389799519561,18.864348722894,
    5.697899290206));
#3650 = CARTESIAN_POINT('',(24.396009544813,18.873803386601,
    5.731383359791));
#3651 = CARTESIAN_POINT('',(24.402031319019,18.883297801968,
    5.764886620717));
#3652 = CARTESIAN_POINT('',(24.41311033185,18.90141345377,5.82854831184)
  );
#3653 = CARTESIAN_POINT('',(24.418203532225,18.910026114715,
    5.85870317284));
#3654 = CARTESIAN_POINT('',(24.423144194484,18.918677343295,
    5.88886838438));
#3655 = CARTESIAN_POINT('',(24.427932162369,18.927370653226,
    5.919041210512));
#3656 = CARTESIAN_POINT('',(24.432567204752,18.936110194081,
    5.949218005884));
#3657 = CARTESIAN_POINT('',(24.437049040382,18.944901164008,
    5.979394016936));
#3658 = CARTESIAN_POINT('',(24.441377362654,18.95375022246,
    6.009563183086));
#3659 = CARTESIAN_POINT('',(24.451209437237,18.974749048514,
    6.080585743283));
#3660 = CARTESIAN_POINT('',(24.456575452408,18.986935467281,
    6.12136174222));
#3661 = CARTESIAN_POINT('',(24.461659876867,18.999265222922,
    6.162093675639));
#3662 = CARTESIAN_POINT('',(24.46646418513,19.011776779937,
    6.202778047837));
#3663 = CARTESIAN_POINT('',(24.470984349387,19.024502270661,
    6.243369262425));
#3664 = CARTESIAN_POINT('',(24.475212221567,19.037492522595,
    6.283746883844));
#3665 = CARTESIAN_POINT('',(24.479139029914,19.050797348714,
    6.323741502572));
#3666 = CARTESIAN_POINT('',(24.485211906553,19.073936844153,
    6.389686946266));
#3667 = CARTESIAN_POINT('',(24.487514311167,19.083474237798,
    6.415909300593));
#3668 = CARTESIAN_POINT('',(24.489680502546,19.093307518752,
    6.441780545056));
#3669 = CARTESIAN_POINT('',(24.491693360899,19.103474613441,
    6.467032930166));
#3670 = CARTESIAN_POINT('',(24.493514656087,19.113942449941,
    6.491045651296));
#3671 = CARTESIAN_POINT('',(24.495102025661,19.124602894011,
    6.512852729647));
#3672 = CARTESIAN_POINT('',(24.496422547102,19.135296034238,
    6.531180978649));
#3673 = CARTESIAN_POINT('',(24.498243516009,19.153432418502,
    6.555827555512));
#3674 = CARTESIAN_POINT('',(24.498854179773,19.160867088282,
    6.563843241304));
#3675 = CARTESIAN_POINT('',(24.49930139276,19.167846820638,
    6.569164443137));
#3676 = CARTESIAN_POINT('',(24.499614821358,19.174342352773,
    6.572093443833));
#3677 = CARTESIAN_POINT('',(24.499822321142,19.180375905979,
    6.573064201433));
#3678 = CARTESIAN_POINT('',(24.499944765893,19.185986960173,
    6.572473868432));
#3679 = CARTESIAN_POINT('',(24.5,19.191226029421,6.57064059879));
#3680 = CARTESIAN_POINT('',(24.5,19.196152422707,6.5677963443));
#3681 = PCURVE('',#2220,#3682);
#3682 = DEFINITIONAL_REPRESENTATION('',(#3683),#3756);
#3683 = B_SPLINE_CURVE_WITH_KNOTS('',8,(#3684,#3685,#3686,#3687,#3688,
    #3689,#3690,#3691,#3692,#3693,#3694,#3695,#3696,#3697,#3698,#3699,
    #3700,#3701,#3702,#3703,#3704,#3705,#3706,#3707,#3708,#3709,#3710,
    #3711,#3712,#3713,#3714,#3715,#3716,#3717,#3718,#3719,#3720,#3721,
    #3722,#3723,#3724,#3725,#3726,#3727,#3728,#3729,#3730,#3731,#3732,
    #3733,#3734,#3735,#3736,#3737,#3738,#3739,#3740,#3741,#3742,#3743,
    #3744,#3745,#3746,#3747,#3748,#3749,#3750,#3751,#3752,#3753,#3754,
    #3755),.UNSPECIFIED.,.F.,.F.,(9,7,7,7,7,7,7,7,7,7,9),(0.,
    0.29026130418,0.439282260161,0.587246064655,0.808128703243,
    0.880894990523,0.907017155979,0.930507777523,0.962343889406,
    0.983965725627,1.),.UNSPECIFIED.);
#3684 = CARTESIAN_POINT('',(1.570796326795,40.005773502692));
#3685 = CARTESIAN_POINT('',(1.513165021797,40.005773502692));
#3686 = CARTESIAN_POINT('',(1.45552329301,39.99865534051));
#3687 = CARTESIAN_POINT('',(1.397928287904,39.984414918561));
#3688 = CARTESIAN_POINT('',(1.340419515798,39.963137568472));
#3689 = CARTESIAN_POINT('',(1.283026866654,39.934980924969));
#3690 = CARTESIAN_POINT('',(1.225777395898,39.900165377723));
#3691 = CARTESIAN_POINT('',(1.168700875254,39.858972101185));
#3692 = CARTESIAN_POINT('',(1.082638554923,39.787504018352));
#3693 = CARTESIAN_POINT('',(1.05349461056,39.76166681013));
#3694 = CARTESIAN_POINT('',(1.024405154645,39.734281620954));
#3695 = CARTESIAN_POINT('',(0.995372332635,39.705395717537));
#3696 = CARTESIAN_POINT('',(0.966397691849,39.675058775952));
#3697 = CARTESIAN_POINT('',(0.937482315992,39.643322607512));
#3698 = CARTESIAN_POINT('',(0.908626959682,39.61024088466));
#3699 = CARTESIAN_POINT('',(0.851241675802,39.541740683401));
#3700 = CARTESIAN_POINT('',(0.822710624974,39.506340122072));
#3701 = CARTESIAN_POINT('',(0.794239311128,39.469721126122));
#3702 = CARTESIAN_POINT('',(0.76582749519,39.431938693155));
#3703 = CARTESIAN_POINT('',(0.737474480637,39.393048819232));
#3704 = CARTESIAN_POINT('',(0.709179175746,39.35310844297));
#3705 = CARTESIAN_POINT('',(0.680940155857,39.31217538965));
#3706 = CARTESIAN_POINT('',(0.610681575547,39.207808504103));
#3707 = CARTESIAN_POINT('',(0.568729548268,39.143228170264));
#3708 = CARTESIAN_POINT('',(0.526892945556,39.076760312279));
#3709 = CARTESIAN_POINT('',(0.485163212489,39.008607435697));
#3710 = CARTESIAN_POINT('',(0.443531145905,38.93896614466));
#3711 = CARTESIAN_POINT('',(0.401984753534,38.868068728738));
#3712 = CARTESIAN_POINT('',(0.360512045164,38.796132380112));
#3713 = CARTESIAN_POINT('',(0.305446689003,38.699602171959));
#3714 = CARTESIAN_POINT('',(0.291807388688,38.675609354745));
#3715 = CARTESIAN_POINT('',(0.278173106682,38.651556337985));
#3716 = CARTESIAN_POINT('',(0.264542944386,38.627458834834));
#3717 = CARTESIAN_POINT('',(0.250916036928,38.603334740102));
#3718 = CARTESIAN_POINT('',(0.23729146942,38.579205893413));
#3719 = CARTESIAN_POINT('',(0.223668069431,38.555102732397));
#3720 = CARTESIAN_POINT('',(0.20515323634,38.522445051717));
#3721 = CARTESIAN_POINT('',(0.200262356744,38.513827649211));
#3722 = CARTESIAN_POINT('',(0.195371350338,38.505221863131));
#3723 = CARTESIAN_POINT('',(0.19048014434,38.496630195238));
#3724 = CARTESIAN_POINT('',(0.185588674819,38.488055574772));
#3725 = CARTESIAN_POINT('',(0.180696881782,38.479501518934));
#3726 = CARTESIAN_POINT('',(0.175804704263,38.470972293373));
#3727 = CARTESIAN_POINT('',(0.166512329425,38.454830062478));
#3728 = CARTESIAN_POINT('',(0.162112296828,38.447211415151));
#3729 = CARTESIAN_POINT('',(0.157711864566,38.439620993104));
#3730 = CARTESIAN_POINT('',(0.15331099263,38.432063207282));
#3731 = CARTESIAN_POINT('',(0.14890970874,38.424543473993));
#3732 = CARTESIAN_POINT('',(0.144508103027,38.417068671749));
#3733 = CARTESIAN_POINT('',(0.140106322717,38.409647598092));
#3734 = CARTESIAN_POINT('',(0.129739003344,38.392321834806));
#3735 = CARTESIAN_POINT('',(0.123783005984,38.382487583572));
#3736 = CARTESIAN_POINT('',(0.117827383638,38.37279949847));
#3737 = CARTESIAN_POINT('',(0.111869498729,38.363292638587));
#3738 = CARTESIAN_POINT('',(0.10591241321,38.354017629534));
#3739 = CARTESIAN_POINT('',(9.996711241942E-02,38.345078707002));
#3740 = CARTESIAN_POINT('',(9.405068316301E-02,38.33660371505));
#3741 = CARTESIAN_POINT('',(8.421499926952E-02,38.323670384084));
#3742 = CARTESIAN_POINT('',(8.028148689775E-02,38.318818832103));
#3743 = CARTESIAN_POINT('',(7.637177511314E-02,38.314399080979));
#3744 = CARTESIAN_POINT('',(7.251624818971E-02,38.310577850709));
#3745 = CARTESIAN_POINT('',(6.879404370453E-02,38.307636902475));
#3746 = CARTESIAN_POINT('',(6.53322094622E-02,38.305965578679));
#3747 = CARTESIAN_POINT('',(6.229935781065E-02,38.306061985261));
#3748 = CARTESIAN_POINT('',(5.795310667596E-02,38.309445266335));
#3749 = CARTESIAN_POINT('',(5.643005895811E-02,38.311876036338));
#3750 = CARTESIAN_POINT('',(5.527307102871E-02,38.315260060953));
#3751 = CARTESIAN_POINT('',(5.44467029979E-02,38.319420856445));
#3752 = CARTESIAN_POINT('',(5.38956250671E-02,38.324160687996));
#3753 = CARTESIAN_POINT('',(5.356787231251E-02,38.329315169971));
#3754 = CARTESIAN_POINT('',(5.342046085415E-02,38.334768971853));
#3755 = CARTESIAN_POINT('',(5.342046085415E-02,38.340457480832));
#3756 = ( GEOMETRIC_REPRESENTATION_CONTEXT(2) 
PARAMETRIC_REPRESENTATION_CONTEXT() REPRESENTATION_CONTEXT('2D SPACE',''
  ) );
#3757 = PCURVE('',#2509,#3758);
#3758 = DEFINITIONAL_REPRESENTATION('',(#3759),#3832);
#3759 = B_SPLINE_CURVE_WITH_KNOTS('',8,(#3760,#3761,#3762,#3763,#3764,
    #3765,#3766,#3767,#3768,#3769,#3770,#3771,#3772,#3773,#3774,#3775,
    #3776,#3777,#3778,#3779,#3780,#3781,#3782,#3783,#3784,#3785,#3786,
    #3787,#3788,#3789,#3790,#3791,#3792,#3793,#3794,#3795,#3796,#3797,
    #3798,#3799,#3800,#3801,#3802,#3803,#3804,#3805,#3806,#3807,#3808,
    #3809,#3810,#3811,#3812,#3813,#3814,#3815,#3816,#3817,#3818,#3819,
    #3820,#3821,#3822,#3823,#3824,#3825,#3826,#3827,#3828,#3829,#3830,
    #3831),.UNSPECIFIED.,.F.,.F.,(9,7,7,7,7,7,7,7,7,7,9),(0.,
    0.29026130418,0.439282260161,0.587246064655,0.808128703243,
    0.880894990523,0.907017155979,0.930507777523,0.962343889406,
    0.983965725627,1.),.UNSPECIFIED.);
#3760 = CARTESIAN_POINT('',(6.28318530718,-1.154700538381E-02));
#3761 = CARTESIAN_POINT('',(6.225471671746,-1.154700538381E-02));
#3762 = CARTESIAN_POINT('',(6.16774759637,-1.15909088607E-02));
#3763 = CARTESIAN_POINT('',(6.110069480578,-1.167869837862E-02));
#3764 = CARTESIAN_POINT('',(6.052476045165,-1.181178746077E-02));
#3765 = CARTESIAN_POINT('',(5.994996333541,-1.199293411175E-02));
#3766 = CARTESIAN_POINT('',(5.937656433988,-1.222656537092E-02));
#3767 = CARTESIAN_POINT('',(5.8804849228,-1.251951289674E-02));
#3768 = CARTESIAN_POINT('',(5.794269553816,-1.306834339291E-02));
#3769 = CARTESIAN_POINT('',(5.765072066219,-1.327291335596E-02));
#3770 = CARTESIAN_POINT('',(5.735927220103,-1.349734249071E-02));
#3771 = CARTESIAN_POINT('',(5.706836913894,-1.374331757911E-02));
#3772 = CARTESIAN_POINT('',(5.677802408176,-1.401286854279E-02));
#3773 = CARTESIAN_POINT('',(5.64882444399,-1.430849782016E-02));
#3774 = CARTESIAN_POINT('',(5.619903361133,-1.46333097436E-02));
#3775 = CARTESIAN_POINT('',(5.562379833417,-1.534643164992E-02));
#3776 = CARTESIAN_POINT('',(5.533776323297,-1.573422028132E-02));
#3777 = CARTESIAN_POINT('',(5.505228440108,-1.615853431684E-02));
#3778 = CARTESIAN_POINT('',(5.476735364402,-1.6623850903E-02));
#3779 = CARTESIAN_POINT('',(5.448295689989,-1.713570541222E-02));
#3780 = CARTESIAN_POINT('',(5.41990741064,-1.770130102823E-02));
#3781 = CARTESIAN_POINT('',(5.391567906803,-1.833011833144E-02));
#3782 = CARTESIAN_POINT('',(5.321036252876,-2.008607379937E-02));
#3783 = CARTESIAN_POINT('',(5.278900411871,-2.130683218026E-02));
#3784 = CARTESIAN_POINT('',(5.236854946002,-2.273475035962E-02));
#3785 = CARTESIAN_POINT('',(5.194881942075,-2.444496136555E-02));
#3786 = CARTESIAN_POINT('',(5.15296565941,-2.648983121794E-02));
#3787 = CARTESIAN_POINT('',(5.111068955874,-2.907223833457E-02));
#3788 = CARTESIAN_POINT('',(5.06916168595,-3.233853526145E-02));
#3789 = CARTESIAN_POINT('',(5.013280924897,-3.860561366868E-02));
#3790 = CARTESIAN_POINT('',(4.999420100621,-4.031623576936E-02));
#3791 = CARTESIAN_POINT('',(4.985541641607,-4.221024461173E-02));
#3792 = CARTESIAN_POINT('',(4.971639917944,-4.432587845544E-02));
#3793 = CARTESIAN_POINT('',(4.957708349505,-4.670933194363E-02));
#3794 = CARTESIAN_POINT('',(4.943738439867,-4.942188979212E-02));
#3795 = CARTESIAN_POINT('',(4.929717243404,-5.255872759255E-02));
#3796 = CARTESIAN_POINT('',(4.910563707919,-5.761504620866E-02));
#3797 = CARTESIAN_POINT('',(4.9054948061,-5.902595812671E-02));
#3798 = CARTESIAN_POINT('',(4.90041551949,-6.051982843211E-02));
#3799 = CARTESIAN_POINT('',(4.895324709583,-6.21052732198E-02));
#3800 = CARTESIAN_POINT('',(4.890221056839,-6.37924439542E-02));
#3801 = CARTESIAN_POINT('',(4.885102977575,-6.559365969216E-02));
#3802 = CARTESIAN_POINT('',(4.879968540858,-6.752403930597E-02));
#3803 = CARTESIAN_POINT('',(4.870181358225,-7.147088111822E-02));
#3804 = CARTESIAN_POINT('',(4.86553229355,-7.345890835522E-02));
#3805 = CARTESIAN_POINT('',(4.860866308857,-7.558052142024E-02));
#3806 = CARTESIAN_POINT('',(4.856181403855,-7.785156963783E-02));
#3807 = CARTESIAN_POINT('',(4.851475240065,-8.029118477083E-02));
#3808 = CARTESIAN_POINT('',(4.846744920392,-8.292352013713E-02));
#3809 = CARTESIAN_POINT('',(4.84198676871,-8.577948972636E-02));
#3810 = CARTESIAN_POINT('',(4.830703477294,-9.312561526184E-02));
#3811 = CARTESIAN_POINT('',(4.824161397871,-9.782995032844E-02));
#3812 = CARTESIAN_POINT('',(4.817548085478,-0.103113291407));
#3813 = CARTESIAN_POINT('',(4.810842713492,-0.109122685671));
#3814 = CARTESIAN_POINT('',(4.8040278753,-0.116023649013));
#3815 = CARTESIAN_POINT('',(4.79707620602,-0.124126307817));
#3816 = CARTESIAN_POINT('',(4.789960859185,-0.133785976151));
#3817 = CARTESIAN_POINT('',(4.777593567955,-0.154198305097));
#3818 = CARTESIAN_POINT('',(4.772498158873,-0.163569988424));
#3819 = CARTESIAN_POINT('',(4.767246559988,-0.174397048084));
#3820 = CARTESIAN_POINT('',(4.761818553157,-0.187088776924));
#3821 = CARTESIAN_POINT('',(4.756231803835,-0.202142553453));
#3822 = CARTESIAN_POINT('',(4.750543882953,-0.220120794003));
#3823 = CARTESIAN_POINT('',(4.744839822699,-0.241699887621));
#3824 = CARTESIAN_POINT('',(4.735166908688,-0.284739218298));
#3825 = CARTESIAN_POINT('',(4.731202201603,-0.304470097862));
#3826 = CARTESIAN_POINT('',(4.727480475992,-0.325197611805));
#3827 = CARTESIAN_POINT('',(4.724017148494,-0.346510267057));
#3828 = CARTESIAN_POINT('',(4.720800258263,-0.368057036572));
#3829 = CARTESIAN_POINT('',(4.717808698393,-0.38958810891));
#3830 = CARTESIAN_POINT('',(4.715015487533,-0.410973851172));
#3831 = CARTESIAN_POINT('',(4.712388980385,-0.4322036557));
#3832 = ( GEOMETRIC_REPRESENTATION_CONTEXT(2) 
PARAMETRIC_REPRESENTATION_CONTEXT() REPRESENTATION_CONTEXT('2D SPACE',''
  ) );
#3833 = ORIENTED_EDGE('',*,*,#3371,.T.);
#3834 = ORIENTED_EDGE('',*,*,#2094,.F.);
#3835 = ORIENTED_EDGE('',*,*,#2524,.F.);
#3836 = ADVANCED_FACE('',(#3837),#2375,.T.);
#3837 = FACE_BOUND('',#3838,.T.);
#3838 = EDGE_LOOP('',(#3839,#3840,#3867,#3868));
#3839 = ORIENTED_EDGE('',*,*,#3424,.F.);
#3840 = ORIENTED_EDGE('',*,*,#3841,.F.);
#3841 = EDGE_CURVE('',#2415,#3397,#3842,.T.);
#3842 = SURFACE_CURVE('',#3843,(#3848,#3855),.PCURVE_S1.);
#3843 = CIRCLE('',#3844,7.);
#3844 = AXIS2_PLACEMENT_3D('',#3845,#3846,#3847);
#3845 = CARTESIAN_POINT('',(17.5,16.366025403784,36.346787517318));
#3846 = DIRECTION('',(0.,-0.866025403784,0.5));
#3847 = DIRECTION('',(0.,-0.5,-0.866025403784));
#3848 = PCURVE('',#2375,#3849);
#3849 = DEFINITIONAL_REPRESENTATION('',(#3850),#3854);
#3850 = LINE('',#3851,#3852);
#3851 = CARTESIAN_POINT('',(3.14159265359,1.));
#3852 = VECTOR('',#3853,1.);
#3853 = DIRECTION('',(-1.,0.));
#3854 = ( GEOMETRIC_REPRESENTATION_CONTEXT(2) 
PARAMETRIC_REPRESENTATION_CONTEXT() REPRESENTATION_CONTEXT('2D SPACE',''
  ) );
#3855 = PCURVE('',#3856,#3861);
#3856 = TOROIDAL_SURFACE('',#3857,6.,1.);
#3857 = AXIS2_PLACEMENT_3D('',#3858,#3859,#3860);
#3858 = CARTESIAN_POINT('',(17.5,16.366025403784,36.346787517318));
#3859 = DIRECTION('',(0.,-0.866025403784,0.5));
#3860 = DIRECTION('',(0.,-0.5,-0.866025403784));
#3861 = DEFINITIONAL_REPRESENTATION('',(#3862),#3866);
#3862 = LINE('',#3863,#3864);
#3863 = CARTESIAN_POINT('',(0.,0.));
#3864 = VECTOR('',#3865,1.);
#3865 = DIRECTION('',(1.,0.));
#3866 = ( GEOMETRIC_REPRESENTATION_CONTEXT(2) 
PARAMETRIC_REPRESENTATION_CONTEXT() REPRESENTATION_CONTEXT('2D SPACE',''
  ) );
#3867 = ORIENTED_EDGE('',*,*,#2414,.T.);
#3868 = ORIENTED_EDGE('',*,*,#2338,.F.);
#3869 = ADVANCED_FACE('',(#3870),#2509,.F.);
#3870 = FACE_BOUND('',#3871,.F.);
#3871 = EDGE_LOOP('',(#3872,#3918,#3919,#3920));
#3872 = ORIENTED_EDGE('',*,*,#3873,.F.);
#3873 = EDGE_CURVE('',#2466,#3874,#3876,.T.);
#3874 = VERTEX_POINT('',#3875);
#3875 = CARTESIAN_POINT('',(17.5,17.320508075689,1.06581410364E-14));
#3876 = SURFACE_CURVE('',#3877,(#3882,#3889),.PCURVE_S1.);
#3877 = ELLIPSE('',#3878,7.246933262871,7.);
#3878 = AXIS2_PLACEMENT_3D('',#3879,#3880,#3881);
#3879 = CARTESIAN_POINT('',(17.5,19.196152422707,7.));
#3880 = DIRECTION('',(0.,0.965925826289,-0.258819045103));
#3881 = DIRECTION('',(0.,-0.258819045103,-0.965925826289));
#3882 = PCURVE('',#2509,#3883);
#3883 = DEFINITIONAL_REPRESENTATION('',(#3884),#3888);
#3884 = LINE('',#3885,#3886);
#3885 = CARTESIAN_POINT('',(0.,0.));
#3886 = VECTOR('',#3887,1.);
#3887 = DIRECTION('',(1.,0.));
#3888 = ( GEOMETRIC_REPRESENTATION_CONTEXT(2) 
PARAMETRIC_REPRESENTATION_CONTEXT() REPRESENTATION_CONTEXT('2D SPACE',''
  ) );
#3889 = PCURVE('',#2481,#3890);
#3890 = DEFINITIONAL_REPRESENTATION('',(#3891),#3917);
#3891 = B_SPLINE_CURVE_WITH_KNOTS('',3,(#3892,#3893,#3894,#3895,#3896,
    #3897,#3898,#3899,#3900,#3901,#3902,#3903,#3904,#3905,#3906,#3907,
    #3908,#3909,#3910,#3911,#3912,#3913,#3914,#3915,#3916),
  .UNSPECIFIED.,.F.,.F.,(4,1,1,1,1,1,1,1,1,1,1,1,1,1,1,1,1,1,1,1,1,1,4),
  (4.712388980385,4.783788813421,4.855188646457,4.926588479493,
    4.997988312529,5.069388145565,5.140787978601,5.212187811638,
    5.283587644674,5.35498747771,5.426387310746,5.497787143782,
    5.569186976818,5.640586809854,5.711986642891,5.783386475927,
    5.854786308963,5.926186141999,5.997585975035,6.068985808071,
    6.140385641107,6.211785474143,6.28318530718),.QUASI_UNIFORM_KNOTS.);
#3892 = CARTESIAN_POINT('',(1.570796326795,18.124355652982));
#3893 = CARTESIAN_POINT('',(1.59459627114,18.168996231466));
#3894 = CARTESIAN_POINT('',(1.642196159831,18.258276162619));
#3895 = CARTESIAN_POINT('',(1.713595992867,18.391514615659));
#3896 = CARTESIAN_POINT('',(1.784995825903,18.52339142406));
#3897 = CARTESIAN_POINT('',(1.856395658939,18.653234908325));
#3898 = CARTESIAN_POINT('',(1.927795491976,18.780383326194));
#3899 = CARTESIAN_POINT('',(1.999195325012,18.904188782491));
#3900 = CARTESIAN_POINT('',(2.070595158048,19.024020386554));
#3901 = CARTESIAN_POINT('',(2.141994991084,19.13926750572));
#3902 = CARTESIAN_POINT('',(2.21339482412,19.249342866625));
#3903 = CARTESIAN_POINT('',(2.284794657156,19.353685550588));
#3904 = CARTESIAN_POINT('',(2.356194490192,19.451763851167));
#3905 = CARTESIAN_POINT('',(2.427594323228,19.543077983861));
#3906 = CARTESIAN_POINT('',(2.498994156265,19.627162632676));
#3907 = CARTESIAN_POINT('',(2.570393989301,19.703589321896));
#3908 = CARTESIAN_POINT('',(2.641793822337,19.771968597216));
#3909 = CARTESIAN_POINT('',(2.713193655373,19.831952018803));
#3910 = CARTESIAN_POINT('',(2.784593488409,19.883233905183));
#3911 = CARTESIAN_POINT('',(2.855993321445,19.925553009172));
#3912 = CARTESIAN_POINT('',(2.927393154481,19.958693407802));
#3913 = CARTESIAN_POINT('',(2.998792987518,19.982487249702));
#3914 = CARTESIAN_POINT('',(3.070192820554,19.996809463409));
#3915 = CARTESIAN_POINT('',(3.117792709244,20.000004044931));
#3916 = CARTESIAN_POINT('',(3.14159265359,20.));
#3917 = ( GEOMETRIC_REPRESENTATION_CONTEXT(2) 
PARAMETRIC_REPRESENTATION_CONTEXT() REPRESENTATION_CONTEXT('2D SPACE',''
  ) );
#3918 = ORIENTED_EDGE('',*,*,#2493,.T.);
#3919 = ORIENTED_EDGE('',*,*,#3606,.F.);
#3920 = ORIENTED_EDGE('',*,*,#3921,.F.);
#3921 = EDGE_CURVE('',#3874,#3351,#3922,.T.);
#3922 = SURFACE_CURVE('',#3923,(#3927,#3933),.PCURVE_S1.);
#3923 = LINE('',#3924,#3925);
#3924 = CARTESIAN_POINT('',(17.5,17.320508075689,1.06581410364E-14));
#3925 = VECTOR('',#3926,1.);
#3926 = DIRECTION('',(0.,0.,-1.));
#3927 = PCURVE('',#2509,#3928);
#3928 = DEFINITIONAL_REPRESENTATION('',(#3929),#3932);
#3929 = B_SPLINE_CURVE_WITH_KNOTS('',1,(#3930,#3931),.UNSPECIFIED.,.F.,
  .F.,(2,2),(0.,9.5),.PIECEWISE_BEZIER_KNOTS.);
#3930 = CARTESIAN_POINT('',(6.28318530718,0.));
#3931 = CARTESIAN_POINT('',(6.28318530718,-9.5));
#3932 = ( GEOMETRIC_REPRESENTATION_CONTEXT(2) 
PARAMETRIC_REPRESENTATION_CONTEXT() REPRESENTATION_CONTEXT('2D SPACE',''
  ) );
#3933 = PCURVE('',#3098,#3934);
#3934 = DEFINITIONAL_REPRESENTATION('',(#3935),#3939);
#3935 = LINE('',#3936,#3937);
#3936 = CARTESIAN_POINT('',(4.642866830219E-30,9.013887592423E-15));
#3937 = VECTOR('',#3938,1.);
#3938 = DIRECTION('',(-5.150792909956E-16,-1.));
#3939 = ( GEOMETRIC_REPRESENTATION_CONTEXT(2) 
PARAMETRIC_REPRESENTATION_CONTEXT() REPRESENTATION_CONTEXT('2D SPACE',''
  ) );
#3940 = ADVANCED_FACE('',(#3941),#2481,.T.);
#3941 = FACE_BOUND('',#3942,.T.);
#3942 = EDGE_LOOP('',(#3943,#3944,#3973,#3994));
#3943 = ORIENTED_EDGE('',*,*,#2465,.F.);
#3944 = ORIENTED_EDGE('',*,*,#3945,.F.);
#3945 = EDGE_CURVE('',#3946,#2438,#3948,.T.);
#3946 = VERTEX_POINT('',#3947);
#3947 = CARTESIAN_POINT('',(17.5,0.866025403784,9.5));
#3948 = SURFACE_CURVE('',#3949,(#3954,#3961),.PCURVE_S1.);
#3949 = CIRCLE('',#3950,7.);
#3950 = AXIS2_PLACEMENT_3D('',#3951,#3952,#3953);
#3951 = CARTESIAN_POINT('',(17.5,4.366025403784,15.562177826491));
#3952 = DIRECTION('',(0.,-0.866025403784,0.5));
#3953 = DIRECTION('',(0.,-0.5,-0.866025403784));
#3954 = PCURVE('',#2481,#3955);
#3955 = DEFINITIONAL_REPRESENTATION('',(#3956),#3960);
#3956 = LINE('',#3957,#3958);
#3957 = CARTESIAN_POINT('',(3.14159265359,1.));
#3958 = VECTOR('',#3959,1.);
#3959 = DIRECTION('',(-1.,0.));
#3960 = ( GEOMETRIC_REPRESENTATION_CONTEXT(2) 
PARAMETRIC_REPRESENTATION_CONTEXT() REPRESENTATION_CONTEXT('2D SPACE',''
  ) );
#3961 = PCURVE('',#3962,#3967);
#3962 = TOROIDAL_SURFACE('',#3963,6.,1.);
#3963 = AXIS2_PLACEMENT_3D('',#3964,#3965,#3966);
#3964 = CARTESIAN_POINT('',(17.5,4.366025403784,15.562177826491));
#3965 = DIRECTION('',(0.,-0.866025403784,0.5));
#3966 = DIRECTION('',(0.,-0.5,-0.866025403784));
#3967 = DEFINITIONAL_REPRESENTATION('',(#3968),#3972);
#3968 = LINE('',#3969,#3970);
#3969 = CARTESIAN_POINT('',(0.,0.));
#3970 = VECTOR('',#3971,1.);
#3971 = DIRECTION('',(1.,0.));
#3972 = ( GEOMETRIC_REPRESENTATION_CONTEXT(2) 
PARAMETRIC_REPRESENTATION_CONTEXT() REPRESENTATION_CONTEXT('2D SPACE',''
  ) );
#3973 = ORIENTED_EDGE('',*,*,#3974,.T.);
#3974 = EDGE_CURVE('',#3946,#3874,#3975,.T.);
#3975 = SURFACE_CURVE('',#3976,(#3980,#3987),.PCURVE_S1.);
#3976 = LINE('',#3977,#3978);
#3977 = CARTESIAN_POINT('',(17.5,5.329070518201E-15,10.));
#3978 = VECTOR('',#3979,1.);
#3979 = DIRECTION('',(0.,0.866025403784,-0.5));
#3980 = PCURVE('',#2481,#3981);
#3981 = DEFINITIONAL_REPRESENTATION('',(#3982),#3986);
#3982 = LINE('',#3983,#3984);
#3983 = CARTESIAN_POINT('',(3.14159265359,0.));
#3984 = VECTOR('',#3985,1.);
#3985 = DIRECTION('',(0.,1.));
#3986 = ( GEOMETRIC_REPRESENTATION_CONTEXT(2) 
PARAMETRIC_REPRESENTATION_CONTEXT() REPRESENTATION_CONTEXT('2D SPACE',''
  ) );
#3987 = PCURVE('',#2999,#3988);
#3988 = DEFINITIONAL_REPRESENTATION('',(#3989),#3993);
#3989 = LINE('',#3990,#3991);
#3990 = CARTESIAN_POINT('',(-17.5,-1.742183488199E-16));
#3991 = VECTOR('',#3992,1.);
#3992 = DIRECTION('',(0.,1.));
#3993 = ( GEOMETRIC_REPRESENTATION_CONTEXT(2) 
PARAMETRIC_REPRESENTATION_CONTEXT() REPRESENTATION_CONTEXT('2D SPACE',''
  ) );
#3994 = ORIENTED_EDGE('',*,*,#3873,.F.);
#3995 = ADVANCED_FACE('',(#3996),#2453,.T.);
#3996 = FACE_BOUND('',#3997,.T.);
#3997 = EDGE_LOOP('',(#3998,#4022,#4045,#4067));
#3998 = ORIENTED_EDGE('',*,*,#3999,.T.);
#3999 = EDGE_CURVE('',#2415,#4000,#4002,.T.);
#4000 = VERTEX_POINT('',#4001);
#4001 = CARTESIAN_POINT('',(23.5,15.5,36.846787517318));
#4002 = SURFACE_CURVE('',#4003,(#4008,#4015),.PCURVE_S1.);
#4003 = CIRCLE('',#4004,1.);
#4004 = AXIS2_PLACEMENT_3D('',#4005,#4006,#4007);
#4005 = CARTESIAN_POINT('',(23.5,16.366025403784,36.346787517318));
#4006 = DIRECTION('',(-0.,-0.5,-0.866025403784));
#4007 = DIRECTION('',(-1.,0.,0.));
#4008 = PCURVE('',#2453,#4009);
#4009 = DEFINITIONAL_REPRESENTATION('',(#4010),#4014);
#4010 = LINE('',#4011,#4012);
#4011 = CARTESIAN_POINT('',(0.,-12.));
#4012 = VECTOR('',#4013,1.);
#4013 = DIRECTION('',(1.,0.));
#4014 = ( GEOMETRIC_REPRESENTATION_CONTEXT(2) 
PARAMETRIC_REPRESENTATION_CONTEXT() REPRESENTATION_CONTEXT('2D SPACE',''
  ) );
#4015 = PCURVE('',#3856,#4016);
#4016 = DEFINITIONAL_REPRESENTATION('',(#4017),#4021);
#4017 = LINE('',#4018,#4019);
#4018 = CARTESIAN_POINT('',(1.570796326795,-3.14159265359));
#4019 = VECTOR('',#4020,1.);
#4020 = DIRECTION('',(0.,1.));
#4021 = ( GEOMETRIC_REPRESENTATION_CONTEXT(2) 
PARAMETRIC_REPRESENTATION_CONTEXT() REPRESENTATION_CONTEXT('2D SPACE',''
  ) );
#4022 = ORIENTED_EDGE('',*,*,#4023,.T.);
#4023 = EDGE_CURVE('',#4000,#4024,#4026,.T.);
#4024 = VERTEX_POINT('',#4025);
#4025 = CARTESIAN_POINT('',(23.5,3.5,16.062177826491));
#4026 = SURFACE_CURVE('',#4027,(#4031,#4038),.PCURVE_S1.);
#4027 = LINE('',#4028,#4029);
#4028 = CARTESIAN_POINT('',(23.5,9.5,26.454482671904));
#4029 = VECTOR('',#4030,1.);
#4030 = DIRECTION('',(-5.782411586589E-16,-0.5,-0.866025403784));
#4031 = PCURVE('',#2453,#4032);
#4032 = DEFINITIONAL_REPRESENTATION('',(#4033),#4037);
#4033 = LINE('',#4034,#4035);
#4034 = CARTESIAN_POINT('',(4.712388980385,1.06581410364E-14));
#4035 = VECTOR('',#4036,1.);
#4036 = DIRECTION('',(0.,1.));
#4037 = ( GEOMETRIC_REPRESENTATION_CONTEXT(2) 
PARAMETRIC_REPRESENTATION_CONTEXT() REPRESENTATION_CONTEXT('2D SPACE',''
  ) );
#4038 = PCURVE('',#2966,#4039);
#4039 = DEFINITIONAL_REPRESENTATION('',(#4040),#4044);
#4040 = LINE('',#4041,#4042);
#4041 = CARTESIAN_POINT('',(23.5,-1.182145323025E-14));
#4042 = VECTOR('',#4043,1.);
#4043 = DIRECTION('',(-5.782411586589E-16,-1.));
#4044 = ( GEOMETRIC_REPRESENTATION_CONTEXT(2) 
PARAMETRIC_REPRESENTATION_CONTEXT() REPRESENTATION_CONTEXT('2D SPACE',''
  ) );
#4045 = ORIENTED_EDGE('',*,*,#4046,.F.);
#4046 = EDGE_CURVE('',#2438,#4024,#4047,.T.);
#4047 = SURFACE_CURVE('',#4048,(#4053,#4060),.PCURVE_S1.);
#4048 = CIRCLE('',#4049,1.);
#4049 = AXIS2_PLACEMENT_3D('',#4050,#4051,#4052);
#4050 = CARTESIAN_POINT('',(23.5,4.366025403784,15.562177826491));
#4051 = DIRECTION('',(0.,-0.5,-0.866025403784));
#4052 = DIRECTION('',(0.,0.866025403784,-0.5));
#4053 = PCURVE('',#2453,#4054);
#4054 = DEFINITIONAL_REPRESENTATION('',(#4055),#4059);
#4055 = LINE('',#4056,#4057);
#4056 = CARTESIAN_POINT('',(1.570796326795,12.));
#4057 = VECTOR('',#4058,1.);
#4058 = DIRECTION('',(1.,1.130863886743E-15));
#4059 = ( GEOMETRIC_REPRESENTATION_CONTEXT(2) 
PARAMETRIC_REPRESENTATION_CONTEXT() REPRESENTATION_CONTEXT('2D SPACE',''
  ) );
#4060 = PCURVE('',#3962,#4061);
#4061 = DEFINITIONAL_REPRESENTATION('',(#4062),#4066);
#4062 = LINE('',#4063,#4064);
#4063 = CARTESIAN_POINT('',(1.570796326795,-1.570796326795));
#4064 = VECTOR('',#4065,1.);
#4065 = DIRECTION('',(-1.413579858428E-16,1.));
#4066 = ( GEOMETRIC_REPRESENTATION_CONTEXT(2) 
PARAMETRIC_REPRESENTATION_CONTEXT() REPRESENTATION_CONTEXT('2D SPACE',''
  ) );
#4067 = ORIENTED_EDGE('',*,*,#2437,.F.);
#4068 = ADVANCED_FACE('',(#4069),#2584,.T.);
#4069 = FACE_BOUND('',#4070,.T.);
#4070 = EDGE_LOOP('',(#4071,#4072,#4073,#4097,#4125,#4154,#4182,#4211,
    #4239,#4261,#4262,#4263));
#4071 = ORIENTED_EDGE('',*,*,#2569,.F.);
#4072 = ORIENTED_EDGE('',*,*,#2620,.F.);
#4073 = ORIENTED_EDGE('',*,*,#4074,.T.);
#4074 = EDGE_CURVE('',#2621,#4075,#4077,.T.);
#4075 = VERTEX_POINT('',#4076);
#4076 = CARTESIAN_POINT('',(22.5,71.120508075689,7.));
#4077 = SURFACE_CURVE('',#4078,(#4083,#4090),.PCURVE_S1.);
#4078 = CIRCLE('',#4079,5.);
#4079 = AXIS2_PLACEMENT_3D('',#4080,#4081,#4082);
#4080 = CARTESIAN_POINT('',(17.5,71.120508075689,7.));
#4081 = DIRECTION('',(0.,-1.,1.110223024625E-16));
#4082 = DIRECTION('',(0.,-1.110223024625E-16,-1.));
#4083 = PCURVE('',#2584,#4084);
#4084 = DEFINITIONAL_REPRESENTATION('',(#4085),#4089);
#4085 = CIRCLE('',#4086,5.);
#4086 = AXIS2_PLACEMENT_2D('',#4087,#4088);
#4087 = CARTESIAN_POINT('',(17.5,-12.));
#4088 = DIRECTION('',(0.,-1.));
#4089 = ( GEOMETRIC_REPRESENTATION_CONTEXT(2) 
PARAMETRIC_REPRESENTATION_CONTEXT() REPRESENTATION_CONTEXT('2D SPACE',''
  ) );
#4090 = PCURVE('',#2659,#4091);
#4091 = DEFINITIONAL_REPRESENTATION('',(#4092),#4096);
#4092 = LINE('',#4093,#4094);
#4093 = CARTESIAN_POINT('',(3.14159265359,53.8));
#4094 = VECTOR('',#4095,1.);
#4095 = DIRECTION('',(-1.,4.52345554697E-15));
#4096 = ( GEOMETRIC_REPRESENTATION_CONTEXT(2) 
PARAMETRIC_REPRESENTATION_CONTEXT() REPRESENTATION_CONTEXT('2D SPACE',''
  ) );
#4097 = ORIENTED_EDGE('',*,*,#4098,.F.);
#4098 = EDGE_CURVE('',#4099,#4075,#4101,.T.);
#4099 = VERTEX_POINT('',#4100);
#4100 = CARTESIAN_POINT('',(22.5,71.120508075689,31.));
#4101 = SURFACE_CURVE('',#4102,(#4106,#4113),.PCURVE_S1.);
#4102 = LINE('',#4103,#4104);
#4103 = CARTESIAN_POINT('',(22.5,71.120508075689,26.454482671904));
#4104 = VECTOR('',#4105,1.);
#4105 = DIRECTION('',(-5.007715329124E-16,-1.110223024625E-16,-1.));
#4106 = PCURVE('',#2584,#4107);
#4107 = DEFINITIONAL_REPRESENTATION('',(#4108),#4112);
#4108 = LINE('',#4109,#4110);
#4109 = CARTESIAN_POINT('',(22.5,7.454482671904));
#4110 = VECTOR('',#4111,1.);
#4111 = DIRECTION('',(-5.007715329124E-16,-1.));
#4112 = ( GEOMETRIC_REPRESENTATION_CONTEXT(2) 
PARAMETRIC_REPRESENTATION_CONTEXT() REPRESENTATION_CONTEXT('2D SPACE',''
  ) );
#4113 = PCURVE('',#4114,#4119);
#4114 = PLANE('',#4115);
#4115 = AXIS2_PLACEMENT_3D('',#4116,#4117,#4118);
#4116 = CARTESIAN_POINT('',(22.5,9.5,26.454482671904));
#4117 = DIRECTION('',(1.,-2.891205793295E-16,-5.007715329124E-16));
#4118 = DIRECTION('',(-5.782411586589E-16,-0.5,-0.866025403784));
#4119 = DEFINITIONAL_REPRESENTATION('',(#4120),#4124);
#4120 = LINE('',#4121,#4122);
#4121 = CARTESIAN_POINT('',(-30.81025403784,53.364925387651));
#4122 = VECTOR('',#4123,1.);
#4123 = DIRECTION('',(0.866025403784,0.5));
#4124 = ( GEOMETRIC_REPRESENTATION_CONTEXT(2) 
PARAMETRIC_REPRESENTATION_CONTEXT() REPRESENTATION_CONTEXT('2D SPACE',''
  ) );
#4125 = ORIENTED_EDGE('',*,*,#4126,.T.);
#4126 = EDGE_CURVE('',#4099,#4127,#4129,.T.);
#4127 = VERTEX_POINT('',#4128);
#4128 = CARTESIAN_POINT('',(17.5,71.120508075689,36.));
#4129 = SURFACE_CURVE('',#4130,(#4135,#4142),.PCURVE_S1.);
#4130 = CIRCLE('',#4131,5.);
#4131 = AXIS2_PLACEMENT_3D('',#4132,#4133,#4134);
#4132 = CARTESIAN_POINT('',(17.5,71.120508075689,31.));
#4133 = DIRECTION('',(0.,-1.,1.110223024625E-16));
#4134 = DIRECTION('',(0.,-1.110223024625E-16,-1.));
#4135 = PCURVE('',#2584,#4136);
#4136 = DEFINITIONAL_REPRESENTATION('',(#4137),#4141);
#4137 = CIRCLE('',#4138,5.);
#4138 = AXIS2_PLACEMENT_2D('',#4139,#4140);
#4139 = CARTESIAN_POINT('',(17.5,12.));
#4140 = DIRECTION('',(0.,-1.));
#4141 = ( GEOMETRIC_REPRESENTATION_CONTEXT(2) 
PARAMETRIC_REPRESENTATION_CONTEXT() REPRESENTATION_CONTEXT('2D SPACE',''
  ) );
#4142 = PCURVE('',#4143,#4148);
#4143 = CYLINDRICAL_SURFACE('',#4144,5.);
#4144 = AXIS2_PLACEMENT_3D('',#4145,#4146,#4147);
#4145 = CARTESIAN_POINT('',(17.5,17.320508075689,31.));
#4146 = DIRECTION('',(0.,1.,-1.110223024625E-16));
#4147 = DIRECTION('',(0.,1.110223024625E-16,1.));
#4148 = DEFINITIONAL_REPRESENTATION('',(#4149),#4153);
#4149 = LINE('',#4150,#4151);
#4150 = CARTESIAN_POINT('',(3.14159265359,53.8));
#4151 = VECTOR('',#4152,1.);
#4152 = DIRECTION('',(-1.,9.046911093941E-15));
#4153 = ( GEOMETRIC_REPRESENTATION_CONTEXT(2) 
PARAMETRIC_REPRESENTATION_CONTEXT() REPRESENTATION_CONTEXT('2D SPACE',''
  ) );
#4154 = ORIENTED_EDGE('',*,*,#4155,.F.);
#4155 = EDGE_CURVE('',#4156,#4127,#4158,.T.);
#4156 = VERTEX_POINT('',#4157);
#4157 = CARTESIAN_POINT('',(-17.5,71.120508075689,36.));
#4158 = SURFACE_CURVE('',#4159,(#4163,#4170),.PCURVE_S1.);
#4159 = LINE('',#4160,#4161);
#4160 = CARTESIAN_POINT('',(-8.881784197001E-16,71.120508075689,36.));
#4161 = VECTOR('',#4162,1.);
#4162 = DIRECTION('',(1.,-8.874685183736E-31,-5.947623346206E-16));
#4163 = PCURVE('',#2584,#4164);
#4164 = DEFINITIONAL_REPRESENTATION('',(#4165),#4169);
#4165 = LINE('',#4166,#4167);
#4166 = CARTESIAN_POINT('',(-8.881784197001E-16,17.));
#4167 = VECTOR('',#4168,1.);
#4168 = DIRECTION('',(1.,-5.947623346206E-16));
#4169 = ( GEOMETRIC_REPRESENTATION_CONTEXT(2) 
PARAMETRIC_REPRESENTATION_CONTEXT() REPRESENTATION_CONTEXT('2D SPACE',''
  ) );
#4170 = PCURVE('',#4171,#4176);
#4171 = PLANE('',#4172);
#4172 = AXIS2_PLACEMENT_3D('',#4173,#4174,#4175);
#4173 = CARTESIAN_POINT('',(-8.881784197001E-16,17.320508075689,36.));
#4174 = DIRECTION('',(5.947623346206E-16,1.110223024625E-16,1.));
#4175 = DIRECTION('',(0.,-1.,1.110223024625E-16));
#4176 = DEFINITIONAL_REPRESENTATION('',(#4177),#4181);
#4177 = LINE('',#4178,#4179);
#4178 = CARTESIAN_POINT('',(-53.8,3.169530422763E-30));
#4179 = VECTOR('',#4180,1.);
#4180 = DIRECTION('',(8.214366345661E-31,1.));
#4181 = ( GEOMETRIC_REPRESENTATION_CONTEXT(2) 
PARAMETRIC_REPRESENTATION_CONTEXT() REPRESENTATION_CONTEXT('2D SPACE',''
  ) );
#4182 = ORIENTED_EDGE('',*,*,#4183,.T.);
#4183 = EDGE_CURVE('',#4156,#4184,#4186,.T.);
#4184 = VERTEX_POINT('',#4185);
#4185 = CARTESIAN_POINT('',(-22.5,71.120508075689,31.));
#4186 = SURFACE_CURVE('',#4187,(#4192,#4199),.PCURVE_S1.);
#4187 = CIRCLE('',#4188,5.);
#4188 = AXIS2_PLACEMENT_3D('',#4189,#4190,#4191);
#4189 = CARTESIAN_POINT('',(-17.5,71.120508075689,31.));
#4190 = DIRECTION('',(0.,-1.,1.110223024625E-16));
#4191 = DIRECTION('',(0.,-1.110223024625E-16,-1.));
#4192 = PCURVE('',#2584,#4193);
#4193 = DEFINITIONAL_REPRESENTATION('',(#4194),#4198);
#4194 = CIRCLE('',#4195,5.);
#4195 = AXIS2_PLACEMENT_2D('',#4196,#4197);
#4196 = CARTESIAN_POINT('',(-17.5,12.));
#4197 = DIRECTION('',(0.,-1.));
#4198 = ( GEOMETRIC_REPRESENTATION_CONTEXT(2) 
PARAMETRIC_REPRESENTATION_CONTEXT() REPRESENTATION_CONTEXT('2D SPACE',''
  ) );
#4199 = PCURVE('',#4200,#4205);
#4200 = CYLINDRICAL_SURFACE('',#4201,5.);
#4201 = AXIS2_PLACEMENT_3D('',#4202,#4203,#4204);
#4202 = CARTESIAN_POINT('',(-17.5,17.320508075689,31.));
#4203 = DIRECTION('',(0.,1.,-1.110223024625E-16));
#4204 = DIRECTION('',(0.,1.110223024625E-16,1.));
#4205 = DEFINITIONAL_REPRESENTATION('',(#4206),#4210);
#4206 = LINE('',#4207,#4208);
#4207 = CARTESIAN_POINT('',(9.424777960769,53.8));
#4208 = VECTOR('',#4209,1.);
#4209 = DIRECTION('',(-1.,0.));
#4210 = ( GEOMETRIC_REPRESENTATION_CONTEXT(2) 
PARAMETRIC_REPRESENTATION_CONTEXT() REPRESENTATION_CONTEXT('2D SPACE',''
  ) );
#4211 = ORIENTED_EDGE('',*,*,#4212,.F.);
#4212 = EDGE_CURVE('',#4213,#4184,#4215,.T.);
#4213 = VERTEX_POINT('',#4214);
#4214 = CARTESIAN_POINT('',(-22.5,71.120508075689,7.));
#4215 = SURFACE_CURVE('',#4216,(#4220,#4227),.PCURVE_S1.);
#4216 = LINE('',#4217,#4218);
#4217 = CARTESIAN_POINT('',(-22.5,71.120508075689,26.454482671904));
#4218 = VECTOR('',#4219,1.);
#4219 = DIRECTION('',(5.007715329124E-16,1.110223024625E-16,1.));
#4220 = PCURVE('',#2584,#4221);
#4221 = DEFINITIONAL_REPRESENTATION('',(#4222),#4226);
#4222 = LINE('',#4223,#4224);
#4223 = CARTESIAN_POINT('',(-22.5,7.454482671904));
#4224 = VECTOR('',#4225,1.);
#4225 = DIRECTION('',(5.007715329124E-16,1.));
#4226 = ( GEOMETRIC_REPRESENTATION_CONTEXT(2) 
PARAMETRIC_REPRESENTATION_CONTEXT() REPRESENTATION_CONTEXT('2D SPACE',''
  ) );
#4227 = PCURVE('',#4228,#4233);
#4228 = PLANE('',#4229);
#4229 = AXIS2_PLACEMENT_3D('',#4230,#4231,#4232);
#4230 = CARTESIAN_POINT('',(-22.5,9.5,26.454482671904));
#4231 = DIRECTION('',(-1.,2.891205793295E-16,5.007715329124E-16));
#4232 = DIRECTION('',(5.782411586589E-16,0.5,0.866025403784));
#4233 = DEFINITIONAL_REPRESENTATION('',(#4234),#4238);
#4234 = LINE('',#4235,#4236);
#4235 = CARTESIAN_POINT('',(30.810254037844,53.364925387651));
#4236 = VECTOR('',#4237,1.);
#4237 = DIRECTION('',(0.866025403784,-0.5));
#4238 = ( GEOMETRIC_REPRESENTATION_CONTEXT(2) 
PARAMETRIC_REPRESENTATION_CONTEXT() REPRESENTATION_CONTEXT('2D SPACE',''
  ) );
#4239 = ORIENTED_EDGE('',*,*,#4240,.T.);
#4240 = EDGE_CURVE('',#4213,#2698,#4241,.T.);
#4241 = SURFACE_CURVE('',#4242,(#4247,#4254),.PCURVE_S1.);
#4242 = CIRCLE('',#4243,5.);
#4243 = AXIS2_PLACEMENT_3D('',#4244,#4245,#4246);
#4244 = CARTESIAN_POINT('',(-17.5,71.120508075689,7.));
#4245 = DIRECTION('',(0.,-1.,1.110223024625E-16));
#4246 = DIRECTION('',(0.,-1.110223024625E-16,-1.));
#4247 = PCURVE('',#2584,#4248);
#4248 = DEFINITIONAL_REPRESENTATION('',(#4249),#4253);
#4249 = CIRCLE('',#4250,5.);
#4250 = AXIS2_PLACEMENT_2D('',#4251,#4252);
#4251 = CARTESIAN_POINT('',(-17.5,-12.));
#4252 = DIRECTION('',(0.,-1.));
#4253 = ( GEOMETRIC_REPRESENTATION_CONTEXT(2) 
PARAMETRIC_REPRESENTATION_CONTEXT() REPRESENTATION_CONTEXT('2D SPACE',''
  ) );
#4254 = PCURVE('',#2713,#4255);
#4255 = DEFINITIONAL_REPRESENTATION('',(#4256),#4260);
#4256 = LINE('',#4257,#4258);
#4257 = CARTESIAN_POINT('',(9.424777960769,53.8));
#4258 = VECTOR('',#4259,1.);
#4259 = DIRECTION('',(-1.,-4.52345554697E-15));
#4260 = ( GEOMETRIC_REPRESENTATION_CONTEXT(2) 
PARAMETRIC_REPRESENTATION_CONTEXT() REPRESENTATION_CONTEXT('2D SPACE',''
  ) );
#4261 = ORIENTED_EDGE('',*,*,#2725,.F.);
#4262 = ORIENTED_EDGE('',*,*,#2820,.T.);
#4263 = ORIENTED_EDGE('',*,*,#2796,.F.);
#4264 = ADVANCED_FACE('',(#4265),#2713,.F.);
#4265 = FACE_BOUND('',#4266,.F.);
#4266 = EDGE_LOOP('',(#4267,#4297,#4370,#4391,#4392,#4393,#4417,#4443,
    #4472,#4498));
#4267 = ORIENTED_EDGE('',*,*,#4268,.F.);
#4268 = EDGE_CURVE('',#4269,#4271,#4273,.T.);
#4269 = VERTEX_POINT('',#4270);
#4270 = CARTESIAN_POINT('',(-17.5,17.856406460551,2.));
#4271 = VERTEX_POINT('',#4272);
#4272 = CARTESIAN_POINT('',(-17.5,34.4,2.));
#4273 = SURFACE_CURVE('',#4274,(#4278,#4285),.PCURVE_S1.);
#4274 = LINE('',#4275,#4276);
#4275 = CARTESIAN_POINT('',(-17.5,17.320508075689,2.));
#4276 = VECTOR('',#4277,1.);
#4277 = DIRECTION('',(0.,1.,-1.110223024625E-16));
#4278 = PCURVE('',#2713,#4279);
#4279 = DEFINITIONAL_REPRESENTATION('',(#4280),#4284);
#4280 = LINE('',#4281,#4282);
#4281 = CARTESIAN_POINT('',(3.14159265359,-2.6645352591E-15));
#4282 = VECTOR('',#4283,1.);
#4283 = DIRECTION('',(0.,1.));
#4284 = ( GEOMETRIC_REPRESENTATION_CONTEXT(2) 
PARAMETRIC_REPRESENTATION_CONTEXT() REPRESENTATION_CONTEXT('2D SPACE',''
  ) );
#4285 = PCURVE('',#4286,#4291);
#4286 = PLANE('',#4287);
#4287 = AXIS2_PLACEMENT_3D('',#4288,#4289,#4290);
#4288 = CARTESIAN_POINT('',(4.440892098501E-15,17.320508075689,2.));
#4289 = DIRECTION('',(-5.947623346206E-16,-1.110223024625E-16,-1.));
#4290 = DIRECTION('',(0.,1.,-1.110223024625E-16));
#4291 = DEFINITIONAL_REPRESENTATION('',(#4292),#4296);
#4292 = LINE('',#4293,#4294);
#4293 = CARTESIAN_POINT('',(-1.183291357832E-30,-17.5));
#4294 = VECTOR('',#4295,1.);
#4295 = DIRECTION('',(1.,6.603188380756E-32));
#4296 = ( GEOMETRIC_REPRESENTATION_CONTEXT(2) 
PARAMETRIC_REPRESENTATION_CONTEXT() REPRESENTATION_CONTEXT('2D SPACE',''
  ) );
#4297 = ORIENTED_EDGE('',*,*,#4298,.T.);
#4298 = EDGE_CURVE('',#4269,#4299,#4301,.T.);
#4299 = VERTEX_POINT('',#4300);
#4300 = CARTESIAN_POINT('',(-22.5,19.196152422707,7.));
#4301 = SURFACE_CURVE('',#4302,(#4307,#4336),.PCURVE_S1.);
#4302 = ELLIPSE('',#4303,5.17638090205,5.);
#4303 = AXIS2_PLACEMENT_3D('',#4304,#4305,#4306);
#4304 = CARTESIAN_POINT('',(-17.5,19.196152422707,7.));
#4305 = DIRECTION('',(0.,0.965925826289,-0.258819045103));
#4306 = DIRECTION('',(0.,-0.258819045103,-0.965925826289));
#4307 = PCURVE('',#2713,#4308);
#4308 = DEFINITIONAL_REPRESENTATION('',(#4309),#4335);
#4309 = B_SPLINE_CURVE_WITH_KNOTS('',3,(#4310,#4311,#4312,#4313,#4314,
    #4315,#4316,#4317,#4318,#4319,#4320,#4321,#4322,#4323,#4324,#4325,
    #4326,#4327,#4328,#4329,#4330,#4331,#4332,#4333,#4334),
  .UNSPECIFIED.,.F.,.F.,(4,1,1,1,1,1,1,1,1,1,1,1,1,1,1,1,1,1,1,1,1,1,4),
  (0.,7.139983303613E-02,0.142799666072,0.214199499108,0.285599332145,
    0.356999165181,0.428398998217,0.499798831253,0.571198664289,
    0.642598497325,0.713998330361,0.785398163397,0.856797996434,
    0.92819782947,0.999597662506,1.070997495542,1.142397328578,
    1.213797161614,1.28519699465,1.356596827687,1.427996660723,
    1.499396493759,1.570796326795),.QUASI_UNIFORM_KNOTS.);
#4310 = CARTESIAN_POINT('',(3.14159265359,0.535898384862));
#4311 = CARTESIAN_POINT('',(3.165392597935,0.535895495626));
#4312 = CARTESIAN_POINT('',(3.212992486626,0.53817733957));
#4313 = CARTESIAN_POINT('',(3.284392319662,0.548407492218));
#4314 = CARTESIAN_POINT('',(3.355792152698,0.565403093575));
#4315 = CARTESIAN_POINT('',(3.427191985734,0.589074806882));
#4316 = CARTESIAN_POINT('',(3.49859181877,0.619302738303));
#4317 = CARTESIAN_POINT('',(3.569991651807,0.655932657145));
#4318 = CARTESIAN_POINT('',(3.641391484843,0.69877795828));
#4319 = CARTESIAN_POINT('',(3.712791317879,0.747620297794));
#4320 = CARTESIAN_POINT('',(3.784191150915,0.802210790094));
#4321 = CARTESIAN_POINT('',(3.855590983951,0.862271253533));
#4322 = CARTESIAN_POINT('',(3.926990816987,0.927495634029));
#4323 = CARTESIAN_POINT('',(3.998390650023,0.997551563014));
#4324 = CARTESIAN_POINT('',(4.06979048306,1.072082051558));
#4325 = CARTESIAN_POINT('',(4.141190316096,1.150707309348));
#4326 = CARTESIAN_POINT('',(4.212590149132,1.233026680181));
#4327 = CARTESIAN_POINT('',(4.283989982168,1.318620683083));
#4328 = CARTESIAN_POINT('',(4.355389815204,1.407053151866));
#4329 = CARTESIAN_POINT('',(4.42678964824,1.497873450344));
#4330 = CARTESIAN_POINT('',(4.498189481276,1.590618796248));
#4331 = CARTESIAN_POINT('',(4.569589314312,1.684816516534));
#4332 = CARTESIAN_POINT('',(4.640989147349,1.779986840134));
#4333 = CARTESIAN_POINT('',(4.688589036039,1.84375821953));
#4334 = CARTESIAN_POINT('',(4.712388980385,1.875644347018));
#4335 = ( GEOMETRIC_REPRESENTATION_CONTEXT(2) 
PARAMETRIC_REPRESENTATION_CONTEXT() REPRESENTATION_CONTEXT('2D SPACE',''
  ) );
#4336 = PCURVE('',#4337,#4342);
#4337 = CYLINDRICAL_SURFACE('',#4338,5.);
#4338 = AXIS2_PLACEMENT_3D('',#4339,#4340,#4341);
#4339 = CARTESIAN_POINT('',(-17.5,3.5,16.062177826491));
#4340 = DIRECTION('',(0.,0.866025403784,-0.5));
#4341 = DIRECTION('',(0.,0.5,0.866025403784));
#4342 = DEFINITIONAL_REPRESENTATION('',(#4343),#4369);
#4343 = B_SPLINE_CURVE_WITH_KNOTS('',3,(#4344,#4345,#4346,#4347,#4348,
    #4349,#4350,#4351,#4352,#4353,#4354,#4355,#4356,#4357,#4358,#4359,
    #4360,#4361,#4362,#4363,#4364,#4365,#4366,#4367,#4368),
  .UNSPECIFIED.,.F.,.F.,(4,1,1,1,1,1,1,1,1,1,1,1,1,1,1,1,1,1,1,1,1,1,4),
  (0.,7.139983303613E-02,0.142799666072,0.214199499108,0.285599332145,
    0.356999165181,0.428398998217,0.499798831253,0.571198664289,
    0.642598497325,0.713998330361,0.785398163397,0.856797996434,
    0.92819782947,0.999597662506,1.070997495542,1.142397328578,
    1.213797161614,1.28519699465,1.356596827687,1.427996660723,
    1.499396493759,1.570796326795),.QUASI_UNIFORM_KNOTS.);
#4344 = CARTESIAN_POINT('',(3.14159265359,19.464101615138));
#4345 = CARTESIAN_POINT('',(3.165392597935,19.464104504374));
#4346 = CARTESIAN_POINT('',(3.212992486626,19.46182266043));
#4347 = CARTESIAN_POINT('',(3.284392319662,19.451592507782));
#4348 = CARTESIAN_POINT('',(3.355792152698,19.434596906425));
#4349 = CARTESIAN_POINT('',(3.427191985734,19.410925193118));
#4350 = CARTESIAN_POINT('',(3.49859181877,19.380697261697));
#4351 = CARTESIAN_POINT('',(3.569991651807,19.344067342854));
#4352 = CARTESIAN_POINT('',(3.641391484843,19.30122204172));
#4353 = CARTESIAN_POINT('',(3.712791317879,19.252379702206));
#4354 = CARTESIAN_POINT('',(3.784191150915,19.197789209906));
#4355 = CARTESIAN_POINT('',(3.855590983951,19.137728746467));
#4356 = CARTESIAN_POINT('',(3.926990816987,19.072504365971));
#4357 = CARTESIAN_POINT('',(3.998390650023,19.002448436986));
#4358 = CARTESIAN_POINT('',(4.06979048306,18.927917948442));
#4359 = CARTESIAN_POINT('',(4.141190316096,18.849292690652));
#4360 = CARTESIAN_POINT('',(4.212590149132,18.766973319819));
#4361 = CARTESIAN_POINT('',(4.283989982168,18.681379316917));
#4362 = CARTESIAN_POINT('',(4.355389815204,18.592946848134));
#4363 = CARTESIAN_POINT('',(4.42678964824,18.502126549656));
#4364 = CARTESIAN_POINT('',(4.498189481276,18.409381203752));
#4365 = CARTESIAN_POINT('',(4.569589314312,18.315183483466));
#4366 = CARTESIAN_POINT('',(4.640989147349,18.220013159866));
#4367 = CARTESIAN_POINT('',(4.688589036039,18.15624178047));
#4368 = CARTESIAN_POINT('',(4.712388980385,18.124355652982));
#4369 = ( GEOMETRIC_REPRESENTATION_CONTEXT(2) 
PARAMETRIC_REPRESENTATION_CONTEXT() REPRESENTATION_CONTEXT('2D SPACE',''
  ) );
#4370 = ORIENTED_EDGE('',*,*,#4371,.T.);
#4371 = EDGE_CURVE('',#4299,#4213,#4372,.T.);
#4372 = SURFACE_CURVE('',#4373,(#4377,#4384),.PCURVE_S1.);
#4373 = LINE('',#4374,#4375);
#4374 = CARTESIAN_POINT('',(-22.5,17.320508075689,7.));
#4375 = VECTOR('',#4376,1.);
#4376 = DIRECTION('',(0.,1.,-1.110223024625E-16));
#4377 = PCURVE('',#2713,#4378);
#4378 = DEFINITIONAL_REPRESENTATION('',(#4379),#4383);
#4379 = LINE('',#4380,#4381);
#4380 = CARTESIAN_POINT('',(4.712388980385,0.));
#4381 = VECTOR('',#4382,1.);
#4382 = DIRECTION('',(0.,1.));
#4383 = ( GEOMETRIC_REPRESENTATION_CONTEXT(2) 
PARAMETRIC_REPRESENTATION_CONTEXT() REPRESENTATION_CONTEXT('2D SPACE',''
  ) );
#4384 = PCURVE('',#4228,#4385);
#4385 = DEFINITIONAL_REPRESENTATION('',(#4386),#4390);
#4386 = LINE('',#4387,#4388);
#4387 = CARTESIAN_POINT('',(-12.9378221735,16.5));
#4388 = VECTOR('',#4389,1.);
#4389 = DIRECTION('',(0.5,0.866025403784));
#4390 = ( GEOMETRIC_REPRESENTATION_CONTEXT(2) 
PARAMETRIC_REPRESENTATION_CONTEXT() REPRESENTATION_CONTEXT('2D SPACE',''
  ) );
#4391 = ORIENTED_EDGE('',*,*,#4240,.T.);
#4392 = ORIENTED_EDGE('',*,*,#2697,.F.);
#4393 = ORIENTED_EDGE('',*,*,#4394,.T.);
#4394 = EDGE_CURVE('',#2672,#4395,#4397,.T.);
#4395 = VERTEX_POINT('',#4396);
#4396 = CARTESIAN_POINT('',(-22.16476151587,70.9,5.2));
#4397 = SURFACE_CURVE('',#4398,(#4403,#4410),.PCURVE_S1.);
#4398 = CIRCLE('',#4399,5.);
#4399 = AXIS2_PLACEMENT_3D('',#4400,#4401,#4402);
#4400 = CARTESIAN_POINT('',(-17.5,70.9,7.));
#4401 = DIRECTION('',(0.,1.,-1.110223024625E-16));
#4402 = DIRECTION('',(0.,1.110223024625E-16,1.));
#4403 = PCURVE('',#2713,#4404);
#4404 = DEFINITIONAL_REPRESENTATION('',(#4405),#4409);
#4405 = LINE('',#4406,#4407);
#4406 = CARTESIAN_POINT('',(0.,53.579491924311));
#4407 = VECTOR('',#4408,1.);
#4408 = DIRECTION('',(1.,0.));
#4409 = ( GEOMETRIC_REPRESENTATION_CONTEXT(2) 
PARAMETRIC_REPRESENTATION_CONTEXT() REPRESENTATION_CONTEXT('2D SPACE',''
  ) );
#4410 = PCURVE('',#2686,#4411);
#4411 = DEFINITIONAL_REPRESENTATION('',(#4412),#4416);
#4412 = CIRCLE('',#4413,5.);
#4413 = AXIS2_PLACEMENT_2D('',#4414,#4415);
#4414 = CARTESIAN_POINT('',(6.2,4.7));
#4415 = DIRECTION('',(1.,0.));
#4416 = ( GEOMETRIC_REPRESENTATION_CONTEXT(2) 
PARAMETRIC_REPRESENTATION_CONTEXT() REPRESENTATION_CONTEXT('2D SPACE',''
  ) );
#4417 = ORIENTED_EDGE('',*,*,#4418,.F.);
#4418 = EDGE_CURVE('',#4419,#4395,#4421,.T.);
#4419 = VERTEX_POINT('',#4420);
#4420 = CARTESIAN_POINT('',(-22.16476151587,49.05,5.2));
#4421 = SURFACE_CURVE('',#4422,(#4426,#4432),.PCURVE_S1.);
#4422 = LINE('',#4423,#4424);
#4423 = CARTESIAN_POINT('',(-22.16476151587,17.320508075689,5.2));
#4424 = VECTOR('',#4425,1.);
#4425 = DIRECTION('',(0.,1.,-1.110223024625E-16));
#4426 = PCURVE('',#2713,#4427);
#4427 = DEFINITIONAL_REPRESENTATION('',(#4428),#4431);
#4428 = B_SPLINE_CURVE_WITH_KNOTS('',1,(#4429,#4430),.UNSPECIFIED.,.F.,
  .F.,(2,2),(29.544491924311,53.8000006),.PIECEWISE_BEZIER_KNOTS.);
#4429 = CARTESIAN_POINT('',(4.344121086948,29.544491924311));
#4430 = CARTESIAN_POINT('',(4.344121086948,53.8000006));
#4431 = ( GEOMETRIC_REPRESENTATION_CONTEXT(2) 
PARAMETRIC_REPRESENTATION_CONTEXT() REPRESENTATION_CONTEXT('2D SPACE',''
  ) );
#4432 = PCURVE('',#4433,#4438);
#4433 = PLANE('',#4434);
#4434 = AXIS2_PLACEMENT_3D('',#4435,#4436,#4437);
#4435 = CARTESIAN_POINT('',(-22.2,49.05,5.2));
#4436 = DIRECTION('',(0.,0.,1.));
#4437 = DIRECTION('',(1.,0.,-0.));
#4438 = DEFINITIONAL_REPRESENTATION('',(#4439),#4442);
#4439 = B_SPLINE_CURVE_WITH_KNOTS('',1,(#4440,#4441),.UNSPECIFIED.,.F.,
  .F.,(2,2),(29.544491924311,53.8000006),.PIECEWISE_BEZIER_KNOTS.);
#4440 = CARTESIAN_POINT('',(3.523848412377E-02,-2.185));
#4441 = CARTESIAN_POINT('',(3.523848412377E-02,22.070508675689));
#4442 = ( GEOMETRIC_REPRESENTATION_CONTEXT(2) 
PARAMETRIC_REPRESENTATION_CONTEXT() REPRESENTATION_CONTEXT('2D SPACE',''
  ) );
#4443 = ORIENTED_EDGE('',*,*,#4444,.F.);
#4444 = EDGE_CURVE('',#4445,#4419,#4447,.T.);
#4445 = VERTEX_POINT('',#4446);
#4446 = CARTESIAN_POINT('',(-20.5,49.05,3.));
#4447 = SURFACE_CURVE('',#4448,(#4453,#4460),.PCURVE_S1.);
#4448 = CIRCLE('',#4449,5.);
#4449 = AXIS2_PLACEMENT_3D('',#4450,#4451,#4452);
#4450 = CARTESIAN_POINT('',(-17.5,49.05,7.));
#4451 = DIRECTION('',(0.,1.,-1.110223024625E-16));
#4452 = DIRECTION('',(0.,1.110223024625E-16,1.));
#4453 = PCURVE('',#2713,#4454);
#4454 = DEFINITIONAL_REPRESENTATION('',(#4455),#4459);
#4455 = LINE('',#4456,#4457);
#4456 = CARTESIAN_POINT('',(0.,31.729491924311));
#4457 = VECTOR('',#4458,1.);
#4458 = DIRECTION('',(1.,0.));
#4459 = ( GEOMETRIC_REPRESENTATION_CONTEXT(2) 
PARAMETRIC_REPRESENTATION_CONTEXT() REPRESENTATION_CONTEXT('2D SPACE',''
  ) );
#4460 = PCURVE('',#4461,#4466);
#4461 = PLANE('',#4462);
#4462 = AXIS2_PLACEMENT_3D('',#4463,#4464,#4465);
#4463 = CARTESIAN_POINT('',(-22.2,49.05,0.8));
#4464 = DIRECTION('',(-0.,1.,0.));
#4465 = DIRECTION('',(0.,0.,1.));
#4466 = DEFINITIONAL_REPRESENTATION('',(#4467),#4471);
#4467 = CIRCLE('',#4468,5.);
#4468 = AXIS2_PLACEMENT_2D('',#4469,#4470);
#4469 = CARTESIAN_POINT('',(6.2,4.7));
#4470 = DIRECTION('',(1.,0.));
#4471 = ( GEOMETRIC_REPRESENTATION_CONTEXT(2) 
PARAMETRIC_REPRESENTATION_CONTEXT() REPRESENTATION_CONTEXT('2D SPACE',''
  ) );
#4472 = ORIENTED_EDGE('',*,*,#4473,.F.);
#4473 = EDGE_CURVE('',#4474,#4445,#4476,.T.);
#4474 = VERTEX_POINT('',#4475);
#4475 = CARTESIAN_POINT('',(-20.5,34.4,3.));
#4476 = SURFACE_CURVE('',#4477,(#4481,#4487),.PCURVE_S1.);
#4477 = LINE('',#4478,#4479);
#4478 = CARTESIAN_POINT('',(-20.5,17.320508075689,3.));
#4479 = VECTOR('',#4480,1.);
#4480 = DIRECTION('',(0.,1.,-1.110223024625E-16));
#4481 = PCURVE('',#2713,#4482);
#4482 = DEFINITIONAL_REPRESENTATION('',(#4483),#4486);
#4483 = B_SPLINE_CURVE_WITH_KNOTS('',1,(#4484,#4485),.UNSPECIFIED.,.F.,
  .F.,(2,2),(13.669491924311,53.8000006),.PIECEWISE_BEZIER_KNOTS.);
#4484 = CARTESIAN_POINT('',(3.785093762383,13.669491924311));
#4485 = CARTESIAN_POINT('',(3.785093762383,53.8000006));
#4486 = ( GEOMETRIC_REPRESENTATION_CONTEXT(2) 
PARAMETRIC_REPRESENTATION_CONTEXT() REPRESENTATION_CONTEXT('2D SPACE',''
  ) );
#4487 = PCURVE('',#4488,#4493);
#4488 = PLANE('',#4489);
#4489 = AXIS2_PLACEMENT_3D('',#4490,#4491,#4492);
#4490 = CARTESIAN_POINT('',(-20.5,34.4,-6.4));
#4491 = DIRECTION('',(1.,0.,-0.));
#4492 = DIRECTION('',(0.,0.,1.));
#4493 = DEFINITIONAL_REPRESENTATION('',(#4494),#4497);
#4494 = B_SPLINE_CURVE_WITH_KNOTS('',1,(#4495,#4496),.UNSPECIFIED.,.F.,
  .F.,(2,2),(13.669491924311,53.8000006),.PIECEWISE_BEZIER_KNOTS.);
#4495 = CARTESIAN_POINT('',(9.4,3.41));
#4496 = CARTESIAN_POINT('',(9.4,-36.72050867568));
#4497 = ( GEOMETRIC_REPRESENTATION_CONTEXT(2) 
PARAMETRIC_REPRESENTATION_CONTEXT() REPRESENTATION_CONTEXT('2D SPACE',''
  ) );
#4498 = ORIENTED_EDGE('',*,*,#4499,.F.);
#4499 = EDGE_CURVE('',#4271,#4474,#4500,.T.);
#4500 = SURFACE_CURVE('',#4501,(#4506,#4513),.PCURVE_S1.);
#4501 = CIRCLE('',#4502,5.);
#4502 = AXIS2_PLACEMENT_3D('',#4503,#4504,#4505);
#4503 = CARTESIAN_POINT('',(-17.5,34.4,7.));
#4504 = DIRECTION('',(0.,1.,-1.110223024625E-16));
#4505 = DIRECTION('',(0.,1.110223024625E-16,1.));
#4506 = PCURVE('',#2713,#4507);
#4507 = DEFINITIONAL_REPRESENTATION('',(#4508),#4512);
#4508 = LINE('',#4509,#4510);
#4509 = CARTESIAN_POINT('',(0.,17.079491924311));
#4510 = VECTOR('',#4511,1.);
#4511 = DIRECTION('',(1.,0.));
#4512 = ( GEOMETRIC_REPRESENTATION_CONTEXT(2) 
PARAMETRIC_REPRESENTATION_CONTEXT() REPRESENTATION_CONTEXT('2D SPACE',''
  ) );
#4513 = PCURVE('',#4514,#4519);
#4514 = PLANE('',#4515);
#4515 = AXIS2_PLACEMENT_3D('',#4516,#4517,#4518);
#4516 = CARTESIAN_POINT('',(-20.5,34.4,-6.4));
#4517 = DIRECTION('',(-0.,1.,0.));
#4518 = DIRECTION('',(0.,0.,1.));
#4519 = DEFINITIONAL_REPRESENTATION('',(#4520),#4524);
#4520 = CIRCLE('',#4521,5.);
#4521 = AXIS2_PLACEMENT_2D('',#4522,#4523);
#4522 = CARTESIAN_POINT('',(13.4,3.));
#4523 = DIRECTION('',(1.,0.));
#4524 = ( GEOMETRIC_REPRESENTATION_CONTEXT(2) 
PARAMETRIC_REPRESENTATION_CONTEXT() REPRESENTATION_CONTEXT('2D SPACE',''
  ) );
#4525 = ADVANCED_FACE('',(#4526),#2686,.F.);
#4526 = FACE_BOUND('',#4527,.F.);
#4527 = EDGE_LOOP('',(#4528,#4558,#4586,#4614,#4635,#4636,#4637,#4661));
#4528 = ORIENTED_EDGE('',*,*,#4529,.F.);
#4529 = EDGE_CURVE('',#4530,#4532,#4534,.T.);
#4530 = VERTEX_POINT('',#4531);
#4531 = CARTESIAN_POINT('',(22.2,70.9,0.8));
#4532 = VERTEX_POINT('',#4533);
#4533 = CARTESIAN_POINT('',(22.2,70.9,5.2));
#4534 = SURFACE_CURVE('',#4535,(#4539,#4546),.PCURVE_S1.);
#4535 = LINE('',#4536,#4537);
#4536 = CARTESIAN_POINT('',(22.2,70.9,0.8));
#4537 = VECTOR('',#4538,1.);
#4538 = DIRECTION('',(0.,0.,1.));
#4539 = PCURVE('',#2686,#4540);
#4540 = DEFINITIONAL_REPRESENTATION('',(#4541),#4545);
#4541 = LINE('',#4542,#4543);
#4542 = CARTESIAN_POINT('',(0.,44.4));
#4543 = VECTOR('',#4544,1.);
#4544 = DIRECTION('',(1.,0.));
#4545 = ( GEOMETRIC_REPRESENTATION_CONTEXT(2) 
PARAMETRIC_REPRESENTATION_CONTEXT() REPRESENTATION_CONTEXT('2D SPACE',''
  ) );
#4546 = PCURVE('',#4547,#4552);
#4547 = PLANE('',#4548);
#4548 = AXIS2_PLACEMENT_3D('',#4549,#4550,#4551);
#4549 = CARTESIAN_POINT('',(22.2,49.05,0.8));
#4550 = DIRECTION('',(1.,0.,-0.));
#4551 = DIRECTION('',(0.,0.,1.));
#4552 = DEFINITIONAL_REPRESENTATION('',(#4553),#4557);
#4553 = LINE('',#4554,#4555);
#4554 = CARTESIAN_POINT('',(0.,-21.85));
#4555 = VECTOR('',#4556,1.);
#4556 = DIRECTION('',(1.,0.));
#4557 = ( GEOMETRIC_REPRESENTATION_CONTEXT(2) 
PARAMETRIC_REPRESENTATION_CONTEXT() REPRESENTATION_CONTEXT('2D SPACE',''
  ) );
#4558 = ORIENTED_EDGE('',*,*,#4559,.F.);
#4559 = EDGE_CURVE('',#4560,#4530,#4562,.T.);
#4560 = VERTEX_POINT('',#4561);
#4561 = CARTESIAN_POINT('',(-22.2,70.9,0.8));
#4562 = SURFACE_CURVE('',#4563,(#4567,#4574),.PCURVE_S1.);
#4563 = LINE('',#4564,#4565);
#4564 = CARTESIAN_POINT('',(-22.2,70.9,0.8));
#4565 = VECTOR('',#4566,1.);
#4566 = DIRECTION('',(1.,0.,-0.));
#4567 = PCURVE('',#2686,#4568);
#4568 = DEFINITIONAL_REPRESENTATION('',(#4569),#4573);
#4569 = LINE('',#4570,#4571);
#4570 = CARTESIAN_POINT('',(0.,0.));
#4571 = VECTOR('',#4572,1.);
#4572 = DIRECTION('',(0.,1.));
#4573 = ( GEOMETRIC_REPRESENTATION_CONTEXT(2) 
PARAMETRIC_REPRESENTATION_CONTEXT() REPRESENTATION_CONTEXT('2D SPACE',''
  ) );
#4574 = PCURVE('',#4575,#4580);
#4575 = PLANE('',#4576);
#4576 = AXIS2_PLACEMENT_3D('',#4577,#4578,#4579);
#4577 = CARTESIAN_POINT('',(-22.2,49.05,0.8));
#4578 = DIRECTION('',(0.,0.,1.));
#4579 = DIRECTION('',(1.,0.,-0.));
#4580 = DEFINITIONAL_REPRESENTATION('',(#4581),#4585);
#4581 = LINE('',#4582,#4583);
#4582 = CARTESIAN_POINT('',(0.,21.85));
#4583 = VECTOR('',#4584,1.);
#4584 = DIRECTION('',(1.,0.));
#4585 = ( GEOMETRIC_REPRESENTATION_CONTEXT(2) 
PARAMETRIC_REPRESENTATION_CONTEXT() REPRESENTATION_CONTEXT('2D SPACE',''
  ) );
#4586 = ORIENTED_EDGE('',*,*,#4587,.T.);
#4587 = EDGE_CURVE('',#4560,#4588,#4590,.T.);
#4588 = VERTEX_POINT('',#4589);
#4589 = CARTESIAN_POINT('',(-22.2,70.9,5.2));
#4590 = SURFACE_CURVE('',#4591,(#4595,#4602),.PCURVE_S1.);
#4591 = LINE('',#4592,#4593);
#4592 = CARTESIAN_POINT('',(-22.2,70.9,0.8));
#4593 = VECTOR('',#4594,1.);
#4594 = DIRECTION('',(0.,0.,1.));
#4595 = PCURVE('',#2686,#4596);
#4596 = DEFINITIONAL_REPRESENTATION('',(#4597),#4601);
#4597 = LINE('',#4598,#4599);
#4598 = CARTESIAN_POINT('',(0.,0.));
#4599 = VECTOR('',#4600,1.);
#4600 = DIRECTION('',(1.,0.));
#4601 = ( GEOMETRIC_REPRESENTATION_CONTEXT(2) 
PARAMETRIC_REPRESENTATION_CONTEXT() REPRESENTATION_CONTEXT('2D SPACE',''
  ) );
#4602 = PCURVE('',#4603,#4608);
#4603 = PLANE('',#4604);
#4604 = AXIS2_PLACEMENT_3D('',#4605,#4606,#4607);
#4605 = CARTESIAN_POINT('',(-22.2,49.05,0.8));
#4606 = DIRECTION('',(1.,0.,-0.));
#4607 = DIRECTION('',(0.,0.,1.));
#4608 = DEFINITIONAL_REPRESENTATION('',(#4609),#4613);
#4609 = LINE('',#4610,#4611);
#4610 = CARTESIAN_POINT('',(0.,-21.85));
#4611 = VECTOR('',#4612,1.);
#4612 = DIRECTION('',(1.,0.));
#4613 = ( GEOMETRIC_REPRESENTATION_CONTEXT(2) 
PARAMETRIC_REPRESENTATION_CONTEXT() REPRESENTATION_CONTEXT('2D SPACE',''
  ) );
#4614 = ORIENTED_EDGE('',*,*,#4615,.T.);
#4615 = EDGE_CURVE('',#4588,#4395,#4616,.T.);
#4616 = SURFACE_CURVE('',#4617,(#4621,#4628),.PCURVE_S1.);
#4617 = LINE('',#4618,#4619);
#4618 = CARTESIAN_POINT('',(-22.2,70.9,5.2));
#4619 = VECTOR('',#4620,1.);
#4620 = DIRECTION('',(1.,0.,-0.));
#4621 = PCURVE('',#2686,#4622);
#4622 = DEFINITIONAL_REPRESENTATION('',(#4623),#4627);
#4623 = LINE('',#4624,#4625);
#4624 = CARTESIAN_POINT('',(4.4,0.));
#4625 = VECTOR('',#4626,1.);
#4626 = DIRECTION('',(0.,1.));
#4627 = ( GEOMETRIC_REPRESENTATION_CONTEXT(2) 
PARAMETRIC_REPRESENTATION_CONTEXT() REPRESENTATION_CONTEXT('2D SPACE',''
  ) );
#4628 = PCURVE('',#4433,#4629);
#4629 = DEFINITIONAL_REPRESENTATION('',(#4630),#4634);
#4630 = LINE('',#4631,#4632);
#4631 = CARTESIAN_POINT('',(0.,21.85));
#4632 = VECTOR('',#4633,1.);
#4633 = DIRECTION('',(1.,0.));
#4634 = ( GEOMETRIC_REPRESENTATION_CONTEXT(2) 
PARAMETRIC_REPRESENTATION_CONTEXT() REPRESENTATION_CONTEXT('2D SPACE',''
  ) );
#4635 = ORIENTED_EDGE('',*,*,#4394,.F.);
#4636 = ORIENTED_EDGE('',*,*,#2671,.T.);
#4637 = ORIENTED_EDGE('',*,*,#4638,.F.);
#4638 = EDGE_CURVE('',#4639,#2644,#4641,.T.);
#4639 = VERTEX_POINT('',#4640);
#4640 = CARTESIAN_POINT('',(22.164761515876,70.9,5.2));
#4641 = SURFACE_CURVE('',#4642,(#4647,#4654),.PCURVE_S1.);
#4642 = CIRCLE('',#4643,5.);
#4643 = AXIS2_PLACEMENT_3D('',#4644,#4645,#4646);
#4644 = CARTESIAN_POINT('',(17.5,70.9,7.));
#4645 = DIRECTION('',(0.,1.,-1.110223024625E-16));
#4646 = DIRECTION('',(0.,1.110223024625E-16,1.));
#4647 = PCURVE('',#2686,#4648);
#4648 = DEFINITIONAL_REPRESENTATION('',(#4649),#4653);
#4649 = CIRCLE('',#4650,5.);
#4650 = AXIS2_PLACEMENT_2D('',#4651,#4652);
#4651 = CARTESIAN_POINT('',(6.2,39.7));
#4652 = DIRECTION('',(1.,0.));
#4653 = ( GEOMETRIC_REPRESENTATION_CONTEXT(2) 
PARAMETRIC_REPRESENTATION_CONTEXT() REPRESENTATION_CONTEXT('2D SPACE',''
  ) );
#4654 = PCURVE('',#2659,#4655);
#4655 = DEFINITIONAL_REPRESENTATION('',(#4656),#4660);
#4656 = LINE('',#4657,#4658);
#4657 = CARTESIAN_POINT('',(0.,53.579491924311));
#4658 = VECTOR('',#4659,1.);
#4659 = DIRECTION('',(1.,0.));
#4660 = ( GEOMETRIC_REPRESENTATION_CONTEXT(2) 
PARAMETRIC_REPRESENTATION_CONTEXT() REPRESENTATION_CONTEXT('2D SPACE',''
  ) );
#4661 = ORIENTED_EDGE('',*,*,#4662,.T.);
#4662 = EDGE_CURVE('',#4639,#4532,#4663,.T.);
#4663 = SURFACE_CURVE('',#4664,(#4668,#4675),.PCURVE_S1.);
#4664 = LINE('',#4665,#4666);
#4665 = CARTESIAN_POINT('',(-22.2,70.9,5.2));
#4666 = VECTOR('',#4667,1.);
#4667 = DIRECTION('',(1.,0.,-0.));
#4668 = PCURVE('',#2686,#4669);
#4669 = DEFINITIONAL_REPRESENTATION('',(#4670),#4674);
#4670 = LINE('',#4671,#4672);
#4671 = CARTESIAN_POINT('',(4.4,0.));
#4672 = VECTOR('',#4673,1.);
#4673 = DIRECTION('',(0.,1.));
#4674 = ( GEOMETRIC_REPRESENTATION_CONTEXT(2) 
PARAMETRIC_REPRESENTATION_CONTEXT() REPRESENTATION_CONTEXT('2D SPACE',''
  ) );
#4675 = PCURVE('',#4676,#4681);
#4676 = PLANE('',#4677);
#4677 = AXIS2_PLACEMENT_3D('',#4678,#4679,#4680);
#4678 = CARTESIAN_POINT('',(-22.2,49.05,5.2));
#4679 = DIRECTION('',(0.,0.,1.));
#4680 = DIRECTION('',(1.,0.,-0.));
#4681 = DEFINITIONAL_REPRESENTATION('',(#4682),#4686);
#4682 = LINE('',#4683,#4684);
#4683 = CARTESIAN_POINT('',(0.,21.85));
#4684 = VECTOR('',#4685,1.);
#4685 = DIRECTION('',(1.,0.));
#4686 = ( GEOMETRIC_REPRESENTATION_CONTEXT(2) 
PARAMETRIC_REPRESENTATION_CONTEXT() REPRESENTATION_CONTEXT('2D SPACE',''
  ) );
#4687 = ADVANCED_FACE('',(#4688),#2659,.F.);
#4688 = FACE_BOUND('',#4689,.F.);
#4689 = EDGE_LOOP('',(#4690,#4713,#4786,#4809,#4833,#4859,#4888,#4907,
    #4908,#4909));
#4690 = ORIENTED_EDGE('',*,*,#4691,.F.);
#4691 = EDGE_CURVE('',#4692,#4075,#4694,.T.);
#4692 = VERTEX_POINT('',#4693);
#4693 = CARTESIAN_POINT('',(22.5,19.196152422707,7.));
#4694 = SURFACE_CURVE('',#4695,(#4699,#4706),.PCURVE_S1.);
#4695 = LINE('',#4696,#4697);
#4696 = CARTESIAN_POINT('',(22.5,17.320508075689,7.));
#4697 = VECTOR('',#4698,1.);
#4698 = DIRECTION('',(0.,1.,-1.110223024625E-16));
#4699 = PCURVE('',#2659,#4700);
#4700 = DEFINITIONAL_REPRESENTATION('',(#4701),#4705);
#4701 = LINE('',#4702,#4703);
#4702 = CARTESIAN_POINT('',(1.570796326795,0.));
#4703 = VECTOR('',#4704,1.);
#4704 = DIRECTION('',(0.,1.));
#4705 = ( GEOMETRIC_REPRESENTATION_CONTEXT(2) 
PARAMETRIC_REPRESENTATION_CONTEXT() REPRESENTATION_CONTEXT('2D SPACE',''
  ) );
#4706 = PCURVE('',#4114,#4707);
#4707 = DEFINITIONAL_REPRESENTATION('',(#4708),#4712);
#4708 = LINE('',#4709,#4710);
#4709 = CARTESIAN_POINT('',(12.937822173509,16.5));
#4710 = VECTOR('',#4711,1.);
#4711 = DIRECTION('',(-0.5,0.866025403784));
#4712 = ( GEOMETRIC_REPRESENTATION_CONTEXT(2) 
PARAMETRIC_REPRESENTATION_CONTEXT() REPRESENTATION_CONTEXT('2D SPACE',''
  ) );
#4713 = ORIENTED_EDGE('',*,*,#4714,.T.);
#4714 = EDGE_CURVE('',#4692,#4715,#4717,.T.);
#4715 = VERTEX_POINT('',#4716);
#4716 = CARTESIAN_POINT('',(17.5,17.856406460551,2.));
#4717 = SURFACE_CURVE('',#4718,(#4723,#4752),.PCURVE_S1.);
#4718 = ELLIPSE('',#4719,5.17638090205,5.);
#4719 = AXIS2_PLACEMENT_3D('',#4720,#4721,#4722);
#4720 = CARTESIAN_POINT('',(17.5,19.196152422707,7.));
#4721 = DIRECTION('',(0.,0.965925826289,-0.258819045103));
#4722 = DIRECTION('',(0.,-0.258819045103,-0.965925826289));
#4723 = PCURVE('',#2659,#4724);
#4724 = DEFINITIONAL_REPRESENTATION('',(#4725),#4751);
#4725 = B_SPLINE_CURVE_WITH_KNOTS('',3,(#4726,#4727,#4728,#4729,#4730,
    #4731,#4732,#4733,#4734,#4735,#4736,#4737,#4738,#4739,#4740,#4741,
    #4742,#4743,#4744,#4745,#4746,#4747,#4748,#4749,#4750),
  .UNSPECIFIED.,.F.,.F.,(4,1,1,1,1,1,1,1,1,1,1,1,1,1,1,1,1,1,1,1,1,1,4),
  (4.712388980385,4.783788813421,4.855188646457,4.926588479493,
    4.997988312529,5.069388145565,5.140787978601,5.212187811638,
    5.283587644674,5.35498747771,5.426387310746,5.497787143782,
    5.569186976818,5.640586809854,5.711986642891,5.783386475927,
    5.854786308963,5.926186141999,5.997585975035,6.068985808071,
    6.140385641107,6.211785474143,6.28318530718),.QUASI_UNIFORM_KNOTS.);
#4726 = CARTESIAN_POINT('',(1.570796326795,1.875644347018));
#4727 = CARTESIAN_POINT('',(1.59459627114,1.84375821953));
#4728 = CARTESIAN_POINT('',(1.642196159831,1.779986840134));
#4729 = CARTESIAN_POINT('',(1.713595992867,1.684816516534));
#4730 = CARTESIAN_POINT('',(1.784995825903,1.590618796248));
#4731 = CARTESIAN_POINT('',(1.856395658939,1.497873450344));
#4732 = CARTESIAN_POINT('',(1.927795491976,1.407053151866));
#4733 = CARTESIAN_POINT('',(1.999195325012,1.318620683083));
#4734 = CARTESIAN_POINT('',(2.070595158048,1.233026680181));
#4735 = CARTESIAN_POINT('',(2.141994991084,1.150707309348));
#4736 = CARTESIAN_POINT('',(2.21339482412,1.072082051558));
#4737 = CARTESIAN_POINT('',(2.284794657156,0.997551563014));
#4738 = CARTESIAN_POINT('',(2.356194490192,0.927495634029));
#4739 = CARTESIAN_POINT('',(2.427594323228,0.862271253533));
#4740 = CARTESIAN_POINT('',(2.498994156265,0.802210790094));
#4741 = CARTESIAN_POINT('',(2.570393989301,0.747620297794));
#4742 = CARTESIAN_POINT('',(2.641793822337,0.69877795828));
#4743 = CARTESIAN_POINT('',(2.713193655373,0.655932657145));
#4744 = CARTESIAN_POINT('',(2.784593488409,0.619302738303));
#4745 = CARTESIAN_POINT('',(2.855993321445,0.589074806882));
#4746 = CARTESIAN_POINT('',(2.927393154481,0.565403093575));
#4747 = CARTESIAN_POINT('',(2.998792987518,0.548407492218));
#4748 = CARTESIAN_POINT('',(3.070192820554,0.53817733957));
#4749 = CARTESIAN_POINT('',(3.117792709244,0.535895495626));
#4750 = CARTESIAN_POINT('',(3.14159265359,0.535898384862));
#4751 = ( GEOMETRIC_REPRESENTATION_CONTEXT(2) 
PARAMETRIC_REPRESENTATION_CONTEXT() REPRESENTATION_CONTEXT('2D SPACE',''
  ) );
#4752 = PCURVE('',#4753,#4758);
#4753 = CYLINDRICAL_SURFACE('',#4754,5.);
#4754 = AXIS2_PLACEMENT_3D('',#4755,#4756,#4757);
#4755 = CARTESIAN_POINT('',(17.5,3.5,16.062177826491));
#4756 = DIRECTION('',(0.,0.866025403784,-0.5));
#4757 = DIRECTION('',(0.,0.5,0.866025403784));
#4758 = DEFINITIONAL_REPRESENTATION('',(#4759),#4785);
#4759 = B_SPLINE_CURVE_WITH_KNOTS('',3,(#4760,#4761,#4762,#4763,#4764,
    #4765,#4766,#4767,#4768,#4769,#4770,#4771,#4772,#4773,#4774,#4775,
    #4776,#4777,#4778,#4779,#4780,#4781,#4782,#4783,#4784),
  .UNSPECIFIED.,.F.,.F.,(4,1,1,1,1,1,1,1,1,1,1,1,1,1,1,1,1,1,1,1,1,1,4),
  (4.712388980385,4.783788813421,4.855188646457,4.926588479493,
    4.997988312529,5.069388145565,5.140787978601,5.212187811638,
    5.283587644674,5.35498747771,5.426387310746,5.497787143782,
    5.569186976818,5.640586809854,5.711986642891,5.783386475927,
    5.854786308963,5.926186141999,5.997585975035,6.068985808071,
    6.140385641107,6.211785474143,6.28318530718),.QUASI_UNIFORM_KNOTS.);
#4760 = CARTESIAN_POINT('',(1.570796326795,18.124355652982));
#4761 = CARTESIAN_POINT('',(1.59459627114,18.15624178047));
#4762 = CARTESIAN_POINT('',(1.642196159831,18.220013159865));
#4763 = CARTESIAN_POINT('',(1.713595992867,18.315183483466));
#4764 = CARTESIAN_POINT('',(1.784995825903,18.409381203752));
#4765 = CARTESIAN_POINT('',(1.856395658939,18.502126549656));
#4766 = CARTESIAN_POINT('',(1.927795491976,18.592946848134));
#4767 = CARTESIAN_POINT('',(1.999195325012,18.681379316917));
#4768 = CARTESIAN_POINT('',(2.070595158048,18.766973319819));
#4769 = CARTESIAN_POINT('',(2.141994991084,18.849292690652));
#4770 = CARTESIAN_POINT('',(2.21339482412,18.927917948442));
#4771 = CARTESIAN_POINT('',(2.284794657156,19.002448436986));
#4772 = CARTESIAN_POINT('',(2.356194490192,19.072504365971));
#4773 = CARTESIAN_POINT('',(2.427594323228,19.137728746467));
#4774 = CARTESIAN_POINT('',(2.498994156265,19.197789209906));
#4775 = CARTESIAN_POINT('',(2.570393989301,19.252379702206));
#4776 = CARTESIAN_POINT('',(2.641793822337,19.30122204172));
#4777 = CARTESIAN_POINT('',(2.713193655373,19.344067342854));
#4778 = CARTESIAN_POINT('',(2.784593488409,19.380697261697));
#4779 = CARTESIAN_POINT('',(2.855993321445,19.410925193118));
#4780 = CARTESIAN_POINT('',(2.927393154481,19.434596906425));
#4781 = CARTESIAN_POINT('',(2.998792987518,19.451592507782));
#4782 = CARTESIAN_POINT('',(3.070192820554,19.46182266043));
#4783 = CARTESIAN_POINT('',(3.117792709244,19.464104504374));
#4784 = CARTESIAN_POINT('',(3.14159265359,19.464101615138));
#4785 = ( GEOMETRIC_REPRESENTATION_CONTEXT(2) 
PARAMETRIC_REPRESENTATION_CONTEXT() REPRESENTATION_CONTEXT('2D SPACE',''
  ) );
#4786 = ORIENTED_EDGE('',*,*,#4787,.T.);
#4787 = EDGE_CURVE('',#4715,#4788,#4790,.T.);
#4788 = VERTEX_POINT('',#4789);
#4789 = CARTESIAN_POINT('',(17.5,34.4,2.));
#4790 = SURFACE_CURVE('',#4791,(#4795,#4802),.PCURVE_S1.);
#4791 = LINE('',#4792,#4793);
#4792 = CARTESIAN_POINT('',(17.5,17.320508075689,2.));
#4793 = VECTOR('',#4794,1.);
#4794 = DIRECTION('',(0.,1.,-1.110223024625E-16));
#4795 = PCURVE('',#2659,#4796);
#4796 = DEFINITIONAL_REPRESENTATION('',(#4797),#4801);
#4797 = LINE('',#4798,#4799);
#4798 = CARTESIAN_POINT('',(3.14159265359,-2.6645352591E-15));
#4799 = VECTOR('',#4800,1.);
#4800 = DIRECTION('',(0.,1.));
#4801 = ( GEOMETRIC_REPRESENTATION_CONTEXT(2) 
PARAMETRIC_REPRESENTATION_CONTEXT() REPRESENTATION_CONTEXT('2D SPACE',''
  ) );
#4802 = PCURVE('',#4286,#4803);
#4803 = DEFINITIONAL_REPRESENTATION('',(#4804),#4808);
#4804 = LINE('',#4805,#4806);
#4805 = CARTESIAN_POINT('',(1.183291357832E-30,17.5));
#4806 = VECTOR('',#4807,1.);
#4807 = DIRECTION('',(1.,6.603188380756E-32));
#4808 = ( GEOMETRIC_REPRESENTATION_CONTEXT(2) 
PARAMETRIC_REPRESENTATION_CONTEXT() REPRESENTATION_CONTEXT('2D SPACE',''
  ) );
#4809 = ORIENTED_EDGE('',*,*,#4810,.F.);
#4810 = EDGE_CURVE('',#4811,#4788,#4813,.T.);
#4811 = VERTEX_POINT('',#4812);
#4812 = CARTESIAN_POINT('',(20.5,34.4,3.));
#4813 = SURFACE_CURVE('',#4814,(#4819,#4826),.PCURVE_S1.);
#4814 = CIRCLE('',#4815,5.);
#4815 = AXIS2_PLACEMENT_3D('',#4816,#4817,#4818);
#4816 = CARTESIAN_POINT('',(17.5,34.4,7.));
#4817 = DIRECTION('',(0.,1.,-1.110223024625E-16));
#4818 = DIRECTION('',(0.,1.110223024625E-16,1.));
#4819 = PCURVE('',#2659,#4820);
#4820 = DEFINITIONAL_REPRESENTATION('',(#4821),#4825);
#4821 = LINE('',#4822,#4823);
#4822 = CARTESIAN_POINT('',(0.,17.079491924311));
#4823 = VECTOR('',#4824,1.);
#4824 = DIRECTION('',(1.,0.));
#4825 = ( GEOMETRIC_REPRESENTATION_CONTEXT(2) 
PARAMETRIC_REPRESENTATION_CONTEXT() REPRESENTATION_CONTEXT('2D SPACE',''
  ) );
#4826 = PCURVE('',#4514,#4827);
#4827 = DEFINITIONAL_REPRESENTATION('',(#4828),#4832);
#4828 = CIRCLE('',#4829,5.);
#4829 = AXIS2_PLACEMENT_2D('',#4830,#4831);
#4830 = CARTESIAN_POINT('',(13.4,38.));
#4831 = DIRECTION('',(1.,0.));
#4832 = ( GEOMETRIC_REPRESENTATION_CONTEXT(2) 
PARAMETRIC_REPRESENTATION_CONTEXT() REPRESENTATION_CONTEXT('2D SPACE',''
  ) );
#4833 = ORIENTED_EDGE('',*,*,#4834,.T.);
#4834 = EDGE_CURVE('',#4811,#4835,#4837,.T.);
#4835 = VERTEX_POINT('',#4836);
#4836 = CARTESIAN_POINT('',(20.5,49.05,3.));
#4837 = SURFACE_CURVE('',#4838,(#4842,#4848),.PCURVE_S1.);
#4838 = LINE('',#4839,#4840);
#4839 = CARTESIAN_POINT('',(20.5,17.320508075689,3.));
#4840 = VECTOR('',#4841,1.);
#4841 = DIRECTION('',(0.,1.,-1.110223024625E-16));
#4842 = PCURVE('',#2659,#4843);
#4843 = DEFINITIONAL_REPRESENTATION('',(#4844),#4847);
#4844 = B_SPLINE_CURVE_WITH_KNOTS('',1,(#4845,#4846),.UNSPECIFIED.,.F.,
  .F.,(2,2),(13.669491924311,53.8000006),.PIECEWISE_BEZIER_KNOTS.);
#4845 = CARTESIAN_POINT('',(2.498091544797,13.669491924311));
#4846 = CARTESIAN_POINT('',(2.498091544797,53.8000006));
#4847 = ( GEOMETRIC_REPRESENTATION_CONTEXT(2) 
PARAMETRIC_REPRESENTATION_CONTEXT() REPRESENTATION_CONTEXT('2D SPACE',''
  ) );
#4848 = PCURVE('',#4849,#4854);
#4849 = PLANE('',#4850);
#4850 = AXIS2_PLACEMENT_3D('',#4851,#4852,#4853);
#4851 = CARTESIAN_POINT('',(20.5,34.4,-6.4));
#4852 = DIRECTION('',(1.,0.,-0.));
#4853 = DIRECTION('',(0.,0.,1.));
#4854 = DEFINITIONAL_REPRESENTATION('',(#4855),#4858);
#4855 = B_SPLINE_CURVE_WITH_KNOTS('',1,(#4856,#4857),.UNSPECIFIED.,.F.,
  .F.,(2,2),(13.669491924311,53.8000006),.PIECEWISE_BEZIER_KNOTS.);
#4856 = CARTESIAN_POINT('',(9.4,3.41));
#4857 = CARTESIAN_POINT('',(9.4,-36.72050867568));
#4858 = ( GEOMETRIC_REPRESENTATION_CONTEXT(2) 
PARAMETRIC_REPRESENTATION_CONTEXT() REPRESENTATION_CONTEXT('2D SPACE',''
  ) );
#4859 = ORIENTED_EDGE('',*,*,#4860,.F.);
#4860 = EDGE_CURVE('',#4861,#4835,#4863,.T.);
#4861 = VERTEX_POINT('',#4862);
#4862 = CARTESIAN_POINT('',(22.164761515876,49.05,5.2));
#4863 = SURFACE_CURVE('',#4864,(#4869,#4876),.PCURVE_S1.);
#4864 = CIRCLE('',#4865,5.);
#4865 = AXIS2_PLACEMENT_3D('',#4866,#4867,#4868);
#4866 = CARTESIAN_POINT('',(17.5,49.05,7.));
#4867 = DIRECTION('',(0.,1.,-1.110223024625E-16));
#4868 = DIRECTION('',(0.,1.110223024625E-16,1.));
#4869 = PCURVE('',#2659,#4870);
#4870 = DEFINITIONAL_REPRESENTATION('',(#4871),#4875);
#4871 = LINE('',#4872,#4873);
#4872 = CARTESIAN_POINT('',(0.,31.729491924311));
#4873 = VECTOR('',#4874,1.);
#4874 = DIRECTION('',(1.,0.));
#4875 = ( GEOMETRIC_REPRESENTATION_CONTEXT(2) 
PARAMETRIC_REPRESENTATION_CONTEXT() REPRESENTATION_CONTEXT('2D SPACE',''
  ) );
#4876 = PCURVE('',#4877,#4882);
#4877 = PLANE('',#4878);
#4878 = AXIS2_PLACEMENT_3D('',#4879,#4880,#4881);
#4879 = CARTESIAN_POINT('',(-22.2,49.05,0.8));
#4880 = DIRECTION('',(-0.,1.,0.));
#4881 = DIRECTION('',(0.,0.,1.));
#4882 = DEFINITIONAL_REPRESENTATION('',(#4883),#4887);
#4883 = CIRCLE('',#4884,5.);
#4884 = AXIS2_PLACEMENT_2D('',#4885,#4886);
#4885 = CARTESIAN_POINT('',(6.2,39.7));
#4886 = DIRECTION('',(1.,0.));
#4887 = ( GEOMETRIC_REPRESENTATION_CONTEXT(2) 
PARAMETRIC_REPRESENTATION_CONTEXT() REPRESENTATION_CONTEXT('2D SPACE',''
  ) );
#4888 = ORIENTED_EDGE('',*,*,#4889,.T.);
#4889 = EDGE_CURVE('',#4861,#4639,#4890,.T.);
#4890 = SURFACE_CURVE('',#4891,(#4895,#4901),.PCURVE_S1.);
#4891 = LINE('',#4892,#4893);
#4892 = CARTESIAN_POINT('',(22.164761515876,17.320508075689,5.2));
#4893 = VECTOR('',#4894,1.);
#4894 = DIRECTION('',(0.,1.,-1.110223024625E-16));
#4895 = PCURVE('',#2659,#4896);
#4896 = DEFINITIONAL_REPRESENTATION('',(#4897),#4900);
#4897 = B_SPLINE_CURVE_WITH_KNOTS('',1,(#4898,#4899),.UNSPECIFIED.,.F.,
  .F.,(2,2),(29.544491924311,53.8000006),.PIECEWISE_BEZIER_KNOTS.);
#4898 = CARTESIAN_POINT('',(1.939064220232,29.544491924311));
#4899 = CARTESIAN_POINT('',(1.939064220232,53.8000006));
#4900 = ( GEOMETRIC_REPRESENTATION_CONTEXT(2) 
PARAMETRIC_REPRESENTATION_CONTEXT() REPRESENTATION_CONTEXT('2D SPACE',''
  ) );
#4901 = PCURVE('',#4676,#4902);
#4902 = DEFINITIONAL_REPRESENTATION('',(#4903),#4906);
#4903 = B_SPLINE_CURVE_WITH_KNOTS('',1,(#4904,#4905),.UNSPECIFIED.,.F.,
  .F.,(2,2),(29.544491924311,53.8000006),.PIECEWISE_BEZIER_KNOTS.);
#4904 = CARTESIAN_POINT('',(44.364761515876,-2.185));
#4905 = CARTESIAN_POINT('',(44.364761515876,22.070508675689));
#4906 = ( GEOMETRIC_REPRESENTATION_CONTEXT(2) 
PARAMETRIC_REPRESENTATION_CONTEXT() REPRESENTATION_CONTEXT('2D SPACE',''
  ) );
#4907 = ORIENTED_EDGE('',*,*,#4638,.T.);
#4908 = ORIENTED_EDGE('',*,*,#2643,.T.);
#4909 = ORIENTED_EDGE('',*,*,#4074,.T.);
#4910 = ADVANCED_FACE('',(#4911),#2861,.T.);
#4911 = FACE_BOUND('',#4912,.T.);
#4912 = EDGE_LOOP('',(#4913,#4937,#4938,#4939));
#4913 = ORIENTED_EDGE('',*,*,#4914,.T.);
#4914 = EDGE_CURVE('',#4915,#2845,#4917,.T.);
#4915 = VERTEX_POINT('',#4916);
#4916 = CARTESIAN_POINT('',(-17.5,18.5,42.042939940024));
#4917 = SURFACE_CURVE('',#4918,(#4923,#4930),.PCURVE_S1.);
#4918 = CIRCLE('',#4919,1.);
#4919 = AXIS2_PLACEMENT_3D('',#4920,#4921,#4922);
#4920 = CARTESIAN_POINT('',(-17.5,19.366025403784,41.542939940024));
#4921 = DIRECTION('',(-1.,0.,0.));
#4922 = DIRECTION('',(0.,0.5,0.866025403784));
#4923 = PCURVE('',#2861,#4924);
#4924 = DEFINITIONAL_REPRESENTATION('',(#4925),#4929);
#4925 = LINE('',#4926,#4927);
#4926 = CARTESIAN_POINT('',(3.14159265359,6.28318530718));
#4927 = VECTOR('',#4928,1.);
#4928 = DIRECTION('',(0.,-1.));
#4929 = ( GEOMETRIC_REPRESENTATION_CONTEXT(2) 
PARAMETRIC_REPRESENTATION_CONTEXT() REPRESENTATION_CONTEXT('2D SPACE',''
  ) );
#4930 = PCURVE('',#3412,#4931);
#4931 = DEFINITIONAL_REPRESENTATION('',(#4932),#4936);
#4932 = LINE('',#4933,#4934);
#4933 = CARTESIAN_POINT('',(9.424777960769,-17.5));
#4934 = VECTOR('',#4935,1.);
#4935 = DIRECTION('',(-1.,0.));
#4936 = ( GEOMETRIC_REPRESENTATION_CONTEXT(2) 
PARAMETRIC_REPRESENTATION_CONTEXT() REPRESENTATION_CONTEXT('2D SPACE',''
  ) );
#4937 = ORIENTED_EDGE('',*,*,#2844,.T.);
#4938 = ORIENTED_EDGE('',*,*,#2898,.F.);
#4939 = ORIENTED_EDGE('',*,*,#4940,.F.);
#4940 = EDGE_CURVE('',#4915,#2899,#4941,.T.);
#4941 = SURFACE_CURVE('',#4942,(#4947,#4954),.PCURVE_S1.);
#4942 = CIRCLE('',#4943,6.);
#4943 = AXIS2_PLACEMENT_3D('',#4944,#4945,#4946);
#4944 = CARTESIAN_POINT('',(-17.5,15.5,36.846787517318));
#4945 = DIRECTION('',(0.,-0.866025403784,0.5));
#4946 = DIRECTION('',(0.,-0.5,-0.866025403784));
#4947 = PCURVE('',#2861,#4948);
#4948 = DEFINITIONAL_REPRESENTATION('',(#4949),#4953);
#4949 = LINE('',#4950,#4951);
#4950 = CARTESIAN_POINT('',(0.,1.570796326795));
#4951 = VECTOR('',#4952,1.);
#4952 = DIRECTION('',(1.,0.));
#4953 = ( GEOMETRIC_REPRESENTATION_CONTEXT(2) 
PARAMETRIC_REPRESENTATION_CONTEXT() REPRESENTATION_CONTEXT('2D SPACE',''
  ) );
#4954 = PCURVE('',#2966,#4955);
#4955 = DEFINITIONAL_REPRESENTATION('',(#4956),#4960);
#4956 = CIRCLE('',#4957,6.);
#4957 = AXIS2_PLACEMENT_2D('',#4958,#4959);
#4958 = CARTESIAN_POINT('',(-17.5,12.));
#4959 = DIRECTION('',(0.,-1.));
#4960 = ( GEOMETRIC_REPRESENTATION_CONTEXT(2) 
PARAMETRIC_REPRESENTATION_CONTEXT() REPRESENTATION_CONTEXT('2D SPACE',''
  ) );
#4961 = ADVANCED_FACE('',(#4962),#2940,.T.);
#4962 = FACE_BOUND('',#4963,.T.);
#4963 = EDGE_LOOP('',(#4964,#4993,#5015,#5016));
#4964 = ORIENTED_EDGE('',*,*,#4965,.T.);
#4965 = EDGE_CURVE('',#2982,#4966,#4968,.T.);
#4966 = VERTEX_POINT('',#4967);
#4967 = CARTESIAN_POINT('',(-17.5,0.5,10.866025403784));
#4968 = SURFACE_CURVE('',#4969,(#4974,#4981),.PCURVE_S1.);
#4969 = CIRCLE('',#4970,1.);
#4970 = AXIS2_PLACEMENT_3D('',#4971,#4972,#4973);
#4971 = CARTESIAN_POINT('',(-17.5,1.366025403784,10.366025403784));
#4972 = DIRECTION('',(-1.,0.,0.));
#4973 = DIRECTION('',(0.,0.5,0.866025403784));
#4974 = PCURVE('',#2940,#4975);
#4975 = DEFINITIONAL_REPRESENTATION('',(#4976),#4980);
#4976 = LINE('',#4977,#4978);
#4977 = CARTESIAN_POINT('',(6.28318530718,-3.14159265359));
#4978 = VECTOR('',#4979,1.);
#4979 = DIRECTION('',(0.,1.));
#4980 = ( GEOMETRIC_REPRESENTATION_CONTEXT(2) 
PARAMETRIC_REPRESENTATION_CONTEXT() REPRESENTATION_CONTEXT('2D SPACE',''
  ) );
#4981 = PCURVE('',#4982,#4987);
#4982 = CYLINDRICAL_SURFACE('',#4983,1.);
#4983 = AXIS2_PLACEMENT_3D('',#4984,#4985,#4986);
#4984 = CARTESIAN_POINT('',(4.440892098501E-15,1.366025403784,
    10.366025403784));
#4985 = DIRECTION('',(-1.,2.973811673103E-16,5.150792909956E-16));
#4986 = DIRECTION('',(5.947623346206E-16,0.5,0.866025403784));
#4987 = DEFINITIONAL_REPRESENTATION('',(#4988),#4992);
#4988 = LINE('',#4989,#4990);
#4989 = CARTESIAN_POINT('',(0.,17.5));
#4990 = VECTOR('',#4991,1.);
#4991 = DIRECTION('',(1.,0.));
#4992 = ( GEOMETRIC_REPRESENTATION_CONTEXT(2) 
PARAMETRIC_REPRESENTATION_CONTEXT() REPRESENTATION_CONTEXT('2D SPACE',''
  ) );
#4993 = ORIENTED_EDGE('',*,*,#4994,.F.);
#4994 = EDGE_CURVE('',#2924,#4966,#4995,.T.);
#4995 = SURFACE_CURVE('',#4996,(#5001,#5008),.PCURVE_S1.);
#4996 = CIRCLE('',#4997,6.);
#4997 = AXIS2_PLACEMENT_3D('',#4998,#4999,#5000);
#4998 = CARTESIAN_POINT('',(-17.5,3.5,16.062177826491));
#4999 = DIRECTION('',(0.,-0.866025403784,0.5));
#5000 = DIRECTION('',(0.,-0.5,-0.866025403784));
#5001 = PCURVE('',#2940,#5002);
#5002 = DEFINITIONAL_REPRESENTATION('',(#5003),#5007);
#5003 = LINE('',#5004,#5005);
#5004 = CARTESIAN_POINT('',(0.,1.570796326795));
#5005 = VECTOR('',#5006,1.);
#5006 = DIRECTION('',(1.,0.));
#5007 = ( GEOMETRIC_REPRESENTATION_CONTEXT(2) 
PARAMETRIC_REPRESENTATION_CONTEXT() REPRESENTATION_CONTEXT('2D SPACE',''
  ) );
#5008 = PCURVE('',#2966,#5009);
#5009 = DEFINITIONAL_REPRESENTATION('',(#5010),#5014);
#5010 = CIRCLE('',#5011,6.);
#5011 = AXIS2_PLACEMENT_2D('',#5012,#5013);
#5012 = CARTESIAN_POINT('',(-17.5,-12.));
#5013 = DIRECTION('',(0.,-1.));
#5014 = ( GEOMETRIC_REPRESENTATION_CONTEXT(2) 
PARAMETRIC_REPRESENTATION_CONTEXT() REPRESENTATION_CONTEXT('2D SPACE',''
  ) );
#5015 = ORIENTED_EDGE('',*,*,#2923,.T.);
#5016 = ORIENTED_EDGE('',*,*,#3011,.T.);
#5017 = ADVANCED_FACE('',(#5018,#5114),#2966,.T.);
#5018 = FACE_BOUND('',#5019,.T.);
#5019 = EDGE_LOOP('',(#5020,#5021,#5022,#5045,#5067,#5068,#5092,#5113));
#5020 = ORIENTED_EDGE('',*,*,#2952,.F.);
#5021 = ORIENTED_EDGE('',*,*,#4994,.T.);
#5022 = ORIENTED_EDGE('',*,*,#5023,.F.);
#5023 = EDGE_CURVE('',#5024,#4966,#5026,.T.);
#5024 = VERTEX_POINT('',#5025);
#5025 = CARTESIAN_POINT('',(17.5,0.5,10.866025403784));
#5026 = SURFACE_CURVE('',#5027,(#5031,#5038),.PCURVE_S1.);
#5027 = LINE('',#5028,#5029);
#5028 = CARTESIAN_POINT('',(-1.06581410364E-14,0.5,10.866025403784));
#5029 = VECTOR('',#5030,1.);
#5030 = DIRECTION('',(-1.,2.973811673103E-16,5.150792909956E-16));
#5031 = PCURVE('',#2966,#5032);
#5032 = DEFINITIONAL_REPRESENTATION('',(#5033),#5037);
#5033 = LINE('',#5034,#5035);
#5034 = CARTESIAN_POINT('',(-1.06581410364E-14,-18.));
#5035 = VECTOR('',#5036,1.);
#5036 = DIRECTION('',(-1.,5.947623346206E-16));
#5037 = ( GEOMETRIC_REPRESENTATION_CONTEXT(2) 
PARAMETRIC_REPRESENTATION_CONTEXT() REPRESENTATION_CONTEXT('2D SPACE',''
  ) );
#5038 = PCURVE('',#4982,#5039);
#5039 = DEFINITIONAL_REPRESENTATION('',(#5040),#5044);
#5040 = LINE('',#5041,#5042);
#5041 = CARTESIAN_POINT('',(4.712388980385,1.42108547152E-14));
#5042 = VECTOR('',#5043,1.);
#5043 = DIRECTION('',(0.,1.));
#5044 = ( GEOMETRIC_REPRESENTATION_CONTEXT(2) 
PARAMETRIC_REPRESENTATION_CONTEXT() REPRESENTATION_CONTEXT('2D SPACE',''
  ) );
#5045 = ORIENTED_EDGE('',*,*,#5046,.T.);
#5046 = EDGE_CURVE('',#5024,#4024,#5047,.T.);
#5047 = SURFACE_CURVE('',#5048,(#5053,#5060),.PCURVE_S1.);
#5048 = CIRCLE('',#5049,6.);
#5049 = AXIS2_PLACEMENT_3D('',#5050,#5051,#5052);
#5050 = CARTESIAN_POINT('',(17.5,3.5,16.062177826491));
#5051 = DIRECTION('',(0.,-0.866025403784,0.5));
#5052 = DIRECTION('',(0.,-0.5,-0.866025403784));
#5053 = PCURVE('',#2966,#5054);
#5054 = DEFINITIONAL_REPRESENTATION('',(#5055),#5059);
#5055 = CIRCLE('',#5056,6.);
#5056 = AXIS2_PLACEMENT_2D('',#5057,#5058);
#5057 = CARTESIAN_POINT('',(17.5,-12.));
#5058 = DIRECTION('',(0.,-1.));
#5059 = ( GEOMETRIC_REPRESENTATION_CONTEXT(2) 
PARAMETRIC_REPRESENTATION_CONTEXT() REPRESENTATION_CONTEXT('2D SPACE',''
  ) );
#5060 = PCURVE('',#3962,#5061);
#5061 = DEFINITIONAL_REPRESENTATION('',(#5062),#5066);
#5062 = LINE('',#5063,#5064);
#5063 = CARTESIAN_POINT('',(0.,1.570796326795));
#5064 = VECTOR('',#5065,1.);
#5065 = DIRECTION('',(1.,0.));
#5066 = ( GEOMETRIC_REPRESENTATION_CONTEXT(2) 
PARAMETRIC_REPRESENTATION_CONTEXT() REPRESENTATION_CONTEXT('2D SPACE',''
  ) );
#5067 = ORIENTED_EDGE('',*,*,#4023,.F.);
#5068 = ORIENTED_EDGE('',*,*,#5069,.T.);
#5069 = EDGE_CURVE('',#4000,#5070,#5072,.T.);
#5070 = VERTEX_POINT('',#5071);
#5071 = CARTESIAN_POINT('',(17.5,18.5,42.042939940024));
#5072 = SURFACE_CURVE('',#5073,(#5078,#5085),.PCURVE_S1.);
#5073 = CIRCLE('',#5074,6.);
#5074 = AXIS2_PLACEMENT_3D('',#5075,#5076,#5077);
#5075 = CARTESIAN_POINT('',(17.5,15.5,36.846787517318));
#5076 = DIRECTION('',(0.,-0.866025403784,0.5));
#5077 = DIRECTION('',(0.,-0.5,-0.866025403784));
#5078 = PCURVE('',#2966,#5079);
#5079 = DEFINITIONAL_REPRESENTATION('',(#5080),#5084);
#5080 = CIRCLE('',#5081,6.);
#5081 = AXIS2_PLACEMENT_2D('',#5082,#5083);
#5082 = CARTESIAN_POINT('',(17.5,12.));
#5083 = DIRECTION('',(0.,-1.));
#5084 = ( GEOMETRIC_REPRESENTATION_CONTEXT(2) 
PARAMETRIC_REPRESENTATION_CONTEXT() REPRESENTATION_CONTEXT('2D SPACE',''
  ) );
#5085 = PCURVE('',#3856,#5086);
#5086 = DEFINITIONAL_REPRESENTATION('',(#5087),#5091);
#5087 = LINE('',#5088,#5089);
#5088 = CARTESIAN_POINT('',(0.,1.570796326795));
#5089 = VECTOR('',#5090,1.);
#5090 = DIRECTION('',(1.,0.));
#5091 = ( GEOMETRIC_REPRESENTATION_CONTEXT(2) 
PARAMETRIC_REPRESENTATION_CONTEXT() REPRESENTATION_CONTEXT('2D SPACE',''
  ) );
#5092 = ORIENTED_EDGE('',*,*,#5093,.F.);
#5093 = EDGE_CURVE('',#4915,#5070,#5094,.T.);
#5094 = SURFACE_CURVE('',#5095,(#5099,#5106),.PCURVE_S1.);
#5095 = LINE('',#5096,#5097);
#5096 = CARTESIAN_POINT('',(1.06581410364E-14,18.5,42.042939940024));
#5097 = VECTOR('',#5098,1.);
#5098 = DIRECTION('',(1.,-2.973811673103E-16,-5.150792909956E-16));
#5099 = PCURVE('',#2966,#5100);
#5100 = DEFINITIONAL_REPRESENTATION('',(#5101),#5105);
#5101 = LINE('',#5102,#5103);
#5102 = CARTESIAN_POINT('',(1.06581410364E-14,18.));
#5103 = VECTOR('',#5104,1.);
#5104 = DIRECTION('',(1.,-5.947623346206E-16));
#5105 = ( GEOMETRIC_REPRESENTATION_CONTEXT(2) 
PARAMETRIC_REPRESENTATION_CONTEXT() REPRESENTATION_CONTEXT('2D SPACE',''
  ) );
#5106 = PCURVE('',#3412,#5107);
#5107 = DEFINITIONAL_REPRESENTATION('',(#5108),#5112);
#5108 = LINE('',#5109,#5110);
#5109 = CARTESIAN_POINT('',(4.712388980385,1.06581410364E-14));
#5110 = VECTOR('',#5111,1.);
#5111 = DIRECTION('',(0.,1.));
#5112 = ( GEOMETRIC_REPRESENTATION_CONTEXT(2) 
PARAMETRIC_REPRESENTATION_CONTEXT() REPRESENTATION_CONTEXT('2D SPACE',''
  ) );
#5113 = ORIENTED_EDGE('',*,*,#4940,.T.);
#5114 = FACE_BOUND('',#5115,.T.);
#5115 = EDGE_LOOP('',(#5116,#5146,#5175,#5203,#5232,#5260,#5289,#5317));
#5116 = ORIENTED_EDGE('',*,*,#5117,.F.);
#5117 = EDGE_CURVE('',#5118,#5120,#5122,.T.);
#5118 = VERTEX_POINT('',#5119);
#5119 = CARTESIAN_POINT('',(-23.3,15.5,36.846787517318));
#5120 = VERTEX_POINT('',#5121);
#5121 = CARTESIAN_POINT('',(-23.3,3.5,16.062177826491));
#5122 = SURFACE_CURVE('',#5123,(#5127,#5134),.PCURVE_S1.);
#5123 = LINE('',#5124,#5125);
#5124 = CARTESIAN_POINT('',(-23.3,9.5,26.454482671904));
#5125 = VECTOR('',#5126,1.);
#5126 = DIRECTION('',(-5.782411586589E-16,-0.5,-0.866025403784));
#5127 = PCURVE('',#2966,#5128);
#5128 = DEFINITIONAL_REPRESENTATION('',(#5129),#5133);
#5129 = LINE('',#5130,#5131);
#5130 = CARTESIAN_POINT('',(-23.3,-2.30755522366E-15));
#5131 = VECTOR('',#5132,1.);
#5132 = DIRECTION('',(-5.782411586589E-16,-1.));
#5133 = ( GEOMETRIC_REPRESENTATION_CONTEXT(2) 
PARAMETRIC_REPRESENTATION_CONTEXT() REPRESENTATION_CONTEXT('2D SPACE',''
  ) );
#5134 = PCURVE('',#5135,#5140);
#5135 = PLANE('',#5136);
#5136 = AXIS2_PLACEMENT_3D('',#5137,#5138,#5139);
#5137 = CARTESIAN_POINT('',(-23.3,10.799038105677,25.704482671904));
#5138 = DIRECTION('',(-1.,2.891205793295E-16,5.007715329124E-16));
#5139 = DIRECTION('',(5.782411586589E-16,0.5,0.866025403784));
#5140 = DEFINITIONAL_REPRESENTATION('',(#5141),#5145);
#5141 = LINE('',#5142,#5143);
#5142 = CARTESIAN_POINT('',(1.110223024625E-16,-1.5));
#5143 = VECTOR('',#5144,1.);
#5144 = DIRECTION('',(-1.,0.));
#5145 = ( GEOMETRIC_REPRESENTATION_CONTEXT(2) 
PARAMETRIC_REPRESENTATION_CONTEXT() REPRESENTATION_CONTEXT('2D SPACE',''
  ) );
#5146 = ORIENTED_EDGE('',*,*,#5147,.F.);
#5147 = EDGE_CURVE('',#5148,#5118,#5150,.T.);
#5148 = VERTEX_POINT('',#5149);
#5149 = CARTESIAN_POINT('',(-17.5,18.4,41.869734859267));
#5150 = SURFACE_CURVE('',#5151,(#5156,#5163),.PCURVE_S1.);
#5151 = CIRCLE('',#5152,5.8);
#5152 = AXIS2_PLACEMENT_3D('',#5153,#5154,#5155);
#5153 = CARTESIAN_POINT('',(-17.5,15.5,36.846787517318));
#5154 = DIRECTION('',(0.,-0.866025403784,0.5));
#5155 = DIRECTION('',(0.,-0.5,-0.866025403784));
#5156 = PCURVE('',#2966,#5157);
#5157 = DEFINITIONAL_REPRESENTATION('',(#5158),#5162);
#5158 = CIRCLE('',#5159,5.8);
#5159 = AXIS2_PLACEMENT_2D('',#5160,#5161);
#5160 = CARTESIAN_POINT('',(-17.5,12.));
#5161 = DIRECTION('',(0.,-1.));
#5162 = ( GEOMETRIC_REPRESENTATION_CONTEXT(2) 
PARAMETRIC_REPRESENTATION_CONTEXT() REPRESENTATION_CONTEXT('2D SPACE',''
  ) );
#5163 = PCURVE('',#5164,#5169);
#5164 = CYLINDRICAL_SURFACE('',#5165,5.8);
#5165 = AXIS2_PLACEMENT_3D('',#5166,#5167,#5168);
#5166 = CARTESIAN_POINT('',(-17.5,16.799038105677,36.096787517318));
#5167 = DIRECTION('',(0.,-0.866025403784,0.5));
#5168 = DIRECTION('',(0.,-0.5,-0.866025403784));
#5169 = DEFINITIONAL_REPRESENTATION('',(#5170),#5174);
#5170 = LINE('',#5171,#5172);
#5171 = CARTESIAN_POINT('',(0.,1.5));
#5172 = VECTOR('',#5173,1.);
#5173 = DIRECTION('',(1.,0.));
#5174 = ( GEOMETRIC_REPRESENTATION_CONTEXT(2) 
PARAMETRIC_REPRESENTATION_CONTEXT() REPRESENTATION_CONTEXT('2D SPACE',''
  ) );
#5175 = ORIENTED_EDGE('',*,*,#5176,.F.);
#5176 = EDGE_CURVE('',#5177,#5148,#5179,.T.);
#5177 = VERTEX_POINT('',#5178);
#5178 = CARTESIAN_POINT('',(17.5,18.4,41.869734859267));
#5179 = SURFACE_CURVE('',#5180,(#5184,#5191),.PCURVE_S1.);
#5180 = LINE('',#5181,#5182);
#5181 = CARTESIAN_POINT('',(0.,18.4,41.869734859267));
#5182 = VECTOR('',#5183,1.);
#5183 = DIRECTION('',(-1.,2.973811673103E-16,5.150792909956E-16));
#5184 = PCURVE('',#2966,#5185);
#5185 = DEFINITIONAL_REPRESENTATION('',(#5186),#5190);
#5186 = LINE('',#5187,#5188);
#5187 = CARTESIAN_POINT('',(0.,17.8));
#5188 = VECTOR('',#5189,1.);
#5189 = DIRECTION('',(-1.,5.947623346206E-16));
#5190 = ( GEOMETRIC_REPRESENTATION_CONTEXT(2) 
PARAMETRIC_REPRESENTATION_CONTEXT() REPRESENTATION_CONTEXT('2D SPACE',''
  ) );
#5191 = PCURVE('',#5192,#5197);
#5192 = PLANE('',#5193);
#5193 = AXIS2_PLACEMENT_3D('',#5194,#5195,#5196);
#5194 = CARTESIAN_POINT('',(0.,19.699038105677,41.119734859267));
#5195 = DIRECTION('',(5.947623346206E-16,0.5,0.866025403784));
#5196 = DIRECTION('',(1.,-2.973811673103E-16,-5.150792909956E-16));
#5197 = DEFINITIONAL_REPRESENTATION('',(#5198),#5202);
#5198 = LINE('',#5199,#5200);
#5199 = CARTESIAN_POINT('',(-9.860761315263E-32,-1.5));
#5200 = VECTOR('',#5201,1.);
#5201 = DIRECTION('',(-1.,4.930380657631E-32));
#5202 = ( GEOMETRIC_REPRESENTATION_CONTEXT(2) 
PARAMETRIC_REPRESENTATION_CONTEXT() REPRESENTATION_CONTEXT('2D SPACE',''
  ) );
#5203 = ORIENTED_EDGE('',*,*,#5204,.F.);
#5204 = EDGE_CURVE('',#5205,#5177,#5207,.T.);
#5205 = VERTEX_POINT('',#5206);
#5206 = CARTESIAN_POINT('',(23.3,15.5,36.846787517318));
#5207 = SURFACE_CURVE('',#5208,(#5213,#5220),.PCURVE_S1.);
#5208 = CIRCLE('',#5209,5.8);
#5209 = AXIS2_PLACEMENT_3D('',#5210,#5211,#5212);
#5210 = CARTESIAN_POINT('',(17.5,15.5,36.846787517318));
#5211 = DIRECTION('',(0.,-0.866025403784,0.5));
#5212 = DIRECTION('',(0.,-0.5,-0.866025403784));
#5213 = PCURVE('',#2966,#5214);
#5214 = DEFINITIONAL_REPRESENTATION('',(#5215),#5219);
#5215 = CIRCLE('',#5216,5.8);
#5216 = AXIS2_PLACEMENT_2D('',#5217,#5218);
#5217 = CARTESIAN_POINT('',(17.5,12.));
#5218 = DIRECTION('',(0.,-1.));
#5219 = ( GEOMETRIC_REPRESENTATION_CONTEXT(2) 
PARAMETRIC_REPRESENTATION_CONTEXT() REPRESENTATION_CONTEXT('2D SPACE',''
  ) );
#5220 = PCURVE('',#5221,#5226);
#5221 = CYLINDRICAL_SURFACE('',#5222,5.8);
#5222 = AXIS2_PLACEMENT_3D('',#5223,#5224,#5225);
#5223 = CARTESIAN_POINT('',(17.5,16.799038105677,36.096787517318));
#5224 = DIRECTION('',(0.,-0.866025403784,0.5));
#5225 = DIRECTION('',(0.,-0.5,-0.866025403784));
#5226 = DEFINITIONAL_REPRESENTATION('',(#5227),#5231);
#5227 = LINE('',#5228,#5229);
#5228 = CARTESIAN_POINT('',(0.,1.5));
#5229 = VECTOR('',#5230,1.);
#5230 = DIRECTION('',(1.,0.));
#5231 = ( GEOMETRIC_REPRESENTATION_CONTEXT(2) 
PARAMETRIC_REPRESENTATION_CONTEXT() REPRESENTATION_CONTEXT('2D SPACE',''
  ) );
#5232 = ORIENTED_EDGE('',*,*,#5233,.T.);
#5233 = EDGE_CURVE('',#5205,#5234,#5236,.T.);
#5234 = VERTEX_POINT('',#5235);
#5235 = CARTESIAN_POINT('',(23.3,3.5,16.062177826491));
#5236 = SURFACE_CURVE('',#5237,(#5241,#5248),.PCURVE_S1.);
#5237 = LINE('',#5238,#5239);
#5238 = CARTESIAN_POINT('',(23.3,9.5,26.454482671904));
#5239 = VECTOR('',#5240,1.);
#5240 = DIRECTION('',(-5.782411586589E-16,-0.5,-0.866025403784));
#5241 = PCURVE('',#2966,#5242);
#5242 = DEFINITIONAL_REPRESENTATION('',(#5243),#5247);
#5243 = LINE('',#5244,#5245);
#5244 = CARTESIAN_POINT('',(23.3,-2.30755522366E-15));
#5245 = VECTOR('',#5246,1.);
#5246 = DIRECTION('',(-5.782411586589E-16,-1.));
#5247 = ( GEOMETRIC_REPRESENTATION_CONTEXT(2) 
PARAMETRIC_REPRESENTATION_CONTEXT() REPRESENTATION_CONTEXT('2D SPACE',''
  ) );
#5248 = PCURVE('',#5249,#5254);
#5249 = PLANE('',#5250);
#5250 = AXIS2_PLACEMENT_3D('',#5251,#5252,#5253);
#5251 = CARTESIAN_POINT('',(23.3,10.799038105677,25.704482671904));
#5252 = DIRECTION('',(-1.,2.891205793295E-16,5.007715329124E-16));
#5253 = DIRECTION('',(5.782411586589E-16,0.5,0.866025403784));
#5254 = DEFINITIONAL_REPRESENTATION('',(#5255),#5259);
#5255 = LINE('',#5256,#5257);
#5256 = CARTESIAN_POINT('',(1.110223024625E-16,-1.5));
#5257 = VECTOR('',#5258,1.);
#5258 = DIRECTION('',(-1.,0.));
#5259 = ( GEOMETRIC_REPRESENTATION_CONTEXT(2) 
PARAMETRIC_REPRESENTATION_CONTEXT() REPRESENTATION_CONTEXT('2D SPACE',''
  ) );
#5260 = ORIENTED_EDGE('',*,*,#5261,.F.);
#5261 = EDGE_CURVE('',#5262,#5234,#5264,.T.);
#5262 = VERTEX_POINT('',#5263);
#5263 = CARTESIAN_POINT('',(17.5,0.6,11.039230484541));
#5264 = SURFACE_CURVE('',#5265,(#5270,#5277),.PCURVE_S1.);
#5265 = CIRCLE('',#5266,5.8);
#5266 = AXIS2_PLACEMENT_3D('',#5267,#5268,#5269);
#5267 = CARTESIAN_POINT('',(17.5,3.5,16.062177826491));
#5268 = DIRECTION('',(0.,-0.866025403784,0.5));
#5269 = DIRECTION('',(0.,-0.5,-0.866025403784));
#5270 = PCURVE('',#2966,#5271);
#5271 = DEFINITIONAL_REPRESENTATION('',(#5272),#5276);
#5272 = CIRCLE('',#5273,5.8);
#5273 = AXIS2_PLACEMENT_2D('',#5274,#5275);
#5274 = CARTESIAN_POINT('',(17.5,-12.));
#5275 = DIRECTION('',(0.,-1.));
#5276 = ( GEOMETRIC_REPRESENTATION_CONTEXT(2) 
PARAMETRIC_REPRESENTATION_CONTEXT() REPRESENTATION_CONTEXT('2D SPACE',''
  ) );
#5277 = PCURVE('',#5278,#5283);
#5278 = CYLINDRICAL_SURFACE('',#5279,5.8);
#5279 = AXIS2_PLACEMENT_3D('',#5280,#5281,#5282);
#5280 = CARTESIAN_POINT('',(17.5,4.799038105677,15.312177826491));
#5281 = DIRECTION('',(0.,-0.866025403784,0.5));
#5282 = DIRECTION('',(0.,-0.5,-0.866025403784));
#5283 = DEFINITIONAL_REPRESENTATION('',(#5284),#5288);
#5284 = LINE('',#5285,#5286);
#5285 = CARTESIAN_POINT('',(0.,1.5));
#5286 = VECTOR('',#5287,1.);
#5287 = DIRECTION('',(1.,0.));
#5288 = ( GEOMETRIC_REPRESENTATION_CONTEXT(2) 
PARAMETRIC_REPRESENTATION_CONTEXT() REPRESENTATION_CONTEXT('2D SPACE',''
  ) );
#5289 = ORIENTED_EDGE('',*,*,#5290,.T.);
#5290 = EDGE_CURVE('',#5262,#5291,#5293,.T.);
#5291 = VERTEX_POINT('',#5292);
#5292 = CARTESIAN_POINT('',(-17.5,0.6,11.039230484541));
#5293 = SURFACE_CURVE('',#5294,(#5298,#5305),.PCURVE_S1.);
#5294 = LINE('',#5295,#5296);
#5295 = CARTESIAN_POINT('',(3.552713678801E-15,0.6,11.039230484541));
#5296 = VECTOR('',#5297,1.);
#5297 = DIRECTION('',(-1.,2.973811673103E-16,5.150792909956E-16));
#5298 = PCURVE('',#2966,#5299);
#5299 = DEFINITIONAL_REPRESENTATION('',(#5300),#5304);
#5300 = LINE('',#5301,#5302);
#5301 = CARTESIAN_POINT('',(3.552713678801E-15,-17.8));
#5302 = VECTOR('',#5303,1.);
#5303 = DIRECTION('',(-1.,5.947623346206E-16));
#5304 = ( GEOMETRIC_REPRESENTATION_CONTEXT(2) 
PARAMETRIC_REPRESENTATION_CONTEXT() REPRESENTATION_CONTEXT('2D SPACE',''
  ) );
#5305 = PCURVE('',#5306,#5311);
#5306 = PLANE('',#5307);
#5307 = AXIS2_PLACEMENT_3D('',#5308,#5309,#5310);
#5308 = CARTESIAN_POINT('',(3.552713678801E-15,1.899038105677,
    10.289230484541));
#5309 = DIRECTION('',(5.947623346206E-16,0.5,0.866025403784));
#5310 = DIRECTION('',(1.,-2.973811673103E-16,-5.150792909956E-16));
#5311 = DEFINITIONAL_REPRESENTATION('',(#5312),#5316);
#5312 = LINE('',#5313,#5314);
#5313 = CARTESIAN_POINT('',(-9.860761315263E-32,-1.5));
#5314 = VECTOR('',#5315,1.);
#5315 = DIRECTION('',(-1.,0.));
#5316 = ( GEOMETRIC_REPRESENTATION_CONTEXT(2) 
PARAMETRIC_REPRESENTATION_CONTEXT() REPRESENTATION_CONTEXT('2D SPACE',''
  ) );
#5317 = ORIENTED_EDGE('',*,*,#5318,.F.);
#5318 = EDGE_CURVE('',#5120,#5291,#5319,.T.);
#5319 = SURFACE_CURVE('',#5320,(#5325,#5332),.PCURVE_S1.);
#5320 = CIRCLE('',#5321,5.8);
#5321 = AXIS2_PLACEMENT_3D('',#5322,#5323,#5324);
#5322 = CARTESIAN_POINT('',(-17.5,3.5,16.062177826491));
#5323 = DIRECTION('',(0.,-0.866025403784,0.5));
#5324 = DIRECTION('',(0.,-0.5,-0.866025403784));
#5325 = PCURVE('',#2966,#5326);
#5326 = DEFINITIONAL_REPRESENTATION('',(#5327),#5331);
#5327 = CIRCLE('',#5328,5.8);
#5328 = AXIS2_PLACEMENT_2D('',#5329,#5330);
#5329 = CARTESIAN_POINT('',(-17.5,-12.));
#5330 = DIRECTION('',(0.,-1.));
#5331 = ( GEOMETRIC_REPRESENTATION_CONTEXT(2) 
PARAMETRIC_REPRESENTATION_CONTEXT() REPRESENTATION_CONTEXT('2D SPACE',''
  ) );
#5332 = PCURVE('',#5333,#5338);
#5333 = CYLINDRICAL_SURFACE('',#5334,5.8);
#5334 = AXIS2_PLACEMENT_3D('',#5335,#5336,#5337);
#5335 = CARTESIAN_POINT('',(-17.5,4.799038105677,15.312177826491));
#5336 = DIRECTION('',(0.,-0.866025403784,0.5));
#5337 = DIRECTION('',(0.,-0.5,-0.866025403784));
#5338 = DEFINITIONAL_REPRESENTATION('',(#5339),#5343);
#5339 = LINE('',#5340,#5341);
#5340 = CARTESIAN_POINT('',(0.,1.5));
#5341 = VECTOR('',#5342,1.);
#5342 = DIRECTION('',(1.,0.));
#5343 = ( GEOMETRIC_REPRESENTATION_CONTEXT(2) 
PARAMETRIC_REPRESENTATION_CONTEXT() REPRESENTATION_CONTEXT('2D SPACE',''
  ) );
#5344 = ADVANCED_FACE('',(#5345),#2999,.T.);
#5345 = FACE_BOUND('',#5346,.T.);
#5346 = EDGE_LOOP('',(#5347,#5348,#5369,#5370));
#5347 = ORIENTED_EDGE('',*,*,#3974,.F.);
#5348 = ORIENTED_EDGE('',*,*,#5349,.T.);
#5349 = EDGE_CURVE('',#3946,#2982,#5350,.T.);
#5350 = SURFACE_CURVE('',#5351,(#5355,#5362),.PCURVE_S1.);
#5351 = LINE('',#5352,#5353);
#5352 = CARTESIAN_POINT('',(3.552713678801E-15,0.866025403784,9.5));
#5353 = VECTOR('',#5354,1.);
#5354 = DIRECTION('',(-1.,2.973811673103E-16,5.150792909956E-16));
#5355 = PCURVE('',#2999,#5356);
#5356 = DEFINITIONAL_REPRESENTATION('',(#5357),#5361);
#5357 = LINE('',#5358,#5359);
#5358 = CARTESIAN_POINT('',(-4.437342591868E-31,1.));
#5359 = VECTOR('',#5360,1.);
#5360 = DIRECTION('',(1.,0.));
#5361 = ( GEOMETRIC_REPRESENTATION_CONTEXT(2) 
PARAMETRIC_REPRESENTATION_CONTEXT() REPRESENTATION_CONTEXT('2D SPACE',''
  ) );
#5362 = PCURVE('',#4982,#5363);
#5363 = DEFINITIONAL_REPRESENTATION('',(#5364),#5368);
#5364 = LINE('',#5365,#5366);
#5365 = CARTESIAN_POINT('',(3.14159265359,0.));
#5366 = VECTOR('',#5367,1.);
#5367 = DIRECTION('',(0.,1.));
#5368 = ( GEOMETRIC_REPRESENTATION_CONTEXT(2) 
PARAMETRIC_REPRESENTATION_CONTEXT() REPRESENTATION_CONTEXT('2D SPACE',''
  ) );
#5369 = ORIENTED_EDGE('',*,*,#2981,.T.);
#5370 = ORIENTED_EDGE('',*,*,#5371,.F.);
#5371 = EDGE_CURVE('',#3874,#2984,#5372,.T.);
#5372 = SURFACE_CURVE('',#5373,(#5377,#5384),.PCURVE_S1.);
#5373 = LINE('',#5374,#5375);
#5374 = CARTESIAN_POINT('',(3.552713678801E-15,17.320508075689,
    1.06581410364E-14));
#5375 = VECTOR('',#5376,1.);
#5376 = DIRECTION('',(-1.,2.973811673103E-16,5.150792909956E-16));
#5377 = PCURVE('',#2999,#5378);
#5378 = DEFINITIONAL_REPRESENTATION('',(#5379),#5383);
#5379 = LINE('',#5380,#5381);
#5380 = CARTESIAN_POINT('',(0.,20.));
#5381 = VECTOR('',#5382,1.);
#5382 = DIRECTION('',(1.,0.));
#5383 = ( GEOMETRIC_REPRESENTATION_CONTEXT(2) 
PARAMETRIC_REPRESENTATION_CONTEXT() REPRESENTATION_CONTEXT('2D SPACE',''
  ) );
#5384 = PCURVE('',#3098,#5385);
#5385 = DEFINITIONAL_REPRESENTATION('',(#5386),#5390);
#5386 = LINE('',#5387,#5388);
#5387 = CARTESIAN_POINT('',(17.5,0.));
#5388 = VECTOR('',#5389,1.);
#5389 = DIRECTION('',(1.,0.));
#5390 = ( GEOMETRIC_REPRESENTATION_CONTEXT(2) 
PARAMETRIC_REPRESENTATION_CONTEXT() REPRESENTATION_CONTEXT('2D SPACE',''
  ) );
#5391 = ADVANCED_FACE('',(#5392),#3098,.F.);
#5392 = FACE_BOUND('',#5393,.F.);
#5393 = EDGE_LOOP('',(#5394,#5395,#5396,#5397));
#5394 = ORIENTED_EDGE('',*,*,#5371,.F.);
#5395 = ORIENTED_EDGE('',*,*,#3921,.T.);
#5396 = ORIENTED_EDGE('',*,*,#3350,.F.);
#5397 = ORIENTED_EDGE('',*,*,#3082,.F.);
#5398 = ADVANCED_FACE('',(#5399),#3412,.T.);
#5399 = FACE_BOUND('',#5400,.T.);
#5400 = EDGE_LOOP('',(#5401,#5423,#5424,#5425));
#5401 = ORIENTED_EDGE('',*,*,#5402,.T.);
#5402 = EDGE_CURVE('',#5070,#3397,#5403,.T.);
#5403 = SURFACE_CURVE('',#5404,(#5409,#5416),.PCURVE_S1.);
#5404 = CIRCLE('',#5405,1.);
#5405 = AXIS2_PLACEMENT_3D('',#5406,#5407,#5408);
#5406 = CARTESIAN_POINT('',(17.5,19.366025403784,41.542939940024));
#5407 = DIRECTION('',(-1.,0.,0.));
#5408 = DIRECTION('',(0.,0.5,0.866025403784));
#5409 = PCURVE('',#3412,#5410);
#5410 = DEFINITIONAL_REPRESENTATION('',(#5411),#5415);
#5411 = LINE('',#5412,#5413);
#5412 = CARTESIAN_POINT('',(9.424777960769,17.5));
#5413 = VECTOR('',#5414,1.);
#5414 = DIRECTION('',(-1.,0.));
#5415 = ( GEOMETRIC_REPRESENTATION_CONTEXT(2) 
PARAMETRIC_REPRESENTATION_CONTEXT() REPRESENTATION_CONTEXT('2D SPACE',''
  ) );
#5416 = PCURVE('',#3856,#5417);
#5417 = DEFINITIONAL_REPRESENTATION('',(#5418),#5422);
#5418 = LINE('',#5419,#5420);
#5419 = CARTESIAN_POINT('',(3.14159265359,6.28318530718));
#5420 = VECTOR('',#5421,1.);
#5421 = DIRECTION('',(0.,-1.));
#5422 = ( GEOMETRIC_REPRESENTATION_CONTEXT(2) 
PARAMETRIC_REPRESENTATION_CONTEXT() REPRESENTATION_CONTEXT('2D SPACE',''
  ) );
#5423 = ORIENTED_EDGE('',*,*,#3396,.F.);
#5424 = ORIENTED_EDGE('',*,*,#4914,.F.);
#5425 = ORIENTED_EDGE('',*,*,#5093,.T.);
#5426 = ADVANCED_FACE('',(#5427),#3468,.T.);
#5427 = FACE_BOUND('',#5428,.T.);
#5428 = EDGE_LOOP('',(#5429,#5430));
#5429 = ORIENTED_EDGE('',*,*,#3449,.F.);
#5430 = ORIENTED_EDGE('',*,*,#3580,.F.);
#5431 = ADVANCED_FACE('',(#5432),#3856,.T.);
#5432 = FACE_BOUND('',#5433,.T.);
#5433 = EDGE_LOOP('',(#5434,#5435,#5436,#5437));
#5434 = ORIENTED_EDGE('',*,*,#5402,.F.);
#5435 = ORIENTED_EDGE('',*,*,#5069,.F.);
#5436 = ORIENTED_EDGE('',*,*,#3999,.F.);
#5437 = ORIENTED_EDGE('',*,*,#3841,.T.);
#5438 = ADVANCED_FACE('',(#5439),#3962,.T.);
#5439 = FACE_BOUND('',#5440,.T.);
#5440 = EDGE_LOOP('',(#5441,#5442,#5443,#5465));
#5441 = ORIENTED_EDGE('',*,*,#4046,.T.);
#5442 = ORIENTED_EDGE('',*,*,#5046,.F.);
#5443 = ORIENTED_EDGE('',*,*,#5444,.F.);
#5444 = EDGE_CURVE('',#3946,#5024,#5445,.T.);
#5445 = SURFACE_CURVE('',#5446,(#5451,#5458),.PCURVE_S1.);
#5446 = CIRCLE('',#5447,1.);
#5447 = AXIS2_PLACEMENT_3D('',#5448,#5449,#5450);
#5448 = CARTESIAN_POINT('',(17.5,1.366025403784,10.366025403784));
#5449 = DIRECTION('',(-1.,0.,0.));
#5450 = DIRECTION('',(0.,0.5,0.866025403784));
#5451 = PCURVE('',#3962,#5452);
#5452 = DEFINITIONAL_REPRESENTATION('',(#5453),#5457);
#5453 = LINE('',#5454,#5455);
#5454 = CARTESIAN_POINT('',(0.,-3.14159265359));
#5455 = VECTOR('',#5456,1.);
#5456 = DIRECTION('',(0.,1.));
#5457 = ( GEOMETRIC_REPRESENTATION_CONTEXT(2) 
PARAMETRIC_REPRESENTATION_CONTEXT() REPRESENTATION_CONTEXT('2D SPACE',''
  ) );
#5458 = PCURVE('',#4982,#5459);
#5459 = DEFINITIONAL_REPRESENTATION('',(#5460),#5464);
#5460 = LINE('',#5461,#5462);
#5461 = CARTESIAN_POINT('',(0.,-17.5));
#5462 = VECTOR('',#5463,1.);
#5463 = DIRECTION('',(1.,0.));
#5464 = ( GEOMETRIC_REPRESENTATION_CONTEXT(2) 
PARAMETRIC_REPRESENTATION_CONTEXT() REPRESENTATION_CONTEXT('2D SPACE',''
  ) );
#5465 = ORIENTED_EDGE('',*,*,#3945,.T.);
#5466 = ADVANCED_FACE('',(#5467),#4228,.F.);
#5467 = FACE_BOUND('',#5468,.T.);
#5468 = EDGE_LOOP('',(#5469,#5499,#5520,#5521,#5522,#5545));
#5469 = ORIENTED_EDGE('',*,*,#5470,.T.);
#5470 = EDGE_CURVE('',#5471,#5473,#5475,.T.);
#5471 = VERTEX_POINT('',#5472);
#5472 = CARTESIAN_POINT('',(-22.5,16.799038105677,36.096787517318));
#5473 = VERTEX_POINT('',#5474);
#5474 = CARTESIAN_POINT('',(-22.5,4.799038105677,15.312177826491));
#5475 = SURFACE_CURVE('',#5476,(#5480,#5487),.PCURVE_S1.);
#5476 = LINE('',#5477,#5478);
#5477 = CARTESIAN_POINT('',(-22.5,10.799038105677,25.704482671904));
#5478 = VECTOR('',#5479,1.);
#5479 = DIRECTION('',(0.,-0.5,-0.866025403784));
#5480 = PCURVE('',#4228,#5481);
#5481 = DEFINITIONAL_REPRESENTATION('',(#5482),#5486);
#5482 = LINE('',#5483,#5484);
#5483 = CARTESIAN_POINT('',(1.576516694968E-14,1.5));
#5484 = VECTOR('',#5485,1.);
#5485 = DIRECTION('',(-1.,0.));
#5486 = ( GEOMETRIC_REPRESENTATION_CONTEXT(2) 
PARAMETRIC_REPRESENTATION_CONTEXT() REPRESENTATION_CONTEXT('2D SPACE',''
  ) );
#5487 = PCURVE('',#5488,#5493);
#5488 = PLANE('',#5489);
#5489 = AXIS2_PLACEMENT_3D('',#5490,#5491,#5492);
#5490 = CARTESIAN_POINT('',(0.,10.799038105677,25.704482671904));
#5491 = DIRECTION('',(0.,-0.866025403784,0.5));
#5492 = DIRECTION('',(1.,0.,0.));
#5493 = DEFINITIONAL_REPRESENTATION('',(#5494),#5498);
#5494 = LINE('',#5495,#5496);
#5495 = CARTESIAN_POINT('',(-22.5,1.316752711072E-14));
#5496 = VECTOR('',#5497,1.);
#5497 = DIRECTION('',(0.,-1.));
#5498 = ( GEOMETRIC_REPRESENTATION_CONTEXT(2) 
PARAMETRIC_REPRESENTATION_CONTEXT() REPRESENTATION_CONTEXT('2D SPACE',''
  ) );
#5499 = ORIENTED_EDGE('',*,*,#5500,.T.);
#5500 = EDGE_CURVE('',#5473,#4299,#5501,.T.);
#5501 = SURFACE_CURVE('',#5502,(#5506,#5513),.PCURVE_S1.);
#5502 = LINE('',#5503,#5504);
#5503 = CARTESIAN_POINT('',(-22.5,3.5,16.062177826491));
#5504 = VECTOR('',#5505,1.);
#5505 = DIRECTION('',(0.,0.866025403784,-0.5));
#5506 = PCURVE('',#4228,#5507);
#5507 = DEFINITIONAL_REPRESENTATION('',(#5508),#5512);
#5508 = LINE('',#5509,#5510);
#5509 = CARTESIAN_POINT('',(-12.,0.));
#5510 = VECTOR('',#5511,1.);
#5511 = DIRECTION('',(0.,1.));
#5512 = ( GEOMETRIC_REPRESENTATION_CONTEXT(2) 
PARAMETRIC_REPRESENTATION_CONTEXT() REPRESENTATION_CONTEXT('2D SPACE',''
  ) );
#5513 = PCURVE('',#4337,#5514);
#5514 = DEFINITIONAL_REPRESENTATION('',(#5515),#5519);
#5515 = LINE('',#5516,#5517);
#5516 = CARTESIAN_POINT('',(4.712388980385,0.));
#5517 = VECTOR('',#5518,1.);
#5518 = DIRECTION('',(0.,1.));
#5519 = ( GEOMETRIC_REPRESENTATION_CONTEXT(2) 
PARAMETRIC_REPRESENTATION_CONTEXT() REPRESENTATION_CONTEXT('2D SPACE',''
  ) );
#5520 = ORIENTED_EDGE('',*,*,#4371,.T.);
#5521 = ORIENTED_EDGE('',*,*,#4212,.T.);
#5522 = ORIENTED_EDGE('',*,*,#5523,.F.);
#5523 = EDGE_CURVE('',#5524,#4184,#5526,.T.);
#5524 = VERTEX_POINT('',#5525);
#5525 = CARTESIAN_POINT('',(-22.5,25.626933041054,31.));
#5526 = SURFACE_CURVE('',#5527,(#5531,#5538),.PCURVE_S1.);
#5527 = LINE('',#5528,#5529);
#5528 = CARTESIAN_POINT('',(-22.5,17.320508075689,31.));
#5529 = VECTOR('',#5530,1.);
#5530 = DIRECTION('',(0.,1.,-1.110223024625E-16));
#5531 = PCURVE('',#4228,#5532);
#5532 = DEFINITIONAL_REPRESENTATION('',(#5533),#5537);
#5533 = LINE('',#5534,#5535);
#5534 = CARTESIAN_POINT('',(7.846787517318,4.5));
#5535 = VECTOR('',#5536,1.);
#5536 = DIRECTION('',(0.5,0.866025403784));
#5537 = ( GEOMETRIC_REPRESENTATION_CONTEXT(2) 
PARAMETRIC_REPRESENTATION_CONTEXT() REPRESENTATION_CONTEXT('2D SPACE',''
  ) );
#5538 = PCURVE('',#4200,#5539);
#5539 = DEFINITIONAL_REPRESENTATION('',(#5540),#5544);
#5540 = LINE('',#5541,#5542);
#5541 = CARTESIAN_POINT('',(4.712388980385,-1.06581410364E-14));
#5542 = VECTOR('',#5543,1.);
#5543 = DIRECTION('',(1.952316165577E-17,1.));
#5544 = ( GEOMETRIC_REPRESENTATION_CONTEXT(2) 
PARAMETRIC_REPRESENTATION_CONTEXT() REPRESENTATION_CONTEXT('2D SPACE',''
  ) );
#5545 = ORIENTED_EDGE('',*,*,#5546,.F.);
#5546 = EDGE_CURVE('',#5471,#5524,#5547,.T.);
#5547 = SURFACE_CURVE('',#5548,(#5552,#5559),.PCURVE_S1.);
#5548 = LINE('',#5549,#5550);
#5549 = CARTESIAN_POINT('',(-22.5,15.5,36.846787517318));
#5550 = VECTOR('',#5551,1.);
#5551 = DIRECTION('',(0.,0.866025403784,-0.5));
#5552 = PCURVE('',#4228,#5553);
#5553 = DEFINITIONAL_REPRESENTATION('',(#5554),#5558);
#5554 = LINE('',#5555,#5556);
#5555 = CARTESIAN_POINT('',(12.,8.881784197001E-16));
#5556 = VECTOR('',#5557,1.);
#5557 = DIRECTION('',(0.,1.));
#5558 = ( GEOMETRIC_REPRESENTATION_CONTEXT(2) 
PARAMETRIC_REPRESENTATION_CONTEXT() REPRESENTATION_CONTEXT('2D SPACE',''
  ) );
#5559 = PCURVE('',#5560,#5565);
#5560 = CYLINDRICAL_SURFACE('',#5561,5.);
#5561 = AXIS2_PLACEMENT_3D('',#5562,#5563,#5564);
#5562 = CARTESIAN_POINT('',(-17.5,15.5,36.846787517318));
#5563 = DIRECTION('',(0.,0.866025403784,-0.5));
#5564 = DIRECTION('',(0.,0.5,0.866025403784));
#5565 = DEFINITIONAL_REPRESENTATION('',(#5566),#5570);
#5566 = LINE('',#5567,#5568);
#5567 = CARTESIAN_POINT('',(4.712388980385,0.));
#5568 = VECTOR('',#5569,1.);
#5569 = DIRECTION('',(0.,1.));
#5570 = ( GEOMETRIC_REPRESENTATION_CONTEXT(2) 
PARAMETRIC_REPRESENTATION_CONTEXT() REPRESENTATION_CONTEXT('2D SPACE',''
  ) );
#5571 = ADVANCED_FACE('',(#5572),#4200,.F.);
#5572 = FACE_BOUND('',#5573,.F.);
#5573 = EDGE_LOOP('',(#5574,#5597,#5598,#5599));
#5574 = ORIENTED_EDGE('',*,*,#5575,.T.);
#5575 = EDGE_CURVE('',#5576,#4156,#5578,.T.);
#5576 = VERTEX_POINT('',#5577);
#5577 = CARTESIAN_POINT('',(-17.5,26.966679003209,36.));
#5578 = SURFACE_CURVE('',#5579,(#5583,#5590),.PCURVE_S1.);
#5579 = LINE('',#5580,#5581);
#5580 = CARTESIAN_POINT('',(-17.5,17.320508075689,36.));
#5581 = VECTOR('',#5582,1.);
#5582 = DIRECTION('',(0.,1.,-1.110223024625E-16));
#5583 = PCURVE('',#4200,#5584);
#5584 = DEFINITIONAL_REPRESENTATION('',(#5585),#5589);
#5585 = LINE('',#5586,#5587);
#5586 = CARTESIAN_POINT('',(6.28318530718,-1.24344978758E-14));
#5587 = VECTOR('',#5588,1.);
#5588 = DIRECTION('',(0.,1.));
#5589 = ( GEOMETRIC_REPRESENTATION_CONTEXT(2) 
PARAMETRIC_REPRESENTATION_CONTEXT() REPRESENTATION_CONTEXT('2D SPACE',''
  ) );
#5590 = PCURVE('',#4171,#5591);
#5591 = DEFINITIONAL_REPRESENTATION('',(#5592),#5596);
#5592 = LINE('',#5593,#5594);
#5593 = CARTESIAN_POINT('',(1.183291357832E-30,-17.5));
#5594 = VECTOR('',#5595,1.);
#5595 = DIRECTION('',(-1.,6.603188380756E-32));
#5596 = ( GEOMETRIC_REPRESENTATION_CONTEXT(2) 
PARAMETRIC_REPRESENTATION_CONTEXT() REPRESENTATION_CONTEXT('2D SPACE',''
  ) );
#5597 = ORIENTED_EDGE('',*,*,#4183,.T.);
#5598 = ORIENTED_EDGE('',*,*,#5523,.F.);
#5599 = ORIENTED_EDGE('',*,*,#5600,.T.);
#5600 = EDGE_CURVE('',#5524,#5576,#5601,.T.);
#5601 = SURFACE_CURVE('',#5602,(#5607,#5636),.PCURVE_S1.);
#5602 = ELLIPSE('',#5603,5.17638090205,5.);
#5603 = AXIS2_PLACEMENT_3D('',#5604,#5605,#5606);
#5604 = CARTESIAN_POINT('',(-17.5,25.626933041054,31.));
#5605 = DIRECTION('',(0.,0.965925826289,-0.258819045103));
#5606 = DIRECTION('',(0.,0.258819045103,0.965925826289));
#5607 = PCURVE('',#4200,#5608);
#5608 = DEFINITIONAL_REPRESENTATION('',(#5609),#5635);
#5609 = B_SPLINE_CURVE_WITH_KNOTS('',3,(#5610,#5611,#5612,#5613,#5614,
    #5615,#5616,#5617,#5618,#5619,#5620,#5621,#5622,#5623,#5624,#5625,
    #5626,#5627,#5628,#5629,#5630,#5631,#5632,#5633,#5634),
  .UNSPECIFIED.,.F.,.F.,(4,1,1,1,1,1,1,1,1,1,1,1,1,1,1,1,1,1,1,1,1,1,4),
  (4.712388980385,4.783788813421,4.855188646457,4.926588479493,
    4.997988312529,5.069388145565,5.140787978601,5.212187811638,
    5.283587644674,5.35498747771,5.426387310746,5.497787143782,
    5.569186976818,5.640586809854,5.711986642891,5.783386475927,
    5.854786308963,5.926186141999,5.997585975035,6.068985808071,
    6.140385641107,6.211785474143,6.28318530718),.QUASI_UNIFORM_KNOTS.);
#5610 = CARTESIAN_POINT('',(4.712388980385,8.306424965365));
#5611 = CARTESIAN_POINT('',(4.73618892473,8.338311092853));
#5612 = CARTESIAN_POINT('',(4.783788813421,8.402082472248));
#5613 = CARTESIAN_POINT('',(4.855188646457,8.497252795849));
#5614 = CARTESIAN_POINT('',(4.926588479493,8.591450516135));
#5615 = CARTESIAN_POINT('',(4.997988312529,8.684195862038));
#5616 = CARTESIAN_POINT('',(5.069388145565,8.775016160516));
#5617 = CARTESIAN_POINT('',(5.140787978601,8.8634486293));
#5618 = CARTESIAN_POINT('',(5.212187811638,8.949042632202));
#5619 = CARTESIAN_POINT('',(5.283587644674,9.031362003035));
#5620 = CARTESIAN_POINT('',(5.35498747771,9.109987260824));
#5621 = CARTESIAN_POINT('',(5.426387310746,9.184517749369));
#5622 = CARTESIAN_POINT('',(5.497787143782,9.254573678354));
#5623 = CARTESIAN_POINT('',(5.569186976818,9.319798058849));
#5624 = CARTESIAN_POINT('',(5.640586809854,9.379858522289));
#5625 = CARTESIAN_POINT('',(5.711986642891,9.434449014589));
#5626 = CARTESIAN_POINT('',(5.783386475927,9.483291354103));
#5627 = CARTESIAN_POINT('',(5.854786308963,9.526136655237));
#5628 = CARTESIAN_POINT('',(5.926186141999,9.56276657408));
#5629 = CARTESIAN_POINT('',(5.997585975035,9.5929945055));
#5630 = CARTESIAN_POINT('',(6.068985808071,9.616666218808));
#5631 = CARTESIAN_POINT('',(6.140385641107,9.633661820165));
#5632 = CARTESIAN_POINT('',(6.211785474143,9.643891972813));
#5633 = CARTESIAN_POINT('',(6.259385362834,9.646173816757));
#5634 = CARTESIAN_POINT('',(6.28318530718,9.64617092752));
#5635 = ( GEOMETRIC_REPRESENTATION_CONTEXT(2) 
PARAMETRIC_REPRESENTATION_CONTEXT() REPRESENTATION_CONTEXT('2D SPACE',''
  ) );
#5636 = PCURVE('',#5560,#5637);
#5637 = DEFINITIONAL_REPRESENTATION('',(#5638),#5664);
#5638 = B_SPLINE_CURVE_WITH_KNOTS('',3,(#5639,#5640,#5641,#5642,#5643,
    #5644,#5645,#5646,#5647,#5648,#5649,#5650,#5651,#5652,#5653,#5654,
    #5655,#5656,#5657,#5658,#5659,#5660,#5661,#5662,#5663),
  .UNSPECIFIED.,.F.,.F.,(4,1,1,1,1,1,1,1,1,1,1,1,1,1,1,1,1,1,1,1,1,1,4),
  (4.712388980385,4.783788813421,4.855188646457,4.926588479493,
    4.997988312529,5.069388145565,5.140787978601,5.212187811638,
    5.283587644674,5.35498747771,5.426387310746,5.497787143782,
    5.569186976818,5.640586809854,5.711986642891,5.783386475927,
    5.854786308963,5.926186141999,5.997585975035,6.068985808071,
    6.140385641107,6.211785474143,6.28318530718),.QUASI_UNIFORM_KNOTS.);
#5639 = CARTESIAN_POINT('',(4.712388980385,11.693575034635));
#5640 = CARTESIAN_POINT('',(4.73618892473,11.661688907147));
#5641 = CARTESIAN_POINT('',(4.783788813421,11.597917527752));
#5642 = CARTESIAN_POINT('',(4.855188646457,11.502747204151));
#5643 = CARTESIAN_POINT('',(4.926588479493,11.408549483865));
#5644 = CARTESIAN_POINT('',(4.997988312529,11.315804137962));
#5645 = CARTESIAN_POINT('',(5.069388145565,11.224983839483));
#5646 = CARTESIAN_POINT('',(5.140787978601,11.1365513707));
#5647 = CARTESIAN_POINT('',(5.212187811638,11.050957367798));
#5648 = CARTESIAN_POINT('',(5.283587644674,10.968637996965));
#5649 = CARTESIAN_POINT('',(5.35498747771,10.890012739176));
#5650 = CARTESIAN_POINT('',(5.426387310746,10.815482250631));
#5651 = CARTESIAN_POINT('',(5.497787143782,10.745426321646));
#5652 = CARTESIAN_POINT('',(5.569186976818,10.680201941151));
#5653 = CARTESIAN_POINT('',(5.640586809854,10.620141477711));
#5654 = CARTESIAN_POINT('',(5.711986642891,10.565550985411));
#5655 = CARTESIAN_POINT('',(5.783386475927,10.516708645897));
#5656 = CARTESIAN_POINT('',(5.854786308963,10.473863344763));
#5657 = CARTESIAN_POINT('',(5.926186141999,10.43723342592));
#5658 = CARTESIAN_POINT('',(5.997585975035,10.4070054945));
#5659 = CARTESIAN_POINT('',(6.068985808071,10.383333781192));
#5660 = CARTESIAN_POINT('',(6.140385641107,10.366338179835));
#5661 = CARTESIAN_POINT('',(6.211785474143,10.356108027187));
#5662 = CARTESIAN_POINT('',(6.259385362834,10.353826183243));
#5663 = CARTESIAN_POINT('',(6.28318530718,10.35382907248));
#5664 = ( GEOMETRIC_REPRESENTATION_CONTEXT(2) 
PARAMETRIC_REPRESENTATION_CONTEXT() REPRESENTATION_CONTEXT('2D SPACE',''
  ) );
#5665 = ADVANCED_FACE('',(#5666,#5719),#4171,.F.);
#5666 = FACE_BOUND('',#5667,.F.);
#5667 = EDGE_LOOP('',(#5668,#5696,#5717,#5718));
#5668 = ORIENTED_EDGE('',*,*,#5669,.F.);
#5669 = EDGE_CURVE('',#5670,#5576,#5672,.T.);
#5670 = VERTEX_POINT('',#5671);
#5671 = CARTESIAN_POINT('',(17.5,26.966679003209,36.));
#5672 = SURFACE_CURVE('',#5673,(#5677,#5684),.PCURVE_S1.);
#5673 = LINE('',#5674,#5675);
#5674 = CARTESIAN_POINT('',(0.,26.966679003209,36.));
#5675 = VECTOR('',#5676,1.);
#5676 = DIRECTION('',(-1.,1.5936608725E-16,5.947623346206E-16));
#5677 = PCURVE('',#4171,#5678);
#5678 = DEFINITIONAL_REPRESENTATION('',(#5679),#5683);
#5679 = LINE('',#5680,#5681);
#5680 = CARTESIAN_POINT('',(-9.64617092752,8.881784197001E-16));
#5681 = VECTOR('',#5682,1.);
#5682 = DIRECTION('',(-1.5936608725E-16,-1.));
#5683 = ( GEOMETRIC_REPRESENTATION_CONTEXT(2) 
PARAMETRIC_REPRESENTATION_CONTEXT() REPRESENTATION_CONTEXT('2D SPACE',''
  ) );
#5684 = PCURVE('',#5685,#5690);
#5685 = PLANE('',#5686);
#5686 = AXIS2_PLACEMENT_3D('',#5687,#5688,#5689);
#5687 = CARTESIAN_POINT('',(-8.881784197001E-16,18.,41.17691453624));
#5688 = DIRECTION('',(5.947623346206E-16,0.5,0.866025403784));
#5689 = DIRECTION('',(1.,-2.973811673103E-16,-5.150792909956E-16));
#5690 = DEFINITIONAL_REPRESENTATION('',(#5691),#5695);
#5691 = LINE('',#5692,#5693);
#5692 = CARTESIAN_POINT('',(8.881784197001E-16,10.35382907248));
#5693 = VECTOR('',#5694,1.);
#5694 = DIRECTION('',(-1.,-1.5936608725E-16));
#5695 = ( GEOMETRIC_REPRESENTATION_CONTEXT(2) 
PARAMETRIC_REPRESENTATION_CONTEXT() REPRESENTATION_CONTEXT('2D SPACE',''
  ) );
#5696 = ORIENTED_EDGE('',*,*,#5697,.F.);
#5697 = EDGE_CURVE('',#4127,#5670,#5698,.T.);
#5698 = SURFACE_CURVE('',#5699,(#5703,#5710),.PCURVE_S1.);
#5699 = LINE('',#5700,#5701);
#5700 = CARTESIAN_POINT('',(17.5,17.320508075689,36.));
#5701 = VECTOR('',#5702,1.);
#5702 = DIRECTION('',(0.,-1.,1.110223024625E-16));
#5703 = PCURVE('',#4171,#5704);
#5704 = DEFINITIONAL_REPRESENTATION('',(#5705),#5709);
#5705 = LINE('',#5706,#5707);
#5706 = CARTESIAN_POINT('',(-2.48689957516E-14,17.5));
#5707 = VECTOR('',#5708,1.);
#5708 = DIRECTION('',(1.,-6.603188380756E-32));
#5709 = ( GEOMETRIC_REPRESENTATION_CONTEXT(2) 
PARAMETRIC_REPRESENTATION_CONTEXT() REPRESENTATION_CONTEXT('2D SPACE',''
  ) );
#5710 = PCURVE('',#4143,#5711);
#5711 = DEFINITIONAL_REPRESENTATION('',(#5712),#5716);
#5712 = LINE('',#5713,#5714);
#5713 = CARTESIAN_POINT('',(0.,2.13162820728E-14));
#5714 = VECTOR('',#5715,1.);
#5715 = DIRECTION('',(0.,-1.));
#5716 = ( GEOMETRIC_REPRESENTATION_CONTEXT(2) 
PARAMETRIC_REPRESENTATION_CONTEXT() REPRESENTATION_CONTEXT('2D SPACE',''
  ) );
#5717 = ORIENTED_EDGE('',*,*,#4155,.F.);
#5718 = ORIENTED_EDGE('',*,*,#5575,.F.);
#5719 = FACE_BOUND('',#5720,.F.);
#5720 = EDGE_LOOP('',(#5721,#5749,#5775,#5801,#5827,#5854,#5880,#5907));
#5721 = ORIENTED_EDGE('',*,*,#5722,.F.);
#5722 = EDGE_CURVE('',#5723,#5725,#5727,.T.);
#5723 = VERTEX_POINT('',#5724);
#5724 = CARTESIAN_POINT('',(7.5,42.4117,36.));
#5725 = VERTEX_POINT('',#5726);
#5726 = CARTESIAN_POINT('',(7.5,57.4117,36.));
#5727 = SURFACE_CURVE('',#5728,(#5732,#5738),.PCURVE_S1.);
#5728 = LINE('',#5729,#5730);
#5729 = CARTESIAN_POINT('',(7.5,29.866104037844,36.));
#5730 = VECTOR('',#5731,1.);
#5731 = DIRECTION('',(-0.,1.,-1.110223024625E-16));
#5732 = PCURVE('',#4171,#5733);
#5733 = DEFINITIONAL_REPRESENTATION('',(#5734),#5737);
#5734 = B_SPLINE_CURVE_WITH_KNOTS('',1,(#5735,#5736),.UNSPECIFIED.,.F.,
  .F.,(2,2),(12.545595962156,27.545595962156),.PIECEWISE_BEZIER_KNOTS.);
#5735 = CARTESIAN_POINT('',(-25.09119192431,7.5));
#5736 = CARTESIAN_POINT('',(-40.09119192431,7.5));
#5737 = ( GEOMETRIC_REPRESENTATION_CONTEXT(2) 
PARAMETRIC_REPRESENTATION_CONTEXT() REPRESENTATION_CONTEXT('2D SPACE',''
  ) );
#5738 = PCURVE('',#5739,#5744);
#5739 = PLANE('',#5740);
#5740 = AXIS2_PLACEMENT_3D('',#5741,#5742,#5743);
#5741 = CARTESIAN_POINT('',(7.5,42.4117,32.5));
#5742 = DIRECTION('',(1.,0.,-0.));
#5743 = DIRECTION('',(0.,0.,1.));
#5744 = DEFINITIONAL_REPRESENTATION('',(#5745),#5748);
#5745 = B_SPLINE_CURVE_WITH_KNOTS('',1,(#5746,#5747),.UNSPECIFIED.,.F.,
  .F.,(2,2),(12.545595962156,27.545595962156),.PIECEWISE_BEZIER_KNOTS.);
#5746 = CARTESIAN_POINT('',(3.5,0.));
#5747 = CARTESIAN_POINT('',(3.5,-15.));
#5748 = ( GEOMETRIC_REPRESENTATION_CONTEXT(2) 
PARAMETRIC_REPRESENTATION_CONTEXT() REPRESENTATION_CONTEXT('2D SPACE',''
  ) );
#5749 = ORIENTED_EDGE('',*,*,#5750,.T.);
#5750 = EDGE_CURVE('',#5723,#5751,#5753,.T.);
#5751 = VERTEX_POINT('',#5752);
#5752 = CARTESIAN_POINT('',(-7.5,42.4117,36.));
#5753 = SURFACE_CURVE('',#5754,(#5758,#5764),.PCURVE_S1.);
#5754 = LINE('',#5755,#5756);
#5755 = CARTESIAN_POINT('',(-3.75,42.4117,36.));
#5756 = VECTOR('',#5757,1.);
#5757 = DIRECTION('',(-1.,-0.,5.947623346206E-16));
#5758 = PCURVE('',#4171,#5759);
#5759 = DEFINITIONAL_REPRESENTATION('',(#5760),#5763);
#5760 = B_SPLINE_CURVE_WITH_KNOTS('',1,(#5761,#5762),.UNSPECIFIED.,.F.,
  .F.,(2,2),(-11.25,3.75),.PIECEWISE_BEZIER_KNOTS.);
#5761 = CARTESIAN_POINT('',(-25.09119192431,7.5));
#5762 = CARTESIAN_POINT('',(-25.09119192431,-7.5));
#5763 = ( GEOMETRIC_REPRESENTATION_CONTEXT(2) 
PARAMETRIC_REPRESENTATION_CONTEXT() REPRESENTATION_CONTEXT('2D SPACE',''
  ) );
#5764 = PCURVE('',#5765,#5770);
#5765 = PLANE('',#5766);
#5766 = AXIS2_PLACEMENT_3D('',#5767,#5768,#5769);
#5767 = CARTESIAN_POINT('',(-7.5,42.4117,32.5));
#5768 = DIRECTION('',(-0.,1.,0.));
#5769 = DIRECTION('',(0.,0.,1.));
#5770 = DEFINITIONAL_REPRESENTATION('',(#5771),#5774);
#5771 = B_SPLINE_CURVE_WITH_KNOTS('',1,(#5772,#5773),.UNSPECIFIED.,.F.,
  .F.,(2,2),(-11.25,3.75),.PIECEWISE_BEZIER_KNOTS.);
#5772 = CARTESIAN_POINT('',(3.5,15.));
#5773 = CARTESIAN_POINT('',(3.5,0.));
#5774 = ( GEOMETRIC_REPRESENTATION_CONTEXT(2) 
PARAMETRIC_REPRESENTATION_CONTEXT() REPRESENTATION_CONTEXT('2D SPACE',''
  ) );
#5775 = ORIENTED_EDGE('',*,*,#5776,.T.);
#5776 = EDGE_CURVE('',#5751,#5777,#5779,.T.);
#5777 = VERTEX_POINT('',#5778);
#5778 = CARTESIAN_POINT('',(-7.5,57.4117,36.));
#5779 = SURFACE_CURVE('',#5780,(#5784,#5790),.PCURVE_S1.);
#5780 = LINE('',#5781,#5782);
#5781 = CARTESIAN_POINT('',(-7.5,29.866104037844,36.));
#5782 = VECTOR('',#5783,1.);
#5783 = DIRECTION('',(-0.,1.,-1.110223024625E-16));
#5784 = PCURVE('',#4171,#5785);
#5785 = DEFINITIONAL_REPRESENTATION('',(#5786),#5789);
#5786 = B_SPLINE_CURVE_WITH_KNOTS('',1,(#5787,#5788),.UNSPECIFIED.,.F.,
  .F.,(2,2),(12.545595962156,27.545595962156),.PIECEWISE_BEZIER_KNOTS.);
#5787 = CARTESIAN_POINT('',(-25.09119192431,-7.5));
#5788 = CARTESIAN_POINT('',(-40.09119192431,-7.5));
#5789 = ( GEOMETRIC_REPRESENTATION_CONTEXT(2) 
PARAMETRIC_REPRESENTATION_CONTEXT() REPRESENTATION_CONTEXT('2D SPACE',''
  ) );
#5790 = PCURVE('',#5791,#5796);
#5791 = PLANE('',#5792);
#5792 = AXIS2_PLACEMENT_3D('',#5793,#5794,#5795);
#5793 = CARTESIAN_POINT('',(-7.5,42.4117,32.5));
#5794 = DIRECTION('',(1.,0.,-0.));
#5795 = DIRECTION('',(0.,0.,1.));
#5796 = DEFINITIONAL_REPRESENTATION('',(#5797),#5800);
#5797 = B_SPLINE_CURVE_WITH_KNOTS('',1,(#5798,#5799),.UNSPECIFIED.,.F.,
  .F.,(2,2),(12.545595962156,27.545595962156),.PIECEWISE_BEZIER_KNOTS.);
#5798 = CARTESIAN_POINT('',(3.5,0.));
#5799 = CARTESIAN_POINT('',(3.5,-15.));
#5800 = ( GEOMETRIC_REPRESENTATION_CONTEXT(2) 
PARAMETRIC_REPRESENTATION_CONTEXT() REPRESENTATION_CONTEXT('2D SPACE',''
  ) );
#5801 = ORIENTED_EDGE('',*,*,#5802,.F.);
#5802 = EDGE_CURVE('',#5803,#5777,#5805,.T.);
#5803 = VERTEX_POINT('',#5804);
#5804 = CARTESIAN_POINT('',(-6.2,57.4117,36.));
#5805 = SURFACE_CURVE('',#5806,(#5810,#5816),.PCURVE_S1.);
#5806 = LINE('',#5807,#5808);
#5807 = CARTESIAN_POINT('',(-3.75,57.4117,36.));
#5808 = VECTOR('',#5809,1.);
#5809 = DIRECTION('',(-1.,-0.,5.947623346206E-16));
#5810 = PCURVE('',#4171,#5811);
#5811 = DEFINITIONAL_REPRESENTATION('',(#5812),#5815);
#5812 = B_SPLINE_CURVE_WITH_KNOTS('',1,(#5813,#5814),.UNSPECIFIED.,.F.,
  .F.,(2,2),(2.45,3.75),.PIECEWISE_BEZIER_KNOTS.);
#5813 = CARTESIAN_POINT('',(-40.09119192431,-6.2));
#5814 = CARTESIAN_POINT('',(-40.09119192431,-7.5));
#5815 = ( GEOMETRIC_REPRESENTATION_CONTEXT(2) 
PARAMETRIC_REPRESENTATION_CONTEXT() REPRESENTATION_CONTEXT('2D SPACE',''
  ) );
#5816 = PCURVE('',#5817,#5822);
#5817 = PLANE('',#5818);
#5818 = AXIS2_PLACEMENT_3D('',#5819,#5820,#5821);
#5819 = CARTESIAN_POINT('',(-7.5,57.4117,32.5));
#5820 = DIRECTION('',(-0.,1.,0.));
#5821 = DIRECTION('',(0.,0.,1.));
#5822 = DEFINITIONAL_REPRESENTATION('',(#5823),#5826);
#5823 = B_SPLINE_CURVE_WITH_KNOTS('',1,(#5824,#5825),.UNSPECIFIED.,.F.,
  .F.,(2,2),(2.45,3.75),.PIECEWISE_BEZIER_KNOTS.);
#5824 = CARTESIAN_POINT('',(3.5,1.3));
#5825 = CARTESIAN_POINT('',(3.5,0.));
#5826 = ( GEOMETRIC_REPRESENTATION_CONTEXT(2) 
PARAMETRIC_REPRESENTATION_CONTEXT() REPRESENTATION_CONTEXT('2D SPACE',''
  ) );
#5827 = ORIENTED_EDGE('',*,*,#5828,.T.);
#5828 = EDGE_CURVE('',#5803,#5829,#5831,.T.);
#5829 = VERTEX_POINT('',#5830);
#5830 = CARTESIAN_POINT('',(-6.2,58.4117,36.));
#5831 = SURFACE_CURVE('',#5832,(#5836,#5842),.PCURVE_S1.);
#5832 = LINE('',#5833,#5834);
#5833 = CARTESIAN_POINT('',(-6.2,35.816104037844,36.));
#5834 = VECTOR('',#5835,1.);
#5835 = DIRECTION('',(-0.,1.,-1.110223024625E-16));
#5836 = PCURVE('',#4171,#5837);
#5837 = DEFINITIONAL_REPRESENTATION('',(#5838),#5841);
#5838 = B_SPLINE_CURVE_WITH_KNOTS('',1,(#5839,#5840),.UNSPECIFIED.,.F.,
  .F.,(2,2),(18.495595962156,22.595595962156),.PIECEWISE_BEZIER_KNOTS.);
#5839 = CARTESIAN_POINT('',(-36.99119192431,-6.2));
#5840 = CARTESIAN_POINT('',(-41.09119192431,-6.2));
#5841 = ( GEOMETRIC_REPRESENTATION_CONTEXT(2) 
PARAMETRIC_REPRESENTATION_CONTEXT() REPRESENTATION_CONTEXT('2D SPACE',''
  ) );
#5842 = PCURVE('',#5843,#5848);
#5843 = PLANE('',#5844);
#5844 = AXIS2_PLACEMENT_3D('',#5845,#5846,#5847);
#5845 = CARTESIAN_POINT('',(-6.2,54.3117,32.4));
#5846 = DIRECTION('',(1.,0.,-0.));
#5847 = DIRECTION('',(0.,0.,1.));
#5848 = DEFINITIONAL_REPRESENTATION('',(#5849),#5853);
#5849 = LINE('',#5850,#5851);
#5850 = CARTESIAN_POINT('',(3.6,18.495595962156));
#5851 = VECTOR('',#5852,1.);
#5852 = DIRECTION('',(-1.110223024625E-16,-1.));
#5853 = ( GEOMETRIC_REPRESENTATION_CONTEXT(2) 
PARAMETRIC_REPRESENTATION_CONTEXT() REPRESENTATION_CONTEXT('2D SPACE',''
  ) );
#5854 = ORIENTED_EDGE('',*,*,#5855,.F.);
#5855 = EDGE_CURVE('',#5856,#5829,#5858,.T.);
#5856 = VERTEX_POINT('',#5857);
#5857 = CARTESIAN_POINT('',(6.2,58.4117,36.));
#5858 = SURFACE_CURVE('',#5859,(#5863,#5869),.PCURVE_S1.);
#5859 = LINE('',#5860,#5861);
#5860 = CARTESIAN_POINT('',(-3.1,58.4117,36.));
#5861 = VECTOR('',#5862,1.);
#5862 = DIRECTION('',(-1.,-0.,5.947623346206E-16));
#5863 = PCURVE('',#4171,#5864);
#5864 = DEFINITIONAL_REPRESENTATION('',(#5865),#5868);
#5865 = B_SPLINE_CURVE_WITH_KNOTS('',1,(#5866,#5867),.UNSPECIFIED.,.F.,
  .F.,(2,2),(-9.3,3.1),.PIECEWISE_BEZIER_KNOTS.);
#5866 = CARTESIAN_POINT('',(-41.09119192431,6.2));
#5867 = CARTESIAN_POINT('',(-41.09119192431,-6.2));
#5868 = ( GEOMETRIC_REPRESENTATION_CONTEXT(2) 
PARAMETRIC_REPRESENTATION_CONTEXT() REPRESENTATION_CONTEXT('2D SPACE',''
  ) );
#5869 = PCURVE('',#5870,#5875);
#5870 = PLANE('',#5871);
#5871 = AXIS2_PLACEMENT_3D('',#5872,#5873,#5874);
#5872 = CARTESIAN_POINT('',(-6.2,58.4117,32.4));
#5873 = DIRECTION('',(-0.,1.,0.));
#5874 = DIRECTION('',(0.,0.,1.));
#5875 = DEFINITIONAL_REPRESENTATION('',(#5876),#5879);
#5876 = B_SPLINE_CURVE_WITH_KNOTS('',1,(#5877,#5878),.UNSPECIFIED.,.F.,
  .F.,(2,2),(-9.3,3.1),.PIECEWISE_BEZIER_KNOTS.);
#5877 = CARTESIAN_POINT('',(3.6,12.4));
#5878 = CARTESIAN_POINT('',(3.6,0.));
#5879 = ( GEOMETRIC_REPRESENTATION_CONTEXT(2) 
PARAMETRIC_REPRESENTATION_CONTEXT() REPRESENTATION_CONTEXT('2D SPACE',''
  ) );
#5880 = ORIENTED_EDGE('',*,*,#5881,.F.);
#5881 = EDGE_CURVE('',#5882,#5856,#5884,.T.);
#5882 = VERTEX_POINT('',#5883);
#5883 = CARTESIAN_POINT('',(6.2,57.4117,36.));
#5884 = SURFACE_CURVE('',#5885,(#5889,#5895),.PCURVE_S1.);
#5885 = LINE('',#5886,#5887);
#5886 = CARTESIAN_POINT('',(6.2,35.816104037844,36.));
#5887 = VECTOR('',#5888,1.);
#5888 = DIRECTION('',(-0.,1.,-1.110223024625E-16));
#5889 = PCURVE('',#4171,#5890);
#5890 = DEFINITIONAL_REPRESENTATION('',(#5891),#5894);
#5891 = B_SPLINE_CURVE_WITH_KNOTS('',1,(#5892,#5893),.UNSPECIFIED.,.F.,
  .F.,(2,2),(18.495595962156,22.595595962156),.PIECEWISE_BEZIER_KNOTS.);
#5892 = CARTESIAN_POINT('',(-36.99119192431,6.2));
#5893 = CARTESIAN_POINT('',(-41.09119192431,6.2));
#5894 = ( GEOMETRIC_REPRESENTATION_CONTEXT(2) 
PARAMETRIC_REPRESENTATION_CONTEXT() REPRESENTATION_CONTEXT('2D SPACE',''
  ) );
#5895 = PCURVE('',#5896,#5901);
#5896 = PLANE('',#5897);
#5897 = AXIS2_PLACEMENT_3D('',#5898,#5899,#5900);
#5898 = CARTESIAN_POINT('',(6.2,54.3117,32.4));
#5899 = DIRECTION('',(1.,0.,-0.));
#5900 = DIRECTION('',(0.,0.,1.));
#5901 = DEFINITIONAL_REPRESENTATION('',(#5902),#5906);
#5902 = LINE('',#5903,#5904);
#5903 = CARTESIAN_POINT('',(3.6,18.495595962156));
#5904 = VECTOR('',#5905,1.);
#5905 = DIRECTION('',(-1.110223024625E-16,-1.));
#5906 = ( GEOMETRIC_REPRESENTATION_CONTEXT(2) 
PARAMETRIC_REPRESENTATION_CONTEXT() REPRESENTATION_CONTEXT('2D SPACE',''
  ) );
#5907 = ORIENTED_EDGE('',*,*,#5908,.F.);
#5908 = EDGE_CURVE('',#5725,#5882,#5909,.T.);
#5909 = SURFACE_CURVE('',#5910,(#5914,#5920),.PCURVE_S1.);
#5910 = LINE('',#5911,#5912);
#5911 = CARTESIAN_POINT('',(-3.75,57.4117,36.));
#5912 = VECTOR('',#5913,1.);
#5913 = DIRECTION('',(-1.,-0.,5.947623346206E-16));
#5914 = PCURVE('',#4171,#5915);
#5915 = DEFINITIONAL_REPRESENTATION('',(#5916),#5919);
#5916 = B_SPLINE_CURVE_WITH_KNOTS('',1,(#5917,#5918),.UNSPECIFIED.,.F.,
  .F.,(2,2),(-11.25,-9.95),.PIECEWISE_BEZIER_KNOTS.);
#5917 = CARTESIAN_POINT('',(-40.09119192431,7.5));
#5918 = CARTESIAN_POINT('',(-40.09119192431,6.2));
#5919 = ( GEOMETRIC_REPRESENTATION_CONTEXT(2) 
PARAMETRIC_REPRESENTATION_CONTEXT() REPRESENTATION_CONTEXT('2D SPACE',''
  ) );
#5920 = PCURVE('',#5921,#5926);
#5921 = PLANE('',#5922);
#5922 = AXIS2_PLACEMENT_3D('',#5923,#5924,#5925);
#5923 = CARTESIAN_POINT('',(-7.5,57.4117,32.5));
#5924 = DIRECTION('',(-0.,1.,0.));
#5925 = DIRECTION('',(0.,0.,1.));
#5926 = DEFINITIONAL_REPRESENTATION('',(#5927),#5930);
#5927 = B_SPLINE_CURVE_WITH_KNOTS('',1,(#5928,#5929),.UNSPECIFIED.,.F.,
  .F.,(2,2),(-11.25,-9.95),.PIECEWISE_BEZIER_KNOTS.);
#5928 = CARTESIAN_POINT('',(3.5,15.));
#5929 = CARTESIAN_POINT('',(3.5,13.7));
#5930 = ( GEOMETRIC_REPRESENTATION_CONTEXT(2) 
PARAMETRIC_REPRESENTATION_CONTEXT() REPRESENTATION_CONTEXT('2D SPACE',''
  ) );
#5931 = ADVANCED_FACE('',(#5932),#4143,.F.);
#5932 = FACE_BOUND('',#5933,.F.);
#5933 = EDGE_LOOP('',(#5934,#5957,#5958,#5959));
#5934 = ORIENTED_EDGE('',*,*,#5935,.T.);
#5935 = EDGE_CURVE('',#5936,#4099,#5938,.T.);
#5936 = VERTEX_POINT('',#5937);
#5937 = CARTESIAN_POINT('',(22.5,25.626933041054,31.));
#5938 = SURFACE_CURVE('',#5939,(#5943,#5950),.PCURVE_S1.);
#5939 = LINE('',#5940,#5941);
#5940 = CARTESIAN_POINT('',(22.5,17.320508075689,31.));
#5941 = VECTOR('',#5942,1.);
#5942 = DIRECTION('',(0.,1.,-1.110223024625E-16));
#5943 = PCURVE('',#4143,#5944);
#5944 = DEFINITIONAL_REPRESENTATION('',(#5945),#5949);
#5945 = LINE('',#5946,#5947);
#5946 = CARTESIAN_POINT('',(1.570796326795,-5.329070518201E-15));
#5947 = VECTOR('',#5948,1.);
#5948 = DIRECTION('',(-9.761580827885E-18,1.));
#5949 = ( GEOMETRIC_REPRESENTATION_CONTEXT(2) 
PARAMETRIC_REPRESENTATION_CONTEXT() REPRESENTATION_CONTEXT('2D SPACE',''
  ) );
#5950 = PCURVE('',#4114,#5951);
#5951 = DEFINITIONAL_REPRESENTATION('',(#5952),#5956);
#5952 = LINE('',#5953,#5954);
#5953 = CARTESIAN_POINT('',(-7.846787517318,4.5));
#5954 = VECTOR('',#5955,1.);
#5955 = DIRECTION('',(-0.5,0.866025403784));
#5956 = ( GEOMETRIC_REPRESENTATION_CONTEXT(2) 
PARAMETRIC_REPRESENTATION_CONTEXT() REPRESENTATION_CONTEXT('2D SPACE',''
  ) );
#5957 = ORIENTED_EDGE('',*,*,#4126,.T.);
#5958 = ORIENTED_EDGE('',*,*,#5697,.T.);
#5959 = ORIENTED_EDGE('',*,*,#5960,.T.);
#5960 = EDGE_CURVE('',#5670,#5936,#5961,.T.);
#5961 = SURFACE_CURVE('',#5962,(#5967,#5996),.PCURVE_S1.);
#5962 = ELLIPSE('',#5963,5.17638090205,5.);
#5963 = AXIS2_PLACEMENT_3D('',#5964,#5965,#5966);
#5964 = CARTESIAN_POINT('',(17.5,25.626933041054,31.));
#5965 = DIRECTION('',(0.,0.965925826289,-0.258819045103));
#5966 = DIRECTION('',(0.,0.258819045103,0.965925826289));
#5967 = PCURVE('',#4143,#5968);
#5968 = DEFINITIONAL_REPRESENTATION('',(#5969),#5995);
#5969 = B_SPLINE_CURVE_WITH_KNOTS('',3,(#5970,#5971,#5972,#5973,#5974,
    #5975,#5976,#5977,#5978,#5979,#5980,#5981,#5982,#5983,#5984,#5985,
    #5986,#5987,#5988,#5989,#5990,#5991,#5992,#5993,#5994),
  .UNSPECIFIED.,.F.,.F.,(4,1,1,1,1,1,1,1,1,1,1,1,1,1,1,1,1,1,1,1,1,1,4),
  (0.,7.139983303613E-02,0.142799666072,0.214199499108,0.285599332145,
    0.356999165181,0.428398998217,0.499798831253,0.571198664289,
    0.642598497325,0.713998330361,0.785398163397,0.856797996434,
    0.92819782947,0.999597662506,1.070997495542,1.142397328578,
    1.213797161614,1.28519699465,1.356596827687,1.427996660723,
    1.499396493759,1.570796326795),.QUASI_UNIFORM_KNOTS.);
#5970 = CARTESIAN_POINT('',(0.,9.64617092752));
#5971 = CARTESIAN_POINT('',(2.379994434538E-02,9.646173816757));
#5972 = CARTESIAN_POINT('',(7.139983303613E-02,9.643891972813));
#5973 = CARTESIAN_POINT('',(0.142799666072,9.633661820165));
#5974 = CARTESIAN_POINT('',(0.214199499108,9.616666218808));
#5975 = CARTESIAN_POINT('',(0.285599332145,9.5929945055));
#5976 = CARTESIAN_POINT('',(0.356999165181,9.56276657408));
#5977 = CARTESIAN_POINT('',(0.428398998217,9.526136655237));
#5978 = CARTESIAN_POINT('',(0.499798831253,9.483291354103));
#5979 = CARTESIAN_POINT('',(0.571198664289,9.434449014589));
#5980 = CARTESIAN_POINT('',(0.642598497325,9.379858522289));
#5981 = CARTESIAN_POINT('',(0.713998330361,9.319798058849));
#5982 = CARTESIAN_POINT('',(0.785398163397,9.254573678354));
#5983 = CARTESIAN_POINT('',(0.856797996434,9.184517749369));
#5984 = CARTESIAN_POINT('',(0.92819782947,9.109987260824));
#5985 = CARTESIAN_POINT('',(0.999597662506,9.031362003035));
#5986 = CARTESIAN_POINT('',(1.070997495542,8.949042632202));
#5987 = CARTESIAN_POINT('',(1.142397328578,8.8634486293));
#5988 = CARTESIAN_POINT('',(1.213797161614,8.775016160517));
#5989 = CARTESIAN_POINT('',(1.28519699465,8.684195862038));
#5990 = CARTESIAN_POINT('',(1.356596827687,8.591450516135));
#5991 = CARTESIAN_POINT('',(1.427996660723,8.497252795849));
#5992 = CARTESIAN_POINT('',(1.499396493759,8.402082472248));
#5993 = CARTESIAN_POINT('',(1.54699638245,8.338311092853));
#5994 = CARTESIAN_POINT('',(1.570796326795,8.306424965365));
#5995 = ( GEOMETRIC_REPRESENTATION_CONTEXT(2) 
PARAMETRIC_REPRESENTATION_CONTEXT() REPRESENTATION_CONTEXT('2D SPACE',''
  ) );
#5996 = PCURVE('',#5997,#6002);
#5997 = CYLINDRICAL_SURFACE('',#5998,5.);
#5998 = AXIS2_PLACEMENT_3D('',#5999,#6000,#6001);
#5999 = CARTESIAN_POINT('',(17.5,15.5,36.846787517318));
#6000 = DIRECTION('',(0.,0.866025403784,-0.5));
#6001 = DIRECTION('',(0.,0.5,0.866025403784));
#6002 = DEFINITIONAL_REPRESENTATION('',(#6003),#6029);
#6003 = B_SPLINE_CURVE_WITH_KNOTS('',3,(#6004,#6005,#6006,#6007,#6008,
    #6009,#6010,#6011,#6012,#6013,#6014,#6015,#6016,#6017,#6018,#6019,
    #6020,#6021,#6022,#6023,#6024,#6025,#6026,#6027,#6028),
  .UNSPECIFIED.,.F.,.F.,(4,1,1,1,1,1,1,1,1,1,1,1,1,1,1,1,1,1,1,1,1,1,4),
  (0.,7.139983303613E-02,0.142799666072,0.214199499108,0.285599332145,
    0.356999165181,0.428398998217,0.499798831253,0.571198664289,
    0.642598497325,0.713998330361,0.785398163397,0.856797996434,
    0.92819782947,0.999597662506,1.070997495542,1.142397328578,
    1.213797161614,1.28519699465,1.356596827687,1.427996660723,
    1.499396493759,1.570796326795),.QUASI_UNIFORM_KNOTS.);
#6004 = CARTESIAN_POINT('',(0.,10.35382907248));
#6005 = CARTESIAN_POINT('',(2.379994434538E-02,10.353826183243));
#6006 = CARTESIAN_POINT('',(7.139983303613E-02,10.356108027187));
#6007 = CARTESIAN_POINT('',(0.142799666072,10.366338179835));
#6008 = CARTESIAN_POINT('',(0.214199499108,10.383333781192));
#6009 = CARTESIAN_POINT('',(0.285599332145,10.4070054945));
#6010 = CARTESIAN_POINT('',(0.356999165181,10.43723342592));
#6011 = CARTESIAN_POINT('',(0.428398998217,10.473863344763));
#6012 = CARTESIAN_POINT('',(0.499798831253,10.516708645897));
#6013 = CARTESIAN_POINT('',(0.571198664289,10.565550985411));
#6014 = CARTESIAN_POINT('',(0.642598497325,10.620141477711));
#6015 = CARTESIAN_POINT('',(0.713998330361,10.680201941151));
#6016 = CARTESIAN_POINT('',(0.785398163397,10.745426321646));
#6017 = CARTESIAN_POINT('',(0.856797996434,10.815482250631));
#6018 = CARTESIAN_POINT('',(0.92819782947,10.890012739176));
#6019 = CARTESIAN_POINT('',(0.999597662506,10.968637996965));
#6020 = CARTESIAN_POINT('',(1.070997495542,11.050957367798));
#6021 = CARTESIAN_POINT('',(1.142397328578,11.1365513707));
#6022 = CARTESIAN_POINT('',(1.213797161614,11.224983839483));
#6023 = CARTESIAN_POINT('',(1.28519699465,11.315804137962));
#6024 = CARTESIAN_POINT('',(1.356596827687,11.408549483865));
#6025 = CARTESIAN_POINT('',(1.427996660723,11.502747204151));
#6026 = CARTESIAN_POINT('',(1.499396493759,11.597917527752));
#6027 = CARTESIAN_POINT('',(1.54699638245,11.661688907147));
#6028 = CARTESIAN_POINT('',(1.570796326795,11.693575034635));
#6029 = ( GEOMETRIC_REPRESENTATION_CONTEXT(2) 
PARAMETRIC_REPRESENTATION_CONTEXT() REPRESENTATION_CONTEXT('2D SPACE',''
  ) );
#6030 = ADVANCED_FACE('',(#6031),#4114,.F.);
#6031 = FACE_BOUND('',#6032,.T.);
#6032 = EDGE_LOOP('',(#6033,#6058,#6079,#6080,#6081,#6082));
#6033 = ORIENTED_EDGE('',*,*,#6034,.F.);
#6034 = EDGE_CURVE('',#6035,#6037,#6039,.T.);
#6035 = VERTEX_POINT('',#6036);
#6036 = CARTESIAN_POINT('',(22.5,16.799038105677,36.096787517318));
#6037 = VERTEX_POINT('',#6038);
#6038 = CARTESIAN_POINT('',(22.5,4.799038105677,15.312177826491));
#6039 = SURFACE_CURVE('',#6040,(#6044,#6051),.PCURVE_S1.);
#6040 = LINE('',#6041,#6042);
#6041 = CARTESIAN_POINT('',(22.5,10.799038105677,25.704482671904));
#6042 = VECTOR('',#6043,1.);
#6043 = DIRECTION('',(0.,-0.5,-0.866025403784));
#6044 = PCURVE('',#4114,#6045);
#6045 = DEFINITIONAL_REPRESENTATION('',(#6046),#6050);
#6046 = LINE('',#6047,#6048);
#6047 = CARTESIAN_POINT('',(3.219646771413E-15,1.5));
#6048 = VECTOR('',#6049,1.);
#6049 = DIRECTION('',(1.,0.));
#6050 = ( GEOMETRIC_REPRESENTATION_CONTEXT(2) 
PARAMETRIC_REPRESENTATION_CONTEXT() REPRESENTATION_CONTEXT('2D SPACE',''
  ) );
#6051 = PCURVE('',#5488,#6052);
#6052 = DEFINITIONAL_REPRESENTATION('',(#6053),#6057);
#6053 = LINE('',#6054,#6055);
#6054 = CARTESIAN_POINT('',(22.5,-6.391467286721E-15));
#6055 = VECTOR('',#6056,1.);
#6056 = DIRECTION('',(0.,-1.));
#6057 = ( GEOMETRIC_REPRESENTATION_CONTEXT(2) 
PARAMETRIC_REPRESENTATION_CONTEXT() REPRESENTATION_CONTEXT('2D SPACE',''
  ) );
#6058 = ORIENTED_EDGE('',*,*,#6059,.T.);
#6059 = EDGE_CURVE('',#6035,#5936,#6060,.T.);
#6060 = SURFACE_CURVE('',#6061,(#6065,#6072),.PCURVE_S1.);
#6061 = LINE('',#6062,#6063);
#6062 = CARTESIAN_POINT('',(22.5,15.5,36.846787517318));
#6063 = VECTOR('',#6064,1.);
#6064 = DIRECTION('',(0.,0.866025403784,-0.5));
#6065 = PCURVE('',#4114,#6066);
#6066 = DEFINITIONAL_REPRESENTATION('',(#6067),#6071);
#6067 = LINE('',#6068,#6069);
#6068 = CARTESIAN_POINT('',(-12.,8.881784197001E-16));
#6069 = VECTOR('',#6070,1.);
#6070 = DIRECTION('',(0.,1.));
#6071 = ( GEOMETRIC_REPRESENTATION_CONTEXT(2) 
PARAMETRIC_REPRESENTATION_CONTEXT() REPRESENTATION_CONTEXT('2D SPACE',''
  ) );
#6072 = PCURVE('',#5997,#6073);
#6073 = DEFINITIONAL_REPRESENTATION('',(#6074),#6078);
#6074 = LINE('',#6075,#6076);
#6075 = CARTESIAN_POINT('',(1.570796326795,0.));
#6076 = VECTOR('',#6077,1.);
#6077 = DIRECTION('',(0.,1.));
#6078 = ( GEOMETRIC_REPRESENTATION_CONTEXT(2) 
PARAMETRIC_REPRESENTATION_CONTEXT() REPRESENTATION_CONTEXT('2D SPACE',''
  ) );
#6079 = ORIENTED_EDGE('',*,*,#5935,.T.);
#6080 = ORIENTED_EDGE('',*,*,#4098,.T.);
#6081 = ORIENTED_EDGE('',*,*,#4691,.F.);
#6082 = ORIENTED_EDGE('',*,*,#6083,.F.);
#6083 = EDGE_CURVE('',#6037,#4692,#6084,.T.);
#6084 = SURFACE_CURVE('',#6085,(#6089,#6096),.PCURVE_S1.);
#6085 = LINE('',#6086,#6087);
#6086 = CARTESIAN_POINT('',(22.5,3.5,16.062177826491));
#6087 = VECTOR('',#6088,1.);
#6088 = DIRECTION('',(0.,0.866025403784,-0.5));
#6089 = PCURVE('',#4114,#6090);
#6090 = DEFINITIONAL_REPRESENTATION('',(#6091),#6095);
#6091 = LINE('',#6092,#6093);
#6092 = CARTESIAN_POINT('',(12.,0.));
#6093 = VECTOR('',#6094,1.);
#6094 = DIRECTION('',(0.,1.));
#6095 = ( GEOMETRIC_REPRESENTATION_CONTEXT(2) 
PARAMETRIC_REPRESENTATION_CONTEXT() REPRESENTATION_CONTEXT('2D SPACE',''
  ) );
#6096 = PCURVE('',#4753,#6097);
#6097 = DEFINITIONAL_REPRESENTATION('',(#6098),#6102);
#6098 = LINE('',#6099,#6100);
#6099 = CARTESIAN_POINT('',(1.570796326795,0.));
#6100 = VECTOR('',#6101,1.);
#6101 = DIRECTION('',(0.,1.));
#6102 = ( GEOMETRIC_REPRESENTATION_CONTEXT(2) 
PARAMETRIC_REPRESENTATION_CONTEXT() REPRESENTATION_CONTEXT('2D SPACE',''
  ) );
#6103 = ADVANCED_FACE('',(#6104),#4286,.F.);
#6104 = FACE_BOUND('',#6105,.F.);
#6105 = EDGE_LOOP('',(#6106,#6125,#6126,#6152));
#6106 = ORIENTED_EDGE('',*,*,#6107,.T.);
#6107 = EDGE_CURVE('',#4271,#4788,#6108,.T.);
#6108 = SURFACE_CURVE('',#6109,(#6113,#6119),.PCURVE_S1.);
#6109 = LINE('',#6110,#6111);
#6110 = CARTESIAN_POINT('',(-10.25,34.4,2.));
#6111 = VECTOR('',#6112,1.);
#6112 = DIRECTION('',(1.,0.,-5.947623346206E-16));
#6113 = PCURVE('',#4286,#6114);
#6114 = DEFINITIONAL_REPRESENTATION('',(#6115),#6118);
#6115 = B_SPLINE_CURVE_WITH_KNOTS('',1,(#6116,#6117),.UNSPECIFIED.,.F.,
  .F.,(2,2),(-7.25,27.75),.PIECEWISE_BEZIER_KNOTS.);
#6116 = CARTESIAN_POINT('',(17.079491924311,-17.5));
#6117 = CARTESIAN_POINT('',(17.079491924311,17.5));
#6118 = ( GEOMETRIC_REPRESENTATION_CONTEXT(2) 
PARAMETRIC_REPRESENTATION_CONTEXT() REPRESENTATION_CONTEXT('2D SPACE',''
  ) );
#6119 = PCURVE('',#4514,#6120);
#6120 = DEFINITIONAL_REPRESENTATION('',(#6121),#6124);
#6121 = B_SPLINE_CURVE_WITH_KNOTS('',1,(#6122,#6123),.UNSPECIFIED.,.F.,
  .F.,(2,2),(-7.25,27.75),.PIECEWISE_BEZIER_KNOTS.);
#6122 = CARTESIAN_POINT('',(8.4,3.));
#6123 = CARTESIAN_POINT('',(8.4,38.));
#6124 = ( GEOMETRIC_REPRESENTATION_CONTEXT(2) 
PARAMETRIC_REPRESENTATION_CONTEXT() REPRESENTATION_CONTEXT('2D SPACE',''
  ) );
#6125 = ORIENTED_EDGE('',*,*,#4787,.F.);
#6126 = ORIENTED_EDGE('',*,*,#6127,.T.);
#6127 = EDGE_CURVE('',#4715,#4269,#6128,.T.);
#6128 = SURFACE_CURVE('',#6129,(#6133,#6140),.PCURVE_S1.);
#6129 = LINE('',#6130,#6131);
#6130 = CARTESIAN_POINT('',(4.440892098501E-15,17.856406460551,2.));
#6131 = VECTOR('',#6132,1.);
#6132 = DIRECTION('',(-1.,1.5936608725E-16,5.947623346206E-16));
#6133 = PCURVE('',#4286,#6134);
#6134 = DEFINITIONAL_REPRESENTATION('',(#6135),#6139);
#6135 = LINE('',#6136,#6137);
#6136 = CARTESIAN_POINT('',(0.535898384862,0.));
#6137 = VECTOR('',#6138,1.);
#6138 = DIRECTION('',(1.5936608725E-16,-1.));
#6139 = ( GEOMETRIC_REPRESENTATION_CONTEXT(2) 
PARAMETRIC_REPRESENTATION_CONTEXT() REPRESENTATION_CONTEXT('2D SPACE',''
  ) );
#6140 = PCURVE('',#6141,#6146);
#6141 = PLANE('',#6142);
#6142 = AXIS2_PLACEMENT_3D('',#6143,#6144,#6145);
#6143 = CARTESIAN_POINT('',(4.440892098501E-15,1.,11.732050807569));
#6144 = DIRECTION('',(-5.947623346206E-16,-0.5,-0.866025403784));
#6145 = DIRECTION('',(-1.,2.973811673103E-16,5.150792909956E-16));
#6146 = DEFINITIONAL_REPRESENTATION('',(#6147),#6151);
#6147 = LINE('',#6148,#6149);
#6148 = CARTESIAN_POINT('',(0.,19.464101615138));
#6149 = VECTOR('',#6150,1.);
#6150 = DIRECTION('',(1.,-1.5936608725E-16));
#6151 = ( GEOMETRIC_REPRESENTATION_CONTEXT(2) 
PARAMETRIC_REPRESENTATION_CONTEXT() REPRESENTATION_CONTEXT('2D SPACE',''
  ) );
#6152 = ORIENTED_EDGE('',*,*,#4268,.T.);
#6153 = ADVANCED_FACE('',(#6154),#4514,.T.);
#6154 = FACE_BOUND('',#6155,.T.);
#6155 = EDGE_LOOP('',(#6156,#6179,#6207,#6228,#6229,#6230));
#6156 = ORIENTED_EDGE('',*,*,#6157,.F.);
#6157 = EDGE_CURVE('',#6158,#4811,#6160,.T.);
#6158 = VERTEX_POINT('',#6159);
#6159 = CARTESIAN_POINT('',(20.5,34.4,-6.4));
#6160 = SURFACE_CURVE('',#6161,(#6165,#6172),.PCURVE_S1.);
#6161 = LINE('',#6162,#6163);
#6162 = CARTESIAN_POINT('',(20.5,34.4,-6.4));
#6163 = VECTOR('',#6164,1.);
#6164 = DIRECTION('',(0.,0.,1.));
#6165 = PCURVE('',#4514,#6166);
#6166 = DEFINITIONAL_REPRESENTATION('',(#6167),#6171);
#6167 = LINE('',#6168,#6169);
#6168 = CARTESIAN_POINT('',(0.,41.));
#6169 = VECTOR('',#6170,1.);
#6170 = DIRECTION('',(1.,0.));
#6171 = ( GEOMETRIC_REPRESENTATION_CONTEXT(2) 
PARAMETRIC_REPRESENTATION_CONTEXT() REPRESENTATION_CONTEXT('2D SPACE',''
  ) );
#6172 = PCURVE('',#4849,#6173);
#6173 = DEFINITIONAL_REPRESENTATION('',(#6174),#6178);
#6174 = LINE('',#6175,#6176);
#6175 = CARTESIAN_POINT('',(0.,0.));
#6176 = VECTOR('',#6177,1.);
#6177 = DIRECTION('',(1.,0.));
#6178 = ( GEOMETRIC_REPRESENTATION_CONTEXT(2) 
PARAMETRIC_REPRESENTATION_CONTEXT() REPRESENTATION_CONTEXT('2D SPACE',''
  ) );
#6179 = ORIENTED_EDGE('',*,*,#6180,.F.);
#6180 = EDGE_CURVE('',#6181,#6158,#6183,.T.);
#6181 = VERTEX_POINT('',#6182);
#6182 = CARTESIAN_POINT('',(-20.5,34.4,-6.4));
#6183 = SURFACE_CURVE('',#6184,(#6188,#6195),.PCURVE_S1.);
#6184 = LINE('',#6185,#6186);
#6185 = CARTESIAN_POINT('',(-20.5,34.4,-6.4));
#6186 = VECTOR('',#6187,1.);
#6187 = DIRECTION('',(1.,0.,-0.));
#6188 = PCURVE('',#4514,#6189);
#6189 = DEFINITIONAL_REPRESENTATION('',(#6190),#6194);
#6190 = LINE('',#6191,#6192);
#6191 = CARTESIAN_POINT('',(0.,0.));
#6192 = VECTOR('',#6193,1.);
#6193 = DIRECTION('',(0.,1.));
#6194 = ( GEOMETRIC_REPRESENTATION_CONTEXT(2) 
PARAMETRIC_REPRESENTATION_CONTEXT() REPRESENTATION_CONTEXT('2D SPACE',''
  ) );
#6195 = PCURVE('',#6196,#6201);
#6196 = PLANE('',#6197);
#6197 = AXIS2_PLACEMENT_3D('',#6198,#6199,#6200);
#6198 = CARTESIAN_POINT('',(-20.5,34.4,-6.4));
#6199 = DIRECTION('',(0.,0.,1.));
#6200 = DIRECTION('',(1.,0.,-0.));
#6201 = DEFINITIONAL_REPRESENTATION('',(#6202),#6206);
#6202 = LINE('',#6203,#6204);
#6203 = CARTESIAN_POINT('',(0.,0.));
#6204 = VECTOR('',#6205,1.);
#6205 = DIRECTION('',(1.,0.));
#6206 = ( GEOMETRIC_REPRESENTATION_CONTEXT(2) 
PARAMETRIC_REPRESENTATION_CONTEXT() REPRESENTATION_CONTEXT('2D SPACE',''
  ) );
#6207 = ORIENTED_EDGE('',*,*,#6208,.T.);
#6208 = EDGE_CURVE('',#6181,#4474,#6209,.T.);
#6209 = SURFACE_CURVE('',#6210,(#6214,#6221),.PCURVE_S1.);
#6210 = LINE('',#6211,#6212);
#6211 = CARTESIAN_POINT('',(-20.5,34.4,-6.4));
#6212 = VECTOR('',#6213,1.);
#6213 = DIRECTION('',(0.,0.,1.));
#6214 = PCURVE('',#4514,#6215);
#6215 = DEFINITIONAL_REPRESENTATION('',(#6216),#6220);
#6216 = LINE('',#6217,#6218);
#6217 = CARTESIAN_POINT('',(0.,0.));
#6218 = VECTOR('',#6219,1.);
#6219 = DIRECTION('',(1.,0.));
#6220 = ( GEOMETRIC_REPRESENTATION_CONTEXT(2) 
PARAMETRIC_REPRESENTATION_CONTEXT() REPRESENTATION_CONTEXT('2D SPACE',''
  ) );
#6221 = PCURVE('',#4488,#6222);
#6222 = DEFINITIONAL_REPRESENTATION('',(#6223),#6227);
#6223 = LINE('',#6224,#6225);
#6224 = CARTESIAN_POINT('',(0.,0.));
#6225 = VECTOR('',#6226,1.);
#6226 = DIRECTION('',(1.,0.));
#6227 = ( GEOMETRIC_REPRESENTATION_CONTEXT(2) 
PARAMETRIC_REPRESENTATION_CONTEXT() REPRESENTATION_CONTEXT('2D SPACE',''
  ) );
#6228 = ORIENTED_EDGE('',*,*,#4499,.F.);
#6229 = ORIENTED_EDGE('',*,*,#6107,.T.);
#6230 = ORIENTED_EDGE('',*,*,#4810,.F.);
#6231 = ADVANCED_FACE('',(#6232),#4488,.T.);
#6232 = FACE_BOUND('',#6233,.T.);
#6233 = EDGE_LOOP('',(#6234,#6235,#6258,#6286,#6307,#6326));
#6234 = ORIENTED_EDGE('',*,*,#6208,.F.);
#6235 = ORIENTED_EDGE('',*,*,#6236,.T.);
#6236 = EDGE_CURVE('',#6181,#6237,#6239,.T.);
#6237 = VERTEX_POINT('',#6238);
#6238 = CARTESIAN_POINT('',(-20.5,68.5,-6.4));
#6239 = SURFACE_CURVE('',#6240,(#6244,#6251),.PCURVE_S1.);
#6240 = LINE('',#6241,#6242);
#6241 = CARTESIAN_POINT('',(-20.5,34.4,-6.4));
#6242 = VECTOR('',#6243,1.);
#6243 = DIRECTION('',(-0.,1.,0.));
#6244 = PCURVE('',#4488,#6245);
#6245 = DEFINITIONAL_REPRESENTATION('',(#6246),#6250);
#6246 = LINE('',#6247,#6248);
#6247 = CARTESIAN_POINT('',(0.,0.));
#6248 = VECTOR('',#6249,1.);
#6249 = DIRECTION('',(0.,-1.));
#6250 = ( GEOMETRIC_REPRESENTATION_CONTEXT(2) 
PARAMETRIC_REPRESENTATION_CONTEXT() REPRESENTATION_CONTEXT('2D SPACE',''
  ) );
#6251 = PCURVE('',#6196,#6252);
#6252 = DEFINITIONAL_REPRESENTATION('',(#6253),#6257);
#6253 = LINE('',#6254,#6255);
#6254 = CARTESIAN_POINT('',(0.,0.));
#6255 = VECTOR('',#6256,1.);
#6256 = DIRECTION('',(0.,1.));
#6257 = ( GEOMETRIC_REPRESENTATION_CONTEXT(2) 
PARAMETRIC_REPRESENTATION_CONTEXT() REPRESENTATION_CONTEXT('2D SPACE',''
  ) );
#6258 = ORIENTED_EDGE('',*,*,#6259,.T.);
#6259 = EDGE_CURVE('',#6237,#6260,#6262,.T.);
#6260 = VERTEX_POINT('',#6261);
#6261 = CARTESIAN_POINT('',(-20.5,68.5,0.8));
#6262 = SURFACE_CURVE('',#6263,(#6267,#6274),.PCURVE_S1.);
#6263 = LINE('',#6264,#6265);
#6264 = CARTESIAN_POINT('',(-20.5,68.5,-6.4));
#6265 = VECTOR('',#6266,1.);
#6266 = DIRECTION('',(0.,0.,1.));
#6267 = PCURVE('',#4488,#6268);
#6268 = DEFINITIONAL_REPRESENTATION('',(#6269),#6273);
#6269 = LINE('',#6270,#6271);
#6270 = CARTESIAN_POINT('',(0.,-34.1));
#6271 = VECTOR('',#6272,1.);
#6272 = DIRECTION('',(1.,0.));
#6273 = ( GEOMETRIC_REPRESENTATION_CONTEXT(2) 
PARAMETRIC_REPRESENTATION_CONTEXT() REPRESENTATION_CONTEXT('2D SPACE',''
  ) );
#6274 = PCURVE('',#6275,#6280);
#6275 = PLANE('',#6276);
#6276 = AXIS2_PLACEMENT_3D('',#6277,#6278,#6279);
#6277 = CARTESIAN_POINT('',(-20.5,68.5,-6.4));
#6278 = DIRECTION('',(-0.,1.,0.));
#6279 = DIRECTION('',(0.,0.,1.));
#6280 = DEFINITIONAL_REPRESENTATION('',(#6281),#6285);
#6281 = LINE('',#6282,#6283);
#6282 = CARTESIAN_POINT('',(0.,0.));
#6283 = VECTOR('',#6284,1.);
#6284 = DIRECTION('',(1.,0.));
#6285 = ( GEOMETRIC_REPRESENTATION_CONTEXT(2) 
PARAMETRIC_REPRESENTATION_CONTEXT() REPRESENTATION_CONTEXT('2D SPACE',''
  ) );
#6286 = ORIENTED_EDGE('',*,*,#6287,.T.);
#6287 = EDGE_CURVE('',#6260,#6288,#6290,.T.);
#6288 = VERTEX_POINT('',#6289);
#6289 = CARTESIAN_POINT('',(-20.5,49.05,0.8));
#6290 = SURFACE_CURVE('',#6291,(#6295,#6301),.PCURVE_S1.);
#6291 = LINE('',#6292,#6293);
#6292 = CARTESIAN_POINT('',(-20.5,41.725,0.8));
#6293 = VECTOR('',#6294,1.);
#6294 = DIRECTION('',(0.,-1.,0.));
#6295 = PCURVE('',#4488,#6296);
#6296 = DEFINITIONAL_REPRESENTATION('',(#6297),#6300);
#6297 = B_SPLINE_CURVE_WITH_KNOTS('',1,(#6298,#6299),.UNSPECIFIED.,.F.,
  .F.,(2,2),(-26.775,-7.325),.PIECEWISE_BEZIER_KNOTS.);
#6298 = CARTESIAN_POINT('',(7.2,-34.1));
#6299 = CARTESIAN_POINT('',(7.2,-14.65));
#6300 = ( GEOMETRIC_REPRESENTATION_CONTEXT(2) 
PARAMETRIC_REPRESENTATION_CONTEXT() REPRESENTATION_CONTEXT('2D SPACE',''
  ) );
#6301 = PCURVE('',#4575,#6302);
#6302 = DEFINITIONAL_REPRESENTATION('',(#6303),#6306);
#6303 = B_SPLINE_CURVE_WITH_KNOTS('',1,(#6304,#6305),.UNSPECIFIED.,.F.,
  .F.,(2,2),(-26.775,-7.325),.PIECEWISE_BEZIER_KNOTS.);
#6304 = CARTESIAN_POINT('',(1.7,19.45));
#6305 = CARTESIAN_POINT('',(1.7,0.));
#6306 = ( GEOMETRIC_REPRESENTATION_CONTEXT(2) 
PARAMETRIC_REPRESENTATION_CONTEXT() REPRESENTATION_CONTEXT('2D SPACE',''
  ) );
#6307 = ORIENTED_EDGE('',*,*,#6308,.T.);
#6308 = EDGE_CURVE('',#6288,#4445,#6309,.T.);
#6309 = SURFACE_CURVE('',#6310,(#6314,#6320),.PCURVE_S1.);
#6310 = LINE('',#6311,#6312);
#6311 = CARTESIAN_POINT('',(-20.5,49.05,-2.8));
#6312 = VECTOR('',#6313,1.);
#6313 = DIRECTION('',(0.,0.,1.));
#6314 = PCURVE('',#4488,#6315);
#6315 = DEFINITIONAL_REPRESENTATION('',(#6316),#6319);
#6316 = B_SPLINE_CURVE_WITH_KNOTS('',1,(#6317,#6318),.UNSPECIFIED.,.F.,
  .F.,(2,2),(3.6,5.8),.PIECEWISE_BEZIER_KNOTS.);
#6317 = CARTESIAN_POINT('',(7.2,-14.65));
#6318 = CARTESIAN_POINT('',(9.4,-14.65));
#6319 = ( GEOMETRIC_REPRESENTATION_CONTEXT(2) 
PARAMETRIC_REPRESENTATION_CONTEXT() REPRESENTATION_CONTEXT('2D SPACE',''
  ) );
#6320 = PCURVE('',#4461,#6321);
#6321 = DEFINITIONAL_REPRESENTATION('',(#6322),#6325);
#6322 = B_SPLINE_CURVE_WITH_KNOTS('',1,(#6323,#6324),.UNSPECIFIED.,.F.,
  .F.,(2,2),(3.6,5.8),.PIECEWISE_BEZIER_KNOTS.);
#6323 = CARTESIAN_POINT('',(0.,1.7));
#6324 = CARTESIAN_POINT('',(2.2,1.7));
#6325 = ( GEOMETRIC_REPRESENTATION_CONTEXT(2) 
PARAMETRIC_REPRESENTATION_CONTEXT() REPRESENTATION_CONTEXT('2D SPACE',''
  ) );
#6326 = ORIENTED_EDGE('',*,*,#4473,.F.);
#6327 = ADVANCED_FACE('',(#6328),#4461,.T.);
#6328 = FACE_BOUND('',#6329,.T.);
#6329 = EDGE_LOOP('',(#6330,#6353,#6376,#6397,#6398));
#6330 = ORIENTED_EDGE('',*,*,#6331,.F.);
#6331 = EDGE_CURVE('',#6332,#6288,#6334,.T.);
#6332 = VERTEX_POINT('',#6333);
#6333 = CARTESIAN_POINT('',(-22.2,49.05,0.8));
#6334 = SURFACE_CURVE('',#6335,(#6339,#6346),.PCURVE_S1.);
#6335 = LINE('',#6336,#6337);
#6336 = CARTESIAN_POINT('',(-22.2,49.05,0.8));
#6337 = VECTOR('',#6338,1.);
#6338 = DIRECTION('',(1.,0.,-0.));
#6339 = PCURVE('',#4461,#6340);
#6340 = DEFINITIONAL_REPRESENTATION('',(#6341),#6345);
#6341 = LINE('',#6342,#6343);
#6342 = CARTESIAN_POINT('',(0.,0.));
#6343 = VECTOR('',#6344,1.);
#6344 = DIRECTION('',(0.,1.));
#6345 = ( GEOMETRIC_REPRESENTATION_CONTEXT(2) 
PARAMETRIC_REPRESENTATION_CONTEXT() REPRESENTATION_CONTEXT('2D SPACE',''
  ) );
#6346 = PCURVE('',#4575,#6347);
#6347 = DEFINITIONAL_REPRESENTATION('',(#6348),#6352);
#6348 = LINE('',#6349,#6350);
#6349 = CARTESIAN_POINT('',(0.,0.));
#6350 = VECTOR('',#6351,1.);
#6351 = DIRECTION('',(1.,0.));
#6352 = ( GEOMETRIC_REPRESENTATION_CONTEXT(2) 
PARAMETRIC_REPRESENTATION_CONTEXT() REPRESENTATION_CONTEXT('2D SPACE',''
  ) );
#6353 = ORIENTED_EDGE('',*,*,#6354,.T.);
#6354 = EDGE_CURVE('',#6332,#6355,#6357,.T.);
#6355 = VERTEX_POINT('',#6356);
#6356 = CARTESIAN_POINT('',(-22.2,49.05,5.2));
#6357 = SURFACE_CURVE('',#6358,(#6362,#6369),.PCURVE_S1.);
#6358 = LINE('',#6359,#6360);
#6359 = CARTESIAN_POINT('',(-22.2,49.05,0.8));
#6360 = VECTOR('',#6361,1.);
#6361 = DIRECTION('',(0.,0.,1.));
#6362 = PCURVE('',#4461,#6363);
#6363 = DEFINITIONAL_REPRESENTATION('',(#6364),#6368);
#6364 = LINE('',#6365,#6366);
#6365 = CARTESIAN_POINT('',(0.,0.));
#6366 = VECTOR('',#6367,1.);
#6367 = DIRECTION('',(1.,0.));
#6368 = ( GEOMETRIC_REPRESENTATION_CONTEXT(2) 
PARAMETRIC_REPRESENTATION_CONTEXT() REPRESENTATION_CONTEXT('2D SPACE',''
  ) );
#6369 = PCURVE('',#4603,#6370);
#6370 = DEFINITIONAL_REPRESENTATION('',(#6371),#6375);
#6371 = LINE('',#6372,#6373);
#6372 = CARTESIAN_POINT('',(0.,0.));
#6373 = VECTOR('',#6374,1.);
#6374 = DIRECTION('',(1.,0.));
#6375 = ( GEOMETRIC_REPRESENTATION_CONTEXT(2) 
PARAMETRIC_REPRESENTATION_CONTEXT() REPRESENTATION_CONTEXT('2D SPACE',''
  ) );
#6376 = ORIENTED_EDGE('',*,*,#6377,.T.);
#6377 = EDGE_CURVE('',#6355,#4419,#6378,.T.);
#6378 = SURFACE_CURVE('',#6379,(#6383,#6390),.PCURVE_S1.);
#6379 = LINE('',#6380,#6381);
#6380 = CARTESIAN_POINT('',(-22.2,49.05,5.2));
#6381 = VECTOR('',#6382,1.);
#6382 = DIRECTION('',(1.,0.,-0.));
#6383 = PCURVE('',#4461,#6384);
#6384 = DEFINITIONAL_REPRESENTATION('',(#6385),#6389);
#6385 = LINE('',#6386,#6387);
#6386 = CARTESIAN_POINT('',(4.4,0.));
#6387 = VECTOR('',#6388,1.);
#6388 = DIRECTION('',(0.,1.));
#6389 = ( GEOMETRIC_REPRESENTATION_CONTEXT(2) 
PARAMETRIC_REPRESENTATION_CONTEXT() REPRESENTATION_CONTEXT('2D SPACE',''
  ) );
#6390 = PCURVE('',#4433,#6391);
#6391 = DEFINITIONAL_REPRESENTATION('',(#6392),#6396);
#6392 = LINE('',#6393,#6394);
#6393 = CARTESIAN_POINT('',(0.,0.));
#6394 = VECTOR('',#6395,1.);
#6395 = DIRECTION('',(1.,0.));
#6396 = ( GEOMETRIC_REPRESENTATION_CONTEXT(2) 
PARAMETRIC_REPRESENTATION_CONTEXT() REPRESENTATION_CONTEXT('2D SPACE',''
  ) );
#6397 = ORIENTED_EDGE('',*,*,#4444,.F.);
#6398 = ORIENTED_EDGE('',*,*,#6308,.F.);
#6399 = ADVANCED_FACE('',(#6400),#4433,.F.);
#6400 = FACE_BOUND('',#6401,.F.);
#6401 = EDGE_LOOP('',(#6402,#6403,#6424,#6425));
#6402 = ORIENTED_EDGE('',*,*,#4615,.F.);
#6403 = ORIENTED_EDGE('',*,*,#6404,.F.);
#6404 = EDGE_CURVE('',#6355,#4588,#6405,.T.);
#6405 = SURFACE_CURVE('',#6406,(#6410,#6417),.PCURVE_S1.);
#6406 = LINE('',#6407,#6408);
#6407 = CARTESIAN_POINT('',(-22.2,49.05,5.2));
#6408 = VECTOR('',#6409,1.);
#6409 = DIRECTION('',(-0.,1.,0.));
#6410 = PCURVE('',#4433,#6411);
#6411 = DEFINITIONAL_REPRESENTATION('',(#6412),#6416);
#6412 = LINE('',#6413,#6414);
#6413 = CARTESIAN_POINT('',(0.,0.));
#6414 = VECTOR('',#6415,1.);
#6415 = DIRECTION('',(0.,1.));
#6416 = ( GEOMETRIC_REPRESENTATION_CONTEXT(2) 
PARAMETRIC_REPRESENTATION_CONTEXT() REPRESENTATION_CONTEXT('2D SPACE',''
  ) );
#6417 = PCURVE('',#4603,#6418);
#6418 = DEFINITIONAL_REPRESENTATION('',(#6419),#6423);
#6419 = LINE('',#6420,#6421);
#6420 = CARTESIAN_POINT('',(4.4,0.));
#6421 = VECTOR('',#6422,1.);
#6422 = DIRECTION('',(0.,-1.));
#6423 = ( GEOMETRIC_REPRESENTATION_CONTEXT(2) 
PARAMETRIC_REPRESENTATION_CONTEXT() REPRESENTATION_CONTEXT('2D SPACE',''
  ) );
#6424 = ORIENTED_EDGE('',*,*,#6377,.T.);
#6425 = ORIENTED_EDGE('',*,*,#4418,.T.);
#6426 = ADVANCED_FACE('',(#6427),#4337,.F.);
#6427 = FACE_BOUND('',#6428,.F.);
#6428 = EDGE_LOOP('',(#6429,#6430,#6431,#6454));
#6429 = ORIENTED_EDGE('',*,*,#5500,.T.);
#6430 = ORIENTED_EDGE('',*,*,#4298,.F.);
#6431 = ORIENTED_EDGE('',*,*,#6432,.F.);
#6432 = EDGE_CURVE('',#6433,#4269,#6435,.T.);
#6433 = VERTEX_POINT('',#6434);
#6434 = CARTESIAN_POINT('',(-17.5,2.299038105677,10.982050807569));
#6435 = SURFACE_CURVE('',#6436,(#6440,#6447),.PCURVE_S1.);
#6436 = LINE('',#6437,#6438);
#6437 = CARTESIAN_POINT('',(-17.5,1.,11.732050807569));
#6438 = VECTOR('',#6439,1.);
#6439 = DIRECTION('',(0.,0.866025403784,-0.5));
#6440 = PCURVE('',#4337,#6441);
#6441 = DEFINITIONAL_REPRESENTATION('',(#6442),#6446);
#6442 = LINE('',#6443,#6444);
#6443 = CARTESIAN_POINT('',(3.14159265359,0.));
#6444 = VECTOR('',#6445,1.);
#6445 = DIRECTION('',(0.,1.));
#6446 = ( GEOMETRIC_REPRESENTATION_CONTEXT(2) 
PARAMETRIC_REPRESENTATION_CONTEXT() REPRESENTATION_CONTEXT('2D SPACE',''
  ) );
#6447 = PCURVE('',#6141,#6448);
#6448 = DEFINITIONAL_REPRESENTATION('',(#6449),#6453);
#6449 = LINE('',#6450,#6451);
#6450 = CARTESIAN_POINT('',(17.5,1.742183488199E-16));
#6451 = VECTOR('',#6452,1.);
#6452 = DIRECTION('',(0.,1.));
#6453 = ( GEOMETRIC_REPRESENTATION_CONTEXT(2) 
PARAMETRIC_REPRESENTATION_CONTEXT() REPRESENTATION_CONTEXT('2D SPACE',''
  ) );
#6454 = ORIENTED_EDGE('',*,*,#6455,.F.);
#6455 = EDGE_CURVE('',#5473,#6433,#6456,.T.);
#6456 = SURFACE_CURVE('',#6457,(#6462,#6469),.PCURVE_S1.);
#6457 = CIRCLE('',#6458,5.);
#6458 = AXIS2_PLACEMENT_3D('',#6459,#6460,#6461);
#6459 = CARTESIAN_POINT('',(-17.5,4.799038105677,15.312177826491));
#6460 = DIRECTION('',(0.,-0.866025403784,0.5));
#6461 = DIRECTION('',(0.,-0.5,-0.866025403784));
#6462 = PCURVE('',#4337,#6463);
#6463 = DEFINITIONAL_REPRESENTATION('',(#6464),#6468);
#6464 = LINE('',#6465,#6466);
#6465 = CARTESIAN_POINT('',(9.424777960769,1.5));
#6466 = VECTOR('',#6467,1.);
#6467 = DIRECTION('',(-1.,0.));
#6468 = ( GEOMETRIC_REPRESENTATION_CONTEXT(2) 
PARAMETRIC_REPRESENTATION_CONTEXT() REPRESENTATION_CONTEXT('2D SPACE',''
  ) );
#6469 = PCURVE('',#5488,#6470);
#6470 = DEFINITIONAL_REPRESENTATION('',(#6471),#6475);
#6471 = CIRCLE('',#6472,5.);
#6472 = AXIS2_PLACEMENT_2D('',#6473,#6474);
#6473 = CARTESIAN_POINT('',(-17.5,-12.));
#6474 = DIRECTION('',(0.,-1.));
#6475 = ( GEOMETRIC_REPRESENTATION_CONTEXT(2) 
PARAMETRIC_REPRESENTATION_CONTEXT() REPRESENTATION_CONTEXT('2D SPACE',''
  ) );
#6476 = ADVANCED_FACE('',(#6477),#4547,.F.);
#6477 = FACE_BOUND('',#6478,.F.);
#6478 = EDGE_LOOP('',(#6479,#6504,#6525,#6526));
#6479 = ORIENTED_EDGE('',*,*,#6480,.F.);
#6480 = EDGE_CURVE('',#6481,#6483,#6485,.T.);
#6481 = VERTEX_POINT('',#6482);
#6482 = CARTESIAN_POINT('',(22.2,49.05,0.8));
#6483 = VERTEX_POINT('',#6484);
#6484 = CARTESIAN_POINT('',(22.2,49.05,5.2));
#6485 = SURFACE_CURVE('',#6486,(#6490,#6497),.PCURVE_S1.);
#6486 = LINE('',#6487,#6488);
#6487 = CARTESIAN_POINT('',(22.2,49.05,0.8));
#6488 = VECTOR('',#6489,1.);
#6489 = DIRECTION('',(0.,0.,1.));
#6490 = PCURVE('',#4547,#6491);
#6491 = DEFINITIONAL_REPRESENTATION('',(#6492),#6496);
#6492 = LINE('',#6493,#6494);
#6493 = CARTESIAN_POINT('',(0.,0.));
#6494 = VECTOR('',#6495,1.);
#6495 = DIRECTION('',(1.,0.));
#6496 = ( GEOMETRIC_REPRESENTATION_CONTEXT(2) 
PARAMETRIC_REPRESENTATION_CONTEXT() REPRESENTATION_CONTEXT('2D SPACE',''
  ) );
#6497 = PCURVE('',#4877,#6498);
#6498 = DEFINITIONAL_REPRESENTATION('',(#6499),#6503);
#6499 = LINE('',#6500,#6501);
#6500 = CARTESIAN_POINT('',(0.,44.4));
#6501 = VECTOR('',#6502,1.);
#6502 = DIRECTION('',(1.,0.));
#6503 = ( GEOMETRIC_REPRESENTATION_CONTEXT(2) 
PARAMETRIC_REPRESENTATION_CONTEXT() REPRESENTATION_CONTEXT('2D SPACE',''
  ) );
#6504 = ORIENTED_EDGE('',*,*,#6505,.T.);
#6505 = EDGE_CURVE('',#6481,#4530,#6506,.T.);
#6506 = SURFACE_CURVE('',#6507,(#6511,#6518),.PCURVE_S1.);
#6507 = LINE('',#6508,#6509);
#6508 = CARTESIAN_POINT('',(22.2,49.05,0.8));
#6509 = VECTOR('',#6510,1.);
#6510 = DIRECTION('',(-0.,1.,0.));
#6511 = PCURVE('',#4547,#6512);
#6512 = DEFINITIONAL_REPRESENTATION('',(#6513),#6517);
#6513 = LINE('',#6514,#6515);
#6514 = CARTESIAN_POINT('',(0.,0.));
#6515 = VECTOR('',#6516,1.);
#6516 = DIRECTION('',(0.,-1.));
#6517 = ( GEOMETRIC_REPRESENTATION_CONTEXT(2) 
PARAMETRIC_REPRESENTATION_CONTEXT() REPRESENTATION_CONTEXT('2D SPACE',''
  ) );
#6518 = PCURVE('',#4575,#6519);
#6519 = DEFINITIONAL_REPRESENTATION('',(#6520),#6524);
#6520 = LINE('',#6521,#6522);
#6521 = CARTESIAN_POINT('',(44.4,0.));
#6522 = VECTOR('',#6523,1.);
#6523 = DIRECTION('',(0.,1.));
#6524 = ( GEOMETRIC_REPRESENTATION_CONTEXT(2) 
PARAMETRIC_REPRESENTATION_CONTEXT() REPRESENTATION_CONTEXT('2D SPACE',''
  ) );
#6525 = ORIENTED_EDGE('',*,*,#4529,.T.);
#6526 = ORIENTED_EDGE('',*,*,#6527,.F.);
#6527 = EDGE_CURVE('',#6483,#4532,#6528,.T.);
#6528 = SURFACE_CURVE('',#6529,(#6533,#6540),.PCURVE_S1.);
#6529 = LINE('',#6530,#6531);
#6530 = CARTESIAN_POINT('',(22.2,49.05,5.2));
#6531 = VECTOR('',#6532,1.);
#6532 = DIRECTION('',(-0.,1.,0.));
#6533 = PCURVE('',#4547,#6534);
#6534 = DEFINITIONAL_REPRESENTATION('',(#6535),#6539);
#6535 = LINE('',#6536,#6537);
#6536 = CARTESIAN_POINT('',(4.4,0.));
#6537 = VECTOR('',#6538,1.);
#6538 = DIRECTION('',(0.,-1.));
#6539 = ( GEOMETRIC_REPRESENTATION_CONTEXT(2) 
PARAMETRIC_REPRESENTATION_CONTEXT() REPRESENTATION_CONTEXT('2D SPACE',''
  ) );
#6540 = PCURVE('',#4676,#6541);
#6541 = DEFINITIONAL_REPRESENTATION('',(#6542),#6546);
#6542 = LINE('',#6543,#6544);
#6543 = CARTESIAN_POINT('',(44.4,0.));
#6544 = VECTOR('',#6545,1.);
#6545 = DIRECTION('',(0.,1.));
#6546 = ( GEOMETRIC_REPRESENTATION_CONTEXT(2) 
PARAMETRIC_REPRESENTATION_CONTEXT() REPRESENTATION_CONTEXT('2D SPACE',''
  ) );
#6547 = ADVANCED_FACE('',(#6548),#4676,.F.);
#6548 = FACE_BOUND('',#6549,.F.);
#6549 = EDGE_LOOP('',(#6550,#6551,#6552,#6573));
#6550 = ORIENTED_EDGE('',*,*,#4662,.F.);
#6551 = ORIENTED_EDGE('',*,*,#4889,.F.);
#6552 = ORIENTED_EDGE('',*,*,#6553,.T.);
#6553 = EDGE_CURVE('',#4861,#6483,#6554,.T.);
#6554 = SURFACE_CURVE('',#6555,(#6559,#6566),.PCURVE_S1.);
#6555 = LINE('',#6556,#6557);
#6556 = CARTESIAN_POINT('',(-22.2,49.05,5.2));
#6557 = VECTOR('',#6558,1.);
#6558 = DIRECTION('',(1.,0.,-0.));
#6559 = PCURVE('',#4676,#6560);
#6560 = DEFINITIONAL_REPRESENTATION('',(#6561),#6565);
#6561 = LINE('',#6562,#6563);
#6562 = CARTESIAN_POINT('',(0.,0.));
#6563 = VECTOR('',#6564,1.);
#6564 = DIRECTION('',(1.,0.));
#6565 = ( GEOMETRIC_REPRESENTATION_CONTEXT(2) 
PARAMETRIC_REPRESENTATION_CONTEXT() REPRESENTATION_CONTEXT('2D SPACE',''
  ) );
#6566 = PCURVE('',#4877,#6567);
#6567 = DEFINITIONAL_REPRESENTATION('',(#6568),#6572);
#6568 = LINE('',#6569,#6570);
#6569 = CARTESIAN_POINT('',(4.4,0.));
#6570 = VECTOR('',#6571,1.);
#6571 = DIRECTION('',(0.,1.));
#6572 = ( GEOMETRIC_REPRESENTATION_CONTEXT(2) 
PARAMETRIC_REPRESENTATION_CONTEXT() REPRESENTATION_CONTEXT('2D SPACE',''
  ) );
#6573 = ORIENTED_EDGE('',*,*,#6527,.T.);
#6574 = ADVANCED_FACE('',(#6575),#4603,.T.);
#6575 = FACE_BOUND('',#6576,.T.);
#6576 = EDGE_LOOP('',(#6577,#6578,#6599,#6600));
#6577 = ORIENTED_EDGE('',*,*,#6354,.F.);
#6578 = ORIENTED_EDGE('',*,*,#6579,.T.);
#6579 = EDGE_CURVE('',#6332,#4560,#6580,.T.);
#6580 = SURFACE_CURVE('',#6581,(#6585,#6592),.PCURVE_S1.);
#6581 = LINE('',#6582,#6583);
#6582 = CARTESIAN_POINT('',(-22.2,49.05,0.8));
#6583 = VECTOR('',#6584,1.);
#6584 = DIRECTION('',(-0.,1.,0.));
#6585 = PCURVE('',#4603,#6586);
#6586 = DEFINITIONAL_REPRESENTATION('',(#6587),#6591);
#6587 = LINE('',#6588,#6589);
#6588 = CARTESIAN_POINT('',(0.,0.));
#6589 = VECTOR('',#6590,1.);
#6590 = DIRECTION('',(0.,-1.));
#6591 = ( GEOMETRIC_REPRESENTATION_CONTEXT(2) 
PARAMETRIC_REPRESENTATION_CONTEXT() REPRESENTATION_CONTEXT('2D SPACE',''
  ) );
#6592 = PCURVE('',#4575,#6593);
#6593 = DEFINITIONAL_REPRESENTATION('',(#6594),#6598);
#6594 = LINE('',#6595,#6596);
#6595 = CARTESIAN_POINT('',(0.,0.));
#6596 = VECTOR('',#6597,1.);
#6597 = DIRECTION('',(0.,1.));
#6598 = ( GEOMETRIC_REPRESENTATION_CONTEXT(2) 
PARAMETRIC_REPRESENTATION_CONTEXT() REPRESENTATION_CONTEXT('2D SPACE',''
  ) );
#6599 = ORIENTED_EDGE('',*,*,#4587,.T.);
#6600 = ORIENTED_EDGE('',*,*,#6404,.F.);
#6601 = ADVANCED_FACE('',(#6602),#4575,.T.);
#6602 = FACE_BOUND('',#6603,.T.);
#6603 = EDGE_LOOP('',(#6604,#6605,#6606,#6607,#6608,#6629,#6650,#6671));
#6604 = ORIENTED_EDGE('',*,*,#4559,.F.);
#6605 = ORIENTED_EDGE('',*,*,#6579,.F.);
#6606 = ORIENTED_EDGE('',*,*,#6331,.T.);
#6607 = ORIENTED_EDGE('',*,*,#6287,.F.);
#6608 = ORIENTED_EDGE('',*,*,#6609,.T.);
#6609 = EDGE_CURVE('',#6260,#6610,#6612,.T.);
#6610 = VERTEX_POINT('',#6611);
#6611 = CARTESIAN_POINT('',(20.5,68.5,0.8));
#6612 = SURFACE_CURVE('',#6613,(#6617,#6623),.PCURVE_S1.);
#6613 = LINE('',#6614,#6615);
#6614 = CARTESIAN_POINT('',(-21.35,68.5,0.8));
#6615 = VECTOR('',#6616,1.);
#6616 = DIRECTION('',(1.,0.,-0.));
#6617 = PCURVE('',#4575,#6618);
#6618 = DEFINITIONAL_REPRESENTATION('',(#6619),#6622);
#6619 = B_SPLINE_CURVE_WITH_KNOTS('',1,(#6620,#6621),.UNSPECIFIED.,.F.,
  .F.,(2,2),(0.85,41.85),.PIECEWISE_BEZIER_KNOTS.);
#6620 = CARTESIAN_POINT('',(1.7,19.45));
#6621 = CARTESIAN_POINT('',(42.7,19.45));
#6622 = ( GEOMETRIC_REPRESENTATION_CONTEXT(2) 
PARAMETRIC_REPRESENTATION_CONTEXT() REPRESENTATION_CONTEXT('2D SPACE',''
  ) );
#6623 = PCURVE('',#6275,#6624);
#6624 = DEFINITIONAL_REPRESENTATION('',(#6625),#6628);
#6625 = B_SPLINE_CURVE_WITH_KNOTS('',1,(#6626,#6627),.UNSPECIFIED.,.F.,
  .F.,(2,2),(0.85,41.85),.PIECEWISE_BEZIER_KNOTS.);
#6626 = CARTESIAN_POINT('',(7.2,-2.6645352591E-15));
#6627 = CARTESIAN_POINT('',(7.2,41.));
#6628 = ( GEOMETRIC_REPRESENTATION_CONTEXT(2) 
PARAMETRIC_REPRESENTATION_CONTEXT() REPRESENTATION_CONTEXT('2D SPACE',''
  ) );
#6629 = ORIENTED_EDGE('',*,*,#6630,.T.);
#6630 = EDGE_CURVE('',#6610,#6631,#6633,.T.);
#6631 = VERTEX_POINT('',#6632);
#6632 = CARTESIAN_POINT('',(20.5,49.05,0.8));
#6633 = SURFACE_CURVE('',#6634,(#6638,#6644),.PCURVE_S1.);
#6634 = LINE('',#6635,#6636);
#6635 = CARTESIAN_POINT('',(20.5,41.725,0.8));
#6636 = VECTOR('',#6637,1.);
#6637 = DIRECTION('',(0.,-1.,0.));
#6638 = PCURVE('',#4575,#6639);
#6639 = DEFINITIONAL_REPRESENTATION('',(#6640),#6643);
#6640 = B_SPLINE_CURVE_WITH_KNOTS('',1,(#6641,#6642),.UNSPECIFIED.,.F.,
  .F.,(2,2),(-26.775,-7.325),.PIECEWISE_BEZIER_KNOTS.);
#6641 = CARTESIAN_POINT('',(42.7,19.45));
#6642 = CARTESIAN_POINT('',(42.7,0.));
#6643 = ( GEOMETRIC_REPRESENTATION_CONTEXT(2) 
PARAMETRIC_REPRESENTATION_CONTEXT() REPRESENTATION_CONTEXT('2D SPACE',''
  ) );
#6644 = PCURVE('',#4849,#6645);
#6645 = DEFINITIONAL_REPRESENTATION('',(#6646),#6649);
#6646 = B_SPLINE_CURVE_WITH_KNOTS('',1,(#6647,#6648),.UNSPECIFIED.,.F.,
  .F.,(2,2),(-26.775,-7.325),.PIECEWISE_BEZIER_KNOTS.);
#6647 = CARTESIAN_POINT('',(7.2,-34.1));
#6648 = CARTESIAN_POINT('',(7.2,-14.65));
#6649 = ( GEOMETRIC_REPRESENTATION_CONTEXT(2) 
PARAMETRIC_REPRESENTATION_CONTEXT() REPRESENTATION_CONTEXT('2D SPACE',''
  ) );
#6650 = ORIENTED_EDGE('',*,*,#6651,.T.);
#6651 = EDGE_CURVE('',#6631,#6481,#6652,.T.);
#6652 = SURFACE_CURVE('',#6653,(#6657,#6664),.PCURVE_S1.);
#6653 = LINE('',#6654,#6655);
#6654 = CARTESIAN_POINT('',(-22.2,49.05,0.8));
#6655 = VECTOR('',#6656,1.);
#6656 = DIRECTION('',(1.,0.,-0.));
#6657 = PCURVE('',#4575,#6658);
#6658 = DEFINITIONAL_REPRESENTATION('',(#6659),#6663);
#6659 = LINE('',#6660,#6661);
#6660 = CARTESIAN_POINT('',(0.,0.));
#6661 = VECTOR('',#6662,1.);
#6662 = DIRECTION('',(1.,0.));
#6663 = ( GEOMETRIC_REPRESENTATION_CONTEXT(2) 
PARAMETRIC_REPRESENTATION_CONTEXT() REPRESENTATION_CONTEXT('2D SPACE',''
  ) );
#6664 = PCURVE('',#4877,#6665);
#6665 = DEFINITIONAL_REPRESENTATION('',(#6666),#6670);
#6666 = LINE('',#6667,#6668);
#6667 = CARTESIAN_POINT('',(0.,0.));
#6668 = VECTOR('',#6669,1.);
#6669 = DIRECTION('',(0.,1.));
#6670 = ( GEOMETRIC_REPRESENTATION_CONTEXT(2) 
PARAMETRIC_REPRESENTATION_CONTEXT() REPRESENTATION_CONTEXT('2D SPACE',''
  ) );
#6671 = ORIENTED_EDGE('',*,*,#6505,.T.);
#6672 = ADVANCED_FACE('',(#6673),#4877,.T.);
#6673 = FACE_BOUND('',#6674,.T.);
#6674 = EDGE_LOOP('',(#6675,#6676,#6695,#6696,#6697));
#6675 = ORIENTED_EDGE('',*,*,#6651,.F.);
#6676 = ORIENTED_EDGE('',*,*,#6677,.T.);
#6677 = EDGE_CURVE('',#6631,#4835,#6678,.T.);
#6678 = SURFACE_CURVE('',#6679,(#6683,#6689),.PCURVE_S1.);
#6679 = LINE('',#6680,#6681);
#6680 = CARTESIAN_POINT('',(20.5,49.05,-2.8));
#6681 = VECTOR('',#6682,1.);
#6682 = DIRECTION('',(0.,0.,1.));
#6683 = PCURVE('',#4877,#6684);
#6684 = DEFINITIONAL_REPRESENTATION('',(#6685),#6688);
#6685 = B_SPLINE_CURVE_WITH_KNOTS('',1,(#6686,#6687),.UNSPECIFIED.,.F.,
  .F.,(2,2),(3.6,5.8),.PIECEWISE_BEZIER_KNOTS.);
#6686 = CARTESIAN_POINT('',(0.,42.7));
#6687 = CARTESIAN_POINT('',(2.2,42.7));
#6688 = ( GEOMETRIC_REPRESENTATION_CONTEXT(2) 
PARAMETRIC_REPRESENTATION_CONTEXT() REPRESENTATION_CONTEXT('2D SPACE',''
  ) );
#6689 = PCURVE('',#4849,#6690);
#6690 = DEFINITIONAL_REPRESENTATION('',(#6691),#6694);
#6691 = B_SPLINE_CURVE_WITH_KNOTS('',1,(#6692,#6693),.UNSPECIFIED.,.F.,
  .F.,(2,2),(3.6,5.8),.PIECEWISE_BEZIER_KNOTS.);
#6692 = CARTESIAN_POINT('',(7.2,-14.65));
#6693 = CARTESIAN_POINT('',(9.4,-14.65));
#6694 = ( GEOMETRIC_REPRESENTATION_CONTEXT(2) 
PARAMETRIC_REPRESENTATION_CONTEXT() REPRESENTATION_CONTEXT('2D SPACE',''
  ) );
#6695 = ORIENTED_EDGE('',*,*,#4860,.F.);
#6696 = ORIENTED_EDGE('',*,*,#6553,.T.);
#6697 = ORIENTED_EDGE('',*,*,#6480,.F.);
#6698 = ADVANCED_FACE('',(#6699),#4849,.F.);
#6699 = FACE_BOUND('',#6700,.F.);
#6700 = EDGE_LOOP('',(#6701,#6702,#6725,#6746,#6747,#6748));
#6701 = ORIENTED_EDGE('',*,*,#6157,.F.);
#6702 = ORIENTED_EDGE('',*,*,#6703,.T.);
#6703 = EDGE_CURVE('',#6158,#6704,#6706,.T.);
#6704 = VERTEX_POINT('',#6705);
#6705 = CARTESIAN_POINT('',(20.5,68.5,-6.4));
#6706 = SURFACE_CURVE('',#6707,(#6711,#6718),.PCURVE_S1.);
#6707 = LINE('',#6708,#6709);
#6708 = CARTESIAN_POINT('',(20.5,34.4,-6.4));
#6709 = VECTOR('',#6710,1.);
#6710 = DIRECTION('',(-0.,1.,0.));
#6711 = PCURVE('',#4849,#6712);
#6712 = DEFINITIONAL_REPRESENTATION('',(#6713),#6717);
#6713 = LINE('',#6714,#6715);
#6714 = CARTESIAN_POINT('',(0.,0.));
#6715 = VECTOR('',#6716,1.);
#6716 = DIRECTION('',(0.,-1.));
#6717 = ( GEOMETRIC_REPRESENTATION_CONTEXT(2) 
PARAMETRIC_REPRESENTATION_CONTEXT() REPRESENTATION_CONTEXT('2D SPACE',''
  ) );
#6718 = PCURVE('',#6196,#6719);
#6719 = DEFINITIONAL_REPRESENTATION('',(#6720),#6724);
#6720 = LINE('',#6721,#6722);
#6721 = CARTESIAN_POINT('',(41.,0.));
#6722 = VECTOR('',#6723,1.);
#6723 = DIRECTION('',(0.,1.));
#6724 = ( GEOMETRIC_REPRESENTATION_CONTEXT(2) 
PARAMETRIC_REPRESENTATION_CONTEXT() REPRESENTATION_CONTEXT('2D SPACE',''
  ) );
#6725 = ORIENTED_EDGE('',*,*,#6726,.T.);
#6726 = EDGE_CURVE('',#6704,#6610,#6727,.T.);
#6727 = SURFACE_CURVE('',#6728,(#6732,#6739),.PCURVE_S1.);
#6728 = LINE('',#6729,#6730);
#6729 = CARTESIAN_POINT('',(20.5,68.5,-6.4));
#6730 = VECTOR('',#6731,1.);
#6731 = DIRECTION('',(0.,0.,1.));
#6732 = PCURVE('',#4849,#6733);
#6733 = DEFINITIONAL_REPRESENTATION('',(#6734),#6738);
#6734 = LINE('',#6735,#6736);
#6735 = CARTESIAN_POINT('',(0.,-34.1));
#6736 = VECTOR('',#6737,1.);
#6737 = DIRECTION('',(1.,0.));
#6738 = ( GEOMETRIC_REPRESENTATION_CONTEXT(2) 
PARAMETRIC_REPRESENTATION_CONTEXT() REPRESENTATION_CONTEXT('2D SPACE',''
  ) );
#6739 = PCURVE('',#6275,#6740);
#6740 = DEFINITIONAL_REPRESENTATION('',(#6741),#6745);
#6741 = LINE('',#6742,#6743);
#6742 = CARTESIAN_POINT('',(0.,41.));
#6743 = VECTOR('',#6744,1.);
#6744 = DIRECTION('',(1.,0.));
#6745 = ( GEOMETRIC_REPRESENTATION_CONTEXT(2) 
PARAMETRIC_REPRESENTATION_CONTEXT() REPRESENTATION_CONTEXT('2D SPACE',''
  ) );
#6746 = ORIENTED_EDGE('',*,*,#6630,.T.);
#6747 = ORIENTED_EDGE('',*,*,#6677,.T.);
#6748 = ORIENTED_EDGE('',*,*,#4834,.F.);
#6749 = ADVANCED_FACE('',(#6750),#4753,.F.);
#6750 = FACE_BOUND('',#6751,.F.);
#6751 = EDGE_LOOP('',(#6752,#6775,#6776,#6777));
#6752 = ORIENTED_EDGE('',*,*,#6753,.T.);
#6753 = EDGE_CURVE('',#6754,#4715,#6756,.T.);
#6754 = VERTEX_POINT('',#6755);
#6755 = CARTESIAN_POINT('',(17.5,2.299038105677,10.982050807569));
#6756 = SURFACE_CURVE('',#6757,(#6761,#6768),.PCURVE_S1.);
#6757 = LINE('',#6758,#6759);
#6758 = CARTESIAN_POINT('',(17.5,1.,11.732050807569));
#6759 = VECTOR('',#6760,1.);
#6760 = DIRECTION('',(0.,0.866025403784,-0.5));
#6761 = PCURVE('',#4753,#6762);
#6762 = DEFINITIONAL_REPRESENTATION('',(#6763),#6767);
#6763 = LINE('',#6764,#6765);
#6764 = CARTESIAN_POINT('',(3.14159265359,0.));
#6765 = VECTOR('',#6766,1.);
#6766 = DIRECTION('',(0.,1.));
#6767 = ( GEOMETRIC_REPRESENTATION_CONTEXT(2) 
PARAMETRIC_REPRESENTATION_CONTEXT() REPRESENTATION_CONTEXT('2D SPACE',''
  ) );
#6768 = PCURVE('',#6141,#6769);
#6769 = DEFINITIONAL_REPRESENTATION('',(#6770),#6774);
#6770 = LINE('',#6771,#6772);
#6771 = CARTESIAN_POINT('',(-17.5,-1.742183488199E-16));
#6772 = VECTOR('',#6773,1.);
#6773 = DIRECTION('',(0.,1.));
#6774 = ( GEOMETRIC_REPRESENTATION_CONTEXT(2) 
PARAMETRIC_REPRESENTATION_CONTEXT() REPRESENTATION_CONTEXT('2D SPACE',''
  ) );
#6775 = ORIENTED_EDGE('',*,*,#4714,.F.);
#6776 = ORIENTED_EDGE('',*,*,#6083,.F.);
#6777 = ORIENTED_EDGE('',*,*,#6778,.F.);
#6778 = EDGE_CURVE('',#6754,#6037,#6779,.T.);
#6779 = SURFACE_CURVE('',#6780,(#6785,#6792),.PCURVE_S1.);
#6780 = CIRCLE('',#6781,5.);
#6781 = AXIS2_PLACEMENT_3D('',#6782,#6783,#6784);
#6782 = CARTESIAN_POINT('',(17.5,4.799038105677,15.312177826491));
#6783 = DIRECTION('',(0.,-0.866025403784,0.5));
#6784 = DIRECTION('',(0.,-0.5,-0.866025403784));
#6785 = PCURVE('',#4753,#6786);
#6786 = DEFINITIONAL_REPRESENTATION('',(#6787),#6791);
#6787 = LINE('',#6788,#6789);
#6788 = CARTESIAN_POINT('',(3.14159265359,1.5));
#6789 = VECTOR('',#6790,1.);
#6790 = DIRECTION('',(-1.,0.));
#6791 = ( GEOMETRIC_REPRESENTATION_CONTEXT(2) 
PARAMETRIC_REPRESENTATION_CONTEXT() REPRESENTATION_CONTEXT('2D SPACE',''
  ) );
#6792 = PCURVE('',#5488,#6793);
#6793 = DEFINITIONAL_REPRESENTATION('',(#6794),#6798);
#6794 = CIRCLE('',#6795,5.);
#6795 = AXIS2_PLACEMENT_2D('',#6796,#6797);
#6796 = CARTESIAN_POINT('',(17.5,-12.));
#6797 = DIRECTION('',(0.,-1.));
#6798 = ( GEOMETRIC_REPRESENTATION_CONTEXT(2) 
PARAMETRIC_REPRESENTATION_CONTEXT() REPRESENTATION_CONTEXT('2D SPACE',''
  ) );
#6799 = ADVANCED_FACE('',(#6800),#4982,.T.);
#6800 = FACE_BOUND('',#6801,.T.);
#6801 = EDGE_LOOP('',(#6802,#6803,#6804,#6805));
#6802 = ORIENTED_EDGE('',*,*,#5444,.T.);
#6803 = ORIENTED_EDGE('',*,*,#5023,.T.);
#6804 = ORIENTED_EDGE('',*,*,#4965,.F.);
#6805 = ORIENTED_EDGE('',*,*,#5349,.F.);
#6806 = ADVANCED_FACE('',(#6807),#5135,.F.);
#6807 = FACE_BOUND('',#6808,.T.);
#6808 = EDGE_LOOP('',(#6809,#6810,#6833,#6856));
#6809 = ORIENTED_EDGE('',*,*,#5117,.T.);
#6810 = ORIENTED_EDGE('',*,*,#6811,.F.);
#6811 = EDGE_CURVE('',#6812,#5120,#6814,.T.);
#6812 = VERTEX_POINT('',#6813);
#6813 = CARTESIAN_POINT('',(-23.3,4.799038105677,15.312177826491));
#6814 = SURFACE_CURVE('',#6815,(#6819,#6826),.PCURVE_S1.);
#6815 = LINE('',#6816,#6817);
#6816 = CARTESIAN_POINT('',(-23.3,4.799038105677,15.312177826491));
#6817 = VECTOR('',#6818,1.);
#6818 = DIRECTION('',(0.,-0.866025403784,0.5));
#6819 = PCURVE('',#5135,#6820);
#6820 = DEFINITIONAL_REPRESENTATION('',(#6821),#6825);
#6821 = LINE('',#6822,#6823);
#6822 = CARTESIAN_POINT('',(-12.,0.));
#6823 = VECTOR('',#6824,1.);
#6824 = DIRECTION('',(0.,-1.));
#6825 = ( GEOMETRIC_REPRESENTATION_CONTEXT(2) 
PARAMETRIC_REPRESENTATION_CONTEXT() REPRESENTATION_CONTEXT('2D SPACE',''
  ) );
#6826 = PCURVE('',#5333,#6827);
#6827 = DEFINITIONAL_REPRESENTATION('',(#6828),#6832);
#6828 = LINE('',#6829,#6830);
#6829 = CARTESIAN_POINT('',(4.712388980385,0.));
#6830 = VECTOR('',#6831,1.);
#6831 = DIRECTION('',(0.,1.));
#6832 = ( GEOMETRIC_REPRESENTATION_CONTEXT(2) 
PARAMETRIC_REPRESENTATION_CONTEXT() REPRESENTATION_CONTEXT('2D SPACE',''
  ) );
#6833 = ORIENTED_EDGE('',*,*,#6834,.F.);
#6834 = EDGE_CURVE('',#6835,#6812,#6837,.T.);
#6835 = VERTEX_POINT('',#6836);
#6836 = CARTESIAN_POINT('',(-23.3,16.799038105677,36.096787517318));
#6837 = SURFACE_CURVE('',#6838,(#6842,#6849),.PCURVE_S1.);
#6838 = LINE('',#6839,#6840);
#6839 = CARTESIAN_POINT('',(-23.3,10.799038105677,25.704482671904));
#6840 = VECTOR('',#6841,1.);
#6841 = DIRECTION('',(-5.782411586589E-16,-0.5,-0.866025403784));
#6842 = PCURVE('',#5135,#6843);
#6843 = DEFINITIONAL_REPRESENTATION('',(#6844),#6848);
#6844 = LINE('',#6845,#6846);
#6845 = CARTESIAN_POINT('',(0.,0.));
#6846 = VECTOR('',#6847,1.);
#6847 = DIRECTION('',(-1.,0.));
#6848 = ( GEOMETRIC_REPRESENTATION_CONTEXT(2) 
PARAMETRIC_REPRESENTATION_CONTEXT() REPRESENTATION_CONTEXT('2D SPACE',''
  ) );
#6849 = PCURVE('',#5488,#6850);
#6850 = DEFINITIONAL_REPRESENTATION('',(#6851),#6855);
#6851 = LINE('',#6852,#6853);
#6852 = CARTESIAN_POINT('',(-23.3,-2.30755522366E-15));
#6853 = VECTOR('',#6854,1.);
#6854 = DIRECTION('',(-5.782411586589E-16,-1.));
#6855 = ( GEOMETRIC_REPRESENTATION_CONTEXT(2) 
PARAMETRIC_REPRESENTATION_CONTEXT() REPRESENTATION_CONTEXT('2D SPACE',''
  ) );
#6856 = ORIENTED_EDGE('',*,*,#6857,.T.);
#6857 = EDGE_CURVE('',#6835,#5118,#6858,.T.);
#6858 = SURFACE_CURVE('',#6859,(#6863,#6870),.PCURVE_S1.);
#6859 = LINE('',#6860,#6861);
#6860 = CARTESIAN_POINT('',(-23.3,16.799038105677,36.096787517318));
#6861 = VECTOR('',#6862,1.);
#6862 = DIRECTION('',(0.,-0.866025403784,0.5));
#6863 = PCURVE('',#5135,#6864);
#6864 = DEFINITIONAL_REPRESENTATION('',(#6865),#6869);
#6865 = LINE('',#6866,#6867);
#6866 = CARTESIAN_POINT('',(12.,8.881784197001E-16));
#6867 = VECTOR('',#6868,1.);
#6868 = DIRECTION('',(0.,-1.));
#6869 = ( GEOMETRIC_REPRESENTATION_CONTEXT(2) 
PARAMETRIC_REPRESENTATION_CONTEXT() REPRESENTATION_CONTEXT('2D SPACE',''
  ) );
#6870 = PCURVE('',#5164,#6871);
#6871 = DEFINITIONAL_REPRESENTATION('',(#6872),#6876);
#6872 = LINE('',#6873,#6874);
#6873 = CARTESIAN_POINT('',(4.712388980385,0.));
#6874 = VECTOR('',#6875,1.);
#6875 = DIRECTION('',(0.,1.));
#6876 = ( GEOMETRIC_REPRESENTATION_CONTEXT(2) 
PARAMETRIC_REPRESENTATION_CONTEXT() REPRESENTATION_CONTEXT('2D SPACE',''
  ) );
#6877 = ADVANCED_FACE('',(#6878),#5164,.F.);
#6878 = FACE_BOUND('',#6879,.F.);
#6879 = EDGE_LOOP('',(#6880,#6903,#6925,#6926));
#6880 = ORIENTED_EDGE('',*,*,#6881,.F.);
#6881 = EDGE_CURVE('',#6882,#5148,#6884,.T.);
#6882 = VERTEX_POINT('',#6883);
#6883 = CARTESIAN_POINT('',(-17.5,19.699038105677,41.119734859267));
#6884 = SURFACE_CURVE('',#6885,(#6889,#6896),.PCURVE_S1.);
#6885 = LINE('',#6886,#6887);
#6886 = CARTESIAN_POINT('',(-17.5,19.699038105677,41.119734859267));
#6887 = VECTOR('',#6888,1.);
#6888 = DIRECTION('',(0.,-0.866025403784,0.5));
#6889 = PCURVE('',#5164,#6890);
#6890 = DEFINITIONAL_REPRESENTATION('',(#6891),#6895);
#6891 = LINE('',#6892,#6893);
#6892 = CARTESIAN_POINT('',(3.14159265359,0.));
#6893 = VECTOR('',#6894,1.);
#6894 = DIRECTION('',(0.,1.));
#6895 = ( GEOMETRIC_REPRESENTATION_CONTEXT(2) 
PARAMETRIC_REPRESENTATION_CONTEXT() REPRESENTATION_CONTEXT('2D SPACE',''
  ) );
#6896 = PCURVE('',#5192,#6897);
#6897 = DEFINITIONAL_REPRESENTATION('',(#6898),#6902);
#6898 = LINE('',#6899,#6900);
#6899 = CARTESIAN_POINT('',(-17.5,-2.252330219987E-15));
#6900 = VECTOR('',#6901,1.);
#6901 = DIRECTION('',(0.,-1.));
#6902 = ( GEOMETRIC_REPRESENTATION_CONTEXT(2) 
PARAMETRIC_REPRESENTATION_CONTEXT() REPRESENTATION_CONTEXT('2D SPACE',''
  ) );
#6903 = ORIENTED_EDGE('',*,*,#6904,.T.);
#6904 = EDGE_CURVE('',#6882,#6835,#6905,.T.);
#6905 = SURFACE_CURVE('',#6906,(#6911,#6918),.PCURVE_S1.);
#6906 = CIRCLE('',#6907,5.8);
#6907 = AXIS2_PLACEMENT_3D('',#6908,#6909,#6910);
#6908 = CARTESIAN_POINT('',(-17.5,16.799038105677,36.096787517318));
#6909 = DIRECTION('',(0.,-0.866025403784,0.5));
#6910 = DIRECTION('',(0.,-0.5,-0.866025403784));
#6911 = PCURVE('',#5164,#6912);
#6912 = DEFINITIONAL_REPRESENTATION('',(#6913),#6917);
#6913 = LINE('',#6914,#6915);
#6914 = CARTESIAN_POINT('',(0.,0.));
#6915 = VECTOR('',#6916,1.);
#6916 = DIRECTION('',(1.,0.));
#6917 = ( GEOMETRIC_REPRESENTATION_CONTEXT(2) 
PARAMETRIC_REPRESENTATION_CONTEXT() REPRESENTATION_CONTEXT('2D SPACE',''
  ) );
#6918 = PCURVE('',#5488,#6919);
#6919 = DEFINITIONAL_REPRESENTATION('',(#6920),#6924);
#6920 = CIRCLE('',#6921,5.8);
#6921 = AXIS2_PLACEMENT_2D('',#6922,#6923);
#6922 = CARTESIAN_POINT('',(-17.5,12.));
#6923 = DIRECTION('',(0.,-1.));
#6924 = ( GEOMETRIC_REPRESENTATION_CONTEXT(2) 
PARAMETRIC_REPRESENTATION_CONTEXT() REPRESENTATION_CONTEXT('2D SPACE',''
  ) );
#6925 = ORIENTED_EDGE('',*,*,#6857,.T.);
#6926 = ORIENTED_EDGE('',*,*,#5147,.F.);
#6927 = ADVANCED_FACE('',(#6928),#5192,.F.);
#6928 = FACE_BOUND('',#6929,.T.);
#6929 = EDGE_LOOP('',(#6930,#6931,#6932,#6955));
#6930 = ORIENTED_EDGE('',*,*,#5176,.T.);
#6931 = ORIENTED_EDGE('',*,*,#6881,.F.);
#6932 = ORIENTED_EDGE('',*,*,#6933,.F.);
#6933 = EDGE_CURVE('',#6934,#6882,#6936,.T.);
#6934 = VERTEX_POINT('',#6935);
#6935 = CARTESIAN_POINT('',(17.5,19.699038105677,41.119734859267));
#6936 = SURFACE_CURVE('',#6937,(#6941,#6948),.PCURVE_S1.);
#6937 = LINE('',#6938,#6939);
#6938 = CARTESIAN_POINT('',(0.,19.699038105677,41.119734859267));
#6939 = VECTOR('',#6940,1.);
#6940 = DIRECTION('',(-1.,2.973811673103E-16,5.150792909956E-16));
#6941 = PCURVE('',#5192,#6942);
#6942 = DEFINITIONAL_REPRESENTATION('',(#6943),#6947);
#6943 = LINE('',#6944,#6945);
#6944 = CARTESIAN_POINT('',(0.,0.));
#6945 = VECTOR('',#6946,1.);
#6946 = DIRECTION('',(-1.,4.930380657631E-32));
#6947 = ( GEOMETRIC_REPRESENTATION_CONTEXT(2) 
PARAMETRIC_REPRESENTATION_CONTEXT() REPRESENTATION_CONTEXT('2D SPACE',''
  ) );
#6948 = PCURVE('',#5488,#6949);
#6949 = DEFINITIONAL_REPRESENTATION('',(#6950),#6954);
#6950 = LINE('',#6951,#6952);
#6951 = CARTESIAN_POINT('',(0.,17.8));
#6952 = VECTOR('',#6953,1.);
#6953 = DIRECTION('',(-1.,5.947623346206E-16));
#6954 = ( GEOMETRIC_REPRESENTATION_CONTEXT(2) 
PARAMETRIC_REPRESENTATION_CONTEXT() REPRESENTATION_CONTEXT('2D SPACE',''
  ) );
#6955 = ORIENTED_EDGE('',*,*,#6956,.T.);
#6956 = EDGE_CURVE('',#6934,#5177,#6957,.T.);
#6957 = SURFACE_CURVE('',#6958,(#6962,#6969),.PCURVE_S1.);
#6958 = LINE('',#6959,#6960);
#6959 = CARTESIAN_POINT('',(17.5,19.699038105677,41.119734859267));
#6960 = VECTOR('',#6961,1.);
#6961 = DIRECTION('',(0.,-0.866025403784,0.5));
#6962 = PCURVE('',#5192,#6963);
#6963 = DEFINITIONAL_REPRESENTATION('',(#6964),#6968);
#6964 = LINE('',#6965,#6966);
#6965 = CARTESIAN_POINT('',(17.5,2.252330219987E-15));
#6966 = VECTOR('',#6967,1.);
#6967 = DIRECTION('',(0.,-1.));
#6968 = ( GEOMETRIC_REPRESENTATION_CONTEXT(2) 
PARAMETRIC_REPRESENTATION_CONTEXT() REPRESENTATION_CONTEXT('2D SPACE',''
  ) );
#6969 = PCURVE('',#5221,#6970);
#6970 = DEFINITIONAL_REPRESENTATION('',(#6971),#6975);
#6971 = LINE('',#6972,#6973);
#6972 = CARTESIAN_POINT('',(3.14159265359,0.));
#6973 = VECTOR('',#6974,1.);
#6974 = DIRECTION('',(0.,1.));
#6975 = ( GEOMETRIC_REPRESENTATION_CONTEXT(2) 
PARAMETRIC_REPRESENTATION_CONTEXT() REPRESENTATION_CONTEXT('2D SPACE',''
  ) );
#6976 = ADVANCED_FACE('',(#6977),#5221,.F.);
#6977 = FACE_BOUND('',#6978,.F.);
#6978 = EDGE_LOOP('',(#6979,#7002,#7024,#7025));
#6979 = ORIENTED_EDGE('',*,*,#6980,.F.);
#6980 = EDGE_CURVE('',#6981,#5205,#6983,.T.);
#6981 = VERTEX_POINT('',#6982);
#6982 = CARTESIAN_POINT('',(23.3,16.799038105677,36.096787517318));
#6983 = SURFACE_CURVE('',#6984,(#6988,#6995),.PCURVE_S1.);
#6984 = LINE('',#6985,#6986);
#6985 = CARTESIAN_POINT('',(23.3,16.799038105677,36.096787517318));
#6986 = VECTOR('',#6987,1.);
#6987 = DIRECTION('',(0.,-0.866025403784,0.5));
#6988 = PCURVE('',#5221,#6989);
#6989 = DEFINITIONAL_REPRESENTATION('',(#6990),#6994);
#6990 = LINE('',#6991,#6992);
#6991 = CARTESIAN_POINT('',(1.570796326795,0.));
#6992 = VECTOR('',#6993,1.);
#6993 = DIRECTION('',(0.,1.));
#6994 = ( GEOMETRIC_REPRESENTATION_CONTEXT(2) 
PARAMETRIC_REPRESENTATION_CONTEXT() REPRESENTATION_CONTEXT('2D SPACE',''
  ) );
#6995 = PCURVE('',#5249,#6996);
#6996 = DEFINITIONAL_REPRESENTATION('',(#6997),#7001);
#6997 = LINE('',#6998,#6999);
#6998 = CARTESIAN_POINT('',(12.,8.881784197001E-16));
#6999 = VECTOR('',#7000,1.);
#7000 = DIRECTION('',(0.,-1.));
#7001 = ( GEOMETRIC_REPRESENTATION_CONTEXT(2) 
PARAMETRIC_REPRESENTATION_CONTEXT() REPRESENTATION_CONTEXT('2D SPACE',''
  ) );
#7002 = ORIENTED_EDGE('',*,*,#7003,.T.);
#7003 = EDGE_CURVE('',#6981,#6934,#7004,.T.);
#7004 = SURFACE_CURVE('',#7005,(#7010,#7017),.PCURVE_S1.);
#7005 = CIRCLE('',#7006,5.8);
#7006 = AXIS2_PLACEMENT_3D('',#7007,#7008,#7009);
#7007 = CARTESIAN_POINT('',(17.5,16.799038105677,36.096787517318));
#7008 = DIRECTION('',(0.,-0.866025403784,0.5));
#7009 = DIRECTION('',(0.,-0.5,-0.866025403784));
#7010 = PCURVE('',#5221,#7011);
#7011 = DEFINITIONAL_REPRESENTATION('',(#7012),#7016);
#7012 = LINE('',#7013,#7014);
#7013 = CARTESIAN_POINT('',(0.,0.));
#7014 = VECTOR('',#7015,1.);
#7015 = DIRECTION('',(1.,0.));
#7016 = ( GEOMETRIC_REPRESENTATION_CONTEXT(2) 
PARAMETRIC_REPRESENTATION_CONTEXT() REPRESENTATION_CONTEXT('2D SPACE',''
  ) );
#7017 = PCURVE('',#5488,#7018);
#7018 = DEFINITIONAL_REPRESENTATION('',(#7019),#7023);
#7019 = CIRCLE('',#7020,5.8);
#7020 = AXIS2_PLACEMENT_2D('',#7021,#7022);
#7021 = CARTESIAN_POINT('',(17.5,12.));
#7022 = DIRECTION('',(0.,-1.));
#7023 = ( GEOMETRIC_REPRESENTATION_CONTEXT(2) 
PARAMETRIC_REPRESENTATION_CONTEXT() REPRESENTATION_CONTEXT('2D SPACE',''
  ) );
#7024 = ORIENTED_EDGE('',*,*,#6956,.T.);
#7025 = ORIENTED_EDGE('',*,*,#5204,.F.);
#7026 = ADVANCED_FACE('',(#7027),#5249,.T.);
#7027 = FACE_BOUND('',#7028,.T.);
#7028 = EDGE_LOOP('',(#7029,#7030,#7031,#7054));
#7029 = ORIENTED_EDGE('',*,*,#5233,.F.);
#7030 = ORIENTED_EDGE('',*,*,#6980,.F.);
#7031 = ORIENTED_EDGE('',*,*,#7032,.T.);
#7032 = EDGE_CURVE('',#6981,#7033,#7035,.T.);
#7033 = VERTEX_POINT('',#7034);
#7034 = CARTESIAN_POINT('',(23.3,4.799038105677,15.312177826491));
#7035 = SURFACE_CURVE('',#7036,(#7040,#7047),.PCURVE_S1.);
#7036 = LINE('',#7037,#7038);
#7037 = CARTESIAN_POINT('',(23.3,10.799038105677,25.704482671904));
#7038 = VECTOR('',#7039,1.);
#7039 = DIRECTION('',(-5.782411586589E-16,-0.5,-0.866025403784));
#7040 = PCURVE('',#5249,#7041);
#7041 = DEFINITIONAL_REPRESENTATION('',(#7042),#7046);
#7042 = LINE('',#7043,#7044);
#7043 = CARTESIAN_POINT('',(0.,0.));
#7044 = VECTOR('',#7045,1.);
#7045 = DIRECTION('',(-1.,0.));
#7046 = ( GEOMETRIC_REPRESENTATION_CONTEXT(2) 
PARAMETRIC_REPRESENTATION_CONTEXT() REPRESENTATION_CONTEXT('2D SPACE',''
  ) );
#7047 = PCURVE('',#5488,#7048);
#7048 = DEFINITIONAL_REPRESENTATION('',(#7049),#7053);
#7049 = LINE('',#7050,#7051);
#7050 = CARTESIAN_POINT('',(23.3,-2.30755522366E-15));
#7051 = VECTOR('',#7052,1.);
#7052 = DIRECTION('',(-5.782411586589E-16,-1.));
#7053 = ( GEOMETRIC_REPRESENTATION_CONTEXT(2) 
PARAMETRIC_REPRESENTATION_CONTEXT() REPRESENTATION_CONTEXT('2D SPACE',''
  ) );
#7054 = ORIENTED_EDGE('',*,*,#7055,.T.);
#7055 = EDGE_CURVE('',#7033,#5234,#7056,.T.);
#7056 = SURFACE_CURVE('',#7057,(#7061,#7068),.PCURVE_S1.);
#7057 = LINE('',#7058,#7059);
#7058 = CARTESIAN_POINT('',(23.3,4.799038105677,15.312177826491));
#7059 = VECTOR('',#7060,1.);
#7060 = DIRECTION('',(0.,-0.866025403784,0.5));
#7061 = PCURVE('',#5249,#7062);
#7062 = DEFINITIONAL_REPRESENTATION('',(#7063),#7067);
#7063 = LINE('',#7064,#7065);
#7064 = CARTESIAN_POINT('',(-12.,0.));
#7065 = VECTOR('',#7066,1.);
#7066 = DIRECTION('',(0.,-1.));
#7067 = ( GEOMETRIC_REPRESENTATION_CONTEXT(2) 
PARAMETRIC_REPRESENTATION_CONTEXT() REPRESENTATION_CONTEXT('2D SPACE',''
  ) );
#7068 = PCURVE('',#5278,#7069);
#7069 = DEFINITIONAL_REPRESENTATION('',(#7070),#7074);
#7070 = LINE('',#7071,#7072);
#7071 = CARTESIAN_POINT('',(1.570796326795,0.));
#7072 = VECTOR('',#7073,1.);
#7073 = DIRECTION('',(0.,1.));
#7074 = ( GEOMETRIC_REPRESENTATION_CONTEXT(2) 
PARAMETRIC_REPRESENTATION_CONTEXT() REPRESENTATION_CONTEXT('2D SPACE',''
  ) );
#7075 = ADVANCED_FACE('',(#7076),#5278,.F.);
#7076 = FACE_BOUND('',#7077,.F.);
#7077 = EDGE_LOOP('',(#7078,#7101,#7123,#7124));
#7078 = ORIENTED_EDGE('',*,*,#7079,.F.);
#7079 = EDGE_CURVE('',#7080,#5262,#7082,.T.);
#7080 = VERTEX_POINT('',#7081);
#7081 = CARTESIAN_POINT('',(17.5,1.899038105677,10.289230484541));
#7082 = SURFACE_CURVE('',#7083,(#7087,#7094),.PCURVE_S1.);
#7083 = LINE('',#7084,#7085);
#7084 = CARTESIAN_POINT('',(17.5,1.899038105677,10.289230484541));
#7085 = VECTOR('',#7086,1.);
#7086 = DIRECTION('',(0.,-0.866025403784,0.5));
#7087 = PCURVE('',#5278,#7088);
#7088 = DEFINITIONAL_REPRESENTATION('',(#7089),#7093);
#7089 = LINE('',#7090,#7091);
#7090 = CARTESIAN_POINT('',(0.,0.));
#7091 = VECTOR('',#7092,1.);
#7092 = DIRECTION('',(0.,1.));
#7093 = ( GEOMETRIC_REPRESENTATION_CONTEXT(2) 
PARAMETRIC_REPRESENTATION_CONTEXT() REPRESENTATION_CONTEXT('2D SPACE',''
  ) );
#7094 = PCURVE('',#5306,#7095);
#7095 = DEFINITIONAL_REPRESENTATION('',(#7096),#7100);
#7096 = LINE('',#7097,#7098);
#7097 = CARTESIAN_POINT('',(17.5,-1.742183488199E-16));
#7098 = VECTOR('',#7099,1.);
#7099 = DIRECTION('',(0.,-1.));
#7100 = ( GEOMETRIC_REPRESENTATION_CONTEXT(2) 
PARAMETRIC_REPRESENTATION_CONTEXT() REPRESENTATION_CONTEXT('2D SPACE',''
  ) );
#7101 = ORIENTED_EDGE('',*,*,#7102,.T.);
#7102 = EDGE_CURVE('',#7080,#7033,#7103,.T.);
#7103 = SURFACE_CURVE('',#7104,(#7109,#7116),.PCURVE_S1.);
#7104 = CIRCLE('',#7105,5.8);
#7105 = AXIS2_PLACEMENT_3D('',#7106,#7107,#7108);
#7106 = CARTESIAN_POINT('',(17.5,4.799038105677,15.312177826491));
#7107 = DIRECTION('',(0.,-0.866025403784,0.5));
#7108 = DIRECTION('',(0.,-0.5,-0.866025403784));
#7109 = PCURVE('',#5278,#7110);
#7110 = DEFINITIONAL_REPRESENTATION('',(#7111),#7115);
#7111 = LINE('',#7112,#7113);
#7112 = CARTESIAN_POINT('',(0.,0.));
#7113 = VECTOR('',#7114,1.);
#7114 = DIRECTION('',(1.,0.));
#7115 = ( GEOMETRIC_REPRESENTATION_CONTEXT(2) 
PARAMETRIC_REPRESENTATION_CONTEXT() REPRESENTATION_CONTEXT('2D SPACE',''
  ) );
#7116 = PCURVE('',#5488,#7117);
#7117 = DEFINITIONAL_REPRESENTATION('',(#7118),#7122);
#7118 = CIRCLE('',#7119,5.8);
#7119 = AXIS2_PLACEMENT_2D('',#7120,#7121);
#7120 = CARTESIAN_POINT('',(17.5,-12.));
#7121 = DIRECTION('',(0.,-1.));
#7122 = ( GEOMETRIC_REPRESENTATION_CONTEXT(2) 
PARAMETRIC_REPRESENTATION_CONTEXT() REPRESENTATION_CONTEXT('2D SPACE',''
  ) );
#7123 = ORIENTED_EDGE('',*,*,#7055,.T.);
#7124 = ORIENTED_EDGE('',*,*,#5261,.F.);
#7125 = ADVANCED_FACE('',(#7126),#5306,.T.);
#7126 = FACE_BOUND('',#7127,.T.);
#7127 = EDGE_LOOP('',(#7128,#7129,#7130,#7153));
#7128 = ORIENTED_EDGE('',*,*,#5290,.F.);
#7129 = ORIENTED_EDGE('',*,*,#7079,.F.);
#7130 = ORIENTED_EDGE('',*,*,#7131,.T.);
#7131 = EDGE_CURVE('',#7080,#7132,#7134,.T.);
#7132 = VERTEX_POINT('',#7133);
#7133 = CARTESIAN_POINT('',(-17.5,1.899038105677,10.289230484541));
#7134 = SURFACE_CURVE('',#7135,(#7139,#7146),.PCURVE_S1.);
#7135 = LINE('',#7136,#7137);
#7136 = CARTESIAN_POINT('',(3.552713678801E-15,1.899038105677,
    10.289230484541));
#7137 = VECTOR('',#7138,1.);
#7138 = DIRECTION('',(-1.,2.973811673103E-16,5.150792909956E-16));
#7139 = PCURVE('',#5306,#7140);
#7140 = DEFINITIONAL_REPRESENTATION('',(#7141),#7145);
#7141 = LINE('',#7142,#7143);
#7142 = CARTESIAN_POINT('',(0.,0.));
#7143 = VECTOR('',#7144,1.);
#7144 = DIRECTION('',(-1.,0.));
#7145 = ( GEOMETRIC_REPRESENTATION_CONTEXT(2) 
PARAMETRIC_REPRESENTATION_CONTEXT() REPRESENTATION_CONTEXT('2D SPACE',''
  ) );
#7146 = PCURVE('',#5488,#7147);
#7147 = DEFINITIONAL_REPRESENTATION('',(#7148),#7152);
#7148 = LINE('',#7149,#7150);
#7149 = CARTESIAN_POINT('',(3.552713678801E-15,-17.8));
#7150 = VECTOR('',#7151,1.);
#7151 = DIRECTION('',(-1.,5.947623346206E-16));
#7152 = ( GEOMETRIC_REPRESENTATION_CONTEXT(2) 
PARAMETRIC_REPRESENTATION_CONTEXT() REPRESENTATION_CONTEXT('2D SPACE',''
  ) );
#7153 = ORIENTED_EDGE('',*,*,#7154,.T.);
#7154 = EDGE_CURVE('',#7132,#5291,#7155,.T.);
#7155 = SURFACE_CURVE('',#7156,(#7160,#7167),.PCURVE_S1.);
#7156 = LINE('',#7157,#7158);
#7157 = CARTESIAN_POINT('',(-17.5,1.899038105677,10.289230484541));
#7158 = VECTOR('',#7159,1.);
#7159 = DIRECTION('',(0.,-0.866025403784,0.5));
#7160 = PCURVE('',#5306,#7161);
#7161 = DEFINITIONAL_REPRESENTATION('',(#7162),#7166);
#7162 = LINE('',#7163,#7164);
#7163 = CARTESIAN_POINT('',(-17.5,1.742183488199E-16));
#7164 = VECTOR('',#7165,1.);
#7165 = DIRECTION('',(0.,-1.));
#7166 = ( GEOMETRIC_REPRESENTATION_CONTEXT(2) 
PARAMETRIC_REPRESENTATION_CONTEXT() REPRESENTATION_CONTEXT('2D SPACE',''
  ) );
#7167 = PCURVE('',#5333,#7168);
#7168 = DEFINITIONAL_REPRESENTATION('',(#7169),#7173);
#7169 = LINE('',#7170,#7171);
#7170 = CARTESIAN_POINT('',(6.28318530718,0.));
#7171 = VECTOR('',#7172,1.);
#7172 = DIRECTION('',(0.,1.));
#7173 = ( GEOMETRIC_REPRESENTATION_CONTEXT(2) 
PARAMETRIC_REPRESENTATION_CONTEXT() REPRESENTATION_CONTEXT('2D SPACE',''
  ) );
#7174 = ADVANCED_FACE('',(#7175),#5333,.F.);
#7175 = FACE_BOUND('',#7176,.F.);
#7176 = EDGE_LOOP('',(#7177,#7178,#7200,#7201));
#7177 = ORIENTED_EDGE('',*,*,#6811,.F.);
#7178 = ORIENTED_EDGE('',*,*,#7179,.T.);
#7179 = EDGE_CURVE('',#6812,#7132,#7180,.T.);
#7180 = SURFACE_CURVE('',#7181,(#7186,#7193),.PCURVE_S1.);
#7181 = CIRCLE('',#7182,5.8);
#7182 = AXIS2_PLACEMENT_3D('',#7183,#7184,#7185);
#7183 = CARTESIAN_POINT('',(-17.5,4.799038105677,15.312177826491));
#7184 = DIRECTION('',(0.,-0.866025403784,0.5));
#7185 = DIRECTION('',(0.,-0.5,-0.866025403784));
#7186 = PCURVE('',#5333,#7187);
#7187 = DEFINITIONAL_REPRESENTATION('',(#7188),#7192);
#7188 = LINE('',#7189,#7190);
#7189 = CARTESIAN_POINT('',(0.,0.));
#7190 = VECTOR('',#7191,1.);
#7191 = DIRECTION('',(1.,0.));
#7192 = ( GEOMETRIC_REPRESENTATION_CONTEXT(2) 
PARAMETRIC_REPRESENTATION_CONTEXT() REPRESENTATION_CONTEXT('2D SPACE',''
  ) );
#7193 = PCURVE('',#5488,#7194);
#7194 = DEFINITIONAL_REPRESENTATION('',(#7195),#7199);
#7195 = CIRCLE('',#7196,5.8);
#7196 = AXIS2_PLACEMENT_2D('',#7197,#7198);
#7197 = CARTESIAN_POINT('',(-17.5,-12.));
#7198 = DIRECTION('',(0.,-1.));
#7199 = ( GEOMETRIC_REPRESENTATION_CONTEXT(2) 
PARAMETRIC_REPRESENTATION_CONTEXT() REPRESENTATION_CONTEXT('2D SPACE',''
  ) );
#7200 = ORIENTED_EDGE('',*,*,#7154,.T.);
#7201 = ORIENTED_EDGE('',*,*,#5318,.F.);
#7202 = ADVANCED_FACE('',(#7203,#7305),#3567,.F.);
#7203 = FACE_BOUND('',#7204,.F.);
#7204 = EDGE_LOOP('',(#7205,#7230,#7258,#7281));
#7205 = ORIENTED_EDGE('',*,*,#7206,.F.);
#7206 = EDGE_CURVE('',#7207,#7209,#7211,.T.);
#7207 = VERTEX_POINT('',#7208);
#7208 = CARTESIAN_POINT('',(-6.2,43.7117,35.75));
#7209 = VERTEX_POINT('',#7210);
#7210 = CARTESIAN_POINT('',(-6.2,54.3117,35.75));
#7211 = SURFACE_CURVE('',#7212,(#7216,#7223),.PCURVE_S1.);
#7212 = LINE('',#7213,#7214);
#7213 = CARTESIAN_POINT('',(-6.2,43.7117,35.75));
#7214 = VECTOR('',#7215,1.);
#7215 = DIRECTION('',(-0.,1.,0.));
#7216 = PCURVE('',#3567,#7217);
#7217 = DEFINITIONAL_REPRESENTATION('',(#7218),#7222);
#7218 = LINE('',#7219,#7220);
#7219 = CARTESIAN_POINT('',(0.,0.));
#7220 = VECTOR('',#7221,1.);
#7221 = DIRECTION('',(0.,1.));
#7222 = ( GEOMETRIC_REPRESENTATION_CONTEXT(2) 
PARAMETRIC_REPRESENTATION_CONTEXT() REPRESENTATION_CONTEXT('2D SPACE',''
  ) );
#7223 = PCURVE('',#5843,#7224);
#7224 = DEFINITIONAL_REPRESENTATION('',(#7225),#7229);
#7225 = LINE('',#7226,#7227);
#7226 = CARTESIAN_POINT('',(3.35,10.6));
#7227 = VECTOR('',#7228,1.);
#7228 = DIRECTION('',(0.,-1.));
#7229 = ( GEOMETRIC_REPRESENTATION_CONTEXT(2) 
PARAMETRIC_REPRESENTATION_CONTEXT() REPRESENTATION_CONTEXT('2D SPACE',''
  ) );
#7230 = ORIENTED_EDGE('',*,*,#7231,.T.);
#7231 = EDGE_CURVE('',#7207,#7232,#7234,.T.);
#7232 = VERTEX_POINT('',#7233);
#7233 = CARTESIAN_POINT('',(6.2,43.7117,35.75));
#7234 = SURFACE_CURVE('',#7235,(#7239,#7246),.PCURVE_S1.);
#7235 = LINE('',#7236,#7237);
#7236 = CARTESIAN_POINT('',(-6.2,43.7117,35.75));
#7237 = VECTOR('',#7238,1.);
#7238 = DIRECTION('',(1.,0.,-0.));
#7239 = PCURVE('',#3567,#7240);
#7240 = DEFINITIONAL_REPRESENTATION('',(#7241),#7245);
#7241 = LINE('',#7242,#7243);
#7242 = CARTESIAN_POINT('',(0.,0.));
#7243 = VECTOR('',#7244,1.);
#7244 = DIRECTION('',(1.,0.));
#7245 = ( GEOMETRIC_REPRESENTATION_CONTEXT(2) 
PARAMETRIC_REPRESENTATION_CONTEXT() REPRESENTATION_CONTEXT('2D SPACE',''
  ) );
#7246 = PCURVE('',#7247,#7252);
#7247 = PLANE('',#7248);
#7248 = AXIS2_PLACEMENT_3D('',#7249,#7250,#7251);
#7249 = CARTESIAN_POINT('',(-6.2,43.7117,32.4));
#7250 = DIRECTION('',(-0.,1.,0.));
#7251 = DIRECTION('',(0.,0.,1.));
#7252 = DEFINITIONAL_REPRESENTATION('',(#7253),#7257);
#7253 = LINE('',#7254,#7255);
#7254 = CARTESIAN_POINT('',(3.35,0.));
#7255 = VECTOR('',#7256,1.);
#7256 = DIRECTION('',(0.,1.));
#7257 = ( GEOMETRIC_REPRESENTATION_CONTEXT(2) 
PARAMETRIC_REPRESENTATION_CONTEXT() REPRESENTATION_CONTEXT('2D SPACE',''
  ) );
#7258 = ORIENTED_EDGE('',*,*,#7259,.T.);
#7259 = EDGE_CURVE('',#7232,#7260,#7262,.T.);
#7260 = VERTEX_POINT('',#7261);
#7261 = CARTESIAN_POINT('',(6.2,54.3117,35.75));
#7262 = SURFACE_CURVE('',#7263,(#7267,#7274),.PCURVE_S1.);
#7263 = LINE('',#7264,#7265);
#7264 = CARTESIAN_POINT('',(6.2,43.7117,35.75));
#7265 = VECTOR('',#7266,1.);
#7266 = DIRECTION('',(-0.,1.,0.));
#7267 = PCURVE('',#3567,#7268);
#7268 = DEFINITIONAL_REPRESENTATION('',(#7269),#7273);
#7269 = LINE('',#7270,#7271);
#7270 = CARTESIAN_POINT('',(12.4,0.));
#7271 = VECTOR('',#7272,1.);
#7272 = DIRECTION('',(0.,1.));
#7273 = ( GEOMETRIC_REPRESENTATION_CONTEXT(2) 
PARAMETRIC_REPRESENTATION_CONTEXT() REPRESENTATION_CONTEXT('2D SPACE',''
  ) );
#7274 = PCURVE('',#5896,#7275);
#7275 = DEFINITIONAL_REPRESENTATION('',(#7276),#7280);
#7276 = LINE('',#7277,#7278);
#7277 = CARTESIAN_POINT('',(3.35,10.6));
#7278 = VECTOR('',#7279,1.);
#7279 = DIRECTION('',(0.,-1.));
#7280 = ( GEOMETRIC_REPRESENTATION_CONTEXT(2) 
PARAMETRIC_REPRESENTATION_CONTEXT() REPRESENTATION_CONTEXT('2D SPACE',''
  ) );
#7281 = ORIENTED_EDGE('',*,*,#7282,.T.);
#7282 = EDGE_CURVE('',#7260,#7209,#7283,.T.);
#7283 = SURFACE_CURVE('',#7284,(#7288,#7294),.PCURVE_S1.);
#7284 = LINE('',#7285,#7286);
#7285 = CARTESIAN_POINT('',(-6.2,54.3117,35.75));
#7286 = VECTOR('',#7287,1.);
#7287 = DIRECTION('',(-1.,-0.,0.));
#7288 = PCURVE('',#3567,#7289);
#7289 = DEFINITIONAL_REPRESENTATION('',(#7290),#7293);
#7290 = B_SPLINE_CURVE_WITH_KNOTS('',1,(#7291,#7292),.UNSPECIFIED.,.F.,
  .F.,(2,2),(-12.4,0.),.PIECEWISE_BEZIER_KNOTS.);
#7291 = CARTESIAN_POINT('',(12.4,10.6));
#7292 = CARTESIAN_POINT('',(0.,10.6));
#7293 = ( GEOMETRIC_REPRESENTATION_CONTEXT(2) 
PARAMETRIC_REPRESENTATION_CONTEXT() REPRESENTATION_CONTEXT('2D SPACE',''
  ) );
#7294 = PCURVE('',#7295,#7300);
#7295 = PLANE('',#7296);
#7296 = AXIS2_PLACEMENT_3D('',#7297,#7298,#7299);
#7297 = CARTESIAN_POINT('',(-6.2,54.3117,32.4));
#7298 = DIRECTION('',(-0.,1.,0.));
#7299 = DIRECTION('',(0.,0.,1.));
#7300 = DEFINITIONAL_REPRESENTATION('',(#7301),#7304);
#7301 = B_SPLINE_CURVE_WITH_KNOTS('',1,(#7302,#7303),.UNSPECIFIED.,.F.,
  .F.,(2,2),(-12.4,0.),.PIECEWISE_BEZIER_KNOTS.);
#7302 = CARTESIAN_POINT('',(3.35,12.4));
#7303 = CARTESIAN_POINT('',(3.35,0.));
#7304 = ( GEOMETRIC_REPRESENTATION_CONTEXT(2) 
PARAMETRIC_REPRESENTATION_CONTEXT() REPRESENTATION_CONTEXT('2D SPACE',''
  ) );
#7305 = FACE_BOUND('',#7306,.F.);
#7306 = EDGE_LOOP('',(#7307));
#7307 = ORIENTED_EDGE('',*,*,#3552,.F.);
#7308 = ADVANCED_FACE('',(#7309,#7405),#5488,.T.);
#7309 = FACE_BOUND('',#7310,.T.);
#7310 = EDGE_LOOP('',(#7311,#7335,#7336,#7337,#7358,#7359,#7360,#7384));
#7311 = ORIENTED_EDGE('',*,*,#7312,.F.);
#7312 = EDGE_CURVE('',#6035,#7313,#7315,.T.);
#7313 = VERTEX_POINT('',#7314);
#7314 = CARTESIAN_POINT('',(17.5,19.299038105677,40.42691453624));
#7315 = SURFACE_CURVE('',#7316,(#7321,#7328),.PCURVE_S1.);
#7316 = CIRCLE('',#7317,5.);
#7317 = AXIS2_PLACEMENT_3D('',#7318,#7319,#7320);
#7318 = CARTESIAN_POINT('',(17.5,16.799038105677,36.096787517318));
#7319 = DIRECTION('',(0.,-0.866025403784,0.5));
#7320 = DIRECTION('',(0.,-0.5,-0.866025403784));
#7321 = PCURVE('',#5488,#7322);
#7322 = DEFINITIONAL_REPRESENTATION('',(#7323),#7327);
#7323 = CIRCLE('',#7324,5.);
#7324 = AXIS2_PLACEMENT_2D('',#7325,#7326);
#7325 = CARTESIAN_POINT('',(17.5,12.));
#7326 = DIRECTION('',(0.,-1.));
#7327 = ( GEOMETRIC_REPRESENTATION_CONTEXT(2) 
PARAMETRIC_REPRESENTATION_CONTEXT() REPRESENTATION_CONTEXT('2D SPACE',''
  ) );
#7328 = PCURVE('',#5997,#7329);
#7329 = DEFINITIONAL_REPRESENTATION('',(#7330),#7334);
#7330 = LINE('',#7331,#7332);
#7331 = CARTESIAN_POINT('',(3.14159265359,1.5));
#7332 = VECTOR('',#7333,1.);
#7333 = DIRECTION('',(-1.,0.));
#7334 = ( GEOMETRIC_REPRESENTATION_CONTEXT(2) 
PARAMETRIC_REPRESENTATION_CONTEXT() REPRESENTATION_CONTEXT('2D SPACE',''
  ) );
#7335 = ORIENTED_EDGE('',*,*,#6034,.T.);
#7336 = ORIENTED_EDGE('',*,*,#6778,.F.);
#7337 = ORIENTED_EDGE('',*,*,#7338,.T.);
#7338 = EDGE_CURVE('',#6754,#6433,#7339,.T.);
#7339 = SURFACE_CURVE('',#7340,(#7344,#7351),.PCURVE_S1.);
#7340 = LINE('',#7341,#7342);
#7341 = CARTESIAN_POINT('',(-3.552713678801E-15,2.299038105677,
    10.982050807569));
#7342 = VECTOR('',#7343,1.);
#7343 = DIRECTION('',(-1.,2.973811673103E-16,5.150792909956E-16));
#7344 = PCURVE('',#5488,#7345);
#7345 = DEFINITIONAL_REPRESENTATION('',(#7346),#7350);
#7346 = LINE('',#7347,#7348);
#7347 = CARTESIAN_POINT('',(-3.552713678801E-15,-17.));
#7348 = VECTOR('',#7349,1.);
#7349 = DIRECTION('',(-1.,5.947623346206E-16));
#7350 = ( GEOMETRIC_REPRESENTATION_CONTEXT(2) 
PARAMETRIC_REPRESENTATION_CONTEXT() REPRESENTATION_CONTEXT('2D SPACE',''
  ) );
#7351 = PCURVE('',#6141,#7352);
#7352 = DEFINITIONAL_REPRESENTATION('',(#7353),#7357);
#7353 = LINE('',#7354,#7355);
#7354 = CARTESIAN_POINT('',(7.993605777301E-15,1.5));
#7355 = VECTOR('',#7356,1.);
#7356 = DIRECTION('',(1.,0.));
#7357 = ( GEOMETRIC_REPRESENTATION_CONTEXT(2) 
PARAMETRIC_REPRESENTATION_CONTEXT() REPRESENTATION_CONTEXT('2D SPACE',''
  ) );
#7358 = ORIENTED_EDGE('',*,*,#6455,.F.);
#7359 = ORIENTED_EDGE('',*,*,#5470,.F.);
#7360 = ORIENTED_EDGE('',*,*,#7361,.F.);
#7361 = EDGE_CURVE('',#7362,#5471,#7364,.T.);
#7362 = VERTEX_POINT('',#7363);
#7363 = CARTESIAN_POINT('',(-17.5,19.299038105677,40.42691453624));
#7364 = SURFACE_CURVE('',#7365,(#7370,#7377),.PCURVE_S1.);
#7365 = CIRCLE('',#7366,5.);
#7366 = AXIS2_PLACEMENT_3D('',#7367,#7368,#7369);
#7367 = CARTESIAN_POINT('',(-17.5,16.799038105677,36.096787517318));
#7368 = DIRECTION('',(0.,-0.866025403784,0.5));
#7369 = DIRECTION('',(0.,-0.5,-0.866025403784));
#7370 = PCURVE('',#5488,#7371);
#7371 = DEFINITIONAL_REPRESENTATION('',(#7372),#7376);
#7372 = CIRCLE('',#7373,5.);
#7373 = AXIS2_PLACEMENT_2D('',#7374,#7375);
#7374 = CARTESIAN_POINT('',(-17.5,12.));
#7375 = DIRECTION('',(0.,-1.));
#7376 = ( GEOMETRIC_REPRESENTATION_CONTEXT(2) 
PARAMETRIC_REPRESENTATION_CONTEXT() REPRESENTATION_CONTEXT('2D SPACE',''
  ) );
#7377 = PCURVE('',#5560,#7378);
#7378 = DEFINITIONAL_REPRESENTATION('',(#7379),#7383);
#7379 = LINE('',#7380,#7381);
#7380 = CARTESIAN_POINT('',(9.424777960769,1.5));
#7381 = VECTOR('',#7382,1.);
#7382 = DIRECTION('',(-1.,0.));
#7383 = ( GEOMETRIC_REPRESENTATION_CONTEXT(2) 
PARAMETRIC_REPRESENTATION_CONTEXT() REPRESENTATION_CONTEXT('2D SPACE',''
  ) );
#7384 = ORIENTED_EDGE('',*,*,#7385,.F.);
#7385 = EDGE_CURVE('',#7313,#7362,#7386,.T.);
#7386 = SURFACE_CURVE('',#7387,(#7391,#7398),.PCURVE_S1.);
#7387 = LINE('',#7388,#7389);
#7388 = CARTESIAN_POINT('',(3.552713678801E-15,19.299038105677,
    40.42691453624));
#7389 = VECTOR('',#7390,1.);
#7390 = DIRECTION('',(-1.,2.973811673103E-16,5.150792909956E-16));
#7391 = PCURVE('',#5488,#7392);
#7392 = DEFINITIONAL_REPRESENTATION('',(#7393),#7397);
#7393 = LINE('',#7394,#7395);
#7394 = CARTESIAN_POINT('',(3.552713678801E-15,17.));
#7395 = VECTOR('',#7396,1.);
#7396 = DIRECTION('',(-1.,5.947623346206E-16));
#7397 = ( GEOMETRIC_REPRESENTATION_CONTEXT(2) 
PARAMETRIC_REPRESENTATION_CONTEXT() REPRESENTATION_CONTEXT('2D SPACE',''
  ) );
#7398 = PCURVE('',#5685,#7399);
#7399 = DEFINITIONAL_REPRESENTATION('',(#7400),#7404);
#7400 = LINE('',#7401,#7402);
#7401 = CARTESIAN_POINT('',(4.440892098501E-15,1.5));
#7402 = VECTOR('',#7403,1.);
#7403 = DIRECTION('',(-1.,0.));
#7404 = ( GEOMETRIC_REPRESENTATION_CONTEXT(2) 
PARAMETRIC_REPRESENTATION_CONTEXT() REPRESENTATION_CONTEXT('2D SPACE',''
  ) );
#7405 = FACE_BOUND('',#7406,.T.);
#7406 = EDGE_LOOP('',(#7407,#7408,#7409,#7410,#7411,#7412,#7413,#7414));
#7407 = ORIENTED_EDGE('',*,*,#6834,.T.);
#7408 = ORIENTED_EDGE('',*,*,#7179,.T.);
#7409 = ORIENTED_EDGE('',*,*,#7131,.F.);
#7410 = ORIENTED_EDGE('',*,*,#7102,.T.);
#7411 = ORIENTED_EDGE('',*,*,#7032,.F.);
#7412 = ORIENTED_EDGE('',*,*,#7003,.T.);
#7413 = ORIENTED_EDGE('',*,*,#6933,.T.);
#7414 = ORIENTED_EDGE('',*,*,#6904,.T.);
#7415 = ADVANCED_FACE('',(#7416),#5560,.F.);
#7416 = FACE_BOUND('',#7417,.F.);
#7417 = EDGE_LOOP('',(#7418,#7439,#7440,#7441));
#7418 = ORIENTED_EDGE('',*,*,#7419,.T.);
#7419 = EDGE_CURVE('',#7362,#5576,#7420,.T.);
#7420 = SURFACE_CURVE('',#7421,(#7425,#7432),.PCURVE_S1.);
#7421 = LINE('',#7422,#7423);
#7422 = CARTESIAN_POINT('',(-17.5,18.,41.17691453624));
#7423 = VECTOR('',#7424,1.);
#7424 = DIRECTION('',(0.,0.866025403784,-0.5));
#7425 = PCURVE('',#5560,#7426);
#7426 = DEFINITIONAL_REPRESENTATION('',(#7427),#7431);
#7427 = LINE('',#7428,#7429);
#7428 = CARTESIAN_POINT('',(6.28318530718,0.));
#7429 = VECTOR('',#7430,1.);
#7430 = DIRECTION('',(0.,1.));
#7431 = ( GEOMETRIC_REPRESENTATION_CONTEXT(2) 
PARAMETRIC_REPRESENTATION_CONTEXT() REPRESENTATION_CONTEXT('2D SPACE',''
  ) );
#7432 = PCURVE('',#5685,#7433);
#7433 = DEFINITIONAL_REPRESENTATION('',(#7434),#7438);
#7434 = LINE('',#7435,#7436);
#7435 = CARTESIAN_POINT('',(-17.5,-2.252330219987E-15));
#7436 = VECTOR('',#7437,1.);
#7437 = DIRECTION('',(0.,1.));
#7438 = ( GEOMETRIC_REPRESENTATION_CONTEXT(2) 
PARAMETRIC_REPRESENTATION_CONTEXT() REPRESENTATION_CONTEXT('2D SPACE',''
  ) );
#7439 = ORIENTED_EDGE('',*,*,#5600,.F.);
#7440 = ORIENTED_EDGE('',*,*,#5546,.F.);
#7441 = ORIENTED_EDGE('',*,*,#7361,.F.);
#7442 = ADVANCED_FACE('',(#7443),#5685,.F.);
#7443 = FACE_BOUND('',#7444,.T.);
#7444 = EDGE_LOOP('',(#7445,#7446,#7447,#7448));
#7445 = ORIENTED_EDGE('',*,*,#7385,.T.);
#7446 = ORIENTED_EDGE('',*,*,#7419,.T.);
#7447 = ORIENTED_EDGE('',*,*,#5669,.F.);
#7448 = ORIENTED_EDGE('',*,*,#7449,.F.);
#7449 = EDGE_CURVE('',#7313,#5670,#7450,.T.);
#7450 = SURFACE_CURVE('',#7451,(#7455,#7462),.PCURVE_S1.);
#7451 = LINE('',#7452,#7453);
#7452 = CARTESIAN_POINT('',(17.5,18.,41.17691453624));
#7453 = VECTOR('',#7454,1.);
#7454 = DIRECTION('',(0.,0.866025403784,-0.5));
#7455 = PCURVE('',#5685,#7456);
#7456 = DEFINITIONAL_REPRESENTATION('',(#7457),#7461);
#7457 = LINE('',#7458,#7459);
#7458 = CARTESIAN_POINT('',(17.5,2.252330219987E-15));
#7459 = VECTOR('',#7460,1.);
#7460 = DIRECTION('',(0.,1.));
#7461 = ( GEOMETRIC_REPRESENTATION_CONTEXT(2) 
PARAMETRIC_REPRESENTATION_CONTEXT() REPRESENTATION_CONTEXT('2D SPACE',''
  ) );
#7462 = PCURVE('',#5997,#7463);
#7463 = DEFINITIONAL_REPRESENTATION('',(#7464),#7468);
#7464 = LINE('',#7465,#7466);
#7465 = CARTESIAN_POINT('',(0.,0.));
#7466 = VECTOR('',#7467,1.);
#7467 = DIRECTION('',(0.,1.));
#7468 = ( GEOMETRIC_REPRESENTATION_CONTEXT(2) 
PARAMETRIC_REPRESENTATION_CONTEXT() REPRESENTATION_CONTEXT('2D SPACE',''
  ) );
#7469 = ADVANCED_FACE('',(#7470),#5739,.T.);
#7470 = FACE_BOUND('',#7471,.T.);
#7471 = EDGE_LOOP('',(#7472,#7495,#7523,#7544));
#7472 = ORIENTED_EDGE('',*,*,#7473,.F.);
#7473 = EDGE_CURVE('',#7474,#5723,#7476,.T.);
#7474 = VERTEX_POINT('',#7475);
#7475 = CARTESIAN_POINT('',(7.5,42.4117,32.5));
#7476 = SURFACE_CURVE('',#7477,(#7481,#7488),.PCURVE_S1.);
#7477 = LINE('',#7478,#7479);
#7478 = CARTESIAN_POINT('',(7.5,42.4117,32.5));
#7479 = VECTOR('',#7480,1.);
#7480 = DIRECTION('',(0.,0.,1.));
#7481 = PCURVE('',#5739,#7482);
#7482 = DEFINITIONAL_REPRESENTATION('',(#7483),#7487);
#7483 = LINE('',#7484,#7485);
#7484 = CARTESIAN_POINT('',(0.,0.));
#7485 = VECTOR('',#7486,1.);
#7486 = DIRECTION('',(1.,0.));
#7487 = ( GEOMETRIC_REPRESENTATION_CONTEXT(2) 
PARAMETRIC_REPRESENTATION_CONTEXT() REPRESENTATION_CONTEXT('2D SPACE',''
  ) );
#7488 = PCURVE('',#5765,#7489);
#7489 = DEFINITIONAL_REPRESENTATION('',(#7490),#7494);
#7490 = LINE('',#7491,#7492);
#7491 = CARTESIAN_POINT('',(0.,15.));
#7492 = VECTOR('',#7493,1.);
#7493 = DIRECTION('',(1.,0.));
#7494 = ( GEOMETRIC_REPRESENTATION_CONTEXT(2) 
PARAMETRIC_REPRESENTATION_CONTEXT() REPRESENTATION_CONTEXT('2D SPACE',''
  ) );
#7495 = ORIENTED_EDGE('',*,*,#7496,.T.);
#7496 = EDGE_CURVE('',#7474,#7497,#7499,.T.);
#7497 = VERTEX_POINT('',#7498);
#7498 = CARTESIAN_POINT('',(7.5,57.4117,32.5));
#7499 = SURFACE_CURVE('',#7500,(#7504,#7511),.PCURVE_S1.);
#7500 = LINE('',#7501,#7502);
#7501 = CARTESIAN_POINT('',(7.5,42.4117,32.5));
#7502 = VECTOR('',#7503,1.);
#7503 = DIRECTION('',(-0.,1.,0.));
#7504 = PCURVE('',#5739,#7505);
#7505 = DEFINITIONAL_REPRESENTATION('',(#7506),#7510);
#7506 = LINE('',#7507,#7508);
#7507 = CARTESIAN_POINT('',(0.,0.));
#7508 = VECTOR('',#7509,1.);
#7509 = DIRECTION('',(0.,-1.));
#7510 = ( GEOMETRIC_REPRESENTATION_CONTEXT(2) 
PARAMETRIC_REPRESENTATION_CONTEXT() REPRESENTATION_CONTEXT('2D SPACE',''
  ) );
#7511 = PCURVE('',#7512,#7517);
#7512 = PLANE('',#7513);
#7513 = AXIS2_PLACEMENT_3D('',#7514,#7515,#7516);
#7514 = CARTESIAN_POINT('',(-7.5,42.4117,32.5));
#7515 = DIRECTION('',(0.,0.,1.));
#7516 = DIRECTION('',(1.,0.,-0.));
#7517 = DEFINITIONAL_REPRESENTATION('',(#7518),#7522);
#7518 = LINE('',#7519,#7520);
#7519 = CARTESIAN_POINT('',(15.,0.));
#7520 = VECTOR('',#7521,1.);
#7521 = DIRECTION('',(0.,1.));
#7522 = ( GEOMETRIC_REPRESENTATION_CONTEXT(2) 
PARAMETRIC_REPRESENTATION_CONTEXT() REPRESENTATION_CONTEXT('2D SPACE',''
  ) );
#7523 = ORIENTED_EDGE('',*,*,#7524,.T.);
#7524 = EDGE_CURVE('',#7497,#5725,#7525,.T.);
#7525 = SURFACE_CURVE('',#7526,(#7530,#7537),.PCURVE_S1.);
#7526 = LINE('',#7527,#7528);
#7527 = CARTESIAN_POINT('',(7.5,57.4117,32.5));
#7528 = VECTOR('',#7529,1.);
#7529 = DIRECTION('',(0.,0.,1.));
#7530 = PCURVE('',#5739,#7531);
#7531 = DEFINITIONAL_REPRESENTATION('',(#7532),#7536);
#7532 = LINE('',#7533,#7534);
#7533 = CARTESIAN_POINT('',(0.,-15.));
#7534 = VECTOR('',#7535,1.);
#7535 = DIRECTION('',(1.,0.));
#7536 = ( GEOMETRIC_REPRESENTATION_CONTEXT(2) 
PARAMETRIC_REPRESENTATION_CONTEXT() REPRESENTATION_CONTEXT('2D SPACE',''
  ) );
#7537 = PCURVE('',#5921,#7538);
#7538 = DEFINITIONAL_REPRESENTATION('',(#7539),#7543);
#7539 = LINE('',#7540,#7541);
#7540 = CARTESIAN_POINT('',(0.,15.));
#7541 = VECTOR('',#7542,1.);
#7542 = DIRECTION('',(1.,0.));
#7543 = ( GEOMETRIC_REPRESENTATION_CONTEXT(2) 
PARAMETRIC_REPRESENTATION_CONTEXT() REPRESENTATION_CONTEXT('2D SPACE',''
  ) );
#7544 = ORIENTED_EDGE('',*,*,#5722,.F.);
#7545 = ADVANCED_FACE('',(#7546),#5921,.T.);
#7546 = FACE_BOUND('',#7547,.T.);
#7547 = EDGE_LOOP('',(#7548,#7571,#7591,#7592));
#7548 = ORIENTED_EDGE('',*,*,#7549,.F.);
#7549 = EDGE_CURVE('',#7550,#7497,#7552,.T.);
#7550 = VERTEX_POINT('',#7551);
#7551 = CARTESIAN_POINT('',(6.2,57.4117,32.5));
#7552 = SURFACE_CURVE('',#7553,(#7557,#7564),.PCURVE_S1.);
#7553 = LINE('',#7554,#7555);
#7554 = CARTESIAN_POINT('',(-7.5,57.4117,32.5));
#7555 = VECTOR('',#7556,1.);
#7556 = DIRECTION('',(1.,0.,-0.));
#7557 = PCURVE('',#5921,#7558);
#7558 = DEFINITIONAL_REPRESENTATION('',(#7559),#7563);
#7559 = LINE('',#7560,#7561);
#7560 = CARTESIAN_POINT('',(0.,0.));
#7561 = VECTOR('',#7562,1.);
#7562 = DIRECTION('',(0.,1.));
#7563 = ( GEOMETRIC_REPRESENTATION_CONTEXT(2) 
PARAMETRIC_REPRESENTATION_CONTEXT() REPRESENTATION_CONTEXT('2D SPACE',''
  ) );
#7564 = PCURVE('',#7512,#7565);
#7565 = DEFINITIONAL_REPRESENTATION('',(#7566),#7570);
#7566 = LINE('',#7567,#7568);
#7567 = CARTESIAN_POINT('',(0.,15.));
#7568 = VECTOR('',#7569,1.);
#7569 = DIRECTION('',(1.,0.));
#7570 = ( GEOMETRIC_REPRESENTATION_CONTEXT(2) 
PARAMETRIC_REPRESENTATION_CONTEXT() REPRESENTATION_CONTEXT('2D SPACE',''
  ) );
#7571 = ORIENTED_EDGE('',*,*,#7572,.F.);
#7572 = EDGE_CURVE('',#5882,#7550,#7573,.T.);
#7573 = SURFACE_CURVE('',#7574,(#7578,#7584),.PCURVE_S1.);
#7574 = LINE('',#7575,#7576);
#7575 = CARTESIAN_POINT('',(6.2,57.4117,32.45));
#7576 = VECTOR('',#7577,1.);
#7577 = DIRECTION('',(-0.,0.,-1.));
#7578 = PCURVE('',#5921,#7579);
#7579 = DEFINITIONAL_REPRESENTATION('',(#7580),#7583);
#7580 = B_SPLINE_CURVE_WITH_KNOTS('',1,(#7581,#7582),.UNSPECIFIED.,.F.,
  .F.,(2,2),(-3.65,-5.E-02),.PIECEWISE_BEZIER_KNOTS.);
#7581 = CARTESIAN_POINT('',(3.6,13.7));
#7582 = CARTESIAN_POINT('',(0.,13.7));
#7583 = ( GEOMETRIC_REPRESENTATION_CONTEXT(2) 
PARAMETRIC_REPRESENTATION_CONTEXT() REPRESENTATION_CONTEXT('2D SPACE',''
  ) );
#7584 = PCURVE('',#5896,#7585);
#7585 = DEFINITIONAL_REPRESENTATION('',(#7586),#7590);
#7586 = LINE('',#7587,#7588);
#7587 = CARTESIAN_POINT('',(5.E-02,-3.1));
#7588 = VECTOR('',#7589,1.);
#7589 = DIRECTION('',(-1.,-0.));
#7590 = ( GEOMETRIC_REPRESENTATION_CONTEXT(2) 
PARAMETRIC_REPRESENTATION_CONTEXT() REPRESENTATION_CONTEXT('2D SPACE',''
  ) );
#7591 = ORIENTED_EDGE('',*,*,#5908,.F.);
#7592 = ORIENTED_EDGE('',*,*,#7524,.F.);
#7593 = ADVANCED_FACE('',(#7594),#5896,.F.);
#7594 = FACE_BOUND('',#7595,.F.);
#7595 = EDGE_LOOP('',(#7596,#7597,#7620,#7648,#7669,#7670,#7693,#7714));
#7596 = ORIENTED_EDGE('',*,*,#5881,.T.);
#7597 = ORIENTED_EDGE('',*,*,#7598,.T.);
#7598 = EDGE_CURVE('',#5856,#7599,#7601,.T.);
#7599 = VERTEX_POINT('',#7600);
#7600 = CARTESIAN_POINT('',(6.2,58.4117,36.95));
#7601 = SURFACE_CURVE('',#7602,(#7606,#7613),.PCURVE_S1.);
#7602 = LINE('',#7603,#7604);
#7603 = CARTESIAN_POINT('',(6.2,58.4117,32.4));
#7604 = VECTOR('',#7605,1.);
#7605 = DIRECTION('',(0.,0.,1.));
#7606 = PCURVE('',#5896,#7607);
#7607 = DEFINITIONAL_REPRESENTATION('',(#7608),#7612);
#7608 = LINE('',#7609,#7610);
#7609 = CARTESIAN_POINT('',(0.,-4.1));
#7610 = VECTOR('',#7611,1.);
#7611 = DIRECTION('',(1.,0.));
#7612 = ( GEOMETRIC_REPRESENTATION_CONTEXT(2) 
PARAMETRIC_REPRESENTATION_CONTEXT() REPRESENTATION_CONTEXT('2D SPACE',''
  ) );
#7613 = PCURVE('',#5870,#7614);
#7614 = DEFINITIONAL_REPRESENTATION('',(#7615),#7619);
#7615 = LINE('',#7616,#7617);
#7616 = CARTESIAN_POINT('',(0.,12.4));
#7617 = VECTOR('',#7618,1.);
#7618 = DIRECTION('',(1.,0.));
#7619 = ( GEOMETRIC_REPRESENTATION_CONTEXT(2) 
PARAMETRIC_REPRESENTATION_CONTEXT() REPRESENTATION_CONTEXT('2D SPACE',''
  ) );
#7620 = ORIENTED_EDGE('',*,*,#7621,.F.);
#7621 = EDGE_CURVE('',#7622,#7599,#7624,.T.);
#7622 = VERTEX_POINT('',#7623);
#7623 = CARTESIAN_POINT('',(6.2,54.3117,36.95));
#7624 = SURFACE_CURVE('',#7625,(#7629,#7636),.PCURVE_S1.);
#7625 = LINE('',#7626,#7627);
#7626 = CARTESIAN_POINT('',(6.2,54.3117,36.95));
#7627 = VECTOR('',#7628,1.);
#7628 = DIRECTION('',(-0.,1.,0.));
#7629 = PCURVE('',#5896,#7630);
#7630 = DEFINITIONAL_REPRESENTATION('',(#7631),#7635);
#7631 = LINE('',#7632,#7633);
#7632 = CARTESIAN_POINT('',(4.55,0.));
#7633 = VECTOR('',#7634,1.);
#7634 = DIRECTION('',(0.,-1.));
#7635 = ( GEOMETRIC_REPRESENTATION_CONTEXT(2) 
PARAMETRIC_REPRESENTATION_CONTEXT() REPRESENTATION_CONTEXT('2D SPACE',''
  ) );
#7636 = PCURVE('',#7637,#7642);
#7637 = PLANE('',#7638);
#7638 = AXIS2_PLACEMENT_3D('',#7639,#7640,#7641);
#7639 = CARTESIAN_POINT('',(-6.2,54.3117,36.95));
#7640 = DIRECTION('',(0.,0.,1.));
#7641 = DIRECTION('',(1.,0.,-0.));
#7642 = DEFINITIONAL_REPRESENTATION('',(#7643),#7647);
#7643 = LINE('',#7644,#7645);
#7644 = CARTESIAN_POINT('',(12.4,0.));
#7645 = VECTOR('',#7646,1.);
#7646 = DIRECTION('',(0.,1.));
#7647 = ( GEOMETRIC_REPRESENTATION_CONTEXT(2) 
PARAMETRIC_REPRESENTATION_CONTEXT() REPRESENTATION_CONTEXT('2D SPACE',''
  ) );
#7648 = ORIENTED_EDGE('',*,*,#7649,.F.);
#7649 = EDGE_CURVE('',#7260,#7622,#7650,.T.);
#7650 = SURFACE_CURVE('',#7651,(#7655,#7662),.PCURVE_S1.);
#7651 = LINE('',#7652,#7653);
#7652 = CARTESIAN_POINT('',(6.2,54.3117,35.75));
#7653 = VECTOR('',#7654,1.);
#7654 = DIRECTION('',(0.,0.,1.));
#7655 = PCURVE('',#5896,#7656);
#7656 = DEFINITIONAL_REPRESENTATION('',(#7657),#7661);
#7657 = LINE('',#7658,#7659);
#7658 = CARTESIAN_POINT('',(3.35,0.));
#7659 = VECTOR('',#7660,1.);
#7660 = DIRECTION('',(1.,0.));
#7661 = ( GEOMETRIC_REPRESENTATION_CONTEXT(2) 
PARAMETRIC_REPRESENTATION_CONTEXT() REPRESENTATION_CONTEXT('2D SPACE',''
  ) );
#7662 = PCURVE('',#7295,#7663);
#7663 = DEFINITIONAL_REPRESENTATION('',(#7664),#7668);
#7664 = LINE('',#7665,#7666);
#7665 = CARTESIAN_POINT('',(3.35,12.4));
#7666 = VECTOR('',#7667,1.);
#7667 = DIRECTION('',(1.,0.));
#7668 = ( GEOMETRIC_REPRESENTATION_CONTEXT(2) 
PARAMETRIC_REPRESENTATION_CONTEXT() REPRESENTATION_CONTEXT('2D SPACE',''
  ) );
#7669 = ORIENTED_EDGE('',*,*,#7259,.F.);
#7670 = ORIENTED_EDGE('',*,*,#7671,.F.);
#7671 = EDGE_CURVE('',#7672,#7232,#7674,.T.);
#7672 = VERTEX_POINT('',#7673);
#7673 = CARTESIAN_POINT('',(6.2,43.7117,32.5));
#7674 = SURFACE_CURVE('',#7675,(#7679,#7686),.PCURVE_S1.);
#7675 = LINE('',#7676,#7677);
#7676 = CARTESIAN_POINT('',(6.2,43.7117,32.4));
#7677 = VECTOR('',#7678,1.);
#7678 = DIRECTION('',(0.,0.,1.));
#7679 = PCURVE('',#5896,#7680);
#7680 = DEFINITIONAL_REPRESENTATION('',(#7681),#7685);
#7681 = LINE('',#7682,#7683);
#7682 = CARTESIAN_POINT('',(0.,10.6));
#7683 = VECTOR('',#7684,1.);
#7684 = DIRECTION('',(1.,0.));
#7685 = ( GEOMETRIC_REPRESENTATION_CONTEXT(2) 
PARAMETRIC_REPRESENTATION_CONTEXT() REPRESENTATION_CONTEXT('2D SPACE',''
  ) );
#7686 = PCURVE('',#7247,#7687);
#7687 = DEFINITIONAL_REPRESENTATION('',(#7688),#7692);
#7688 = LINE('',#7689,#7690);
#7689 = CARTESIAN_POINT('',(0.,12.4));
#7690 = VECTOR('',#7691,1.);
#7691 = DIRECTION('',(1.,0.));
#7692 = ( GEOMETRIC_REPRESENTATION_CONTEXT(2) 
PARAMETRIC_REPRESENTATION_CONTEXT() REPRESENTATION_CONTEXT('2D SPACE',''
  ) );
#7693 = ORIENTED_EDGE('',*,*,#7694,.F.);
#7694 = EDGE_CURVE('',#7550,#7672,#7695,.T.);
#7695 = SURFACE_CURVE('',#7696,(#7700,#7707),.PCURVE_S1.);
#7696 = LINE('',#7697,#7698);
#7697 = CARTESIAN_POINT('',(6.2,57.4117,32.5));
#7698 = VECTOR('',#7699,1.);
#7699 = DIRECTION('',(6.483054158395E-17,-1.,0.));
#7700 = PCURVE('',#5896,#7701);
#7701 = DEFINITIONAL_REPRESENTATION('',(#7702),#7706);
#7702 = LINE('',#7703,#7704);
#7703 = CARTESIAN_POINT('',(0.1,-3.1));
#7704 = VECTOR('',#7705,1.);
#7705 = DIRECTION('',(0.,1.));
#7706 = ( GEOMETRIC_REPRESENTATION_CONTEXT(2) 
PARAMETRIC_REPRESENTATION_CONTEXT() REPRESENTATION_CONTEXT('2D SPACE',''
  ) );
#7707 = PCURVE('',#7512,#7708);
#7708 = DEFINITIONAL_REPRESENTATION('',(#7709),#7713);
#7709 = LINE('',#7710,#7711);
#7710 = CARTESIAN_POINT('',(13.7,15.));
#7711 = VECTOR('',#7712,1.);
#7712 = DIRECTION('',(6.483054158395E-17,-1.));
#7713 = ( GEOMETRIC_REPRESENTATION_CONTEXT(2) 
PARAMETRIC_REPRESENTATION_CONTEXT() REPRESENTATION_CONTEXT('2D SPACE',''
  ) );
#7714 = ORIENTED_EDGE('',*,*,#7572,.F.);
#7715 = ADVANCED_FACE('',(#7716),#5870,.F.);
#7716 = FACE_BOUND('',#7717,.F.);
#7717 = EDGE_LOOP('',(#7718,#7719,#7720,#7743));
#7718 = ORIENTED_EDGE('',*,*,#7598,.F.);
#7719 = ORIENTED_EDGE('',*,*,#5855,.T.);
#7720 = ORIENTED_EDGE('',*,*,#7721,.T.);
#7721 = EDGE_CURVE('',#5829,#7722,#7724,.T.);
#7722 = VERTEX_POINT('',#7723);
#7723 = CARTESIAN_POINT('',(-6.2,58.4117,36.95));
#7724 = SURFACE_CURVE('',#7725,(#7729,#7736),.PCURVE_S1.);
#7725 = LINE('',#7726,#7727);
#7726 = CARTESIAN_POINT('',(-6.2,58.4117,32.4));
#7727 = VECTOR('',#7728,1.);
#7728 = DIRECTION('',(0.,0.,1.));
#7729 = PCURVE('',#5870,#7730);
#7730 = DEFINITIONAL_REPRESENTATION('',(#7731),#7735);
#7731 = LINE('',#7732,#7733);
#7732 = CARTESIAN_POINT('',(0.,0.));
#7733 = VECTOR('',#7734,1.);
#7734 = DIRECTION('',(1.,0.));
#7735 = ( GEOMETRIC_REPRESENTATION_CONTEXT(2) 
PARAMETRIC_REPRESENTATION_CONTEXT() REPRESENTATION_CONTEXT('2D SPACE',''
  ) );
#7736 = PCURVE('',#5843,#7737);
#7737 = DEFINITIONAL_REPRESENTATION('',(#7738),#7742);
#7738 = LINE('',#7739,#7740);
#7739 = CARTESIAN_POINT('',(0.,-4.1));
#7740 = VECTOR('',#7741,1.);
#7741 = DIRECTION('',(1.,0.));
#7742 = ( GEOMETRIC_REPRESENTATION_CONTEXT(2) 
PARAMETRIC_REPRESENTATION_CONTEXT() REPRESENTATION_CONTEXT('2D SPACE',''
  ) );
#7743 = ORIENTED_EDGE('',*,*,#7744,.T.);
#7744 = EDGE_CURVE('',#7722,#7599,#7745,.T.);
#7745 = SURFACE_CURVE('',#7746,(#7750,#7757),.PCURVE_S1.);
#7746 = LINE('',#7747,#7748);
#7747 = CARTESIAN_POINT('',(-6.2,58.4117,36.95));
#7748 = VECTOR('',#7749,1.);
#7749 = DIRECTION('',(1.,0.,-0.));
#7750 = PCURVE('',#5870,#7751);
#7751 = DEFINITIONAL_REPRESENTATION('',(#7752),#7756);
#7752 = LINE('',#7753,#7754);
#7753 = CARTESIAN_POINT('',(4.55,0.));
#7754 = VECTOR('',#7755,1.);
#7755 = DIRECTION('',(0.,1.));
#7756 = ( GEOMETRIC_REPRESENTATION_CONTEXT(2) 
PARAMETRIC_REPRESENTATION_CONTEXT() REPRESENTATION_CONTEXT('2D SPACE',''
  ) );
#7757 = PCURVE('',#7637,#7758);
#7758 = DEFINITIONAL_REPRESENTATION('',(#7759),#7763);
#7759 = LINE('',#7760,#7761);
#7760 = CARTESIAN_POINT('',(0.,4.1));
#7761 = VECTOR('',#7762,1.);
#7762 = DIRECTION('',(1.,0.));
#7763 = ( GEOMETRIC_REPRESENTATION_CONTEXT(2) 
PARAMETRIC_REPRESENTATION_CONTEXT() REPRESENTATION_CONTEXT('2D SPACE',''
  ) );
#7764 = ADVANCED_FACE('',(#7765),#5843,.T.);
#7765 = FACE_BOUND('',#7766,.T.);
#7766 = EDGE_LOOP('',(#7767,#7768,#7769,#7792,#7813,#7814,#7837,#7860));
#7767 = ORIENTED_EDGE('',*,*,#5828,.T.);
#7768 = ORIENTED_EDGE('',*,*,#7721,.T.);
#7769 = ORIENTED_EDGE('',*,*,#7770,.F.);
#7770 = EDGE_CURVE('',#7771,#7722,#7773,.T.);
#7771 = VERTEX_POINT('',#7772);
#7772 = CARTESIAN_POINT('',(-6.2,54.3117,36.95));
#7773 = SURFACE_CURVE('',#7774,(#7778,#7785),.PCURVE_S1.);
#7774 = LINE('',#7775,#7776);
#7775 = CARTESIAN_POINT('',(-6.2,54.3117,36.95));
#7776 = VECTOR('',#7777,1.);
#7777 = DIRECTION('',(-0.,1.,0.));
#7778 = PCURVE('',#5843,#7779);
#7779 = DEFINITIONAL_REPRESENTATION('',(#7780),#7784);
#7780 = LINE('',#7781,#7782);
#7781 = CARTESIAN_POINT('',(4.55,0.));
#7782 = VECTOR('',#7783,1.);
#7783 = DIRECTION('',(0.,-1.));
#7784 = ( GEOMETRIC_REPRESENTATION_CONTEXT(2) 
PARAMETRIC_REPRESENTATION_CONTEXT() REPRESENTATION_CONTEXT('2D SPACE',''
  ) );
#7785 = PCURVE('',#7637,#7786);
#7786 = DEFINITIONAL_REPRESENTATION('',(#7787),#7791);
#7787 = LINE('',#7788,#7789);
#7788 = CARTESIAN_POINT('',(0.,0.));
#7789 = VECTOR('',#7790,1.);
#7790 = DIRECTION('',(0.,1.));
#7791 = ( GEOMETRIC_REPRESENTATION_CONTEXT(2) 
PARAMETRIC_REPRESENTATION_CONTEXT() REPRESENTATION_CONTEXT('2D SPACE',''
  ) );
#7792 = ORIENTED_EDGE('',*,*,#7793,.T.);
#7793 = EDGE_CURVE('',#7771,#7209,#7794,.T.);
#7794 = SURFACE_CURVE('',#7795,(#7799,#7806),.PCURVE_S1.);
#7795 = LINE('',#7796,#7797);
#7796 = CARTESIAN_POINT('',(-6.2,54.3117,36.95));
#7797 = VECTOR('',#7798,1.);
#7798 = DIRECTION('',(0.,0.,-1.));
#7799 = PCURVE('',#5843,#7800);
#7800 = DEFINITIONAL_REPRESENTATION('',(#7801),#7805);
#7801 = LINE('',#7802,#7803);
#7802 = CARTESIAN_POINT('',(4.55,0.));
#7803 = VECTOR('',#7804,1.);
#7804 = DIRECTION('',(-1.,0.));
#7805 = ( GEOMETRIC_REPRESENTATION_CONTEXT(2) 
PARAMETRIC_REPRESENTATION_CONTEXT() REPRESENTATION_CONTEXT('2D SPACE',''
  ) );
#7806 = PCURVE('',#7295,#7807);
#7807 = DEFINITIONAL_REPRESENTATION('',(#7808),#7812);
#7808 = LINE('',#7809,#7810);
#7809 = CARTESIAN_POINT('',(4.55,0.));
#7810 = VECTOR('',#7811,1.);
#7811 = DIRECTION('',(-1.,0.));
#7812 = ( GEOMETRIC_REPRESENTATION_CONTEXT(2) 
PARAMETRIC_REPRESENTATION_CONTEXT() REPRESENTATION_CONTEXT('2D SPACE',''
  ) );
#7813 = ORIENTED_EDGE('',*,*,#7206,.F.);
#7814 = ORIENTED_EDGE('',*,*,#7815,.F.);
#7815 = EDGE_CURVE('',#7816,#7207,#7818,.T.);
#7816 = VERTEX_POINT('',#7817);
#7817 = CARTESIAN_POINT('',(-6.2,43.7117,32.5));
#7818 = SURFACE_CURVE('',#7819,(#7823,#7830),.PCURVE_S1.);
#7819 = LINE('',#7820,#7821);
#7820 = CARTESIAN_POINT('',(-6.2,43.7117,32.4));
#7821 = VECTOR('',#7822,1.);
#7822 = DIRECTION('',(0.,0.,1.));
#7823 = PCURVE('',#5843,#7824);
#7824 = DEFINITIONAL_REPRESENTATION('',(#7825),#7829);
#7825 = LINE('',#7826,#7827);
#7826 = CARTESIAN_POINT('',(0.,10.6));
#7827 = VECTOR('',#7828,1.);
#7828 = DIRECTION('',(1.,0.));
#7829 = ( GEOMETRIC_REPRESENTATION_CONTEXT(2) 
PARAMETRIC_REPRESENTATION_CONTEXT() REPRESENTATION_CONTEXT('2D SPACE',''
  ) );
#7830 = PCURVE('',#7247,#7831);
#7831 = DEFINITIONAL_REPRESENTATION('',(#7832),#7836);
#7832 = LINE('',#7833,#7834);
#7833 = CARTESIAN_POINT('',(0.,0.));
#7834 = VECTOR('',#7835,1.);
#7835 = DIRECTION('',(1.,0.));
#7836 = ( GEOMETRIC_REPRESENTATION_CONTEXT(2) 
PARAMETRIC_REPRESENTATION_CONTEXT() REPRESENTATION_CONTEXT('2D SPACE',''
  ) );
#7837 = ORIENTED_EDGE('',*,*,#7838,.T.);
#7838 = EDGE_CURVE('',#7816,#7839,#7841,.T.);
#7839 = VERTEX_POINT('',#7840);
#7840 = CARTESIAN_POINT('',(-6.2,57.4117,32.5));
#7841 = SURFACE_CURVE('',#7842,(#7846,#7853),.PCURVE_S1.);
#7842 = LINE('',#7843,#7844);
#7843 = CARTESIAN_POINT('',(-6.2,43.7117,32.5));
#7844 = VECTOR('',#7845,1.);
#7845 = DIRECTION('',(0.,1.,0.));
#7846 = PCURVE('',#5843,#7847);
#7847 = DEFINITIONAL_REPRESENTATION('',(#7848),#7852);
#7848 = LINE('',#7849,#7850);
#7849 = CARTESIAN_POINT('',(0.1,10.6));
#7850 = VECTOR('',#7851,1.);
#7851 = DIRECTION('',(0.,-1.));
#7852 = ( GEOMETRIC_REPRESENTATION_CONTEXT(2) 
PARAMETRIC_REPRESENTATION_CONTEXT() REPRESENTATION_CONTEXT('2D SPACE',''
  ) );
#7853 = PCURVE('',#7512,#7854);
#7854 = DEFINITIONAL_REPRESENTATION('',(#7855),#7859);
#7855 = LINE('',#7856,#7857);
#7856 = CARTESIAN_POINT('',(1.3,1.3));
#7857 = VECTOR('',#7858,1.);
#7858 = DIRECTION('',(0.,1.));
#7859 = ( GEOMETRIC_REPRESENTATION_CONTEXT(2) 
PARAMETRIC_REPRESENTATION_CONTEXT() REPRESENTATION_CONTEXT('2D SPACE',''
  ) );
#7860 = ORIENTED_EDGE('',*,*,#7861,.F.);
#7861 = EDGE_CURVE('',#5803,#7839,#7862,.T.);
#7862 = SURFACE_CURVE('',#7863,(#7867,#7874),.PCURVE_S1.);
#7863 = LINE('',#7864,#7865);
#7864 = CARTESIAN_POINT('',(-6.2,57.4117,32.45));
#7865 = VECTOR('',#7866,1.);
#7866 = DIRECTION('',(-0.,0.,-1.));
#7867 = PCURVE('',#5843,#7868);
#7868 = DEFINITIONAL_REPRESENTATION('',(#7869),#7873);
#7869 = LINE('',#7870,#7871);
#7870 = CARTESIAN_POINT('',(5.E-02,-3.1));
#7871 = VECTOR('',#7872,1.);
#7872 = DIRECTION('',(-1.,-0.));
#7873 = ( GEOMETRIC_REPRESENTATION_CONTEXT(2) 
PARAMETRIC_REPRESENTATION_CONTEXT() REPRESENTATION_CONTEXT('2D SPACE',''
  ) );
#7874 = PCURVE('',#5817,#7875);
#7875 = DEFINITIONAL_REPRESENTATION('',(#7876),#7879);
#7876 = B_SPLINE_CURVE_WITH_KNOTS('',1,(#7877,#7878),.UNSPECIFIED.,.F.,
  .F.,(2,2),(-3.65,-5.E-02),.PIECEWISE_BEZIER_KNOTS.);
#7877 = CARTESIAN_POINT('',(3.6,1.3));
#7878 = CARTESIAN_POINT('',(0.,1.3));
#7879 = ( GEOMETRIC_REPRESENTATION_CONTEXT(2) 
PARAMETRIC_REPRESENTATION_CONTEXT() REPRESENTATION_CONTEXT('2D SPACE',''
  ) );
#7880 = ADVANCED_FACE('',(#7881),#5817,.T.);
#7881 = FACE_BOUND('',#7882,.T.);
#7882 = EDGE_LOOP('',(#7883,#7906,#7927,#7928));
#7883 = ORIENTED_EDGE('',*,*,#7884,.F.);
#7884 = EDGE_CURVE('',#7885,#7839,#7887,.T.);
#7885 = VERTEX_POINT('',#7886);
#7886 = CARTESIAN_POINT('',(-7.5,57.4117,32.5));
#7887 = SURFACE_CURVE('',#7888,(#7892,#7899),.PCURVE_S1.);
#7888 = LINE('',#7889,#7890);
#7889 = CARTESIAN_POINT('',(-7.5,57.4117,32.5));
#7890 = VECTOR('',#7891,1.);
#7891 = DIRECTION('',(1.,0.,-0.));
#7892 = PCURVE('',#5817,#7893);
#7893 = DEFINITIONAL_REPRESENTATION('',(#7894),#7898);
#7894 = LINE('',#7895,#7896);
#7895 = CARTESIAN_POINT('',(0.,0.));
#7896 = VECTOR('',#7897,1.);
#7897 = DIRECTION('',(0.,1.));
#7898 = ( GEOMETRIC_REPRESENTATION_CONTEXT(2) 
PARAMETRIC_REPRESENTATION_CONTEXT() REPRESENTATION_CONTEXT('2D SPACE',''
  ) );
#7899 = PCURVE('',#7512,#7900);
#7900 = DEFINITIONAL_REPRESENTATION('',(#7901),#7905);
#7901 = LINE('',#7902,#7903);
#7902 = CARTESIAN_POINT('',(0.,15.));
#7903 = VECTOR('',#7904,1.);
#7904 = DIRECTION('',(1.,0.));
#7905 = ( GEOMETRIC_REPRESENTATION_CONTEXT(2) 
PARAMETRIC_REPRESENTATION_CONTEXT() REPRESENTATION_CONTEXT('2D SPACE',''
  ) );
#7906 = ORIENTED_EDGE('',*,*,#7907,.T.);
#7907 = EDGE_CURVE('',#7885,#5777,#7908,.T.);
#7908 = SURFACE_CURVE('',#7909,(#7913,#7920),.PCURVE_S1.);
#7909 = LINE('',#7910,#7911);
#7910 = CARTESIAN_POINT('',(-7.5,57.4117,32.5));
#7911 = VECTOR('',#7912,1.);
#7912 = DIRECTION('',(0.,0.,1.));
#7913 = PCURVE('',#5817,#7914);
#7914 = DEFINITIONAL_REPRESENTATION('',(#7915),#7919);
#7915 = LINE('',#7916,#7917);
#7916 = CARTESIAN_POINT('',(0.,0.));
#7917 = VECTOR('',#7918,1.);
#7918 = DIRECTION('',(1.,0.));
#7919 = ( GEOMETRIC_REPRESENTATION_CONTEXT(2) 
PARAMETRIC_REPRESENTATION_CONTEXT() REPRESENTATION_CONTEXT('2D SPACE',''
  ) );
#7920 = PCURVE('',#5791,#7921);
#7921 = DEFINITIONAL_REPRESENTATION('',(#7922),#7926);
#7922 = LINE('',#7923,#7924);
#7923 = CARTESIAN_POINT('',(0.,-15.));
#7924 = VECTOR('',#7925,1.);
#7925 = DIRECTION('',(1.,0.));
#7926 = ( GEOMETRIC_REPRESENTATION_CONTEXT(2) 
PARAMETRIC_REPRESENTATION_CONTEXT() REPRESENTATION_CONTEXT('2D SPACE',''
  ) );
#7927 = ORIENTED_EDGE('',*,*,#5802,.F.);
#7928 = ORIENTED_EDGE('',*,*,#7861,.T.);
#7929 = ADVANCED_FACE('',(#7930),#5791,.F.);
#7930 = FACE_BOUND('',#7931,.F.);
#7931 = EDGE_LOOP('',(#7932,#7955,#7976,#7977));
#7932 = ORIENTED_EDGE('',*,*,#7933,.F.);
#7933 = EDGE_CURVE('',#7934,#5751,#7936,.T.);
#7934 = VERTEX_POINT('',#7935);
#7935 = CARTESIAN_POINT('',(-7.5,42.4117,32.5));
#7936 = SURFACE_CURVE('',#7937,(#7941,#7948),.PCURVE_S1.);
#7937 = LINE('',#7938,#7939);
#7938 = CARTESIAN_POINT('',(-7.5,42.4117,32.5));
#7939 = VECTOR('',#7940,1.);
#7940 = DIRECTION('',(0.,0.,1.));
#7941 = PCURVE('',#5791,#7942);
#7942 = DEFINITIONAL_REPRESENTATION('',(#7943),#7947);
#7943 = LINE('',#7944,#7945);
#7944 = CARTESIAN_POINT('',(0.,0.));
#7945 = VECTOR('',#7946,1.);
#7946 = DIRECTION('',(1.,0.));
#7947 = ( GEOMETRIC_REPRESENTATION_CONTEXT(2) 
PARAMETRIC_REPRESENTATION_CONTEXT() REPRESENTATION_CONTEXT('2D SPACE',''
  ) );
#7948 = PCURVE('',#5765,#7949);
#7949 = DEFINITIONAL_REPRESENTATION('',(#7950),#7954);
#7950 = LINE('',#7951,#7952);
#7951 = CARTESIAN_POINT('',(0.,0.));
#7952 = VECTOR('',#7953,1.);
#7953 = DIRECTION('',(1.,0.));
#7954 = ( GEOMETRIC_REPRESENTATION_CONTEXT(2) 
PARAMETRIC_REPRESENTATION_CONTEXT() REPRESENTATION_CONTEXT('2D SPACE',''
  ) );
#7955 = ORIENTED_EDGE('',*,*,#7956,.T.);
#7956 = EDGE_CURVE('',#7934,#7885,#7957,.T.);
#7957 = SURFACE_CURVE('',#7958,(#7962,#7969),.PCURVE_S1.);
#7958 = LINE('',#7959,#7960);
#7959 = CARTESIAN_POINT('',(-7.5,42.4117,32.5));
#7960 = VECTOR('',#7961,1.);
#7961 = DIRECTION('',(-0.,1.,0.));
#7962 = PCURVE('',#5791,#7963);
#7963 = DEFINITIONAL_REPRESENTATION('',(#7964),#7968);
#7964 = LINE('',#7965,#7966);
#7965 = CARTESIAN_POINT('',(0.,0.));
#7966 = VECTOR('',#7967,1.);
#7967 = DIRECTION('',(0.,-1.));
#7968 = ( GEOMETRIC_REPRESENTATION_CONTEXT(2) 
PARAMETRIC_REPRESENTATION_CONTEXT() REPRESENTATION_CONTEXT('2D SPACE',''
  ) );
#7969 = PCURVE('',#7512,#7970);
#7970 = DEFINITIONAL_REPRESENTATION('',(#7971),#7975);
#7971 = LINE('',#7972,#7973);
#7972 = CARTESIAN_POINT('',(0.,0.));
#7973 = VECTOR('',#7974,1.);
#7974 = DIRECTION('',(0.,1.));
#7975 = ( GEOMETRIC_REPRESENTATION_CONTEXT(2) 
PARAMETRIC_REPRESENTATION_CONTEXT() REPRESENTATION_CONTEXT('2D SPACE',''
  ) );
#7976 = ORIENTED_EDGE('',*,*,#7907,.T.);
#7977 = ORIENTED_EDGE('',*,*,#5776,.F.);
#7978 = ADVANCED_FACE('',(#7979),#5765,.F.);
#7979 = FACE_BOUND('',#7980,.F.);
#7980 = EDGE_LOOP('',(#7981,#7982,#8003,#8004));
#7981 = ORIENTED_EDGE('',*,*,#7473,.F.);
#7982 = ORIENTED_EDGE('',*,*,#7983,.F.);
#7983 = EDGE_CURVE('',#7934,#7474,#7984,.T.);
#7984 = SURFACE_CURVE('',#7985,(#7989,#7996),.PCURVE_S1.);
#7985 = LINE('',#7986,#7987);
#7986 = CARTESIAN_POINT('',(-7.5,42.4117,32.5));
#7987 = VECTOR('',#7988,1.);
#7988 = DIRECTION('',(1.,0.,-0.));
#7989 = PCURVE('',#5765,#7990);
#7990 = DEFINITIONAL_REPRESENTATION('',(#7991),#7995);
#7991 = LINE('',#7992,#7993);
#7992 = CARTESIAN_POINT('',(0.,0.));
#7993 = VECTOR('',#7994,1.);
#7994 = DIRECTION('',(0.,1.));
#7995 = ( GEOMETRIC_REPRESENTATION_CONTEXT(2) 
PARAMETRIC_REPRESENTATION_CONTEXT() REPRESENTATION_CONTEXT('2D SPACE',''
  ) );
#7996 = PCURVE('',#7512,#7997);
#7997 = DEFINITIONAL_REPRESENTATION('',(#7998),#8002);
#7998 = LINE('',#7999,#8000);
#7999 = CARTESIAN_POINT('',(0.,0.));
#8000 = VECTOR('',#8001,1.);
#8001 = DIRECTION('',(1.,0.));
#8002 = ( GEOMETRIC_REPRESENTATION_CONTEXT(2) 
PARAMETRIC_REPRESENTATION_CONTEXT() REPRESENTATION_CONTEXT('2D SPACE',''
  ) );
#8003 = ORIENTED_EDGE('',*,*,#7933,.T.);
#8004 = ORIENTED_EDGE('',*,*,#5750,.F.);
#8005 = ADVANCED_FACE('',(#8006),#5997,.F.);
#8006 = FACE_BOUND('',#8007,.F.);
#8007 = EDGE_LOOP('',(#8008,#8009,#8010,#8011));
#8008 = ORIENTED_EDGE('',*,*,#6059,.T.);
#8009 = ORIENTED_EDGE('',*,*,#5960,.F.);
#8010 = ORIENTED_EDGE('',*,*,#7449,.F.);
#8011 = ORIENTED_EDGE('',*,*,#7312,.F.);
#8012 = ADVANCED_FACE('',(#8013),#6141,.F.);
#8013 = FACE_BOUND('',#8014,.T.);
#8014 = EDGE_LOOP('',(#8015,#8016,#8017,#8018));
#8015 = ORIENTED_EDGE('',*,*,#7338,.F.);
#8016 = ORIENTED_EDGE('',*,*,#6753,.T.);
#8017 = ORIENTED_EDGE('',*,*,#6127,.T.);
#8018 = ORIENTED_EDGE('',*,*,#6432,.F.);
#8019 = ADVANCED_FACE('',(#8020),#6196,.T.);
#8020 = FACE_BOUND('',#8021,.T.);
#8021 = EDGE_LOOP('',(#8022,#8023,#8024,#8025));
#8022 = ORIENTED_EDGE('',*,*,#6236,.F.);
#8023 = ORIENTED_EDGE('',*,*,#6180,.T.);
#8024 = ORIENTED_EDGE('',*,*,#6703,.T.);
#8025 = ORIENTED_EDGE('',*,*,#8026,.F.);
#8026 = EDGE_CURVE('',#6237,#6704,#8027,.T.);
#8027 = SURFACE_CURVE('',#8028,(#8032,#8039),.PCURVE_S1.);
#8028 = LINE('',#8029,#8030);
#8029 = CARTESIAN_POINT('',(-20.5,68.5,-6.4));
#8030 = VECTOR('',#8031,1.);
#8031 = DIRECTION('',(1.,0.,-0.));
#8032 = PCURVE('',#6196,#8033);
#8033 = DEFINITIONAL_REPRESENTATION('',(#8034),#8038);
#8034 = LINE('',#8035,#8036);
#8035 = CARTESIAN_POINT('',(0.,34.1));
#8036 = VECTOR('',#8037,1.);
#8037 = DIRECTION('',(1.,0.));
#8038 = ( GEOMETRIC_REPRESENTATION_CONTEXT(2) 
PARAMETRIC_REPRESENTATION_CONTEXT() REPRESENTATION_CONTEXT('2D SPACE',''
  ) );
#8039 = PCURVE('',#6275,#8040);
#8040 = DEFINITIONAL_REPRESENTATION('',(#8041),#8045);
#8041 = LINE('',#8042,#8043);
#8042 = CARTESIAN_POINT('',(0.,0.));
#8043 = VECTOR('',#8044,1.);
#8044 = DIRECTION('',(0.,1.));
#8045 = ( GEOMETRIC_REPRESENTATION_CONTEXT(2) 
PARAMETRIC_REPRESENTATION_CONTEXT() REPRESENTATION_CONTEXT('2D SPACE',''
  ) );
#8046 = ADVANCED_FACE('',(#8047),#6275,.F.);
#8047 = FACE_BOUND('',#8048,.F.);
#8048 = EDGE_LOOP('',(#8049,#8050,#8051,#8052));
#8049 = ORIENTED_EDGE('',*,*,#6726,.F.);
#8050 = ORIENTED_EDGE('',*,*,#8026,.F.);
#8051 = ORIENTED_EDGE('',*,*,#6259,.T.);
#8052 = ORIENTED_EDGE('',*,*,#6609,.T.);
#8053 = ADVANCED_FACE('',(#8054),#7247,.T.);
#8054 = FACE_BOUND('',#8055,.T.);
#8055 = EDGE_LOOP('',(#8056,#8057,#8076,#8077));
#8056 = ORIENTED_EDGE('',*,*,#7671,.F.);
#8057 = ORIENTED_EDGE('',*,*,#8058,.T.);
#8058 = EDGE_CURVE('',#7672,#7816,#8059,.T.);
#8059 = SURFACE_CURVE('',#8060,(#8064,#8070),.PCURVE_S1.);
#8060 = LINE('',#8061,#8062);
#8061 = CARTESIAN_POINT('',(-6.85,43.7117,32.5));
#8062 = VECTOR('',#8063,1.);
#8063 = DIRECTION('',(-1.,-0.,0.));
#8064 = PCURVE('',#7247,#8065);
#8065 = DEFINITIONAL_REPRESENTATION('',(#8066),#8069);
#8066 = B_SPLINE_CURVE_WITH_KNOTS('',1,(#8067,#8068),.UNSPECIFIED.,.F.,
  .F.,(2,2),(-13.05,-0.65),.PIECEWISE_BEZIER_KNOTS.);
#8067 = CARTESIAN_POINT('',(0.1,12.4));
#8068 = CARTESIAN_POINT('',(0.1,0.));
#8069 = ( GEOMETRIC_REPRESENTATION_CONTEXT(2) 
PARAMETRIC_REPRESENTATION_CONTEXT() REPRESENTATION_CONTEXT('2D SPACE',''
  ) );
#8070 = PCURVE('',#7512,#8071);
#8071 = DEFINITIONAL_REPRESENTATION('',(#8072),#8075);
#8072 = B_SPLINE_CURVE_WITH_KNOTS('',1,(#8073,#8074),.UNSPECIFIED.,.F.,
  .F.,(2,2),(-13.05,-0.65),.PIECEWISE_BEZIER_KNOTS.);
#8073 = CARTESIAN_POINT('',(13.7,1.3));
#8074 = CARTESIAN_POINT('',(1.3,1.3));
#8075 = ( GEOMETRIC_REPRESENTATION_CONTEXT(2) 
PARAMETRIC_REPRESENTATION_CONTEXT() REPRESENTATION_CONTEXT('2D SPACE',''
  ) );
#8076 = ORIENTED_EDGE('',*,*,#7815,.T.);
#8077 = ORIENTED_EDGE('',*,*,#7231,.T.);
#8078 = ADVANCED_FACE('',(#8079),#7295,.T.);
#8079 = FACE_BOUND('',#8080,.T.);
#8080 = EDGE_LOOP('',(#8081,#8082,#8083,#8084));
#8081 = ORIENTED_EDGE('',*,*,#7649,.F.);
#8082 = ORIENTED_EDGE('',*,*,#7282,.T.);
#8083 = ORIENTED_EDGE('',*,*,#7793,.F.);
#8084 = ORIENTED_EDGE('',*,*,#8085,.T.);
#8085 = EDGE_CURVE('',#7771,#7622,#8086,.T.);
#8086 = SURFACE_CURVE('',#8087,(#8091,#8098),.PCURVE_S1.);
#8087 = LINE('',#8088,#8089);
#8088 = CARTESIAN_POINT('',(-6.2,54.3117,36.95));
#8089 = VECTOR('',#8090,1.);
#8090 = DIRECTION('',(1.,0.,-0.));
#8091 = PCURVE('',#7295,#8092);
#8092 = DEFINITIONAL_REPRESENTATION('',(#8093),#8097);
#8093 = LINE('',#8094,#8095);
#8094 = CARTESIAN_POINT('',(4.55,0.));
#8095 = VECTOR('',#8096,1.);
#8096 = DIRECTION('',(0.,1.));
#8097 = ( GEOMETRIC_REPRESENTATION_CONTEXT(2) 
PARAMETRIC_REPRESENTATION_CONTEXT() REPRESENTATION_CONTEXT('2D SPACE',''
  ) );
#8098 = PCURVE('',#7637,#8099);
#8099 = DEFINITIONAL_REPRESENTATION('',(#8100),#8104);
#8100 = LINE('',#8101,#8102);
#8101 = CARTESIAN_POINT('',(0.,0.));
#8102 = VECTOR('',#8103,1.);
#8103 = DIRECTION('',(1.,0.));
#8104 = ( GEOMETRIC_REPRESENTATION_CONTEXT(2) 
PARAMETRIC_REPRESENTATION_CONTEXT() REPRESENTATION_CONTEXT('2D SPACE',''
  ) );
#8105 = ADVANCED_FACE('',(#8106),#7512,.F.);
#8106 = FACE_BOUND('',#8107,.F.);
#8107 = EDGE_LOOP('',(#8108,#8109,#8110,#8111,#8112,#8113,#8114,#8115));
#8108 = ORIENTED_EDGE('',*,*,#7884,.F.);
#8109 = ORIENTED_EDGE('',*,*,#7956,.F.);
#8110 = ORIENTED_EDGE('',*,*,#7983,.T.);
#8111 = ORIENTED_EDGE('',*,*,#7496,.T.);
#8112 = ORIENTED_EDGE('',*,*,#7549,.F.);
#8113 = ORIENTED_EDGE('',*,*,#7694,.T.);
#8114 = ORIENTED_EDGE('',*,*,#8058,.T.);
#8115 = ORIENTED_EDGE('',*,*,#7838,.T.);
#8116 = ADVANCED_FACE('',(#8117),#7637,.F.);
#8117 = FACE_BOUND('',#8118,.F.);
#8118 = EDGE_LOOP('',(#8119,#8120,#8121,#8122));
#8119 = ORIENTED_EDGE('',*,*,#7770,.F.);
#8120 = ORIENTED_EDGE('',*,*,#8085,.T.);
#8121 = ORIENTED_EDGE('',*,*,#7621,.T.);
#8122 = ORIENTED_EDGE('',*,*,#7744,.F.);
#8123 = ( GEOMETRIC_REPRESENTATION_CONTEXT(3) 
GLOBAL_UNCERTAINTY_ASSIGNED_CONTEXT((#8127)) 
GLOBAL_UNIT_ASSIGNED_CONTEXT((#8124,#8125,#8126)) REPRESENTATION_CONTEXT
('Context #1','3D Context with UNIT and UNCERTAINTY') );
#8124 = ( LENGTH_UNIT() NAMED_UNIT(*) SI_UNIT(.MILLI.,.METRE.) );
#8125 = ( NAMED_UNIT(*) PLANE_ANGLE_UNIT() SI_UNIT($,.RADIAN.) );
#8126 = ( NAMED_UNIT(*) SI_UNIT($,.STERADIAN.) SOLID_ANGLE_UNIT() );
#8127 = UNCERTAINTY_MEASURE_WITH_UNIT(LENGTH_MEASURE(5.E-06),#8124,
  'distance_accuracy_value','confusion accuracy');
#8128 = PRODUCT_RELATED_PRODUCT_CATEGORY('part',$,(#7));
ENDSEC;
END-ISO-10303-21;
