ISO-10303-21;
HEADER;
FILE_DESCRIPTION(('Open CASCADE Model'),'2;1');
FILE_NAME('Open CASCADE Shape Model','2026-09-15T12:58:03',('Author'),(
    'Open CASCADE'),'Open CASCADE STEP processor 7.8','Open CASCADE 7.8'
  ,'Unknown');
FILE_SCHEMA(('AUTOMOTIVE_DESIGN { 1 0 10303 214 1 1 1 1 }'));
ENDSEC;
DATA;
#1 = APPLICATION_PROTOCOL_DEFINITION('international standard',
  'automotive_design',2000,#2);
#2 = APPLICATION_CONTEXT(
  'core data for automotive mechanical design processes');
#3 = SHAPE_DEFINITION_REPRESENTATION(#4,#10);
#4 = PRODUCT_DEFINITION_SHAPE('','',#5);
#5 = PRODUCT_DEFINITION('design','',#6,#9);
#6 = PRODUCT_DEFINITION_FORMATION('','',#7);
#7 = PRODUCT('Open CASCADE STEP translator 7.8 3',
  'Open CASCADE STEP translator 7.8 3','',(#8));
#8 = PRODUCT_CONTEXT('',#2,'mechanical');
#9 = PRODUCT_DEFINITION_CONTEXT('part definition',#2,'design');
#10 = ADVANCED_BREP_SHAPE_REPRESENTATION('',(#11,#15),#16864);
#11 = AXIS2_PLACEMENT_3D('',#12,#13,#14);
#12 = CARTESIAN_POINT('',(0.,0.,0.));
#13 = DIRECTION('',(0.,0.,1.));
#14 = DIRECTION('',(1.,0.,-0.));
#15 = MANIFOLD_SOLID_BREP('',#16);
#16 = CLOSED_SHELL('',(#17,#139,#220,#304,#380,#3720,#3774,#3823,#3877,
    #7217,#7266,#7316,#7366,#7415,#7464,#7513,#7562,#7612,#7662,#7711,
    #7760,#7809,#7858,#7908,#7958,#8007,#8056,#8105,#8154,#8204,#8254,
    #8303,#8352,#8401,#8450,#8500,#8550,#8599,#8648,#8697,#8746,#8796,
    #8846,#8895,#8944,#8993,#9042,#9092,#9142,#9191,#9240,#9289,#9338,
    #9388,#9438,#9487,#9536,#9585,#9634,#9684,#9734,#9783,#9832,#9881,
    #9930,#9980,#10030,#10079,#10128,#10177,#10226,#10276,#10326,#10375,
    #10424,#10473,#10522,#10572,#10622,#10671,#10720,#10769,#10818,
    #10868,#10918,#10967,#11016,#11065,#11114,#11164,#11214,#11263,
    #11312,#11361,#11410,#11460,#11510,#11559,#11608,#11657,#11706,
    #11756,#11806,#11855,#11904,#11953,#12002,#12052,#12102,#12151,
    #12200,#12249,#12298,#12348,#12398,#12447,#12496,#12545,#12594,
    #12644,#12694,#12743,#12792,#12841,#12890,#12918,#12973,#13001,
    #13029,#13083,#13111,#13138,#13166,#13194,#13221,#13249,#13277,
    #13304,#13332,#13360,#13387,#13415,#13443,#13470,#13498,#13526,
    #13553,#13581,#13609,#13636,#13664,#13692,#13719,#13747,#13775,
    #13802,#13830,#13858,#13885,#13913,#13941,#13968,#13996,#14024,
    #14051,#14079,#14107,#14134,#14162,#14190,#14217,#14245,#14273,
    #14300,#14328,#14356,#14383,#14411,#14439,#14466,#14494,#14522,
    #14549,#14577,#14605,#14632,#14660,#14688,#14715,#14743,#14771,
    #14798,#14826,#14854,#14881,#14909,#14937,#14964,#14992,#15020,
    #15047,#15075,#15103,#15130,#15158,#15186,#15213,#15241,#15269,
    #15296,#15324,#15352,#15379,#15407,#15435,#15462,#15490,#15518,
    #15545,#15573,#15601,#15628,#15656,#15684,#15711,#15739,#15767,
    #15794,#15822,#15850,#15877,#15905,#15933,#15960,#15988,#16016,
    #16043,#16071,#16099,#16126,#16154,#16182,#16209,#16237,#16244,
    #16283,#16318,#16372,#16426,#16461,#16496,#16551,#16605,#16666,
    #16701,#16774,#16801,#16855,#16860));
#17 = ADVANCED_FACE('',(#18),#32,.T.);
#18 = FACE_BOUND('',#19,.T.);
#19 = EDGE_LOOP('',(#20,#55,#84,#112));
#20 = ORIENTED_EDGE('',*,*,#21,.F.);
#21 = EDGE_CURVE('',#22,#24,#26,.T.);
#22 = VERTEX_POINT('',#23);
#23 = CARTESIAN_POINT('',(19.147286833269,47.617601508795,58.2));
#24 = VERTEX_POINT('',#25);
#25 = CARTESIAN_POINT('',(19.147286833269,47.617601508795,39.2));
#26 = SURFACE_CURVE('',#27,(#31,#43),.PCURVE_S1.);
#27 = LINE('',#28,#29);
#28 = CARTESIAN_POINT('',(19.147286833269,47.617601508795,59.2));
#29 = VECTOR('',#30,1.);
#30 = DIRECTION('',(-5.947623346206E-16,-1.110223024625E-16,-1.));
#31 = PCURVE('',#32,#37);
#32 = CYLINDRICAL_SURFACE('',#33,19.284210105952);
#33 = AXIS2_PLACEMENT_3D('',#34,#35,#36);
#34 = CARTESIAN_POINT('',(-1.580957587066E-12,49.91154273188,59.2));
#35 = DIRECTION('',(-5.947623346206E-16,-1.110223024625E-16,-1.));
#36 = DIRECTION('',(-1.,9.42935300772E-31,5.947623346206E-16));
#37 = DEFINITIONAL_REPRESENTATION('',(#38),#42);
#38 = LINE('',#39,#40);
#39 = CARTESIAN_POINT('',(3.260829370296,0.));
#40 = VECTOR('',#41,1.);
#41 = DIRECTION('',(0.,1.));
#42 = ( GEOMETRIC_REPRESENTATION_CONTEXT(2) 
PARAMETRIC_REPRESENTATION_CONTEXT() REPRESENTATION_CONTEXT('2D SPACE',''
  ) );
#43 = PCURVE('',#44,#49);
#44 = PLANE('',#45);
#45 = AXIS2_PLACEMENT_3D('',#46,#47,#48);
#46 = CARTESIAN_POINT('',(18.844046843952,48.034975547655,59.2));
#47 = DIRECTION('',(-0.809016994375,-0.587785252292,5.551115123126E-16)
  );
#48 = DIRECTION('',(0.587785252292,-0.809016994375,-2.775557561563E-16)
  );
#49 = DEFINITIONAL_REPRESENTATION('',(#50),#54);
#50 = LINE('',#51,#52);
#51 = CARTESIAN_POINT('',(0.515902684074,6.661338147751E-16));
#52 = VECTOR('',#53,1.);
#53 = DIRECTION('',(-5.551115123126E-17,-1.));
#54 = ( GEOMETRIC_REPRESENTATION_CONTEXT(2) 
PARAMETRIC_REPRESENTATION_CONTEXT() REPRESENTATION_CONTEXT('2D SPACE',''
  ) );
#55 = ORIENTED_EDGE('',*,*,#56,.F.);
#56 = EDGE_CURVE('',#57,#22,#59,.T.);
#57 = VERTEX_POINT('',#58);
#58 = CARTESIAN_POINT('',(18.919018734183,46.176373452441,58.2));
#59 = SURFACE_CURVE('',#60,(#65,#72),.PCURVE_S1.);
#60 = CIRCLE('',#61,19.284210105952);
#61 = AXIS2_PLACEMENT_3D('',#62,#63,#64);
#62 = CARTESIAN_POINT('',(-1.581845765486E-12,49.91154273188,58.2));
#63 = DIRECTION('',(5.947623346206E-16,1.110223024625E-16,1.));
#64 = DIRECTION('',(1.,-9.42935300772E-31,-5.947623346206E-16));
#65 = PCURVE('',#32,#66);
#66 = DEFINITIONAL_REPRESENTATION('',(#67),#71);
#67 = LINE('',#68,#69);
#68 = CARTESIAN_POINT('',(9.424777960769,1.));
#69 = VECTOR('',#70,1.);
#70 = DIRECTION('',(-1.,0.));
#71 = ( GEOMETRIC_REPRESENTATION_CONTEXT(2) 
PARAMETRIC_REPRESENTATION_CONTEXT() REPRESENTATION_CONTEXT('2D SPACE',''
  ) );
#72 = PCURVE('',#73,#78);
#73 = CONICAL_SURFACE('',#74,18.284210105952,0.785398163397);
#74 = AXIS2_PLACEMENT_3D('',#75,#76,#77);
#75 = CARTESIAN_POINT('',(-1.580957587066E-12,49.91154273188,59.2));
#76 = DIRECTION('',(-5.947623346206E-16,-1.110223024625E-16,-1.));
#77 = DIRECTION('',(-1.,9.42935300772E-31,5.947623346206E-16));
#78 = DEFINITIONAL_REPRESENTATION('',(#79),#83);
#79 = LINE('',#80,#81);
#80 = CARTESIAN_POINT('',(9.424777960769,1.));
#81 = VECTOR('',#82,1.);
#82 = DIRECTION('',(-1.,2.489383946701E-14));
#83 = ( GEOMETRIC_REPRESENTATION_CONTEXT(2) 
PARAMETRIC_REPRESENTATION_CONTEXT() REPRESENTATION_CONTEXT('2D SPACE',''
  ) );
#84 = ORIENTED_EDGE('',*,*,#85,.T.);
#85 = EDGE_CURVE('',#57,#86,#88,.T.);
#86 = VERTEX_POINT('',#87);
#87 = CARTESIAN_POINT('',(18.919018734183,46.176373452441,39.2));
#88 = SURFACE_CURVE('',#89,(#93,#100),.PCURVE_S1.);
#89 = LINE('',#90,#91);
#90 = CARTESIAN_POINT('',(18.919018734183,46.176373452441,59.2));
#91 = VECTOR('',#92,1.);
#92 = DIRECTION('',(-5.947623346206E-16,-1.110223024625E-16,-1.));
#93 = PCURVE('',#32,#94);
#94 = DEFINITIONAL_REPRESENTATION('',(#95),#99);
#95 = LINE('',#96,#97);
#96 = CARTESIAN_POINT('',(3.336515202243,0.));
#97 = VECTOR('',#98,1.);
#98 = DIRECTION('',(0.,1.));
#99 = ( GEOMETRIC_REPRESENTATION_CONTEXT(2) 
PARAMETRIC_REPRESENTATION_CONTEXT() REPRESENTATION_CONTEXT('2D SPACE',''
  ) );
#100 = PCURVE('',#101,#106);
#101 = PLANE('',#102);
#102 = AXIS2_PLACEMENT_3D('',#103,#104,#105);
#103 = CARTESIAN_POINT('',(18.501644695323,45.873133463124,59.2));
#104 = DIRECTION('',(0.587785252292,-0.809016994375,-2.775557561563E-16)
  );
#105 = DIRECTION('',(0.809016994375,0.587785252292,-5.551115123126E-16)
  );
#106 = DEFINITIONAL_REPRESENTATION('',(#107),#111);
#107 = LINE('',#108,#109);
#108 = CARTESIAN_POINT('',(0.515902684074,2.22044604925E-15));
#109 = VECTOR('',#110,1.);
#110 = DIRECTION('',(5.551115123126E-17,-1.));
#111 = ( GEOMETRIC_REPRESENTATION_CONTEXT(2) 
PARAMETRIC_REPRESENTATION_CONTEXT() REPRESENTATION_CONTEXT('2D SPACE',''
  ) );
#112 = ORIENTED_EDGE('',*,*,#113,.T.);
#113 = EDGE_CURVE('',#86,#24,#114,.T.);
#114 = SURFACE_CURVE('',#115,(#120,#127),.PCURVE_S1.);
#115 = CIRCLE('',#116,19.284210105952);
#116 = AXIS2_PLACEMENT_3D('',#117,#118,#119);
#117 = CARTESIAN_POINT('',(-1.593392084942E-12,49.91154273188,39.2));
#118 = DIRECTION('',(5.947623346206E-16,1.110223024625E-16,1.));
#119 = DIRECTION('',(1.,-9.42935300772E-31,-5.947623346206E-16));
#120 = PCURVE('',#32,#121);
#121 = DEFINITIONAL_REPRESENTATION('',(#122),#126);
#122 = LINE('',#123,#124);
#123 = CARTESIAN_POINT('',(9.424777960769,20.));
#124 = VECTOR('',#125,1.);
#125 = DIRECTION('',(-1.,0.));
#126 = ( GEOMETRIC_REPRESENTATION_CONTEXT(2) 
PARAMETRIC_REPRESENTATION_CONTEXT() REPRESENTATION_CONTEXT('2D SPACE',''
  ) );
#127 = PCURVE('',#128,#133);
#128 = PLANE('',#129);
#129 = AXIS2_PLACEMENT_3D('',#130,#131,#132);
#130 = CARTESIAN_POINT('',(-8.881784197001E-16,49.91154273188,39.2));
#131 = DIRECTION('',(5.947623346206E-16,1.110223024625E-16,1.));
#132 = DIRECTION('',(1.,-9.42935300772E-31,-5.947623346206E-16));
#133 = DEFINITIONAL_REPRESENTATION('',(#134),#138);
#134 = CIRCLE('',#135,19.284210105952);
#135 = AXIS2_PLACEMENT_2D('',#136,#137);
#136 = CARTESIAN_POINT('',(-1.592503906522E-12,3.375578327447E-13));
#137 = DIRECTION('',(1.,-1.417484439069E-31));
#138 = ( GEOMETRIC_REPRESENTATION_CONTEXT(2) 
PARAMETRIC_REPRESENTATION_CONTEXT() REPRESENTATION_CONTEXT('2D SPACE',''
  ) );
#139 = ADVANCED_FACE('',(#140),#44,.F.);
#140 = FACE_BOUND('',#141,.T.);
#141 = EDGE_LOOP('',(#142,#172,#198,#199));
#142 = ORIENTED_EDGE('',*,*,#143,.F.);
#143 = EDGE_CURVE('',#144,#146,#148,.T.);
#144 = VERTEX_POINT('',#145);
#145 = CARTESIAN_POINT('',(18.540806854635,48.452349586515,58.2));
#146 = VERTEX_POINT('',#147);
#147 = CARTESIAN_POINT('',(18.540806854635,48.452349586515,39.2));
#148 = SURFACE_CURVE('',#149,(#153,#160),.PCURVE_S1.);
#149 = LINE('',#150,#151);
#150 = CARTESIAN_POINT('',(18.540806854635,48.452349586515,59.2));
#151 = VECTOR('',#152,1.);
#152 = DIRECTION('',(-5.947623346206E-16,-1.110223024625E-16,-1.));
#153 = PCURVE('',#44,#154);
#154 = DEFINITIONAL_REPRESENTATION('',(#155),#159);
#155 = LINE('',#156,#157);
#156 = CARTESIAN_POINT('',(-0.515902684074,-6.217248937901E-15));
#157 = VECTOR('',#158,1.);
#158 = DIRECTION('',(-5.551115123126E-17,-1.));
#159 = ( GEOMETRIC_REPRESENTATION_CONTEXT(2) 
PARAMETRIC_REPRESENTATION_CONTEXT() REPRESENTATION_CONTEXT('2D SPACE',''
  ) );
#160 = PCURVE('',#161,#166);
#161 = PLANE('',#162);
#162 = AXIS2_PLACEMENT_3D('',#163,#164,#165);
#163 = CARTESIAN_POINT('',(18.905605140976,48.817147872856,59.2));
#164 = DIRECTION('',(0.707106781187,-0.707106781187,-3.885780586188E-16)
  );
#165 = DIRECTION('',(0.707106781187,0.707106781187,-4.996003610813E-16)
  );
#166 = DEFINITIONAL_REPRESENTATION('',(#167),#171);
#167 = LINE('',#168,#169);
#168 = CARTESIAN_POINT('',(-0.515902684074,2.775557561563E-16));
#169 = VECTOR('',#170,1.);
#170 = DIRECTION('',(-5.551115123126E-17,-1.));
#171 = ( GEOMETRIC_REPRESENTATION_CONTEXT(2) 
PARAMETRIC_REPRESENTATION_CONTEXT() REPRESENTATION_CONTEXT('2D SPACE',''
  ) );
#172 = ORIENTED_EDGE('',*,*,#173,.T.);
#173 = EDGE_CURVE('',#144,#22,#174,.T.);
#174 = SURFACE_CURVE('',#175,(#179,#186),.PCURVE_S1.);
#175 = LINE('',#176,#177);
#176 = CARTESIAN_POINT('',(19.147286833269,47.617601508795,58.2));
#177 = VECTOR('',#178,1.);
#178 = DIRECTION('',(0.587785252292,-0.809016994375,-3.330669073875E-16)
  );
#179 = PCURVE('',#44,#180);
#180 = DEFINITIONAL_REPRESENTATION('',(#181),#185);
#181 = LINE('',#182,#183);
#182 = CARTESIAN_POINT('',(0.515902684074,-1.));
#183 = VECTOR('',#184,1.);
#184 = DIRECTION('',(1.,-1.110223024625E-16));
#185 = ( GEOMETRIC_REPRESENTATION_CONTEXT(2) 
PARAMETRIC_REPRESENTATION_CONTEXT() REPRESENTATION_CONTEXT('2D SPACE',''
  ) );
#186 = PCURVE('',#187,#192);
#187 = PLANE('',#188);
#188 = AXIS2_PLACEMENT_3D('',#189,#190,#191);
#189 = CARTESIAN_POINT('',(10.632211061979,57.636296235137,59.2));
#190 = DIRECTION('',(0.572061402818,0.415626937777,0.707106781187));
#191 = DIRECTION('',(0.587785252292,-0.809016994375,-4.440892098501E-16)
  );
#192 = DEFINITIONAL_REPRESENTATION('',(#193),#197);
#193 = LINE('',#194,#195);
#194 = CARTESIAN_POINT('',(13.110330255582,1.414213562373));
#195 = VECTOR('',#196,1.);
#196 = DIRECTION('',(1.,-4.996003610813E-16));
#197 = ( GEOMETRIC_REPRESENTATION_CONTEXT(2) 
PARAMETRIC_REPRESENTATION_CONTEXT() REPRESENTATION_CONTEXT('2D SPACE',''
  ) );
#198 = ORIENTED_EDGE('',*,*,#21,.T.);
#199 = ORIENTED_EDGE('',*,*,#200,.T.);
#200 = EDGE_CURVE('',#24,#146,#201,.T.);
#201 = SURFACE_CURVE('',#202,(#206,#213),.PCURVE_S1.);
#202 = LINE('',#203,#204);
#203 = CARTESIAN_POINT('',(18.844046843952,48.034975547655,39.2));
#204 = VECTOR('',#205,1.);
#205 = DIRECTION('',(-0.587785252292,0.809016994375,3.330669073875E-16)
  );
#206 = PCURVE('',#44,#207);
#207 = DEFINITIONAL_REPRESENTATION('',(#208),#212);
#208 = LINE('',#209,#210);
#209 = CARTESIAN_POINT('',(1.7763568394E-15,-20.));
#210 = VECTOR('',#211,1.);
#211 = DIRECTION('',(-1.,1.110223024625E-16));
#212 = ( GEOMETRIC_REPRESENTATION_CONTEXT(2) 
PARAMETRIC_REPRESENTATION_CONTEXT() REPRESENTATION_CONTEXT('2D SPACE',''
  ) );
#213 = PCURVE('',#128,#214);
#214 = DEFINITIONAL_REPRESENTATION('',(#215),#219);
#215 = LINE('',#216,#217);
#216 = CARTESIAN_POINT('',(18.844046843952,-1.876567184225));
#217 = VECTOR('',#218,1.);
#218 = DIRECTION('',(-0.587785252292,0.809016994375));
#219 = ( GEOMETRIC_REPRESENTATION_CONTEXT(2) 
PARAMETRIC_REPRESENTATION_CONTEXT() REPRESENTATION_CONTEXT('2D SPACE',''
  ) );
#220 = ADVANCED_FACE('',(#221),#73,.T.);
#221 = FACE_BOUND('',#222,.T.);
#222 = EDGE_LOOP('',(#223,#252,#253,#277));
#223 = ORIENTED_EDGE('',*,*,#224,.F.);
#224 = EDGE_CURVE('',#57,#225,#227,.T.);
#225 = VERTEX_POINT('',#226);
#226 = CARTESIAN_POINT('',(18.009030563585,46.75129632402,59.2));
#227 = SURFACE_CURVE('',#228,(#233,#239),.PCURVE_S1.);
#228 = B_SPLINE_CURVE_WITH_KNOTS('',3,(#229,#230,#231,#232),
  .UNSPECIFIED.,.F.,.F.,(4,4),(0.,1.469222508299E-03),
  .PIECEWISE_BEZIER_KNOTS.);
#229 = CARTESIAN_POINT('',(18.919018734183,46.176373452441,58.2));
#230 = CARTESIAN_POINT('',(18.616983557172,46.369415076069,
    58.533705776857));
#231 = CARTESIAN_POINT('',(18.313691691633,46.561096644447,
    58.867049908887));
#232 = CARTESIAN_POINT('',(18.009030563585,46.75129632402,59.2));
#233 = PCURVE('',#73,#234);
#234 = DEFINITIONAL_REPRESENTATION('',(#235),#238);
#235 = B_SPLINE_CURVE_WITH_KNOTS('',1,(#236,#237),.UNSPECIFIED.,.F.,.F.,
  (2,2),(0.,1.469222508299E-03),.PIECEWISE_BEZIER_KNOTS.);
#236 = CARTESIAN_POINT('',(3.336515202243,1.));
#237 = CARTESIAN_POINT('',(3.31530518914,-3.19744231092E-14));
#238 = ( GEOMETRIC_REPRESENTATION_CONTEXT(2) 
PARAMETRIC_REPRESENTATION_CONTEXT() REPRESENTATION_CONTEXT('2D SPACE',''
  ) );
#239 = PCURVE('',#240,#245);
#240 = PLANE('',#241);
#241 = AXIS2_PLACEMENT_3D('',#242,#243,#244);
#242 = CARTESIAN_POINT('',(18.501644695323,45.873133463124,58.2));
#243 = DIRECTION('',(-0.415626937777,0.572061402818,-0.707106781187));
#244 = DIRECTION('',(-0.809016994375,-0.587785252292,5.551115123126E-16)
  );
#245 = DEFINITIONAL_REPRESENTATION('',(#246),#251);
#246 = B_SPLINE_CURVE_WITH_KNOTS('',3,(#247,#248,#249,#250),
  .UNSPECIFIED.,.F.,.F.,(4,4),(0.,1.469222508299E-03),
  .PIECEWISE_BEZIER_KNOTS.);
#247 = CARTESIAN_POINT('',(-0.515902684074,1.42108547152E-14));
#248 = CARTESIAN_POINT('',(-0.38501811242,0.471931235473));
#249 = CARTESIAN_POINT('',(-0.252317437972,0.943351027928));
#250 = CARTESIAN_POINT('',(-0.1176379745,1.414213562373));
#251 = ( GEOMETRIC_REPRESENTATION_CONTEXT(2) 
PARAMETRIC_REPRESENTATION_CONTEXT() REPRESENTATION_CONTEXT('2D SPACE',''
  ) );
#252 = ORIENTED_EDGE('',*,*,#56,.T.);
#253 = ORIENTED_EDGE('',*,*,#254,.F.);
#254 = EDGE_CURVE('',#255,#22,#257,.T.);
#255 = VERTEX_POINT('',#256);
#256 = CARTESIAN_POINT('',(18.104175716097,47.352019174808,59.2));
#257 = SURFACE_CURVE('',#258,(#263,#269),.PCURVE_S1.);
#258 = B_SPLINE_CURVE_WITH_KNOTS('',3,(#259,#260,#261,#262),
  .UNSPECIFIED.,.F.,.F.,(4,4),(0.,1.469222508299E-03),
  .PIECEWISE_BEZIER_KNOTS.);
#259 = CARTESIAN_POINT('',(18.104175716097,47.352019174808,59.2));
#260 = CARTESIAN_POINT('',(18.452700600502,47.438764353371,
    58.867049908887));
#261 = CARTESIAN_POINT('',(18.8003811677,47.527342017324,58.533705776857
    ));
#262 = CARTESIAN_POINT('',(19.147286833269,47.617601508795,58.2));
#263 = PCURVE('',#73,#264);
#264 = DEFINITIONAL_REPRESENTATION('',(#265),#268);
#265 = B_SPLINE_CURVE_WITH_KNOTS('',1,(#266,#267),.UNSPECIFIED.,.F.,.F.,
  (2,2),(0.,1.469222508299E-03),.PIECEWISE_BEZIER_KNOTS.);
#266 = CARTESIAN_POINT('',(3.282039383398,-1.7763568394E-14));
#267 = CARTESIAN_POINT('',(3.260829370296,1.));
#268 = ( GEOMETRIC_REPRESENTATION_CONTEXT(2) 
PARAMETRIC_REPRESENTATION_CONTEXT() REPRESENTATION_CONTEXT('2D SPACE',''
  ) );
#269 = PCURVE('',#187,#270);
#270 = DEFINITIONAL_REPRESENTATION('',(#271),#276);
#271 = B_SPLINE_CURVE_WITH_KNOTS('',3,(#272,#273,#274,#275),
  .UNSPECIFIED.,.F.,.F.,(4,4),(0.,1.469222508299E-03),
  .PIECEWISE_BEZIER_KNOTS.);
#272 = CARTESIAN_POINT('',(12.712065546008,-7.105427357601E-15));
#273 = CARTESIAN_POINT('',(12.84674500948,0.470862534445));
#274 = CARTESIAN_POINT('',(12.979445683928,0.9422823269));
#275 = CARTESIAN_POINT('',(13.110330255582,1.414213562373));
#276 = ( GEOMETRIC_REPRESENTATION_CONTEXT(2) 
PARAMETRIC_REPRESENTATION_CONTEXT() REPRESENTATION_CONTEXT('2D SPACE',''
  ) );
#277 = ORIENTED_EDGE('',*,*,#278,.F.);
#278 = EDGE_CURVE('',#225,#255,#279,.T.);
#279 = SURFACE_CURVE('',#280,(#285,#292),.PCURVE_S1.);
#280 = CIRCLE('',#281,18.284210105952);
#281 = AXIS2_PLACEMENT_3D('',#282,#283,#284);
#282 = CARTESIAN_POINT('',(-1.580957587066E-12,49.91154273188,59.2));
#283 = DIRECTION('',(5.947623346206E-16,1.110223024625E-16,1.));
#284 = DIRECTION('',(1.,-9.42935300772E-31,-5.947623346206E-16));
#285 = PCURVE('',#73,#286);
#286 = DEFINITIONAL_REPRESENTATION('',(#287),#291);
#287 = LINE('',#288,#289);
#288 = CARTESIAN_POINT('',(9.424777960769,-3.280153731763E-13));
#289 = VECTOR('',#290,1.);
#290 = DIRECTION('',(-1.,5.339888211826E-14));
#291 = ( GEOMETRIC_REPRESENTATION_CONTEXT(2) 
PARAMETRIC_REPRESENTATION_CONTEXT() REPRESENTATION_CONTEXT('2D SPACE',''
  ) );
#292 = PCURVE('',#293,#298);
#293 = PLANE('',#294);
#294 = AXIS2_PLACEMENT_3D('',#295,#296,#297);
#295 = CARTESIAN_POINT('',(1.15463194561E-14,49.91154273188,59.2));
#296 = DIRECTION('',(5.947623346206E-16,1.110223024625E-16,1.));
#297 = DIRECTION('',(1.,-9.42935300772E-31,-5.947623346206E-16));
#298 = DEFINITIONAL_REPRESENTATION('',(#299),#303);
#299 = CIRCLE('',#300,18.284210105952);
#300 = AXIS2_PLACEMENT_2D('',#301,#302);
#301 = CARTESIAN_POINT('',(-1.592503906522E-12,3.36669654325E-13));
#302 = DIRECTION('',(1.,-1.417484439069E-31));
#303 = ( GEOMETRIC_REPRESENTATION_CONTEXT(2) 
PARAMETRIC_REPRESENTATION_CONTEXT() REPRESENTATION_CONTEXT('2D SPACE',''
  ) );
#304 = ADVANCED_FACE('',(#305),#101,.T.);
#305 = FACE_BOUND('',#306,.T.);
#306 = EDGE_LOOP('',(#307,#308,#331,#359));
#307 = ORIENTED_EDGE('',*,*,#85,.F.);
#308 = ORIENTED_EDGE('',*,*,#309,.T.);
#309 = EDGE_CURVE('',#57,#310,#312,.T.);
#310 = VERTEX_POINT('',#311);
#311 = CARTESIAN_POINT('',(18.084270656464,45.569893473807,58.2));
#312 = SURFACE_CURVE('',#313,(#317,#324),.PCURVE_S1.);
#313 = LINE('',#314,#315);
#314 = CARTESIAN_POINT('',(18.501644695323,45.873133463124,58.2));
#315 = VECTOR('',#316,1.);
#316 = DIRECTION('',(-0.809016994375,-0.587785252292,5.551115123126E-16)
  );
#317 = PCURVE('',#101,#318);
#318 = DEFINITIONAL_REPRESENTATION('',(#319),#323);
#319 = LINE('',#320,#321);
#320 = CARTESIAN_POINT('',(-3.330669073875E-16,-1.));
#321 = VECTOR('',#322,1.);
#322 = DIRECTION('',(-1.,0.));
#323 = ( GEOMETRIC_REPRESENTATION_CONTEXT(2) 
PARAMETRIC_REPRESENTATION_CONTEXT() REPRESENTATION_CONTEXT('2D SPACE',''
  ) );
#324 = PCURVE('',#240,#325);
#325 = DEFINITIONAL_REPRESENTATION('',(#326),#330);
#326 = LINE('',#327,#328);
#327 = CARTESIAN_POINT('',(0.,0.));
#328 = VECTOR('',#329,1.);
#329 = DIRECTION('',(1.,-6.938893903907E-16));
#330 = ( GEOMETRIC_REPRESENTATION_CONTEXT(2) 
PARAMETRIC_REPRESENTATION_CONTEXT() REPRESENTATION_CONTEXT('2D SPACE',''
  ) );
#331 = ORIENTED_EDGE('',*,*,#332,.T.);
#332 = EDGE_CURVE('',#310,#333,#335,.T.);
#333 = VERTEX_POINT('',#334);
#334 = CARTESIAN_POINT('',(18.084270656464,45.569893473807,39.2));
#335 = SURFACE_CURVE('',#336,(#340,#347),.PCURVE_S1.);
#336 = LINE('',#337,#338);
#337 = CARTESIAN_POINT('',(18.084270656464,45.569893473807,59.2));
#338 = VECTOR('',#339,1.);
#339 = DIRECTION('',(-5.947623346206E-16,-1.110223024625E-16,-1.));
#340 = PCURVE('',#101,#341);
#341 = DEFINITIONAL_REPRESENTATION('',(#342),#346);
#342 = LINE('',#343,#344);
#343 = CARTESIAN_POINT('',(-0.515902684074,2.886579864025E-15));
#344 = VECTOR('',#345,1.);
#345 = DIRECTION('',(5.551115123126E-17,-1.));
#346 = ( GEOMETRIC_REPRESENTATION_CONTEXT(2) 
PARAMETRIC_REPRESENTATION_CONTEXT() REPRESENTATION_CONTEXT('2D SPACE',''
  ) );
#347 = PCURVE('',#348,#353);
#348 = PLANE('',#349);
#349 = AXIS2_PLACEMENT_3D('',#350,#351,#352);
#350 = CARTESIAN_POINT('',(18.318485573823,45.110220816451,59.2));
#351 = DIRECTION('',(-0.891006524188,-0.45399049974,5.828670879282E-16)
  );
#352 = DIRECTION('',(0.45399049974,-0.891006524188,-1.110223024625E-16)
  );
#353 = DEFINITIONAL_REPRESENTATION('',(#354),#358);
#354 = LINE('',#355,#356);
#355 = CARTESIAN_POINT('',(-0.515902684074,-1.554312234475E-15));
#356 = VECTOR('',#357,1.);
#357 = DIRECTION('',(0.,-1.));
#358 = ( GEOMETRIC_REPRESENTATION_CONTEXT(2) 
PARAMETRIC_REPRESENTATION_CONTEXT() REPRESENTATION_CONTEXT('2D SPACE',''
  ) );
#359 = ORIENTED_EDGE('',*,*,#360,.F.);
#360 = EDGE_CURVE('',#86,#333,#361,.T.);
#361 = SURFACE_CURVE('',#362,(#366,#373),.PCURVE_S1.);
#362 = LINE('',#363,#364);
#363 = CARTESIAN_POINT('',(18.501644695323,45.873133463124,39.2));
#364 = VECTOR('',#365,1.);
#365 = DIRECTION('',(-0.809016994375,-0.587785252292,5.551115123126E-16)
  );
#366 = PCURVE('',#101,#367);
#367 = DEFINITIONAL_REPRESENTATION('',(#368),#372);
#368 = LINE('',#369,#370);
#369 = CARTESIAN_POINT('',(2.6645352591E-15,-20.));
#370 = VECTOR('',#371,1.);
#371 = DIRECTION('',(-1.,0.));
#372 = ( GEOMETRIC_REPRESENTATION_CONTEXT(2) 
PARAMETRIC_REPRESENTATION_CONTEXT() REPRESENTATION_CONTEXT('2D SPACE',''
  ) );
#373 = PCURVE('',#128,#374);
#374 = DEFINITIONAL_REPRESENTATION('',(#375),#379);
#375 = LINE('',#376,#377);
#376 = CARTESIAN_POINT('',(18.501644695323,-4.038409268756));
#377 = VECTOR('',#378,1.);
#378 = DIRECTION('',(-0.809016994375,-0.587785252292));
#379 = ( GEOMETRIC_REPRESENTATION_CONTEXT(2) 
PARAMETRIC_REPRESENTATION_CONTEXT() REPRESENTATION_CONTEXT('2D SPACE',''
  ) );
#380 = ADVANCED_FACE('',(#381,#3689),#128,.F.);
#381 = FACE_BOUND('',#382,.F.);
#382 = EDGE_LOOP('',(#383,#384,#385,#408,#437,#465,#493,#522,#550,#578,
    #607,#635,#663,#692,#720,#748,#777,#805,#833,#862,#890,#918,#947,
    #975,#1003,#1032,#1060,#1088,#1117,#1145,#1173,#1202,#1230,#1258,
    #1287,#1315,#1343,#1372,#1400,#1428,#1457,#1485,#1513,#1542,#1570,
    #1598,#1627,#1655,#1683,#1712,#1740,#1768,#1797,#1825,#1853,#1882,
    #1910,#1938,#1967,#1995,#2023,#2052,#2080,#2108,#2137,#2165,#2193,
    #2222,#2250,#2278,#2307,#2335,#2363,#2392,#2420,#2448,#2477,#2505,
    #2533,#2562,#2590,#2618,#2647,#2675,#2703,#2732,#2760,#2788,#2817,
    #2845,#2873,#2902,#2930,#2958,#2987,#3015,#3043,#3072,#3100,#3128,
    #3157,#3185,#3213,#3242,#3270,#3298,#3327,#3355,#3383,#3412,#3440,
    #3468,#3497,#3525,#3553,#3582,#3610,#3638,#3667,#3688));
#383 = ORIENTED_EDGE('',*,*,#113,.T.);
#384 = ORIENTED_EDGE('',*,*,#200,.T.);
#385 = ORIENTED_EDGE('',*,*,#386,.F.);
#386 = EDGE_CURVE('',#387,#146,#389,.T.);
#387 = VERTEX_POINT('',#388);
#388 = CARTESIAN_POINT('',(19.270403427317,49.181946159197,39.2));
#389 = SURFACE_CURVE('',#390,(#394,#401),.PCURVE_S1.);
#390 = LINE('',#391,#392);
#391 = CARTESIAN_POINT('',(18.905605140976,48.817147872856,39.2));
#392 = VECTOR('',#393,1.);
#393 = DIRECTION('',(-0.707106781187,-0.707106781187,4.996003610813E-16)
  );
#394 = PCURVE('',#128,#395);
#395 = DEFINITIONAL_REPRESENTATION('',(#396),#400);
#396 = LINE('',#397,#398);
#397 = CARTESIAN_POINT('',(18.905605140976,-1.094394859024));
#398 = VECTOR('',#399,1.);
#399 = DIRECTION('',(-0.707106781187,-0.707106781187));
#400 = ( GEOMETRIC_REPRESENTATION_CONTEXT(2) 
PARAMETRIC_REPRESENTATION_CONTEXT() REPRESENTATION_CONTEXT('2D SPACE',''
  ) );
#401 = PCURVE('',#161,#402);
#402 = DEFINITIONAL_REPRESENTATION('',(#403),#407);
#403 = LINE('',#404,#405);
#404 = CARTESIAN_POINT('',(1.7763568394E-15,-20.));
#405 = VECTOR('',#406,1.);
#406 = DIRECTION('',(-1.,-5.551115123126E-17));
#407 = ( GEOMETRIC_REPRESENTATION_CONTEXT(2) 
PARAMETRIC_REPRESENTATION_CONTEXT() REPRESENTATION_CONTEXT('2D SPACE',''
  ) );
#408 = ORIENTED_EDGE('',*,*,#409,.T.);
#409 = EDGE_CURVE('',#387,#410,#412,.T.);
#410 = VERTEX_POINT('',#411);
#411 = CARTESIAN_POINT('',(19.270403427317,50.641139304563,39.2));
#412 = SURFACE_CURVE('',#413,(#418,#425),.PCURVE_S1.);
#413 = CIRCLE('',#414,19.284210105954);
#414 = AXIS2_PLACEMENT_3D('',#415,#416,#417);
#415 = CARTESIAN_POINT('',(-3.369748924342E-12,49.91154273188,39.2));
#416 = DIRECTION('',(5.947623346206E-16,1.110223024625E-16,1.));
#417 = DIRECTION('',(1.,-9.42935300772E-31,-5.947623346206E-16));
#418 = PCURVE('',#128,#419);
#419 = DEFINITIONAL_REPRESENTATION('',(#420),#424);
#420 = CIRCLE('',#421,19.284210105954);
#421 = AXIS2_PLACEMENT_2D('',#422,#423);
#422 = CARTESIAN_POINT('',(-3.368860745923E-12,-3.076740298215E-15));
#423 = DIRECTION('',(1.,-1.417484439069E-31));
#424 = ( GEOMETRIC_REPRESENTATION_CONTEXT(2) 
PARAMETRIC_REPRESENTATION_CONTEXT() REPRESENTATION_CONTEXT('2D SPACE',''
  ) );
#425 = PCURVE('',#426,#431);
#426 = CYLINDRICAL_SURFACE('',#427,19.284210105954);
#427 = AXIS2_PLACEMENT_3D('',#428,#429,#430);
#428 = CARTESIAN_POINT('',(-3.357314426466E-12,49.91154273188,59.2));
#429 = DIRECTION('',(-5.947623346206E-16,-1.110223024625E-16,-1.));
#430 = DIRECTION('',(-1.,9.42935300772E-31,5.947623346206E-16));
#431 = DEFINITIONAL_REPRESENTATION('',(#432),#436);
#432 = LINE('',#433,#434);
#433 = CARTESIAN_POINT('',(9.424777960769,20.));
#434 = VECTOR('',#435,1.);
#435 = DIRECTION('',(-1.,0.));
#436 = ( GEOMETRIC_REPRESENTATION_CONTEXT(2) 
PARAMETRIC_REPRESENTATION_CONTEXT() REPRESENTATION_CONTEXT('2D SPACE',''
  ) );
#437 = ORIENTED_EDGE('',*,*,#438,.T.);
#438 = EDGE_CURVE('',#410,#439,#441,.T.);
#439 = VERTEX_POINT('',#440);
#440 = CARTESIAN_POINT('',(18.540806854635,51.370735877245,39.2));
#441 = SURFACE_CURVE('',#442,(#446,#453),.PCURVE_S1.);
#442 = LINE('',#443,#444);
#443 = CARTESIAN_POINT('',(18.905605140976,51.005937590904,39.2));
#444 = VECTOR('',#445,1.);
#445 = DIRECTION('',(-0.707106781187,0.707106781187,3.885780586188E-16)
  );
#446 = PCURVE('',#128,#447);
#447 = DEFINITIONAL_REPRESENTATION('',(#448),#452);
#448 = LINE('',#449,#450);
#449 = CARTESIAN_POINT('',(18.905605140976,1.094394859024));
#450 = VECTOR('',#451,1.);
#451 = DIRECTION('',(-0.707106781187,0.707106781187));
#452 = ( GEOMETRIC_REPRESENTATION_CONTEXT(2) 
PARAMETRIC_REPRESENTATION_CONTEXT() REPRESENTATION_CONTEXT('2D SPACE',''
  ) );
#453 = PCURVE('',#454,#459);
#454 = PLANE('',#455);
#455 = AXIS2_PLACEMENT_3D('',#456,#457,#458);
#456 = CARTESIAN_POINT('',(18.905605140976,51.005937590904,59.2));
#457 = DIRECTION('',(-0.707106781187,-0.707106781187,4.996003610813E-16)
  );
#458 = DIRECTION('',(0.707106781187,-0.707106781187,-3.885780586188E-16)
  );
#459 = DEFINITIONAL_REPRESENTATION('',(#460),#464);
#460 = LINE('',#461,#462);
#461 = CARTESIAN_POINT('',(2.6645352591E-15,-20.));
#462 = VECTOR('',#463,1.);
#463 = DIRECTION('',(-1.,5.551115123126E-17));
#464 = ( GEOMETRIC_REPRESENTATION_CONTEXT(2) 
PARAMETRIC_REPRESENTATION_CONTEXT() REPRESENTATION_CONTEXT('2D SPACE',''
  ) );
#465 = ORIENTED_EDGE('',*,*,#466,.F.);
#466 = EDGE_CURVE('',#467,#439,#469,.T.);
#467 = VERTEX_POINT('',#468);
#468 = CARTESIAN_POINT('',(19.147286833269,52.205483954965,39.2));
#469 = SURFACE_CURVE('',#470,(#474,#481),.PCURVE_S1.);
#470 = LINE('',#471,#472);
#471 = CARTESIAN_POINT('',(18.844046843952,51.788109916105,39.2));
#472 = VECTOR('',#473,1.);
#473 = DIRECTION('',(-0.587785252292,-0.809016994375,4.440892098501E-16)
  );
#474 = PCURVE('',#128,#475);
#475 = DEFINITIONAL_REPRESENTATION('',(#476),#480);
#476 = LINE('',#477,#478);
#477 = CARTESIAN_POINT('',(18.844046843952,1.876567184225));
#478 = VECTOR('',#479,1.);
#479 = DIRECTION('',(-0.587785252292,-0.809016994375));
#480 = ( GEOMETRIC_REPRESENTATION_CONTEXT(2) 
PARAMETRIC_REPRESENTATION_CONTEXT() REPRESENTATION_CONTEXT('2D SPACE',''
  ) );
#481 = PCURVE('',#482,#487);
#482 = PLANE('',#483);
#483 = AXIS2_PLACEMENT_3D('',#484,#485,#486);
#484 = CARTESIAN_POINT('',(18.844046843952,51.788109916105,59.2));
#485 = DIRECTION('',(0.809016994375,-0.587785252292,-4.996003610813E-16)
  );
#486 = DIRECTION('',(0.587785252292,0.809016994375,-4.440892098501E-16)
  );
#487 = DEFINITIONAL_REPRESENTATION('',(#488),#492);
#488 = LINE('',#489,#490);
#489 = CARTESIAN_POINT('',(-1.7763568394E-15,-20.));
#490 = VECTOR('',#491,1.);
#491 = DIRECTION('',(-1.,-5.551115123126E-17));
#492 = ( GEOMETRIC_REPRESENTATION_CONTEXT(2) 
PARAMETRIC_REPRESENTATION_CONTEXT() REPRESENTATION_CONTEXT('2D SPACE',''
  ) );
#493 = ORIENTED_EDGE('',*,*,#494,.T.);
#494 = EDGE_CURVE('',#467,#495,#497,.T.);
#495 = VERTEX_POINT('',#496);
#496 = CARTESIAN_POINT('',(18.919018734183,53.646712011319,39.2));
#497 = SURFACE_CURVE('',#498,(#503,#510),.PCURVE_S1.);
#498 = CIRCLE('',#499,19.284210105952);
#499 = AXIS2_PLACEMENT_3D('',#500,#501,#502);
#500 = CARTESIAN_POINT('',(-1.565858553931E-12,49.91154273188,39.2));
#501 = DIRECTION('',(5.947623346206E-16,1.110223024625E-16,1.));
#502 = DIRECTION('',(1.,-9.42935300772E-31,-5.947623346206E-16));
#503 = PCURVE('',#128,#504);
#504 = DEFINITIONAL_REPRESENTATION('',(#505),#509);
#505 = CIRCLE('',#506,19.284210105952);
#506 = AXIS2_PLACEMENT_2D('',#507,#508);
#507 = CARTESIAN_POINT('',(-1.564970375512E-12,-3.375578327447E-13));
#508 = DIRECTION('',(1.,-1.417484439069E-31));
#509 = ( GEOMETRIC_REPRESENTATION_CONTEXT(2) 
PARAMETRIC_REPRESENTATION_CONTEXT() REPRESENTATION_CONTEXT('2D SPACE',''
  ) );
#510 = PCURVE('',#511,#516);
#511 = CYLINDRICAL_SURFACE('',#512,19.284210105952);
#512 = AXIS2_PLACEMENT_3D('',#513,#514,#515);
#513 = CARTESIAN_POINT('',(-1.553424056056E-12,49.91154273188,59.2));
#514 = DIRECTION('',(-5.947623346206E-16,-1.110223024625E-16,-1.));
#515 = DIRECTION('',(-1.,9.42935300772E-31,5.947623346206E-16));
#516 = DEFINITIONAL_REPRESENTATION('',(#517),#521);
#517 = LINE('',#518,#519);
#518 = CARTESIAN_POINT('',(3.14159265359,20.));
#519 = VECTOR('',#520,1.);
#520 = DIRECTION('',(-1.,0.));
#521 = ( GEOMETRIC_REPRESENTATION_CONTEXT(2) 
PARAMETRIC_REPRESENTATION_CONTEXT() REPRESENTATION_CONTEXT('2D SPACE',''
  ) );
#522 = ORIENTED_EDGE('',*,*,#523,.T.);
#523 = EDGE_CURVE('',#495,#524,#526,.T.);
#524 = VERTEX_POINT('',#525);
#525 = CARTESIAN_POINT('',(18.084270656464,54.253191989953,39.2));
#526 = SURFACE_CURVE('',#527,(#531,#538),.PCURVE_S1.);
#527 = LINE('',#528,#529);
#528 = CARTESIAN_POINT('',(18.501644695323,53.949952000636,39.2));
#529 = VECTOR('',#530,1.);
#530 = DIRECTION('',(-0.809016994375,0.587785252292,4.996003610813E-16)
  );
#531 = PCURVE('',#128,#532);
#532 = DEFINITIONAL_REPRESENTATION('',(#533),#537);
#533 = LINE('',#534,#535);
#534 = CARTESIAN_POINT('',(18.501644695323,4.038409268756));
#535 = VECTOR('',#536,1.);
#536 = DIRECTION('',(-0.809016994375,0.587785252292));
#537 = ( GEOMETRIC_REPRESENTATION_CONTEXT(2) 
PARAMETRIC_REPRESENTATION_CONTEXT() REPRESENTATION_CONTEXT('2D SPACE',''
  ) );
#538 = PCURVE('',#539,#544);
#539 = PLANE('',#540);
#540 = AXIS2_PLACEMENT_3D('',#541,#542,#543);
#541 = CARTESIAN_POINT('',(18.501644695323,53.949952000636,59.2));
#542 = DIRECTION('',(-0.587785252292,-0.809016994375,4.440892098501E-16)
  );
#543 = DIRECTION('',(0.809016994375,-0.587785252292,-4.996003610813E-16)
  );
#544 = DEFINITIONAL_REPRESENTATION('',(#545),#549);
#545 = LINE('',#546,#547);
#546 = CARTESIAN_POINT('',(3.552713678801E-15,-20.));
#547 = VECTOR('',#548,1.);
#548 = DIRECTION('',(-1.,5.551115123126E-17));
#549 = ( GEOMETRIC_REPRESENTATION_CONTEXT(2) 
PARAMETRIC_REPRESENTATION_CONTEXT() REPRESENTATION_CONTEXT('2D SPACE',''
  ) );
#550 = ORIENTED_EDGE('',*,*,#551,.F.);
#551 = EDGE_CURVE('',#552,#524,#554,.T.);
#552 = VERTEX_POINT('',#553);
#553 = CARTESIAN_POINT('',(18.552700491183,55.172537304666,39.2));
#554 = SURFACE_CURVE('',#555,(#559,#566),.PCURVE_S1.);
#555 = LINE('',#556,#557);
#556 = CARTESIAN_POINT('',(18.318485573823,54.712864647309,39.2));
#557 = VECTOR('',#558,1.);
#558 = DIRECTION('',(-0.45399049974,-0.891006524188,3.885780586188E-16)
  );
#559 = PCURVE('',#128,#560);
#560 = DEFINITIONAL_REPRESENTATION('',(#561),#565);
#561 = LINE('',#562,#563);
#562 = CARTESIAN_POINT('',(18.318485573823,4.801321915429));
#563 = VECTOR('',#564,1.);
#564 = DIRECTION('',(-0.45399049974,-0.891006524188));
#565 = ( GEOMETRIC_REPRESENTATION_CONTEXT(2) 
PARAMETRIC_REPRESENTATION_CONTEXT() REPRESENTATION_CONTEXT('2D SPACE',''
  ) );
#566 = PCURVE('',#567,#572);
#567 = PLANE('',#568);
#568 = AXIS2_PLACEMENT_3D('',#569,#570,#571);
#569 = CARTESIAN_POINT('',(18.318485573823,54.712864647309,59.2));
#570 = DIRECTION('',(0.891006524188,-0.45399049974,-4.996003610813E-16)
  );
#571 = DIRECTION('',(0.45399049974,0.891006524188,-3.885780586188E-16));
#572 = DEFINITIONAL_REPRESENTATION('',(#573),#577);
#573 = LINE('',#574,#575);
#574 = CARTESIAN_POINT('',(-5.329070518201E-15,-20.));
#575 = VECTOR('',#576,1.);
#576 = DIRECTION('',(-1.,-5.551115123126E-17));
#577 = ( GEOMETRIC_REPRESENTATION_CONTEXT(2) 
PARAMETRIC_REPRESENTATION_CONTEXT() REPRESENTATION_CONTEXT('2D SPACE',''
  ) );
#578 = ORIENTED_EDGE('',*,*,#579,.T.);
#579 = EDGE_CURVE('',#552,#580,#582,.T.);
#580 = VERTEX_POINT('',#581);
#581 = CARTESIAN_POINT('',(18.10178501119,56.560312454099,39.2));
#582 = SURFACE_CURVE('',#583,(#588,#595),.PCURVE_S1.);
#583 = CIRCLE('',#584,19.284210105952);
#584 = AXIS2_PLACEMENT_3D('',#585,#586,#587);
#585 = CARTESIAN_POINT('',(-2.126299136762E-12,49.91154273188,39.2));
#586 = DIRECTION('',(5.947623346206E-16,1.110223024625E-16,1.));
#587 = DIRECTION('',(1.,-9.42935300772E-31,-5.947623346206E-16));
#588 = PCURVE('',#128,#589);
#589 = DEFINITIONAL_REPRESENTATION('',(#590),#594);
#590 = CIRCLE('',#591,19.284210105953);
#591 = AXIS2_PLACEMENT_2D('',#592,#593);
#592 = CARTESIAN_POINT('',(-2.125410958342E-12,-5.666987083055E-13));
#593 = DIRECTION('',(1.,-1.417484439069E-31));
#594 = ( GEOMETRIC_REPRESENTATION_CONTEXT(2) 
PARAMETRIC_REPRESENTATION_CONTEXT() REPRESENTATION_CONTEXT('2D SPACE',''
  ) );
#595 = PCURVE('',#596,#601);
#596 = CYLINDRICAL_SURFACE('',#597,19.284210105952);
#597 = AXIS2_PLACEMENT_3D('',#598,#599,#600);
#598 = CARTESIAN_POINT('',(-2.113864638886E-12,49.91154273188,59.2));
#599 = DIRECTION('',(-5.947623346206E-16,-1.110223024625E-16,-1.));
#600 = DIRECTION('',(-1.,9.42935300772E-31,5.947623346206E-16));
#601 = DEFINITIONAL_REPRESENTATION('',(#602),#606);
#602 = LINE('',#603,#604);
#603 = CARTESIAN_POINT('',(3.14159265359,20.));
#604 = VECTOR('',#605,1.);
#605 = DIRECTION('',(-1.,0.));
#606 = ( GEOMETRIC_REPRESENTATION_CONTEXT(2) 
PARAMETRIC_REPRESENTATION_CONTEXT() REPRESENTATION_CONTEXT('2D SPACE',''
  ) );
#607 = ORIENTED_EDGE('',*,*,#608,.T.);
#608 = EDGE_CURVE('',#580,#609,#611,.T.);
#609 = VERTEX_POINT('',#610);
#610 = CARTESIAN_POINT('',(17.182439696477,57.028742288819,39.2));
#611 = SURFACE_CURVE('',#612,(#616,#623),.PCURVE_S1.);
#612 = LINE('',#613,#614);
#613 = CARTESIAN_POINT('',(17.642112353833,56.794527371459,39.2));
#614 = VECTOR('',#615,1.);
#615 = DIRECTION('',(-0.891006524188,0.45399049974,4.996003610813E-16));
#616 = PCURVE('',#128,#617);
#617 = DEFINITIONAL_REPRESENTATION('',(#618),#622);
#618 = LINE('',#619,#620);
#619 = CARTESIAN_POINT('',(17.642112353833,6.882984639579));
#620 = VECTOR('',#621,1.);
#621 = DIRECTION('',(-0.891006524188,0.45399049974));
#622 = ( GEOMETRIC_REPRESENTATION_CONTEXT(2) 
PARAMETRIC_REPRESENTATION_CONTEXT() REPRESENTATION_CONTEXT('2D SPACE',''
  ) );
#623 = PCURVE('',#624,#629);
#624 = PLANE('',#625);
#625 = AXIS2_PLACEMENT_3D('',#626,#627,#628);
#626 = CARTESIAN_POINT('',(17.642112353833,56.794527371459,59.2));
#627 = DIRECTION('',(-0.45399049974,-0.891006524188,3.885780586188E-16)
  );
#628 = DIRECTION('',(0.891006524188,-0.45399049974,-4.996003610813E-16)
  );
#629 = DEFINITIONAL_REPRESENTATION('',(#630),#634);
#630 = LINE('',#631,#632);
#631 = CARTESIAN_POINT('',(6.217248937901E-15,-20.));
#632 = VECTOR('',#633,1.);
#633 = DIRECTION('',(-1.,-2.775557561563E-17));
#634 = ( GEOMETRIC_REPRESENTATION_CONTEXT(2) 
PARAMETRIC_REPRESENTATION_CONTEXT() REPRESENTATION_CONTEXT('2D SPACE',''
  ) );
#635 = ORIENTED_EDGE('',*,*,#636,.F.);
#636 = EDGE_CURVE('',#637,#609,#639,.T.);
#637 = VERTEX_POINT('',#638);
#638 = CARTESIAN_POINT('',(17.501285090122,58.010047507745,39.2));
#639 = SURFACE_CURVE('',#640,(#644,#651),.PCURVE_S1.);
#640 = LINE('',#641,#642);
#641 = CARTESIAN_POINT('',(17.3418623933,57.519394898282,39.2));
#642 = VECTOR('',#643,1.);
#643 = DIRECTION('',(-0.309016994375,-0.951056516295,3.330669073875E-16)
  );
#644 = PCURVE('',#128,#645);
#645 = DEFINITIONAL_REPRESENTATION('',(#646),#650);
#646 = LINE('',#647,#648);
#647 = CARTESIAN_POINT('',(17.3418623933,7.607852166402));
#648 = VECTOR('',#649,1.);
#649 = DIRECTION('',(-0.309016994375,-0.951056516295));
#650 = ( GEOMETRIC_REPRESENTATION_CONTEXT(2) 
PARAMETRIC_REPRESENTATION_CONTEXT() REPRESENTATION_CONTEXT('2D SPACE',''
  ) );
#651 = PCURVE('',#652,#657);
#652 = PLANE('',#653);
#653 = AXIS2_PLACEMENT_3D('',#654,#655,#656);
#654 = CARTESIAN_POINT('',(17.3418623933,57.519394898282,59.2));
#655 = DIRECTION('',(0.951056516295,-0.309016994375,-5.551115123126E-16)
  );
#656 = DIRECTION('',(0.309016994375,0.951056516295,-3.330669073875E-16)
  );
#657 = DEFINITIONAL_REPRESENTATION('',(#658),#662);
#658 = LINE('',#659,#660);
#659 = CARTESIAN_POINT('',(-3.552713678801E-15,-20.));
#660 = VECTOR('',#661,1.);
#661 = DIRECTION('',(-1.,5.551115123126E-17));
#662 = ( GEOMETRIC_REPRESENTATION_CONTEXT(2) 
PARAMETRIC_REPRESENTATION_CONTEXT() REPRESENTATION_CONTEXT('2D SPACE',''
  ) );
#663 = ORIENTED_EDGE('',*,*,#664,.T.);
#664 = EDGE_CURVE('',#637,#665,#667,.T.);
#665 = VERTEX_POINT('',#666);
#666 = CARTESIAN_POINT('',(16.838825264841,59.310198120316,39.2));
#667 = SURFACE_CURVE('',#668,(#673,#680),.PCURVE_S1.);
#668 = CIRCLE('',#669,19.284210105953);
#669 = AXIS2_PLACEMENT_3D('',#670,#671,#672);
#670 = CARTESIAN_POINT('',(-2.297717571764E-12,49.911542731879,39.2));
#671 = DIRECTION('',(5.947623346206E-16,1.110223024625E-16,1.));
#672 = DIRECTION('',(1.,-9.42935300772E-31,-5.947623346206E-16));
#673 = PCURVE('',#128,#674);
#674 = DEFINITIONAL_REPRESENTATION('',(#675),#679);
#675 = CIRCLE('',#676,19.284210105953);
#676 = AXIS2_PLACEMENT_2D('',#677,#678);
#677 = CARTESIAN_POINT('',(-2.296829393345E-12,-1.225478725543E-12));
#678 = DIRECTION('',(1.,-1.417484439069E-31));
#679 = ( GEOMETRIC_REPRESENTATION_CONTEXT(2) 
PARAMETRIC_REPRESENTATION_CONTEXT() REPRESENTATION_CONTEXT('2D SPACE',''
  ) );
#680 = PCURVE('',#681,#686);
#681 = CYLINDRICAL_SURFACE('',#682,19.284210105953);
#682 = AXIS2_PLACEMENT_3D('',#683,#684,#685);
#683 = CARTESIAN_POINT('',(-2.285283073888E-12,49.911542731879,59.2));
#684 = DIRECTION('',(-5.947623346206E-16,-1.110223024625E-16,-1.));
#685 = DIRECTION('',(-1.,9.42935300772E-31,5.947623346206E-16));
#686 = DEFINITIONAL_REPRESENTATION('',(#687),#691);
#687 = LINE('',#688,#689);
#688 = CARTESIAN_POINT('',(3.14159265359,20.));
#689 = VECTOR('',#690,1.);
#690 = DIRECTION('',(-1.,0.));
#691 = ( GEOMETRIC_REPRESENTATION_CONTEXT(2) 
PARAMETRIC_REPRESENTATION_CONTEXT() REPRESENTATION_CONTEXT('2D SPACE',''
  ) );
#692 = ORIENTED_EDGE('',*,*,#693,.T.);
#693 = EDGE_CURVE('',#665,#694,#696,.T.);
#694 = VERTEX_POINT('',#695);
#695 = CARTESIAN_POINT('',(15.857520045915,59.629043513962,39.2));
#696 = SURFACE_CURVE('',#697,(#701,#708),.PCURVE_S1.);
#697 = LINE('',#698,#699);
#698 = CARTESIAN_POINT('',(16.348172655378,59.469620817139,39.2));
#699 = VECTOR('',#700,1.);
#700 = DIRECTION('',(-0.951056516295,0.309016994375,5.551115123126E-16)
  );
#701 = PCURVE('',#128,#702);
#702 = DEFINITIONAL_REPRESENTATION('',(#703),#707);
#703 = LINE('',#704,#705);
#704 = CARTESIAN_POINT('',(16.348172655378,9.558078085259));
#705 = VECTOR('',#706,1.);
#706 = DIRECTION('',(-0.951056516295,0.309016994375));
#707 = ( GEOMETRIC_REPRESENTATION_CONTEXT(2) 
PARAMETRIC_REPRESENTATION_CONTEXT() REPRESENTATION_CONTEXT('2D SPACE',''
  ) );
#708 = PCURVE('',#709,#714);
#709 = PLANE('',#710);
#710 = AXIS2_PLACEMENT_3D('',#711,#712,#713);
#711 = CARTESIAN_POINT('',(16.348172655378,59.469620817139,59.2));
#712 = DIRECTION('',(-0.309016994375,-0.951056516295,3.330669073875E-16)
  );
#713 = DIRECTION('',(0.951056516295,-0.309016994375,-5.551115123126E-16)
  );
#714 = DEFINITIONAL_REPRESENTATION('',(#715),#719);
#715 = LINE('',#716,#717);
#716 = CARTESIAN_POINT('',(1.7763568394E-15,-20.));
#717 = VECTOR('',#718,1.);
#718 = DIRECTION('',(-1.,0.));
#719 = ( GEOMETRIC_REPRESENTATION_CONTEXT(2) 
PARAMETRIC_REPRESENTATION_CONTEXT() REPRESENTATION_CONTEXT('2D SPACE',''
  ) );
#720 = ORIENTED_EDGE('',*,*,#721,.F.);
#721 = EDGE_CURVE('',#722,#694,#724,.T.);
#722 = VERTEX_POINT('',#723);
#723 = CARTESIAN_POINT('',(16.018929966707,60.648145645846,39.2));
#724 = SURFACE_CURVE('',#725,(#729,#736),.PCURVE_S1.);
#725 = LINE('',#726,#727);
#726 = CARTESIAN_POINT('',(15.938225006311,60.138594579904,39.2));
#727 = VECTOR('',#728,1.);
#728 = DIRECTION('',(-0.15643446504,-0.987688340595,1.665334536938E-16)
  );
#729 = PCURVE('',#128,#730);
#730 = DEFINITIONAL_REPRESENTATION('',(#731),#735);
#731 = LINE('',#732,#733);
#732 = CARTESIAN_POINT('',(15.938225006311,10.227051848023));
#733 = VECTOR('',#734,1.);
#734 = DIRECTION('',(-0.15643446504,-0.987688340595));
#735 = ( GEOMETRIC_REPRESENTATION_CONTEXT(2) 
PARAMETRIC_REPRESENTATION_CONTEXT() REPRESENTATION_CONTEXT('2D SPACE',''
  ) );
#736 = PCURVE('',#737,#742);
#737 = PLANE('',#738);
#738 = AXIS2_PLACEMENT_3D('',#739,#740,#741);
#739 = CARTESIAN_POINT('',(15.938225006311,60.138594579904,59.2));
#740 = DIRECTION('',(0.987688340595,-0.15643446504,-5.828670879282E-16)
  );
#741 = DIRECTION('',(0.15643446504,0.987688340595,-1.665334536938E-16));
#742 = DEFINITIONAL_REPRESENTATION('',(#743),#747);
#743 = LINE('',#744,#745);
#744 = CARTESIAN_POINT('',(0.,-20.));
#745 = VECTOR('',#746,1.);
#746 = DIRECTION('',(-1.,0.));
#747 = ( GEOMETRIC_REPRESENTATION_CONTEXT(2) 
PARAMETRIC_REPRESENTATION_CONTEXT() REPRESENTATION_CONTEXT('2D SPACE',''
  ) );
#748 = ORIENTED_EDGE('',*,*,#749,.T.);
#749 = EDGE_CURVE('',#722,#750,#752,.T.);
#750 = VERTEX_POINT('',#751);
#751 = CARTESIAN_POINT('',(15.161237755615,61.828657698522,39.2));
#752 = SURFACE_CURVE('',#753,(#758,#765),.PCURVE_S1.);
#753 = CIRCLE('',#754,19.284210105953);
#754 = AXIS2_PLACEMENT_3D('',#755,#756,#757);
#755 = CARTESIAN_POINT('',(-1.828759366163E-12,49.911542731879,39.2));
#756 = DIRECTION('',(5.947623346206E-16,1.110223024625E-16,1.));
#757 = DIRECTION('',(1.,-9.42935300772E-31,-5.947623346206E-16));
#758 = PCURVE('',#128,#759);
#759 = DEFINITIONAL_REPRESENTATION('',(#760),#764);
#760 = CIRCLE('',#761,19.284210105953);
#761 = AXIS2_PLACEMENT_2D('',#762,#763);
#762 = CARTESIAN_POINT('',(-1.827871187743E-12,-1.40396383619E-12));
#763 = DIRECTION('',(1.,-1.417484439069E-31));
#764 = ( GEOMETRIC_REPRESENTATION_CONTEXT(2) 
PARAMETRIC_REPRESENTATION_CONTEXT() REPRESENTATION_CONTEXT('2D SPACE',''
  ) );
#765 = PCURVE('',#766,#771);
#766 = CYLINDRICAL_SURFACE('',#767,19.284210105953);
#767 = AXIS2_PLACEMENT_3D('',#768,#769,#770);
#768 = CARTESIAN_POINT('',(-1.816324868287E-12,49.911542731879,59.2));
#769 = DIRECTION('',(-5.947623346206E-16,-1.110223024625E-16,-1.));
#770 = DIRECTION('',(-1.,9.42935300772E-31,5.947623346206E-16));
#771 = DEFINITIONAL_REPRESENTATION('',(#772),#776);
#772 = LINE('',#773,#774);
#773 = CARTESIAN_POINT('',(3.14159265359,20.));
#774 = VECTOR('',#775,1.);
#775 = DIRECTION('',(-1.,0.));
#776 = ( GEOMETRIC_REPRESENTATION_CONTEXT(2) 
PARAMETRIC_REPRESENTATION_CONTEXT() REPRESENTATION_CONTEXT('2D SPACE',''
  ) );
#777 = ORIENTED_EDGE('',*,*,#778,.T.);
#778 = EDGE_CURVE('',#750,#779,#781,.T.);
#779 = VERTEX_POINT('',#780);
#780 = CARTESIAN_POINT('',(14.142135623731,61.990067619314,39.2));
#781 = SURFACE_CURVE('',#782,(#786,#793),.PCURVE_S1.);
#782 = LINE('',#783,#784);
#783 = CARTESIAN_POINT('',(14.651686689673,61.909362658918,39.2));
#784 = VECTOR('',#785,1.);
#785 = DIRECTION('',(-0.987688340595,0.15643446504,5.828670879282E-16));
#786 = PCURVE('',#128,#787);
#787 = DEFINITIONAL_REPRESENTATION('',(#788),#792);
#788 = LINE('',#789,#790);
#789 = CARTESIAN_POINT('',(14.651686689673,11.997819927037));
#790 = VECTOR('',#791,1.);
#791 = DIRECTION('',(-0.987688340595,0.15643446504));
#792 = ( GEOMETRIC_REPRESENTATION_CONTEXT(2) 
PARAMETRIC_REPRESENTATION_CONTEXT() REPRESENTATION_CONTEXT('2D SPACE',''
  ) );
#793 = PCURVE('',#794,#799);
#794 = PLANE('',#795);
#795 = AXIS2_PLACEMENT_3D('',#796,#797,#798);
#796 = CARTESIAN_POINT('',(14.651686689673,61.909362658918,59.2));
#797 = DIRECTION('',(-0.15643446504,-0.987688340595,2.22044604925E-16));
#798 = DIRECTION('',(0.987688340595,-0.15643446504,-5.828670879282E-16)
  );
#799 = DEFINITIONAL_REPRESENTATION('',(#800),#804);
#800 = LINE('',#801,#802);
#801 = CARTESIAN_POINT('',(1.33226762955E-15,-20.));
#802 = VECTOR('',#803,1.);
#803 = DIRECTION('',(-1.,0.));
#804 = ( GEOMETRIC_REPRESENTATION_CONTEXT(2) 
PARAMETRIC_REPRESENTATION_CONTEXT() REPRESENTATION_CONTEXT('2D SPACE',''
  ) );
#805 = ORIENTED_EDGE('',*,*,#806,.F.);
#806 = EDGE_CURVE('',#807,#779,#809,.T.);
#807 = VERTEX_POINT('',#808);
#808 = CARTESIAN_POINT('',(14.142135623731,63.021872987462,39.2));
#809 = SURFACE_CURVE('',#810,(#814,#821),.PCURVE_S1.);
#810 = LINE('',#811,#812);
#811 = CARTESIAN_POINT('',(14.142135623731,62.505970303388,39.2));
#812 = VECTOR('',#813,1.);
#813 = DIRECTION('',(-6.902532920684E-31,-1.,1.110223024625E-16));
#814 = PCURVE('',#128,#815);
#815 = DEFINITIONAL_REPRESENTATION('',(#816),#820);
#816 = LINE('',#817,#818);
#817 = CARTESIAN_POINT('',(14.142135623731,12.594427571508));
#818 = VECTOR('',#819,1.);
#819 = DIRECTION('',(1.54074395551E-31,-1.));
#820 = ( GEOMETRIC_REPRESENTATION_CONTEXT(2) 
PARAMETRIC_REPRESENTATION_CONTEXT() REPRESENTATION_CONTEXT('2D SPACE',''
  ) );
#821 = PCURVE('',#822,#827);
#822 = PLANE('',#823);
#823 = AXIS2_PLACEMENT_3D('',#824,#825,#826);
#824 = CARTESIAN_POINT('',(14.142135623731,62.505970303388,59.2));
#825 = DIRECTION('',(1.,-9.42935300772E-31,-5.947623346206E-16));
#826 = DIRECTION('',(-5.947623346206E-16,-1.110223024625E-16,-1.));
#827 = DEFINITIONAL_REPRESENTATION('',(#828),#832);
#828 = LINE('',#829,#830);
#829 = CARTESIAN_POINT('',(20.,3.552713678801E-15));
#830 = VECTOR('',#831,1.);
#831 = DIRECTION('',(0.,-1.));
#832 = ( GEOMETRIC_REPRESENTATION_CONTEXT(2) 
PARAMETRIC_REPRESENTATION_CONTEXT() REPRESENTATION_CONTEXT('2D SPACE',''
  ) );
#833 = ORIENTED_EDGE('',*,*,#834,.T.);
#834 = EDGE_CURVE('',#807,#835,#837,.T.);
#835 = VERTEX_POINT('',#836);
#836 = CARTESIAN_POINT('',(13.110330255582,64.053678355611,39.2));
#837 = SURFACE_CURVE('',#838,(#843,#850),.PCURVE_S1.);
#838 = CIRCLE('',#839,19.284210105954);
#839 = AXIS2_PLACEMENT_3D('',#840,#841,#842);
#840 = CARTESIAN_POINT('',(-2.493116824098E-12,49.911542731878,39.2));
#841 = DIRECTION('',(5.947623346206E-16,1.110223024625E-16,1.));
#842 = DIRECTION('',(1.,-9.42935300772E-31,-5.947623346206E-16));
#843 = PCURVE('',#128,#844);
#844 = DEFINITIONAL_REPRESENTATION('',(#845),#849);
#845 = CIRCLE('',#846,19.284210105954);
#846 = AXIS2_PLACEMENT_2D('',#847,#848);
#847 = CARTESIAN_POINT('',(-2.492228645679E-12,-2.494159351943E-12));
#848 = DIRECTION('',(1.,-1.417484439069E-31));
#849 = ( GEOMETRIC_REPRESENTATION_CONTEXT(2) 
PARAMETRIC_REPRESENTATION_CONTEXT() REPRESENTATION_CONTEXT('2D SPACE',''
  ) );
#850 = PCURVE('',#851,#856);
#851 = CYLINDRICAL_SURFACE('',#852,19.284210105954);
#852 = AXIS2_PLACEMENT_3D('',#853,#854,#855);
#853 = CARTESIAN_POINT('',(-2.480682326222E-12,49.911542731878,59.2));
#854 = DIRECTION('',(-5.947623346206E-16,-1.110223024625E-16,-1.));
#855 = DIRECTION('',(-1.,9.42935300772E-31,5.947623346206E-16));
#856 = DEFINITIONAL_REPRESENTATION('',(#857),#861);
#857 = LINE('',#858,#859);
#858 = CARTESIAN_POINT('',(3.14159265359,20.));
#859 = VECTOR('',#860,1.);
#860 = DIRECTION('',(-1.,0.));
#861 = ( GEOMETRIC_REPRESENTATION_CONTEXT(2) 
PARAMETRIC_REPRESENTATION_CONTEXT() REPRESENTATION_CONTEXT('2D SPACE',''
  ) );
#862 = ORIENTED_EDGE('',*,*,#863,.T.);
#863 = EDGE_CURVE('',#835,#864,#866,.T.);
#864 = VERTEX_POINT('',#865);
#865 = CARTESIAN_POINT('',(12.078524887433,64.053678355611,39.2));
#866 = SURFACE_CURVE('',#867,(#871,#878),.PCURVE_S1.);
#867 = LINE('',#868,#869);
#868 = CARTESIAN_POINT('',(12.594427571508,64.053678355611,39.2));
#869 = VECTOR('',#870,1.);
#870 = DIRECTION('',(-1.,9.42935300772E-31,5.947623346206E-16));
#871 = PCURVE('',#128,#872);
#872 = DEFINITIONAL_REPRESENTATION('',(#873),#877);
#873 = LINE('',#874,#875);
#874 = CARTESIAN_POINT('',(12.594427571508,14.142135623731));
#875 = VECTOR('',#876,1.);
#876 = DIRECTION('',(-1.,1.417484439069E-31));
#877 = ( GEOMETRIC_REPRESENTATION_CONTEXT(2) 
PARAMETRIC_REPRESENTATION_CONTEXT() REPRESENTATION_CONTEXT('2D SPACE',''
  ) );
#878 = PCURVE('',#879,#884);
#879 = PLANE('',#880);
#880 = AXIS2_PLACEMENT_3D('',#881,#882,#883);
#881 = CARTESIAN_POINT('',(12.594427571508,64.053678355611,59.2));
#882 = DIRECTION('',(-6.902532920684E-31,-1.,1.110223024625E-16));
#883 = DIRECTION('',(-5.947623346206E-16,-1.110223024625E-16,-1.));
#884 = DEFINITIONAL_REPRESENTATION('',(#885),#889);
#885 = LINE('',#886,#887);
#886 = CARTESIAN_POINT('',(20.,1.5936608725E-15));
#887 = VECTOR('',#888,1.);
#888 = DIRECTION('',(-7.395570986447E-32,-1.));
#889 = ( GEOMETRIC_REPRESENTATION_CONTEXT(2) 
PARAMETRIC_REPRESENTATION_CONTEXT() REPRESENTATION_CONTEXT('2D SPACE',''
  ) );
#890 = ORIENTED_EDGE('',*,*,#891,.F.);
#891 = EDGE_CURVE('',#892,#864,#894,.T.);
#892 = VERTEX_POINT('',#893);
#893 = CARTESIAN_POINT('',(11.917114966642,65.072780487495,39.2));
#894 = SURFACE_CURVE('',#895,(#899,#906),.PCURVE_S1.);
#895 = LINE('',#896,#897);
#896 = CARTESIAN_POINT('',(11.997819927037,64.563229421553,39.2));
#897 = VECTOR('',#898,1.);
#898 = DIRECTION('',(0.15643446504,-0.987688340595,5.551115123126E-17));
#899 = PCURVE('',#128,#900);
#900 = DEFINITIONAL_REPRESENTATION('',(#901),#905);
#901 = LINE('',#902,#903);
#902 = CARTESIAN_POINT('',(11.997819927037,14.651686689673));
#903 = VECTOR('',#904,1.);
#904 = DIRECTION('',(0.15643446504,-0.987688340595));
#905 = ( GEOMETRIC_REPRESENTATION_CONTEXT(2) 
PARAMETRIC_REPRESENTATION_CONTEXT() REPRESENTATION_CONTEXT('2D SPACE',''
  ) );
#906 = PCURVE('',#907,#912);
#907 = PLANE('',#908);
#908 = AXIS2_PLACEMENT_3D('',#909,#910,#911);
#909 = CARTESIAN_POINT('',(11.997819927037,64.563229421553,59.2));
#910 = DIRECTION('',(0.987688340595,0.15643446504,-6.106226635438E-16));
#911 = DIRECTION('',(-0.15643446504,0.987688340595,-5.551115123126E-17)
  );
#912 = DEFINITIONAL_REPRESENTATION('',(#913),#917);
#913 = LINE('',#914,#915);
#914 = CARTESIAN_POINT('',(5.329070518201E-15,-20.));
#915 = VECTOR('',#916,1.);
#916 = DIRECTION('',(-1.,0.));
#917 = ( GEOMETRIC_REPRESENTATION_CONTEXT(2) 
PARAMETRIC_REPRESENTATION_CONTEXT() REPRESENTATION_CONTEXT('2D SPACE',''
  ) );
#918 = ORIENTED_EDGE('',*,*,#919,.T.);
#919 = EDGE_CURVE('',#892,#920,#922,.T.);
#920 = VERTEX_POINT('',#921);
#921 = CARTESIAN_POINT('',(10.736602913966,65.930472698587,39.2));
#922 = SURFACE_CURVE('',#923,(#928,#935),.PCURVE_S1.);
#923 = CIRCLE('',#924,19.284210105952);
#924 = AXIS2_PLACEMENT_3D('',#925,#926,#927);
#925 = CARTESIAN_POINT('',(-7.620570841027E-13,49.911542731879,39.2));
#926 = DIRECTION('',(5.947623346206E-16,1.110223024625E-16,1.));
#927 = DIRECTION('',(1.,-9.42935300772E-31,-5.947623346206E-16));
#928 = PCURVE('',#128,#929);
#929 = DEFINITIONAL_REPRESENTATION('',(#930),#934);
#930 = CIRCLE('',#931,19.284210105952);
#931 = AXIS2_PLACEMENT_2D('',#932,#933);
#932 = CARTESIAN_POINT('',(-7.61168905683E-13,-9.884080125461E-13));
#933 = DIRECTION('',(1.,-1.417484439069E-31));
#934 = ( GEOMETRIC_REPRESENTATION_CONTEXT(2) 
PARAMETRIC_REPRESENTATION_CONTEXT() REPRESENTATION_CONTEXT('2D SPACE',''
  ) );
#935 = PCURVE('',#936,#941);
#936 = CYLINDRICAL_SURFACE('',#937,19.284210105952);
#937 = AXIS2_PLACEMENT_3D('',#938,#939,#940);
#938 = CARTESIAN_POINT('',(-7.496225862269E-13,49.911542731879,59.2));
#939 = DIRECTION('',(-5.947623346206E-16,-1.110223024625E-16,-1.));
#940 = DIRECTION('',(-1.,9.42935300772E-31,5.947623346206E-16));
#941 = DEFINITIONAL_REPRESENTATION('',(#942),#946);
#942 = LINE('',#943,#944);
#943 = CARTESIAN_POINT('',(3.14159265359,20.));
#944 = VECTOR('',#945,1.);
#945 = DIRECTION('',(-1.,0.));
#946 = ( GEOMETRIC_REPRESENTATION_CONTEXT(2) 
PARAMETRIC_REPRESENTATION_CONTEXT() REPRESENTATION_CONTEXT('2D SPACE',''
  ) );
#947 = ORIENTED_EDGE('',*,*,#948,.T.);
#948 = EDGE_CURVE('',#920,#949,#951,.T.);
#949 = VERTEX_POINT('',#950);
#950 = CARTESIAN_POINT('',(9.717500782081,65.769062777795,39.2));
#951 = SURFACE_CURVE('',#952,(#956,#963),.PCURVE_S1.);
#952 = LINE('',#953,#954);
#953 = CARTESIAN_POINT('',(10.227051848024,65.849767738191,39.2));
#954 = VECTOR('',#955,1.);
#955 = DIRECTION('',(-0.987688340595,-0.15643446504,6.106226635438E-16)
  );
#956 = PCURVE('',#128,#957);
#957 = DEFINITIONAL_REPRESENTATION('',(#958),#962);
#958 = LINE('',#959,#960);
#959 = CARTESIAN_POINT('',(10.227051848024,15.938225006311));
#960 = VECTOR('',#961,1.);
#961 = DIRECTION('',(-0.987688340595,-0.15643446504));
#962 = ( GEOMETRIC_REPRESENTATION_CONTEXT(2) 
PARAMETRIC_REPRESENTATION_CONTEXT() REPRESENTATION_CONTEXT('2D SPACE',''
  ) );
#963 = PCURVE('',#964,#969);
#964 = PLANE('',#965);
#965 = AXIS2_PLACEMENT_3D('',#966,#967,#968);
#966 = CARTESIAN_POINT('',(10.227051848024,65.849767738191,59.2));
#967 = DIRECTION('',(0.15643446504,-0.987688340595,5.551115123126E-17));
#968 = DIRECTION('',(0.987688340595,0.15643446504,-6.106226635438E-16));
#969 = DEFINITIONAL_REPRESENTATION('',(#970),#974);
#970 = LINE('',#971,#972);
#971 = CARTESIAN_POINT('',(1.110223024625E-15,-20.));
#972 = VECTOR('',#973,1.);
#973 = DIRECTION('',(-1.,0.));
#974 = ( GEOMETRIC_REPRESENTATION_CONTEXT(2) 
PARAMETRIC_REPRESENTATION_CONTEXT() REPRESENTATION_CONTEXT('2D SPACE',''
  ) );
#975 = ORIENTED_EDGE('',*,*,#976,.F.);
#976 = EDGE_CURVE('',#977,#949,#979,.T.);
#977 = VERTEX_POINT('',#978);
#978 = CARTESIAN_POINT('',(9.398655388436,66.750367996721,39.2));
#979 = SURFACE_CURVE('',#980,(#984,#991),.PCURVE_S1.);
#980 = LINE('',#981,#982);
#981 = CARTESIAN_POINT('',(9.558078085259,66.259715387258,39.2));
#982 = VECTOR('',#983,1.);
#983 = DIRECTION('',(0.309016994375,-0.951056516295,-1.110223024625E-16)
  );
#984 = PCURVE('',#128,#985);
#985 = DEFINITIONAL_REPRESENTATION('',(#986),#990);
#986 = LINE('',#987,#988);
#987 = CARTESIAN_POINT('',(9.558078085259,16.348172655378));
#988 = VECTOR('',#989,1.);
#989 = DIRECTION('',(0.309016994375,-0.951056516295));
#990 = ( GEOMETRIC_REPRESENTATION_CONTEXT(2) 
PARAMETRIC_REPRESENTATION_CONTEXT() REPRESENTATION_CONTEXT('2D SPACE',''
  ) );
#991 = PCURVE('',#992,#997);
#992 = PLANE('',#993);
#993 = AXIS2_PLACEMENT_3D('',#994,#995,#996);
#994 = CARTESIAN_POINT('',(9.558078085259,66.259715387258,59.2));
#995 = DIRECTION('',(0.951056516295,0.309016994375,-5.828670879282E-16)
  );
#996 = DIRECTION('',(-0.309016994375,0.951056516295,1.110223024625E-16)
  );
#997 = DEFINITIONAL_REPRESENTATION('',(#998),#1002);
#998 = LINE('',#999,#1000);
#999 = CARTESIAN_POINT('',(1.7763568394E-15,-20.));
#1000 = VECTOR('',#1001,1.);
#1001 = DIRECTION('',(-1.,-5.551115123126E-17));
#1002 = ( GEOMETRIC_REPRESENTATION_CONTEXT(2) 
PARAMETRIC_REPRESENTATION_CONTEXT() REPRESENTATION_CONTEXT('2D SPACE',''
  ) );
#1003 = ORIENTED_EDGE('',*,*,#1004,.T.);
#1004 = EDGE_CURVE('',#977,#1005,#1007,.T.);
#1005 = VERTEX_POINT('',#1006);
#1006 = CARTESIAN_POINT('',(8.098504775865,67.412827822002,39.2));
#1007 = SURFACE_CURVE('',#1008,(#1013,#1020),.PCURVE_S1.);
#1008 = CIRCLE('',#1009,19.284210105951);
#1009 = AXIS2_PLACEMENT_3D('',#1010,#1011,#1012);
#1010 = CARTESIAN_POINT('',(-3.37507799486E-13,49.91154273188,39.2));
#1011 = DIRECTION('',(5.947623346206E-16,1.110223024625E-16,1.));
#1012 = DIRECTION('',(1.,-9.42935300772E-31,-5.947623346206E-16));
#1013 = PCURVE('',#128,#1014);
#1014 = DEFINITIONAL_REPRESENTATION('',(#1015),#1019);
#1015 = CIRCLE('',#1016,19.284210105951);
#1016 = AXIS2_PLACEMENT_2D('',#1017,#1018);
#1017 = CARTESIAN_POINT('',(-3.366196210663E-13,-5.539157737321E-13));
#1018 = DIRECTION('',(1.,-1.417484439069E-31));
#1019 = ( GEOMETRIC_REPRESENTATION_CONTEXT(2) 
PARAMETRIC_REPRESENTATION_CONTEXT() REPRESENTATION_CONTEXT('2D SPACE',''
  ) );
#1020 = PCURVE('',#1021,#1026);
#1021 = CYLINDRICAL_SURFACE('',#1022,19.284210105951);
#1022 = AXIS2_PLACEMENT_3D('',#1023,#1024,#1025);
#1023 = CARTESIAN_POINT('',(-3.250733016102E-13,49.91154273188,59.2));
#1024 = DIRECTION('',(-5.947623346206E-16,-1.110223024625E-16,-1.));
#1025 = DIRECTION('',(-1.,9.42935300772E-31,5.947623346206E-16));
#1026 = DEFINITIONAL_REPRESENTATION('',(#1027),#1031);
#1027 = LINE('',#1028,#1029);
#1028 = CARTESIAN_POINT('',(3.14159265359,20.));
#1029 = VECTOR('',#1030,1.);
#1030 = DIRECTION('',(-1.,0.));
#1031 = ( GEOMETRIC_REPRESENTATION_CONTEXT(2) 
PARAMETRIC_REPRESENTATION_CONTEXT() REPRESENTATION_CONTEXT('2D SPACE',''
  ) );
#1032 = ORIENTED_EDGE('',*,*,#1033,.T.);
#1033 = EDGE_CURVE('',#1005,#1034,#1036,.T.);
#1034 = VERTEX_POINT('',#1035);
#1035 = CARTESIAN_POINT('',(7.117199556939,67.093982428357,39.2));
#1036 = SURFACE_CURVE('',#1037,(#1041,#1048),.PCURVE_S1.);
#1037 = LINE('',#1038,#1039);
#1038 = CARTESIAN_POINT('',(7.607852166402,67.25340512518,39.2));
#1039 = VECTOR('',#1040,1.);
#1040 = DIRECTION('',(-0.951056516295,-0.309016994375,5.828670879282E-16
    ));
#1041 = PCURVE('',#128,#1042);
#1042 = DEFINITIONAL_REPRESENTATION('',(#1043),#1047);
#1043 = LINE('',#1044,#1045);
#1044 = CARTESIAN_POINT('',(7.607852166402,17.3418623933));
#1045 = VECTOR('',#1046,1.);
#1046 = DIRECTION('',(-0.951056516295,-0.309016994375));
#1047 = ( GEOMETRIC_REPRESENTATION_CONTEXT(2) 
PARAMETRIC_REPRESENTATION_CONTEXT() REPRESENTATION_CONTEXT('2D SPACE',''
  ) );
#1048 = PCURVE('',#1049,#1054);
#1049 = PLANE('',#1050);
#1050 = AXIS2_PLACEMENT_3D('',#1051,#1052,#1053);
#1051 = CARTESIAN_POINT('',(7.607852166402,67.25340512518,59.2));
#1052 = DIRECTION('',(0.309016994375,-0.951056516295,-1.110223024625E-16
    ));
#1053 = DIRECTION('',(0.951056516295,0.309016994375,-5.828670879282E-16)
  );
#1054 = DEFINITIONAL_REPRESENTATION('',(#1055),#1059);
#1055 = LINE('',#1056,#1057);
#1056 = CARTESIAN_POINT('',(1.7763568394E-15,-20.));
#1057 = VECTOR('',#1058,1.);
#1058 = DIRECTION('',(-1.,-2.775557561563E-17));
#1059 = ( GEOMETRIC_REPRESENTATION_CONTEXT(2) 
PARAMETRIC_REPRESENTATION_CONTEXT() REPRESENTATION_CONTEXT('2D SPACE',''
  ) );
#1060 = ORIENTED_EDGE('',*,*,#1061,.F.);
#1061 = EDGE_CURVE('',#1062,#1034,#1064,.T.);
#1062 = VERTEX_POINT('',#1063);
#1063 = CARTESIAN_POINT('',(6.648769722219,68.01332774307,39.2));
#1064 = SURFACE_CURVE('',#1065,(#1069,#1076),.PCURVE_S1.);
#1065 = LINE('',#1066,#1067);
#1066 = CARTESIAN_POINT('',(6.882984639579,67.553655085714,39.2));
#1067 = VECTOR('',#1068,1.);
#1068 = DIRECTION('',(0.45399049974,-0.891006524188,-1.110223024625E-16)
  );
#1069 = PCURVE('',#128,#1070);
#1070 = DEFINITIONAL_REPRESENTATION('',(#1071),#1075);
#1071 = LINE('',#1072,#1073);
#1072 = CARTESIAN_POINT('',(6.882984639579,17.642112353833));
#1073 = VECTOR('',#1074,1.);
#1074 = DIRECTION('',(0.45399049974,-0.891006524188));
#1075 = ( GEOMETRIC_REPRESENTATION_CONTEXT(2) 
PARAMETRIC_REPRESENTATION_CONTEXT() REPRESENTATION_CONTEXT('2D SPACE',''
  ) );
#1076 = PCURVE('',#1077,#1082);
#1077 = PLANE('',#1078);
#1078 = AXIS2_PLACEMENT_3D('',#1079,#1080,#1081);
#1079 = CARTESIAN_POINT('',(6.882984639579,67.553655085714,59.2));
#1080 = DIRECTION('',(0.891006524188,0.45399049974,-5.828670879282E-16)
  );
#1081 = DIRECTION('',(-0.45399049974,0.891006524188,1.110223024625E-16)
  );
#1082 = DEFINITIONAL_REPRESENTATION('',(#1083),#1087);
#1083 = LINE('',#1084,#1085);
#1084 = CARTESIAN_POINT('',(2.6645352591E-15,-20.));
#1085 = VECTOR('',#1086,1.);
#1086 = DIRECTION('',(-1.,0.));
#1087 = ( GEOMETRIC_REPRESENTATION_CONTEXT(2) 
PARAMETRIC_REPRESENTATION_CONTEXT() REPRESENTATION_CONTEXT('2D SPACE',''
  ) );
#1088 = ORIENTED_EDGE('',*,*,#1089,.T.);
#1089 = EDGE_CURVE('',#1062,#1090,#1092,.T.);
#1090 = VERTEX_POINT('',#1091);
#1091 = CARTESIAN_POINT('',(5.260994572786,68.464243223063,39.2));
#1092 = SURFACE_CURVE('',#1093,(#1098,#1105),.PCURVE_S1.);
#1093 = CIRCLE('',#1094,19.284210105953);
#1094 = AXIS2_PLACEMENT_3D('',#1095,#1096,#1097);
#1095 = CARTESIAN_POINT('',(-7.016609515631E-13,49.911542731878,39.2));
#1096 = DIRECTION('',(5.947623346206E-16,1.110223024625E-16,1.));
#1097 = DIRECTION('',(1.,-9.42935300772E-31,-5.947623346206E-16));
#1098 = PCURVE('',#128,#1099);
#1099 = DEFINITIONAL_REPRESENTATION('',(#1100),#1104);
#1100 = CIRCLE('',#1101,19.284210105953);
#1101 = AXIS2_PLACEMENT_2D('',#1102,#1103);
#1102 = CARTESIAN_POINT('',(-7.007727731434E-13,-2.252235541809E-12));
#1103 = DIRECTION('',(1.,-1.417484439069E-31));
#1104 = ( GEOMETRIC_REPRESENTATION_CONTEXT(2) 
PARAMETRIC_REPRESENTATION_CONTEXT() REPRESENTATION_CONTEXT('2D SPACE',''
  ) );
#1105 = PCURVE('',#1106,#1111);
#1106 = CYLINDRICAL_SURFACE('',#1107,19.284210105953);
#1107 = AXIS2_PLACEMENT_3D('',#1108,#1109,#1110);
#1108 = CARTESIAN_POINT('',(-6.892264536873E-13,49.911542731878,59.2));
#1109 = DIRECTION('',(-5.947623346206E-16,-1.110223024625E-16,-1.));
#1110 = DIRECTION('',(-1.,9.42935300772E-31,5.947623346206E-16));
#1111 = DEFINITIONAL_REPRESENTATION('',(#1112),#1116);
#1112 = LINE('',#1113,#1114);
#1113 = CARTESIAN_POINT('',(3.14159265359,20.));
#1114 = VECTOR('',#1115,1.);
#1115 = DIRECTION('',(-1.,0.));
#1116 = ( GEOMETRIC_REPRESENTATION_CONTEXT(2) 
PARAMETRIC_REPRESENTATION_CONTEXT() REPRESENTATION_CONTEXT('2D SPACE',''
  ) );
#1117 = ORIENTED_EDGE('',*,*,#1118,.T.);
#1118 = EDGE_CURVE('',#1090,#1119,#1121,.T.);
#1119 = VERTEX_POINT('',#1120);
#1120 = CARTESIAN_POINT('',(4.341649258073,67.995813388344,39.2));
#1121 = SURFACE_CURVE('',#1122,(#1126,#1133),.PCURVE_S1.);
#1122 = LINE('',#1123,#1124);
#1123 = CARTESIAN_POINT('',(4.801321915429,68.230028305704,39.2));
#1124 = VECTOR('',#1125,1.);
#1125 = DIRECTION('',(-0.891006524188,-0.45399049974,5.828670879282E-16)
  );
#1126 = PCURVE('',#128,#1127);
#1127 = DEFINITIONAL_REPRESENTATION('',(#1128),#1132);
#1128 = LINE('',#1129,#1130);
#1129 = CARTESIAN_POINT('',(4.801321915429,18.318485573823));
#1130 = VECTOR('',#1131,1.);
#1131 = DIRECTION('',(-0.891006524188,-0.45399049974));
#1132 = ( GEOMETRIC_REPRESENTATION_CONTEXT(2) 
PARAMETRIC_REPRESENTATION_CONTEXT() REPRESENTATION_CONTEXT('2D SPACE',''
  ) );
#1133 = PCURVE('',#1134,#1139);
#1134 = PLANE('',#1135);
#1135 = AXIS2_PLACEMENT_3D('',#1136,#1137,#1138);
#1136 = CARTESIAN_POINT('',(4.801321915429,68.230028305704,59.2));
#1137 = DIRECTION('',(0.45399049974,-0.891006524188,-1.110223024625E-16)
  );
#1138 = DIRECTION('',(0.891006524188,0.45399049974,-5.828670879282E-16)
  );
#1139 = DEFINITIONAL_REPRESENTATION('',(#1140),#1144);
#1140 = LINE('',#1141,#1142);
#1141 = CARTESIAN_POINT('',(2.6645352591E-15,-20.));
#1142 = VECTOR('',#1143,1.);
#1143 = DIRECTION('',(-1.,0.));
#1144 = ( GEOMETRIC_REPRESENTATION_CONTEXT(2) 
PARAMETRIC_REPRESENTATION_CONTEXT() REPRESENTATION_CONTEXT('2D SPACE',''
  ) );
#1145 = ORIENTED_EDGE('',*,*,#1146,.F.);
#1146 = EDGE_CURVE('',#1147,#1119,#1149,.T.);
#1147 = VERTEX_POINT('',#1148);
#1148 = CARTESIAN_POINT('',(3.735169279439,68.830561466063,39.2));
#1149 = SURFACE_CURVE('',#1150,(#1154,#1161),.PCURVE_S1.);
#1150 = LINE('',#1151,#1152);
#1151 = CARTESIAN_POINT('',(4.038409268756,68.413187427203,39.2));
#1152 = VECTOR('',#1153,1.);
#1153 = DIRECTION('',(0.587785252292,-0.809016994375,-2.775557561563E-16
    ));
#1154 = PCURVE('',#128,#1155);
#1155 = DEFINITIONAL_REPRESENTATION('',(#1156),#1160);
#1156 = LINE('',#1157,#1158);
#1157 = CARTESIAN_POINT('',(4.038409268756,18.501644695323));
#1158 = VECTOR('',#1159,1.);
#1159 = DIRECTION('',(0.587785252292,-0.809016994375));
#1160 = ( GEOMETRIC_REPRESENTATION_CONTEXT(2) 
PARAMETRIC_REPRESENTATION_CONTEXT() REPRESENTATION_CONTEXT('2D SPACE',''
  ) );
#1161 = PCURVE('',#1162,#1167);
#1162 = PLANE('',#1163);
#1163 = AXIS2_PLACEMENT_3D('',#1164,#1165,#1166);
#1164 = CARTESIAN_POINT('',(4.038409268756,68.413187427203,59.2));
#1165 = DIRECTION('',(0.809016994375,0.587785252292,-5.551115123126E-16)
  );
#1166 = DIRECTION('',(-0.587785252292,0.809016994375,2.775557561563E-16)
  );
#1167 = DEFINITIONAL_REPRESENTATION('',(#1168),#1172);
#1168 = LINE('',#1169,#1170);
#1169 = CARTESIAN_POINT('',(5.329070518201E-15,-20.));
#1170 = VECTOR('',#1171,1.);
#1171 = DIRECTION('',(-1.,-5.551115123126E-17));
#1172 = ( GEOMETRIC_REPRESENTATION_CONTEXT(2) 
PARAMETRIC_REPRESENTATION_CONTEXT() REPRESENTATION_CONTEXT('2D SPACE',''
  ) );
#1173 = ORIENTED_EDGE('',*,*,#1174,.T.);
#1174 = EDGE_CURVE('',#1147,#1175,#1177,.T.);
#1175 = VERTEX_POINT('',#1176);
#1176 = CARTESIAN_POINT('',(2.293941223085,69.058829565149,39.2));
#1177 = SURFACE_CURVE('',#1178,(#1183,#1190),.PCURVE_S1.);
#1178 = CIRCLE('',#1179,19.284210105952);
#1179 = AXIS2_PLACEMENT_3D('',#1180,#1181,#1182);
#1180 = CARTESIAN_POINT('',(-3.215205879314E-13,49.911542731879,39.2));
#1181 = DIRECTION('',(5.947623346206E-16,1.110223024625E-16,1.));
#1182 = DIRECTION('',(1.,-9.42935300772E-31,-5.947623346206E-16));
#1183 = PCURVE('',#128,#1184);
#1184 = DEFINITIONAL_REPRESENTATION('',(#1185),#1189);
#1185 = CIRCLE('',#1186,19.284210105952);
#1186 = AXIS2_PLACEMENT_2D('',#1187,#1188);
#1187 = CARTESIAN_POINT('',(-3.206324095117E-13,-1.443613023369E-12));
#1188 = DIRECTION('',(1.,-1.417484439069E-31));
#1189 = ( GEOMETRIC_REPRESENTATION_CONTEXT(2) 
PARAMETRIC_REPRESENTATION_CONTEXT() REPRESENTATION_CONTEXT('2D SPACE',''
  ) );
#1190 = PCURVE('',#1191,#1196);
#1191 = CYLINDRICAL_SURFACE('',#1192,19.284210105952);
#1192 = AXIS2_PLACEMENT_3D('',#1193,#1194,#1195);
#1193 = CARTESIAN_POINT('',(-3.090860900556E-13,49.911542731879,59.2));
#1194 = DIRECTION('',(-5.947623346206E-16,-1.110223024625E-16,-1.));
#1195 = DIRECTION('',(-1.,9.42935300772E-31,5.947623346206E-16));
#1196 = DEFINITIONAL_REPRESENTATION('',(#1197),#1201);
#1197 = LINE('',#1198,#1199);
#1198 = CARTESIAN_POINT('',(3.14159265359,20.));
#1199 = VECTOR('',#1200,1.);
#1200 = DIRECTION('',(-1.,0.));
#1201 = ( GEOMETRIC_REPRESENTATION_CONTEXT(2) 
PARAMETRIC_REPRESENTATION_CONTEXT() REPRESENTATION_CONTEXT('2D SPACE',''
  ) );
#1202 = ORIENTED_EDGE('',*,*,#1203,.T.);
#1203 = EDGE_CURVE('',#1175,#1204,#1206,.T.);
#1204 = VERTEX_POINT('',#1205);
#1205 = CARTESIAN_POINT('',(1.459193145365,68.452349586515,39.2));
#1206 = SURFACE_CURVE('',#1207,(#1211,#1218),.PCURVE_S1.);
#1207 = LINE('',#1208,#1209);
#1208 = CARTESIAN_POINT('',(1.876567184225,68.755589575832,39.2));
#1209 = VECTOR('',#1210,1.);
#1210 = DIRECTION('',(-0.809016994375,-0.587785252292,5.551115123126E-16
    ));
#1211 = PCURVE('',#128,#1212);
#1212 = DEFINITIONAL_REPRESENTATION('',(#1213),#1217);
#1213 = LINE('',#1214,#1215);
#1214 = CARTESIAN_POINT('',(1.876567184225,18.844046843952));
#1215 = VECTOR('',#1216,1.);
#1216 = DIRECTION('',(-0.809016994375,-0.587785252292));
#1217 = ( GEOMETRIC_REPRESENTATION_CONTEXT(2) 
PARAMETRIC_REPRESENTATION_CONTEXT() REPRESENTATION_CONTEXT('2D SPACE',''
  ) );
#1218 = PCURVE('',#1219,#1224);
#1219 = PLANE('',#1220);
#1220 = AXIS2_PLACEMENT_3D('',#1221,#1222,#1223);
#1221 = CARTESIAN_POINT('',(1.876567184225,68.755589575832,59.2));
#1222 = DIRECTION('',(0.587785252292,-0.809016994375,-2.775557561563E-16
    ));
#1223 = DIRECTION('',(0.809016994375,0.587785252292,-5.551115123126E-16)
  );
#1224 = DEFINITIONAL_REPRESENTATION('',(#1225),#1229);
#1225 = LINE('',#1226,#1227);
#1226 = CARTESIAN_POINT('',(5.329070518201E-15,-20.));
#1227 = VECTOR('',#1228,1.);
#1228 = DIRECTION('',(-1.,0.));
#1229 = ( GEOMETRIC_REPRESENTATION_CONTEXT(2) 
PARAMETRIC_REPRESENTATION_CONTEXT() REPRESENTATION_CONTEXT('2D SPACE',''
  ) );
#1230 = ORIENTED_EDGE('',*,*,#1231,.F.);
#1231 = EDGE_CURVE('',#1232,#1204,#1234,.T.);
#1232 = VERTEX_POINT('',#1233);
#1233 = CARTESIAN_POINT('',(0.729596572683,69.181946159198,39.2));
#1234 = SURFACE_CURVE('',#1235,(#1239,#1246),.PCURVE_S1.);
#1235 = LINE('',#1236,#1237);
#1236 = CARTESIAN_POINT('',(1.094394859024,68.817147872856,39.2));
#1237 = VECTOR('',#1238,1.);
#1238 = DIRECTION('',(0.707106781187,-0.707106781187,-3.885780586188E-16
    ));
#1239 = PCURVE('',#128,#1240);
#1240 = DEFINITIONAL_REPRESENTATION('',(#1241),#1245);
#1241 = LINE('',#1242,#1243);
#1242 = CARTESIAN_POINT('',(1.094394859024,18.905605140976));
#1243 = VECTOR('',#1244,1.);
#1244 = DIRECTION('',(0.707106781187,-0.707106781187));
#1245 = ( GEOMETRIC_REPRESENTATION_CONTEXT(2) 
PARAMETRIC_REPRESENTATION_CONTEXT() REPRESENTATION_CONTEXT('2D SPACE',''
  ) );
#1246 = PCURVE('',#1247,#1252);
#1247 = PLANE('',#1248);
#1248 = AXIS2_PLACEMENT_3D('',#1249,#1250,#1251);
#1249 = CARTESIAN_POINT('',(1.094394859024,68.817147872856,59.2));
#1250 = DIRECTION('',(0.707106781187,0.707106781187,-4.996003610813E-16)
  );
#1251 = DIRECTION('',(-0.707106781187,0.707106781187,3.885780586188E-16)
  );
#1252 = DEFINITIONAL_REPRESENTATION('',(#1253),#1257);
#1253 = LINE('',#1254,#1255);
#1254 = CARTESIAN_POINT('',(4.440892098501E-15,-20.));
#1255 = VECTOR('',#1256,1.);
#1256 = DIRECTION('',(-1.,-5.551115123126E-17));
#1257 = ( GEOMETRIC_REPRESENTATION_CONTEXT(2) 
PARAMETRIC_REPRESENTATION_CONTEXT() REPRESENTATION_CONTEXT('2D SPACE',''
  ) );
#1258 = ORIENTED_EDGE('',*,*,#1259,.T.);
#1259 = EDGE_CURVE('',#1232,#1260,#1262,.T.);
#1260 = VERTEX_POINT('',#1261);
#1261 = CARTESIAN_POINT('',(-0.729596572683,69.181946159198,39.2));
#1262 = SURFACE_CURVE('',#1263,(#1268,#1275),.PCURVE_S1.);
#1263 = CIRCLE('',#1264,19.284210105954);
#1264 = AXIS2_PLACEMENT_3D('',#1265,#1266,#1267);
#1265 = CARTESIAN_POINT('',(-3.552713678801E-15,49.911542731877,39.2));
#1266 = DIRECTION('',(5.947623346206E-16,1.110223024625E-16,1.));
#1267 = DIRECTION('',(1.,-9.42935300772E-31,-5.947623346206E-16));
#1268 = PCURVE('',#128,#1269);
#1269 = DEFINITIONAL_REPRESENTATION('',(#1270),#1274);
#1270 = CIRCLE('',#1271,19.284210105954);
#1271 = AXIS2_PLACEMENT_2D('',#1272,#1273);
#1272 = CARTESIAN_POINT('',(-2.664535259099E-15,-3.536775843082E-12));
#1273 = DIRECTION('',(1.,-1.417484439069E-31));
#1274 = ( GEOMETRIC_REPRESENTATION_CONTEXT(2) 
PARAMETRIC_REPRESENTATION_CONTEXT() REPRESENTATION_CONTEXT('2D SPACE',''
  ) );
#1275 = PCURVE('',#1276,#1281);
#1276 = CYLINDRICAL_SURFACE('',#1277,19.284210105954);
#1277 = AXIS2_PLACEMENT_3D('',#1278,#1279,#1280);
#1278 = CARTESIAN_POINT('',(8.881784197001E-15,49.911542731877,59.2));
#1279 = DIRECTION('',(-5.947623346206E-16,-1.110223024625E-16,-1.));
#1280 = DIRECTION('',(-1.,9.42935300772E-31,5.947623346206E-16));
#1281 = DEFINITIONAL_REPRESENTATION('',(#1282),#1286);
#1282 = LINE('',#1283,#1284);
#1283 = CARTESIAN_POINT('',(3.14159265359,20.));
#1284 = VECTOR('',#1285,1.);
#1285 = DIRECTION('',(-1.,0.));
#1286 = ( GEOMETRIC_REPRESENTATION_CONTEXT(2) 
PARAMETRIC_REPRESENTATION_CONTEXT() REPRESENTATION_CONTEXT('2D SPACE',''
  ) );
#1287 = ORIENTED_EDGE('',*,*,#1288,.T.);
#1288 = EDGE_CURVE('',#1260,#1289,#1291,.T.);
#1289 = VERTEX_POINT('',#1290);
#1290 = CARTESIAN_POINT('',(-1.459193145365,68.452349586515,39.2));
#1291 = SURFACE_CURVE('',#1292,(#1296,#1303),.PCURVE_S1.);
#1292 = LINE('',#1293,#1294);
#1293 = CARTESIAN_POINT('',(-1.094394859024,68.817147872856,39.2));
#1294 = VECTOR('',#1295,1.);
#1295 = DIRECTION('',(-0.707106781187,-0.707106781187,4.996003610813E-16
    ));
#1296 = PCURVE('',#128,#1297);
#1297 = DEFINITIONAL_REPRESENTATION('',(#1298),#1302);
#1298 = LINE('',#1299,#1300);
#1299 = CARTESIAN_POINT('',(-1.094394859024,18.905605140976));
#1300 = VECTOR('',#1301,1.);
#1301 = DIRECTION('',(-0.707106781187,-0.707106781187));
#1302 = ( GEOMETRIC_REPRESENTATION_CONTEXT(2) 
PARAMETRIC_REPRESENTATION_CONTEXT() REPRESENTATION_CONTEXT('2D SPACE',''
  ) );
#1303 = PCURVE('',#1304,#1309);
#1304 = PLANE('',#1305);
#1305 = AXIS2_PLACEMENT_3D('',#1306,#1307,#1308);
#1306 = CARTESIAN_POINT('',(-1.094394859024,68.817147872856,59.2));
#1307 = DIRECTION('',(0.707106781187,-0.707106781187,-3.885780586188E-16
    ));
#1308 = DIRECTION('',(0.707106781187,0.707106781187,-4.996003610813E-16)
  );
#1309 = DEFINITIONAL_REPRESENTATION('',(#1310),#1314);
#1310 = LINE('',#1311,#1312);
#1311 = CARTESIAN_POINT('',(5.329070518201E-15,-20.));
#1312 = VECTOR('',#1313,1.);
#1313 = DIRECTION('',(-1.,0.));
#1314 = ( GEOMETRIC_REPRESENTATION_CONTEXT(2) 
PARAMETRIC_REPRESENTATION_CONTEXT() REPRESENTATION_CONTEXT('2D SPACE',''
  ) );
#1315 = ORIENTED_EDGE('',*,*,#1316,.F.);
#1316 = EDGE_CURVE('',#1317,#1289,#1319,.T.);
#1317 = VERTEX_POINT('',#1318);
#1318 = CARTESIAN_POINT('',(-2.293941223085,69.058829565149,39.2));
#1319 = SURFACE_CURVE('',#1320,(#1324,#1331),.PCURVE_S1.);
#1320 = LINE('',#1321,#1322);
#1321 = CARTESIAN_POINT('',(-1.876567184225,68.755589575832,39.2));
#1322 = VECTOR('',#1323,1.);
#1323 = DIRECTION('',(0.809016994375,-0.587785252292,-4.440892098501E-16
    ));
#1324 = PCURVE('',#128,#1325);
#1325 = DEFINITIONAL_REPRESENTATION('',(#1326),#1330);
#1326 = LINE('',#1327,#1328);
#1327 = CARTESIAN_POINT('',(-1.876567184225,18.844046843952));
#1328 = VECTOR('',#1329,1.);
#1329 = DIRECTION('',(0.809016994375,-0.587785252292));
#1330 = ( GEOMETRIC_REPRESENTATION_CONTEXT(2) 
PARAMETRIC_REPRESENTATION_CONTEXT() REPRESENTATION_CONTEXT('2D SPACE',''
  ) );
#1331 = PCURVE('',#1332,#1337);
#1332 = PLANE('',#1333);
#1333 = AXIS2_PLACEMENT_3D('',#1334,#1335,#1336);
#1334 = CARTESIAN_POINT('',(-1.876567184225,68.755589575832,59.2));
#1335 = DIRECTION('',(0.587785252292,0.809016994375,-4.440892098501E-16)
  );
#1336 = DIRECTION('',(-0.809016994375,0.587785252292,4.440892098501E-16)
  );
#1337 = DEFINITIONAL_REPRESENTATION('',(#1338),#1342);
#1338 = LINE('',#1339,#1340);
#1339 = CARTESIAN_POINT('',(5.329070518201E-15,-20.));
#1340 = VECTOR('',#1341,1.);
#1341 = DIRECTION('',(-1.,0.));
#1342 = ( GEOMETRIC_REPRESENTATION_CONTEXT(2) 
PARAMETRIC_REPRESENTATION_CONTEXT() REPRESENTATION_CONTEXT('2D SPACE',''
  ) );
#1343 = ORIENTED_EDGE('',*,*,#1344,.T.);
#1344 = EDGE_CURVE('',#1317,#1345,#1347,.T.);
#1345 = VERTEX_POINT('',#1346);
#1346 = CARTESIAN_POINT('',(-3.735169279439,68.830561466063,39.2));
#1347 = SURFACE_CURVE('',#1348,(#1353,#1360),.PCURVE_S1.);
#1348 = CIRCLE('',#1349,19.284210105952);
#1349 = AXIS2_PLACEMENT_3D('',#1350,#1351,#1352);
#1350 = CARTESIAN_POINT('',(3.268496584496E-13,49.911542731879,39.2));
#1351 = DIRECTION('',(5.947623346206E-16,1.110223024625E-16,1.));
#1352 = DIRECTION('',(1.,-9.42935300772E-31,-5.947623346206E-16));
#1353 = PCURVE('',#128,#1354);
#1354 = DEFINITIONAL_REPRESENTATION('',(#1355),#1359);
#1355 = CIRCLE('',#1356,19.284210105952);
#1356 = AXIS2_PLACEMENT_2D('',#1357,#1358);
#1357 = CARTESIAN_POINT('',(3.277378368693E-13,-1.575819492861E-12));
#1358 = DIRECTION('',(1.,-1.417484439069E-31));
#1359 = ( GEOMETRIC_REPRESENTATION_CONTEXT(2) 
PARAMETRIC_REPRESENTATION_CONTEXT() REPRESENTATION_CONTEXT('2D SPACE',''
  ) );
#1360 = PCURVE('',#1361,#1366);
#1361 = CYLINDRICAL_SURFACE('',#1362,19.284210105952);
#1362 = AXIS2_PLACEMENT_3D('',#1363,#1364,#1365);
#1363 = CARTESIAN_POINT('',(3.392841563254E-13,49.911542731879,59.2));
#1364 = DIRECTION('',(-5.947623346206E-16,-1.110223024625E-16,-1.));
#1365 = DIRECTION('',(-1.,9.42935300772E-31,5.947623346206E-16));
#1366 = DEFINITIONAL_REPRESENTATION('',(#1367),#1371);
#1367 = LINE('',#1368,#1369);
#1368 = CARTESIAN_POINT('',(3.14159265359,20.));
#1369 = VECTOR('',#1370,1.);
#1370 = DIRECTION('',(-1.,0.));
#1371 = ( GEOMETRIC_REPRESENTATION_CONTEXT(2) 
PARAMETRIC_REPRESENTATION_CONTEXT() REPRESENTATION_CONTEXT('2D SPACE',''
  ) );
#1372 = ORIENTED_EDGE('',*,*,#1373,.T.);
#1373 = EDGE_CURVE('',#1345,#1374,#1376,.T.);
#1374 = VERTEX_POINT('',#1375);
#1375 = CARTESIAN_POINT('',(-4.341649258073,67.995813388344,39.2));
#1376 = SURFACE_CURVE('',#1377,(#1381,#1388),.PCURVE_S1.);
#1377 = LINE('',#1378,#1379);
#1378 = CARTESIAN_POINT('',(-4.038409268756,68.413187427203,39.2));
#1379 = VECTOR('',#1380,1.);
#1380 = DIRECTION('',(-0.587785252292,-0.809016994375,3.885780586188E-16
    ));
#1381 = PCURVE('',#128,#1382);
#1382 = DEFINITIONAL_REPRESENTATION('',(#1383),#1387);
#1383 = LINE('',#1384,#1385);
#1384 = CARTESIAN_POINT('',(-4.038409268756,18.501644695323));
#1385 = VECTOR('',#1386,1.);
#1386 = DIRECTION('',(-0.587785252292,-0.809016994375));
#1387 = ( GEOMETRIC_REPRESENTATION_CONTEXT(2) 
PARAMETRIC_REPRESENTATION_CONTEXT() REPRESENTATION_CONTEXT('2D SPACE',''
  ) );
#1388 = PCURVE('',#1389,#1394);
#1389 = PLANE('',#1390);
#1390 = AXIS2_PLACEMENT_3D('',#1391,#1392,#1393);
#1391 = CARTESIAN_POINT('',(-4.038409268756,68.413187427203,59.2));
#1392 = DIRECTION('',(0.809016994375,-0.587785252292,-4.440892098501E-16
    ));
#1393 = DIRECTION('',(0.587785252292,0.809016994375,-4.440892098501E-16)
  );
#1394 = DEFINITIONAL_REPRESENTATION('',(#1395),#1399);
#1395 = LINE('',#1396,#1397);
#1396 = CARTESIAN_POINT('',(1.15463194561E-14,-20.));
#1397 = VECTOR('',#1398,1.);
#1398 = DIRECTION('',(-1.,0.));
#1399 = ( GEOMETRIC_REPRESENTATION_CONTEXT(2) 
PARAMETRIC_REPRESENTATION_CONTEXT() REPRESENTATION_CONTEXT('2D SPACE',''
  ) );
#1400 = ORIENTED_EDGE('',*,*,#1401,.F.);
#1401 = EDGE_CURVE('',#1402,#1374,#1404,.T.);
#1402 = VERTEX_POINT('',#1403);
#1403 = CARTESIAN_POINT('',(-5.260994572786,68.464243223063,39.2));
#1404 = SURFACE_CURVE('',#1405,(#1409,#1416),.PCURVE_S1.);
#1405 = LINE('',#1406,#1407);
#1406 = CARTESIAN_POINT('',(-4.801321915429,68.230028305704,39.2));
#1407 = VECTOR('',#1408,1.);
#1408 = DIRECTION('',(0.891006524188,-0.45399049974,-4.996003610813E-16)
  );
#1409 = PCURVE('',#128,#1410);
#1410 = DEFINITIONAL_REPRESENTATION('',(#1411),#1415);
#1411 = LINE('',#1412,#1413);
#1412 = CARTESIAN_POINT('',(-4.801321915429,18.318485573823));
#1413 = VECTOR('',#1414,1.);
#1414 = DIRECTION('',(0.891006524188,-0.45399049974));
#1415 = ( GEOMETRIC_REPRESENTATION_CONTEXT(2) 
PARAMETRIC_REPRESENTATION_CONTEXT() REPRESENTATION_CONTEXT('2D SPACE',''
  ) );
#1416 = PCURVE('',#1417,#1422);
#1417 = PLANE('',#1418);
#1418 = AXIS2_PLACEMENT_3D('',#1419,#1420,#1421);
#1419 = CARTESIAN_POINT('',(-4.801321915429,68.230028305704,59.2));
#1420 = DIRECTION('',(0.45399049974,0.891006524188,-3.885780586188E-16)
  );
#1421 = DIRECTION('',(-0.891006524188,0.45399049974,4.996003610813E-16)
  );
#1422 = DEFINITIONAL_REPRESENTATION('',(#1423),#1427);
#1423 = LINE('',#1424,#1425);
#1424 = CARTESIAN_POINT('',(3.10862446895E-15,-20.));
#1425 = VECTOR('',#1426,1.);
#1426 = DIRECTION('',(-1.,2.775557561563E-17));
#1427 = ( GEOMETRIC_REPRESENTATION_CONTEXT(2) 
PARAMETRIC_REPRESENTATION_CONTEXT() REPRESENTATION_CONTEXT('2D SPACE',''
  ) );
#1428 = ORIENTED_EDGE('',*,*,#1429,.T.);
#1429 = EDGE_CURVE('',#1402,#1430,#1432,.T.);
#1430 = VERTEX_POINT('',#1431);
#1431 = CARTESIAN_POINT('',(-6.648769722219,68.01332774307,39.2));
#1432 = SURFACE_CURVE('',#1433,(#1438,#1445),.PCURVE_S1.);
#1433 = CIRCLE('',#1434,19.284210105952);
#1434 = AXIS2_PLACEMENT_3D('',#1435,#1436,#1437);
#1435 = CARTESIAN_POINT('',(5.435651928565E-13,49.911542731878,39.2));
#1436 = DIRECTION('',(5.947623346206E-16,1.110223024625E-16,1.));
#1437 = DIRECTION('',(1.,-9.42935300772E-31,-5.947623346206E-16));
#1438 = PCURVE('',#128,#1439);
#1439 = DEFINITIONAL_REPRESENTATION('',(#1440),#1444);
#1440 = CIRCLE('',#1441,19.284210105952);
#1441 = AXIS2_PLACEMENT_2D('',#1442,#1443);
#1442 = CARTESIAN_POINT('',(5.444533712762E-13,-2.031024503684E-12));
#1443 = DIRECTION('',(1.,-1.417484439069E-31));
#1444 = ( GEOMETRIC_REPRESENTATION_CONTEXT(2) 
PARAMETRIC_REPRESENTATION_CONTEXT() REPRESENTATION_CONTEXT('2D SPACE',''
  ) );
#1445 = PCURVE('',#1446,#1451);
#1446 = CYLINDRICAL_SURFACE('',#1447,19.284210105952);
#1447 = AXIS2_PLACEMENT_3D('',#1448,#1449,#1450);
#1448 = CARTESIAN_POINT('',(5.559996907323E-13,49.911542731878,59.2));
#1449 = DIRECTION('',(-5.947623346206E-16,-1.110223024625E-16,-1.));
#1450 = DIRECTION('',(-1.,9.42935300772E-31,5.947623346206E-16));
#1451 = DEFINITIONAL_REPRESENTATION('',(#1452),#1456);
#1452 = LINE('',#1453,#1454);
#1453 = CARTESIAN_POINT('',(3.14159265359,20.));
#1454 = VECTOR('',#1455,1.);
#1455 = DIRECTION('',(-1.,0.));
#1456 = ( GEOMETRIC_REPRESENTATION_CONTEXT(2) 
PARAMETRIC_REPRESENTATION_CONTEXT() REPRESENTATION_CONTEXT('2D SPACE',''
  ) );
#1457 = ORIENTED_EDGE('',*,*,#1458,.T.);
#1458 = EDGE_CURVE('',#1430,#1459,#1461,.T.);
#1459 = VERTEX_POINT('',#1460);
#1460 = CARTESIAN_POINT('',(-7.117199556939,67.093982428357,39.2));
#1461 = SURFACE_CURVE('',#1462,(#1466,#1473),.PCURVE_S1.);
#1462 = LINE('',#1463,#1464);
#1463 = CARTESIAN_POINT('',(-6.882984639579,67.553655085714,39.2));
#1464 = VECTOR('',#1465,1.);
#1465 = DIRECTION('',(-0.45399049974,-0.891006524188,3.330669073875E-16)
  );
#1466 = PCURVE('',#128,#1467);
#1467 = DEFINITIONAL_REPRESENTATION('',(#1468),#1472);
#1468 = LINE('',#1469,#1470);
#1469 = CARTESIAN_POINT('',(-6.882984639579,17.642112353833));
#1470 = VECTOR('',#1471,1.);
#1471 = DIRECTION('',(-0.45399049974,-0.891006524188));
#1472 = ( GEOMETRIC_REPRESENTATION_CONTEXT(2) 
PARAMETRIC_REPRESENTATION_CONTEXT() REPRESENTATION_CONTEXT('2D SPACE',''
  ) );
#1473 = PCURVE('',#1474,#1479);
#1474 = PLANE('',#1475);
#1475 = AXIS2_PLACEMENT_3D('',#1476,#1477,#1478);
#1476 = CARTESIAN_POINT('',(-6.882984639579,67.553655085714,59.2));
#1477 = DIRECTION('',(0.891006524188,-0.45399049974,-4.996003610813E-16)
  );
#1478 = DIRECTION('',(0.45399049974,0.891006524188,-3.330669073875E-16)
  );
#1479 = DEFINITIONAL_REPRESENTATION('',(#1480),#1484);
#1480 = LINE('',#1481,#1482);
#1481 = CARTESIAN_POINT('',(2.6645352591E-15,-20.));
#1482 = VECTOR('',#1483,1.);
#1483 = DIRECTION('',(-1.,0.));
#1484 = ( GEOMETRIC_REPRESENTATION_CONTEXT(2) 
PARAMETRIC_REPRESENTATION_CONTEXT() REPRESENTATION_CONTEXT('2D SPACE',''
  ) );
#1485 = ORIENTED_EDGE('',*,*,#1486,.F.);
#1486 = EDGE_CURVE('',#1487,#1459,#1489,.T.);
#1487 = VERTEX_POINT('',#1488);
#1488 = CARTESIAN_POINT('',(-8.098504775865,67.412827822002,39.2));
#1489 = SURFACE_CURVE('',#1490,(#1494,#1501),.PCURVE_S1.);
#1490 = LINE('',#1491,#1492);
#1491 = CARTESIAN_POINT('',(-7.607852166402,67.25340512518,39.2));
#1492 = VECTOR('',#1493,1.);
#1493 = DIRECTION('',(0.951056516295,-0.309016994375,-5.551115123126E-16
    ));
#1494 = PCURVE('',#128,#1495);
#1495 = DEFINITIONAL_REPRESENTATION('',(#1496),#1500);
#1496 = LINE('',#1497,#1498);
#1497 = CARTESIAN_POINT('',(-7.607852166402,17.3418623933));
#1498 = VECTOR('',#1499,1.);
#1499 = DIRECTION('',(0.951056516295,-0.309016994375));
#1500 = ( GEOMETRIC_REPRESENTATION_CONTEXT(2) 
PARAMETRIC_REPRESENTATION_CONTEXT() REPRESENTATION_CONTEXT('2D SPACE',''
  ) );
#1501 = PCURVE('',#1502,#1507);
#1502 = PLANE('',#1503);
#1503 = AXIS2_PLACEMENT_3D('',#1504,#1505,#1506);
#1504 = CARTESIAN_POINT('',(-7.607852166402,67.25340512518,59.2));
#1505 = DIRECTION('',(0.309016994375,0.951056516295,-3.330669073875E-16)
  );
#1506 = DIRECTION('',(-0.951056516295,0.309016994375,5.551115123126E-16)
  );
#1507 = DEFINITIONAL_REPRESENTATION('',(#1508),#1512);
#1508 = LINE('',#1509,#1510);
#1509 = CARTESIAN_POINT('',(-1.33226762955E-15,-20.));
#1510 = VECTOR('',#1511,1.);
#1511 = DIRECTION('',(-1.,0.));
#1512 = ( GEOMETRIC_REPRESENTATION_CONTEXT(2) 
PARAMETRIC_REPRESENTATION_CONTEXT() REPRESENTATION_CONTEXT('2D SPACE',''
  ) );
#1513 = ORIENTED_EDGE('',*,*,#1514,.T.);
#1514 = EDGE_CURVE('',#1487,#1515,#1517,.T.);
#1515 = VERTEX_POINT('',#1516);
#1516 = CARTESIAN_POINT('',(-9.398655388436,66.750367996721,39.2));
#1517 = SURFACE_CURVE('',#1518,(#1523,#1530),.PCURVE_S1.);
#1518 = CIRCLE('',#1519,19.284210105951);
#1519 = AXIS2_PLACEMENT_3D('',#1520,#1521,#1522);
#1520 = CARTESIAN_POINT('',(5.577760475717E-13,49.911542731879,39.2));
#1521 = DIRECTION('',(5.947623346206E-16,1.110223024625E-16,1.));
#1522 = DIRECTION('',(1.,-9.42935300772E-31,-5.947623346206E-16));
#1523 = PCURVE('',#128,#1524);
#1524 = DEFINITIONAL_REPRESENTATION('',(#1525),#1529);
#1525 = CIRCLE('',#1526,19.284210105951);
#1526 = AXIS2_PLACEMENT_2D('',#1527,#1528);
#1527 = CARTESIAN_POINT('',(5.586642259914E-13,-1.029833556565E-12));
#1528 = DIRECTION('',(1.,-1.417484439069E-31));
#1529 = ( GEOMETRIC_REPRESENTATION_CONTEXT(2) 
PARAMETRIC_REPRESENTATION_CONTEXT() REPRESENTATION_CONTEXT('2D SPACE',''
  ) );
#1530 = PCURVE('',#1531,#1536);
#1531 = CYLINDRICAL_SURFACE('',#1532,19.284210105951);
#1532 = AXIS2_PLACEMENT_3D('',#1533,#1534,#1535);
#1533 = CARTESIAN_POINT('',(5.702105454475E-13,49.911542731879,59.2));
#1534 = DIRECTION('',(-5.947623346206E-16,-1.110223024625E-16,-1.));
#1535 = DIRECTION('',(-1.,9.42935300772E-31,5.947623346206E-16));
#1536 = DEFINITIONAL_REPRESENTATION('',(#1537),#1541);
#1537 = LINE('',#1538,#1539);
#1538 = CARTESIAN_POINT('',(3.14159265359,20.));
#1539 = VECTOR('',#1540,1.);
#1540 = DIRECTION('',(-1.,0.));
#1541 = ( GEOMETRIC_REPRESENTATION_CONTEXT(2) 
PARAMETRIC_REPRESENTATION_CONTEXT() REPRESENTATION_CONTEXT('2D SPACE',''
  ) );
#1542 = ORIENTED_EDGE('',*,*,#1543,.T.);
#1543 = EDGE_CURVE('',#1515,#1544,#1546,.T.);
#1544 = VERTEX_POINT('',#1545);
#1545 = CARTESIAN_POINT('',(-9.717500782081,65.769062777795,39.2));
#1546 = SURFACE_CURVE('',#1547,(#1551,#1558),.PCURVE_S1.);
#1547 = LINE('',#1548,#1549);
#1548 = CARTESIAN_POINT('',(-9.558078085259,66.259715387258,39.2));
#1549 = VECTOR('',#1550,1.);
#1550 = DIRECTION('',(-0.309016994375,-0.951056516295,3.330669073875E-16
    ));
#1551 = PCURVE('',#128,#1552);
#1552 = DEFINITIONAL_REPRESENTATION('',(#1553),#1557);
#1553 = LINE('',#1554,#1555);
#1554 = CARTESIAN_POINT('',(-9.558078085259,16.348172655378));
#1555 = VECTOR('',#1556,1.);
#1556 = DIRECTION('',(-0.309016994375,-0.951056516295));
#1557 = ( GEOMETRIC_REPRESENTATION_CONTEXT(2) 
PARAMETRIC_REPRESENTATION_CONTEXT() REPRESENTATION_CONTEXT('2D SPACE',''
  ) );
#1558 = PCURVE('',#1559,#1564);
#1559 = PLANE('',#1560);
#1560 = AXIS2_PLACEMENT_3D('',#1561,#1562,#1563);
#1561 = CARTESIAN_POINT('',(-9.558078085259,66.259715387258,59.2));
#1562 = DIRECTION('',(0.951056516295,-0.309016994375,-5.551115123126E-16
    ));
#1563 = DIRECTION('',(0.309016994375,0.951056516295,-3.330669073875E-16)
  );
#1564 = DEFINITIONAL_REPRESENTATION('',(#1565),#1569);
#1565 = LINE('',#1566,#1567);
#1566 = CARTESIAN_POINT('',(3.552713678801E-15,-20.));
#1567 = VECTOR('',#1568,1.);
#1568 = DIRECTION('',(-1.,5.551115123126E-17));
#1569 = ( GEOMETRIC_REPRESENTATION_CONTEXT(2) 
PARAMETRIC_REPRESENTATION_CONTEXT() REPRESENTATION_CONTEXT('2D SPACE',''
  ) );
#1570 = ORIENTED_EDGE('',*,*,#1571,.F.);
#1571 = EDGE_CURVE('',#1572,#1544,#1574,.T.);
#1572 = VERTEX_POINT('',#1573);
#1573 = CARTESIAN_POINT('',(-10.73660291396,65.930472698587,39.2));
#1574 = SURFACE_CURVE('',#1575,(#1579,#1586),.PCURVE_S1.);
#1575 = LINE('',#1576,#1577);
#1576 = CARTESIAN_POINT('',(-10.22705184802,65.849767738191,39.2));
#1577 = VECTOR('',#1578,1.);
#1578 = DIRECTION('',(0.987688340595,-0.15643446504,-5.828670879282E-16)
  );
#1579 = PCURVE('',#128,#1580);
#1580 = DEFINITIONAL_REPRESENTATION('',(#1581),#1585);
#1581 = LINE('',#1582,#1583);
#1582 = CARTESIAN_POINT('',(-10.22705184802,15.938225006311));
#1583 = VECTOR('',#1584,1.);
#1584 = DIRECTION('',(0.987688340595,-0.15643446504));
#1585 = ( GEOMETRIC_REPRESENTATION_CONTEXT(2) 
PARAMETRIC_REPRESENTATION_CONTEXT() REPRESENTATION_CONTEXT('2D SPACE',''
  ) );
#1586 = PCURVE('',#1587,#1592);
#1587 = PLANE('',#1588);
#1588 = AXIS2_PLACEMENT_3D('',#1589,#1590,#1591);
#1589 = CARTESIAN_POINT('',(-10.22705184802,65.849767738191,59.2));
#1590 = DIRECTION('',(0.15643446504,0.987688340595,-1.665334536938E-16)
  );
#1591 = DIRECTION('',(-0.987688340595,0.15643446504,5.828670879282E-16)
  );
#1592 = DEFINITIONAL_REPRESENTATION('',(#1593),#1597);
#1593 = LINE('',#1594,#1595);
#1594 = CARTESIAN_POINT('',(1.110223024625E-15,-20.));
#1595 = VECTOR('',#1596,1.);
#1596 = DIRECTION('',(-1.,0.));
#1597 = ( GEOMETRIC_REPRESENTATION_CONTEXT(2) 
PARAMETRIC_REPRESENTATION_CONTEXT() REPRESENTATION_CONTEXT('2D SPACE',''
  ) );
#1598 = ORIENTED_EDGE('',*,*,#1599,.T.);
#1599 = EDGE_CURVE('',#1572,#1600,#1602,.T.);
#1600 = VERTEX_POINT('',#1601);
#1601 = CARTESIAN_POINT('',(-11.91711496664,65.072780487495,39.2));
#1602 = SURFACE_CURVE('',#1603,(#1608,#1615),.PCURVE_S1.);
#1603 = CIRCLE('',#1604,19.284210105952);
#1604 = AXIS2_PLACEMENT_3D('',#1605,#1606,#1607);
#1605 = CARTESIAN_POINT('',(1.374012015276E-12,49.911542731878,39.2));
#1606 = DIRECTION('',(5.947623346206E-16,1.110223024625E-16,1.));
#1607 = DIRECTION('',(1.,-9.42935300772E-31,-5.947623346206E-16));
#1608 = PCURVE('',#128,#1609);
#1609 = DEFINITIONAL_REPRESENTATION('',(#1610),#1614);
#1610 = CIRCLE('',#1611,19.284210105952);
#1611 = AXIS2_PLACEMENT_2D('',#1612,#1613);
#1612 = CARTESIAN_POINT('',(1.374900193696E-12,-1.801883628123E-12));
#1613 = DIRECTION('',(1.,-1.417484439069E-31));
#1614 = ( GEOMETRIC_REPRESENTATION_CONTEXT(2) 
PARAMETRIC_REPRESENTATION_CONTEXT() REPRESENTATION_CONTEXT('2D SPACE',''
  ) );
#1615 = PCURVE('',#1616,#1621);
#1616 = CYLINDRICAL_SURFACE('',#1617,19.284210105952);
#1617 = AXIS2_PLACEMENT_3D('',#1618,#1619,#1620);
#1618 = CARTESIAN_POINT('',(1.386446513152E-12,49.911542731878,59.2));
#1619 = DIRECTION('',(-5.947623346206E-16,-1.110223024625E-16,-1.));
#1620 = DIRECTION('',(-1.,9.42935300772E-31,5.947623346206E-16));
#1621 = DEFINITIONAL_REPRESENTATION('',(#1622),#1626);
#1622 = LINE('',#1623,#1624);
#1623 = CARTESIAN_POINT('',(3.14159265359,20.));
#1624 = VECTOR('',#1625,1.);
#1625 = DIRECTION('',(-1.,0.));
#1626 = ( GEOMETRIC_REPRESENTATION_CONTEXT(2) 
PARAMETRIC_REPRESENTATION_CONTEXT() REPRESENTATION_CONTEXT('2D SPACE',''
  ) );
#1627 = ORIENTED_EDGE('',*,*,#1628,.T.);
#1628 = EDGE_CURVE('',#1600,#1629,#1631,.T.);
#1629 = VERTEX_POINT('',#1630);
#1630 = CARTESIAN_POINT('',(-12.07852488743,64.053678355611,39.2));
#1631 = SURFACE_CURVE('',#1632,(#1636,#1643),.PCURVE_S1.);
#1632 = LINE('',#1633,#1634);
#1633 = CARTESIAN_POINT('',(-11.99781992703,64.563229421553,39.2));
#1634 = VECTOR('',#1635,1.);
#1635 = DIRECTION('',(-0.15643446504,-0.987688340595,1.665334536938E-16)
  );
#1636 = PCURVE('',#128,#1637);
#1637 = DEFINITIONAL_REPRESENTATION('',(#1638),#1642);
#1638 = LINE('',#1639,#1640);
#1639 = CARTESIAN_POINT('',(-11.99781992703,14.651686689673));
#1640 = VECTOR('',#1641,1.);
#1641 = DIRECTION('',(-0.15643446504,-0.987688340595));
#1642 = ( GEOMETRIC_REPRESENTATION_CONTEXT(2) 
PARAMETRIC_REPRESENTATION_CONTEXT() REPRESENTATION_CONTEXT('2D SPACE',''
  ) );
#1643 = PCURVE('',#1644,#1649);
#1644 = PLANE('',#1645);
#1645 = AXIS2_PLACEMENT_3D('',#1646,#1647,#1648);
#1646 = CARTESIAN_POINT('',(-11.99781992703,64.563229421553,59.2));
#1647 = DIRECTION('',(0.987688340595,-0.15643446504,-5.828670879282E-16)
  );
#1648 = DIRECTION('',(0.15643446504,0.987688340595,-1.665334536938E-16)
  );
#1649 = DEFINITIONAL_REPRESENTATION('',(#1650),#1654);
#1650 = LINE('',#1651,#1652);
#1651 = CARTESIAN_POINT('',(3.552713678801E-15,-20.));
#1652 = VECTOR('',#1653,1.);
#1653 = DIRECTION('',(-1.,0.));
#1654 = ( GEOMETRIC_REPRESENTATION_CONTEXT(2) 
PARAMETRIC_REPRESENTATION_CONTEXT() REPRESENTATION_CONTEXT('2D SPACE',''
  ) );
#1655 = ORIENTED_EDGE('',*,*,#1656,.F.);
#1656 = EDGE_CURVE('',#1657,#1629,#1659,.T.);
#1657 = VERTEX_POINT('',#1658);
#1658 = CARTESIAN_POINT('',(-13.11033025558,64.053678355611,39.2));
#1659 = SURFACE_CURVE('',#1660,(#1664,#1671),.PCURVE_S1.);
#1660 = LINE('',#1661,#1662);
#1661 = CARTESIAN_POINT('',(-12.5944275715,64.053678355611,39.2));
#1662 = VECTOR('',#1663,1.);
#1663 = DIRECTION('',(1.,-9.42935300772E-31,-5.947623346206E-16));
#1664 = PCURVE('',#128,#1665);
#1665 = DEFINITIONAL_REPRESENTATION('',(#1666),#1670);
#1666 = LINE('',#1667,#1668);
#1667 = CARTESIAN_POINT('',(-12.5944275715,14.142135623731));
#1668 = VECTOR('',#1669,1.);
#1669 = DIRECTION('',(1.,-1.417484439069E-31));
#1670 = ( GEOMETRIC_REPRESENTATION_CONTEXT(2) 
PARAMETRIC_REPRESENTATION_CONTEXT() REPRESENTATION_CONTEXT('2D SPACE',''
  ) );
#1671 = PCURVE('',#1672,#1677);
#1672 = PLANE('',#1673);
#1673 = AXIS2_PLACEMENT_3D('',#1674,#1675,#1676);
#1674 = CARTESIAN_POINT('',(-12.5944275715,64.053678355611,59.2));
#1675 = DIRECTION('',(6.902532920684E-31,1.,-1.110223024625E-16));
#1676 = DIRECTION('',(5.947623346206E-16,1.110223024625E-16,1.));
#1677 = DEFINITIONAL_REPRESENTATION('',(#1678),#1682);
#1678 = LINE('',#1679,#1680);
#1679 = CARTESIAN_POINT('',(-20.,-1.826959668998E-16));
#1680 = VECTOR('',#1681,1.);
#1681 = DIRECTION('',(-7.395570986447E-32,1.));
#1682 = ( GEOMETRIC_REPRESENTATION_CONTEXT(2) 
PARAMETRIC_REPRESENTATION_CONTEXT() REPRESENTATION_CONTEXT('2D SPACE',''
  ) );
#1683 = ORIENTED_EDGE('',*,*,#1684,.T.);
#1684 = EDGE_CURVE('',#1657,#1685,#1687,.T.);
#1685 = VERTEX_POINT('',#1686);
#1686 = CARTESIAN_POINT('',(-14.14213562373,63.021872987462,39.2));
#1687 = SURFACE_CURVE('',#1688,(#1693,#1700),.PCURVE_S1.);
#1688 = CIRCLE('',#1689,19.284210105954);
#1689 = AXIS2_PLACEMENT_3D('',#1690,#1691,#1692);
#1690 = CARTESIAN_POINT('',(2.489564110419E-12,49.911542731878,39.2));
#1691 = DIRECTION('',(5.947623346206E-16,1.110223024625E-16,1.));
#1692 = DIRECTION('',(1.,-9.42935300772E-31,-5.947623346206E-16));
#1693 = PCURVE('',#128,#1694);
#1694 = DEFINITIONAL_REPRESENTATION('',(#1695),#1699);
#1695 = CIRCLE('',#1696,19.284210105954);
#1696 = AXIS2_PLACEMENT_2D('',#1697,#1698);
#1697 = CARTESIAN_POINT('',(2.490452288839E-12,-2.494159351943E-12));
#1698 = DIRECTION('',(1.,-1.417484439069E-31));
#1699 = ( GEOMETRIC_REPRESENTATION_CONTEXT(2) 
PARAMETRIC_REPRESENTATION_CONTEXT() REPRESENTATION_CONTEXT('2D SPACE',''
  ) );
#1700 = PCURVE('',#1701,#1706);
#1701 = CYLINDRICAL_SURFACE('',#1702,19.284210105954);
#1702 = AXIS2_PLACEMENT_3D('',#1703,#1704,#1705);
#1703 = CARTESIAN_POINT('',(2.501998608295E-12,49.911542731878,59.2));
#1704 = DIRECTION('',(-5.947623346206E-16,-1.110223024625E-16,-1.));
#1705 = DIRECTION('',(-1.,9.42935300772E-31,5.947623346206E-16));
#1706 = DEFINITIONAL_REPRESENTATION('',(#1707),#1711);
#1707 = LINE('',#1708,#1709);
#1708 = CARTESIAN_POINT('',(3.14159265359,20.));
#1709 = VECTOR('',#1710,1.);
#1710 = DIRECTION('',(-1.,0.));
#1711 = ( GEOMETRIC_REPRESENTATION_CONTEXT(2) 
PARAMETRIC_REPRESENTATION_CONTEXT() REPRESENTATION_CONTEXT('2D SPACE',''
  ) );
#1712 = ORIENTED_EDGE('',*,*,#1713,.T.);
#1713 = EDGE_CURVE('',#1685,#1714,#1716,.T.);
#1714 = VERTEX_POINT('',#1715);
#1715 = CARTESIAN_POINT('',(-14.14213562373,61.990067619314,39.2));
#1716 = SURFACE_CURVE('',#1717,(#1721,#1728),.PCURVE_S1.);
#1717 = LINE('',#1718,#1719);
#1718 = CARTESIAN_POINT('',(-14.14213562373,62.505970303388,39.2));
#1719 = VECTOR('',#1720,1.);
#1720 = DIRECTION('',(-6.902532920684E-31,-1.,1.110223024625E-16));
#1721 = PCURVE('',#128,#1722);
#1722 = DEFINITIONAL_REPRESENTATION('',(#1723),#1727);
#1723 = LINE('',#1724,#1725);
#1724 = CARTESIAN_POINT('',(-14.14213562373,12.594427571508));
#1725 = VECTOR('',#1726,1.);
#1726 = DIRECTION('',(1.54074395551E-31,-1.));
#1727 = ( GEOMETRIC_REPRESENTATION_CONTEXT(2) 
PARAMETRIC_REPRESENTATION_CONTEXT() REPRESENTATION_CONTEXT('2D SPACE',''
  ) );
#1728 = PCURVE('',#1729,#1734);
#1729 = PLANE('',#1730);
#1730 = AXIS2_PLACEMENT_3D('',#1731,#1732,#1733);
#1731 = CARTESIAN_POINT('',(-14.14213562373,62.505970303388,59.2));
#1732 = DIRECTION('',(1.,-9.42935300772E-31,-5.947623346206E-16));
#1733 = DIRECTION('',(-5.947623346206E-16,-1.110223024625E-16,-1.));
#1734 = DEFINITIONAL_REPRESENTATION('',(#1735),#1739);
#1735 = LINE('',#1736,#1737);
#1736 = CARTESIAN_POINT('',(20.,0.));
#1737 = VECTOR('',#1738,1.);
#1738 = DIRECTION('',(0.,-1.));
#1739 = ( GEOMETRIC_REPRESENTATION_CONTEXT(2) 
PARAMETRIC_REPRESENTATION_CONTEXT() REPRESENTATION_CONTEXT('2D SPACE',''
  ) );
#1740 = ORIENTED_EDGE('',*,*,#1741,.F.);
#1741 = EDGE_CURVE('',#1742,#1714,#1744,.T.);
#1742 = VERTEX_POINT('',#1743);
#1743 = CARTESIAN_POINT('',(-15.16123775561,61.828657698522,39.2));
#1744 = SURFACE_CURVE('',#1745,(#1749,#1756),.PCURVE_S1.);
#1745 = LINE('',#1746,#1747);
#1746 = CARTESIAN_POINT('',(-14.65168668967,61.909362658918,39.2));
#1747 = VECTOR('',#1748,1.);
#1748 = DIRECTION('',(0.987688340595,0.15643446504,-6.106226635438E-16)
  );
#1749 = PCURVE('',#128,#1750);
#1750 = DEFINITIONAL_REPRESENTATION('',(#1751),#1755);
#1751 = LINE('',#1752,#1753);
#1752 = CARTESIAN_POINT('',(-14.65168668967,11.997819927037));
#1753 = VECTOR('',#1754,1.);
#1754 = DIRECTION('',(0.987688340595,0.15643446504));
#1755 = ( GEOMETRIC_REPRESENTATION_CONTEXT(2) 
PARAMETRIC_REPRESENTATION_CONTEXT() REPRESENTATION_CONTEXT('2D SPACE',''
  ) );
#1756 = PCURVE('',#1757,#1762);
#1757 = PLANE('',#1758);
#1758 = AXIS2_PLACEMENT_3D('',#1759,#1760,#1761);
#1759 = CARTESIAN_POINT('',(-14.65168668967,61.909362658918,59.2));
#1760 = DIRECTION('',(-0.15643446504,0.987688340595,-5.551115123126E-17)
  );
#1761 = DIRECTION('',(-0.987688340595,-0.15643446504,6.106226635438E-16)
  );
#1762 = DEFINITIONAL_REPRESENTATION('',(#1763),#1767);
#1763 = LINE('',#1764,#1765);
#1764 = CARTESIAN_POINT('',(2.22044604925E-16,-20.));
#1765 = VECTOR('',#1766,1.);
#1766 = DIRECTION('',(-1.,0.));
#1767 = ( GEOMETRIC_REPRESENTATION_CONTEXT(2) 
PARAMETRIC_REPRESENTATION_CONTEXT() REPRESENTATION_CONTEXT('2D SPACE',''
  ) );
#1768 = ORIENTED_EDGE('',*,*,#1769,.T.);
#1769 = EDGE_CURVE('',#1742,#1770,#1772,.T.);
#1770 = VERTEX_POINT('',#1771);
#1771 = CARTESIAN_POINT('',(-16.0189299667,60.648145645846,39.2));
#1772 = SURFACE_CURVE('',#1773,(#1778,#1785),.PCURVE_S1.);
#1773 = CIRCLE('',#1774,19.284210105952);
#1774 = AXIS2_PLACEMENT_3D('',#1775,#1776,#1777);
#1775 = CARTESIAN_POINT('',(1.424638185199E-12,49.911542731879,39.2));
#1776 = DIRECTION('',(5.947623346206E-16,1.110223024625E-16,1.));
#1777 = DIRECTION('',(1.,-9.42935300772E-31,-5.947623346206E-16));
#1778 = PCURVE('',#128,#1779);
#1779 = DEFINITIONAL_REPRESENTATION('',(#1780),#1784);
#1780 = CIRCLE('',#1781,19.284210105952);
#1781 = AXIS2_PLACEMENT_2D('',#1782,#1783);
#1782 = CARTESIAN_POINT('',(1.425526363619E-12,-1.110908287762E-12));
#1783 = DIRECTION('',(1.,-1.417484439069E-31));
#1784 = ( GEOMETRIC_REPRESENTATION_CONTEXT(2) 
PARAMETRIC_REPRESENTATION_CONTEXT() REPRESENTATION_CONTEXT('2D SPACE',''
  ) );
#1785 = PCURVE('',#1786,#1791);
#1786 = CYLINDRICAL_SURFACE('',#1787,19.284210105952);
#1787 = AXIS2_PLACEMENT_3D('',#1788,#1789,#1790);
#1788 = CARTESIAN_POINT('',(1.437072683075E-12,49.911542731879,59.2));
#1789 = DIRECTION('',(-5.947623346206E-16,-1.110223024625E-16,-1.));
#1790 = DIRECTION('',(-1.,9.42935300772E-31,5.947623346206E-16));
#1791 = DEFINITIONAL_REPRESENTATION('',(#1792),#1796);
#1792 = LINE('',#1793,#1794);
#1793 = CARTESIAN_POINT('',(3.14159265359,20.));
#1794 = VECTOR('',#1795,1.);
#1795 = DIRECTION('',(-1.,0.));
#1796 = ( GEOMETRIC_REPRESENTATION_CONTEXT(2) 
PARAMETRIC_REPRESENTATION_CONTEXT() REPRESENTATION_CONTEXT('2D SPACE',''
  ) );
#1797 = ORIENTED_EDGE('',*,*,#1798,.T.);
#1798 = EDGE_CURVE('',#1770,#1799,#1801,.T.);
#1799 = VERTEX_POINT('',#1800);
#1800 = CARTESIAN_POINT('',(-15.85752004591,59.629043513962,39.2));
#1801 = SURFACE_CURVE('',#1802,(#1806,#1813),.PCURVE_S1.);
#1802 = LINE('',#1803,#1804);
#1803 = CARTESIAN_POINT('',(-15.93822500631,60.138594579904,39.2));
#1804 = VECTOR('',#1805,1.);
#1805 = DIRECTION('',(0.15643446504,-0.987688340595,5.551115123126E-17)
  );
#1806 = PCURVE('',#128,#1807);
#1807 = DEFINITIONAL_REPRESENTATION('',(#1808),#1812);
#1808 = LINE('',#1809,#1810);
#1809 = CARTESIAN_POINT('',(-15.93822500631,10.227051848023));
#1810 = VECTOR('',#1811,1.);
#1811 = DIRECTION('',(0.15643446504,-0.987688340595));
#1812 = ( GEOMETRIC_REPRESENTATION_CONTEXT(2) 
PARAMETRIC_REPRESENTATION_CONTEXT() REPRESENTATION_CONTEXT('2D SPACE',''
  ) );
#1813 = PCURVE('',#1814,#1819);
#1814 = PLANE('',#1815);
#1815 = AXIS2_PLACEMENT_3D('',#1816,#1817,#1818);
#1816 = CARTESIAN_POINT('',(-15.93822500631,60.138594579904,59.2));
#1817 = DIRECTION('',(0.987688340595,0.15643446504,-6.106226635438E-16)
  );
#1818 = DIRECTION('',(-0.15643446504,0.987688340595,-5.551115123126E-17)
  );
#1819 = DEFINITIONAL_REPRESENTATION('',(#1820),#1824);
#1820 = LINE('',#1821,#1822);
#1821 = CARTESIAN_POINT('',(-7.105427357601E-15,-20.));
#1822 = VECTOR('',#1823,1.);
#1823 = DIRECTION('',(-1.,0.));
#1824 = ( GEOMETRIC_REPRESENTATION_CONTEXT(2) 
PARAMETRIC_REPRESENTATION_CONTEXT() REPRESENTATION_CONTEXT('2D SPACE',''
  ) );
#1825 = ORIENTED_EDGE('',*,*,#1826,.F.);
#1826 = EDGE_CURVE('',#1827,#1799,#1829,.T.);
#1827 = VERTEX_POINT('',#1828);
#1828 = CARTESIAN_POINT('',(-16.83882526484,59.310198120316,39.2));
#1829 = SURFACE_CURVE('',#1830,(#1834,#1841),.PCURVE_S1.);
#1830 = LINE('',#1831,#1832);
#1831 = CARTESIAN_POINT('',(-16.34817265537,59.469620817139,39.2));
#1832 = VECTOR('',#1833,1.);
#1833 = DIRECTION('',(0.951056516295,0.309016994375,-5.828670879282E-16)
  );
#1834 = PCURVE('',#128,#1835);
#1835 = DEFINITIONAL_REPRESENTATION('',(#1836),#1840);
#1836 = LINE('',#1837,#1838);
#1837 = CARTESIAN_POINT('',(-16.34817265537,9.558078085259));
#1838 = VECTOR('',#1839,1.);
#1839 = DIRECTION('',(0.951056516295,0.309016994375));
#1840 = ( GEOMETRIC_REPRESENTATION_CONTEXT(2) 
PARAMETRIC_REPRESENTATION_CONTEXT() REPRESENTATION_CONTEXT('2D SPACE',''
  ) );
#1841 = PCURVE('',#1842,#1847);
#1842 = PLANE('',#1843);
#1843 = AXIS2_PLACEMENT_3D('',#1844,#1845,#1846);
#1844 = CARTESIAN_POINT('',(-16.34817265537,59.469620817139,59.2));
#1845 = DIRECTION('',(-0.309016994375,0.951056516295,1.110223024625E-16)
  );
#1846 = DIRECTION('',(-0.951056516295,-0.309016994375,5.828670879282E-16
    ));
#1847 = DEFINITIONAL_REPRESENTATION('',(#1848),#1852);
#1848 = LINE('',#1849,#1850);
#1849 = CARTESIAN_POINT('',(-1.33226762955E-15,-20.));
#1850 = VECTOR('',#1851,1.);
#1851 = DIRECTION('',(-1.,2.775557561563E-17));
#1852 = ( GEOMETRIC_REPRESENTATION_CONTEXT(2) 
PARAMETRIC_REPRESENTATION_CONTEXT() REPRESENTATION_CONTEXT('2D SPACE',''
  ) );
#1853 = ORIENTED_EDGE('',*,*,#1854,.T.);
#1854 = EDGE_CURVE('',#1827,#1855,#1857,.T.);
#1855 = VERTEX_POINT('',#1856);
#1856 = CARTESIAN_POINT('',(-17.50128509012,58.010047507745,39.2));
#1857 = SURFACE_CURVE('',#1858,(#1863,#1870),.PCURVE_S1.);
#1858 = CIRCLE('',#1859,19.284210105952);
#1859 = AXIS2_PLACEMENT_3D('',#1860,#1861,#1862);
#1860 = CARTESIAN_POINT('',(1.440625396754E-12,49.911542731879,39.2));
#1861 = DIRECTION('',(5.947623346206E-16,1.110223024625E-16,1.));
#1862 = DIRECTION('',(1.,-9.42935300772E-31,-5.947623346206E-16));
#1863 = PCURVE('',#128,#1864);
#1864 = DEFINITIONAL_REPRESENTATION('',(#1865),#1869);
#1865 = CIRCLE('',#1866,19.284210105952);
#1866 = AXIS2_PLACEMENT_2D('',#1867,#1868);
#1867 = CARTESIAN_POINT('',(1.441513575173E-12,-8.116992587379E-13));
#1868 = DIRECTION('',(1.,-1.417484439069E-31));
#1869 = ( GEOMETRIC_REPRESENTATION_CONTEXT(2) 
PARAMETRIC_REPRESENTATION_CONTEXT() REPRESENTATION_CONTEXT('2D SPACE',''
  ) );
#1870 = PCURVE('',#1871,#1876);
#1871 = CYLINDRICAL_SURFACE('',#1872,19.284210105952);
#1872 = AXIS2_PLACEMENT_3D('',#1873,#1874,#1875);
#1873 = CARTESIAN_POINT('',(1.453059894629E-12,49.911542731879,59.2));
#1874 = DIRECTION('',(-5.947623346206E-16,-1.110223024625E-16,-1.));
#1875 = DIRECTION('',(-1.,9.42935300772E-31,5.947623346206E-16));
#1876 = DEFINITIONAL_REPRESENTATION('',(#1877),#1881);
#1877 = LINE('',#1878,#1879);
#1878 = CARTESIAN_POINT('',(3.14159265359,20.));
#1879 = VECTOR('',#1880,1.);
#1880 = DIRECTION('',(-1.,0.));
#1881 = ( GEOMETRIC_REPRESENTATION_CONTEXT(2) 
PARAMETRIC_REPRESENTATION_CONTEXT() REPRESENTATION_CONTEXT('2D SPACE',''
  ) );
#1882 = ORIENTED_EDGE('',*,*,#1883,.T.);
#1883 = EDGE_CURVE('',#1855,#1884,#1886,.T.);
#1884 = VERTEX_POINT('',#1885);
#1885 = CARTESIAN_POINT('',(-17.18243969647,57.028742288819,39.2));
#1886 = SURFACE_CURVE('',#1887,(#1891,#1898),.PCURVE_S1.);
#1887 = LINE('',#1888,#1889);
#1888 = CARTESIAN_POINT('',(-17.3418623933,57.519394898282,39.2));
#1889 = VECTOR('',#1890,1.);
#1890 = DIRECTION('',(0.309016994375,-0.951056516295,-1.110223024625E-16
    ));
#1891 = PCURVE('',#128,#1892);
#1892 = DEFINITIONAL_REPRESENTATION('',(#1893),#1897);
#1893 = LINE('',#1894,#1895);
#1894 = CARTESIAN_POINT('',(-17.3418623933,7.607852166402));
#1895 = VECTOR('',#1896,1.);
#1896 = DIRECTION('',(0.309016994375,-0.951056516295));
#1897 = ( GEOMETRIC_REPRESENTATION_CONTEXT(2) 
PARAMETRIC_REPRESENTATION_CONTEXT() REPRESENTATION_CONTEXT('2D SPACE',''
  ) );
#1898 = PCURVE('',#1899,#1904);
#1899 = PLANE('',#1900);
#1900 = AXIS2_PLACEMENT_3D('',#1901,#1902,#1903);
#1901 = CARTESIAN_POINT('',(-17.34186239329,57.519394898282,59.2));
#1902 = DIRECTION('',(0.951056516295,0.309016994375,-5.828670879282E-16)
  );
#1903 = DIRECTION('',(-0.309016994375,0.951056516295,1.110223024625E-16)
  );
#1904 = DEFINITIONAL_REPRESENTATION('',(#1905),#1909);
#1905 = LINE('',#1906,#1907);
#1906 = CARTESIAN_POINT('',(0.,-20.));
#1907 = VECTOR('',#1908,1.);
#1908 = DIRECTION('',(-1.,0.));
#1909 = ( GEOMETRIC_REPRESENTATION_CONTEXT(2) 
PARAMETRIC_REPRESENTATION_CONTEXT() REPRESENTATION_CONTEXT('2D SPACE',''
  ) );
#1910 = ORIENTED_EDGE('',*,*,#1911,.F.);
#1911 = EDGE_CURVE('',#1912,#1884,#1914,.T.);
#1912 = VERTEX_POINT('',#1913);
#1913 = CARTESIAN_POINT('',(-18.10178501119,56.560312454099,39.2));
#1914 = SURFACE_CURVE('',#1915,(#1919,#1926),.PCURVE_S1.);
#1915 = LINE('',#1916,#1917);
#1916 = CARTESIAN_POINT('',(-17.64211235383,56.794527371459,39.2));
#1917 = VECTOR('',#1918,1.);
#1918 = DIRECTION('',(0.891006524188,0.45399049974,-5.828670879282E-16)
  );
#1919 = PCURVE('',#128,#1920);
#1920 = DEFINITIONAL_REPRESENTATION('',(#1921),#1925);
#1921 = LINE('',#1922,#1923);
#1922 = CARTESIAN_POINT('',(-17.64211235383,6.882984639579));
#1923 = VECTOR('',#1924,1.);
#1924 = DIRECTION('',(0.891006524188,0.45399049974));
#1925 = ( GEOMETRIC_REPRESENTATION_CONTEXT(2) 
PARAMETRIC_REPRESENTATION_CONTEXT() REPRESENTATION_CONTEXT('2D SPACE',''
  ) );
#1926 = PCURVE('',#1927,#1932);
#1927 = PLANE('',#1928);
#1928 = AXIS2_PLACEMENT_3D('',#1929,#1930,#1931);
#1929 = CARTESIAN_POINT('',(-17.64211235383,56.794527371459,59.2));
#1930 = DIRECTION('',(-0.45399049974,0.891006524188,1.110223024625E-16)
  );
#1931 = DIRECTION('',(-0.891006524188,-0.45399049974,5.828670879282E-16)
  );
#1932 = DEFINITIONAL_REPRESENTATION('',(#1933),#1937);
#1933 = LINE('',#1934,#1935);
#1934 = CARTESIAN_POINT('',(-1.7763568394E-15,-20.));
#1935 = VECTOR('',#1936,1.);
#1936 = DIRECTION('',(-1.,0.));
#1937 = ( GEOMETRIC_REPRESENTATION_CONTEXT(2) 
PARAMETRIC_REPRESENTATION_CONTEXT() REPRESENTATION_CONTEXT('2D SPACE',''
  ) );
#1938 = ORIENTED_EDGE('',*,*,#1939,.T.);
#1939 = EDGE_CURVE('',#1912,#1940,#1942,.T.);
#1940 = VERTEX_POINT('',#1941);
#1941 = CARTESIAN_POINT('',(-18.55270049118,55.172537304666,39.2));
#1942 = SURFACE_CURVE('',#1943,(#1948,#1955),.PCURVE_S1.);
#1943 = CIRCLE('',#1944,19.284210105951);
#1944 = AXIS2_PLACEMENT_3D('',#1945,#1946,#1947);
#1945 = CARTESIAN_POINT('',(3.828048988908E-13,49.91154273188,39.2));
#1946 = DIRECTION('',(5.947623346206E-16,1.110223024625E-16,1.));
#1947 = DIRECTION('',(1.,-9.42935300772E-31,-5.947623346206E-16));
#1948 = PCURVE('',#128,#1949);
#1949 = DEFINITIONAL_REPRESENTATION('',(#1950),#1954);
#1950 = CIRCLE('',#1951,19.284210105951);
#1951 = AXIS2_PLACEMENT_2D('',#1952,#1953);
#1952 = CARTESIAN_POINT('',(3.836930773105E-13,-6.521505632602E-14));
#1953 = DIRECTION('',(1.,-1.417484439069E-31));
#1954 = ( GEOMETRIC_REPRESENTATION_CONTEXT(2) 
PARAMETRIC_REPRESENTATION_CONTEXT() REPRESENTATION_CONTEXT('2D SPACE',''
  ) );
#1955 = PCURVE('',#1956,#1961);
#1956 = CYLINDRICAL_SURFACE('',#1957,19.284210105951);
#1957 = AXIS2_PLACEMENT_3D('',#1958,#1959,#1960);
#1958 = CARTESIAN_POINT('',(3.952393967666E-13,49.91154273188,59.2));
#1959 = DIRECTION('',(-5.947623346206E-16,-1.110223024625E-16,-1.));
#1960 = DIRECTION('',(-1.,9.42935300772E-31,5.947623346206E-16));
#1961 = DEFINITIONAL_REPRESENTATION('',(#1962),#1966);
#1962 = LINE('',#1963,#1964);
#1963 = CARTESIAN_POINT('',(3.14159265359,20.));
#1964 = VECTOR('',#1965,1.);
#1965 = DIRECTION('',(-1.,0.));
#1966 = ( GEOMETRIC_REPRESENTATION_CONTEXT(2) 
PARAMETRIC_REPRESENTATION_CONTEXT() REPRESENTATION_CONTEXT('2D SPACE',''
  ) );
#1967 = ORIENTED_EDGE('',*,*,#1968,.T.);
#1968 = EDGE_CURVE('',#1940,#1969,#1971,.T.);
#1969 = VERTEX_POINT('',#1970);
#1970 = CARTESIAN_POINT('',(-18.08427065646,54.253191989953,39.2));
#1971 = SURFACE_CURVE('',#1972,(#1976,#1983),.PCURVE_S1.);
#1972 = LINE('',#1973,#1974);
#1973 = CARTESIAN_POINT('',(-18.31848557382,54.712864647309,39.2));
#1974 = VECTOR('',#1975,1.);
#1975 = DIRECTION('',(0.45399049974,-0.891006524188,-1.110223024625E-16)
  );
#1976 = PCURVE('',#128,#1977);
#1977 = DEFINITIONAL_REPRESENTATION('',(#1978),#1982);
#1978 = LINE('',#1979,#1980);
#1979 = CARTESIAN_POINT('',(-18.31848557382,4.801321915429));
#1980 = VECTOR('',#1981,1.);
#1981 = DIRECTION('',(0.45399049974,-0.891006524188));
#1982 = ( GEOMETRIC_REPRESENTATION_CONTEXT(2) 
PARAMETRIC_REPRESENTATION_CONTEXT() REPRESENTATION_CONTEXT('2D SPACE',''
  ) );
#1983 = PCURVE('',#1984,#1989);
#1984 = PLANE('',#1985);
#1985 = AXIS2_PLACEMENT_3D('',#1986,#1987,#1988);
#1986 = CARTESIAN_POINT('',(-18.31848557382,54.712864647309,59.2));
#1987 = DIRECTION('',(0.891006524188,0.45399049974,-5.828670879282E-16)
  );
#1988 = DIRECTION('',(-0.45399049974,0.891006524188,1.110223024625E-16)
  );
#1989 = DEFINITIONAL_REPRESENTATION('',(#1990),#1994);
#1990 = LINE('',#1991,#1992);
#1991 = CARTESIAN_POINT('',(-1.7763568394E-15,-20.));
#1992 = VECTOR('',#1993,1.);
#1993 = DIRECTION('',(-1.,0.));
#1994 = ( GEOMETRIC_REPRESENTATION_CONTEXT(2) 
PARAMETRIC_REPRESENTATION_CONTEXT() REPRESENTATION_CONTEXT('2D SPACE',''
  ) );
#1995 = ORIENTED_EDGE('',*,*,#1996,.F.);
#1996 = EDGE_CURVE('',#1997,#1969,#1999,.T.);
#1997 = VERTEX_POINT('',#1998);
#1998 = CARTESIAN_POINT('',(-18.91901873418,53.646712011319,39.2));
#1999 = SURFACE_CURVE('',#2000,(#2004,#2011),.PCURVE_S1.);
#2000 = LINE('',#2001,#2002);
#2001 = CARTESIAN_POINT('',(-18.50164469532,53.949952000636,39.2));
#2002 = VECTOR('',#2003,1.);
#2003 = DIRECTION('',(0.809016994375,0.587785252292,-5.551115123126E-16)
  );
#2004 = PCURVE('',#128,#2005);
#2005 = DEFINITIONAL_REPRESENTATION('',(#2006),#2010);
#2006 = LINE('',#2007,#2008);
#2007 = CARTESIAN_POINT('',(-18.50164469532,4.038409268756));
#2008 = VECTOR('',#2009,1.);
#2009 = DIRECTION('',(0.809016994375,0.587785252292));
#2010 = ( GEOMETRIC_REPRESENTATION_CONTEXT(2) 
PARAMETRIC_REPRESENTATION_CONTEXT() REPRESENTATION_CONTEXT('2D SPACE',''
  ) );
#2011 = PCURVE('',#2012,#2017);
#2012 = PLANE('',#2013);
#2013 = AXIS2_PLACEMENT_3D('',#2014,#2015,#2016);
#2014 = CARTESIAN_POINT('',(-18.50164469532,53.949952000636,59.2));
#2015 = DIRECTION('',(-0.587785252292,0.809016994375,2.775557561563E-16)
  );
#2016 = DIRECTION('',(-0.809016994375,-0.587785252292,5.551115123126E-16
    ));
#2017 = DEFINITIONAL_REPRESENTATION('',(#2018),#2022);
#2018 = LINE('',#2019,#2020);
#2019 = CARTESIAN_POINT('',(8.881784197001E-16,-20.));
#2020 = VECTOR('',#2021,1.);
#2021 = DIRECTION('',(-1.,5.551115123126E-17));
#2022 = ( GEOMETRIC_REPRESENTATION_CONTEXT(2) 
PARAMETRIC_REPRESENTATION_CONTEXT() REPRESENTATION_CONTEXT('2D SPACE',''
  ) );
#2023 = ORIENTED_EDGE('',*,*,#2024,.T.);
#2024 = EDGE_CURVE('',#1997,#2025,#2027,.T.);
#2025 = VERTEX_POINT('',#2026);
#2026 = CARTESIAN_POINT('',(-19.14728683326,52.205483954965,39.2));
#2027 = SURFACE_CURVE('',#2028,(#2033,#2040),.PCURVE_S1.);
#2028 = CIRCLE('',#2029,19.284210105952);
#2029 = AXIS2_PLACEMENT_3D('',#2030,#2031,#2032);
#2030 = CARTESIAN_POINT('',(1.573852159709E-12,49.91154273188,39.2));
#2031 = DIRECTION('',(5.947623346206E-16,1.110223024625E-16,1.));
#2032 = DIRECTION('',(1.,-9.42935300772E-31,-5.947623346206E-16));
#2033 = PCURVE('',#128,#2034);
#2034 = DEFINITIONAL_REPRESENTATION('',(#2035),#2039);
#2035 = CIRCLE('',#2036,19.284210105952);
#2036 = AXIS2_PLACEMENT_2D('',#2037,#2038);
#2037 = CARTESIAN_POINT('',(1.574740338128E-12,-3.327047356071E-13));
#2038 = DIRECTION('',(1.,-1.417484439069E-31));
#2039 = ( GEOMETRIC_REPRESENTATION_CONTEXT(2) 
PARAMETRIC_REPRESENTATION_CONTEXT() REPRESENTATION_CONTEXT('2D SPACE',''
  ) );
#2040 = PCURVE('',#2041,#2046);
#2041 = CYLINDRICAL_SURFACE('',#2042,19.284210105952);
#2042 = AXIS2_PLACEMENT_3D('',#2043,#2044,#2045);
#2043 = CARTESIAN_POINT('',(1.586286657584E-12,49.91154273188,59.2));
#2044 = DIRECTION('',(-5.947623346206E-16,-1.110223024625E-16,-1.));
#2045 = DIRECTION('',(-1.,9.42935300772E-31,5.947623346206E-16));
#2046 = DEFINITIONAL_REPRESENTATION('',(#2047),#2051);
#2047 = LINE('',#2048,#2049);
#2048 = CARTESIAN_POINT('',(3.14159265359,20.));
#2049 = VECTOR('',#2050,1.);
#2050 = DIRECTION('',(-1.,0.));
#2051 = ( GEOMETRIC_REPRESENTATION_CONTEXT(2) 
PARAMETRIC_REPRESENTATION_CONTEXT() REPRESENTATION_CONTEXT('2D SPACE',''
  ) );
#2052 = ORIENTED_EDGE('',*,*,#2053,.T.);
#2053 = EDGE_CURVE('',#2025,#2054,#2056,.T.);
#2054 = VERTEX_POINT('',#2055);
#2055 = CARTESIAN_POINT('',(-18.54080685463,51.370735877245,39.2));
#2056 = SURFACE_CURVE('',#2057,(#2061,#2068),.PCURVE_S1.);
#2057 = LINE('',#2058,#2059);
#2058 = CARTESIAN_POINT('',(-18.84404684395,51.788109916105,39.2));
#2059 = VECTOR('',#2060,1.);
#2060 = DIRECTION('',(0.587785252292,-0.809016994375,-2.775557561563E-16
    ));
#2061 = PCURVE('',#128,#2062);
#2062 = DEFINITIONAL_REPRESENTATION('',(#2063),#2067);
#2063 = LINE('',#2064,#2065);
#2064 = CARTESIAN_POINT('',(-18.84404684395,1.876567184225));
#2065 = VECTOR('',#2066,1.);
#2066 = DIRECTION('',(0.587785252292,-0.809016994375));
#2067 = ( GEOMETRIC_REPRESENTATION_CONTEXT(2) 
PARAMETRIC_REPRESENTATION_CONTEXT() REPRESENTATION_CONTEXT('2D SPACE',''
  ) );
#2068 = PCURVE('',#2069,#2074);
#2069 = PLANE('',#2070);
#2070 = AXIS2_PLACEMENT_3D('',#2071,#2072,#2073);
#2071 = CARTESIAN_POINT('',(-18.84404684395,51.788109916105,59.2));
#2072 = DIRECTION('',(0.809016994375,0.587785252292,-5.551115123126E-16)
  );
#2073 = DIRECTION('',(-0.587785252292,0.809016994375,3.330669073875E-16)
  );
#2074 = DEFINITIONAL_REPRESENTATION('',(#2075),#2079);
#2075 = LINE('',#2076,#2077);
#2076 = CARTESIAN_POINT('',(-1.7763568394E-15,-20.));
#2077 = VECTOR('',#2078,1.);
#2078 = DIRECTION('',(-1.,0.));
#2079 = ( GEOMETRIC_REPRESENTATION_CONTEXT(2) 
PARAMETRIC_REPRESENTATION_CONTEXT() REPRESENTATION_CONTEXT('2D SPACE',''
  ) );
#2080 = ORIENTED_EDGE('',*,*,#2081,.F.);
#2081 = EDGE_CURVE('',#2082,#2054,#2084,.T.);
#2082 = VERTEX_POINT('',#2083);
#2083 = CARTESIAN_POINT('',(-19.27040342731,50.641139304563,39.2));
#2084 = SURFACE_CURVE('',#2085,(#2089,#2096),.PCURVE_S1.);
#2085 = LINE('',#2086,#2087);
#2086 = CARTESIAN_POINT('',(-18.90560514097,51.005937590904,39.2));
#2087 = VECTOR('',#2088,1.);
#2088 = DIRECTION('',(0.707106781187,0.707106781187,-4.996003610813E-16)
  );
#2089 = PCURVE('',#128,#2090);
#2090 = DEFINITIONAL_REPRESENTATION('',(#2091),#2095);
#2091 = LINE('',#2092,#2093);
#2092 = CARTESIAN_POINT('',(-18.90560514097,1.094394859024));
#2093 = VECTOR('',#2094,1.);
#2094 = DIRECTION('',(0.707106781187,0.707106781187));
#2095 = ( GEOMETRIC_REPRESENTATION_CONTEXT(2) 
PARAMETRIC_REPRESENTATION_CONTEXT() REPRESENTATION_CONTEXT('2D SPACE',''
  ) );
#2096 = PCURVE('',#2097,#2102);
#2097 = PLANE('',#2098);
#2098 = AXIS2_PLACEMENT_3D('',#2099,#2100,#2101);
#2099 = CARTESIAN_POINT('',(-18.90560514097,51.005937590904,59.2));
#2100 = DIRECTION('',(-0.707106781187,0.707106781187,3.885780586188E-16)
  );
#2101 = DIRECTION('',(-0.707106781187,-0.707106781187,4.996003610813E-16
    ));
#2102 = DEFINITIONAL_REPRESENTATION('',(#2103),#2107);
#2103 = LINE('',#2104,#2105);
#2104 = CARTESIAN_POINT('',(8.881784197001E-16,-20.));
#2105 = VECTOR('',#2106,1.);
#2106 = DIRECTION('',(-1.,0.));
#2107 = ( GEOMETRIC_REPRESENTATION_CONTEXT(2) 
PARAMETRIC_REPRESENTATION_CONTEXT() REPRESENTATION_CONTEXT('2D SPACE',''
  ) );
#2108 = ORIENTED_EDGE('',*,*,#2109,.T.);
#2109 = EDGE_CURVE('',#2082,#2110,#2112,.T.);
#2110 = VERTEX_POINT('',#2111);
#2111 = CARTESIAN_POINT('',(-19.27040342731,49.181946159197,39.2));
#2112 = SURFACE_CURVE('',#2113,(#2118,#2125),.PCURVE_S1.);
#2113 = CIRCLE('',#2114,19.284210105954);
#2114 = AXIS2_PLACEMENT_3D('',#2115,#2116,#2117);
#2115 = CARTESIAN_POINT('',(3.534061931987E-12,49.91154273188,39.2));
#2116 = DIRECTION('',(5.947623346206E-16,1.110223024625E-16,1.));
#2117 = DIRECTION('',(1.,-9.42935300772E-31,-5.947623346206E-16));
#2118 = PCURVE('',#128,#2119);
#2119 = DEFINITIONAL_REPRESENTATION('',(#2120),#2124);
#2120 = CIRCLE('',#2121,19.284210105954);
#2121 = AXIS2_PLACEMENT_2D('',#2122,#2123);
#2122 = CARTESIAN_POINT('',(3.534950110406E-12,3.076740298215E-15));
#2123 = DIRECTION('',(1.,-1.417484439069E-31));
#2124 = ( GEOMETRIC_REPRESENTATION_CONTEXT(2) 
PARAMETRIC_REPRESENTATION_CONTEXT() REPRESENTATION_CONTEXT('2D SPACE',''
  ) );
#2125 = PCURVE('',#2126,#2131);
#2126 = CYLINDRICAL_SURFACE('',#2127,19.284210105954);
#2127 = AXIS2_PLACEMENT_3D('',#2128,#2129,#2130);
#2128 = CARTESIAN_POINT('',(3.546496429863E-12,49.91154273188,59.2));
#2129 = DIRECTION('',(-5.947623346206E-16,-1.110223024625E-16,-1.));
#2130 = DIRECTION('',(-1.,9.42935300772E-31,5.947623346206E-16));
#2131 = DEFINITIONAL_REPRESENTATION('',(#2132),#2136);
#2132 = LINE('',#2133,#2134);
#2133 = CARTESIAN_POINT('',(9.424777960769,20.));
#2134 = VECTOR('',#2135,1.);
#2135 = DIRECTION('',(-1.,0.));
#2136 = ( GEOMETRIC_REPRESENTATION_CONTEXT(2) 
PARAMETRIC_REPRESENTATION_CONTEXT() REPRESENTATION_CONTEXT('2D SPACE',''
  ) );
#2137 = ORIENTED_EDGE('',*,*,#2138,.T.);
#2138 = EDGE_CURVE('',#2110,#2139,#2141,.T.);
#2139 = VERTEX_POINT('',#2140);
#2140 = CARTESIAN_POINT('',(-18.54080685463,48.452349586515,39.2));
#2141 = SURFACE_CURVE('',#2142,(#2146,#2153),.PCURVE_S1.);
#2142 = LINE('',#2143,#2144);
#2143 = CARTESIAN_POINT('',(-18.90560514097,48.817147872856,39.2));
#2144 = VECTOR('',#2145,1.);
#2145 = DIRECTION('',(0.707106781187,-0.707106781187,-3.885780586188E-16
    ));
#2146 = PCURVE('',#128,#2147);
#2147 = DEFINITIONAL_REPRESENTATION('',(#2148),#2152);
#2148 = LINE('',#2149,#2150);
#2149 = CARTESIAN_POINT('',(-18.90560514097,-1.094394859024));
#2150 = VECTOR('',#2151,1.);
#2151 = DIRECTION('',(0.707106781187,-0.707106781187));
#2152 = ( GEOMETRIC_REPRESENTATION_CONTEXT(2) 
PARAMETRIC_REPRESENTATION_CONTEXT() REPRESENTATION_CONTEXT('2D SPACE',''
  ) );
#2153 = PCURVE('',#2154,#2159);
#2154 = PLANE('',#2155);
#2155 = AXIS2_PLACEMENT_3D('',#2156,#2157,#2158);
#2156 = CARTESIAN_POINT('',(-18.90560514097,48.817147872856,59.2));
#2157 = DIRECTION('',(0.707106781187,0.707106781187,-4.996003610813E-16)
  );
#2158 = DIRECTION('',(-0.707106781187,0.707106781187,3.885780586188E-16)
  );
#2159 = DEFINITIONAL_REPRESENTATION('',(#2160),#2164);
#2160 = LINE('',#2161,#2162);
#2161 = CARTESIAN_POINT('',(1.7763568394E-15,-20.));
#2162 = VECTOR('',#2163,1.);
#2163 = DIRECTION('',(-1.,-5.551115123126E-17));
#2164 = ( GEOMETRIC_REPRESENTATION_CONTEXT(2) 
PARAMETRIC_REPRESENTATION_CONTEXT() REPRESENTATION_CONTEXT('2D SPACE',''
  ) );
#2165 = ORIENTED_EDGE('',*,*,#2166,.F.);
#2166 = EDGE_CURVE('',#2167,#2139,#2169,.T.);
#2167 = VERTEX_POINT('',#2168);
#2168 = CARTESIAN_POINT('',(-19.14728683326,47.617601508795,39.2));
#2169 = SURFACE_CURVE('',#2170,(#2174,#2181),.PCURVE_S1.);
#2170 = LINE('',#2171,#2172);
#2171 = CARTESIAN_POINT('',(-18.84404684395,48.034975547655,39.2));
#2172 = VECTOR('',#2173,1.);
#2173 = DIRECTION('',(0.587785252292,0.809016994375,-3.885780586188E-16)
  );
#2174 = PCURVE('',#128,#2175);
#2175 = DEFINITIONAL_REPRESENTATION('',(#2176),#2180);
#2176 = LINE('',#2177,#2178);
#2177 = CARTESIAN_POINT('',(-18.84404684395,-1.876567184225));
#2178 = VECTOR('',#2179,1.);
#2179 = DIRECTION('',(0.587785252292,0.809016994375));
#2180 = ( GEOMETRIC_REPRESENTATION_CONTEXT(2) 
PARAMETRIC_REPRESENTATION_CONTEXT() REPRESENTATION_CONTEXT('2D SPACE',''
  ) );
#2181 = PCURVE('',#2182,#2187);
#2182 = PLANE('',#2183);
#2183 = AXIS2_PLACEMENT_3D('',#2184,#2185,#2186);
#2184 = CARTESIAN_POINT('',(-18.84404684395,48.034975547655,59.2));
#2185 = DIRECTION('',(-0.809016994375,0.587785252292,4.440892098501E-16)
  );
#2186 = DIRECTION('',(-0.587785252292,-0.809016994375,4.440892098501E-16
    ));
#2187 = DEFINITIONAL_REPRESENTATION('',(#2188),#2192);
#2188 = LINE('',#2189,#2190);
#2189 = CARTESIAN_POINT('',(0.,-20.));
#2190 = VECTOR('',#2191,1.);
#2191 = DIRECTION('',(-1.,0.));
#2192 = ( GEOMETRIC_REPRESENTATION_CONTEXT(2) 
PARAMETRIC_REPRESENTATION_CONTEXT() REPRESENTATION_CONTEXT('2D SPACE',''
  ) );
#2193 = ORIENTED_EDGE('',*,*,#2194,.T.);
#2194 = EDGE_CURVE('',#2167,#2195,#2197,.T.);
#2195 = VERTEX_POINT('',#2196);
#2196 = CARTESIAN_POINT('',(-18.91901873418,46.176373452441,39.2));
#2197 = SURFACE_CURVE('',#2198,(#2203,#2210),.PCURVE_S1.);
#2198 = CIRCLE('',#2199,19.284210105952);
#2199 = AXIS2_PLACEMENT_3D('',#2200,#2201,#2202);
#2200 = CARTESIAN_POINT('',(1.588063014424E-12,49.91154273188,39.2));
#2201 = DIRECTION('',(5.947623346206E-16,1.110223024625E-16,1.));
#2202 = DIRECTION('',(1.,-9.42935300772E-31,-5.947623346206E-16));
#2203 = PCURVE('',#128,#2204);
#2204 = DEFINITIONAL_REPRESENTATION('',(#2205),#2209);
#2205 = CIRCLE('',#2206,19.284210105952);
#2206 = AXIS2_PLACEMENT_2D('',#2207,#2208);
#2207 = CARTESIAN_POINT('',(1.588951192844E-12,3.437113133412E-13));
#2208 = DIRECTION('',(1.,-1.417484439069E-31));
#2209 = ( GEOMETRIC_REPRESENTATION_CONTEXT(2) 
PARAMETRIC_REPRESENTATION_CONTEXT() REPRESENTATION_CONTEXT('2D SPACE',''
  ) );
#2210 = PCURVE('',#2211,#2216);
#2211 = CYLINDRICAL_SURFACE('',#2212,19.284210105952);
#2212 = AXIS2_PLACEMENT_3D('',#2213,#2214,#2215);
#2213 = CARTESIAN_POINT('',(1.6004975123E-12,49.91154273188,59.2));
#2214 = DIRECTION('',(-5.947623346206E-16,-1.110223024625E-16,-1.));
#2215 = DIRECTION('',(-1.,9.42935300772E-31,5.947623346206E-16));
#2216 = DEFINITIONAL_REPRESENTATION('',(#2217),#2221);
#2217 = LINE('',#2218,#2219);
#2218 = CARTESIAN_POINT('',(9.424777960769,20.));
#2219 = VECTOR('',#2220,1.);
#2220 = DIRECTION('',(-1.,0.));
#2221 = ( GEOMETRIC_REPRESENTATION_CONTEXT(2) 
PARAMETRIC_REPRESENTATION_CONTEXT() REPRESENTATION_CONTEXT('2D SPACE',''
  ) );
#2222 = ORIENTED_EDGE('',*,*,#2223,.T.);
#2223 = EDGE_CURVE('',#2195,#2224,#2226,.T.);
#2224 = VERTEX_POINT('',#2225);
#2225 = CARTESIAN_POINT('',(-18.08427065646,45.569893473807,39.2));
#2226 = SURFACE_CURVE('',#2227,(#2231,#2238),.PCURVE_S1.);
#2227 = LINE('',#2228,#2229);
#2228 = CARTESIAN_POINT('',(-18.50164469532,45.873133463124,39.2));
#2229 = VECTOR('',#2230,1.);
#2230 = DIRECTION('',(0.809016994375,-0.587785252292,-4.996003610813E-16
    ));
#2231 = PCURVE('',#128,#2232);
#2232 = DEFINITIONAL_REPRESENTATION('',(#2233),#2237);
#2233 = LINE('',#2234,#2235);
#2234 = CARTESIAN_POINT('',(-18.50164469532,-4.038409268756));
#2235 = VECTOR('',#2236,1.);
#2236 = DIRECTION('',(0.809016994375,-0.587785252292));
#2237 = ( GEOMETRIC_REPRESENTATION_CONTEXT(2) 
PARAMETRIC_REPRESENTATION_CONTEXT() REPRESENTATION_CONTEXT('2D SPACE',''
  ) );
#2238 = PCURVE('',#2239,#2244);
#2239 = PLANE('',#2240);
#2240 = AXIS2_PLACEMENT_3D('',#2241,#2242,#2243);
#2241 = CARTESIAN_POINT('',(-18.50164469532,45.873133463124,59.2));
#2242 = DIRECTION('',(0.587785252292,0.809016994375,-4.440892098501E-16)
  );
#2243 = DIRECTION('',(-0.809016994375,0.587785252292,4.996003610813E-16)
  );
#2244 = DEFINITIONAL_REPRESENTATION('',(#2245),#2249);
#2245 = LINE('',#2246,#2247);
#2246 = CARTESIAN_POINT('',(-8.881784197001E-16,-20.));
#2247 = VECTOR('',#2248,1.);
#2248 = DIRECTION('',(-1.,-5.551115123126E-17));
#2249 = ( GEOMETRIC_REPRESENTATION_CONTEXT(2) 
PARAMETRIC_REPRESENTATION_CONTEXT() REPRESENTATION_CONTEXT('2D SPACE',''
  ) );
#2250 = ORIENTED_EDGE('',*,*,#2251,.F.);
#2251 = EDGE_CURVE('',#2252,#2224,#2254,.T.);
#2252 = VERTEX_POINT('',#2253);
#2253 = CARTESIAN_POINT('',(-18.55270049118,44.650548159094,39.2));
#2254 = SURFACE_CURVE('',#2255,(#2259,#2266),.PCURVE_S1.);
#2255 = LINE('',#2256,#2257);
#2256 = CARTESIAN_POINT('',(-18.31848557382,45.110220816451,39.2));
#2257 = VECTOR('',#2258,1.);
#2258 = DIRECTION('',(0.45399049974,0.891006524188,-3.330669073875E-16)
  );
#2259 = PCURVE('',#128,#2260);
#2260 = DEFINITIONAL_REPRESENTATION('',(#2261),#2265);
#2261 = LINE('',#2262,#2263);
#2262 = CARTESIAN_POINT('',(-18.31848557382,-4.801321915429));
#2263 = VECTOR('',#2264,1.);
#2264 = DIRECTION('',(0.45399049974,0.891006524188));
#2265 = ( GEOMETRIC_REPRESENTATION_CONTEXT(2) 
PARAMETRIC_REPRESENTATION_CONTEXT() REPRESENTATION_CONTEXT('2D SPACE',''
  ) );
#2266 = PCURVE('',#2267,#2272);
#2267 = PLANE('',#2268);
#2268 = AXIS2_PLACEMENT_3D('',#2269,#2270,#2271);
#2269 = CARTESIAN_POINT('',(-18.31848557382,45.110220816451,59.2));
#2270 = DIRECTION('',(-0.891006524188,0.45399049974,4.996003610813E-16)
  );
#2271 = DIRECTION('',(-0.45399049974,-0.891006524188,2.775557561563E-16)
  );
#2272 = DEFINITIONAL_REPRESENTATION('',(#2273),#2277);
#2273 = LINE('',#2274,#2275);
#2274 = CARTESIAN_POINT('',(4.440892098501E-15,-20.));
#2275 = VECTOR('',#2276,1.);
#2276 = DIRECTION('',(-1.,5.551115123126E-17));
#2277 = ( GEOMETRIC_REPRESENTATION_CONTEXT(2) 
PARAMETRIC_REPRESENTATION_CONTEXT() REPRESENTATION_CONTEXT('2D SPACE',''
  ) );
#2278 = ORIENTED_EDGE('',*,*,#2279,.T.);
#2279 = EDGE_CURVE('',#2252,#2280,#2282,.T.);
#2280 = VERTEX_POINT('',#2281);
#2281 = CARTESIAN_POINT('',(-18.10178501119,43.262773009661,39.2));
#2282 = SURFACE_CURVE('',#2283,(#2288,#2295),.PCURVE_S1.);
#2283 = CIRCLE('',#2284,19.284210105952);
#2284 = AXIS2_PLACEMENT_3D('',#2285,#2286,#2287);
#2285 = CARTESIAN_POINT('',(1.846522934557E-12,49.911542731881,39.2));
#2286 = DIRECTION('',(5.947623346206E-16,1.110223024625E-16,1.));
#2287 = DIRECTION('',(1.,-9.42935300772E-31,-5.947623346206E-16));
#2288 = PCURVE('',#128,#2289);
#2289 = DEFINITIONAL_REPRESENTATION('',(#2290),#2294);
#2290 = CIRCLE('',#2291,19.284210105952);
#2291 = AXIS2_PLACEMENT_2D('',#2292,#2293);
#2292 = CARTESIAN_POINT('',(1.847411112976E-12,5.045603922777E-13));
#2293 = DIRECTION('',(1.,-1.417484439069E-31));
#2294 = ( GEOMETRIC_REPRESENTATION_CONTEXT(2) 
PARAMETRIC_REPRESENTATION_CONTEXT() REPRESENTATION_CONTEXT('2D SPACE',''
  ) );
#2295 = PCURVE('',#2296,#2301);
#2296 = CYLINDRICAL_SURFACE('',#2297,19.284210105952);
#2297 = AXIS2_PLACEMENT_3D('',#2298,#2299,#2300);
#2298 = CARTESIAN_POINT('',(1.858957432432E-12,49.911542731881,59.2));
#2299 = DIRECTION('',(-5.947623346206E-16,-1.110223024625E-16,-1.));
#2300 = DIRECTION('',(-1.,9.42935300772E-31,5.947623346206E-16));
#2301 = DEFINITIONAL_REPRESENTATION('',(#2302),#2306);
#2302 = LINE('',#2303,#2304);
#2303 = CARTESIAN_POINT('',(9.424777960769,20.));
#2304 = VECTOR('',#2305,1.);
#2305 = DIRECTION('',(-1.,0.));
#2306 = ( GEOMETRIC_REPRESENTATION_CONTEXT(2) 
PARAMETRIC_REPRESENTATION_CONTEXT() REPRESENTATION_CONTEXT('2D SPACE',''
  ) );
#2307 = ORIENTED_EDGE('',*,*,#2308,.T.);
#2308 = EDGE_CURVE('',#2280,#2309,#2311,.T.);
#2309 = VERTEX_POINT('',#2310);
#2310 = CARTESIAN_POINT('',(-17.18243969647,42.794343174942,39.2));
#2311 = SURFACE_CURVE('',#2312,(#2316,#2323),.PCURVE_S1.);
#2312 = LINE('',#2313,#2314);
#2313 = CARTESIAN_POINT('',(-17.64211235383,43.028558092301,39.2));
#2314 = VECTOR('',#2315,1.);
#2315 = DIRECTION('',(0.891006524188,-0.45399049974,-4.996003610813E-16)
  );
#2316 = PCURVE('',#128,#2317);
#2317 = DEFINITIONAL_REPRESENTATION('',(#2318),#2322);
#2318 = LINE('',#2319,#2320);
#2319 = CARTESIAN_POINT('',(-17.64211235383,-6.882984639579));
#2320 = VECTOR('',#2321,1.);
#2321 = DIRECTION('',(0.891006524188,-0.45399049974));
#2322 = ( GEOMETRIC_REPRESENTATION_CONTEXT(2) 
PARAMETRIC_REPRESENTATION_CONTEXT() REPRESENTATION_CONTEXT('2D SPACE',''
  ) );
#2323 = PCURVE('',#2324,#2329);
#2324 = PLANE('',#2325);
#2325 = AXIS2_PLACEMENT_3D('',#2326,#2327,#2328);
#2326 = CARTESIAN_POINT('',(-17.64211235383,43.028558092301,59.2));
#2327 = DIRECTION('',(0.45399049974,0.891006524188,-3.330669073875E-16)
  );
#2328 = DIRECTION('',(-0.891006524188,0.45399049974,4.996003610813E-16)
  );
#2329 = DEFINITIONAL_REPRESENTATION('',(#2330),#2334);
#2330 = LINE('',#2331,#2332);
#2331 = CARTESIAN_POINT('',(8.881784197001E-16,-20.));
#2332 = VECTOR('',#2333,1.);
#2333 = DIRECTION('',(-1.,2.775557561563E-17));
#2334 = ( GEOMETRIC_REPRESENTATION_CONTEXT(2) 
PARAMETRIC_REPRESENTATION_CONTEXT() REPRESENTATION_CONTEXT('2D SPACE',''
  ) );
#2335 = ORIENTED_EDGE('',*,*,#2336,.F.);
#2336 = EDGE_CURVE('',#2337,#2309,#2339,.T.);
#2337 = VERTEX_POINT('',#2338);
#2338 = CARTESIAN_POINT('',(-17.50128509012,41.813037956015,39.2));
#2339 = SURFACE_CURVE('',#2340,(#2344,#2351),.PCURVE_S1.);
#2340 = LINE('',#2341,#2342);
#2341 = CARTESIAN_POINT('',(-17.3418623933,42.303690565478,39.2));
#2342 = VECTOR('',#2343,1.);
#2343 = DIRECTION('',(0.309016994375,0.951056516295,-3.330669073875E-16)
  );
#2344 = PCURVE('',#128,#2345);
#2345 = DEFINITIONAL_REPRESENTATION('',(#2346),#2350);
#2346 = LINE('',#2347,#2348);
#2347 = CARTESIAN_POINT('',(-17.3418623933,-7.607852166402));
#2348 = VECTOR('',#2349,1.);
#2349 = DIRECTION('',(0.309016994375,0.951056516295));
#2350 = ( GEOMETRIC_REPRESENTATION_CONTEXT(2) 
PARAMETRIC_REPRESENTATION_CONTEXT() REPRESENTATION_CONTEXT('2D SPACE',''
  ) );
#2351 = PCURVE('',#2352,#2357);
#2352 = PLANE('',#2353);
#2353 = AXIS2_PLACEMENT_3D('',#2354,#2355,#2356);
#2354 = CARTESIAN_POINT('',(-17.34186239329,42.303690565478,59.2));
#2355 = DIRECTION('',(-0.951056516295,0.309016994375,5.551115123126E-16)
  );
#2356 = DIRECTION('',(-0.309016994375,-0.951056516295,3.330669073875E-16
    ));
#2357 = DEFINITIONAL_REPRESENTATION('',(#2358),#2362);
#2358 = LINE('',#2359,#2360);
#2359 = CARTESIAN_POINT('',(-1.7763568394E-15,-20.));
#2360 = VECTOR('',#2361,1.);
#2361 = DIRECTION('',(-1.,-5.551115123126E-17));
#2362 = ( GEOMETRIC_REPRESENTATION_CONTEXT(2) 
PARAMETRIC_REPRESENTATION_CONTEXT() REPRESENTATION_CONTEXT('2D SPACE',''
  ) );
#2363 = ORIENTED_EDGE('',*,*,#2364,.T.);
#2364 = EDGE_CURVE('',#2337,#2365,#2367,.T.);
#2365 = VERTEX_POINT('',#2366);
#2366 = CARTESIAN_POINT('',(-16.83882526484,40.512887343444,39.2));
#2367 = SURFACE_CURVE('',#2368,(#2373,#2380),.PCURVE_S1.);
#2368 = CIRCLE('',#2369,19.284210105951);
#2369 = AXIS2_PLACEMENT_3D('',#2370,#2371,#2372);
#2370 = CARTESIAN_POINT('',(8.695266728864E-13,49.911542731881,39.2));
#2371 = DIRECTION('',(5.947623346206E-16,1.110223024625E-16,1.));
#2372 = DIRECTION('',(1.,-9.42935300772E-31,-5.947623346206E-16));
#2373 = PCURVE('',#128,#2374);
#2374 = DEFINITIONAL_REPRESENTATION('',(#2375),#2379);
#2375 = CIRCLE('',#2376,19.284210105951);
#2376 = AXIS2_PLACEMENT_2D('',#2377,#2378);
#2377 = CARTESIAN_POINT('',(8.704148513061E-13,5.173433268511E-13));
#2378 = DIRECTION('',(1.,-1.417484439069E-31));
#2379 = ( GEOMETRIC_REPRESENTATION_CONTEXT(2) 
PARAMETRIC_REPRESENTATION_CONTEXT() REPRESENTATION_CONTEXT('2D SPACE',''
  ) );
#2380 = PCURVE('',#2381,#2386);
#2381 = CYLINDRICAL_SURFACE('',#2382,19.284210105951);
#2382 = AXIS2_PLACEMENT_3D('',#2383,#2384,#2385);
#2383 = CARTESIAN_POINT('',(8.819611707622E-13,49.911542731881,59.2));
#2384 = DIRECTION('',(-5.947623346206E-16,-1.110223024625E-16,-1.));
#2385 = DIRECTION('',(-1.,9.42935300772E-31,5.947623346206E-16));
#2386 = DEFINITIONAL_REPRESENTATION('',(#2387),#2391);
#2387 = LINE('',#2388,#2389);
#2388 = CARTESIAN_POINT('',(9.424777960769,20.));
#2389 = VECTOR('',#2390,1.);
#2390 = DIRECTION('',(-1.,0.));
#2391 = ( GEOMETRIC_REPRESENTATION_CONTEXT(2) 
PARAMETRIC_REPRESENTATION_CONTEXT() REPRESENTATION_CONTEXT('2D SPACE',''
  ) );
#2392 = ORIENTED_EDGE('',*,*,#2393,.T.);
#2393 = EDGE_CURVE('',#2365,#2394,#2396,.T.);
#2394 = VERTEX_POINT('',#2395);
#2395 = CARTESIAN_POINT('',(-15.85752004591,40.194041949799,39.2));
#2396 = SURFACE_CURVE('',#2397,(#2401,#2408),.PCURVE_S1.);
#2397 = LINE('',#2398,#2399);
#2398 = CARTESIAN_POINT('',(-16.34817265537,40.353464646621,39.2));
#2399 = VECTOR('',#2400,1.);
#2400 = DIRECTION('',(0.951056516295,-0.309016994375,-5.551115123126E-16
    ));
#2401 = PCURVE('',#128,#2402);
#2402 = DEFINITIONAL_REPRESENTATION('',(#2403),#2407);
#2403 = LINE('',#2404,#2405);
#2404 = CARTESIAN_POINT('',(-16.34817265537,-9.558078085259));
#2405 = VECTOR('',#2406,1.);
#2406 = DIRECTION('',(0.951056516295,-0.309016994375));
#2407 = ( GEOMETRIC_REPRESENTATION_CONTEXT(2) 
PARAMETRIC_REPRESENTATION_CONTEXT() REPRESENTATION_CONTEXT('2D SPACE',''
  ) );
#2408 = PCURVE('',#2409,#2414);
#2409 = PLANE('',#2410);
#2410 = AXIS2_PLACEMENT_3D('',#2411,#2412,#2413);
#2411 = CARTESIAN_POINT('',(-16.34817265537,40.353464646621,59.2));
#2412 = DIRECTION('',(0.309016994375,0.951056516295,-3.330669073875E-16)
  );
#2413 = DIRECTION('',(-0.951056516295,0.309016994375,5.551115123126E-16)
  );
#2414 = DEFINITIONAL_REPRESENTATION('',(#2415),#2419);
#2415 = LINE('',#2416,#2417);
#2416 = CARTESIAN_POINT('',(-3.552713678801E-15,-20.));
#2417 = VECTOR('',#2418,1.);
#2418 = DIRECTION('',(-1.,0.));
#2419 = ( GEOMETRIC_REPRESENTATION_CONTEXT(2) 
PARAMETRIC_REPRESENTATION_CONTEXT() REPRESENTATION_CONTEXT('2D SPACE',''
  ) );
#2420 = ORIENTED_EDGE('',*,*,#2421,.F.);
#2421 = EDGE_CURVE('',#2422,#2394,#2424,.T.);
#2422 = VERTEX_POINT('',#2423);
#2423 = CARTESIAN_POINT('',(-16.0189299667,39.174939817915,39.2));
#2424 = SURFACE_CURVE('',#2425,(#2429,#2436),.PCURVE_S1.);
#2425 = LINE('',#2426,#2427);
#2426 = CARTESIAN_POINT('',(-15.93822500631,39.684490883857,39.2));
#2427 = VECTOR('',#2428,1.);
#2428 = DIRECTION('',(0.15643446504,0.987688340595,-1.665334536938E-16)
  );
#2429 = PCURVE('',#128,#2430);
#2430 = DEFINITIONAL_REPRESENTATION('',(#2431),#2435);
#2431 = LINE('',#2432,#2433);
#2432 = CARTESIAN_POINT('',(-15.93822500631,-10.22705184802));
#2433 = VECTOR('',#2434,1.);
#2434 = DIRECTION('',(0.15643446504,0.987688340595));
#2435 = ( GEOMETRIC_REPRESENTATION_CONTEXT(2) 
PARAMETRIC_REPRESENTATION_CONTEXT() REPRESENTATION_CONTEXT('2D SPACE',''
  ) );
#2436 = PCURVE('',#2437,#2442);
#2437 = PLANE('',#2438);
#2438 = AXIS2_PLACEMENT_3D('',#2439,#2440,#2441);
#2439 = CARTESIAN_POINT('',(-15.93822500631,39.684490883857,59.2));
#2440 = DIRECTION('',(-0.987688340595,0.15643446504,5.828670879282E-16)
  );
#2441 = DIRECTION('',(-0.15643446504,-0.987688340595,1.665334536938E-16)
  );
#2442 = DEFINITIONAL_REPRESENTATION('',(#2443),#2447);
#2443 = LINE('',#2444,#2445);
#2444 = CARTESIAN_POINT('',(0.,-20.));
#2445 = VECTOR('',#2446,1.);
#2446 = DIRECTION('',(-1.,0.));
#2447 = ( GEOMETRIC_REPRESENTATION_CONTEXT(2) 
PARAMETRIC_REPRESENTATION_CONTEXT() REPRESENTATION_CONTEXT('2D SPACE',''
  ) );
#2448 = ORIENTED_EDGE('',*,*,#2449,.T.);
#2449 = EDGE_CURVE('',#2422,#2450,#2452,.T.);
#2450 = VERTEX_POINT('',#2451);
#2451 = CARTESIAN_POINT('',(-15.16123775561,37.994427765239,39.2));
#2452 = SURFACE_CURVE('',#2453,(#2458,#2465),.PCURVE_S1.);
#2453 = CIRCLE('',#2454,19.284210105952);
#2454 = AXIS2_PLACEMENT_3D('',#2455,#2456,#2457);
#2455 = CARTESIAN_POINT('',(1.372235658437E-12,49.911542731881,39.2));
#2456 = DIRECTION('',(5.947623346206E-16,1.110223024625E-16,1.));
#2457 = DIRECTION('',(1.,-9.42935300772E-31,-5.947623346206E-16));
#2458 = PCURVE('',#128,#2459);
#2459 = DEFINITIONAL_REPRESENTATION('',(#2460),#2464);
#2460 = CIRCLE('',#2461,19.284210105952);
#2461 = AXIS2_PLACEMENT_2D('',#2462,#2463);
#2462 = CARTESIAN_POINT('',(1.373123836856E-12,1.040840134299E-12));
#2463 = DIRECTION('',(1.,-1.417484439069E-31));
#2464 = ( GEOMETRIC_REPRESENTATION_CONTEXT(2) 
PARAMETRIC_REPRESENTATION_CONTEXT() REPRESENTATION_CONTEXT('2D SPACE',''
  ) );
#2465 = PCURVE('',#2466,#2471);
#2466 = CYLINDRICAL_SURFACE('',#2467,19.284210105952);
#2467 = AXIS2_PLACEMENT_3D('',#2468,#2469,#2470);
#2468 = CARTESIAN_POINT('',(1.384670156312E-12,49.911542731881,59.2));
#2469 = DIRECTION('',(-5.947623346206E-16,-1.110223024625E-16,-1.));
#2470 = DIRECTION('',(-1.,9.42935300772E-31,5.947623346206E-16));
#2471 = DEFINITIONAL_REPRESENTATION('',(#2472),#2476);
#2472 = LINE('',#2473,#2474);
#2473 = CARTESIAN_POINT('',(9.424777960769,20.));
#2474 = VECTOR('',#2475,1.);
#2475 = DIRECTION('',(-1.,0.));
#2476 = ( GEOMETRIC_REPRESENTATION_CONTEXT(2) 
PARAMETRIC_REPRESENTATION_CONTEXT() REPRESENTATION_CONTEXT('2D SPACE',''
  ) );
#2477 = ORIENTED_EDGE('',*,*,#2478,.T.);
#2478 = EDGE_CURVE('',#2450,#2479,#2481,.T.);
#2479 = VERTEX_POINT('',#2480);
#2480 = CARTESIAN_POINT('',(-14.14213562373,37.833017844447,39.2));
#2481 = SURFACE_CURVE('',#2482,(#2486,#2493),.PCURVE_S1.);
#2482 = LINE('',#2483,#2484);
#2483 = CARTESIAN_POINT('',(-14.65168668967,37.913722804843,39.2));
#2484 = VECTOR('',#2485,1.);
#2485 = DIRECTION('',(0.987688340595,-0.15643446504,-5.828670879282E-16)
  );
#2486 = PCURVE('',#128,#2487);
#2487 = DEFINITIONAL_REPRESENTATION('',(#2488),#2492);
#2488 = LINE('',#2489,#2490);
#2489 = CARTESIAN_POINT('',(-14.65168668967,-11.99781992703));
#2490 = VECTOR('',#2491,1.);
#2491 = DIRECTION('',(0.987688340595,-0.15643446504));
#2492 = ( GEOMETRIC_REPRESENTATION_CONTEXT(2) 
PARAMETRIC_REPRESENTATION_CONTEXT() REPRESENTATION_CONTEXT('2D SPACE',''
  ) );
#2493 = PCURVE('',#2494,#2499);
#2494 = PLANE('',#2495);
#2495 = AXIS2_PLACEMENT_3D('',#2496,#2497,#2498);
#2496 = CARTESIAN_POINT('',(-14.65168668967,37.913722804843,59.2));
#2497 = DIRECTION('',(0.15643446504,0.987688340595,-1.665334536938E-16)
  );
#2498 = DIRECTION('',(-0.987688340595,0.15643446504,5.828670879282E-16)
  );
#2499 = DEFINITIONAL_REPRESENTATION('',(#2500),#2504);
#2500 = LINE('',#2501,#2502);
#2501 = CARTESIAN_POINT('',(0.,-20.));
#2502 = VECTOR('',#2503,1.);
#2503 = DIRECTION('',(-1.,0.));
#2504 = ( GEOMETRIC_REPRESENTATION_CONTEXT(2) 
PARAMETRIC_REPRESENTATION_CONTEXT() REPRESENTATION_CONTEXT('2D SPACE',''
  ) );
#2505 = ORIENTED_EDGE('',*,*,#2506,.F.);
#2506 = EDGE_CURVE('',#2507,#2479,#2509,.T.);
#2507 = VERTEX_POINT('',#2508);
#2508 = CARTESIAN_POINT('',(-14.14213562373,36.801212476298,39.2));
#2509 = SURFACE_CURVE('',#2510,(#2514,#2521),.PCURVE_S1.);
#2510 = LINE('',#2511,#2512);
#2511 = CARTESIAN_POINT('',(-14.14213562373,37.317115160372,39.2));
#2512 = VECTOR('',#2513,1.);
#2513 = DIRECTION('',(6.902532920684E-31,1.,-1.110223024625E-16));
#2514 = PCURVE('',#128,#2515);
#2515 = DEFINITIONAL_REPRESENTATION('',(#2516),#2520);
#2516 = LINE('',#2517,#2518);
#2517 = CARTESIAN_POINT('',(-14.14213562373,-12.5944275715));
#2518 = VECTOR('',#2519,1.);
#2519 = DIRECTION('',(-1.54074395551E-31,1.));
#2520 = ( GEOMETRIC_REPRESENTATION_CONTEXT(2) 
PARAMETRIC_REPRESENTATION_CONTEXT() REPRESENTATION_CONTEXT('2D SPACE',''
  ) );
#2521 = PCURVE('',#2522,#2527);
#2522 = PLANE('',#2523);
#2523 = AXIS2_PLACEMENT_3D('',#2524,#2525,#2526);
#2524 = CARTESIAN_POINT('',(-14.14213562373,37.317115160372,59.2));
#2525 = DIRECTION('',(-1.,9.42935300772E-31,5.947623346206E-16));
#2526 = DIRECTION('',(5.947623346206E-16,1.110223024625E-16,1.));
#2527 = DEFINITIONAL_REPRESENTATION('',(#2528),#2532);
#2528 = LINE('',#2529,#2530);
#2529 = CARTESIAN_POINT('',(-20.,-3.552713678801E-15));
#2530 = VECTOR('',#2531,1.);
#2531 = DIRECTION('',(0.,1.));
#2532 = ( GEOMETRIC_REPRESENTATION_CONTEXT(2) 
PARAMETRIC_REPRESENTATION_CONTEXT() REPRESENTATION_CONTEXT('2D SPACE',''
  ) );
#2533 = ORIENTED_EDGE('',*,*,#2534,.T.);
#2534 = EDGE_CURVE('',#2507,#2535,#2537,.T.);
#2535 = VERTEX_POINT('',#2536);
#2536 = CARTESIAN_POINT('',(-13.11033025558,35.769407108149,39.2));
#2537 = SURFACE_CURVE('',#2538,(#2543,#2550),.PCURVE_S1.);
#2538 = CIRCLE('',#2539,19.284210105952);
#2539 = AXIS2_PLACEMENT_3D('',#2540,#2541,#2542);
#2540 = CARTESIAN_POINT('',(1.423750006779E-12,49.911542731882,39.2));
#2541 = DIRECTION('',(5.947623346206E-16,1.110223024625E-16,1.));
#2542 = DIRECTION('',(1.,-9.42935300772E-31,-5.947623346206E-16));
#2543 = PCURVE('',#128,#2544);
#2544 = DEFINITIONAL_REPRESENTATION('',(#2545),#2549);
#2545 = CIRCLE('',#2546,19.284210105952);
#2546 = AXIS2_PLACEMENT_2D('',#2547,#2548);
#2547 = CARTESIAN_POINT('',(1.424638185199E-12,1.427753348498E-12));
#2548 = DIRECTION('',(1.,-1.417484439069E-31));
#2549 = ( GEOMETRIC_REPRESENTATION_CONTEXT(2) 
PARAMETRIC_REPRESENTATION_CONTEXT() REPRESENTATION_CONTEXT('2D SPACE',''
  ) );
#2550 = PCURVE('',#2551,#2556);
#2551 = CYLINDRICAL_SURFACE('',#2552,19.284210105952);
#2552 = AXIS2_PLACEMENT_3D('',#2553,#2554,#2555);
#2553 = CARTESIAN_POINT('',(1.436184504655E-12,49.911542731882,59.2));
#2554 = DIRECTION('',(-5.947623346206E-16,-1.110223024625E-16,-1.));
#2555 = DIRECTION('',(-1.,9.42935300772E-31,5.947623346206E-16));
#2556 = DEFINITIONAL_REPRESENTATION('',(#2557),#2561);
#2557 = LINE('',#2558,#2559);
#2558 = CARTESIAN_POINT('',(9.424777960769,20.));
#2559 = VECTOR('',#2560,1.);
#2560 = DIRECTION('',(-1.,0.));
#2561 = ( GEOMETRIC_REPRESENTATION_CONTEXT(2) 
PARAMETRIC_REPRESENTATION_CONTEXT() REPRESENTATION_CONTEXT('2D SPACE',''
  ) );
#2562 = ORIENTED_EDGE('',*,*,#2563,.T.);
#2563 = EDGE_CURVE('',#2535,#2564,#2566,.T.);
#2564 = VERTEX_POINT('',#2565);
#2565 = CARTESIAN_POINT('',(-12.07852488743,35.769407108149,39.2));
#2566 = SURFACE_CURVE('',#2567,(#2571,#2578),.PCURVE_S1.);
#2567 = LINE('',#2568,#2569);
#2568 = CARTESIAN_POINT('',(-12.5944275715,35.769407108149,39.2));
#2569 = VECTOR('',#2570,1.);
#2570 = DIRECTION('',(1.,-9.42935300772E-31,-5.947623346206E-16));
#2571 = PCURVE('',#128,#2572);
#2572 = DEFINITIONAL_REPRESENTATION('',(#2573),#2577);
#2573 = LINE('',#2574,#2575);
#2574 = CARTESIAN_POINT('',(-12.5944275715,-14.14213562373));
#2575 = VECTOR('',#2576,1.);
#2576 = DIRECTION('',(1.,-1.417484439069E-31));
#2577 = ( GEOMETRIC_REPRESENTATION_CONTEXT(2) 
PARAMETRIC_REPRESENTATION_CONTEXT() REPRESENTATION_CONTEXT('2D SPACE',''
  ) );
#2578 = PCURVE('',#2579,#2584);
#2579 = PLANE('',#2580);
#2580 = AXIS2_PLACEMENT_3D('',#2581,#2582,#2583);
#2581 = CARTESIAN_POINT('',(-12.5944275715,35.769407108149,59.2));
#2582 = DIRECTION('',(6.902532920684E-31,1.,-1.110223024625E-16));
#2583 = DIRECTION('',(5.947623346206E-16,1.110223024625E-16,1.));
#2584 = DEFINITIONAL_REPRESENTATION('',(#2585),#2589);
#2585 = LINE('',#2586,#2587);
#2586 = CARTESIAN_POINT('',(-20.,-1.826959668998E-16));
#2587 = VECTOR('',#2588,1.);
#2588 = DIRECTION('',(-7.395570986447E-32,1.));
#2589 = ( GEOMETRIC_REPRESENTATION_CONTEXT(2) 
PARAMETRIC_REPRESENTATION_CONTEXT() REPRESENTATION_CONTEXT('2D SPACE',''
  ) );
#2590 = ORIENTED_EDGE('',*,*,#2591,.F.);
#2591 = EDGE_CURVE('',#2592,#2564,#2594,.T.);
#2592 = VERTEX_POINT('',#2593);
#2593 = CARTESIAN_POINT('',(-11.91711496664,34.750304976265,39.2));
#2594 = SURFACE_CURVE('',#2595,(#2599,#2606),.PCURVE_S1.);
#2595 = LINE('',#2596,#2597);
#2596 = CARTESIAN_POINT('',(-11.99781992703,35.259856042207,39.2));
#2597 = VECTOR('',#2598,1.);
#2598 = DIRECTION('',(-0.15643446504,0.987688340595,-5.551115123126E-17)
  );
#2599 = PCURVE('',#128,#2600);
#2600 = DEFINITIONAL_REPRESENTATION('',(#2601),#2605);
#2601 = LINE('',#2602,#2603);
#2602 = CARTESIAN_POINT('',(-11.99781992703,-14.65168668967));
#2603 = VECTOR('',#2604,1.);
#2604 = DIRECTION('',(-0.15643446504,0.987688340595));
#2605 = ( GEOMETRIC_REPRESENTATION_CONTEXT(2) 
PARAMETRIC_REPRESENTATION_CONTEXT() REPRESENTATION_CONTEXT('2D SPACE',''
  ) );
#2606 = PCURVE('',#2607,#2612);
#2607 = PLANE('',#2608);
#2608 = AXIS2_PLACEMENT_3D('',#2609,#2610,#2611);
#2609 = CARTESIAN_POINT('',(-11.99781992703,35.259856042207,59.2));
#2610 = DIRECTION('',(-0.987688340595,-0.15643446504,5.96744875736E-16)
  );
#2611 = DIRECTION('',(0.15643446504,-0.987688340595,5.551115123126E-17)
  );
#2612 = DEFINITIONAL_REPRESENTATION('',(#2613),#2617);
#2613 = LINE('',#2614,#2615);
#2614 = CARTESIAN_POINT('',(0.,-20.));
#2615 = VECTOR('',#2616,1.);
#2616 = DIRECTION('',(-1.,0.));
#2617 = ( GEOMETRIC_REPRESENTATION_CONTEXT(2) 
PARAMETRIC_REPRESENTATION_CONTEXT() REPRESENTATION_CONTEXT('2D SPACE',''
  ) );
#2618 = ORIENTED_EDGE('',*,*,#2619,.T.);
#2619 = EDGE_CURVE('',#2592,#2620,#2622,.T.);
#2620 = VERTEX_POINT('',#2621);
#2621 = CARTESIAN_POINT('',(-10.73660291396,33.892612765173,39.2));
#2622 = SURFACE_CURVE('',#2623,(#2628,#2635),.PCURVE_S1.);
#2623 = CIRCLE('',#2624,19.284210105951);
#2624 = AXIS2_PLACEMENT_3D('',#2625,#2626,#2627);
#2625 = CARTESIAN_POINT('',(4.423128530107E-13,49.911542731881,39.2));
#2626 = DIRECTION('',(5.947623346206E-16,1.110223024625E-16,1.));
#2627 = DIRECTION('',(1.,-9.42935300772E-31,-5.947623346206E-16));
#2628 = PCURVE('',#128,#2629);
#2629 = DEFINITIONAL_REPRESENTATION('',(#2630),#2634);
#2630 = CIRCLE('',#2631,19.284210105951);
#2631 = AXIS2_PLACEMENT_2D('',#2632,#2633);
#2632 = CARTESIAN_POINT('',(4.432010314304E-13,5.825583831772E-13));
#2633 = DIRECTION('',(1.,-1.417484439069E-31));
#2634 = ( GEOMETRIC_REPRESENTATION_CONTEXT(2) 
PARAMETRIC_REPRESENTATION_CONTEXT() REPRESENTATION_CONTEXT('2D SPACE',''
  ) );
#2635 = PCURVE('',#2636,#2641);
#2636 = CYLINDRICAL_SURFACE('',#2637,19.284210105951);
#2637 = AXIS2_PLACEMENT_3D('',#2638,#2639,#2640);
#2638 = CARTESIAN_POINT('',(4.547473508865E-13,49.911542731881,59.2));
#2639 = DIRECTION('',(-5.947623346206E-16,-1.110223024625E-16,-1.));
#2640 = DIRECTION('',(-1.,9.42935300772E-31,5.947623346206E-16));
#2641 = DEFINITIONAL_REPRESENTATION('',(#2642),#2646);
#2642 = LINE('',#2643,#2644);
#2643 = CARTESIAN_POINT('',(9.424777960769,20.));
#2644 = VECTOR('',#2645,1.);
#2645 = DIRECTION('',(-1.,0.));
#2646 = ( GEOMETRIC_REPRESENTATION_CONTEXT(2) 
PARAMETRIC_REPRESENTATION_CONTEXT() REPRESENTATION_CONTEXT('2D SPACE',''
  ) );
#2647 = ORIENTED_EDGE('',*,*,#2648,.T.);
#2648 = EDGE_CURVE('',#2620,#2649,#2651,.T.);
#2649 = VERTEX_POINT('',#2650);
#2650 = CARTESIAN_POINT('',(-9.717500782081,34.054022685965,39.2));
#2651 = SURFACE_CURVE('',#2652,(#2656,#2663),.PCURVE_S1.);
#2652 = LINE('',#2653,#2654);
#2653 = CARTESIAN_POINT('',(-10.22705184802,33.973317725569,39.2));
#2654 = VECTOR('',#2655,1.);
#2655 = DIRECTION('',(0.987688340595,0.15643446504,-5.96744875736E-16));
#2656 = PCURVE('',#128,#2657);
#2657 = DEFINITIONAL_REPRESENTATION('',(#2658),#2662);
#2658 = LINE('',#2659,#2660);
#2659 = CARTESIAN_POINT('',(-10.22705184802,-15.93822500631));
#2660 = VECTOR('',#2661,1.);
#2661 = DIRECTION('',(0.987688340595,0.15643446504));
#2662 = ( GEOMETRIC_REPRESENTATION_CONTEXT(2) 
PARAMETRIC_REPRESENTATION_CONTEXT() REPRESENTATION_CONTEXT('2D SPACE',''
  ) );
#2663 = PCURVE('',#2664,#2669);
#2664 = PLANE('',#2665);
#2665 = AXIS2_PLACEMENT_3D('',#2666,#2667,#2668);
#2666 = CARTESIAN_POINT('',(-10.22705184802,33.973317725569,59.2));
#2667 = DIRECTION('',(-0.15643446504,0.987688340595,-5.551115123126E-17)
  );
#2668 = DIRECTION('',(-0.987688340595,-0.15643446504,5.96744875736E-16)
  );
#2669 = DEFINITIONAL_REPRESENTATION('',(#2670),#2674);
#2670 = LINE('',#2671,#2672);
#2671 = CARTESIAN_POINT('',(4.440892098501E-16,-20.));
#2672 = VECTOR('',#2673,1.);
#2673 = DIRECTION('',(-1.,1.387778780781E-17));
#2674 = ( GEOMETRIC_REPRESENTATION_CONTEXT(2) 
PARAMETRIC_REPRESENTATION_CONTEXT() REPRESENTATION_CONTEXT('2D SPACE',''
  ) );
#2675 = ORIENTED_EDGE('',*,*,#2676,.F.);
#2676 = EDGE_CURVE('',#2677,#2649,#2679,.T.);
#2677 = VERTEX_POINT('',#2678);
#2678 = CARTESIAN_POINT('',(-9.398655388436,33.072717467039,39.2));
#2679 = SURFACE_CURVE('',#2680,(#2684,#2691),.PCURVE_S1.);
#2680 = LINE('',#2681,#2682);
#2681 = CARTESIAN_POINT('',(-9.558078085259,33.563370076502,39.2));
#2682 = VECTOR('',#2683,1.);
#2683 = DIRECTION('',(-0.309016994375,0.951056516295,1.110223024625E-16)
  );
#2684 = PCURVE('',#128,#2685);
#2685 = DEFINITIONAL_REPRESENTATION('',(#2686),#2690);
#2686 = LINE('',#2687,#2688);
#2687 = CARTESIAN_POINT('',(-9.558078085259,-16.34817265537));
#2688 = VECTOR('',#2689,1.);
#2689 = DIRECTION('',(-0.309016994375,0.951056516295));
#2690 = ( GEOMETRIC_REPRESENTATION_CONTEXT(2) 
PARAMETRIC_REPRESENTATION_CONTEXT() REPRESENTATION_CONTEXT('2D SPACE',''
  ) );
#2691 = PCURVE('',#2692,#2697);
#2692 = PLANE('',#2693);
#2693 = AXIS2_PLACEMENT_3D('',#2694,#2695,#2696);
#2694 = CARTESIAN_POINT('',(-9.558078085259,33.563370076502,59.2));
#2695 = DIRECTION('',(-0.951056516295,-0.309016994375,5.828670879282E-16
    ));
#2696 = DIRECTION('',(0.309016994375,-0.951056516295,-1.110223024625E-16
    ));
#2697 = DEFINITIONAL_REPRESENTATION('',(#2698),#2702);
#2698 = LINE('',#2699,#2700);
#2699 = CARTESIAN_POINT('',(3.552713678801E-15,-20.));
#2700 = VECTOR('',#2701,1.);
#2701 = DIRECTION('',(-1.,5.551115123126E-17));
#2702 = ( GEOMETRIC_REPRESENTATION_CONTEXT(2) 
PARAMETRIC_REPRESENTATION_CONTEXT() REPRESENTATION_CONTEXT('2D SPACE',''
  ) );
#2703 = ORIENTED_EDGE('',*,*,#2704,.T.);
#2704 = EDGE_CURVE('',#2677,#2705,#2707,.T.);
#2705 = VERTEX_POINT('',#2706);
#2706 = CARTESIAN_POINT('',(-8.098504775865,32.410257641758,39.2));
#2707 = SURFACE_CURVE('',#2708,(#2713,#2720),.PCURVE_S1.);
#2708 = CIRCLE('',#2709,19.284210105952);
#2709 = AXIS2_PLACEMENT_3D('',#2710,#2711,#2712);
#2710 = CARTESIAN_POINT('',(6.838973831691E-13,49.911542731881,39.2));
#2711 = DIRECTION('',(5.947623346206E-16,1.110223024625E-16,1.));
#2712 = DIRECTION('',(1.,-9.42935300772E-31,-5.947623346206E-16));
#2713 = PCURVE('',#128,#2714);
#2714 = DEFINITIONAL_REPRESENTATION('',(#2715),#2719);
#2715 = CIRCLE('',#2716,19.284210105952);
#2716 = AXIS2_PLACEMENT_2D('',#2717,#2718);
#2717 = CARTESIAN_POINT('',(6.847855615888E-13,1.30832981358E-12));
#2718 = DIRECTION('',(1.,-1.417484439069E-31));
#2719 = ( GEOMETRIC_REPRESENTATION_CONTEXT(2) 
PARAMETRIC_REPRESENTATION_CONTEXT() REPRESENTATION_CONTEXT('2D SPACE',''
  ) );
#2720 = PCURVE('',#2721,#2726);
#2721 = CYLINDRICAL_SURFACE('',#2722,19.284210105952);
#2722 = AXIS2_PLACEMENT_3D('',#2723,#2724,#2725);
#2723 = CARTESIAN_POINT('',(6.963318810449E-13,49.911542731881,59.2));
#2724 = DIRECTION('',(-5.947623346206E-16,-1.110223024625E-16,-1.));
#2725 = DIRECTION('',(-1.,9.42935300772E-31,5.947623346206E-16));
#2726 = DEFINITIONAL_REPRESENTATION('',(#2727),#2731);
#2727 = LINE('',#2728,#2729);
#2728 = CARTESIAN_POINT('',(9.424777960769,20.));
#2729 = VECTOR('',#2730,1.);
#2730 = DIRECTION('',(-1.,0.));
#2731 = ( GEOMETRIC_REPRESENTATION_CONTEXT(2) 
PARAMETRIC_REPRESENTATION_CONTEXT() REPRESENTATION_CONTEXT('2D SPACE',''
  ) );
#2732 = ORIENTED_EDGE('',*,*,#2733,.T.);
#2733 = EDGE_CURVE('',#2705,#2734,#2736,.T.);
#2734 = VERTEX_POINT('',#2735);
#2735 = CARTESIAN_POINT('',(-7.117199556939,32.729103035403,39.2));
#2736 = SURFACE_CURVE('',#2737,(#2741,#2748),.PCURVE_S1.);
#2737 = LINE('',#2738,#2739);
#2738 = CARTESIAN_POINT('',(-7.607852166402,32.569680338581,39.2));
#2739 = VECTOR('',#2740,1.);
#2740 = DIRECTION('',(0.951056516295,0.309016994375,-5.828670879282E-16)
  );
#2741 = PCURVE('',#128,#2742);
#2742 = DEFINITIONAL_REPRESENTATION('',(#2743),#2747);
#2743 = LINE('',#2744,#2745);
#2744 = CARTESIAN_POINT('',(-7.607852166402,-17.3418623933));
#2745 = VECTOR('',#2746,1.);
#2746 = DIRECTION('',(0.951056516295,0.309016994375));
#2747 = ( GEOMETRIC_REPRESENTATION_CONTEXT(2) 
PARAMETRIC_REPRESENTATION_CONTEXT() REPRESENTATION_CONTEXT('2D SPACE',''
  ) );
#2748 = PCURVE('',#2749,#2754);
#2749 = PLANE('',#2750);
#2750 = AXIS2_PLACEMENT_3D('',#2751,#2752,#2753);
#2751 = CARTESIAN_POINT('',(-7.607852166402,32.569680338581,59.2));
#2752 = DIRECTION('',(-0.309016994375,0.951056516295,1.110223024625E-16)
  );
#2753 = DIRECTION('',(-0.951056516295,-0.309016994375,5.828670879282E-16
    ));
#2754 = DEFINITIONAL_REPRESENTATION('',(#2755),#2759);
#2755 = LINE('',#2756,#2757);
#2756 = CARTESIAN_POINT('',(4.440892098501E-16,-20.));
#2757 = VECTOR('',#2758,1.);
#2758 = DIRECTION('',(-1.,2.775557561563E-17));
#2759 = ( GEOMETRIC_REPRESENTATION_CONTEXT(2) 
PARAMETRIC_REPRESENTATION_CONTEXT() REPRESENTATION_CONTEXT('2D SPACE',''
  ) );
#2760 = ORIENTED_EDGE('',*,*,#2761,.F.);
#2761 = EDGE_CURVE('',#2762,#2734,#2764,.T.);
#2762 = VERTEX_POINT('',#2763);
#2763 = CARTESIAN_POINT('',(-6.648769722219,31.80975772069,39.2));
#2764 = SURFACE_CURVE('',#2765,(#2769,#2776),.PCURVE_S1.);
#2765 = LINE('',#2766,#2767);
#2766 = CARTESIAN_POINT('',(-6.882984639579,32.269430378047,39.2));
#2767 = VECTOR('',#2768,1.);
#2768 = DIRECTION('',(-0.45399049974,0.891006524188,1.110223024625E-16)
  );
#2769 = PCURVE('',#128,#2770);
#2770 = DEFINITIONAL_REPRESENTATION('',(#2771),#2775);
#2771 = LINE('',#2772,#2773);
#2772 = CARTESIAN_POINT('',(-6.882984639579,-17.64211235383));
#2773 = VECTOR('',#2774,1.);
#2774 = DIRECTION('',(-0.45399049974,0.891006524188));
#2775 = ( GEOMETRIC_REPRESENTATION_CONTEXT(2) 
PARAMETRIC_REPRESENTATION_CONTEXT() REPRESENTATION_CONTEXT('2D SPACE',''
  ) );
#2776 = PCURVE('',#2777,#2782);
#2777 = PLANE('',#2778);
#2778 = AXIS2_PLACEMENT_3D('',#2779,#2780,#2781);
#2779 = CARTESIAN_POINT('',(-6.882984639579,32.269430378047,59.2));
#2780 = DIRECTION('',(-0.891006524188,-0.45399049974,5.828670879282E-16)
  );
#2781 = DIRECTION('',(0.45399049974,-0.891006524188,-1.110223024625E-16)
  );
#2782 = DEFINITIONAL_REPRESENTATION('',(#2783),#2787);
#2783 = LINE('',#2784,#2785);
#2784 = CARTESIAN_POINT('',(1.7763568394E-15,-20.));
#2785 = VECTOR('',#2786,1.);
#2786 = DIRECTION('',(-1.,0.));
#2787 = ( GEOMETRIC_REPRESENTATION_CONTEXT(2) 
PARAMETRIC_REPRESENTATION_CONTEXT() REPRESENTATION_CONTEXT('2D SPACE',''
  ) );
#2788 = ORIENTED_EDGE('',*,*,#2789,.T.);
#2789 = EDGE_CURVE('',#2762,#2790,#2792,.T.);
#2790 = VERTEX_POINT('',#2791);
#2791 = CARTESIAN_POINT('',(-5.260994572786,31.358842240697,39.2));
#2792 = SURFACE_CURVE('',#2793,(#2798,#2805),.PCURVE_S1.);
#2793 = CIRCLE('',#2794,19.284210105952);
#2794 = AXIS2_PLACEMENT_3D('',#2795,#2796,#2797);
#2795 = CARTESIAN_POINT('',(4.94715379773E-13,49.911542731882,39.2));
#2796 = DIRECTION('',(5.947623346206E-16,1.110223024625E-16,1.));
#2797 = DIRECTION('',(1.,-9.42935300772E-31,-5.947623346206E-16));
#2798 = PCURVE('',#128,#2799);
#2799 = DEFINITIONAL_REPRESENTATION('',(#2800),#2804);
#2800 = CIRCLE('',#2801,19.284210105952);
#2801 = AXIS2_PLACEMENT_2D('',#2802,#2803);
#2802 = CARTESIAN_POINT('',(4.956035581927E-13,1.830526237569E-12));
#2803 = DIRECTION('',(1.,-1.417484439069E-31));
#2804 = ( GEOMETRIC_REPRESENTATION_CONTEXT(2) 
PARAMETRIC_REPRESENTATION_CONTEXT() REPRESENTATION_CONTEXT('2D SPACE',''
  ) );
#2805 = PCURVE('',#2806,#2811);
#2806 = CYLINDRICAL_SURFACE('',#2807,19.284210105952);
#2807 = AXIS2_PLACEMENT_3D('',#2808,#2809,#2810);
#2808 = CARTESIAN_POINT('',(5.071498776488E-13,49.911542731882,59.2));
#2809 = DIRECTION('',(-5.947623346206E-16,-1.110223024625E-16,-1.));
#2810 = DIRECTION('',(-1.,9.42935300772E-31,5.947623346206E-16));
#2811 = DEFINITIONAL_REPRESENTATION('',(#2812),#2816);
#2812 = LINE('',#2813,#2814);
#2813 = CARTESIAN_POINT('',(9.424777960769,20.));
#2814 = VECTOR('',#2815,1.);
#2815 = DIRECTION('',(-1.,0.));
#2816 = ( GEOMETRIC_REPRESENTATION_CONTEXT(2) 
PARAMETRIC_REPRESENTATION_CONTEXT() REPRESENTATION_CONTEXT('2D SPACE',''
  ) );
#2817 = ORIENTED_EDGE('',*,*,#2818,.T.);
#2818 = EDGE_CURVE('',#2790,#2819,#2821,.T.);
#2819 = VERTEX_POINT('',#2820);
#2820 = CARTESIAN_POINT('',(-4.341649258073,31.827272075417,39.2));
#2821 = SURFACE_CURVE('',#2822,(#2826,#2833),.PCURVE_S1.);
#2822 = LINE('',#2823,#2824);
#2823 = CARTESIAN_POINT('',(-4.801321915429,31.593057158057,39.2));
#2824 = VECTOR('',#2825,1.);
#2825 = DIRECTION('',(0.891006524188,0.45399049974,-5.828670879282E-16)
  );
#2826 = PCURVE('',#128,#2827);
#2827 = DEFINITIONAL_REPRESENTATION('',(#2828),#2832);
#2828 = LINE('',#2829,#2830);
#2829 = CARTESIAN_POINT('',(-4.801321915429,-18.31848557382));
#2830 = VECTOR('',#2831,1.);
#2831 = DIRECTION('',(0.891006524188,0.45399049974));
#2832 = ( GEOMETRIC_REPRESENTATION_CONTEXT(2) 
PARAMETRIC_REPRESENTATION_CONTEXT() REPRESENTATION_CONTEXT('2D SPACE',''
  ) );
#2833 = PCURVE('',#2834,#2839);
#2834 = PLANE('',#2835);
#2835 = AXIS2_PLACEMENT_3D('',#2836,#2837,#2838);
#2836 = CARTESIAN_POINT('',(-4.801321915429,31.593057158057,59.2));
#2837 = DIRECTION('',(-0.45399049974,0.891006524188,1.110223024625E-16)
  );
#2838 = DIRECTION('',(-0.891006524188,-0.45399049974,5.828670879282E-16)
  );
#2839 = DEFINITIONAL_REPRESENTATION('',(#2840),#2844);
#2840 = LINE('',#2841,#2842);
#2841 = CARTESIAN_POINT('',(8.881784197001E-16,-20.));
#2842 = VECTOR('',#2843,1.);
#2843 = DIRECTION('',(-1.,0.));
#2844 = ( GEOMETRIC_REPRESENTATION_CONTEXT(2) 
PARAMETRIC_REPRESENTATION_CONTEXT() REPRESENTATION_CONTEXT('2D SPACE',''
  ) );
#2845 = ORIENTED_EDGE('',*,*,#2846,.F.);
#2846 = EDGE_CURVE('',#2847,#2819,#2849,.T.);
#2847 = VERTEX_POINT('',#2848);
#2848 = CARTESIAN_POINT('',(-3.735169279439,30.992523997697,39.2));
#2849 = SURFACE_CURVE('',#2850,(#2854,#2861),.PCURVE_S1.);
#2850 = LINE('',#2851,#2852);
#2851 = CARTESIAN_POINT('',(-4.038409268756,31.409898036557,39.2));
#2852 = VECTOR('',#2853,1.);
#2853 = DIRECTION('',(-0.587785252292,0.809016994375,2.775557561563E-16)
  );
#2854 = PCURVE('',#128,#2855);
#2855 = DEFINITIONAL_REPRESENTATION('',(#2856),#2860);
#2856 = LINE('',#2857,#2858);
#2857 = CARTESIAN_POINT('',(-4.038409268756,-18.50164469532));
#2858 = VECTOR('',#2859,1.);
#2859 = DIRECTION('',(-0.587785252292,0.809016994375));
#2860 = ( GEOMETRIC_REPRESENTATION_CONTEXT(2) 
PARAMETRIC_REPRESENTATION_CONTEXT() REPRESENTATION_CONTEXT('2D SPACE',''
  ) );
#2861 = PCURVE('',#2862,#2867);
#2862 = PLANE('',#2863);
#2863 = AXIS2_PLACEMENT_3D('',#2864,#2865,#2866);
#2864 = CARTESIAN_POINT('',(-4.038409268756,31.409898036557,59.2));
#2865 = DIRECTION('',(-0.809016994375,-0.587785252292,5.551115123126E-16
    ));
#2866 = DIRECTION('',(0.587785252292,-0.809016994375,-2.775557561563E-16
    ));
#2867 = DEFINITIONAL_REPRESENTATION('',(#2868),#2872);
#2868 = LINE('',#2869,#2870);
#2869 = CARTESIAN_POINT('',(1.7763568394E-15,-20.));
#2870 = VECTOR('',#2871,1.);
#2871 = DIRECTION('',(-1.,5.551115123126E-17));
#2872 = ( GEOMETRIC_REPRESENTATION_CONTEXT(2) 
PARAMETRIC_REPRESENTATION_CONTEXT() REPRESENTATION_CONTEXT('2D SPACE',''
  ) );
#2873 = ORIENTED_EDGE('',*,*,#2874,.T.);
#2874 = EDGE_CURVE('',#2847,#2875,#2877,.T.);
#2875 = VERTEX_POINT('',#2876);
#2876 = CARTESIAN_POINT('',(-2.293941223085,30.764255898611,39.2));
#2877 = SURFACE_CURVE('',#2878,(#2883,#2890),.PCURVE_S1.);
#2878 = CIRCLE('',#2879,19.284210105953);
#2879 = AXIS2_PLACEMENT_3D('',#2880,#2881,#2882);
#2880 = CARTESIAN_POINT('',(5.027089855503E-13,49.911542731883,39.2));
#2881 = DIRECTION('',(5.947623346206E-16,1.110223024625E-16,1.));
#2882 = DIRECTION('',(1.,-9.42935300772E-31,-5.947623346206E-16));
#2883 = PCURVE('',#128,#2884);
#2884 = DEFINITIONAL_REPRESENTATION('',(#2885),#2889);
#2885 = CIRCLE('',#2886,19.284210105953);
#2886 = AXIS2_PLACEMENT_2D('',#2887,#2888);
#2887 = CARTESIAN_POINT('',(5.0359716397E-13,2.896932241014E-12));
#2888 = DIRECTION('',(1.,-1.417484439069E-31));
#2889 = ( GEOMETRIC_REPRESENTATION_CONTEXT(2) 
PARAMETRIC_REPRESENTATION_CONTEXT() REPRESENTATION_CONTEXT('2D SPACE',''
  ) );
#2890 = PCURVE('',#2891,#2896);
#2891 = CYLINDRICAL_SURFACE('',#2892,19.284210105953);
#2892 = AXIS2_PLACEMENT_3D('',#2893,#2894,#2895);
#2893 = CARTESIAN_POINT('',(5.151434834261E-13,49.911542731883,59.2));
#2894 = DIRECTION('',(-5.947623346206E-16,-1.110223024625E-16,-1.));
#2895 = DIRECTION('',(-1.,9.42935300772E-31,5.947623346206E-16));
#2896 = DEFINITIONAL_REPRESENTATION('',(#2897),#2901);
#2897 = LINE('',#2898,#2899);
#2898 = CARTESIAN_POINT('',(9.424777960769,20.));
#2899 = VECTOR('',#2900,1.);
#2900 = DIRECTION('',(-1.,0.));
#2901 = ( GEOMETRIC_REPRESENTATION_CONTEXT(2) 
PARAMETRIC_REPRESENTATION_CONTEXT() REPRESENTATION_CONTEXT('2D SPACE',''
  ) );
#2902 = ORIENTED_EDGE('',*,*,#2903,.T.);
#2903 = EDGE_CURVE('',#2875,#2904,#2906,.T.);
#2904 = VERTEX_POINT('',#2905);
#2905 = CARTESIAN_POINT('',(-1.459193145365,31.370735877245,39.2));
#2906 = SURFACE_CURVE('',#2907,(#2911,#2918),.PCURVE_S1.);
#2907 = LINE('',#2908,#2909);
#2908 = CARTESIAN_POINT('',(-1.876567184225,31.067495887928,39.2));
#2909 = VECTOR('',#2910,1.);
#2910 = DIRECTION('',(0.809016994375,0.587785252292,-5.551115123126E-16)
  );
#2911 = PCURVE('',#128,#2912);
#2912 = DEFINITIONAL_REPRESENTATION('',(#2913),#2917);
#2913 = LINE('',#2914,#2915);
#2914 = CARTESIAN_POINT('',(-1.876567184225,-18.84404684395));
#2915 = VECTOR('',#2916,1.);
#2916 = DIRECTION('',(0.809016994375,0.587785252292));
#2917 = ( GEOMETRIC_REPRESENTATION_CONTEXT(2) 
PARAMETRIC_REPRESENTATION_CONTEXT() REPRESENTATION_CONTEXT('2D SPACE',''
  ) );
#2918 = PCURVE('',#2919,#2924);
#2919 = PLANE('',#2920);
#2920 = AXIS2_PLACEMENT_3D('',#2921,#2922,#2923);
#2921 = CARTESIAN_POINT('',(-1.876567184225,31.067495887928,59.2));
#2922 = DIRECTION('',(-0.587785252292,0.809016994375,2.775557561563E-16)
  );
#2923 = DIRECTION('',(-0.809016994375,-0.587785252292,5.551115123126E-16
    ));
#2924 = DEFINITIONAL_REPRESENTATION('',(#2925),#2929);
#2925 = LINE('',#2926,#2927);
#2926 = CARTESIAN_POINT('',(-8.881784197001E-16,-20.));
#2927 = VECTOR('',#2928,1.);
#2928 = DIRECTION('',(-1.,0.));
#2929 = ( GEOMETRIC_REPRESENTATION_CONTEXT(2) 
PARAMETRIC_REPRESENTATION_CONTEXT() REPRESENTATION_CONTEXT('2D SPACE',''
  ) );
#2930 = ORIENTED_EDGE('',*,*,#2931,.F.);
#2931 = EDGE_CURVE('',#2932,#2904,#2934,.T.);
#2932 = VERTEX_POINT('',#2933);
#2933 = CARTESIAN_POINT('',(-0.729596572683,30.641139304563,39.2));
#2934 = SURFACE_CURVE('',#2935,(#2939,#2946),.PCURVE_S1.);
#2935 = LINE('',#2936,#2937);
#2936 = CARTESIAN_POINT('',(-1.094394859024,31.005937590904,39.2));
#2937 = VECTOR('',#2938,1.);
#2938 = DIRECTION('',(-0.707106781187,0.707106781187,3.885780586188E-16)
  );
#2939 = PCURVE('',#128,#2940);
#2940 = DEFINITIONAL_REPRESENTATION('',(#2941),#2945);
#2941 = LINE('',#2942,#2943);
#2942 = CARTESIAN_POINT('',(-1.094394859024,-18.90560514097));
#2943 = VECTOR('',#2944,1.);
#2944 = DIRECTION('',(-0.707106781187,0.707106781187));
#2945 = ( GEOMETRIC_REPRESENTATION_CONTEXT(2) 
PARAMETRIC_REPRESENTATION_CONTEXT() REPRESENTATION_CONTEXT('2D SPACE',''
  ) );
#2946 = PCURVE('',#2947,#2952);
#2947 = PLANE('',#2948);
#2948 = AXIS2_PLACEMENT_3D('',#2949,#2950,#2951);
#2949 = CARTESIAN_POINT('',(-1.094394859024,31.005937590904,59.2));
#2950 = DIRECTION('',(-0.707106781187,-0.707106781187,4.996003610813E-16
    ));
#2951 = DIRECTION('',(0.707106781187,-0.707106781187,-3.885780586188E-16
    ));
#2952 = DEFINITIONAL_REPRESENTATION('',(#2953),#2957);
#2953 = LINE('',#2954,#2955);
#2954 = CARTESIAN_POINT('',(0.,-20.));
#2955 = VECTOR('',#2956,1.);
#2956 = DIRECTION('',(-1.,5.551115123126E-17));
#2957 = ( GEOMETRIC_REPRESENTATION_CONTEXT(2) 
PARAMETRIC_REPRESENTATION_CONTEXT() REPRESENTATION_CONTEXT('2D SPACE',''
  ) );
#2958 = ORIENTED_EDGE('',*,*,#2959,.T.);
#2959 = EDGE_CURVE('',#2932,#2960,#2962,.T.);
#2960 = VERTEX_POINT('',#2961);
#2961 = CARTESIAN_POINT('',(0.729596572683,30.641139304563,39.2));
#2962 = SURFACE_CURVE('',#2963,(#2968,#2975),.PCURVE_S1.);
#2963 = CIRCLE('',#2964,19.284210105954);
#2964 = AXIS2_PLACEMENT_3D('',#2965,#2966,#2967);
#2965 = CARTESIAN_POINT('',(-4.440892098501E-15,49.911542731883,39.2));
#2966 = DIRECTION('',(5.947623346206E-16,1.110223024625E-16,1.));
#2967 = DIRECTION('',(1.,-9.42935300772E-31,-5.947623346206E-16));
#2968 = PCURVE('',#128,#2969);
#2969 = DEFINITIONAL_REPRESENTATION('',(#2970),#2974);
#2970 = CIRCLE('',#2971,19.284210105954);
#2971 = AXIS2_PLACEMENT_2D('',#2972,#2973);
#2972 = CARTESIAN_POINT('',(-3.552713678801E-15,3.302781870383E-12));
#2973 = DIRECTION('',(1.,-1.417484439069E-31));
#2974 = ( GEOMETRIC_REPRESENTATION_CONTEXT(2) 
PARAMETRIC_REPRESENTATION_CONTEXT() REPRESENTATION_CONTEXT('2D SPACE',''
  ) );
#2975 = PCURVE('',#2976,#2981);
#2976 = CYLINDRICAL_SURFACE('',#2977,19.284210105954);
#2977 = AXIS2_PLACEMENT_3D('',#2978,#2979,#2980);
#2978 = CARTESIAN_POINT('',(7.993605777301E-15,49.911542731883,59.2));
#2979 = DIRECTION('',(-5.947623346206E-16,-1.110223024625E-16,-1.));
#2980 = DIRECTION('',(-1.,9.42935300772E-31,5.947623346206E-16));
#2981 = DEFINITIONAL_REPRESENTATION('',(#2982),#2986);
#2982 = LINE('',#2983,#2984);
#2983 = CARTESIAN_POINT('',(9.424777960769,20.));
#2984 = VECTOR('',#2985,1.);
#2985 = DIRECTION('',(-1.,0.));
#2986 = ( GEOMETRIC_REPRESENTATION_CONTEXT(2) 
PARAMETRIC_REPRESENTATION_CONTEXT() REPRESENTATION_CONTEXT('2D SPACE',''
  ) );
#2987 = ORIENTED_EDGE('',*,*,#2988,.T.);
#2988 = EDGE_CURVE('',#2960,#2989,#2991,.T.);
#2989 = VERTEX_POINT('',#2990);
#2990 = CARTESIAN_POINT('',(1.459193145365,31.370735877245,39.2));
#2991 = SURFACE_CURVE('',#2992,(#2996,#3003),.PCURVE_S1.);
#2992 = LINE('',#2993,#2994);
#2993 = CARTESIAN_POINT('',(1.094394859024,31.005937590904,39.2));
#2994 = VECTOR('',#2995,1.);
#2995 = DIRECTION('',(0.707106781187,0.707106781187,-4.996003610813E-16)
  );
#2996 = PCURVE('',#128,#2997);
#2997 = DEFINITIONAL_REPRESENTATION('',(#2998),#3002);
#2998 = LINE('',#2999,#3000);
#2999 = CARTESIAN_POINT('',(1.094394859024,-18.90560514097));
#3000 = VECTOR('',#3001,1.);
#3001 = DIRECTION('',(0.707106781187,0.707106781187));
#3002 = ( GEOMETRIC_REPRESENTATION_CONTEXT(2) 
PARAMETRIC_REPRESENTATION_CONTEXT() REPRESENTATION_CONTEXT('2D SPACE',''
  ) );
#3003 = PCURVE('',#3004,#3009);
#3004 = PLANE('',#3005);
#3005 = AXIS2_PLACEMENT_3D('',#3006,#3007,#3008);
#3006 = CARTESIAN_POINT('',(1.094394859024,31.005937590904,59.2));
#3007 = DIRECTION('',(-0.707106781187,0.707106781187,3.885780586188E-16)
  );
#3008 = DIRECTION('',(-0.707106781187,-0.707106781187,4.996003610813E-16
    ));
#3009 = DEFINITIONAL_REPRESENTATION('',(#3010),#3014);
#3010 = LINE('',#3011,#3012);
#3011 = CARTESIAN_POINT('',(-8.881784197001E-16,-20.));
#3012 = VECTOR('',#3013,1.);
#3013 = DIRECTION('',(-1.,0.));
#3014 = ( GEOMETRIC_REPRESENTATION_CONTEXT(2) 
PARAMETRIC_REPRESENTATION_CONTEXT() REPRESENTATION_CONTEXT('2D SPACE',''
  ) );
#3015 = ORIENTED_EDGE('',*,*,#3016,.F.);
#3016 = EDGE_CURVE('',#3017,#2989,#3019,.T.);
#3017 = VERTEX_POINT('',#3018);
#3018 = CARTESIAN_POINT('',(2.293941223085,30.764255898611,39.2));
#3019 = SURFACE_CURVE('',#3020,(#3024,#3031),.PCURVE_S1.);
#3020 = LINE('',#3021,#3022);
#3021 = CARTESIAN_POINT('',(1.876567184225,31.067495887928,39.2));
#3022 = VECTOR('',#3023,1.);
#3023 = DIRECTION('',(-0.809016994375,0.587785252292,4.440892098501E-16)
  );
#3024 = PCURVE('',#128,#3025);
#3025 = DEFINITIONAL_REPRESENTATION('',(#3026),#3030);
#3026 = LINE('',#3027,#3028);
#3027 = CARTESIAN_POINT('',(1.876567184225,-18.84404684395));
#3028 = VECTOR('',#3029,1.);
#3029 = DIRECTION('',(-0.809016994375,0.587785252292));
#3030 = ( GEOMETRIC_REPRESENTATION_CONTEXT(2) 
PARAMETRIC_REPRESENTATION_CONTEXT() REPRESENTATION_CONTEXT('2D SPACE',''
  ) );
#3031 = PCURVE('',#3032,#3037);
#3032 = PLANE('',#3033);
#3033 = AXIS2_PLACEMENT_3D('',#3034,#3035,#3036);
#3034 = CARTESIAN_POINT('',(1.876567184225,31.067495887928,59.2));
#3035 = DIRECTION('',(-0.587785252292,-0.809016994375,4.440892098501E-16
    ));
#3036 = DIRECTION('',(0.809016994375,-0.587785252292,-4.440892098501E-16
    ));
#3037 = DEFINITIONAL_REPRESENTATION('',(#3038),#3042);
#3038 = LINE('',#3039,#3040);
#3039 = CARTESIAN_POINT('',(1.7763568394E-15,-20.));
#3040 = VECTOR('',#3041,1.);
#3041 = DIRECTION('',(-1.,0.));
#3042 = ( GEOMETRIC_REPRESENTATION_CONTEXT(2) 
PARAMETRIC_REPRESENTATION_CONTEXT() REPRESENTATION_CONTEXT('2D SPACE',''
  ) );
#3043 = ORIENTED_EDGE('',*,*,#3044,.T.);
#3044 = EDGE_CURVE('',#3017,#3045,#3047,.T.);
#3045 = VERTEX_POINT('',#3046);
#3046 = CARTESIAN_POINT('',(3.735169279439,30.992523997697,39.2));
#3047 = SURFACE_CURVE('',#3048,(#3053,#3060),.PCURVE_S1.);
#3048 = CIRCLE('',#3049,19.284210105952);
#3049 = AXIS2_PLACEMENT_3D('',#3050,#3051,#3052);
#3050 = CARTESIAN_POINT('',(-3.677058657559E-13,49.911542731882,39.2));
#3051 = DIRECTION('',(5.947623346206E-16,1.110223024625E-16,1.));
#3052 = DIRECTION('',(1.,-9.42935300772E-31,-5.947623346206E-16));
#3053 = PCURVE('',#128,#3054);
#3054 = DEFINITIONAL_REPRESENTATION('',(#3055),#3059);
#3055 = CIRCLE('',#3056,19.284210105952);
#3056 = AXIS2_PLACEMENT_2D('',#3057,#3058);
#3057 = CARTESIAN_POINT('',(-3.668176873362E-13,2.002381894239E-12));
#3058 = DIRECTION('',(1.,-1.417484439069E-31));
#3059 = ( GEOMETRIC_REPRESENTATION_CONTEXT(2) 
PARAMETRIC_REPRESENTATION_CONTEXT() REPRESENTATION_CONTEXT('2D SPACE',''
  ) );
#3060 = PCURVE('',#3061,#3066);
#3061 = CYLINDRICAL_SURFACE('',#3062,19.284210105952);
#3062 = AXIS2_PLACEMENT_3D('',#3063,#3064,#3065);
#3063 = CARTESIAN_POINT('',(-3.552713678801E-13,49.911542731882,59.2));
#3064 = DIRECTION('',(-5.947623346206E-16,-1.110223024625E-16,-1.));
#3065 = DIRECTION('',(-1.,9.42935300772E-31,5.947623346206E-16));
#3066 = DEFINITIONAL_REPRESENTATION('',(#3067),#3071);
#3067 = LINE('',#3068,#3069);
#3068 = CARTESIAN_POINT('',(9.424777960769,20.));
#3069 = VECTOR('',#3070,1.);
#3070 = DIRECTION('',(-1.,0.));
#3071 = ( GEOMETRIC_REPRESENTATION_CONTEXT(2) 
PARAMETRIC_REPRESENTATION_CONTEXT() REPRESENTATION_CONTEXT('2D SPACE',''
  ) );
#3072 = ORIENTED_EDGE('',*,*,#3073,.T.);
#3073 = EDGE_CURVE('',#3045,#3074,#3076,.T.);
#3074 = VERTEX_POINT('',#3075);
#3075 = CARTESIAN_POINT('',(4.341649258073,31.827272075417,39.2));
#3076 = SURFACE_CURVE('',#3077,(#3081,#3088),.PCURVE_S1.);
#3077 = LINE('',#3078,#3079);
#3078 = CARTESIAN_POINT('',(4.038409268756,31.409898036557,39.2));
#3079 = VECTOR('',#3080,1.);
#3080 = DIRECTION('',(0.587785252292,0.809016994375,-3.885780586188E-16)
  );
#3081 = PCURVE('',#128,#3082);
#3082 = DEFINITIONAL_REPRESENTATION('',(#3083),#3087);
#3083 = LINE('',#3084,#3085);
#3084 = CARTESIAN_POINT('',(4.038409268756,-18.50164469532));
#3085 = VECTOR('',#3086,1.);
#3086 = DIRECTION('',(0.587785252292,0.809016994375));
#3087 = ( GEOMETRIC_REPRESENTATION_CONTEXT(2) 
PARAMETRIC_REPRESENTATION_CONTEXT() REPRESENTATION_CONTEXT('2D SPACE',''
  ) );
#3088 = PCURVE('',#3089,#3094);
#3089 = PLANE('',#3090);
#3090 = AXIS2_PLACEMENT_3D('',#3091,#3092,#3093);
#3091 = CARTESIAN_POINT('',(4.038409268756,31.409898036557,59.2));
#3092 = DIRECTION('',(-0.809016994375,0.587785252292,4.440892098501E-16)
  );
#3093 = DIRECTION('',(-0.587785252292,-0.809016994375,4.440892098501E-16
    ));
#3094 = DEFINITIONAL_REPRESENTATION('',(#3095),#3099);
#3095 = LINE('',#3096,#3097);
#3096 = CARTESIAN_POINT('',(-1.7763568394E-15,-20.));
#3097 = VECTOR('',#3098,1.);
#3098 = DIRECTION('',(-1.,0.));
#3099 = ( GEOMETRIC_REPRESENTATION_CONTEXT(2) 
PARAMETRIC_REPRESENTATION_CONTEXT() REPRESENTATION_CONTEXT('2D SPACE',''
  ) );
#3100 = ORIENTED_EDGE('',*,*,#3101,.F.);
#3101 = EDGE_CURVE('',#3102,#3074,#3104,.T.);
#3102 = VERTEX_POINT('',#3103);
#3103 = CARTESIAN_POINT('',(5.260994572786,31.358842240697,39.2));
#3104 = SURFACE_CURVE('',#3105,(#3109,#3116),.PCURVE_S1.);
#3105 = LINE('',#3106,#3107);
#3106 = CARTESIAN_POINT('',(4.801321915429,31.593057158057,39.2));
#3107 = VECTOR('',#3108,1.);
#3108 = DIRECTION('',(-0.891006524188,0.45399049974,4.996003610813E-16)
  );
#3109 = PCURVE('',#128,#3110);
#3110 = DEFINITIONAL_REPRESENTATION('',(#3111),#3115);
#3111 = LINE('',#3112,#3113);
#3112 = CARTESIAN_POINT('',(4.801321915429,-18.31848557382));
#3113 = VECTOR('',#3114,1.);
#3114 = DIRECTION('',(-0.891006524188,0.45399049974));
#3115 = ( GEOMETRIC_REPRESENTATION_CONTEXT(2) 
PARAMETRIC_REPRESENTATION_CONTEXT() REPRESENTATION_CONTEXT('2D SPACE',''
  ) );
#3116 = PCURVE('',#3117,#3122);
#3117 = PLANE('',#3118);
#3118 = AXIS2_PLACEMENT_3D('',#3119,#3120,#3121);
#3119 = CARTESIAN_POINT('',(4.801321915429,31.593057158057,59.2));
#3120 = DIRECTION('',(-0.45399049974,-0.891006524188,3.885780586188E-16)
  );
#3121 = DIRECTION('',(0.891006524188,-0.45399049974,-4.996003610813E-16)
  );
#3122 = DEFINITIONAL_REPRESENTATION('',(#3123),#3127);
#3123 = LINE('',#3124,#3125);
#3124 = CARTESIAN_POINT('',(1.33226762955E-15,-20.));
#3125 = VECTOR('',#3126,1.);
#3126 = DIRECTION('',(-1.,-2.775557561563E-17));
#3127 = ( GEOMETRIC_REPRESENTATION_CONTEXT(2) 
PARAMETRIC_REPRESENTATION_CONTEXT() REPRESENTATION_CONTEXT('2D SPACE',''
  ) );
#3128 = ORIENTED_EDGE('',*,*,#3129,.T.);
#3129 = EDGE_CURVE('',#3102,#3130,#3132,.T.);
#3130 = VERTEX_POINT('',#3131);
#3131 = CARTESIAN_POINT('',(6.648769722219,31.80975772069,39.2));
#3132 = SURFACE_CURVE('',#3133,(#3138,#3145),.PCURVE_S1.);
#3133 = CIRCLE('',#3134,19.284210105952);
#3134 = AXIS2_PLACEMENT_3D('',#3135,#3136,#3137);
#3135 = CARTESIAN_POINT('',(-5.071498776488E-13,49.911542731882,39.2));
#3136 = DIRECTION('',(5.947623346206E-16,1.110223024625E-16,1.));
#3137 = DIRECTION('',(1.,-9.42935300772E-31,-5.947623346206E-16));
#3138 = PCURVE('',#128,#3139);
#3139 = DEFINITIONAL_REPRESENTATION('',(#3140),#3144);
#3140 = CIRCLE('',#3141,19.284210105952);
#3141 = AXIS2_PLACEMENT_2D('',#3142,#3143);
#3142 = CARTESIAN_POINT('',(-5.062616992291E-13,1.84638591244E-12));
#3143 = DIRECTION('',(1.,-1.417484439069E-31));
#3144 = ( GEOMETRIC_REPRESENTATION_CONTEXT(2) 
PARAMETRIC_REPRESENTATION_CONTEXT() REPRESENTATION_CONTEXT('2D SPACE',''
  ) );
#3145 = PCURVE('',#3146,#3151);
#3146 = CYLINDRICAL_SURFACE('',#3147,19.284210105952);
#3147 = AXIS2_PLACEMENT_3D('',#3148,#3149,#3150);
#3148 = CARTESIAN_POINT('',(-4.94715379773E-13,49.911542731882,59.2));
#3149 = DIRECTION('',(-5.947623346206E-16,-1.110223024625E-16,-1.));
#3150 = DIRECTION('',(-1.,9.42935300772E-31,5.947623346206E-16));
#3151 = DEFINITIONAL_REPRESENTATION('',(#3152),#3156);
#3152 = LINE('',#3153,#3154);
#3153 = CARTESIAN_POINT('',(9.424777960769,20.));
#3154 = VECTOR('',#3155,1.);
#3155 = DIRECTION('',(-1.,0.));
#3156 = ( GEOMETRIC_REPRESENTATION_CONTEXT(2) 
PARAMETRIC_REPRESENTATION_CONTEXT() REPRESENTATION_CONTEXT('2D SPACE',''
  ) );
#3157 = ORIENTED_EDGE('',*,*,#3158,.T.);
#3158 = EDGE_CURVE('',#3130,#3159,#3161,.T.);
#3159 = VERTEX_POINT('',#3160);
#3160 = CARTESIAN_POINT('',(7.117199556939,32.729103035403,39.2));
#3161 = SURFACE_CURVE('',#3162,(#3166,#3173),.PCURVE_S1.);
#3162 = LINE('',#3163,#3164);
#3163 = CARTESIAN_POINT('',(6.882984639579,32.269430378047,39.2));
#3164 = VECTOR('',#3165,1.);
#3165 = DIRECTION('',(0.45399049974,0.891006524188,-3.330669073875E-16)
  );
#3166 = PCURVE('',#128,#3167);
#3167 = DEFINITIONAL_REPRESENTATION('',(#3168),#3172);
#3168 = LINE('',#3169,#3170);
#3169 = CARTESIAN_POINT('',(6.882984639579,-17.64211235383));
#3170 = VECTOR('',#3171,1.);
#3171 = DIRECTION('',(0.45399049974,0.891006524188));
#3172 = ( GEOMETRIC_REPRESENTATION_CONTEXT(2) 
PARAMETRIC_REPRESENTATION_CONTEXT() REPRESENTATION_CONTEXT('2D SPACE',''
  ) );
#3173 = PCURVE('',#3174,#3179);
#3174 = PLANE('',#3175);
#3175 = AXIS2_PLACEMENT_3D('',#3176,#3177,#3178);
#3176 = CARTESIAN_POINT('',(6.882984639579,32.269430378047,59.2));
#3177 = DIRECTION('',(-0.891006524188,0.45399049974,4.996003610813E-16)
  );
#3178 = DIRECTION('',(-0.45399049974,-0.891006524188,3.330669073875E-16)
  );
#3179 = DEFINITIONAL_REPRESENTATION('',(#3180),#3184);
#3180 = LINE('',#3181,#3182);
#3181 = CARTESIAN_POINT('',(8.881784197001E-16,-20.));
#3182 = VECTOR('',#3183,1.);
#3183 = DIRECTION('',(-1.,0.));
#3184 = ( GEOMETRIC_REPRESENTATION_CONTEXT(2) 
PARAMETRIC_REPRESENTATION_CONTEXT() REPRESENTATION_CONTEXT('2D SPACE',''
  ) );
#3185 = ORIENTED_EDGE('',*,*,#3186,.F.);
#3186 = EDGE_CURVE('',#3187,#3159,#3189,.T.);
#3187 = VERTEX_POINT('',#3188);
#3188 = CARTESIAN_POINT('',(8.098504775865,32.410257641758,39.2));
#3189 = SURFACE_CURVE('',#3190,(#3194,#3201),.PCURVE_S1.);
#3190 = LINE('',#3191,#3192);
#3191 = CARTESIAN_POINT('',(7.607852166402,32.569680338581,39.2));
#3192 = VECTOR('',#3193,1.);
#3193 = DIRECTION('',(-0.951056516295,0.309016994375,5.551115123126E-16)
  );
#3194 = PCURVE('',#128,#3195);
#3195 = DEFINITIONAL_REPRESENTATION('',(#3196),#3200);
#3196 = LINE('',#3197,#3198);
#3197 = CARTESIAN_POINT('',(7.607852166402,-17.3418623933));
#3198 = VECTOR('',#3199,1.);
#3199 = DIRECTION('',(-0.951056516295,0.309016994375));
#3200 = ( GEOMETRIC_REPRESENTATION_CONTEXT(2) 
PARAMETRIC_REPRESENTATION_CONTEXT() REPRESENTATION_CONTEXT('2D SPACE',''
  ) );
#3201 = PCURVE('',#3202,#3207);
#3202 = PLANE('',#3203);
#3203 = AXIS2_PLACEMENT_3D('',#3204,#3205,#3206);
#3204 = CARTESIAN_POINT('',(7.607852166402,32.569680338581,59.2));
#3205 = DIRECTION('',(-0.309016994375,-0.951056516295,3.330669073875E-16
    ));
#3206 = DIRECTION('',(0.951056516295,-0.309016994375,-5.551115123126E-16
    ));
#3207 = DEFINITIONAL_REPRESENTATION('',(#3208),#3212);
#3208 = LINE('',#3209,#3210);
#3209 = CARTESIAN_POINT('',(1.33226762955E-15,-20.));
#3210 = VECTOR('',#3211,1.);
#3211 = DIRECTION('',(-1.,0.));
#3212 = ( GEOMETRIC_REPRESENTATION_CONTEXT(2) 
PARAMETRIC_REPRESENTATION_CONTEXT() REPRESENTATION_CONTEXT('2D SPACE',''
  ) );
#3213 = ORIENTED_EDGE('',*,*,#3214,.T.);
#3214 = EDGE_CURVE('',#3187,#3215,#3217,.T.);
#3215 = VERTEX_POINT('',#3216);
#3216 = CARTESIAN_POINT('',(9.398655388436,33.072717467039,39.2));
#3217 = SURFACE_CURVE('',#3218,(#3223,#3230),.PCURVE_S1.);
#3218 = CIRCLE('',#3219,19.284210105951);
#3219 = AXIS2_PLACEMENT_3D('',#3220,#3221,#3222);
#3220 = CARTESIAN_POINT('',(-5.471179065353E-13,49.911542731881,39.2));
#3221 = DIRECTION('',(5.947623346206E-16,1.110223024625E-16,1.));
#3222 = DIRECTION('',(1.,-9.42935300772E-31,-5.947623346206E-16));
#3223 = PCURVE('',#128,#3224);
#3224 = DEFINITIONAL_REPRESENTATION('',(#3225),#3229);
#3225 = CIRCLE('',#3226,19.284210105951);
#3226 = AXIS2_PLACEMENT_2D('',#3227,#3228);
#3227 = CARTESIAN_POINT('',(-5.462297281156E-13,8.29335290449E-13));
#3228 = DIRECTION('',(1.,-1.417484439069E-31));
#3229 = ( GEOMETRIC_REPRESENTATION_CONTEXT(2) 
PARAMETRIC_REPRESENTATION_CONTEXT() REPRESENTATION_CONTEXT('2D SPACE',''
  ) );
#3230 = PCURVE('',#3231,#3236);
#3231 = CYLINDRICAL_SURFACE('',#3232,19.284210105951);
#3232 = AXIS2_PLACEMENT_3D('',#3233,#3234,#3235);
#3233 = CARTESIAN_POINT('',(-5.346834086595E-13,49.911542731881,59.2));
#3234 = DIRECTION('',(-5.947623346206E-16,-1.110223024625E-16,-1.));
#3235 = DIRECTION('',(-1.,9.42935300772E-31,5.947623346206E-16));
#3236 = DEFINITIONAL_REPRESENTATION('',(#3237),#3241);
#3237 = LINE('',#3238,#3239);
#3238 = CARTESIAN_POINT('',(9.424777960769,20.));
#3239 = VECTOR('',#3240,1.);
#3240 = DIRECTION('',(-1.,0.));
#3241 = ( GEOMETRIC_REPRESENTATION_CONTEXT(2) 
PARAMETRIC_REPRESENTATION_CONTEXT() REPRESENTATION_CONTEXT('2D SPACE',''
  ) );
#3242 = ORIENTED_EDGE('',*,*,#3243,.T.);
#3243 = EDGE_CURVE('',#3215,#3244,#3246,.T.);
#3244 = VERTEX_POINT('',#3245);
#3245 = CARTESIAN_POINT('',(9.717500782081,34.054022685965,39.2));
#3246 = SURFACE_CURVE('',#3247,(#3251,#3258),.PCURVE_S1.);
#3247 = LINE('',#3248,#3249);
#3248 = CARTESIAN_POINT('',(9.558078085259,33.563370076502,39.2));
#3249 = VECTOR('',#3250,1.);
#3250 = DIRECTION('',(0.309016994375,0.951056516295,-3.330669073875E-16)
  );
#3251 = PCURVE('',#128,#3252);
#3252 = DEFINITIONAL_REPRESENTATION('',(#3253),#3257);
#3253 = LINE('',#3254,#3255);
#3254 = CARTESIAN_POINT('',(9.558078085259,-16.34817265537));
#3255 = VECTOR('',#3256,1.);
#3256 = DIRECTION('',(0.309016994375,0.951056516295));
#3257 = ( GEOMETRIC_REPRESENTATION_CONTEXT(2) 
PARAMETRIC_REPRESENTATION_CONTEXT() REPRESENTATION_CONTEXT('2D SPACE',''
  ) );
#3258 = PCURVE('',#3259,#3264);
#3259 = PLANE('',#3260);
#3260 = AXIS2_PLACEMENT_3D('',#3261,#3262,#3263);
#3261 = CARTESIAN_POINT('',(9.558078085259,33.563370076502,59.2));
#3262 = DIRECTION('',(-0.951056516295,0.309016994375,5.551115123126E-16)
  );
#3263 = DIRECTION('',(-0.309016994375,-0.951056516295,3.330669073875E-16
    ));
#3264 = DEFINITIONAL_REPRESENTATION('',(#3265),#3269);
#3265 = LINE('',#3266,#3267);
#3266 = CARTESIAN_POINT('',(-1.7763568394E-15,-20.));
#3267 = VECTOR('',#3268,1.);
#3268 = DIRECTION('',(-1.,-5.551115123126E-17));
#3269 = ( GEOMETRIC_REPRESENTATION_CONTEXT(2) 
PARAMETRIC_REPRESENTATION_CONTEXT() REPRESENTATION_CONTEXT('2D SPACE',''
  ) );
#3270 = ORIENTED_EDGE('',*,*,#3271,.F.);
#3271 = EDGE_CURVE('',#3272,#3244,#3274,.T.);
#3272 = VERTEX_POINT('',#3273);
#3273 = CARTESIAN_POINT('',(10.736602913965,33.892612765173,39.2));
#3274 = SURFACE_CURVE('',#3275,(#3279,#3286),.PCURVE_S1.);
#3275 = LINE('',#3276,#3277);
#3276 = CARTESIAN_POINT('',(10.227051848023,33.973317725569,39.2));
#3277 = VECTOR('',#3278,1.);
#3278 = DIRECTION('',(-0.987688340595,0.15643446504,5.828670879282E-16)
  );
#3279 = PCURVE('',#128,#3280);
#3280 = DEFINITIONAL_REPRESENTATION('',(#3281),#3285);
#3281 = LINE('',#3282,#3283);
#3282 = CARTESIAN_POINT('',(10.227051848023,-15.93822500631));
#3283 = VECTOR('',#3284,1.);
#3284 = DIRECTION('',(-0.987688340595,0.15643446504));
#3285 = ( GEOMETRIC_REPRESENTATION_CONTEXT(2) 
PARAMETRIC_REPRESENTATION_CONTEXT() REPRESENTATION_CONTEXT('2D SPACE',''
  ) );
#3286 = PCURVE('',#3287,#3292);
#3287 = PLANE('',#3288);
#3288 = AXIS2_PLACEMENT_3D('',#3289,#3290,#3291);
#3289 = CARTESIAN_POINT('',(10.227051848024,33.973317725569,59.2));
#3290 = DIRECTION('',(-0.15643446504,-0.987688340595,1.665334536938E-16)
  );
#3291 = DIRECTION('',(0.987688340595,-0.15643446504,-5.828670879282E-16)
  );
#3292 = DEFINITIONAL_REPRESENTATION('',(#3293),#3297);
#3293 = LINE('',#3294,#3295);
#3294 = CARTESIAN_POINT('',(1.554312234475E-15,-20.));
#3295 = VECTOR('',#3296,1.);
#3296 = DIRECTION('',(-1.,0.));
#3297 = ( GEOMETRIC_REPRESENTATION_CONTEXT(2) 
PARAMETRIC_REPRESENTATION_CONTEXT() REPRESENTATION_CONTEXT('2D SPACE',''
  ) );
#3298 = ORIENTED_EDGE('',*,*,#3299,.T.);
#3299 = EDGE_CURVE('',#3272,#3300,#3302,.T.);
#3300 = VERTEX_POINT('',#3301);
#3301 = CARTESIAN_POINT('',(11.917114966641,34.750304976265,39.2));
#3302 = SURFACE_CURVE('',#3303,(#3308,#3315),.PCURVE_S1.);
#3303 = CIRCLE('',#3304,19.284210105951);
#3304 = AXIS2_PLACEMENT_3D('',#3305,#3306,#3307);
#3305 = CARTESIAN_POINT('',(-4.636291350835E-13,49.911542731881,39.2));
#3306 = DIRECTION('',(5.947623346206E-16,1.110223024625E-16,1.));
#3307 = DIRECTION('',(1.,-9.42935300772E-31,-5.947623346206E-16));
#3308 = PCURVE('',#128,#3309);
#3309 = DEFINITIONAL_REPRESENTATION('',(#3310),#3314);
#3310 = CIRCLE('',#3311,19.284210105951);
#3311 = AXIS2_PLACEMENT_2D('',#3312,#3313);
#3312 = CARTESIAN_POINT('',(-4.627409566638E-13,5.746285457413E-13));
#3313 = DIRECTION('',(1.,-1.417484439069E-31));
#3314 = ( GEOMETRIC_REPRESENTATION_CONTEXT(2) 
PARAMETRIC_REPRESENTATION_CONTEXT() REPRESENTATION_CONTEXT('2D SPACE',''
  ) );
#3315 = PCURVE('',#3316,#3321);
#3316 = CYLINDRICAL_SURFACE('',#3317,19.284210105951);
#3317 = AXIS2_PLACEMENT_3D('',#3318,#3319,#3320);
#3318 = CARTESIAN_POINT('',(-4.511946372077E-13,49.911542731881,59.2));
#3319 = DIRECTION('',(-5.947623346206E-16,-1.110223024625E-16,-1.));
#3320 = DIRECTION('',(-1.,9.42935300772E-31,5.947623346206E-16));
#3321 = DEFINITIONAL_REPRESENTATION('',(#3322),#3326);
#3322 = LINE('',#3323,#3324);
#3323 = CARTESIAN_POINT('',(9.424777960769,20.));
#3324 = VECTOR('',#3325,1.);
#3325 = DIRECTION('',(-1.,0.));
#3326 = ( GEOMETRIC_REPRESENTATION_CONTEXT(2) 
PARAMETRIC_REPRESENTATION_CONTEXT() REPRESENTATION_CONTEXT('2D SPACE',''
  ) );
#3327 = ORIENTED_EDGE('',*,*,#3328,.T.);
#3328 = EDGE_CURVE('',#3300,#3329,#3331,.T.);
#3329 = VERTEX_POINT('',#3330);
#3330 = CARTESIAN_POINT('',(12.078524887433,35.769407108149,39.2));
#3331 = SURFACE_CURVE('',#3332,(#3336,#3343),.PCURVE_S1.);
#3332 = LINE('',#3333,#3334);
#3333 = CARTESIAN_POINT('',(11.997819927037,35.259856042207,39.2));
#3334 = VECTOR('',#3335,1.);
#3335 = DIRECTION('',(0.15643446504,0.987688340595,-1.665334536938E-16)
  );
#3336 = PCURVE('',#128,#3337);
#3337 = DEFINITIONAL_REPRESENTATION('',(#3338),#3342);
#3338 = LINE('',#3339,#3340);
#3339 = CARTESIAN_POINT('',(11.997819927037,-14.65168668967));
#3340 = VECTOR('',#3341,1.);
#3341 = DIRECTION('',(0.15643446504,0.987688340595));
#3342 = ( GEOMETRIC_REPRESENTATION_CONTEXT(2) 
PARAMETRIC_REPRESENTATION_CONTEXT() REPRESENTATION_CONTEXT('2D SPACE',''
  ) );
#3343 = PCURVE('',#3344,#3349);
#3344 = PLANE('',#3345);
#3345 = AXIS2_PLACEMENT_3D('',#3346,#3347,#3348);
#3346 = CARTESIAN_POINT('',(11.997819927037,35.259856042207,59.2));
#3347 = DIRECTION('',(-0.987688340595,0.15643446504,5.828670879282E-16)
  );
#3348 = DIRECTION('',(-0.15643446504,-0.987688340595,2.22044604925E-16)
  );
#3349 = DEFINITIONAL_REPRESENTATION('',(#3350),#3354);
#3350 = LINE('',#3351,#3352);
#3351 = CARTESIAN_POINT('',(-1.7763568394E-15,-20.));
#3352 = VECTOR('',#3353,1.);
#3353 = DIRECTION('',(-1.,0.));
#3354 = ( GEOMETRIC_REPRESENTATION_CONTEXT(2) 
PARAMETRIC_REPRESENTATION_CONTEXT() REPRESENTATION_CONTEXT('2D SPACE',''
  ) );
#3355 = ORIENTED_EDGE('',*,*,#3356,.F.);
#3356 = EDGE_CURVE('',#3357,#3329,#3359,.T.);
#3357 = VERTEX_POINT('',#3358);
#3358 = CARTESIAN_POINT('',(13.110330255582,35.769407108149,39.2));
#3359 = SURFACE_CURVE('',#3360,(#3364,#3371),.PCURVE_S1.);
#3360 = LINE('',#3361,#3362);
#3361 = CARTESIAN_POINT('',(12.594427571508,35.769407108149,39.2));
#3362 = VECTOR('',#3363,1.);
#3363 = DIRECTION('',(-1.,9.42935300772E-31,5.947623346206E-16));
#3364 = PCURVE('',#128,#3365);
#3365 = DEFINITIONAL_REPRESENTATION('',(#3366),#3370);
#3366 = LINE('',#3367,#3368);
#3367 = CARTESIAN_POINT('',(12.594427571508,-14.14213562373));
#3368 = VECTOR('',#3369,1.);
#3369 = DIRECTION('',(-1.,1.417484439069E-31));
#3370 = ( GEOMETRIC_REPRESENTATION_CONTEXT(2) 
PARAMETRIC_REPRESENTATION_CONTEXT() REPRESENTATION_CONTEXT('2D SPACE',''
  ) );
#3371 = PCURVE('',#3372,#3377);
#3372 = PLANE('',#3373);
#3373 = AXIS2_PLACEMENT_3D('',#3374,#3375,#3376);
#3374 = CARTESIAN_POINT('',(12.594427571508,35.769407108149,59.2));
#3375 = DIRECTION('',(-6.902532920684E-31,-1.,1.110223024625E-16));
#3376 = DIRECTION('',(-5.947623346206E-16,-1.110223024625E-16,-1.));
#3377 = DEFINITIONAL_REPRESENTATION('',(#3378),#3382);
#3378 = LINE('',#3379,#3380);
#3379 = CARTESIAN_POINT('',(20.,1.5936608725E-15));
#3380 = VECTOR('',#3381,1.);
#3381 = DIRECTION('',(-7.395570986447E-32,-1.));
#3382 = ( GEOMETRIC_REPRESENTATION_CONTEXT(2) 
PARAMETRIC_REPRESENTATION_CONTEXT() REPRESENTATION_CONTEXT('2D SPACE',''
  ) );
#3383 = ORIENTED_EDGE('',*,*,#3384,.T.);
#3384 = EDGE_CURVE('',#3357,#3385,#3387,.T.);
#3385 = VERTEX_POINT('',#3386);
#3386 = CARTESIAN_POINT('',(14.142135623731,36.801212476298,39.2));
#3387 = SURFACE_CURVE('',#3388,(#3393,#3400),.PCURVE_S1.);
#3388 = CIRCLE('',#3389,19.284210105953);
#3389 = AXIS2_PLACEMENT_3D('',#3390,#3391,#3392);
#3390 = CARTESIAN_POINT('',(-2.2497559371E-12,49.911542731882,39.2));
#3391 = DIRECTION('',(5.947623346206E-16,1.110223024625E-16,1.));
#3392 = DIRECTION('',(1.,-9.42935300772E-31,-5.947623346206E-16));
#3393 = PCURVE('',#128,#3394);
#3394 = DEFINITIONAL_REPRESENTATION('',(#3395),#3399);
#3395 = CIRCLE('',#3396,19.284210105953);
#3396 = AXIS2_PLACEMENT_2D('',#3397,#3398);
#3397 = CARTESIAN_POINT('',(-2.248867758681E-12,2.223592932364E-12));
#3398 = DIRECTION('',(1.,-1.417484439069E-31));
#3399 = ( GEOMETRIC_REPRESENTATION_CONTEXT(2) 
PARAMETRIC_REPRESENTATION_CONTEXT() REPRESENTATION_CONTEXT('2D SPACE',''
  ) );
#3400 = PCURVE('',#3401,#3406);
#3401 = CYLINDRICAL_SURFACE('',#3402,19.284210105953);
#3402 = AXIS2_PLACEMENT_3D('',#3403,#3404,#3405);
#3403 = CARTESIAN_POINT('',(-2.237321439225E-12,49.911542731882,59.2));
#3404 = DIRECTION('',(-5.947623346206E-16,-1.110223024625E-16,-1.));
#3405 = DIRECTION('',(-1.,9.42935300772E-31,5.947623346206E-16));
#3406 = DEFINITIONAL_REPRESENTATION('',(#3407),#3411);
#3407 = LINE('',#3408,#3409);
#3408 = CARTESIAN_POINT('',(9.424777960769,20.));
#3409 = VECTOR('',#3410,1.);
#3410 = DIRECTION('',(-1.,0.));
#3411 = ( GEOMETRIC_REPRESENTATION_CONTEXT(2) 
PARAMETRIC_REPRESENTATION_CONTEXT() REPRESENTATION_CONTEXT('2D SPACE',''
  ) );
#3412 = ORIENTED_EDGE('',*,*,#3413,.T.);
#3413 = EDGE_CURVE('',#3385,#3414,#3416,.T.);
#3414 = VERTEX_POINT('',#3415);
#3415 = CARTESIAN_POINT('',(14.142135623731,37.833017844447,39.2));
#3416 = SURFACE_CURVE('',#3417,(#3421,#3428),.PCURVE_S1.);
#3417 = LINE('',#3418,#3419);
#3418 = CARTESIAN_POINT('',(14.142135623731,37.317115160372,39.2));
#3419 = VECTOR('',#3420,1.);
#3420 = DIRECTION('',(6.902532920684E-31,1.,-1.110223024625E-16));
#3421 = PCURVE('',#128,#3422);
#3422 = DEFINITIONAL_REPRESENTATION('',(#3423),#3427);
#3423 = LINE('',#3424,#3425);
#3424 = CARTESIAN_POINT('',(14.142135623731,-12.5944275715));
#3425 = VECTOR('',#3426,1.);
#3426 = DIRECTION('',(-1.54074395551E-31,1.));
#3427 = ( GEOMETRIC_REPRESENTATION_CONTEXT(2) 
PARAMETRIC_REPRESENTATION_CONTEXT() REPRESENTATION_CONTEXT('2D SPACE',''
  ) );
#3428 = PCURVE('',#3429,#3434);
#3429 = PLANE('',#3430);
#3430 = AXIS2_PLACEMENT_3D('',#3431,#3432,#3433);
#3431 = CARTESIAN_POINT('',(14.142135623731,37.317115160372,59.2));
#3432 = DIRECTION('',(-1.,9.42935300772E-31,5.947623346206E-16));
#3433 = DIRECTION('',(5.947623346206E-16,1.110223024625E-16,1.));
#3434 = DEFINITIONAL_REPRESENTATION('',(#3435),#3439);
#3435 = LINE('',#3436,#3437);
#3436 = CARTESIAN_POINT('',(-20.,3.552713678801E-15));
#3437 = VECTOR('',#3438,1.);
#3438 = DIRECTION('',(0.,1.));
#3439 = ( GEOMETRIC_REPRESENTATION_CONTEXT(2) 
PARAMETRIC_REPRESENTATION_CONTEXT() REPRESENTATION_CONTEXT('2D SPACE',''
  ) );
#3440 = ORIENTED_EDGE('',*,*,#3441,.F.);
#3441 = EDGE_CURVE('',#3442,#3414,#3444,.T.);
#3442 = VERTEX_POINT('',#3443);
#3443 = CARTESIAN_POINT('',(15.161237755615,37.994427765239,39.2));
#3444 = SURFACE_CURVE('',#3445,(#3449,#3456),.PCURVE_S1.);
#3445 = LINE('',#3446,#3447);
#3446 = CARTESIAN_POINT('',(14.651686689673,37.913722804843,39.2));
#3447 = VECTOR('',#3448,1.);
#3448 = DIRECTION('',(-0.987688340595,-0.15643446504,5.96744875736E-16)
  );
#3449 = PCURVE('',#128,#3450);
#3450 = DEFINITIONAL_REPRESENTATION('',(#3451),#3455);
#3451 = LINE('',#3452,#3453);
#3452 = CARTESIAN_POINT('',(14.651686689673,-11.99781992703));
#3453 = VECTOR('',#3454,1.);
#3454 = DIRECTION('',(-0.987688340595,-0.15643446504));
#3455 = ( GEOMETRIC_REPRESENTATION_CONTEXT(2) 
PARAMETRIC_REPRESENTATION_CONTEXT() REPRESENTATION_CONTEXT('2D SPACE',''
  ) );
#3456 = PCURVE('',#3457,#3462);
#3457 = PLANE('',#3458);
#3458 = AXIS2_PLACEMENT_3D('',#3459,#3460,#3461);
#3459 = CARTESIAN_POINT('',(14.651686689673,37.913722804843,59.2));
#3460 = DIRECTION('',(0.15643446504,-0.987688340595,5.551115123126E-17)
  );
#3461 = DIRECTION('',(0.987688340595,0.15643446504,-6.106226635438E-16)
  );
#3462 = DEFINITIONAL_REPRESENTATION('',(#3463),#3467);
#3463 = LINE('',#3464,#3465);
#3464 = CARTESIAN_POINT('',(1.110223024625E-15,-20.));
#3465 = VECTOR('',#3466,1.);
#3466 = DIRECTION('',(-1.,-1.387778780781E-17));
#3467 = ( GEOMETRIC_REPRESENTATION_CONTEXT(2) 
PARAMETRIC_REPRESENTATION_CONTEXT() REPRESENTATION_CONTEXT('2D SPACE',''
  ) );
#3468 = ORIENTED_EDGE('',*,*,#3469,.T.);
#3469 = EDGE_CURVE('',#3442,#3470,#3472,.T.);
#3470 = VERTEX_POINT('',#3471);
#3471 = CARTESIAN_POINT('',(16.018929966707,39.174939817915,39.2));
#3472 = SURFACE_CURVE('',#3473,(#3478,#3485),.PCURVE_S1.);
#3473 = CIRCLE('',#3474,19.284210105952);
#3474 = AXIS2_PLACEMENT_3D('',#3475,#3476,#3477);
#3475 = CARTESIAN_POINT('',(-1.379341085794E-12,49.911542731881,39.2));
#3476 = DIRECTION('',(5.947623346206E-16,1.110223024625E-16,1.));
#3477 = DIRECTION('',(1.,-9.42935300772E-31,-5.947623346206E-16));
#3478 = PCURVE('',#128,#3479);
#3479 = DEFINITIONAL_REPRESENTATION('',(#3480),#3484);
#3480 = CIRCLE('',#3481,19.284210105952);
#3481 = AXIS2_PLACEMENT_2D('',#3482,#3483);
#3482 = CARTESIAN_POINT('',(-1.378452907375E-12,1.037763394001E-12));
#3483 = DIRECTION('',(1.,-1.417484439069E-31));
#3484 = ( GEOMETRIC_REPRESENTATION_CONTEXT(2) 
PARAMETRIC_REPRESENTATION_CONTEXT() REPRESENTATION_CONTEXT('2D SPACE',''
  ) );
#3485 = PCURVE('',#3486,#3491);
#3486 = CYLINDRICAL_SURFACE('',#3487,19.284210105952);
#3487 = AXIS2_PLACEMENT_3D('',#3488,#3489,#3490);
#3488 = CARTESIAN_POINT('',(-1.366906587918E-12,49.911542731881,59.2));
#3489 = DIRECTION('',(-5.947623346206E-16,-1.110223024625E-16,-1.));
#3490 = DIRECTION('',(-1.,9.42935300772E-31,5.947623346206E-16));
#3491 = DEFINITIONAL_REPRESENTATION('',(#3492),#3496);
#3492 = LINE('',#3493,#3494);
#3493 = CARTESIAN_POINT('',(9.424777960769,20.));
#3494 = VECTOR('',#3495,1.);
#3495 = DIRECTION('',(-1.,0.));
#3496 = ( GEOMETRIC_REPRESENTATION_CONTEXT(2) 
PARAMETRIC_REPRESENTATION_CONTEXT() REPRESENTATION_CONTEXT('2D SPACE',''
  ) );
#3497 = ORIENTED_EDGE('',*,*,#3498,.T.);
#3498 = EDGE_CURVE('',#3470,#3499,#3501,.T.);
#3499 = VERTEX_POINT('',#3500);
#3500 = CARTESIAN_POINT('',(15.857520045915,40.194041949799,39.2));
#3501 = SURFACE_CURVE('',#3502,(#3506,#3513),.PCURVE_S1.);
#3502 = LINE('',#3503,#3504);
#3503 = CARTESIAN_POINT('',(15.938225006311,39.684490883857,39.2));
#3504 = VECTOR('',#3505,1.);
#3505 = DIRECTION('',(-0.15643446504,0.987688340595,-5.551115123126E-17)
  );
#3506 = PCURVE('',#128,#3507);
#3507 = DEFINITIONAL_REPRESENTATION('',(#3508),#3512);
#3508 = LINE('',#3509,#3510);
#3509 = CARTESIAN_POINT('',(15.938225006311,-10.22705184802));
#3510 = VECTOR('',#3511,1.);
#3511 = DIRECTION('',(-0.15643446504,0.987688340595));
#3512 = ( GEOMETRIC_REPRESENTATION_CONTEXT(2) 
PARAMETRIC_REPRESENTATION_CONTEXT() REPRESENTATION_CONTEXT('2D SPACE',''
  ) );
#3513 = PCURVE('',#3514,#3519);
#3514 = PLANE('',#3515);
#3515 = AXIS2_PLACEMENT_3D('',#3516,#3517,#3518);
#3516 = CARTESIAN_POINT('',(15.938225006311,39.684490883857,59.2));
#3517 = DIRECTION('',(-0.987688340595,-0.15643446504,5.96744875736E-16)
  );
#3518 = DIRECTION('',(0.15643446504,-0.987688340595,5.551115123126E-17)
  );
#3519 = DEFINITIONAL_REPRESENTATION('',(#3520),#3524);
#3520 = LINE('',#3521,#3522);
#3521 = CARTESIAN_POINT('',(-3.552713678801E-15,-20.));
#3522 = VECTOR('',#3523,1.);
#3523 = DIRECTION('',(-1.,0.));
#3524 = ( GEOMETRIC_REPRESENTATION_CONTEXT(2) 
PARAMETRIC_REPRESENTATION_CONTEXT() REPRESENTATION_CONTEXT('2D SPACE',''
  ) );
#3525 = ORIENTED_EDGE('',*,*,#3526,.F.);
#3526 = EDGE_CURVE('',#3527,#3499,#3529,.T.);
#3527 = VERTEX_POINT('',#3528);
#3528 = CARTESIAN_POINT('',(16.838825264841,40.512887343444,39.2));
#3529 = SURFACE_CURVE('',#3530,(#3534,#3541),.PCURVE_S1.);
#3530 = LINE('',#3531,#3532);
#3531 = CARTESIAN_POINT('',(16.348172655378,40.353464646621,39.2));
#3532 = VECTOR('',#3533,1.);
#3533 = DIRECTION('',(-0.951056516295,-0.309016994375,5.828670879282E-16
    ));
#3534 = PCURVE('',#128,#3535);
#3535 = DEFINITIONAL_REPRESENTATION('',(#3536),#3540);
#3536 = LINE('',#3537,#3538);
#3537 = CARTESIAN_POINT('',(16.348172655378,-9.558078085259));
#3538 = VECTOR('',#3539,1.);
#3539 = DIRECTION('',(-0.951056516295,-0.309016994375));
#3540 = ( GEOMETRIC_REPRESENTATION_CONTEXT(2) 
PARAMETRIC_REPRESENTATION_CONTEXT() REPRESENTATION_CONTEXT('2D SPACE',''
  ) );
#3541 = PCURVE('',#3542,#3547);
#3542 = PLANE('',#3543);
#3543 = AXIS2_PLACEMENT_3D('',#3544,#3545,#3546);
#3544 = CARTESIAN_POINT('',(16.348172655378,40.353464646621,59.2));
#3545 = DIRECTION('',(0.309016994375,-0.951056516295,-1.110223024625E-16
    ));
#3546 = DIRECTION('',(0.951056516295,0.309016994375,-5.828670879282E-16)
  );
#3547 = DEFINITIONAL_REPRESENTATION('',(#3548),#3552);
#3548 = LINE('',#3549,#3550);
#3549 = CARTESIAN_POINT('',(1.33226762955E-15,-20.));
#3550 = VECTOR('',#3551,1.);
#3551 = DIRECTION('',(-1.,-2.775557561563E-17));
#3552 = ( GEOMETRIC_REPRESENTATION_CONTEXT(2) 
PARAMETRIC_REPRESENTATION_CONTEXT() REPRESENTATION_CONTEXT('2D SPACE',''
  ) );
#3553 = ORIENTED_EDGE('',*,*,#3554,.T.);
#3554 = EDGE_CURVE('',#3527,#3555,#3557,.T.);
#3555 = VERTEX_POINT('',#3556);
#3556 = CARTESIAN_POINT('',(17.501285090122,41.813037956015,39.2));
#3557 = SURFACE_CURVE('',#3558,(#3563,#3570),.PCURVE_S1.);
#3558 = CIRCLE('',#3559,19.284210105953);
#3559 = AXIS2_PLACEMENT_3D('',#3560,#3561,#3562);
#3560 = CARTESIAN_POINT('',(-2.311928426479E-12,49.911542731881,39.2));
#3561 = DIRECTION('',(5.947623346206E-16,1.110223024625E-16,1.));
#3562 = DIRECTION('',(1.,-9.42935300772E-31,-5.947623346206E-16));
#3563 = PCURVE('',#128,#3564);
#3564 = DEFINITIONAL_REPRESENTATION('',(#3565),#3569);
#3565 = CIRCLE('',#3566,19.284210105953);
#3566 = AXIS2_PLACEMENT_2D('',#3567,#3568);
#3567 = CARTESIAN_POINT('',(-2.31104024806E-12,1.238261660116E-12));
#3568 = DIRECTION('',(1.,-1.417484439069E-31));
#3569 = ( GEOMETRIC_REPRESENTATION_CONTEXT(2) 
PARAMETRIC_REPRESENTATION_CONTEXT() REPRESENTATION_CONTEXT('2D SPACE',''
  ) );
#3570 = PCURVE('',#3571,#3576);
#3571 = CYLINDRICAL_SURFACE('',#3572,19.284210105953);
#3572 = AXIS2_PLACEMENT_3D('',#3573,#3574,#3575);
#3573 = CARTESIAN_POINT('',(-2.299493928604E-12,49.911542731881,59.2));
#3574 = DIRECTION('',(-5.947623346206E-16,-1.110223024625E-16,-1.));
#3575 = DIRECTION('',(-1.,9.42935300772E-31,5.947623346206E-16));
#3576 = DEFINITIONAL_REPRESENTATION('',(#3577),#3581);
#3577 = LINE('',#3578,#3579);
#3578 = CARTESIAN_POINT('',(9.424777960769,20.));
#3579 = VECTOR('',#3580,1.);
#3580 = DIRECTION('',(-1.,0.));
#3581 = ( GEOMETRIC_REPRESENTATION_CONTEXT(2) 
PARAMETRIC_REPRESENTATION_CONTEXT() REPRESENTATION_CONTEXT('2D SPACE',''
  ) );
#3582 = ORIENTED_EDGE('',*,*,#3583,.T.);
#3583 = EDGE_CURVE('',#3555,#3584,#3586,.T.);
#3584 = VERTEX_POINT('',#3585);
#3585 = CARTESIAN_POINT('',(17.182439696477,42.794343174942,39.2));
#3586 = SURFACE_CURVE('',#3587,(#3591,#3598),.PCURVE_S1.);
#3587 = LINE('',#3588,#3589);
#3588 = CARTESIAN_POINT('',(17.3418623933,42.303690565478,39.2));
#3589 = VECTOR('',#3590,1.);
#3590 = DIRECTION('',(-0.309016994375,0.951056516295,1.110223024625E-16)
  );
#3591 = PCURVE('',#128,#3592);
#3592 = DEFINITIONAL_REPRESENTATION('',(#3593),#3597);
#3593 = LINE('',#3594,#3595);
#3594 = CARTESIAN_POINT('',(17.3418623933,-7.607852166402));
#3595 = VECTOR('',#3596,1.);
#3596 = DIRECTION('',(-0.309016994375,0.951056516295));
#3597 = ( GEOMETRIC_REPRESENTATION_CONTEXT(2) 
PARAMETRIC_REPRESENTATION_CONTEXT() REPRESENTATION_CONTEXT('2D SPACE',''
  ) );
#3598 = PCURVE('',#3599,#3604);
#3599 = PLANE('',#3600);
#3600 = AXIS2_PLACEMENT_3D('',#3601,#3602,#3603);
#3601 = CARTESIAN_POINT('',(17.3418623933,42.303690565478,59.2));
#3602 = DIRECTION('',(-0.951056516295,-0.309016994375,5.828670879282E-16
    ));
#3603 = DIRECTION('',(0.309016994375,-0.951056516295,-1.110223024625E-16
    ));
#3604 = DEFINITIONAL_REPRESENTATION('',(#3605),#3609);
#3605 = LINE('',#3606,#3607);
#3606 = CARTESIAN_POINT('',(-5.329070518201E-15,-20.));
#3607 = VECTOR('',#3608,1.);
#3608 = DIRECTION('',(-1.,5.551115123126E-17));
#3609 = ( GEOMETRIC_REPRESENTATION_CONTEXT(2) 
PARAMETRIC_REPRESENTATION_CONTEXT() REPRESENTATION_CONTEXT('2D SPACE',''
  ) );
#3610 = ORIENTED_EDGE('',*,*,#3611,.F.);
#3611 = EDGE_CURVE('',#3612,#3584,#3614,.T.);
#3612 = VERTEX_POINT('',#3613);
#3613 = CARTESIAN_POINT('',(18.10178501119,43.262773009661,39.2));
#3614 = SURFACE_CURVE('',#3615,(#3619,#3626),.PCURVE_S1.);
#3615 = LINE('',#3616,#3617);
#3616 = CARTESIAN_POINT('',(17.642112353833,43.028558092301,39.2));
#3617 = VECTOR('',#3618,1.);
#3618 = DIRECTION('',(-0.891006524188,-0.45399049974,5.828670879282E-16)
  );
#3619 = PCURVE('',#128,#3620);
#3620 = DEFINITIONAL_REPRESENTATION('',(#3621),#3625);
#3621 = LINE('',#3622,#3623);
#3622 = CARTESIAN_POINT('',(17.642112353833,-6.882984639579));
#3623 = VECTOR('',#3624,1.);
#3624 = DIRECTION('',(-0.891006524188,-0.45399049974));
#3625 = ( GEOMETRIC_REPRESENTATION_CONTEXT(2) 
PARAMETRIC_REPRESENTATION_CONTEXT() REPRESENTATION_CONTEXT('2D SPACE',''
  ) );
#3626 = PCURVE('',#3627,#3632);
#3627 = PLANE('',#3628);
#3628 = AXIS2_PLACEMENT_3D('',#3629,#3630,#3631);
#3629 = CARTESIAN_POINT('',(17.642112353833,43.028558092301,59.2));
#3630 = DIRECTION('',(0.45399049974,-0.891006524188,-1.110223024625E-16)
  );
#3631 = DIRECTION('',(0.891006524188,0.45399049974,-5.828670879282E-16)
  );
#3632 = DEFINITIONAL_REPRESENTATION('',(#3633),#3637);
#3633 = LINE('',#3634,#3635);
#3634 = CARTESIAN_POINT('',(1.7763568394E-15,-20.));
#3635 = VECTOR('',#3636,1.);
#3636 = DIRECTION('',(-1.,0.));
#3637 = ( GEOMETRIC_REPRESENTATION_CONTEXT(2) 
PARAMETRIC_REPRESENTATION_CONTEXT() REPRESENTATION_CONTEXT('2D SPACE',''
  ) );
#3638 = ORIENTED_EDGE('',*,*,#3639,.T.);
#3639 = EDGE_CURVE('',#3612,#3640,#3642,.T.);
#3640 = VERTEX_POINT('',#3641);
#3641 = CARTESIAN_POINT('',(18.552700491183,44.650548159094,39.2));
#3642 = SURFACE_CURVE('',#3643,(#3648,#3655),.PCURVE_S1.);
#3643 = CIRCLE('',#3644,19.284210105952);
#3644 = AXIS2_PLACEMENT_3D('',#3645,#3646,#3647);
#3645 = CARTESIAN_POINT('',(-1.855404718754E-12,49.911542731881,39.2));
#3646 = DIRECTION('',(5.947623346206E-16,1.110223024625E-16,1.));
#3647 = DIRECTION('',(1.,-9.42935300772E-31,-5.947623346206E-16));
#3648 = PCURVE('',#128,#3649);
#3649 = DEFINITIONAL_REPRESENTATION('',(#3650),#3654);
#3650 = CIRCLE('',#3651,19.284210105952);
#3651 = AXIS2_PLACEMENT_2D('',#3652,#3653);
#3652 = CARTESIAN_POINT('',(-1.854516540334E-12,4.997072951401E-13));
#3653 = DIRECTION('',(1.,-1.417484439069E-31));
#3654 = ( GEOMETRIC_REPRESENTATION_CONTEXT(2) 
PARAMETRIC_REPRESENTATION_CONTEXT() REPRESENTATION_CONTEXT('2D SPACE',''
  ) );
#3655 = PCURVE('',#3656,#3661);
#3656 = CYLINDRICAL_SURFACE('',#3657,19.284210105952);
#3657 = AXIS2_PLACEMENT_3D('',#3658,#3659,#3660);
#3658 = CARTESIAN_POINT('',(-1.842970220878E-12,49.911542731881,59.2));
#3659 = DIRECTION('',(-5.947623346206E-16,-1.110223024625E-16,-1.));
#3660 = DIRECTION('',(-1.,9.42935300772E-31,5.947623346206E-16));
#3661 = DEFINITIONAL_REPRESENTATION('',(#3662),#3666);
#3662 = LINE('',#3663,#3664);
#3663 = CARTESIAN_POINT('',(9.424777960769,20.));
#3664 = VECTOR('',#3665,1.);
#3665 = DIRECTION('',(-1.,0.));
#3666 = ( GEOMETRIC_REPRESENTATION_CONTEXT(2) 
PARAMETRIC_REPRESENTATION_CONTEXT() REPRESENTATION_CONTEXT('2D SPACE',''
  ) );
#3667 = ORIENTED_EDGE('',*,*,#3668,.T.);
#3668 = EDGE_CURVE('',#3640,#333,#3669,.T.);
#3669 = SURFACE_CURVE('',#3670,(#3674,#3681),.PCURVE_S1.);
#3670 = LINE('',#3671,#3672);
#3671 = CARTESIAN_POINT('',(18.318485573823,45.110220816451,39.2));
#3672 = VECTOR('',#3673,1.);
#3673 = DIRECTION('',(-0.45399049974,0.891006524188,1.110223024625E-16)
  );
#3674 = PCURVE('',#128,#3675);
#3675 = DEFINITIONAL_REPRESENTATION('',(#3676),#3680);
#3676 = LINE('',#3677,#3678);
#3677 = CARTESIAN_POINT('',(18.318485573823,-4.801321915429));
#3678 = VECTOR('',#3679,1.);
#3679 = DIRECTION('',(-0.45399049974,0.891006524188));
#3680 = ( GEOMETRIC_REPRESENTATION_CONTEXT(2) 
PARAMETRIC_REPRESENTATION_CONTEXT() REPRESENTATION_CONTEXT('2D SPACE',''
  ) );
#3681 = PCURVE('',#348,#3682);
#3682 = DEFINITIONAL_REPRESENTATION('',(#3683),#3687);
#3683 = LINE('',#3684,#3685);
#3684 = CARTESIAN_POINT('',(-8.881784197001E-16,-20.));
#3685 = VECTOR('',#3686,1.);
#3686 = DIRECTION('',(-1.,-1.110223024625E-16));
#3687 = ( GEOMETRIC_REPRESENTATION_CONTEXT(2) 
PARAMETRIC_REPRESENTATION_CONTEXT() REPRESENTATION_CONTEXT('2D SPACE',''
  ) );
#3688 = ORIENTED_EDGE('',*,*,#360,.F.);
#3689 = FACE_BOUND('',#3690,.F.);
#3690 = EDGE_LOOP('',(#3691));
#3691 = ORIENTED_EDGE('',*,*,#3692,.F.);
#3692 = EDGE_CURVE('',#3693,#3693,#3695,.T.);
#3693 = VERTEX_POINT('',#3694);
#3694 = CARTESIAN_POINT('',(7.2,49.9117,39.2));
#3695 = SURFACE_CURVE('',#3696,(#3701,#3708),.PCURVE_S1.);
#3696 = CIRCLE('',#3697,7.2);
#3697 = AXIS2_PLACEMENT_3D('',#3698,#3699,#3700);
#3698 = CARTESIAN_POINT('',(0.,49.9117,39.2));
#3699 = DIRECTION('',(0.,0.,1.));
#3700 = DIRECTION('',(1.,0.,-0.));
#3701 = PCURVE('',#128,#3702);
#3702 = DEFINITIONAL_REPRESENTATION('',(#3703),#3707);
#3703 = CIRCLE('',#3704,7.2);
#3704 = AXIS2_PLACEMENT_2D('',#3705,#3706);
#3705 = CARTESIAN_POINT('',(8.881784197001E-16,1.572681198638E-04));
#3706 = DIRECTION('',(1.,6.902532920684E-31));
#3707 = ( GEOMETRIC_REPRESENTATION_CONTEXT(2) 
PARAMETRIC_REPRESENTATION_CONTEXT() REPRESENTATION_CONTEXT('2D SPACE',''
  ) );
#3708 = PCURVE('',#3709,#3714);
#3709 = CYLINDRICAL_SURFACE('',#3710,7.2);
#3710 = AXIS2_PLACEMENT_3D('',#3711,#3712,#3713);
#3711 = CARTESIAN_POINT('',(0.,49.9117,38.2));
#3712 = DIRECTION('',(0.,0.,1.));
#3713 = DIRECTION('',(1.,0.,-0.));
#3714 = DEFINITIONAL_REPRESENTATION('',(#3715),#3719);
#3715 = LINE('',#3716,#3717);
#3716 = CARTESIAN_POINT('',(0.,1.));
#3717 = VECTOR('',#3718,1.);
#3718 = DIRECTION('',(1.,0.));
#3719 = ( GEOMETRIC_REPRESENTATION_CONTEXT(2) 
PARAMETRIC_REPRESENTATION_CONTEXT() REPRESENTATION_CONTEXT('2D SPACE',''
  ) );
#3720 = ADVANCED_FACE('',(#3721),#161,.T.);
#3721 = FACE_BOUND('',#3722,.T.);
#3722 = EDGE_LOOP('',(#3723,#3746,#3772,#3773));
#3723 = ORIENTED_EDGE('',*,*,#3724,.F.);
#3724 = EDGE_CURVE('',#3725,#387,#3727,.T.);
#3725 = VERTEX_POINT('',#3726);
#3726 = CARTESIAN_POINT('',(19.270403427317,49.181946159197,58.2));
#3727 = SURFACE_CURVE('',#3728,(#3732,#3739),.PCURVE_S1.);
#3728 = LINE('',#3729,#3730);
#3729 = CARTESIAN_POINT('',(19.270403427317,49.181946159197,59.2));
#3730 = VECTOR('',#3731,1.);
#3731 = DIRECTION('',(-5.947623346206E-16,-1.110223024625E-16,-1.));
#3732 = PCURVE('',#161,#3733);
#3733 = DEFINITIONAL_REPRESENTATION('',(#3734),#3738);
#3734 = LINE('',#3735,#3736);
#3735 = CARTESIAN_POINT('',(0.515902684074,3.885780586188E-15));
#3736 = VECTOR('',#3737,1.);
#3737 = DIRECTION('',(-5.551115123126E-17,-1.));
#3738 = ( GEOMETRIC_REPRESENTATION_CONTEXT(2) 
PARAMETRIC_REPRESENTATION_CONTEXT() REPRESENTATION_CONTEXT('2D SPACE',''
  ) );
#3739 = PCURVE('',#426,#3740);
#3740 = DEFINITIONAL_REPRESENTATION('',(#3741),#3745);
#3741 = LINE('',#3742,#3743);
#3742 = CARTESIAN_POINT('',(3.179435569563,0.));
#3743 = VECTOR('',#3744,1.);
#3744 = DIRECTION('',(0.,1.));
#3745 = ( GEOMETRIC_REPRESENTATION_CONTEXT(2) 
PARAMETRIC_REPRESENTATION_CONTEXT() REPRESENTATION_CONTEXT('2D SPACE',''
  ) );
#3746 = ORIENTED_EDGE('',*,*,#3747,.T.);
#3747 = EDGE_CURVE('',#3725,#144,#3748,.T.);
#3748 = SURFACE_CURVE('',#3749,(#3753,#3760),.PCURVE_S1.);
#3749 = LINE('',#3750,#3751);
#3750 = CARTESIAN_POINT('',(18.905605140976,48.817147872856,58.2));
#3751 = VECTOR('',#3752,1.);
#3752 = DIRECTION('',(-0.707106781187,-0.707106781187,4.996003610813E-16
    ));
#3753 = PCURVE('',#161,#3754);
#3754 = DEFINITIONAL_REPRESENTATION('',(#3755),#3759);
#3755 = LINE('',#3756,#3757);
#3756 = CARTESIAN_POINT('',(-1.665334536938E-15,-1.));
#3757 = VECTOR('',#3758,1.);
#3758 = DIRECTION('',(-1.,-5.551115123126E-17));
#3759 = ( GEOMETRIC_REPRESENTATION_CONTEXT(2) 
PARAMETRIC_REPRESENTATION_CONTEXT() REPRESENTATION_CONTEXT('2D SPACE',''
  ) );
#3760 = PCURVE('',#3761,#3766);
#3761 = PLANE('',#3762);
#3762 = AXIS2_PLACEMENT_3D('',#3763,#3764,#3765);
#3763 = CARTESIAN_POINT('',(18.905605140976,48.817147872856,58.2));
#3764 = DIRECTION('',(-0.5,0.5,-0.707106781187));
#3765 = DIRECTION('',(-0.707106781187,-0.707106781187,4.996003610813E-16
    ));
#3766 = DEFINITIONAL_REPRESENTATION('',(#3767),#3771);
#3767 = LINE('',#3768,#3769);
#3768 = CARTESIAN_POINT('',(0.,0.));
#3769 = VECTOR('',#3770,1.);
#3770 = DIRECTION('',(1.,-5.551115123126E-16));
#3771 = ( GEOMETRIC_REPRESENTATION_CONTEXT(2) 
PARAMETRIC_REPRESENTATION_CONTEXT() REPRESENTATION_CONTEXT('2D SPACE',''
  ) );
#3772 = ORIENTED_EDGE('',*,*,#143,.T.);
#3773 = ORIENTED_EDGE('',*,*,#386,.F.);
#3774 = ADVANCED_FACE('',(#3775),#187,.T.);
#3775 = FACE_BOUND('',#3776,.T.);
#3776 = EDGE_LOOP('',(#3777,#3800,#3821,#3822));
#3777 = ORIENTED_EDGE('',*,*,#3778,.F.);
#3778 = EDGE_CURVE('',#3779,#144,#3781,.T.);
#3779 = VERTEX_POINT('',#3780);
#3780 = CARTESIAN_POINT('',(17.229773829077,48.55553012333,59.2));
#3781 = SURFACE_CURVE('',#3782,(#3786,#3793),.PCURVE_S1.);
#3782 = LINE('',#3783,#3784);
#3783 = CARTESIAN_POINT('',(18.752450176572,48.43569289584,
    58.038567512937));
#3784 = VECTOR('',#3785,1.);
#3785 = DIRECTION('',(0.7935526691,-6.245394951338E-02,-0.605288084762)
  );
#3786 = PCURVE('',#187,#3787);
#3787 = DEFINITIONAL_REPRESENTATION('',(#3788),#3792);
#3788 = LINE('',#3789,#3790);
#3789 = CARTESIAN_POINT('',(12.21640125664,1.642513574985));
#3790 = VECTOR('',#3791,1.);
#3791 = DIRECTION('',(0.516964862336,0.856006618613));
#3792 = ( GEOMETRIC_REPRESENTATION_CONTEXT(2) 
PARAMETRIC_REPRESENTATION_CONTEXT() REPRESENTATION_CONTEXT('2D SPACE',''
  ) );
#3793 = PCURVE('',#3761,#3794);
#3794 = DEFINITIONAL_REPRESENTATION('',(#3795),#3799);
#3795 = LINE('',#3796,#3797);
#3796 = CARTESIAN_POINT('',(0.378026314868,-0.228300012612));
#3797 = VECTOR('',#3798,1.);
#3798 = DIRECTION('',(-0.516964862336,-0.856006618613));
#3799 = ( GEOMETRIC_REPRESENTATION_CONTEXT(2) 
PARAMETRIC_REPRESENTATION_CONTEXT() REPRESENTATION_CONTEXT('2D SPACE',''
  ) );
#3800 = ORIENTED_EDGE('',*,*,#3801,.F.);
#3801 = EDGE_CURVE('',#255,#3779,#3802,.T.);
#3802 = SURFACE_CURVE('',#3803,(#3807,#3814),.PCURVE_S1.);
#3803 = LINE('',#3804,#3805);
#3804 = CARTESIAN_POINT('',(17.73178986026,47.864564334222,59.2));
#3805 = VECTOR('',#3806,1.);
#3806 = DIRECTION('',(-0.587785252292,0.809016994375,3.330669073875E-16)
  );
#3807 = PCURVE('',#187,#3808);
#3808 = DEFINITIONAL_REPRESENTATION('',(#3809),#3813);
#3809 = LINE('',#3810,#3811);
#3810 = CARTESIAN_POINT('',(12.078524887433,-9.769962616701E-15));
#3811 = VECTOR('',#3812,1.);
#3812 = DIRECTION('',(-1.,4.996003610813E-16));
#3813 = ( GEOMETRIC_REPRESENTATION_CONTEXT(2) 
PARAMETRIC_REPRESENTATION_CONTEXT() REPRESENTATION_CONTEXT('2D SPACE',''
  ) );
#3814 = PCURVE('',#293,#3815);
#3815 = DEFINITIONAL_REPRESENTATION('',(#3816),#3820);
#3816 = LINE('',#3817,#3818);
#3817 = CARTESIAN_POINT('',(17.73178986026,-2.046978397658));
#3818 = VECTOR('',#3819,1.);
#3819 = DIRECTION('',(-0.587785252292,0.809016994375));
#3820 = ( GEOMETRIC_REPRESENTATION_CONTEXT(2) 
PARAMETRIC_REPRESENTATION_CONTEXT() REPRESENTATION_CONTEXT('2D SPACE',''
  ) );
#3821 = ORIENTED_EDGE('',*,*,#254,.T.);
#3822 = ORIENTED_EDGE('',*,*,#173,.F.);
#3823 = ADVANCED_FACE('',(#3824),#240,.F.);
#3824 = FACE_BOUND('',#3825,.T.);
#3825 = EDGE_LOOP('',(#3826,#3854,#3855,#3856));
#3826 = ORIENTED_EDGE('',*,*,#3827,.T.);
#3827 = EDGE_CURVE('',#3828,#310,#3830,.T.);
#3828 = VERTEX_POINT('',#3829);
#3829 = CARTESIAN_POINT('',(16.805519615064,45.876894436999,59.2));
#3830 = SURFACE_CURVE('',#3831,(#3835,#3842),.PCURVE_S1.);
#3831 = LINE('',#3832,#3833);
#3832 = CARTESIAN_POINT('',(18.290702617411,45.520333544789,
    58.038567512937));
#3833 = VECTOR('',#3834,1.);
#3834 = DIRECTION('',(0.774012768736,-0.18582402503,-0.605288084762));
#3835 = PCURVE('',#240,#3836);
#3836 = DEFINITIONAL_REPRESENTATION('',(#3837),#3841);
#3837 = LINE('',#3838,#3839);
#3838 = CARTESIAN_POINT('',(0.378026314868,-0.228300012612));
#3839 = VECTOR('',#3840,1.);
#3840 = DIRECTION('',(-0.516964862336,-0.856006618613));
#3841 = ( GEOMETRIC_REPRESENTATION_CONTEXT(2) 
PARAMETRIC_REPRESENTATION_CONTEXT() REPRESENTATION_CONTEXT('2D SPACE',''
  ) );
#3842 = PCURVE('',#3843,#3848);
#3843 = PLANE('',#3844);
#3844 = AXIS2_PLACEMENT_3D('',#3845,#3846,#3847);
#3845 = CARTESIAN_POINT('',(11.709728582513,55.877947451343,59.2));
#3846 = DIRECTION('',(0.630036755335,0.32101976096,0.707106781187));
#3847 = DIRECTION('',(0.45399049974,-0.891006524188,-2.22044604925E-16)
  );
#3848 = DEFINITIONAL_REPRESENTATION('',(#3849),#3853);
#3849 = LINE('',#3850,#3851);
#3850 = CARTESIAN_POINT('',(12.21640125664,1.642513574985));
#3851 = VECTOR('',#3852,1.);
#3852 = DIRECTION('',(0.516964862336,0.856006618613));
#3853 = ( GEOMETRIC_REPRESENTATION_CONTEXT(2) 
PARAMETRIC_REPRESENTATION_CONTEXT() REPRESENTATION_CONTEXT('2D SPACE',''
  ) );
#3854 = ORIENTED_EDGE('',*,*,#309,.F.);
#3855 = ORIENTED_EDGE('',*,*,#224,.T.);
#3856 = ORIENTED_EDGE('',*,*,#3857,.F.);
#3857 = EDGE_CURVE('',#3828,#225,#3858,.T.);
#3858 = SURFACE_CURVE('',#3859,(#3863,#3870),.PCURVE_S1.);
#3859 = LINE('',#3860,#3861);
#3860 = CARTESIAN_POINT('',(7.724753503257,39.279331669901,59.2));
#3861 = VECTOR('',#3862,1.);
#3862 = DIRECTION('',(0.809016994375,0.587785252292,-5.551115123126E-16)
  );
#3863 = PCURVE('',#240,#3864);
#3864 = DEFINITIONAL_REPRESENTATION('',(#3865),#3869);
#3865 = LINE('',#3866,#3867);
#3866 = CARTESIAN_POINT('',(12.594427571508,1.414213562373));
#3867 = VECTOR('',#3868,1.);
#3868 = DIRECTION('',(-1.,6.938893903907E-16));
#3869 = ( GEOMETRIC_REPRESENTATION_CONTEXT(2) 
PARAMETRIC_REPRESENTATION_CONTEXT() REPRESENTATION_CONTEXT('2D SPACE',''
  ) );
#3870 = PCURVE('',#293,#3871);
#3871 = DEFINITIONAL_REPRESENTATION('',(#3872),#3876);
#3872 = LINE('',#3873,#3874);
#3873 = CARTESIAN_POINT('',(7.724753503257,-10.63221106197));
#3874 = VECTOR('',#3875,1.);
#3875 = DIRECTION('',(0.809016994375,0.587785252292));
#3876 = ( GEOMETRIC_REPRESENTATION_CONTEXT(2) 
PARAMETRIC_REPRESENTATION_CONTEXT() REPRESENTATION_CONTEXT('2D SPACE',''
  ) );
#3877 = ADVANCED_FACE('',(#3878,#3909),#293,.T.);
#3878 = FACE_BOUND('',#3879,.T.);
#3879 = EDGE_LOOP('',(#3880));
#3880 = ORIENTED_EDGE('',*,*,#3881,.F.);
#3881 = EDGE_CURVE('',#3882,#3882,#3884,.T.);
#3882 = VERTEX_POINT('',#3883);
#3883 = CARTESIAN_POINT('',(13.3,49.91154273188,59.2));
#3884 = SURFACE_CURVE('',#3885,(#3890,#3897),.PCURVE_S1.);
#3885 = CIRCLE('',#3886,13.3);
#3886 = AXIS2_PLACEMENT_3D('',#3887,#3888,#3889);
#3887 = CARTESIAN_POINT('',(1.15463194561E-14,49.91154273188,59.2));
#3888 = DIRECTION('',(5.947623346206E-16,1.110223024625E-16,1.));
#3889 = DIRECTION('',(1.,-9.42935300772E-31,-5.947623346206E-16));
#3890 = PCURVE('',#293,#3891);
#3891 = DEFINITIONAL_REPRESENTATION('',(#3892),#3896);
#3892 = CIRCLE('',#3893,13.3);
#3893 = AXIS2_PLACEMENT_2D('',#3894,#3895);
#3894 = CARTESIAN_POINT('',(0.,0.));
#3895 = DIRECTION('',(1.,-1.417484439069E-31));
#3896 = ( GEOMETRIC_REPRESENTATION_CONTEXT(2) 
PARAMETRIC_REPRESENTATION_CONTEXT() REPRESENTATION_CONTEXT('2D SPACE',''
  ) );
#3897 = PCURVE('',#3898,#3903);
#3898 = CYLINDRICAL_SURFACE('',#3899,13.3);
#3899 = AXIS2_PLACEMENT_3D('',#3900,#3901,#3902);
#3900 = CARTESIAN_POINT('',(1.15463194561E-14,49.91154273188,58.4));
#3901 = DIRECTION('',(5.947623346206E-16,1.110223024625E-16,1.));
#3902 = DIRECTION('',(1.,-9.42935300772E-31,-5.947623346206E-16));
#3903 = DEFINITIONAL_REPRESENTATION('',(#3904),#3908);
#3904 = LINE('',#3905,#3906);
#3905 = CARTESIAN_POINT('',(0.,0.8));
#3906 = VECTOR('',#3907,1.);
#3907 = DIRECTION('',(1.,0.));
#3908 = ( GEOMETRIC_REPRESENTATION_CONTEXT(2) 
PARAMETRIC_REPRESENTATION_CONTEXT() REPRESENTATION_CONTEXT('2D SPACE',''
  ) );
#3909 = FACE_BOUND('',#3910,.T.);
#3910 = EDGE_LOOP('',(#3911,#3912,#3913,#3914,#3937,#3966,#3994,#4022,
    #4051,#4079,#4107,#4136,#4164,#4192,#4221,#4249,#4277,#4306,#4334,
    #4362,#4391,#4419,#4447,#4476,#4504,#4532,#4561,#4589,#4617,#4646,
    #4674,#4702,#4731,#4759,#4787,#4816,#4844,#4872,#4901,#4929,#4957,
    #4986,#5014,#5042,#5071,#5099,#5127,#5156,#5184,#5212,#5241,#5269,
    #5297,#5326,#5354,#5382,#5411,#5439,#5467,#5496,#5524,#5552,#5581,
    #5609,#5637,#5666,#5694,#5722,#5751,#5779,#5807,#5836,#5864,#5892,
    #5921,#5949,#5977,#6006,#6034,#6062,#6091,#6119,#6147,#6176,#6204,
    #6232,#6261,#6289,#6317,#6346,#6374,#6402,#6431,#6459,#6487,#6516,
    #6544,#6572,#6601,#6629,#6657,#6686,#6714,#6742,#6771,#6799,#6827,
    #6856,#6884,#6912,#6941,#6969,#6997,#7026,#7054,#7082,#7111,#7139,
    #7167,#7196));
#3911 = ORIENTED_EDGE('',*,*,#3857,.T.);
#3912 = ORIENTED_EDGE('',*,*,#278,.T.);
#3913 = ORIENTED_EDGE('',*,*,#3801,.T.);
#3914 = ORIENTED_EDGE('',*,*,#3915,.T.);
#3915 = EDGE_CURVE('',#3779,#3916,#3918,.T.);
#3916 = VERTEX_POINT('',#3917);
#3917 = CARTESIAN_POINT('',(18.281680969283,49.607437263537,59.2));
#3918 = SURFACE_CURVE('',#3919,(#3923,#3930),.PCURVE_S1.);
#3919 = LINE('',#3920,#3921);
#3920 = CARTESIAN_POINT('',(9.292893218813,40.618649513067,59.2));
#3921 = VECTOR('',#3922,1.);
#3922 = DIRECTION('',(0.707106781187,0.707106781187,-4.996003610813E-16)
  );
#3923 = PCURVE('',#293,#3924);
#3924 = DEFINITIONAL_REPRESENTATION('',(#3925),#3929);
#3925 = LINE('',#3926,#3927);
#3926 = CARTESIAN_POINT('',(9.292893218813,-9.292893218813));
#3927 = VECTOR('',#3928,1.);
#3928 = DIRECTION('',(0.707106781187,0.707106781187));
#3929 = ( GEOMETRIC_REPRESENTATION_CONTEXT(2) 
PARAMETRIC_REPRESENTATION_CONTEXT() REPRESENTATION_CONTEXT('2D SPACE',''
  ) );
#3930 = PCURVE('',#3761,#3931);
#3931 = DEFINITIONAL_REPRESENTATION('',(#3932),#3936);
#3932 = LINE('',#3933,#3934);
#3933 = CARTESIAN_POINT('',(12.594427571508,1.414213562373));
#3934 = VECTOR('',#3935,1.);
#3935 = DIRECTION('',(-1.,5.551115123126E-16));
#3936 = ( GEOMETRIC_REPRESENTATION_CONTEXT(2) 
PARAMETRIC_REPRESENTATION_CONTEXT() REPRESENTATION_CONTEXT('2D SPACE',''
  ) );
#3937 = ORIENTED_EDGE('',*,*,#3938,.T.);
#3938 = EDGE_CURVE('',#3916,#3939,#3941,.T.);
#3939 = VERTEX_POINT('',#3940);
#3940 = CARTESIAN_POINT('',(18.281680969283,50.215648200224,59.2));
#3941 = SURFACE_CURVE('',#3942,(#3947,#3954),.PCURVE_S1.);
#3942 = CIRCLE('',#3943,18.284210105954);
#3943 = AXIS2_PLACEMENT_3D('',#3944,#3945,#3946);
#3944 = CARTESIAN_POINT('',(-3.357314426466E-12,49.91154273188,59.2));
#3945 = DIRECTION('',(5.947623346206E-16,1.110223024625E-16,1.));
#3946 = DIRECTION('',(1.,-9.42935300772E-31,-5.947623346206E-16));
#3947 = PCURVE('',#293,#3948);
#3948 = DEFINITIONAL_REPRESENTATION('',(#3949),#3953);
#3949 = CIRCLE('',#3950,18.284210105954);
#3950 = AXIS2_PLACEMENT_2D('',#3951,#3952);
#3951 = CARTESIAN_POINT('',(-3.368860745923E-12,-3.964918717915E-15));
#3952 = DIRECTION('',(1.,-1.417484439069E-31));
#3953 = ( GEOMETRIC_REPRESENTATION_CONTEXT(2) 
PARAMETRIC_REPRESENTATION_CONTEXT() REPRESENTATION_CONTEXT('2D SPACE',''
  ) );
#3954 = PCURVE('',#3955,#3960);
#3955 = CONICAL_SURFACE('',#3956,18.284210105954,0.785398163397);
#3956 = AXIS2_PLACEMENT_3D('',#3957,#3958,#3959);
#3957 = CARTESIAN_POINT('',(-3.357314426466E-12,49.91154273188,59.2));
#3958 = DIRECTION('',(-5.947623346206E-16,-1.110223024625E-16,-1.));
#3959 = DIRECTION('',(-1.,9.42935300772E-31,5.947623346206E-16));
#3960 = DEFINITIONAL_REPRESENTATION('',(#3961),#3965);
#3961 = LINE('',#3962,#3963);
#3962 = CARTESIAN_POINT('',(9.424777960769,3.36403249965E-13));
#3963 = VECTOR('',#3964,1.);
#3964 = DIRECTION('',(-1.,-5.339888211826E-14));
#3965 = ( GEOMETRIC_REPRESENTATION_CONTEXT(2) 
PARAMETRIC_REPRESENTATION_CONTEXT() REPRESENTATION_CONTEXT('2D SPACE',''
  ) );
#3966 = ORIENTED_EDGE('',*,*,#3967,.T.);
#3967 = EDGE_CURVE('',#3939,#3968,#3970,.T.);
#3968 = VERTEX_POINT('',#3969);
#3969 = CARTESIAN_POINT('',(17.229773829077,51.267555340431,59.2));
#3970 = SURFACE_CURVE('',#3971,(#3975,#3982),.PCURVE_S1.);
#3971 = LINE('',#3972,#3973);
#3972 = CARTESIAN_POINT('',(17.833700073448,50.663629096059,59.2));
#3973 = VECTOR('',#3974,1.);
#3974 = DIRECTION('',(-0.707106781187,0.707106781187,3.885780586188E-16)
  );
#3975 = PCURVE('',#293,#3976);
#3976 = DEFINITIONAL_REPRESENTATION('',(#3977),#3981);
#3977 = LINE('',#3978,#3979);
#3978 = CARTESIAN_POINT('',(17.833700073448,0.752086364179));
#3979 = VECTOR('',#3980,1.);
#3980 = DIRECTION('',(-0.707106781187,0.707106781187));
#3981 = ( GEOMETRIC_REPRESENTATION_CONTEXT(2) 
PARAMETRIC_REPRESENTATION_CONTEXT() REPRESENTATION_CONTEXT('2D SPACE',''
  ) );
#3982 = PCURVE('',#3983,#3988);
#3983 = PLANE('',#3984);
#3984 = AXIS2_PLACEMENT_3D('',#3985,#3986,#3987);
#3985 = CARTESIAN_POINT('',(9.292893218813,59.204435950694,59.2));
#3986 = DIRECTION('',(0.5,0.5,0.707106781187));
#3987 = DIRECTION('',(0.707106781187,-0.707106781187,-3.885780586188E-16
    ));
#3988 = DEFINITIONAL_REPRESENTATION('',(#3989),#3993);
#3989 = LINE('',#3990,#3991);
#3990 = CARTESIAN_POINT('',(12.078524887433,-1.95399252334E-14));
#3991 = VECTOR('',#3992,1.);
#3992 = DIRECTION('',(-1.,5.551115123126E-16));
#3993 = ( GEOMETRIC_REPRESENTATION_CONTEXT(2) 
PARAMETRIC_REPRESENTATION_CONTEXT() REPRESENTATION_CONTEXT('2D SPACE',''
  ) );
#3994 = ORIENTED_EDGE('',*,*,#3995,.T.);
#3995 = EDGE_CURVE('',#3968,#3996,#3998,.T.);
#3996 = VERTEX_POINT('',#3997);
#3997 = CARTESIAN_POINT('',(18.104175716097,52.471066288952,59.2));
#3998 = SURFACE_CURVE('',#3999,(#4003,#4010),.PCURVE_S1.);
#3999 = LINE('',#4000,#4001);
#4000 = CARTESIAN_POINT('',(10.632211061979,42.186789228624,59.2));
#4001 = VECTOR('',#4002,1.);
#4002 = DIRECTION('',(0.587785252292,0.809016994375,-4.440892098501E-16)
  );
#4003 = PCURVE('',#293,#4004);
#4004 = DEFINITIONAL_REPRESENTATION('',(#4005),#4009);
#4005 = LINE('',#4006,#4007);
#4006 = CARTESIAN_POINT('',(10.632211061979,-7.724753503257));
#4007 = VECTOR('',#4008,1.);
#4008 = DIRECTION('',(0.587785252292,0.809016994375));
#4009 = ( GEOMETRIC_REPRESENTATION_CONTEXT(2) 
PARAMETRIC_REPRESENTATION_CONTEXT() REPRESENTATION_CONTEXT('2D SPACE',''
  ) );
#4010 = PCURVE('',#4011,#4016);
#4011 = PLANE('',#4012);
#4012 = AXIS2_PLACEMENT_3D('',#4013,#4014,#4015);
#4013 = CARTESIAN_POINT('',(18.844046843952,51.788109916105,58.2));
#4014 = DIRECTION('',(-0.572061402818,0.415626937777,-0.707106781187));
#4015 = DIRECTION('',(-0.587785252292,-0.809016994375,1.054711873394E-15
    ));
#4016 = DEFINITIONAL_REPRESENTATION('',(#4017),#4021);
#4017 = LINE('',#4018,#4019);
#4018 = CARTESIAN_POINT('',(12.594427571508,1.414213562373));
#4019 = VECTOR('',#4020,1.);
#4020 = DIRECTION('',(-1.,6.106226635438E-16));
#4021 = ( GEOMETRIC_REPRESENTATION_CONTEXT(2) 
PARAMETRIC_REPRESENTATION_CONTEXT() REPRESENTATION_CONTEXT('2D SPACE',''
  ) );
#4022 = ORIENTED_EDGE('',*,*,#4023,.T.);
#4023 = EDGE_CURVE('',#3996,#4024,#4026,.T.);
#4024 = VERTEX_POINT('',#4025);
#4025 = CARTESIAN_POINT('',(18.009030563585,53.07178913974,59.2));
#4026 = SURFACE_CURVE('',#4027,(#4032,#4039),.PCURVE_S1.);
#4027 = CIRCLE('',#4028,18.284210105952);
#4028 = AXIS2_PLACEMENT_3D('',#4029,#4030,#4031);
#4029 = CARTESIAN_POINT('',(-1.553424056056E-12,49.91154273188,59.2));
#4030 = DIRECTION('',(5.947623346206E-16,1.110223024625E-16,1.));
#4031 = DIRECTION('',(1.,-9.42935300772E-31,-5.947623346206E-16));
#4032 = PCURVE('',#293,#4033);
#4033 = DEFINITIONAL_REPRESENTATION('',(#4034),#4038);
#4034 = CIRCLE('',#4035,18.284210105952);
#4035 = AXIS2_PLACEMENT_2D('',#4036,#4037);
#4036 = CARTESIAN_POINT('',(-1.564970375512E-12,-3.327047356071E-13));
#4037 = DIRECTION('',(1.,-1.417484439069E-31));
#4038 = ( GEOMETRIC_REPRESENTATION_CONTEXT(2) 
PARAMETRIC_REPRESENTATION_CONTEXT() REPRESENTATION_CONTEXT('2D SPACE',''
  ) );
#4039 = PCURVE('',#4040,#4045);
#4040 = CONICAL_SURFACE('',#4041,18.284210105952,0.785398163397);
#4041 = AXIS2_PLACEMENT_3D('',#4042,#4043,#4044);
#4042 = CARTESIAN_POINT('',(-1.553424056056E-12,49.91154273188,59.2));
#4043 = DIRECTION('',(-5.947623346206E-16,-1.110223024625E-16,-1.));
#4044 = DIRECTION('',(-1.,9.42935300772E-31,5.947623346206E-16));
#4045 = DEFINITIONAL_REPRESENTATION('',(#4046),#4050);
#4046 = LINE('',#4047,#4048);
#4047 = CARTESIAN_POINT('',(3.14159265359,9.276055208332E-15));
#4048 = VECTOR('',#4049,1.);
#4049 = DIRECTION('',(-1.,-5.339888211826E-14));
#4050 = ( GEOMETRIC_REPRESENTATION_CONTEXT(2) 
PARAMETRIC_REPRESENTATION_CONTEXT() REPRESENTATION_CONTEXT('2D SPACE',''
  ) );
#4051 = ORIENTED_EDGE('',*,*,#4052,.T.);
#4052 = EDGE_CURVE('',#4024,#4053,#4055,.T.);
#4053 = VERTEX_POINT('',#4054);
#4054 = CARTESIAN_POINT('',(16.805519615064,53.946191026761,59.2));
#4055 = SURFACE_CURVE('',#4056,(#4060,#4067),.PCURVE_S1.);
#4056 = LINE('',#4057,#4058);
#4057 = CARTESIAN_POINT('',(17.496485404171,53.444174995578,59.2));
#4058 = VECTOR('',#4059,1.);
#4059 = DIRECTION('',(-0.809016994375,0.587785252292,4.996003610813E-16)
  );
#4060 = PCURVE('',#293,#4061);
#4061 = DEFINITIONAL_REPRESENTATION('',(#4062),#4066);
#4062 = LINE('',#4063,#4064);
#4063 = CARTESIAN_POINT('',(17.496485404171,3.532632263698));
#4064 = VECTOR('',#4065,1.);
#4065 = DIRECTION('',(-0.809016994375,0.587785252292));
#4066 = ( GEOMETRIC_REPRESENTATION_CONTEXT(2) 
PARAMETRIC_REPRESENTATION_CONTEXT() REPRESENTATION_CONTEXT('2D SPACE',''
  ) );
#4067 = PCURVE('',#4068,#4073);
#4068 = PLANE('',#4069);
#4069 = AXIS2_PLACEMENT_3D('',#4070,#4071,#4072);
#4070 = CARTESIAN_POINT('',(7.724753503257,60.543753793859,59.2));
#4071 = DIRECTION('',(0.415626937777,0.572061402818,0.707106781187));
#4072 = DIRECTION('',(0.809016994375,-0.587785252292,0.));
#4073 = DEFINITIONAL_REPRESENTATION('',(#4074),#4078);
#4074 = LINE('',#4075,#4076);
#4075 = CARTESIAN_POINT('',(12.078524887433,1.33226762955E-14));
#4076 = VECTOR('',#4077,1.);
#4077 = DIRECTION('',(-1.,5.551115123126E-16));
#4078 = ( GEOMETRIC_REPRESENTATION_CONTEXT(2) 
PARAMETRIC_REPRESENTATION_CONTEXT() REPRESENTATION_CONTEXT('2D SPACE',''
  ) );
#4079 = ORIENTED_EDGE('',*,*,#4080,.T.);
#4080 = EDGE_CURVE('',#4053,#4081,#4083,.T.);
#4081 = VERTEX_POINT('',#4082);
#4082 = CARTESIAN_POINT('',(17.480885572467,55.271671349821,59.2));
#4083 = SURFACE_CURVE('',#4084,(#4088,#4095),.PCURVE_S1.);
#4084 = LINE('',#4085,#4086);
#4085 = CARTESIAN_POINT('',(11.709728582513,43.945138012418,59.2));
#4086 = VECTOR('',#4087,1.);
#4087 = DIRECTION('',(0.45399049974,0.891006524188,-3.885780586188E-16)
  );
#4088 = PCURVE('',#293,#4089);
#4089 = DEFINITIONAL_REPRESENTATION('',(#4090),#4094);
#4090 = LINE('',#4091,#4092);
#4091 = CARTESIAN_POINT('',(11.709728582513,-5.966404719463));
#4092 = VECTOR('',#4093,1.);
#4093 = DIRECTION('',(0.45399049974,0.891006524188));
#4094 = ( GEOMETRIC_REPRESENTATION_CONTEXT(2) 
PARAMETRIC_REPRESENTATION_CONTEXT() REPRESENTATION_CONTEXT('2D SPACE',''
  ) );
#4095 = PCURVE('',#4096,#4101);
#4096 = PLANE('',#4097);
#4097 = AXIS2_PLACEMENT_3D('',#4098,#4099,#4100);
#4098 = CARTESIAN_POINT('',(18.318485573823,54.712864647309,58.2));
#4099 = DIRECTION('',(-0.630036755335,0.32101976096,-0.707106781187));
#4100 = DIRECTION('',(-0.45399049974,-0.891006524188,4.440892098501E-16)
  );
#4101 = DEFINITIONAL_REPRESENTATION('',(#4102),#4106);
#4102 = LINE('',#4103,#4104);
#4103 = CARTESIAN_POINT('',(12.594427571508,1.414213562373));
#4104 = VECTOR('',#4105,1.);
#4105 = DIRECTION('',(-1.,3.330669073875E-16));
#4106 = ( GEOMETRIC_REPRESENTATION_CONTEXT(2) 
PARAMETRIC_REPRESENTATION_CONTEXT() REPRESENTATION_CONTEXT('2D SPACE',''
  ) );
#4107 = ORIENTED_EDGE('',*,*,#4108,.T.);
#4108 = EDGE_CURVE('',#4081,#4109,#4111,.T.);
#4109 = VERTEX_POINT('',#4110);
#4110 = CARTESIAN_POINT('',(17.292938056866,55.850114324439,59.2));
#4111 = SURFACE_CURVE('',#4112,(#4117,#4124),.PCURVE_S1.);
#4112 = CIRCLE('',#4113,18.284210105952);
#4113 = AXIS2_PLACEMENT_3D('',#4114,#4115,#4116);
#4114 = CARTESIAN_POINT('',(-2.113864638886E-12,49.91154273188,59.2));
#4115 = DIRECTION('',(5.947623346206E-16,1.110223024625E-16,1.));
#4116 = DIRECTION('',(1.,-9.42935300772E-31,-5.947623346206E-16));
#4117 = PCURVE('',#293,#4118);
#4118 = DEFINITIONAL_REPRESENTATION('',(#4119),#4123);
#4119 = CIRCLE('',#4120,18.284210105952);
#4120 = AXIS2_PLACEMENT_2D('',#4121,#4122);
#4121 = CARTESIAN_POINT('',(-2.125410958342E-12,-5.666987083055E-13));
#4122 = DIRECTION('',(1.,-1.417484439069E-31));
#4123 = ( GEOMETRIC_REPRESENTATION_CONTEXT(2) 
PARAMETRIC_REPRESENTATION_CONTEXT() REPRESENTATION_CONTEXT('2D SPACE',''
  ) );
#4124 = PCURVE('',#4125,#4130);
#4125 = CONICAL_SURFACE('',#4126,18.284210105952,0.785398163397);
#4126 = AXIS2_PLACEMENT_3D('',#4127,#4128,#4129);
#4127 = CARTESIAN_POINT('',(-2.113864638886E-12,49.91154273188,59.2));
#4128 = DIRECTION('',(-5.947623346206E-16,-1.110223024625E-16,-1.));
#4129 = DIRECTION('',(-1.,9.42935300772E-31,5.947623346206E-16));
#4130 = DEFINITIONAL_REPRESENTATION('',(#4131),#4135);
#4131 = LINE('',#4132,#4133);
#4132 = CARTESIAN_POINT('',(3.14159265359,0.));
#4133 = VECTOR('',#4134,1.);
#4134 = DIRECTION('',(-1.,0.));
#4135 = ( GEOMETRIC_REPRESENTATION_CONTEXT(2) 
PARAMETRIC_REPRESENTATION_CONTEXT() REPRESENTATION_CONTEXT('2D SPACE',''
  ) );
#4136 = ORIENTED_EDGE('',*,*,#4137,.T.);
#4137 = EDGE_CURVE('',#4109,#4138,#4140,.T.);
#4138 = VERTEX_POINT('',#4139);
#4139 = CARTESIAN_POINT('',(15.967457733806,56.525480281842,59.2));
#4140 = SURFACE_CURVE('',#4141,(#4145,#4152),.PCURVE_S1.);
#4141 = LINE('',#4142,#4143);
#4142 = CARTESIAN_POINT('',(16.728449196737,56.13773576463,59.2));
#4143 = VECTOR('',#4144,1.);
#4144 = DIRECTION('',(-0.891006524188,0.45399049974,4.996003610813E-16)
  );
#4145 = PCURVE('',#293,#4146);
#4146 = DEFINITIONAL_REPRESENTATION('',(#4147),#4151);
#4147 = LINE('',#4148,#4149);
#4148 = CARTESIAN_POINT('',(16.728449196737,6.22619303275));
#4149 = VECTOR('',#4150,1.);
#4150 = DIRECTION('',(-0.891006524188,0.45399049974));
#4151 = ( GEOMETRIC_REPRESENTATION_CONTEXT(2) 
PARAMETRIC_REPRESENTATION_CONTEXT() REPRESENTATION_CONTEXT('2D SPACE',''
  ) );
#4152 = PCURVE('',#4153,#4158);
#4153 = PLANE('',#4154);
#4154 = AXIS2_PLACEMENT_3D('',#4155,#4156,#4157);
#4155 = CARTESIAN_POINT('',(5.966404719463,61.621271314393,59.2));
#4156 = DIRECTION('',(0.32101976096,0.630036755335,0.707106781187));
#4157 = DIRECTION('',(0.891006524188,-0.45399049974,-3.053113317719E-16)
  );
#4158 = DEFINITIONAL_REPRESENTATION('',(#4159),#4163);
#4159 = LINE('',#4160,#4161);
#4160 = CARTESIAN_POINT('',(12.078524887433,1.59872115546E-14));
#4161 = VECTOR('',#4162,1.);
#4162 = DIRECTION('',(-1.,4.718447854657E-16));
#4163 = ( GEOMETRIC_REPRESENTATION_CONTEXT(2) 
PARAMETRIC_REPRESENTATION_CONTEXT() REPRESENTATION_CONTEXT('2D SPACE',''
  ) );
#4164 = ORIENTED_EDGE('',*,*,#4165,.T.);
#4165 = EDGE_CURVE('',#4138,#4166,#4168,.T.);
#4166 = VERTEX_POINT('',#4167);
#4167 = CARTESIAN_POINT('',(16.427158010309,57.940292254869,59.2));
#4168 = SURFACE_CURVE('',#4169,(#4173,#4180),.PCURVE_S1.);
#4169 = LINE('',#4170,#4171);
#4170 = CARTESIAN_POINT('',(12.498913722984,45.850399481767,59.2));
#4171 = VECTOR('',#4172,1.);
#4172 = DIRECTION('',(0.309016994375,0.951056516295,-3.330669073875E-16)
  );
#4173 = PCURVE('',#293,#4174);
#4174 = DEFINITIONAL_REPRESENTATION('',(#4175),#4179);
#4175 = LINE('',#4176,#4177);
#4176 = CARTESIAN_POINT('',(12.498913722984,-4.061143250113));
#4177 = VECTOR('',#4178,1.);
#4178 = DIRECTION('',(0.309016994375,0.951056516295));
#4179 = ( GEOMETRIC_REPRESENTATION_CONTEXT(2) 
PARAMETRIC_REPRESENTATION_CONTEXT() REPRESENTATION_CONTEXT('2D SPACE',''
  ) );
#4180 = PCURVE('',#4181,#4186);
#4181 = PLANE('',#4182);
#4182 = AXIS2_PLACEMENT_3D('',#4183,#4184,#4185);
#4183 = CARTESIAN_POINT('',(17.3418623933,57.519394898282,58.2));
#4184 = DIRECTION('',(-0.672498511964,0.218508012224,-0.707106781187));
#4185 = DIRECTION('',(-0.309016994375,-0.951056516295,5.551115123126E-16
    ));
#4186 = DEFINITIONAL_REPRESENTATION('',(#4187),#4191);
#4187 = LINE('',#4188,#4189);
#4188 = CARTESIAN_POINT('',(12.594427571508,1.414213562373));
#4189 = VECTOR('',#4190,1.);
#4190 = DIRECTION('',(-1.,4.163336342344E-16));
#4191 = ( GEOMETRIC_REPRESENTATION_CONTEXT(2) 
PARAMETRIC_REPRESENTATION_CONTEXT() REPRESENTATION_CONTEXT('2D SPACE',''
  ) );
#4192 = ORIENTED_EDGE('',*,*,#4193,.T.);
#4193 = EDGE_CURVE('',#4166,#4194,#4196,.T.);
#4194 = VERTEX_POINT('',#4195);
#4195 = CARTESIAN_POINT('',(16.151036023215,58.48221216754,59.2));
#4196 = SURFACE_CURVE('',#4197,(#4202,#4209),.PCURVE_S1.);
#4197 = CIRCLE('',#4198,18.284210105953);
#4198 = AXIS2_PLACEMENT_3D('',#4199,#4200,#4201);
#4199 = CARTESIAN_POINT('',(-2.285283073888E-12,49.911542731879,59.2));
#4200 = DIRECTION('',(5.947623346206E-16,1.110223024625E-16,1.));
#4201 = DIRECTION('',(1.,-9.42935300772E-31,-5.947623346206E-16));
#4202 = PCURVE('',#293,#4203);
#4203 = DEFINITIONAL_REPRESENTATION('',(#4204),#4208);
#4204 = CIRCLE('',#4205,18.284210105953);
#4205 = AXIS2_PLACEMENT_2D('',#4206,#4207);
#4206 = CARTESIAN_POINT('',(-2.296829393345E-12,-1.226366903962E-12));
#4207 = DIRECTION('',(1.,-1.417484439069E-31));
#4208 = ( GEOMETRIC_REPRESENTATION_CONTEXT(2) 
PARAMETRIC_REPRESENTATION_CONTEXT() REPRESENTATION_CONTEXT('2D SPACE',''
  ) );
#4209 = PCURVE('',#4210,#4215);
#4210 = CONICAL_SURFACE('',#4211,18.284210105953,0.785398163397);
#4211 = AXIS2_PLACEMENT_3D('',#4212,#4213,#4214);
#4212 = CARTESIAN_POINT('',(-2.285283073888E-12,49.911542731879,59.2));
#4213 = DIRECTION('',(-5.947623346206E-16,-1.110223024625E-16,-1.));
#4214 = DIRECTION('',(-1.,9.42935300772E-31,5.947623346206E-16));
#4215 = DEFINITIONAL_REPRESENTATION('',(#4216),#4220);
#4216 = LINE('',#4217,#4218);
#4217 = CARTESIAN_POINT('',(3.14159265359,0.));
#4218 = VECTOR('',#4219,1.);
#4219 = DIRECTION('',(-1.,0.));
#4220 = ( GEOMETRIC_REPRESENTATION_CONTEXT(2) 
PARAMETRIC_REPRESENTATION_CONTEXT() REPRESENTATION_CONTEXT('2D SPACE',''
  ) );
#4221 = ORIENTED_EDGE('',*,*,#4222,.T.);
#4222 = EDGE_CURVE('',#4194,#4223,#4225,.T.);
#4223 = VERTEX_POINT('',#4224);
#4224 = CARTESIAN_POINT('',(14.736224050188,58.941912444042,59.2));
#4225 = SURFACE_CURVE('',#4226,(#4230,#4237),.PCURVE_S1.);
#4226 = LINE('',#4227,#4228);
#4227 = CARTESIAN_POINT('',(15.54850305154,58.677986997666,59.2));
#4228 = VECTOR('',#4229,1.);
#4229 = DIRECTION('',(-0.951056516295,0.309016994375,5.551115123126E-16)
  );
#4230 = PCURVE('',#293,#4231);
#4231 = DEFINITIONAL_REPRESENTATION('',(#4232),#4236);
#4232 = LINE('',#4233,#4234);
#4233 = CARTESIAN_POINT('',(15.54850305154,8.766444265786));
#4234 = VECTOR('',#4235,1.);
#4235 = DIRECTION('',(-0.951056516295,0.309016994375));
#4236 = ( GEOMETRIC_REPRESENTATION_CONTEXT(2) 
PARAMETRIC_REPRESENTATION_CONTEXT() REPRESENTATION_CONTEXT('2D SPACE',''
  ) );
#4237 = PCURVE('',#4238,#4243);
#4238 = PLANE('',#4239);
#4239 = AXIS2_PLACEMENT_3D('',#4240,#4241,#4242);
#4240 = CARTESIAN_POINT('',(4.061143250113,62.410456454864,59.2));
#4241 = DIRECTION('',(0.218508012224,0.672498511964,0.707106781187));
#4242 = DIRECTION('',(0.951056516295,-0.309016994375,-2.22044604925E-16)
  );
#4243 = DEFINITIONAL_REPRESENTATION('',(#4244),#4248);
#4244 = LINE('',#4245,#4246);
#4245 = CARTESIAN_POINT('',(12.078524887433,-1.42108547152E-14));
#4246 = VECTOR('',#4247,1.);
#4247 = DIRECTION('',(-1.,3.053113317719E-16));
#4248 = ( GEOMETRIC_REPRESENTATION_CONTEXT(2) 
PARAMETRIC_REPRESENTATION_CONTEXT() REPRESENTATION_CONTEXT('2D SPACE',''
  ) );
#4249 = ORIENTED_EDGE('',*,*,#4250,.T.);
#4250 = EDGE_CURVE('',#4223,#4251,#4253,.T.);
#4251 = VERTEX_POINT('',#4252);
#4252 = CARTESIAN_POINT('',(14.968939299325,60.411218700769,59.2));
#4253 = SURFACE_CURVE('',#4254,(#4258,#4265),.PCURVE_S1.);
#4254 = LINE('',#4255,#4256);
#4255 = CARTESIAN_POINT('',(12.980334126079,47.855659776096,59.2));
#4256 = VECTOR('',#4257,1.);
#4257 = DIRECTION('',(0.15643446504,0.987688340595,-1.665334536938E-16)
  );
#4258 = PCURVE('',#293,#4259);
#4259 = DEFINITIONAL_REPRESENTATION('',(#4260),#4264);
#4260 = LINE('',#4261,#4262);
#4261 = CARTESIAN_POINT('',(12.980334126079,-2.055882955785));
#4262 = VECTOR('',#4263,1.);
#4263 = DIRECTION('',(0.15643446504,0.987688340595));
#4264 = ( GEOMETRIC_REPRESENTATION_CONTEXT(2) 
PARAMETRIC_REPRESENTATION_CONTEXT() REPRESENTATION_CONTEXT('2D SPACE',''
  ) );
#4265 = PCURVE('',#4266,#4271);
#4266 = PLANE('',#4267);
#4267 = AXIS2_PLACEMENT_3D('',#4268,#4269,#4270);
#4268 = CARTESIAN_POINT('',(15.938225006311,60.138594579904,58.2));
#4269 = DIRECTION('',(-0.698401123334,0.110615871041,-0.707106781187));
#4270 = DIRECTION('',(-0.15643446504,-0.987688340595,5.551115123126E-17)
  );
#4271 = DEFINITIONAL_REPRESENTATION('',(#4272),#4276);
#4272 = LINE('',#4273,#4274);
#4273 = CARTESIAN_POINT('',(12.594427571508,1.414213562373));
#4274 = VECTOR('',#4275,1.);
#4275 = DIRECTION('',(-1.,2.775557561563E-16));
#4276 = ( GEOMETRIC_REPRESENTATION_CONTEXT(2) 
PARAMETRIC_REPRESENTATION_CONTEXT() REPRESENTATION_CONTEXT('2D SPACE',''
  ) );
#4277 = ORIENTED_EDGE('',*,*,#4278,.T.);
#4278 = EDGE_CURVE('',#4251,#4279,#4281,.T.);
#4279 = VERTEX_POINT('',#4280);
#4280 = CARTESIAN_POINT('',(14.611441880458,60.903271684713,59.2));
#4281 = SURFACE_CURVE('',#4282,(#4287,#4294),.PCURVE_S1.);
#4282 = CIRCLE('',#4283,18.284210105953);
#4283 = AXIS2_PLACEMENT_3D('',#4284,#4285,#4286);
#4284 = CARTESIAN_POINT('',(-1.816324868287E-12,49.911542731879,59.2));
#4285 = DIRECTION('',(5.947623346206E-16,1.110223024625E-16,1.));
#4286 = DIRECTION('',(1.,-9.42935300772E-31,-5.947623346206E-16));
#4287 = PCURVE('',#293,#4288);
#4288 = DEFINITIONAL_REPRESENTATION('',(#4289),#4293);
#4289 = CIRCLE('',#4290,18.284210105953);
#4290 = AXIS2_PLACEMENT_2D('',#4291,#4292);
#4291 = CARTESIAN_POINT('',(-1.827871187743E-12,-1.399110739053E-12));
#4292 = DIRECTION('',(1.,-1.417484439069E-31));
#4293 = ( GEOMETRIC_REPRESENTATION_CONTEXT(2) 
PARAMETRIC_REPRESENTATION_CONTEXT() REPRESENTATION_CONTEXT('2D SPACE',''
  ) );
#4294 = PCURVE('',#4295,#4300);
#4295 = CONICAL_SURFACE('',#4296,18.284210105953,0.785398163397);
#4296 = AXIS2_PLACEMENT_3D('',#4297,#4298,#4299);
#4297 = CARTESIAN_POINT('',(-1.816324868287E-12,49.911542731879,59.2));
#4298 = DIRECTION('',(-5.947623346206E-16,-1.110223024625E-16,-1.));
#4299 = DIRECTION('',(-1.,9.42935300772E-31,5.947623346206E-16));
#4300 = DEFINITIONAL_REPRESENTATION('',(#4301),#4305);
#4301 = LINE('',#4302,#4303);
#4302 = CARTESIAN_POINT('',(3.14159265359,-3.443968557423E-14));
#4303 = VECTOR('',#4304,1.);
#4304 = DIRECTION('',(-1.,5.339888211826E-14));
#4305 = ( GEOMETRIC_REPRESENTATION_CONTEXT(2) 
PARAMETRIC_REPRESENTATION_CONTEXT() REPRESENTATION_CONTEXT('2D SPACE',''
  ) );
#4306 = ORIENTED_EDGE('',*,*,#4307,.T.);
#4307 = EDGE_CURVE('',#4279,#4308,#4310,.T.);
#4308 = VERTEX_POINT('',#4309);
#4309 = CARTESIAN_POINT('',(13.142135623731,61.13598693385,59.2));
#4310 = SURFACE_CURVE('',#4311,(#4315,#4322),.PCURVE_S1.);
#4311 = LINE('',#4312,#4313);
#4312 = CARTESIAN_POINT('',(13.985701158691,61.002379278718,59.2));
#4313 = VECTOR('',#4314,1.);
#4314 = DIRECTION('',(-0.987688340595,0.15643446504,5.828670879282E-16)
  );
#4315 = PCURVE('',#293,#4316);
#4316 = DEFINITIONAL_REPRESENTATION('',(#4317),#4321);
#4317 = LINE('',#4318,#4319);
#4318 = CARTESIAN_POINT('',(13.985701158691,11.090836546838));
#4319 = VECTOR('',#4320,1.);
#4320 = DIRECTION('',(-0.987688340595,0.15643446504));
#4321 = ( GEOMETRIC_REPRESENTATION_CONTEXT(2) 
PARAMETRIC_REPRESENTATION_CONTEXT() REPRESENTATION_CONTEXT('2D SPACE',''
  ) );
#4322 = PCURVE('',#4323,#4328);
#4323 = PLANE('',#4324);
#4324 = AXIS2_PLACEMENT_3D('',#4325,#4326,#4327);
#4325 = CARTESIAN_POINT('',(2.055882955785,62.891876857959,59.2));
#4326 = DIRECTION('',(0.110615871041,0.698401123334,0.707106781187));
#4327 = DIRECTION('',(0.987688340595,-0.15643446504,-4.718447854657E-16)
  );
#4328 = DEFINITIONAL_REPRESENTATION('',(#4329),#4333);
#4329 = LINE('',#4330,#4331);
#4330 = CARTESIAN_POINT('',(12.078524887433,-3.075317778212E-14));
#4331 = VECTOR('',#4332,1.);
#4332 = DIRECTION('',(-1.,2.081668171172E-16));
#4333 = ( GEOMETRIC_REPRESENTATION_CONTEXT(2) 
PARAMETRIC_REPRESENTATION_CONTEXT() REPRESENTATION_CONTEXT('2D SPACE',''
  ) );
#4334 = ORIENTED_EDGE('',*,*,#4335,.T.);
#4335 = EDGE_CURVE('',#4308,#4336,#4338,.T.);
#4336 = VERTEX_POINT('',#4337);
#4337 = CARTESIAN_POINT('',(13.142135623731,62.623608277888,59.2));
#4338 = SURFACE_CURVE('',#4339,(#4343,#4350),.PCURVE_S1.);
#4339 = LINE('',#4340,#4341);
#4340 = CARTESIAN_POINT('',(13.142135623731,49.91154273188,59.2));
#4341 = VECTOR('',#4342,1.);
#4342 = DIRECTION('',(6.902532920684E-31,1.,-1.110223024625E-16));
#4343 = PCURVE('',#293,#4344);
#4344 = DEFINITIONAL_REPRESENTATION('',(#4345),#4349);
#4345 = LINE('',#4346,#4347);
#4346 = CARTESIAN_POINT('',(13.142135623731,-5.669508517832E-17));
#4347 = VECTOR('',#4348,1.);
#4348 = DIRECTION('',(-1.54074395551E-31,1.));
#4349 = ( GEOMETRIC_REPRESENTATION_CONTEXT(2) 
PARAMETRIC_REPRESENTATION_CONTEXT() REPRESENTATION_CONTEXT('2D SPACE',''
  ) );
#4350 = PCURVE('',#4351,#4356);
#4351 = PLANE('',#4352);
#4352 = AXIS2_PLACEMENT_3D('',#4353,#4354,#4355);
#4353 = CARTESIAN_POINT('',(14.142135623731,62.505970303388,58.2));
#4354 = DIRECTION('',(-0.707106781187,0.,-0.707106781187));
#4355 = DIRECTION('',(-6.902532920684E-31,-1.,1.110223024625E-16));
#4356 = DEFINITIONAL_REPRESENTATION('',(#4357),#4361);
#4357 = LINE('',#4358,#4359);
#4358 = CARTESIAN_POINT('',(12.594427571508,1.414213562373));
#4359 = VECTOR('',#4360,1.);
#4360 = DIRECTION('',(-1.,5.551115123126E-17));
#4361 = ( GEOMETRIC_REPRESENTATION_CONTEXT(2) 
PARAMETRIC_REPRESENTATION_CONTEXT() REPRESENTATION_CONTEXT('2D SPACE',''
  ) );
#4362 = ORIENTED_EDGE('',*,*,#4363,.T.);
#4363 = EDGE_CURVE('',#4336,#4364,#4366,.T.);
#4364 = VERTEX_POINT('',#4365);
#4365 = CARTESIAN_POINT('',(12.712065546008,63.053678355611,59.2));
#4366 = SURFACE_CURVE('',#4367,(#4372,#4379),.PCURVE_S1.);
#4367 = CIRCLE('',#4368,18.284210105954);
#4368 = AXIS2_PLACEMENT_3D('',#4369,#4370,#4371);
#4369 = CARTESIAN_POINT('',(-2.480682326222E-12,49.911542731878,59.2));
#4370 = DIRECTION('',(5.947623346206E-16,1.110223024625E-16,1.));
#4371 = DIRECTION('',(1.,-9.42935300772E-31,-5.947623346206E-16));
#4372 = PCURVE('',#293,#4373);
#4373 = DEFINITIONAL_REPRESENTATION('',(#4374),#4378);
#4374 = CIRCLE('',#4375,18.284210105954);
#4375 = AXIS2_PLACEMENT_2D('',#4376,#4377);
#4376 = CARTESIAN_POINT('',(-2.492228645679E-12,-2.490194433226E-12));
#4377 = DIRECTION('',(1.,-1.417484439069E-31));
#4378 = ( GEOMETRIC_REPRESENTATION_CONTEXT(2) 
PARAMETRIC_REPRESENTATION_CONTEXT() REPRESENTATION_CONTEXT('2D SPACE',''
  ) );
#4379 = PCURVE('',#4380,#4385);
#4380 = CONICAL_SURFACE('',#4381,18.284210105954,0.785398163397);
#4381 = AXIS2_PLACEMENT_3D('',#4382,#4383,#4384);
#4382 = CARTESIAN_POINT('',(-2.480682326222E-12,49.911542731878,59.2));
#4383 = DIRECTION('',(-5.947623346206E-16,-1.110223024625E-16,-1.));
#4384 = DIRECTION('',(-1.,9.42935300772E-31,5.947623346206E-16));
#4385 = DEFINITIONAL_REPRESENTATION('',(#4386),#4390);
#4386 = LINE('',#4387,#4388);
#4387 = CARTESIAN_POINT('',(3.14159265359,1.7763568394E-15));
#4388 = VECTOR('',#4389,1.);
#4389 = DIRECTION('',(-1.,0.));
#4390 = ( GEOMETRIC_REPRESENTATION_CONTEXT(2) 
PARAMETRIC_REPRESENTATION_CONTEXT() REPRESENTATION_CONTEXT('2D SPACE',''
  ) );
#4391 = ORIENTED_EDGE('',*,*,#4392,.T.);
#4392 = EDGE_CURVE('',#4364,#4393,#4395,.T.);
#4393 = VERTEX_POINT('',#4394);
#4394 = CARTESIAN_POINT('',(11.22444420197,63.053678355611,59.2));
#4395 = SURFACE_CURVE('',#4396,(#4400,#4407),.PCURVE_S1.);
#4396 = LINE('',#4397,#4398);
#4397 = CARTESIAN_POINT('',(12.078524887433,63.053678355611,59.2));
#4398 = VECTOR('',#4399,1.);
#4399 = DIRECTION('',(-1.,9.42935300772E-31,5.947623346206E-16));
#4400 = PCURVE('',#293,#4401);
#4401 = DEFINITIONAL_REPRESENTATION('',(#4402),#4406);
#4402 = LINE('',#4403,#4404);
#4403 = CARTESIAN_POINT('',(12.078524887433,13.142135623731));
#4404 = VECTOR('',#4405,1.);
#4405 = DIRECTION('',(-1.,1.417484439069E-31));
#4406 = ( GEOMETRIC_REPRESENTATION_CONTEXT(2) 
PARAMETRIC_REPRESENTATION_CONTEXT() REPRESENTATION_CONTEXT('2D SPACE',''
  ) );
#4407 = PCURVE('',#4408,#4413);
#4408 = PLANE('',#4409);
#4409 = AXIS2_PLACEMENT_3D('',#4410,#4411,#4412);
#4410 = CARTESIAN_POINT('',(1.24344978758E-14,63.053678355611,59.2));
#4411 = DIRECTION('',(4.205604800046E-16,0.707106781187,0.707106781187)
  );
#4412 = DIRECTION('',(1.,-9.42935300772E-31,-5.947623346206E-16));
#4413 = DEFINITIONAL_REPRESENTATION('',(#4414),#4418);
#4414 = LINE('',#4415,#4416);
#4415 = CARTESIAN_POINT('',(12.078524887433,1.859317627012E-15));
#4416 = VECTOR('',#4417,1.);
#4417 = DIRECTION('',(-1.,3.697785493223E-32));
#4418 = ( GEOMETRIC_REPRESENTATION_CONTEXT(2) 
PARAMETRIC_REPRESENTATION_CONTEXT() REPRESENTATION_CONTEXT('2D SPACE',''
  ) );
#4419 = ORIENTED_EDGE('',*,*,#4420,.T.);
#4420 = EDGE_CURVE('',#4393,#4421,#4423,.T.);
#4421 = VERTEX_POINT('',#4422);
#4422 = CARTESIAN_POINT('',(10.991728952833,64.522984612338,59.2));
#4423 = SURFACE_CURVE('',#4424,(#4428,#4435),.PCURVE_S1.);
#4424 = LINE('',#4425,#4426);
#4425 = CARTESIAN_POINT('',(12.980334126079,51.967425687665,59.2));
#4426 = VECTOR('',#4427,1.);
#4427 = DIRECTION('',(-0.15643446504,0.987688340595,-5.551115123126E-17)
  );
#4428 = PCURVE('',#293,#4429);
#4429 = DEFINITIONAL_REPRESENTATION('',(#4430),#4434);
#4430 = LINE('',#4431,#4432);
#4431 = CARTESIAN_POINT('',(12.980334126079,2.055882955785));
#4432 = VECTOR('',#4433,1.);
#4433 = DIRECTION('',(-0.15643446504,0.987688340595));
#4434 = ( GEOMETRIC_REPRESENTATION_CONTEXT(2) 
PARAMETRIC_REPRESENTATION_CONTEXT() REPRESENTATION_CONTEXT('2D SPACE',''
  ) );
#4435 = PCURVE('',#4436,#4441);
#4436 = PLANE('',#4437);
#4437 = AXIS2_PLACEMENT_3D('',#4438,#4439,#4440);
#4438 = CARTESIAN_POINT('',(11.997819927037,64.563229421553,58.2));
#4439 = DIRECTION('',(-0.698401123334,-0.110615871041,-0.707106781187));
#4440 = DIRECTION('',(0.15643446504,-0.987688340595,-2.22044604925E-16)
  );
#4441 = DEFINITIONAL_REPRESENTATION('',(#4442),#4446);
#4442 = LINE('',#4443,#4444);
#4443 = CARTESIAN_POINT('',(12.594427571508,1.414213562373));
#4444 = VECTOR('',#4445,1.);
#4445 = DIRECTION('',(-1.,-1.665334536938E-16));
#4446 = ( GEOMETRIC_REPRESENTATION_CONTEXT(2) 
PARAMETRIC_REPRESENTATION_CONTEXT() REPRESENTATION_CONTEXT('2D SPACE',''
  ) );
#4447 = ORIENTED_EDGE('',*,*,#4448,.T.);
#4448 = EDGE_CURVE('',#4421,#4449,#4451,.T.);
#4449 = VERTEX_POINT('',#4450);
#4450 = CARTESIAN_POINT('',(10.499675968888,64.880482031205,59.2));
#4451 = SURFACE_CURVE('',#4452,(#4457,#4464),.PCURVE_S1.);
#4452 = CIRCLE('',#4453,18.284210105951);
#4453 = AXIS2_PLACEMENT_3D('',#4454,#4455,#4456);
#4454 = CARTESIAN_POINT('',(-7.496225862269E-13,49.911542731879,59.2));
#4455 = DIRECTION('',(5.947623346206E-16,1.110223024625E-16,1.));
#4456 = DIRECTION('',(1.,-9.42935300772E-31,-5.947623346206E-16));
#4457 = PCURVE('',#293,#4458);
#4458 = DEFINITIONAL_REPRESENTATION('',(#4459),#4463);
#4459 = CIRCLE('',#4460,18.284210105951);
#4460 = AXIS2_PLACEMENT_2D('',#4461,#4462);
#4461 = CARTESIAN_POINT('',(-7.61168905683E-13,-9.844430938282E-13));
#4462 = DIRECTION('',(1.,-1.417484439069E-31));
#4463 = ( GEOMETRIC_REPRESENTATION_CONTEXT(2) 
PARAMETRIC_REPRESENTATION_CONTEXT() REPRESENTATION_CONTEXT('2D SPACE',''
  ) );
#4464 = PCURVE('',#4465,#4470);
#4465 = CONICAL_SURFACE('',#4466,18.284210105951,0.785398163397);
#4466 = AXIS2_PLACEMENT_3D('',#4467,#4468,#4469);
#4467 = CARTESIAN_POINT('',(-7.496225862269E-13,49.911542731879,59.2));
#4468 = DIRECTION('',(-5.947623346206E-16,-1.110223024625E-16,-1.));
#4469 = DIRECTION('',(-1.,9.42935300772E-31,5.947623346206E-16));
#4470 = DEFINITIONAL_REPRESENTATION('',(#4471),#4475);
#4471 = LINE('',#4472,#4473);
#4472 = CARTESIAN_POINT('',(3.14159265359,0.));
#4473 = VECTOR('',#4474,1.);
#4474 = DIRECTION('',(-1.,0.));
#4475 = ( GEOMETRIC_REPRESENTATION_CONTEXT(2) 
PARAMETRIC_REPRESENTATION_CONTEXT() REPRESENTATION_CONTEXT('2D SPACE',''
  ) );
#4476 = ORIENTED_EDGE('',*,*,#4477,.T.);
#4477 = EDGE_CURVE('',#4449,#4478,#4480,.T.);
#4478 = VERTEX_POINT('',#4479);
#4479 = CARTESIAN_POINT('',(9.030369712162,64.647766782068,59.2));
#4480 = SURFACE_CURVE('',#4481,(#4485,#4492),.PCURVE_S1.);
#4481 = LINE('',#4482,#4483);
#4482 = CARTESIAN_POINT('',(9.873935247122,64.7813744372,59.2));
#4483 = VECTOR('',#4484,1.);
#4484 = DIRECTION('',(-0.987688340595,-0.15643446504,6.106226635438E-16)
  );
#4485 = PCURVE('',#293,#4486);
#4486 = DEFINITIONAL_REPRESENTATION('',(#4487),#4491);
#4487 = LINE('',#4488,#4489);
#4488 = CARTESIAN_POINT('',(9.873935247122,14.86983170532));
#4489 = VECTOR('',#4490,1.);
#4490 = DIRECTION('',(-0.987688340595,-0.15643446504));
#4491 = ( GEOMETRIC_REPRESENTATION_CONTEXT(2) 
PARAMETRIC_REPRESENTATION_CONTEXT() REPRESENTATION_CONTEXT('2D SPACE',''
  ) );
#4492 = PCURVE('',#4493,#4498);
#4493 = PLANE('',#4494);
#4494 = AXIS2_PLACEMENT_3D('',#4495,#4496,#4497);
#4495 = CARTESIAN_POINT('',(-2.055882955784,62.891876857959,59.2));
#4496 = DIRECTION('',(-0.110615871041,0.698401123334,0.707106781187));
#4497 = DIRECTION('',(0.987688340595,0.15643446504,-7.077671781985E-16)
  );
#4498 = DEFINITIONAL_REPRESENTATION('',(#4499),#4503);
#4499 = LINE('',#4500,#4501);
#4500 = CARTESIAN_POINT('',(12.078524887433,-4.518607710224E-14));
#4501 = VECTOR('',#4502,1.);
#4502 = DIRECTION('',(-1.,-1.804112415016E-16));
#4503 = ( GEOMETRIC_REPRESENTATION_CONTEXT(2) 
PARAMETRIC_REPRESENTATION_CONTEXT() REPRESENTATION_CONTEXT('2D SPACE',''
  ) );
#4504 = ORIENTED_EDGE('',*,*,#4505,.T.);
#4505 = EDGE_CURVE('',#4478,#4506,#4508,.T.);
#4506 = VERTEX_POINT('',#4507);
#4507 = CARTESIAN_POINT('',(8.570669435659,66.062578755095,59.2));
#4508 = SURFACE_CURVE('',#4509,(#4513,#4520),.PCURVE_S1.);
#4509 = LINE('',#4510,#4511);
#4510 = CARTESIAN_POINT('',(12.498913722984,53.972685981993,59.2));
#4511 = VECTOR('',#4512,1.);
#4512 = DIRECTION('',(-0.309016994375,0.951056516295,1.110223024625E-16)
  );
#4513 = PCURVE('',#293,#4514);
#4514 = DEFINITIONAL_REPRESENTATION('',(#4515),#4519);
#4515 = LINE('',#4516,#4517);
#4516 = CARTESIAN_POINT('',(12.498913722984,4.061143250113));
#4517 = VECTOR('',#4518,1.);
#4518 = DIRECTION('',(-0.309016994375,0.951056516295));
#4519 = ( GEOMETRIC_REPRESENTATION_CONTEXT(2) 
PARAMETRIC_REPRESENTATION_CONTEXT() REPRESENTATION_CONTEXT('2D SPACE',''
  ) );
#4520 = PCURVE('',#4521,#4526);
#4521 = PLANE('',#4522);
#4522 = AXIS2_PLACEMENT_3D('',#4523,#4524,#4525);
#4523 = CARTESIAN_POINT('',(9.558078085259,66.259715387258,58.2));
#4524 = DIRECTION('',(-0.672498511964,-0.218508012224,-0.707106781187));
#4525 = DIRECTION('',(0.309016994375,-0.951056516295,-7.216449660064E-16
    ));
#4526 = DEFINITIONAL_REPRESENTATION('',(#4527),#4531);
#4527 = LINE('',#4528,#4529);
#4528 = CARTESIAN_POINT('',(12.594427571508,1.414213562373));
#4529 = VECTOR('',#4530,1.);
#4530 = DIRECTION('',(-1.,-2.775557561563E-16));
#4531 = ( GEOMETRIC_REPRESENTATION_CONTEXT(2) 
PARAMETRIC_REPRESENTATION_CONTEXT() REPRESENTATION_CONTEXT('2D SPACE',''
  ) );
#4532 = ORIENTED_EDGE('',*,*,#4533,.T.);
#4533 = EDGE_CURVE('',#4506,#4534,#4536,.T.);
#4534 = VERTEX_POINT('',#4535);
#4535 = CARTESIAN_POINT('',(8.028749522988,66.338700742189,59.2));
#4536 = SURFACE_CURVE('',#4537,(#4542,#4549),.PCURVE_S1.);
#4537 = CIRCLE('',#4538,18.284210105951);
#4538 = AXIS2_PLACEMENT_3D('',#4539,#4540,#4541);
#4539 = CARTESIAN_POINT('',(-3.250733016102E-13,49.91154273188,59.2));
#4540 = DIRECTION('',(5.947623346206E-16,1.110223024625E-16,1.));
#4541 = DIRECTION('',(1.,-9.42935300772E-31,-5.947623346206E-16));
#4542 = PCURVE('',#293,#4543);
#4543 = DEFINITIONAL_REPRESENTATION('',(#4544),#4548);
#4544 = CIRCLE('',#4545,18.284210105951);
#4545 = AXIS2_PLACEMENT_2D('',#4546,#4547);
#4546 = CARTESIAN_POINT('',(-3.366196210663E-13,-5.539157737321E-13));
#4547 = DIRECTION('',(1.,-1.417484439069E-31));
#4548 = ( GEOMETRIC_REPRESENTATION_CONTEXT(2) 
PARAMETRIC_REPRESENTATION_CONTEXT() REPRESENTATION_CONTEXT('2D SPACE',''
  ) );
#4549 = PCURVE('',#4550,#4555);
#4550 = CONICAL_SURFACE('',#4551,18.284210105951,0.785398163397);
#4551 = AXIS2_PLACEMENT_3D('',#4552,#4553,#4554);
#4552 = CARTESIAN_POINT('',(-3.250733016102E-13,49.91154273188,59.2));
#4553 = DIRECTION('',(-5.947623346206E-16,-1.110223024625E-16,-1.));
#4554 = DIRECTION('',(-1.,9.42935300772E-31,5.947623346206E-16));
#4555 = DEFINITIONAL_REPRESENTATION('',(#4556),#4560);
#4556 = LINE('',#4557,#4558);
#4557 = CARTESIAN_POINT('',(3.14159265359,0.));
#4558 = VECTOR('',#4559,1.);
#4559 = DIRECTION('',(-1.,0.));
#4560 = ( GEOMETRIC_REPRESENTATION_CONTEXT(2) 
PARAMETRIC_REPRESENTATION_CONTEXT() REPRESENTATION_CONTEXT('2D SPACE',''
  ) );
#4561 = ORIENTED_EDGE('',*,*,#4562,.T.);
#4562 = EDGE_CURVE('',#4534,#4563,#4565,.T.);
#4563 = VERTEX_POINT('',#4564);
#4564 = CARTESIAN_POINT('',(6.613937549962,65.879000465686,59.2));
#4565 = SURFACE_CURVE('',#4566,(#4570,#4577),.PCURVE_S1.);
#4566 = LINE('',#4567,#4568);
#4567 = CARTESIAN_POINT('',(7.426216551314,66.142925912062,59.2));
#4568 = VECTOR('',#4569,1.);
#4569 = DIRECTION('',(-0.951056516295,-0.309016994375,5.828670879282E-16
    ));
#4570 = PCURVE('',#293,#4571);
#4571 = DEFINITIONAL_REPRESENTATION('',(#4572),#4576);
#4572 = LINE('',#4573,#4574);
#4573 = CARTESIAN_POINT('',(7.426216551313,16.231383180182));
#4574 = VECTOR('',#4575,1.);
#4575 = DIRECTION('',(-0.951056516295,-0.309016994375));
#4576 = ( GEOMETRIC_REPRESENTATION_CONTEXT(2) 
PARAMETRIC_REPRESENTATION_CONTEXT() REPRESENTATION_CONTEXT('2D SPACE',''
  ) );
#4577 = PCURVE('',#4578,#4583);
#4578 = PLANE('',#4579);
#4579 = AXIS2_PLACEMENT_3D('',#4580,#4581,#4582);
#4580 = CARTESIAN_POINT('',(-4.061143250113,62.410456454864,59.2));
#4581 = DIRECTION('',(-0.218508012224,0.672498511964,0.707106781187));
#4582 = DIRECTION('',(0.951056516295,0.309016994375,-1.137978600241E-15)
  );
#4583 = DEFINITIONAL_REPRESENTATION('',(#4584),#4588);
#4584 = LINE('',#4585,#4586);
#4585 = CARTESIAN_POINT('',(12.078524887433,-2.6645352591E-14));
#4586 = VECTOR('',#4587,1.);
#4587 = DIRECTION('',(-1.,-3.053113317719E-16));
#4588 = ( GEOMETRIC_REPRESENTATION_CONTEXT(2) 
PARAMETRIC_REPRESENTATION_CONTEXT() REPRESENTATION_CONTEXT('2D SPACE',''
  ) );
#4589 = ORIENTED_EDGE('',*,*,#4590,.T.);
#4590 = EDGE_CURVE('',#4563,#4591,#4593,.T.);
#4591 = VERTEX_POINT('',#4592);
#4592 = CARTESIAN_POINT('',(5.938571592559,67.204480788746,59.2));
#4593 = SURFACE_CURVE('',#4594,(#4598,#4605),.PCURVE_S1.);
#4594 = LINE('',#4595,#4596);
#4595 = CARTESIAN_POINT('',(11.709728582513,55.877947451343,59.2));
#4596 = VECTOR('',#4597,1.);
#4597 = DIRECTION('',(-0.45399049974,0.891006524188,1.110223024625E-16)
  );
#4598 = PCURVE('',#293,#4599);
#4599 = DEFINITIONAL_REPRESENTATION('',(#4600),#4604);
#4600 = LINE('',#4601,#4602);
#4601 = CARTESIAN_POINT('',(11.709728582513,5.966404719463));
#4602 = VECTOR('',#4603,1.);
#4603 = DIRECTION('',(-0.45399049974,0.891006524188));
#4604 = ( GEOMETRIC_REPRESENTATION_CONTEXT(2) 
PARAMETRIC_REPRESENTATION_CONTEXT() REPRESENTATION_CONTEXT('2D SPACE',''
  ) );
#4605 = PCURVE('',#4606,#4611);
#4606 = PLANE('',#4607);
#4607 = AXIS2_PLACEMENT_3D('',#4608,#4609,#4610);
#4608 = CARTESIAN_POINT('',(6.882984639579,67.553655085714,58.2));
#4609 = DIRECTION('',(-0.630036755335,-0.32101976096,-0.707106781187));
#4610 = DIRECTION('',(0.45399049974,-0.891006524188,-7.771561172376E-16)
  );
#4611 = DEFINITIONAL_REPRESENTATION('',(#4612),#4616);
#4612 = LINE('',#4613,#4614);
#4613 = CARTESIAN_POINT('',(12.594427571508,1.414213562373));
#4614 = VECTOR('',#4615,1.);
#4615 = DIRECTION('',(-1.,-4.996003610813E-16));
#4616 = ( GEOMETRIC_REPRESENTATION_CONTEXT(2) 
PARAMETRIC_REPRESENTATION_CONTEXT() REPRESENTATION_CONTEXT('2D SPACE',''
  ) );
#4617 = ORIENTED_EDGE('',*,*,#4618,.T.);
#4618 = EDGE_CURVE('',#4591,#4619,#4621,.T.);
#4619 = VERTEX_POINT('',#4620);
#4620 = CARTESIAN_POINT('',(5.360128617941,67.392428304347,59.2));
#4621 = SURFACE_CURVE('',#4622,(#4627,#4634),.PCURVE_S1.);
#4622 = CIRCLE('',#4623,18.284210105953);
#4623 = AXIS2_PLACEMENT_3D('',#4624,#4625,#4626);
#4624 = CARTESIAN_POINT('',(-6.892264536873E-13,49.911542731878,59.2));
#4625 = DIRECTION('',(5.947623346206E-16,1.110223024625E-16,1.));
#4626 = DIRECTION('',(1.,-9.42935300772E-31,-5.947623346206E-16));
#4627 = PCURVE('',#293,#4628);
#4628 = DEFINITIONAL_REPRESENTATION('',(#4629),#4633);
#4629 = CIRCLE('',#4630,18.284210105953);
#4630 = AXIS2_PLACEMENT_2D('',#4631,#4632);
#4631 = CARTESIAN_POINT('',(-7.007727731434E-13,-2.252235541809E-12));
#4632 = DIRECTION('',(1.,-1.417484439069E-31));
#4633 = ( GEOMETRIC_REPRESENTATION_CONTEXT(2) 
PARAMETRIC_REPRESENTATION_CONTEXT() REPRESENTATION_CONTEXT('2D SPACE',''
  ) );
#4634 = PCURVE('',#4635,#4640);
#4635 = CONICAL_SURFACE('',#4636,18.284210105953,0.785398163397);
#4636 = AXIS2_PLACEMENT_3D('',#4637,#4638,#4639);
#4637 = CARTESIAN_POINT('',(-6.892264536873E-13,49.911542731878,59.2));
#4638 = DIRECTION('',(-5.947623346206E-16,-1.110223024625E-16,-1.));
#4639 = DIRECTION('',(-1.,9.42935300772E-31,5.947623346206E-16));
#4640 = DEFINITIONAL_REPRESENTATION('',(#4641),#4645);
#4641 = LINE('',#4642,#4643);
#4642 = CARTESIAN_POINT('',(3.14159265359,0.));
#4643 = VECTOR('',#4644,1.);
#4644 = DIRECTION('',(-1.,0.));
#4645 = ( GEOMETRIC_REPRESENTATION_CONTEXT(2) 
PARAMETRIC_REPRESENTATION_CONTEXT() REPRESENTATION_CONTEXT('2D SPACE',''
  ) );
#4646 = ORIENTED_EDGE('',*,*,#4647,.T.);
#4647 = EDGE_CURVE('',#4619,#4648,#4650,.T.);
#4648 = VERTEX_POINT('',#4649);
#4649 = CARTESIAN_POINT('',(4.034648294881,66.717062346944,59.2));
#4650 = SURFACE_CURVE('',#4651,(#4655,#4662),.PCURVE_S1.);
#4651 = LINE('',#4652,#4653);
#4652 = CARTESIAN_POINT('',(4.795639757812,67.104806864155,59.2));
#4653 = VECTOR('',#4654,1.);
#4654 = DIRECTION('',(-0.891006524188,-0.45399049974,5.828670879282E-16)
  );
#4655 = PCURVE('',#293,#4656);
#4656 = DEFINITIONAL_REPRESENTATION('',(#4657),#4661);
#4657 = LINE('',#4658,#4659);
#4658 = CARTESIAN_POINT('',(4.795639757812,17.193264132275));
#4659 = VECTOR('',#4660,1.);
#4660 = DIRECTION('',(-0.891006524188,-0.45399049974));
#4661 = ( GEOMETRIC_REPRESENTATION_CONTEXT(2) 
PARAMETRIC_REPRESENTATION_CONTEXT() REPRESENTATION_CONTEXT('2D SPACE',''
  ) );
#4662 = PCURVE('',#4663,#4668);
#4663 = PLANE('',#4664);
#4664 = AXIS2_PLACEMENT_3D('',#4665,#4666,#4667);
#4665 = CARTESIAN_POINT('',(-5.966404719462,61.621271314393,59.2));
#4666 = DIRECTION('',(-0.32101976096,0.630036755335,0.707106781187));
#4667 = DIRECTION('',(0.891006524188,0.45399049974,-5.828670879282E-16)
  );
#4668 = DEFINITIONAL_REPRESENTATION('',(#4669),#4673);
#4669 = LINE('',#4670,#4671);
#4670 = CARTESIAN_POINT('',(12.078524887433,2.353672812205E-14));
#4671 = VECTOR('',#4672,1.);
#4672 = DIRECTION('',(-1.,-4.718447854657E-16));
#4673 = ( GEOMETRIC_REPRESENTATION_CONTEXT(2) 
PARAMETRIC_REPRESENTATION_CONTEXT() REPRESENTATION_CONTEXT('2D SPACE',''
  ) );
#4674 = ORIENTED_EDGE('',*,*,#4675,.T.);
#4675 = EDGE_CURVE('',#4648,#4676,#4678,.T.);
#4676 = VERTEX_POINT('',#4677);
#4677 = CARTESIAN_POINT('',(3.16024640786,67.920573295465,59.2));
#4678 = SURFACE_CURVE('',#4679,(#4683,#4690),.PCURVE_S1.);
#4679 = LINE('',#4680,#4681);
#4680 = CARTESIAN_POINT('',(10.632211061979,57.636296235137,59.2));
#4681 = VECTOR('',#4682,1.);
#4682 = DIRECTION('',(-0.587785252292,0.809016994375,2.775557561563E-16)
  );
#4683 = PCURVE('',#293,#4684);
#4684 = DEFINITIONAL_REPRESENTATION('',(#4685),#4689);
#4685 = LINE('',#4686,#4687);
#4686 = CARTESIAN_POINT('',(10.632211061979,7.724753503257));
#4687 = VECTOR('',#4688,1.);
#4688 = DIRECTION('',(-0.587785252292,0.809016994375));
#4689 = ( GEOMETRIC_REPRESENTATION_CONTEXT(2) 
PARAMETRIC_REPRESENTATION_CONTEXT() REPRESENTATION_CONTEXT('2D SPACE',''
  ) );
#4690 = PCURVE('',#4691,#4696);
#4691 = PLANE('',#4692);
#4692 = AXIS2_PLACEMENT_3D('',#4693,#4694,#4695);
#4693 = CARTESIAN_POINT('',(4.038409268756,68.413187427203,58.2));
#4694 = DIRECTION('',(-0.572061402818,-0.415626937777,-0.707106781187));
#4695 = DIRECTION('',(0.587785252292,-0.809016994375,-4.996003610813E-16
    ));
#4696 = DEFINITIONAL_REPRESENTATION('',(#4697),#4701);
#4697 = LINE('',#4698,#4699);
#4698 = CARTESIAN_POINT('',(12.594427571508,1.414213562373));
#4699 = VECTOR('',#4700,1.);
#4700 = DIRECTION('',(-1.,-4.996003610813E-16));
#4701 = ( GEOMETRIC_REPRESENTATION_CONTEXT(2) 
PARAMETRIC_REPRESENTATION_CONTEXT() REPRESENTATION_CONTEXT('2D SPACE',''
  ) );
#4702 = ORIENTED_EDGE('',*,*,#4703,.T.);
#4703 = EDGE_CURVE('',#4676,#4704,#4706,.T.);
#4704 = VERTEX_POINT('',#4705);
#4705 = CARTESIAN_POINT('',(2.559523557072,68.015718447977,59.2));
#4706 = SURFACE_CURVE('',#4707,(#4712,#4719),.PCURVE_S1.);
#4707 = CIRCLE('',#4708,18.284210105952);
#4708 = AXIS2_PLACEMENT_3D('',#4709,#4710,#4711);
#4709 = CARTESIAN_POINT('',(-3.090860900556E-13,49.911542731879,59.2));
#4710 = DIRECTION('',(5.947623346206E-16,1.110223024625E-16,1.));
#4711 = DIRECTION('',(1.,-9.42935300772E-31,-5.947623346206E-16));
#4712 = PCURVE('',#293,#4713);
#4713 = DEFINITIONAL_REPRESENTATION('',(#4714),#4718);
#4714 = CIRCLE('',#4715,18.284210105952);
#4715 = AXIS2_PLACEMENT_2D('',#4716,#4717);
#4716 = CARTESIAN_POINT('',(-3.206324095117E-13,-1.443613023369E-12));
#4717 = DIRECTION('',(1.,-1.417484439069E-31));
#4718 = ( GEOMETRIC_REPRESENTATION_CONTEXT(2) 
PARAMETRIC_REPRESENTATION_CONTEXT() REPRESENTATION_CONTEXT('2D SPACE',''
  ) );
#4719 = PCURVE('',#4720,#4725);
#4720 = CONICAL_SURFACE('',#4721,18.284210105952,0.785398163397);
#4721 = AXIS2_PLACEMENT_3D('',#4722,#4723,#4724);
#4722 = CARTESIAN_POINT('',(-3.090860900556E-13,49.911542731879,59.2));
#4723 = DIRECTION('',(-5.947623346206E-16,-1.110223024625E-16,-1.));
#4724 = DIRECTION('',(-1.,9.42935300772E-31,5.947623346206E-16));
#4725 = DEFINITIONAL_REPRESENTATION('',(#4726),#4730);
#4726 = LINE('',#4727,#4728);
#4727 = CARTESIAN_POINT('',(3.14159265359,0.));
#4728 = VECTOR('',#4729,1.);
#4729 = DIRECTION('',(-1.,0.));
#4730 = ( GEOMETRIC_REPRESENTATION_CONTEXT(2) 
PARAMETRIC_REPRESENTATION_CONTEXT() REPRESENTATION_CONTEXT('2D SPACE',''
  ) );
#4731 = ORIENTED_EDGE('',*,*,#4732,.T.);
#4732 = EDGE_CURVE('',#4704,#4733,#4735,.T.);
#4733 = VERTEX_POINT('',#4734);
#4734 = CARTESIAN_POINT('',(1.35601260855,67.141316560957,59.2));
#4735 = SURFACE_CURVE('',#4736,(#4740,#4747),.PCURVE_S1.);
#4736 = LINE('',#4737,#4738);
#4737 = CARTESIAN_POINT('',(2.046978397658,67.64333259214,59.2));
#4738 = VECTOR('',#4739,1.);
#4739 = DIRECTION('',(-0.809016994375,-0.587785252292,5.551115123126E-16
    ));
#4740 = PCURVE('',#293,#4741);
#4741 = DEFINITIONAL_REPRESENTATION('',(#4742),#4746);
#4742 = LINE('',#4743,#4744);
#4743 = CARTESIAN_POINT('',(2.046978397658,17.73178986026));
#4744 = VECTOR('',#4745,1.);
#4745 = DIRECTION('',(-0.809016994375,-0.587785252292));
#4746 = ( GEOMETRIC_REPRESENTATION_CONTEXT(2) 
PARAMETRIC_REPRESENTATION_CONTEXT() REPRESENTATION_CONTEXT('2D SPACE',''
  ) );
#4747 = PCURVE('',#4748,#4753);
#4748 = PLANE('',#4749);
#4749 = AXIS2_PLACEMENT_3D('',#4750,#4751,#4752);
#4750 = CARTESIAN_POINT('',(-7.724753503257,60.543753793859,59.2));
#4751 = DIRECTION('',(-0.415626937777,0.572061402818,0.707106781187));
#4752 = DIRECTION('',(0.809016994375,0.587785252292,-8.881784197001E-16)
  );
#4753 = DEFINITIONAL_REPRESENTATION('',(#4754),#4758);
#4754 = LINE('',#4755,#4756);
#4755 = CARTESIAN_POINT('',(12.078524887433,7.549516567451E-15));
#4756 = VECTOR('',#4757,1.);
#4757 = DIRECTION('',(-1.,-4.996003610813E-16));
#4758 = ( GEOMETRIC_REPRESENTATION_CONTEXT(2) 
PARAMETRIC_REPRESENTATION_CONTEXT() REPRESENTATION_CONTEXT('2D SPACE',''
  ) );
#4759 = ORIENTED_EDGE('',*,*,#4760,.T.);
#4760 = EDGE_CURVE('',#4733,#4761,#4763,.T.);
#4761 = VERTEX_POINT('',#4762);
#4762 = CARTESIAN_POINT('',(0.304105468344,68.193223701163,59.2));
#4763 = SURFACE_CURVE('',#4764,(#4768,#4775),.PCURVE_S1.);
#4764 = LINE('',#4765,#4766);
#4765 = CARTESIAN_POINT('',(9.292893218813,59.204435950694,59.2));
#4766 = VECTOR('',#4767,1.);
#4767 = DIRECTION('',(-0.707106781187,0.707106781187,3.885780586188E-16)
  );
#4768 = PCURVE('',#293,#4769);
#4769 = DEFINITIONAL_REPRESENTATION('',(#4770),#4774);
#4770 = LINE('',#4771,#4772);
#4771 = CARTESIAN_POINT('',(9.292893218813,9.292893218813));
#4772 = VECTOR('',#4773,1.);
#4773 = DIRECTION('',(-0.707106781187,0.707106781187));
#4774 = ( GEOMETRIC_REPRESENTATION_CONTEXT(2) 
PARAMETRIC_REPRESENTATION_CONTEXT() REPRESENTATION_CONTEXT('2D SPACE',''
  ) );
#4775 = PCURVE('',#4776,#4781);
#4776 = PLANE('',#4777);
#4777 = AXIS2_PLACEMENT_3D('',#4778,#4779,#4780);
#4778 = CARTESIAN_POINT('',(1.094394859024,68.817147872856,58.2));
#4779 = DIRECTION('',(-0.5,-0.5,-0.707106781187));
#4780 = DIRECTION('',(0.707106781187,-0.707106781187,-3.885780586188E-16
    ));
#4781 = DEFINITIONAL_REPRESENTATION('',(#4782),#4786);
#4782 = LINE('',#4783,#4784);
#4783 = CARTESIAN_POINT('',(12.594427571508,1.414213562373));
#4784 = VECTOR('',#4785,1.);
#4785 = DIRECTION('',(-1.,-5.551115123126E-16));
#4786 = ( GEOMETRIC_REPRESENTATION_CONTEXT(2) 
PARAMETRIC_REPRESENTATION_CONTEXT() REPRESENTATION_CONTEXT('2D SPACE',''
  ) );
#4787 = ORIENTED_EDGE('',*,*,#4788,.T.);
#4788 = EDGE_CURVE('',#4761,#4789,#4791,.T.);
#4789 = VERTEX_POINT('',#4790);
#4790 = CARTESIAN_POINT('',(-0.304105468344,68.193223701163,59.2));
#4791 = SURFACE_CURVE('',#4792,(#4797,#4804),.PCURVE_S1.);
#4792 = CIRCLE('',#4793,18.284210105954);
#4793 = AXIS2_PLACEMENT_3D('',#4794,#4795,#4796);
#4794 = CARTESIAN_POINT('',(8.881784197001E-15,49.911542731877,59.2));
#4795 = DIRECTION('',(5.947623346206E-16,1.110223024625E-16,1.));
#4796 = DIRECTION('',(1.,-9.42935300772E-31,-5.947623346206E-16));
#4797 = PCURVE('',#293,#4798);
#4798 = DEFINITIONAL_REPRESENTATION('',(#4799),#4803);
#4799 = CIRCLE('',#4800,18.284210105954);
#4800 = AXIS2_PLACEMENT_2D('',#4801,#4802);
#4801 = CARTESIAN_POINT('',(-2.664535259099E-15,-3.531922745944E-12));
#4802 = DIRECTION('',(1.,-1.417484439069E-31));
#4803 = ( GEOMETRIC_REPRESENTATION_CONTEXT(2) 
PARAMETRIC_REPRESENTATION_CONTEXT() REPRESENTATION_CONTEXT('2D SPACE',''
  ) );
#4804 = PCURVE('',#4805,#4810);
#4805 = CONICAL_SURFACE('',#4806,18.284210105954,0.785398163397);
#4806 = AXIS2_PLACEMENT_3D('',#4807,#4808,#4809);
#4807 = CARTESIAN_POINT('',(8.881784197001E-15,49.911542731877,59.2));
#4808 = DIRECTION('',(-5.947623346206E-16,-1.110223024625E-16,-1.));
#4809 = DIRECTION('',(-1.,9.42935300772E-31,5.947623346206E-16));
#4810 = DEFINITIONAL_REPRESENTATION('',(#4811),#4815);
#4811 = LINE('',#4812,#4813);
#4812 = CARTESIAN_POINT('',(3.14159265359,8.476694630602E-14));
#4813 = VECTOR('',#4814,1.);
#4814 = DIRECTION('',(-1.,-5.339888211826E-14));
#4815 = ( GEOMETRIC_REPRESENTATION_CONTEXT(2) 
PARAMETRIC_REPRESENTATION_CONTEXT() REPRESENTATION_CONTEXT('2D SPACE',''
  ) );
#4816 = ORIENTED_EDGE('',*,*,#4817,.T.);
#4817 = EDGE_CURVE('',#4789,#4818,#4820,.T.);
#4818 = VERTEX_POINT('',#4819);
#4819 = CARTESIAN_POINT('',(-1.35601260855,67.141316560957,59.2));
#4820 = SURFACE_CURVE('',#4821,(#4825,#4832),.PCURVE_S1.);
#4821 = LINE('',#4822,#4823);
#4822 = CARTESIAN_POINT('',(-0.752086364179,67.745242805328,59.2));
#4823 = VECTOR('',#4824,1.);
#4824 = DIRECTION('',(-0.707106781187,-0.707106781187,4.996003610813E-16
    ));
#4825 = PCURVE('',#293,#4826);
#4826 = DEFINITIONAL_REPRESENTATION('',(#4827),#4831);
#4827 = LINE('',#4828,#4829);
#4828 = CARTESIAN_POINT('',(-0.752086364179,17.833700073448));
#4829 = VECTOR('',#4830,1.);
#4830 = DIRECTION('',(-0.707106781187,-0.707106781187));
#4831 = ( GEOMETRIC_REPRESENTATION_CONTEXT(2) 
PARAMETRIC_REPRESENTATION_CONTEXT() REPRESENTATION_CONTEXT('2D SPACE',''
  ) );
#4832 = PCURVE('',#4833,#4838);
#4833 = PLANE('',#4834);
#4834 = AXIS2_PLACEMENT_3D('',#4835,#4836,#4837);
#4835 = CARTESIAN_POINT('',(-9.292893218813,59.204435950694,59.2));
#4836 = DIRECTION('',(-0.5,0.5,0.707106781187));
#4837 = DIRECTION('',(0.707106781187,0.707106781187,-2.22044604925E-16)
  );
#4838 = DEFINITIONAL_REPRESENTATION('',(#4839),#4843);
#4839 = LINE('',#4840,#4841);
#4840 = CARTESIAN_POINT('',(12.078524887433,0.));
#4841 = VECTOR('',#4842,1.);
#4842 = DIRECTION('',(-1.,-3.330669073875E-16));
#4843 = ( GEOMETRIC_REPRESENTATION_CONTEXT(2) 
PARAMETRIC_REPRESENTATION_CONTEXT() REPRESENTATION_CONTEXT('2D SPACE',''
  ) );
#4844 = ORIENTED_EDGE('',*,*,#4845,.T.);
#4845 = EDGE_CURVE('',#4818,#4846,#4848,.T.);
#4846 = VERTEX_POINT('',#4847);
#4847 = CARTESIAN_POINT('',(-2.559523557072,68.015718447977,59.2));
#4848 = SURFACE_CURVE('',#4849,(#4853,#4860),.PCURVE_S1.);
#4849 = LINE('',#4850,#4851);
#4850 = CARTESIAN_POINT('',(7.724753503257,60.543753793859,59.2));
#4851 = VECTOR('',#4852,1.);
#4852 = DIRECTION('',(-0.809016994375,0.587785252292,4.440892098501E-16)
  );
#4853 = PCURVE('',#293,#4854);
#4854 = DEFINITIONAL_REPRESENTATION('',(#4855),#4859);
#4855 = LINE('',#4856,#4857);
#4856 = CARTESIAN_POINT('',(7.724753503257,10.632211061979));
#4857 = VECTOR('',#4858,1.);
#4858 = DIRECTION('',(-0.809016994375,0.587785252292));
#4859 = ( GEOMETRIC_REPRESENTATION_CONTEXT(2) 
PARAMETRIC_REPRESENTATION_CONTEXT() REPRESENTATION_CONTEXT('2D SPACE',''
  ) );
#4860 = PCURVE('',#4861,#4866);
#4861 = PLANE('',#4862);
#4862 = AXIS2_PLACEMENT_3D('',#4863,#4864,#4865);
#4863 = CARTESIAN_POINT('',(-1.876567184225,68.755589575832,58.2));
#4864 = DIRECTION('',(-0.415626937777,-0.572061402818,-0.707106781187));
#4865 = DIRECTION('',(0.809016994375,-0.587785252292,-4.440892098501E-16
    ));
#4866 = DEFINITIONAL_REPRESENTATION('',(#4867),#4871);
#4867 = LINE('',#4868,#4869);
#4868 = CARTESIAN_POINT('',(12.594427571508,1.414213562373));
#4869 = VECTOR('',#4870,1.);
#4870 = DIRECTION('',(-1.,-8.881784197001E-16));
#4871 = ( GEOMETRIC_REPRESENTATION_CONTEXT(2) 
PARAMETRIC_REPRESENTATION_CONTEXT() REPRESENTATION_CONTEXT('2D SPACE',''
  ) );
#4872 = ORIENTED_EDGE('',*,*,#4873,.T.);
#4873 = EDGE_CURVE('',#4846,#4874,#4876,.T.);
#4874 = VERTEX_POINT('',#4875);
#4875 = CARTESIAN_POINT('',(-3.16024640786,67.920573295465,59.2));
#4876 = SURFACE_CURVE('',#4877,(#4882,#4889),.PCURVE_S1.);
#4877 = CIRCLE('',#4878,18.284210105952);
#4878 = AXIS2_PLACEMENT_3D('',#4879,#4880,#4881);
#4879 = CARTESIAN_POINT('',(3.392841563254E-13,49.911542731879,59.2));
#4880 = DIRECTION('',(5.947623346206E-16,1.110223024625E-16,1.));
#4881 = DIRECTION('',(1.,-9.42935300772E-31,-5.947623346206E-16));
#4882 = PCURVE('',#293,#4883);
#4883 = DEFINITIONAL_REPRESENTATION('',(#4884),#4888);
#4884 = CIRCLE('',#4885,18.284210105952);
#4885 = AXIS2_PLACEMENT_2D('',#4886,#4887);
#4886 = CARTESIAN_POINT('',(3.277378368693E-13,-1.570966395723E-12));
#4887 = DIRECTION('',(1.,-1.417484439069E-31));
#4888 = ( GEOMETRIC_REPRESENTATION_CONTEXT(2) 
PARAMETRIC_REPRESENTATION_CONTEXT() REPRESENTATION_CONTEXT('2D SPACE',''
  ) );
#4889 = PCURVE('',#4890,#4895);
#4890 = CONICAL_SURFACE('',#4891,18.284210105952,0.785398163397);
#4891 = AXIS2_PLACEMENT_3D('',#4892,#4893,#4894);
#4892 = CARTESIAN_POINT('',(3.392841563254E-13,49.911542731879,59.2));
#4893 = DIRECTION('',(-5.947623346206E-16,-1.110223024625E-16,-1.));
#4894 = DIRECTION('',(-1.,9.42935300772E-31,5.947623346206E-16));
#4895 = DEFINITIONAL_REPRESENTATION('',(#4896),#4900);
#4896 = LINE('',#4897,#4898);
#4897 = CARTESIAN_POINT('',(3.14159265359,0.));
#4898 = VECTOR('',#4899,1.);
#4899 = DIRECTION('',(-1.,0.));
#4900 = ( GEOMETRIC_REPRESENTATION_CONTEXT(2) 
PARAMETRIC_REPRESENTATION_CONTEXT() REPRESENTATION_CONTEXT('2D SPACE',''
  ) );
#4901 = ORIENTED_EDGE('',*,*,#4902,.T.);
#4902 = EDGE_CURVE('',#4874,#4903,#4905,.T.);
#4903 = VERTEX_POINT('',#4904);
#4904 = CARTESIAN_POINT('',(-4.034648294881,66.717062346944,59.2));
#4905 = SURFACE_CURVE('',#4906,(#4910,#4917),.PCURVE_S1.);
#4906 = LINE('',#4907,#4908);
#4907 = CARTESIAN_POINT('',(-3.532632263698,67.408028136051,59.2));
#4908 = VECTOR('',#4909,1.);
#4909 = DIRECTION('',(-0.587785252292,-0.809016994375,3.885780586188E-16
    ));
#4910 = PCURVE('',#293,#4911);
#4911 = DEFINITIONAL_REPRESENTATION('',(#4912),#4916);
#4912 = LINE('',#4913,#4914);
#4913 = CARTESIAN_POINT('',(-3.532632263698,17.496485404171));
#4914 = VECTOR('',#4915,1.);
#4915 = DIRECTION('',(-0.587785252292,-0.809016994375));
#4916 = ( GEOMETRIC_REPRESENTATION_CONTEXT(2) 
PARAMETRIC_REPRESENTATION_CONTEXT() REPRESENTATION_CONTEXT('2D SPACE',''
  ) );
#4917 = PCURVE('',#4918,#4923);
#4918 = PLANE('',#4919);
#4919 = AXIS2_PLACEMENT_3D('',#4920,#4921,#4922);
#4920 = CARTESIAN_POINT('',(-10.63221106197,57.636296235137,59.2));
#4921 = DIRECTION('',(-0.572061402818,0.415626937777,0.707106781187));
#4922 = DIRECTION('',(0.587785252292,0.809016994375,-3.885780586188E-16)
  );
#4923 = DEFINITIONAL_REPRESENTATION('',(#4924),#4928);
#4924 = LINE('',#4925,#4926);
#4925 = CARTESIAN_POINT('',(12.078524887433,2.57571741713E-14));
#4926 = VECTOR('',#4927,1.);
#4927 = DIRECTION('',(-1.,-3.885780586188E-16));
#4928 = ( GEOMETRIC_REPRESENTATION_CONTEXT(2) 
PARAMETRIC_REPRESENTATION_CONTEXT() REPRESENTATION_CONTEXT('2D SPACE',''
  ) );
#4929 = ORIENTED_EDGE('',*,*,#4930,.T.);
#4930 = EDGE_CURVE('',#4903,#4931,#4933,.T.);
#4931 = VERTEX_POINT('',#4932);
#4932 = CARTESIAN_POINT('',(-5.36012861794,67.392428304347,59.2));
#4933 = SURFACE_CURVE('',#4934,(#4938,#4945),.PCURVE_S1.);
#4934 = LINE('',#4935,#4936);
#4935 = CARTESIAN_POINT('',(5.966404719463,61.621271314393,59.2));
#4936 = VECTOR('',#4937,1.);
#4937 = DIRECTION('',(-0.891006524188,0.45399049974,4.996003610813E-16)
  );
#4938 = PCURVE('',#293,#4939);
#4939 = DEFINITIONAL_REPRESENTATION('',(#4940),#4944);
#4940 = LINE('',#4941,#4942);
#4941 = CARTESIAN_POINT('',(5.966404719463,11.709728582513));
#4942 = VECTOR('',#4943,1.);
#4943 = DIRECTION('',(-0.891006524188,0.45399049974));
#4944 = ( GEOMETRIC_REPRESENTATION_CONTEXT(2) 
PARAMETRIC_REPRESENTATION_CONTEXT() REPRESENTATION_CONTEXT('2D SPACE',''
  ) );
#4945 = PCURVE('',#4946,#4951);
#4946 = PLANE('',#4947);
#4947 = AXIS2_PLACEMENT_3D('',#4948,#4949,#4950);
#4948 = CARTESIAN_POINT('',(-4.801321915429,68.230028305704,58.2));
#4949 = DIRECTION('',(-0.32101976096,-0.630036755335,-0.707106781187));
#4950 = DIRECTION('',(0.891006524188,-0.45399049974,-3.053113317719E-16)
  );
#4951 = DEFINITIONAL_REPRESENTATION('',(#4952),#4956);
#4952 = LINE('',#4953,#4954);
#4953 = CARTESIAN_POINT('',(12.594427571508,1.414213562373));
#4954 = VECTOR('',#4955,1.);
#4955 = DIRECTION('',(-1.,-4.718447854657E-16));
#4956 = ( GEOMETRIC_REPRESENTATION_CONTEXT(2) 
PARAMETRIC_REPRESENTATION_CONTEXT() REPRESENTATION_CONTEXT('2D SPACE',''
  ) );
#4957 = ORIENTED_EDGE('',*,*,#4958,.T.);
#4958 = EDGE_CURVE('',#4931,#4959,#4961,.T.);
#4959 = VERTEX_POINT('',#4960);
#4960 = CARTESIAN_POINT('',(-5.938571592559,67.204480788746,59.2));
#4961 = SURFACE_CURVE('',#4962,(#4967,#4974),.PCURVE_S1.);
#4962 = CIRCLE('',#4963,18.284210105952);
#4963 = AXIS2_PLACEMENT_3D('',#4964,#4965,#4966);
#4964 = CARTESIAN_POINT('',(5.559996907323E-13,49.911542731878,59.2));
#4965 = DIRECTION('',(5.947623346206E-16,1.110223024625E-16,1.));
#4966 = DIRECTION('',(1.,-9.42935300772E-31,-5.947623346206E-16));
#4967 = PCURVE('',#293,#4968);
#4968 = DEFINITIONAL_REPRESENTATION('',(#4969),#4973);
#4969 = CIRCLE('',#4970,18.284210105952);
#4970 = AXIS2_PLACEMENT_2D('',#4971,#4972);
#4971 = CARTESIAN_POINT('',(5.444533712762E-13,-2.031024503684E-12));
#4972 = DIRECTION('',(1.,-1.417484439069E-31));
#4973 = ( GEOMETRIC_REPRESENTATION_CONTEXT(2) 
PARAMETRIC_REPRESENTATION_CONTEXT() REPRESENTATION_CONTEXT('2D SPACE',''
  ) );
#4974 = PCURVE('',#4975,#4980);
#4975 = CONICAL_SURFACE('',#4976,18.284210105952,0.785398163397);
#4976 = AXIS2_PLACEMENT_3D('',#4977,#4978,#4979);
#4977 = CARTESIAN_POINT('',(5.559996907323E-13,49.911542731878,59.2));
#4978 = DIRECTION('',(-5.947623346206E-16,-1.110223024625E-16,-1.));
#4979 = DIRECTION('',(-1.,9.42935300772E-31,5.947623346206E-16));
#4980 = DEFINITIONAL_REPRESENTATION('',(#4981),#4985);
#4981 = LINE('',#4982,#4983);
#4982 = CARTESIAN_POINT('',(3.14159265359,0.));
#4983 = VECTOR('',#4984,1.);
#4984 = DIRECTION('',(-1.,0.));
#4985 = ( GEOMETRIC_REPRESENTATION_CONTEXT(2) 
PARAMETRIC_REPRESENTATION_CONTEXT() REPRESENTATION_CONTEXT('2D SPACE',''
  ) );
#4986 = ORIENTED_EDGE('',*,*,#4987,.T.);
#4987 = EDGE_CURVE('',#4959,#4988,#4990,.T.);
#4988 = VERTEX_POINT('',#4989);
#4989 = CARTESIAN_POINT('',(-6.613937549962,65.879000465686,59.2));
#4990 = SURFACE_CURVE('',#4991,(#4995,#5002),.PCURVE_S1.);
#4991 = LINE('',#4992,#4993);
#4992 = CARTESIAN_POINT('',(-6.22619303275,66.639991928617,59.2));
#4993 = VECTOR('',#4994,1.);
#4994 = DIRECTION('',(-0.45399049974,-0.891006524188,3.330669073875E-16)
  );
#4995 = PCURVE('',#293,#4996);
#4996 = DEFINITIONAL_REPRESENTATION('',(#4997),#5001);
#4997 = LINE('',#4998,#4999);
#4998 = CARTESIAN_POINT('',(-6.22619303275,16.728449196737));
#4999 = VECTOR('',#5000,1.);
#5000 = DIRECTION('',(-0.45399049974,-0.891006524188));
#5001 = ( GEOMETRIC_REPRESENTATION_CONTEXT(2) 
PARAMETRIC_REPRESENTATION_CONTEXT() REPRESENTATION_CONTEXT('2D SPACE',''
  ) );
#5002 = PCURVE('',#5003,#5008);
#5003 = PLANE('',#5004);
#5004 = AXIS2_PLACEMENT_3D('',#5005,#5006,#5007);
#5005 = CARTESIAN_POINT('',(-11.70972858251,55.877947451343,59.2));
#5006 = DIRECTION('',(-0.630036755335,0.32101976096,0.707106781187));
#5007 = DIRECTION('',(0.45399049974,0.891006524188,-3.330669073875E-16)
  );
#5008 = DEFINITIONAL_REPRESENTATION('',(#5009),#5013);
#5009 = LINE('',#5010,#5011);
#5010 = CARTESIAN_POINT('',(12.078524887433,3.19744231092E-14));
#5011 = VECTOR('',#5012,1.);
#5012 = DIRECTION('',(-1.,-3.885780586188E-16));
#5013 = ( GEOMETRIC_REPRESENTATION_CONTEXT(2) 
PARAMETRIC_REPRESENTATION_CONTEXT() REPRESENTATION_CONTEXT('2D SPACE',''
  ) );
#5014 = ORIENTED_EDGE('',*,*,#5015,.T.);
#5015 = EDGE_CURVE('',#4988,#5016,#5018,.T.);
#5016 = VERTEX_POINT('',#5017);
#5017 = CARTESIAN_POINT('',(-8.028749522988,66.338700742189,59.2));
#5018 = SURFACE_CURVE('',#5019,(#5023,#5030),.PCURVE_S1.);
#5019 = LINE('',#5020,#5021);
#5020 = CARTESIAN_POINT('',(4.061143250113,62.410456454864,59.2));
#5021 = VECTOR('',#5022,1.);
#5022 = DIRECTION('',(-0.951056516295,0.309016994375,5.551115123126E-16)
  );
#5023 = PCURVE('',#293,#5024);
#5024 = DEFINITIONAL_REPRESENTATION('',(#5025),#5029);
#5025 = LINE('',#5026,#5027);
#5026 = CARTESIAN_POINT('',(4.061143250113,12.498913722984));
#5027 = VECTOR('',#5028,1.);
#5028 = DIRECTION('',(-0.951056516295,0.309016994375));
#5029 = ( GEOMETRIC_REPRESENTATION_CONTEXT(2) 
PARAMETRIC_REPRESENTATION_CONTEXT() REPRESENTATION_CONTEXT('2D SPACE',''
  ) );
#5030 = PCURVE('',#5031,#5036);
#5031 = PLANE('',#5032);
#5032 = AXIS2_PLACEMENT_3D('',#5033,#5034,#5035);
#5033 = CARTESIAN_POINT('',(-7.607852166402,67.25340512518,58.2));
#5034 = DIRECTION('',(-0.218508012224,-0.672498511964,-0.707106781187));
#5035 = DIRECTION('',(0.951056516295,-0.309016994375,-3.053113317719E-16
    ));
#5036 = DEFINITIONAL_REPRESENTATION('',(#5037),#5041);
#5037 = LINE('',#5038,#5039);
#5038 = CARTESIAN_POINT('',(12.594427571508,1.414213562373));
#5039 = VECTOR('',#5040,1.);
#5040 = DIRECTION('',(-1.,-3.608224830032E-16));
#5041 = ( GEOMETRIC_REPRESENTATION_CONTEXT(2) 
PARAMETRIC_REPRESENTATION_CONTEXT() REPRESENTATION_CONTEXT('2D SPACE',''
  ) );
#5042 = ORIENTED_EDGE('',*,*,#5043,.T.);
#5043 = EDGE_CURVE('',#5016,#5044,#5046,.T.);
#5044 = VERTEX_POINT('',#5045);
#5045 = CARTESIAN_POINT('',(-8.570669435659,66.062578755095,59.2));
#5046 = SURFACE_CURVE('',#5047,(#5052,#5059),.PCURVE_S1.);
#5047 = CIRCLE('',#5048,18.284210105951);
#5048 = AXIS2_PLACEMENT_3D('',#5049,#5050,#5051);
#5049 = CARTESIAN_POINT('',(5.702105454475E-13,49.911542731879,59.2));
#5050 = DIRECTION('',(5.947623346206E-16,1.110223024625E-16,1.));
#5051 = DIRECTION('',(1.,-9.42935300772E-31,-5.947623346206E-16));
#5052 = PCURVE('',#293,#5053);
#5053 = DEFINITIONAL_REPRESENTATION('',(#5054),#5058);
#5054 = CIRCLE('',#5055,18.284210105951);
#5055 = AXIS2_PLACEMENT_2D('',#5056,#5057);
#5056 = CARTESIAN_POINT('',(5.586642259914E-13,-1.025868637847E-12));
#5057 = DIRECTION('',(1.,-1.417484439069E-31));
#5058 = ( GEOMETRIC_REPRESENTATION_CONTEXT(2) 
PARAMETRIC_REPRESENTATION_CONTEXT() REPRESENTATION_CONTEXT('2D SPACE',''
  ) );
#5059 = PCURVE('',#5060,#5065);
#5060 = CONICAL_SURFACE('',#5061,18.284210105951,0.785398163397);
#5061 = AXIS2_PLACEMENT_3D('',#5062,#5063,#5064);
#5062 = CARTESIAN_POINT('',(5.702105454475E-13,49.911542731879,59.2));
#5063 = DIRECTION('',(-5.947623346206E-16,-1.110223024625E-16,-1.));
#5064 = DIRECTION('',(-1.,9.42935300772E-31,5.947623346206E-16));
#5065 = DEFINITIONAL_REPRESENTATION('',(#5066),#5070);
#5066 = LINE('',#5067,#5068);
#5067 = CARTESIAN_POINT('',(3.14159265359,1.099305766719E-13));
#5068 = VECTOR('',#5069,1.);
#5069 = DIRECTION('',(-1.,-5.339888211825E-14));
#5070 = ( GEOMETRIC_REPRESENTATION_CONTEXT(2) 
PARAMETRIC_REPRESENTATION_CONTEXT() REPRESENTATION_CONTEXT('2D SPACE',''
  ) );
#5071 = ORIENTED_EDGE('',*,*,#5072,.T.);
#5072 = EDGE_CURVE('',#5044,#5073,#5075,.T.);
#5073 = VERTEX_POINT('',#5074);
#5074 = CARTESIAN_POINT('',(-9.030369712162,64.647766782068,59.2));
#5075 = SURFACE_CURVE('',#5076,(#5080,#5087),.PCURVE_S1.);
#5076 = LINE('',#5077,#5078);
#5077 = CARTESIAN_POINT('',(-8.766444265786,65.46004578342,59.2));
#5078 = VECTOR('',#5079,1.);
#5079 = DIRECTION('',(-0.309016994375,-0.951056516295,3.330669073875E-16
    ));
#5080 = PCURVE('',#293,#5081);
#5081 = DEFINITIONAL_REPRESENTATION('',(#5082),#5086);
#5082 = LINE('',#5083,#5084);
#5083 = CARTESIAN_POINT('',(-8.766444265786,15.54850305154));
#5084 = VECTOR('',#5085,1.);
#5085 = DIRECTION('',(-0.309016994375,-0.951056516295));
#5086 = ( GEOMETRIC_REPRESENTATION_CONTEXT(2) 
PARAMETRIC_REPRESENTATION_CONTEXT() REPRESENTATION_CONTEXT('2D SPACE',''
  ) );
#5087 = PCURVE('',#5088,#5093);
#5088 = PLANE('',#5089);
#5089 = AXIS2_PLACEMENT_3D('',#5090,#5091,#5092);
#5090 = CARTESIAN_POINT('',(-12.49891372298,53.972685981993,59.2));
#5091 = DIRECTION('',(-0.672498511964,0.218508012224,0.707106781187));
#5092 = DIRECTION('',(0.309016994375,0.951056516295,-1.110223024625E-16)
  );
#5093 = DEFINITIONAL_REPRESENTATION('',(#5094),#5098);
#5094 = LINE('',#5095,#5096);
#5095 = CARTESIAN_POINT('',(12.078524887433,-2.6645352591E-15));
#5096 = VECTOR('',#5097,1.);
#5097 = DIRECTION('',(-1.,-2.22044604925E-16));
#5098 = ( GEOMETRIC_REPRESENTATION_CONTEXT(2) 
PARAMETRIC_REPRESENTATION_CONTEXT() REPRESENTATION_CONTEXT('2D SPACE',''
  ) );
#5099 = ORIENTED_EDGE('',*,*,#5100,.T.);
#5100 = EDGE_CURVE('',#5073,#5101,#5103,.T.);
#5101 = VERTEX_POINT('',#5102);
#5102 = CARTESIAN_POINT('',(-10.49967596888,64.880482031205,59.2));
#5103 = SURFACE_CURVE('',#5104,(#5108,#5115),.PCURVE_S1.);
#5104 = LINE('',#5105,#5106);
#5105 = CARTESIAN_POINT('',(2.055882955785,62.891876857959,59.2));
#5106 = VECTOR('',#5107,1.);
#5107 = DIRECTION('',(-0.987688340595,0.15643446504,5.828670879282E-16)
  );
#5108 = PCURVE('',#293,#5109);
#5109 = DEFINITIONAL_REPRESENTATION('',(#5110),#5114);
#5110 = LINE('',#5111,#5112);
#5111 = CARTESIAN_POINT('',(2.055882955785,12.980334126079));
#5112 = VECTOR('',#5113,1.);
#5113 = DIRECTION('',(-0.987688340595,0.15643446504));
#5114 = ( GEOMETRIC_REPRESENTATION_CONTEXT(2) 
PARAMETRIC_REPRESENTATION_CONTEXT() REPRESENTATION_CONTEXT('2D SPACE',''
  ) );
#5115 = PCURVE('',#5116,#5121);
#5116 = PLANE('',#5117);
#5117 = AXIS2_PLACEMENT_3D('',#5118,#5119,#5120);
#5118 = CARTESIAN_POINT('',(-10.22705184802,65.849767738191,58.2));
#5119 = DIRECTION('',(-0.110615871041,-0.698401123334,-0.707106781187));
#5120 = DIRECTION('',(0.987688340595,-0.15643446504,-6.938893903907E-16)
  );
#5121 = DEFINITIONAL_REPRESENTATION('',(#5122),#5126);
#5122 = LINE('',#5123,#5124);
#5123 = CARTESIAN_POINT('',(12.594427571508,1.414213562373));
#5124 = VECTOR('',#5125,1.);
#5125 = DIRECTION('',(-1.,-2.081668171172E-16));
#5126 = ( GEOMETRIC_REPRESENTATION_CONTEXT(2) 
PARAMETRIC_REPRESENTATION_CONTEXT() REPRESENTATION_CONTEXT('2D SPACE',''
  ) );
#5127 = ORIENTED_EDGE('',*,*,#5128,.T.);
#5128 = EDGE_CURVE('',#5101,#5129,#5131,.T.);
#5129 = VERTEX_POINT('',#5130);
#5130 = CARTESIAN_POINT('',(-10.99172895283,64.522984612338,59.2));
#5131 = SURFACE_CURVE('',#5132,(#5137,#5144),.PCURVE_S1.);
#5132 = CIRCLE('',#5133,18.284210105952);
#5133 = AXIS2_PLACEMENT_3D('',#5134,#5135,#5136);
#5134 = CARTESIAN_POINT('',(1.386446513152E-12,49.911542731878,59.2));
#5135 = DIRECTION('',(5.947623346206E-16,1.110223024625E-16,1.));
#5136 = DIRECTION('',(1.,-9.42935300772E-31,-5.947623346206E-16));
#5137 = PCURVE('',#293,#5138);
#5138 = DEFINITIONAL_REPRESENTATION('',(#5139),#5143);
#5139 = CIRCLE('',#5140,18.284210105952);
#5140 = AXIS2_PLACEMENT_2D('',#5141,#5142);
#5141 = CARTESIAN_POINT('',(1.374900193696E-12,-1.800995449704E-12));
#5142 = DIRECTION('',(1.,-1.417484439069E-31));
#5143 = ( GEOMETRIC_REPRESENTATION_CONTEXT(2) 
PARAMETRIC_REPRESENTATION_CONTEXT() REPRESENTATION_CONTEXT('2D SPACE',''
  ) );
#5144 = PCURVE('',#5145,#5150);
#5145 = CONICAL_SURFACE('',#5146,18.284210105952,0.785398163397);
#5146 = AXIS2_PLACEMENT_3D('',#5147,#5148,#5149);
#5147 = CARTESIAN_POINT('',(1.386446513152E-12,49.911542731878,59.2));
#5148 = DIRECTION('',(-5.947623346206E-16,-1.110223024625E-16,-1.));
#5149 = DIRECTION('',(-1.,9.42935300772E-31,5.947623346206E-16));
#5150 = DEFINITIONAL_REPRESENTATION('',(#5151),#5155);
#5151 = LINE('',#5152,#5153);
#5152 = CARTESIAN_POINT('',(3.14159265359,1.7763568394E-15));
#5153 = VECTOR('',#5154,1.);
#5154 = DIRECTION('',(-1.,0.));
#5155 = ( GEOMETRIC_REPRESENTATION_CONTEXT(2) 
PARAMETRIC_REPRESENTATION_CONTEXT() REPRESENTATION_CONTEXT('2D SPACE',''
  ) );
#5156 = ORIENTED_EDGE('',*,*,#5157,.T.);
#5157 = EDGE_CURVE('',#5129,#5158,#5160,.T.);
#5158 = VERTEX_POINT('',#5159);
#5159 = CARTESIAN_POINT('',(-11.22444420197,63.053678355611,59.2));
#5160 = SURFACE_CURVE('',#5161,(#5165,#5172),.PCURVE_S1.);
#5161 = LINE('',#5162,#5163);
#5162 = CARTESIAN_POINT('',(-11.09083654683,63.897243890571,59.2));
#5163 = VECTOR('',#5164,1.);
#5164 = DIRECTION('',(-0.15643446504,-0.987688340595,1.665334536938E-16)
  );
#5165 = PCURVE('',#293,#5166);
#5166 = DEFINITIONAL_REPRESENTATION('',(#5167),#5171);
#5167 = LINE('',#5168,#5169);
#5168 = CARTESIAN_POINT('',(-11.09083654683,13.985701158691));
#5169 = VECTOR('',#5170,1.);
#5170 = DIRECTION('',(-0.15643446504,-0.987688340595));
#5171 = ( GEOMETRIC_REPRESENTATION_CONTEXT(2) 
PARAMETRIC_REPRESENTATION_CONTEXT() REPRESENTATION_CONTEXT('2D SPACE',''
  ) );
#5172 = PCURVE('',#5173,#5178);
#5173 = PLANE('',#5174);
#5174 = AXIS2_PLACEMENT_3D('',#5175,#5176,#5177);
#5175 = CARTESIAN_POINT('',(-12.98033412607,51.967425687665,59.2));
#5176 = DIRECTION('',(-0.698401123334,0.110615871041,0.707106781187));
#5177 = DIRECTION('',(0.15643446504,0.987688340595,-1.665334536938E-16)
  );
#5178 = DEFINITIONAL_REPRESENTATION('',(#5179),#5183);
#5179 = LINE('',#5180,#5181);
#5180 = CARTESIAN_POINT('',(12.078524887433,-1.287858708565E-14));
#5181 = VECTOR('',#5182,1.);
#5182 = DIRECTION('',(-1.,-1.110223024625E-16));
#5183 = ( GEOMETRIC_REPRESENTATION_CONTEXT(2) 
PARAMETRIC_REPRESENTATION_CONTEXT() REPRESENTATION_CONTEXT('2D SPACE',''
  ) );
#5184 = ORIENTED_EDGE('',*,*,#5185,.T.);
#5185 = EDGE_CURVE('',#5158,#5186,#5188,.T.);
#5186 = VERTEX_POINT('',#5187);
#5187 = CARTESIAN_POINT('',(-12.712065546,63.053678355611,59.2));
#5188 = SURFACE_CURVE('',#5189,(#5193,#5200),.PCURVE_S1.);
#5189 = LINE('',#5190,#5191);
#5190 = CARTESIAN_POINT('',(1.24344978758E-14,63.053678355611,59.2));
#5191 = VECTOR('',#5192,1.);
#5192 = DIRECTION('',(-1.,9.42935300772E-31,5.947623346206E-16));
#5193 = PCURVE('',#293,#5194);
#5194 = DEFINITIONAL_REPRESENTATION('',(#5195),#5199);
#5195 = LINE('',#5196,#5197);
#5196 = CARTESIAN_POINT('',(5.326684657651E-16,13.142135623731));
#5197 = VECTOR('',#5198,1.);
#5198 = DIRECTION('',(-1.,1.417484439069E-31));
#5199 = ( GEOMETRIC_REPRESENTATION_CONTEXT(2) 
PARAMETRIC_REPRESENTATION_CONTEXT() REPRESENTATION_CONTEXT('2D SPACE',''
  ) );
#5200 = PCURVE('',#5201,#5206);
#5201 = PLANE('',#5202);
#5202 = AXIS2_PLACEMENT_3D('',#5203,#5204,#5205);
#5203 = CARTESIAN_POINT('',(-12.5944275715,64.053678355611,58.2));
#5204 = DIRECTION('',(-4.205604800046E-16,-0.707106781187,
    -0.707106781187));
#5205 = DIRECTION('',(1.,-9.42935300772E-31,-5.947623346206E-16));
#5206 = DEFINITIONAL_REPRESENTATION('',(#5207),#5211);
#5207 = LINE('',#5208,#5209);
#5208 = CARTESIAN_POINT('',(12.594427571508,1.414213562373));
#5209 = VECTOR('',#5210,1.);
#5210 = DIRECTION('',(-1.,-3.697785493223E-32));
#5211 = ( GEOMETRIC_REPRESENTATION_CONTEXT(2) 
PARAMETRIC_REPRESENTATION_CONTEXT() REPRESENTATION_CONTEXT('2D SPACE',''
  ) );
#5212 = ORIENTED_EDGE('',*,*,#5213,.T.);
#5213 = EDGE_CURVE('',#5186,#5214,#5216,.T.);
#5214 = VERTEX_POINT('',#5215);
#5215 = CARTESIAN_POINT('',(-13.14213562373,62.623608277888,59.2));
#5216 = SURFACE_CURVE('',#5217,(#5222,#5229),.PCURVE_S1.);
#5217 = CIRCLE('',#5218,18.284210105954);
#5218 = AXIS2_PLACEMENT_3D('',#5219,#5220,#5221);
#5219 = CARTESIAN_POINT('',(2.501998608295E-12,49.911542731878,59.2));
#5220 = DIRECTION('',(5.947623346206E-16,1.110223024625E-16,1.));
#5221 = DIRECTION('',(1.,-9.42935300772E-31,-5.947623346206E-16));
#5222 = PCURVE('',#293,#5223);
#5223 = DEFINITIONAL_REPRESENTATION('',(#5224),#5228);
#5224 = CIRCLE('',#5225,18.284210105954);
#5225 = AXIS2_PLACEMENT_2D('',#5226,#5227);
#5226 = CARTESIAN_POINT('',(2.490452288839E-12,-2.494159351943E-12));
#5227 = DIRECTION('',(1.,-1.417484439069E-31));
#5228 = ( GEOMETRIC_REPRESENTATION_CONTEXT(2) 
PARAMETRIC_REPRESENTATION_CONTEXT() REPRESENTATION_CONTEXT('2D SPACE',''
  ) );
#5229 = PCURVE('',#5230,#5235);
#5230 = CONICAL_SURFACE('',#5231,18.284210105954,0.785398163397);
#5231 = AXIS2_PLACEMENT_3D('',#5232,#5233,#5234);
#5232 = CARTESIAN_POINT('',(2.501998608295E-12,49.911542731878,59.2));
#5233 = DIRECTION('',(-5.947623346206E-16,-1.110223024625E-16,-1.));
#5234 = DIRECTION('',(-1.,9.42935300772E-31,5.947623346206E-16));
#5235 = DEFINITIONAL_REPRESENTATION('',(#5236),#5240);
#5236 = LINE('',#5237,#5238);
#5237 = CARTESIAN_POINT('',(3.14159265359,2.51636303659E-13));
#5238 = VECTOR('',#5239,1.);
#5239 = DIRECTION('',(-1.,-1.067977642365E-13));
#5240 = ( GEOMETRIC_REPRESENTATION_CONTEXT(2) 
PARAMETRIC_REPRESENTATION_CONTEXT() REPRESENTATION_CONTEXT('2D SPACE',''
  ) );
#5241 = ORIENTED_EDGE('',*,*,#5242,.T.);
#5242 = EDGE_CURVE('',#5214,#5243,#5245,.T.);
#5243 = VERTEX_POINT('',#5244);
#5244 = CARTESIAN_POINT('',(-13.14213562373,61.13598693385,59.2));
#5245 = SURFACE_CURVE('',#5246,(#5250,#5257),.PCURVE_S1.);
#5246 = LINE('',#5247,#5248);
#5247 = CARTESIAN_POINT('',(-13.14213562373,61.990067619314,59.2));
#5248 = VECTOR('',#5249,1.);
#5249 = DIRECTION('',(-6.902532920684E-31,-1.,1.110223024625E-16));
#5250 = PCURVE('',#293,#5251);
#5251 = DEFINITIONAL_REPRESENTATION('',(#5252),#5256);
#5252 = LINE('',#5253,#5254);
#5253 = CARTESIAN_POINT('',(-13.14213562373,12.078524887433));
#5254 = VECTOR('',#5255,1.);
#5255 = DIRECTION('',(1.54074395551E-31,-1.));
#5256 = ( GEOMETRIC_REPRESENTATION_CONTEXT(2) 
PARAMETRIC_REPRESENTATION_CONTEXT() REPRESENTATION_CONTEXT('2D SPACE',''
  ) );
#5257 = PCURVE('',#5258,#5263);
#5258 = PLANE('',#5259);
#5259 = AXIS2_PLACEMENT_3D('',#5260,#5261,#5262);
#5260 = CARTESIAN_POINT('',(-13.14213562373,49.91154273188,59.2));
#5261 = DIRECTION('',(-0.707106781187,5.551115123126E-17,0.707106781187)
  );
#5262 = DIRECTION('',(6.902532920684E-31,1.,-1.110223024625E-16));
#5263 = DEFINITIONAL_REPRESENTATION('',(#5264),#5268);
#5264 = LINE('',#5265,#5266);
#5265 = CARTESIAN_POINT('',(12.078524887433,3.10862446895E-15));
#5266 = VECTOR('',#5267,1.);
#5267 = DIRECTION('',(-1.,0.));
#5268 = ( GEOMETRIC_REPRESENTATION_CONTEXT(2) 
PARAMETRIC_REPRESENTATION_CONTEXT() REPRESENTATION_CONTEXT('2D SPACE',''
  ) );
#5269 = ORIENTED_EDGE('',*,*,#5270,.T.);
#5270 = EDGE_CURVE('',#5243,#5271,#5273,.T.);
#5271 = VERTEX_POINT('',#5272);
#5272 = CARTESIAN_POINT('',(-14.61144188045,60.903271684713,59.2));
#5273 = SURFACE_CURVE('',#5274,(#5278,#5285),.PCURVE_S1.);
#5274 = LINE('',#5275,#5276);
#5275 = CARTESIAN_POINT('',(-2.055882955784,62.891876857959,59.2));
#5276 = VECTOR('',#5277,1.);
#5277 = DIRECTION('',(-0.987688340595,-0.15643446504,6.106226635438E-16)
  );
#5278 = PCURVE('',#293,#5279);
#5279 = DEFINITIONAL_REPRESENTATION('',(#5280),#5284);
#5280 = LINE('',#5281,#5282);
#5281 = CARTESIAN_POINT('',(-2.055882955785,12.980334126079));
#5282 = VECTOR('',#5283,1.);
#5283 = DIRECTION('',(-0.987688340595,-0.15643446504));
#5284 = ( GEOMETRIC_REPRESENTATION_CONTEXT(2) 
PARAMETRIC_REPRESENTATION_CONTEXT() REPRESENTATION_CONTEXT('2D SPACE',''
  ) );
#5285 = PCURVE('',#5286,#5291);
#5286 = PLANE('',#5287);
#5287 = AXIS2_PLACEMENT_3D('',#5288,#5289,#5290);
#5288 = CARTESIAN_POINT('',(-14.65168668967,61.909362658918,58.2));
#5289 = DIRECTION('',(0.110615871041,-0.698401123334,-0.707106781187));
#5290 = DIRECTION('',(0.987688340595,0.15643446504,-7.077671781985E-16)
  );
#5291 = DEFINITIONAL_REPRESENTATION('',(#5292),#5296);
#5292 = LINE('',#5293,#5294);
#5293 = CARTESIAN_POINT('',(12.594427571508,1.414213562373));
#5294 = VECTOR('',#5295,1.);
#5295 = DIRECTION('',(-1.,1.804112415016E-16));
#5296 = ( GEOMETRIC_REPRESENTATION_CONTEXT(2) 
PARAMETRIC_REPRESENTATION_CONTEXT() REPRESENTATION_CONTEXT('2D SPACE',''
  ) );
#5297 = ORIENTED_EDGE('',*,*,#5298,.T.);
#5298 = EDGE_CURVE('',#5271,#5299,#5301,.T.);
#5299 = VERTEX_POINT('',#5300);
#5300 = CARTESIAN_POINT('',(-14.96893929932,60.411218700769,59.2));
#5301 = SURFACE_CURVE('',#5302,(#5307,#5314),.PCURVE_S1.);
#5302 = CIRCLE('',#5303,18.284210105952);
#5303 = AXIS2_PLACEMENT_3D('',#5304,#5305,#5306);
#5304 = CARTESIAN_POINT('',(1.437072683075E-12,49.911542731879,59.2));
#5305 = DIRECTION('',(5.947623346206E-16,1.110223024625E-16,1.));
#5306 = DIRECTION('',(1.,-9.42935300772E-31,-5.947623346206E-16));
#5307 = PCURVE('',#293,#5308);
#5308 = DEFINITIONAL_REPRESENTATION('',(#5309),#5313);
#5309 = CIRCLE('',#5310,18.284210105952);
#5310 = AXIS2_PLACEMENT_2D('',#5311,#5312);
#5311 = CARTESIAN_POINT('',(1.425526363619E-12,-1.107831547464E-12));
#5312 = DIRECTION('',(1.,-1.417484439069E-31));
#5313 = ( GEOMETRIC_REPRESENTATION_CONTEXT(2) 
PARAMETRIC_REPRESENTATION_CONTEXT() REPRESENTATION_CONTEXT('2D SPACE',''
  ) );
#5314 = PCURVE('',#5315,#5320);
#5315 = CONICAL_SURFACE('',#5316,18.284210105952,0.785398163397);
#5316 = AXIS2_PLACEMENT_3D('',#5317,#5318,#5319);
#5317 = CARTESIAN_POINT('',(1.437072683075E-12,49.911542731879,59.2));
#5318 = DIRECTION('',(-5.947623346206E-16,-1.110223024625E-16,-1.));
#5319 = DIRECTION('',(-1.,9.42935300772E-31,5.947623346206E-16));
#5320 = DEFINITIONAL_REPRESENTATION('',(#5321),#5325);
#5321 = LINE('',#5322,#5323);
#5322 = CARTESIAN_POINT('',(3.14159265359,0.));
#5323 = VECTOR('',#5324,1.);
#5324 = DIRECTION('',(-1.,0.));
#5325 = ( GEOMETRIC_REPRESENTATION_CONTEXT(2) 
PARAMETRIC_REPRESENTATION_CONTEXT() REPRESENTATION_CONTEXT('2D SPACE',''
  ) );
#5326 = ORIENTED_EDGE('',*,*,#5327,.T.);
#5327 = EDGE_CURVE('',#5299,#5328,#5330,.T.);
#5328 = VERTEX_POINT('',#5329);
#5329 = CARTESIAN_POINT('',(-14.73622405018,58.941912444042,59.2));
#5330 = SURFACE_CURVE('',#5331,(#5335,#5342),.PCURVE_S1.);
#5331 = LINE('',#5332,#5333);
#5332 = CARTESIAN_POINT('',(-14.86983170532,59.785477979002,59.2));
#5333 = VECTOR('',#5334,1.);
#5334 = DIRECTION('',(0.15643446504,-0.987688340595,5.551115123126E-17)
  );
#5335 = PCURVE('',#293,#5336);
#5336 = DEFINITIONAL_REPRESENTATION('',(#5337),#5341);
#5337 = LINE('',#5338,#5339);
#5338 = CARTESIAN_POINT('',(-14.86983170532,9.873935247122));
#5339 = VECTOR('',#5340,1.);
#5340 = DIRECTION('',(0.15643446504,-0.987688340595));
#5341 = ( GEOMETRIC_REPRESENTATION_CONTEXT(2) 
PARAMETRIC_REPRESENTATION_CONTEXT() REPRESENTATION_CONTEXT('2D SPACE',''
  ) );
#5342 = PCURVE('',#5343,#5348);
#5343 = PLANE('',#5344);
#5344 = AXIS2_PLACEMENT_3D('',#5345,#5346,#5347);
#5345 = CARTESIAN_POINT('',(-12.98033412607,47.855659776096,59.2));
#5346 = DIRECTION('',(-0.698401123334,-0.110615871041,0.707106781187));
#5347 = DIRECTION('',(-0.15643446504,0.987688340595,-1.110223024625E-16)
  );
#5348 = DEFINITIONAL_REPRESENTATION('',(#5349),#5353);
#5349 = LINE('',#5350,#5351);
#5350 = CARTESIAN_POINT('',(12.078524887433,-5.107025913276E-14));
#5351 = VECTOR('',#5352,1.);
#5352 = DIRECTION('',(-1.,1.110223024625E-16));
#5353 = ( GEOMETRIC_REPRESENTATION_CONTEXT(2) 
PARAMETRIC_REPRESENTATION_CONTEXT() REPRESENTATION_CONTEXT('2D SPACE',''
  ) );
#5354 = ORIENTED_EDGE('',*,*,#5355,.T.);
#5355 = EDGE_CURVE('',#5328,#5356,#5358,.T.);
#5356 = VERTEX_POINT('',#5357);
#5357 = CARTESIAN_POINT('',(-16.15103602321,58.48221216754,59.2));
#5358 = SURFACE_CURVE('',#5359,(#5363,#5370),.PCURVE_S1.);
#5359 = LINE('',#5360,#5361);
#5360 = CARTESIAN_POINT('',(-4.061143250113,62.410456454864,59.2));
#5361 = VECTOR('',#5362,1.);
#5362 = DIRECTION('',(-0.951056516295,-0.309016994375,5.828670879282E-16
    ));
#5363 = PCURVE('',#293,#5364);
#5364 = DEFINITIONAL_REPRESENTATION('',(#5365),#5369);
#5365 = LINE('',#5366,#5367);
#5366 = CARTESIAN_POINT('',(-4.061143250113,12.498913722984));
#5367 = VECTOR('',#5368,1.);
#5368 = DIRECTION('',(-0.951056516295,-0.309016994375));
#5369 = ( GEOMETRIC_REPRESENTATION_CONTEXT(2) 
PARAMETRIC_REPRESENTATION_CONTEXT() REPRESENTATION_CONTEXT('2D SPACE',''
  ) );
#5370 = PCURVE('',#5371,#5376);
#5371 = PLANE('',#5372);
#5372 = AXIS2_PLACEMENT_3D('',#5373,#5374,#5375);
#5373 = CARTESIAN_POINT('',(-16.34817265537,59.469620817139,58.2));
#5374 = DIRECTION('',(0.218508012224,-0.672498511964,-0.707106781187));
#5375 = DIRECTION('',(0.951056516295,0.309016994375,-1.137978600241E-15)
  );
#5376 = DEFINITIONAL_REPRESENTATION('',(#5377),#5381);
#5377 = LINE('',#5378,#5379);
#5378 = CARTESIAN_POINT('',(12.594427571508,1.414213562373));
#5379 = VECTOR('',#5380,1.);
#5380 = DIRECTION('',(-1.,3.053113317719E-16));
#5381 = ( GEOMETRIC_REPRESENTATION_CONTEXT(2) 
PARAMETRIC_REPRESENTATION_CONTEXT() REPRESENTATION_CONTEXT('2D SPACE',''
  ) );
#5382 = ORIENTED_EDGE('',*,*,#5383,.T.);
#5383 = EDGE_CURVE('',#5356,#5384,#5386,.T.);
#5384 = VERTEX_POINT('',#5385);
#5385 = CARTESIAN_POINT('',(-16.4271580103,57.940292254869,59.2));
#5386 = SURFACE_CURVE('',#5387,(#5392,#5399),.PCURVE_S1.);
#5387 = CIRCLE('',#5388,18.284210105952);
#5388 = AXIS2_PLACEMENT_3D('',#5389,#5390,#5391);
#5389 = CARTESIAN_POINT('',(1.453059894629E-12,49.911542731879,59.2));
#5390 = DIRECTION('',(5.947623346206E-16,1.110223024625E-16,1.));
#5391 = DIRECTION('',(1.,-9.42935300772E-31,-5.947623346206E-16));
#5392 = PCURVE('',#293,#5393);
#5393 = DEFINITIONAL_REPRESENTATION('',(#5394),#5398);
#5394 = CIRCLE('',#5395,18.284210105952);
#5395 = AXIS2_PLACEMENT_2D('',#5396,#5397);
#5396 = CARTESIAN_POINT('',(1.441513575173E-12,-8.086225184397E-13));
#5397 = DIRECTION('',(1.,-1.417484439069E-31));
#5398 = ( GEOMETRIC_REPRESENTATION_CONTEXT(2) 
PARAMETRIC_REPRESENTATION_CONTEXT() REPRESENTATION_CONTEXT('2D SPACE',''
  ) );
#5399 = PCURVE('',#5400,#5405);
#5400 = CONICAL_SURFACE('',#5401,18.284210105952,0.785398163397);
#5401 = AXIS2_PLACEMENT_3D('',#5402,#5403,#5404);
#5402 = CARTESIAN_POINT('',(1.453059894629E-12,49.911542731879,59.2));
#5403 = DIRECTION('',(-5.947623346206E-16,-1.110223024625E-16,-1.));
#5404 = DIRECTION('',(-1.,9.42935300772E-31,5.947623346206E-16));
#5405 = DEFINITIONAL_REPRESENTATION('',(#5406),#5410);
#5406 = LINE('',#5407,#5408);
#5407 = CARTESIAN_POINT('',(3.14159265359,0.));
#5408 = VECTOR('',#5409,1.);
#5409 = DIRECTION('',(-1.,0.));
#5410 = ( GEOMETRIC_REPRESENTATION_CONTEXT(2) 
PARAMETRIC_REPRESENTATION_CONTEXT() REPRESENTATION_CONTEXT('2D SPACE',''
  ) );
#5411 = ORIENTED_EDGE('',*,*,#5412,.T.);
#5412 = EDGE_CURVE('',#5384,#5413,#5415,.T.);
#5413 = VERTEX_POINT('',#5414);
#5414 = CARTESIAN_POINT('',(-15.9674577338,56.525480281842,59.2));
#5415 = SURFACE_CURVE('',#5416,(#5420,#5427),.PCURVE_S1.);
#5416 = LINE('',#5417,#5418);
#5417 = CARTESIAN_POINT('',(-16.23138318018,57.337759283194,59.2));
#5418 = VECTOR('',#5419,1.);
#5419 = DIRECTION('',(0.309016994375,-0.951056516295,-1.110223024625E-16
    ));
#5420 = PCURVE('',#293,#5421);
#5421 = DEFINITIONAL_REPRESENTATION('',(#5422),#5426);
#5422 = LINE('',#5423,#5424);
#5423 = CARTESIAN_POINT('',(-16.23138318018,7.426216551314));
#5424 = VECTOR('',#5425,1.);
#5425 = DIRECTION('',(0.309016994375,-0.951056516295));
#5426 = ( GEOMETRIC_REPRESENTATION_CONTEXT(2) 
PARAMETRIC_REPRESENTATION_CONTEXT() REPRESENTATION_CONTEXT('2D SPACE',''
  ) );
#5427 = PCURVE('',#5428,#5433);
#5428 = PLANE('',#5429);
#5429 = AXIS2_PLACEMENT_3D('',#5430,#5431,#5432);
#5430 = CARTESIAN_POINT('',(-12.49891372298,45.850399481767,59.2));
#5431 = DIRECTION('',(-0.672498511964,-0.218508012224,0.707106781187));
#5432 = DIRECTION('',(-0.309016994375,0.951056516295,1.110223024625E-16)
  );
#5433 = DEFINITIONAL_REPRESENTATION('',(#5434),#5438);
#5434 = LINE('',#5435,#5436);
#5435 = CARTESIAN_POINT('',(12.078524887433,-7.105427357601E-15));
#5436 = VECTOR('',#5437,1.);
#5437 = DIRECTION('',(-1.,3.330669073875E-16));
#5438 = ( GEOMETRIC_REPRESENTATION_CONTEXT(2) 
PARAMETRIC_REPRESENTATION_CONTEXT() REPRESENTATION_CONTEXT('2D SPACE',''
  ) );
#5439 = ORIENTED_EDGE('',*,*,#5440,.T.);
#5440 = EDGE_CURVE('',#5413,#5441,#5443,.T.);
#5441 = VERTEX_POINT('',#5442);
#5442 = CARTESIAN_POINT('',(-17.29293805686,55.850114324439,59.2));
#5443 = SURFACE_CURVE('',#5444,(#5448,#5455),.PCURVE_S1.);
#5444 = LINE('',#5445,#5446);
#5445 = CARTESIAN_POINT('',(-5.966404719463,61.621271314393,59.2));
#5446 = VECTOR('',#5447,1.);
#5447 = DIRECTION('',(-0.891006524188,-0.45399049974,5.828670879282E-16)
  );
#5448 = PCURVE('',#293,#5449);
#5449 = DEFINITIONAL_REPRESENTATION('',(#5450),#5454);
#5450 = LINE('',#5451,#5452);
#5451 = CARTESIAN_POINT('',(-5.966404719463,11.709728582513));
#5452 = VECTOR('',#5453,1.);
#5453 = DIRECTION('',(-0.891006524188,-0.45399049974));
#5454 = ( GEOMETRIC_REPRESENTATION_CONTEXT(2) 
PARAMETRIC_REPRESENTATION_CONTEXT() REPRESENTATION_CONTEXT('2D SPACE',''
  ) );
#5455 = PCURVE('',#5456,#5461);
#5456 = PLANE('',#5457);
#5457 = AXIS2_PLACEMENT_3D('',#5458,#5459,#5460);
#5458 = CARTESIAN_POINT('',(-17.64211235383,56.794527371459,58.2));
#5459 = DIRECTION('',(0.32101976096,-0.630036755335,-0.707106781187));
#5460 = DIRECTION('',(0.891006524188,0.45399049974,-5.828670879282E-16)
  );
#5461 = DEFINITIONAL_REPRESENTATION('',(#5462),#5466);
#5462 = LINE('',#5463,#5464);
#5463 = CARTESIAN_POINT('',(12.594427571508,1.414213562373));
#5464 = VECTOR('',#5465,1.);
#5465 = DIRECTION('',(-1.,4.718447854657E-16));
#5466 = ( GEOMETRIC_REPRESENTATION_CONTEXT(2) 
PARAMETRIC_REPRESENTATION_CONTEXT() REPRESENTATION_CONTEXT('2D SPACE',''
  ) );
#5467 = ORIENTED_EDGE('',*,*,#5468,.T.);
#5468 = EDGE_CURVE('',#5441,#5469,#5471,.T.);
#5469 = VERTEX_POINT('',#5470);
#5470 = CARTESIAN_POINT('',(-17.48088557246,55.271671349821,59.2));
#5471 = SURFACE_CURVE('',#5472,(#5477,#5484),.PCURVE_S1.);
#5472 = CIRCLE('',#5473,18.284210105951);
#5473 = AXIS2_PLACEMENT_3D('',#5474,#5475,#5476);
#5474 = CARTESIAN_POINT('',(3.952393967666E-13,49.91154273188,59.2));
#5475 = DIRECTION('',(5.947623346206E-16,1.110223024625E-16,1.));
#5476 = DIRECTION('',(1.,-9.42935300772E-31,-5.947623346206E-16));
#5477 = PCURVE('',#293,#5478);
#5478 = DEFINITIONAL_REPRESENTATION('',(#5479),#5483);
#5479 = CIRCLE('',#5480,18.284210105951);
#5480 = AXIS2_PLACEMENT_2D('',#5481,#5482);
#5481 = CARTESIAN_POINT('',(3.836930773105E-13,-6.521505632602E-14));
#5482 = DIRECTION('',(1.,-1.417484439069E-31));
#5483 = ( GEOMETRIC_REPRESENTATION_CONTEXT(2) 
PARAMETRIC_REPRESENTATION_CONTEXT() REPRESENTATION_CONTEXT('2D SPACE',''
  ) );
#5484 = PCURVE('',#5485,#5490);
#5485 = CONICAL_SURFACE('',#5486,18.284210105951,0.785398163397);
#5486 = AXIS2_PLACEMENT_3D('',#5487,#5488,#5489);
#5487 = CARTESIAN_POINT('',(3.952393967666E-13,49.91154273188,59.2));
#5488 = DIRECTION('',(-5.947623346206E-16,-1.110223024625E-16,-1.));
#5489 = DIRECTION('',(-1.,9.42935300772E-31,5.947623346206E-16));
#5490 = DEFINITIONAL_REPRESENTATION('',(#5491),#5495);
#5491 = LINE('',#5492,#5493);
#5492 = CARTESIAN_POINT('',(3.14159265359,0.));
#5493 = VECTOR('',#5494,1.);
#5494 = DIRECTION('',(-1.,0.));
#5495 = ( GEOMETRIC_REPRESENTATION_CONTEXT(2) 
PARAMETRIC_REPRESENTATION_CONTEXT() REPRESENTATION_CONTEXT('2D SPACE',''
  ) );
#5496 = ORIENTED_EDGE('',*,*,#5497,.T.);
#5497 = EDGE_CURVE('',#5469,#5498,#5500,.T.);
#5498 = VERTEX_POINT('',#5499);
#5499 = CARTESIAN_POINT('',(-16.80551961506,53.946191026761,59.2));
#5500 = SURFACE_CURVE('',#5501,(#5505,#5512),.PCURVE_S1.);
#5501 = LINE('',#5502,#5503);
#5502 = CARTESIAN_POINT('',(-17.19326413227,54.707182489692,59.2));
#5503 = VECTOR('',#5504,1.);
#5504 = DIRECTION('',(0.45399049974,-0.891006524188,-1.110223024625E-16)
  );
#5505 = PCURVE('',#293,#5506);
#5506 = DEFINITIONAL_REPRESENTATION('',(#5507),#5511);
#5507 = LINE('',#5508,#5509);
#5508 = CARTESIAN_POINT('',(-17.19326413227,4.795639757812));
#5509 = VECTOR('',#5510,1.);
#5510 = DIRECTION('',(0.45399049974,-0.891006524188));
#5511 = ( GEOMETRIC_REPRESENTATION_CONTEXT(2) 
PARAMETRIC_REPRESENTATION_CONTEXT() REPRESENTATION_CONTEXT('2D SPACE',''
  ) );
#5512 = PCURVE('',#5513,#5518);
#5513 = PLANE('',#5514);
#5514 = AXIS2_PLACEMENT_3D('',#5515,#5516,#5517);
#5515 = CARTESIAN_POINT('',(-11.70972858251,43.945138012418,59.2));
#5516 = DIRECTION('',(-0.630036755335,-0.32101976096,0.707106781187));
#5517 = DIRECTION('',(-0.45399049974,0.891006524188,1.110223024625E-16)
  );
#5518 = DEFINITIONAL_REPRESENTATION('',(#5519),#5523);
#5519 = LINE('',#5520,#5521);
#5520 = CARTESIAN_POINT('',(12.078524887433,1.42108547152E-14));
#5521 = VECTOR('',#5522,1.);
#5522 = DIRECTION('',(-1.,4.718447854657E-16));
#5523 = ( GEOMETRIC_REPRESENTATION_CONTEXT(2) 
PARAMETRIC_REPRESENTATION_CONTEXT() REPRESENTATION_CONTEXT('2D SPACE',''
  ) );
#5524 = ORIENTED_EDGE('',*,*,#5525,.T.);
#5525 = EDGE_CURVE('',#5498,#5526,#5528,.T.);
#5526 = VERTEX_POINT('',#5527);
#5527 = CARTESIAN_POINT('',(-18.00903056358,53.07178913974,59.2));
#5528 = SURFACE_CURVE('',#5529,(#5533,#5540),.PCURVE_S1.);
#5529 = LINE('',#5530,#5531);
#5530 = CARTESIAN_POINT('',(-7.724753503257,60.543753793859,59.2));
#5531 = VECTOR('',#5532,1.);
#5532 = DIRECTION('',(-0.809016994375,-0.587785252292,5.551115123126E-16
    ));
#5533 = PCURVE('',#293,#5534);
#5534 = DEFINITIONAL_REPRESENTATION('',(#5535),#5539);
#5535 = LINE('',#5536,#5537);
#5536 = CARTESIAN_POINT('',(-7.724753503257,10.632211061979));
#5537 = VECTOR('',#5538,1.);
#5538 = DIRECTION('',(-0.809016994375,-0.587785252292));
#5539 = ( GEOMETRIC_REPRESENTATION_CONTEXT(2) 
PARAMETRIC_REPRESENTATION_CONTEXT() REPRESENTATION_CONTEXT('2D SPACE',''
  ) );
#5540 = PCURVE('',#5541,#5546);
#5541 = PLANE('',#5542);
#5542 = AXIS2_PLACEMENT_3D('',#5543,#5544,#5545);
#5543 = CARTESIAN_POINT('',(-18.50164469532,53.949952000636,58.2));
#5544 = DIRECTION('',(0.415626937777,-0.572061402818,-0.707106781187));
#5545 = DIRECTION('',(0.809016994375,0.587785252292,-8.326672684689E-16)
  );
#5546 = DEFINITIONAL_REPRESENTATION('',(#5547),#5551);
#5547 = LINE('',#5548,#5549);
#5548 = CARTESIAN_POINT('',(12.594427571508,1.414213562373));
#5549 = VECTOR('',#5550,1.);
#5550 = DIRECTION('',(-1.,7.216449660064E-16));
#5551 = ( GEOMETRIC_REPRESENTATION_CONTEXT(2) 
PARAMETRIC_REPRESENTATION_CONTEXT() REPRESENTATION_CONTEXT('2D SPACE',''
  ) );
#5552 = ORIENTED_EDGE('',*,*,#5553,.T.);
#5553 = EDGE_CURVE('',#5526,#5554,#5556,.T.);
#5554 = VERTEX_POINT('',#5555);
#5555 = CARTESIAN_POINT('',(-18.10417571609,52.471066288952,59.2));
#5556 = SURFACE_CURVE('',#5557,(#5562,#5569),.PCURVE_S1.);
#5557 = CIRCLE('',#5558,18.284210105952);
#5558 = AXIS2_PLACEMENT_3D('',#5559,#5560,#5561);
#5559 = CARTESIAN_POINT('',(1.586286657584E-12,49.91154273188,59.2));
#5560 = DIRECTION('',(5.947623346206E-16,1.110223024625E-16,1.));
#5561 = DIRECTION('',(1.,-9.42935300772E-31,-5.947623346206E-16));
#5562 = PCURVE('',#293,#5563);
#5563 = DEFINITIONAL_REPRESENTATION('',(#5564),#5568);
#5564 = CIRCLE('',#5565,18.284210105952);
#5565 = AXIS2_PLACEMENT_2D('',#5566,#5567);
#5566 = CARTESIAN_POINT('',(1.574740338128E-12,-3.287398168892E-13));
#5567 = DIRECTION('',(1.,-1.417484439069E-31));
#5568 = ( GEOMETRIC_REPRESENTATION_CONTEXT(2) 
PARAMETRIC_REPRESENTATION_CONTEXT() REPRESENTATION_CONTEXT('2D SPACE',''
  ) );
#5569 = PCURVE('',#5570,#5575);
#5570 = CONICAL_SURFACE('',#5571,18.284210105952,0.785398163397);
#5571 = AXIS2_PLACEMENT_3D('',#5572,#5573,#5574);
#5572 = CARTESIAN_POINT('',(1.586286657584E-12,49.91154273188,59.2));
#5573 = DIRECTION('',(-5.947623346206E-16,-1.110223024625E-16,-1.));
#5574 = DIRECTION('',(-1.,9.42935300772E-31,5.947623346206E-16));
#5575 = DEFINITIONAL_REPRESENTATION('',(#5576),#5580);
#5576 = LINE('',#5577,#5578);
#5577 = CARTESIAN_POINT('',(3.14159265359,1.602578374037E-13));
#5578 = VECTOR('',#5579,1.);
#5579 = DIRECTION('',(-1.,-5.339888211826E-14));
#5580 = ( GEOMETRIC_REPRESENTATION_CONTEXT(2) 
PARAMETRIC_REPRESENTATION_CONTEXT() REPRESENTATION_CONTEXT('2D SPACE',''
  ) );
#5581 = ORIENTED_EDGE('',*,*,#5582,.T.);
#5582 = EDGE_CURVE('',#5554,#5583,#5585,.T.);
#5583 = VERTEX_POINT('',#5584);
#5584 = CARTESIAN_POINT('',(-17.22977382907,51.267555340431,59.2));
#5585 = SURFACE_CURVE('',#5586,(#5590,#5597),.PCURVE_S1.);
#5586 = LINE('',#5587,#5588);
#5587 = CARTESIAN_POINT('',(-17.73178986026,51.958521129538,59.2));
#5588 = VECTOR('',#5589,1.);
#5589 = DIRECTION('',(0.587785252292,-0.809016994375,-2.775557561563E-16
    ));
#5590 = PCURVE('',#293,#5591);
#5591 = DEFINITIONAL_REPRESENTATION('',(#5592),#5596);
#5592 = LINE('',#5593,#5594);
#5593 = CARTESIAN_POINT('',(-17.73178986026,2.046978397658));
#5594 = VECTOR('',#5595,1.);
#5595 = DIRECTION('',(0.587785252292,-0.809016994375));
#5596 = ( GEOMETRIC_REPRESENTATION_CONTEXT(2) 
PARAMETRIC_REPRESENTATION_CONTEXT() REPRESENTATION_CONTEXT('2D SPACE',''
  ) );
#5597 = PCURVE('',#5598,#5603);
#5598 = PLANE('',#5599);
#5599 = AXIS2_PLACEMENT_3D('',#5600,#5601,#5602);
#5600 = CARTESIAN_POINT('',(-10.63221106197,42.186789228624,59.2));
#5601 = DIRECTION('',(-0.572061402818,-0.415626937777,0.707106781187));
#5602 = DIRECTION('',(-0.587785252292,0.809016994375,0.));
#5603 = DEFINITIONAL_REPRESENTATION('',(#5604),#5608);
#5604 = LINE('',#5605,#5606);
#5605 = CARTESIAN_POINT('',(12.078524887433,-3.996802888651E-14));
#5606 = VECTOR('',#5607,1.);
#5607 = DIRECTION('',(-1.,6.383782391595E-16));
#5608 = ( GEOMETRIC_REPRESENTATION_CONTEXT(2) 
PARAMETRIC_REPRESENTATION_CONTEXT() REPRESENTATION_CONTEXT('2D SPACE',''
  ) );
#5609 = ORIENTED_EDGE('',*,*,#5610,.T.);
#5610 = EDGE_CURVE('',#5583,#5611,#5613,.T.);
#5611 = VERTEX_POINT('',#5612);
#5612 = CARTESIAN_POINT('',(-18.28168096928,50.215648200224,59.2));
#5613 = SURFACE_CURVE('',#5614,(#5618,#5625),.PCURVE_S1.);
#5614 = LINE('',#5615,#5616);
#5615 = CARTESIAN_POINT('',(-9.292893218813,59.204435950694,59.2));
#5616 = VECTOR('',#5617,1.);
#5617 = DIRECTION('',(-0.707106781187,-0.707106781187,4.996003610813E-16
    ));
#5618 = PCURVE('',#293,#5619);
#5619 = DEFINITIONAL_REPRESENTATION('',(#5620),#5624);
#5620 = LINE('',#5621,#5622);
#5621 = CARTESIAN_POINT('',(-9.292893218813,9.292893218813));
#5622 = VECTOR('',#5623,1.);
#5623 = DIRECTION('',(-0.707106781187,-0.707106781187));
#5624 = ( GEOMETRIC_REPRESENTATION_CONTEXT(2) 
PARAMETRIC_REPRESENTATION_CONTEXT() REPRESENTATION_CONTEXT('2D SPACE',''
  ) );
#5625 = PCURVE('',#5626,#5631);
#5626 = PLANE('',#5627);
#5627 = AXIS2_PLACEMENT_3D('',#5628,#5629,#5630);
#5628 = CARTESIAN_POINT('',(-18.90560514097,51.005937590904,58.2));
#5629 = DIRECTION('',(0.5,-0.5,-0.707106781187));
#5630 = DIRECTION('',(0.707106781187,0.707106781187,-2.22044604925E-16)
  );
#5631 = DEFINITIONAL_REPRESENTATION('',(#5632),#5636);
#5632 = LINE('',#5633,#5634);
#5633 = CARTESIAN_POINT('',(12.594427571508,1.414213562373));
#5634 = VECTOR('',#5635,1.);
#5635 = DIRECTION('',(-1.,3.330669073875E-16));
#5636 = ( GEOMETRIC_REPRESENTATION_CONTEXT(2) 
PARAMETRIC_REPRESENTATION_CONTEXT() REPRESENTATION_CONTEXT('2D SPACE',''
  ) );
#5637 = ORIENTED_EDGE('',*,*,#5638,.T.);
#5638 = EDGE_CURVE('',#5611,#5639,#5641,.T.);
#5639 = VERTEX_POINT('',#5640);
#5640 = CARTESIAN_POINT('',(-18.28168096928,49.607437263537,59.2));
#5641 = SURFACE_CURVE('',#5642,(#5647,#5654),.PCURVE_S1.);
#5642 = CIRCLE('',#5643,18.284210105954);
#5643 = AXIS2_PLACEMENT_3D('',#5644,#5645,#5646);
#5644 = CARTESIAN_POINT('',(3.546496429863E-12,49.91154273188,59.2));
#5645 = DIRECTION('',(5.947623346206E-16,1.110223024625E-16,1.));
#5646 = DIRECTION('',(1.,-9.42935300772E-31,-5.947623346206E-16));
#5647 = PCURVE('',#293,#5648);
#5648 = DEFINITIONAL_REPRESENTATION('',(#5649),#5653);
#5649 = CIRCLE('',#5650,18.284210105954);
#5650 = AXIS2_PLACEMENT_2D('',#5651,#5652);
#5651 = CARTESIAN_POINT('',(3.534950110406E-12,7.929837435829E-15));
#5652 = DIRECTION('',(1.,-1.417484439069E-31));
#5653 = ( GEOMETRIC_REPRESENTATION_CONTEXT(2) 
PARAMETRIC_REPRESENTATION_CONTEXT() REPRESENTATION_CONTEXT('2D SPACE',''
  ) );
#5654 = PCURVE('',#5655,#5660);
#5655 = CONICAL_SURFACE('',#5656,18.284210105954,0.785398163397);
#5656 = AXIS2_PLACEMENT_3D('',#5657,#5658,#5659);
#5657 = CARTESIAN_POINT('',(3.546496429863E-12,49.91154273188,59.2));
#5658 = DIRECTION('',(-5.947623346206E-16,-1.110223024625E-16,-1.));
#5659 = DIRECTION('',(-1.,9.42935300772E-31,5.947623346206E-16));
#5660 = DEFINITIONAL_REPRESENTATION('',(#5661),#5665);
#5661 = LINE('',#5662,#5663);
#5662 = CARTESIAN_POINT('',(3.14159265359,1.7763568394E-15));
#5663 = VECTOR('',#5664,1.);
#5664 = DIRECTION('',(-1.,0.));
#5665 = ( GEOMETRIC_REPRESENTATION_CONTEXT(2) 
PARAMETRIC_REPRESENTATION_CONTEXT() REPRESENTATION_CONTEXT('2D SPACE',''
  ) );
#5666 = ORIENTED_EDGE('',*,*,#5667,.T.);
#5667 = EDGE_CURVE('',#5639,#5668,#5670,.T.);
#5668 = VERTEX_POINT('',#5669);
#5669 = CARTESIAN_POINT('',(-17.22977382907,48.55553012333,59.2));
#5670 = SURFACE_CURVE('',#5671,(#5675,#5682),.PCURVE_S1.);
#5671 = LINE('',#5672,#5673);
#5672 = CARTESIAN_POINT('',(-17.83370007344,49.159456367701,59.2));
#5673 = VECTOR('',#5674,1.);
#5674 = DIRECTION('',(0.707106781187,-0.707106781187,-3.885780586188E-16
    ));
#5675 = PCURVE('',#293,#5676);
#5676 = DEFINITIONAL_REPRESENTATION('',(#5677),#5681);
#5677 = LINE('',#5678,#5679);
#5678 = CARTESIAN_POINT('',(-17.83370007344,-0.752086364179));
#5679 = VECTOR('',#5680,1.);
#5680 = DIRECTION('',(0.707106781187,-0.707106781187));
#5681 = ( GEOMETRIC_REPRESENTATION_CONTEXT(2) 
PARAMETRIC_REPRESENTATION_CONTEXT() REPRESENTATION_CONTEXT('2D SPACE',''
  ) );
#5682 = PCURVE('',#5683,#5688);
#5683 = PLANE('',#5684);
#5684 = AXIS2_PLACEMENT_3D('',#5685,#5686,#5687);
#5685 = CARTESIAN_POINT('',(-9.292893218813,40.618649513067,59.2));
#5686 = DIRECTION('',(-0.5,-0.5,0.707106781187));
#5687 = DIRECTION('',(-0.707106781187,0.707106781187,0.));
#5688 = DEFINITIONAL_REPRESENTATION('',(#5689),#5693);
#5689 = LINE('',#5690,#5691);
#5690 = CARTESIAN_POINT('',(12.078524887433,-2.020605904818E-14));
#5691 = VECTOR('',#5692,1.);
#5692 = DIRECTION('',(-1.,4.996003610813E-16));
#5693 = ( GEOMETRIC_REPRESENTATION_CONTEXT(2) 
PARAMETRIC_REPRESENTATION_CONTEXT() REPRESENTATION_CONTEXT('2D SPACE',''
  ) );
#5694 = ORIENTED_EDGE('',*,*,#5695,.T.);
#5695 = EDGE_CURVE('',#5668,#5696,#5698,.T.);
#5696 = VERTEX_POINT('',#5697);
#5697 = CARTESIAN_POINT('',(-18.10417571609,47.352019174808,59.2));
#5698 = SURFACE_CURVE('',#5699,(#5703,#5710),.PCURVE_S1.);
#5699 = LINE('',#5700,#5701);
#5700 = CARTESIAN_POINT('',(-10.63221106197,57.636296235137,59.2));
#5701 = VECTOR('',#5702,1.);
#5702 = DIRECTION('',(-0.587785252292,-0.809016994375,3.885780586188E-16
    ));
#5703 = PCURVE('',#293,#5704);
#5704 = DEFINITIONAL_REPRESENTATION('',(#5705),#5709);
#5705 = LINE('',#5706,#5707);
#5706 = CARTESIAN_POINT('',(-10.63221106197,7.724753503257));
#5707 = VECTOR('',#5708,1.);
#5708 = DIRECTION('',(-0.587785252292,-0.809016994375));
#5709 = ( GEOMETRIC_REPRESENTATION_CONTEXT(2) 
PARAMETRIC_REPRESENTATION_CONTEXT() REPRESENTATION_CONTEXT('2D SPACE',''
  ) );
#5710 = PCURVE('',#5711,#5716);
#5711 = PLANE('',#5712);
#5712 = AXIS2_PLACEMENT_3D('',#5713,#5714,#5715);
#5713 = CARTESIAN_POINT('',(-18.84404684395,48.034975547655,58.2));
#5714 = DIRECTION('',(0.572061402818,-0.415626937777,-0.707106781187));
#5715 = DIRECTION('',(0.587785252292,0.809016994375,-4.440892098501E-16)
  );
#5716 = DEFINITIONAL_REPRESENTATION('',(#5717),#5721);
#5717 = LINE('',#5718,#5719);
#5718 = CARTESIAN_POINT('',(12.594427571508,1.414213562373));
#5719 = VECTOR('',#5720,1.);
#5720 = DIRECTION('',(-1.,2.775557561563E-16));
#5721 = ( GEOMETRIC_REPRESENTATION_CONTEXT(2) 
PARAMETRIC_REPRESENTATION_CONTEXT() REPRESENTATION_CONTEXT('2D SPACE',''
  ) );
#5722 = ORIENTED_EDGE('',*,*,#5723,.T.);
#5723 = EDGE_CURVE('',#5696,#5724,#5726,.T.);
#5724 = VERTEX_POINT('',#5725);
#5725 = CARTESIAN_POINT('',(-18.00903056358,46.75129632402,59.2));
#5726 = SURFACE_CURVE('',#5727,(#5732,#5739),.PCURVE_S1.);
#5727 = CIRCLE('',#5728,18.284210105952);
#5728 = AXIS2_PLACEMENT_3D('',#5729,#5730,#5731);
#5729 = CARTESIAN_POINT('',(1.6004975123E-12,49.91154273188,59.2));
#5730 = DIRECTION('',(5.947623346206E-16,1.110223024625E-16,1.));
#5731 = DIRECTION('',(1.,-9.42935300772E-31,-5.947623346206E-16));
#5732 = PCURVE('',#293,#5733);
#5733 = DEFINITIONAL_REPRESENTATION('',(#5734),#5738);
#5734 = CIRCLE('',#5735,18.284210105952);
#5735 = AXIS2_PLACEMENT_2D('',#5736,#5737);
#5736 = CARTESIAN_POINT('',(1.588951192844E-12,3.445994917609E-13));
#5737 = DIRECTION('',(1.,-1.417484439069E-31));
#5738 = ( GEOMETRIC_REPRESENTATION_CONTEXT(2) 
PARAMETRIC_REPRESENTATION_CONTEXT() REPRESENTATION_CONTEXT('2D SPACE',''
  ) );
#5739 = PCURVE('',#5740,#5745);
#5740 = CONICAL_SURFACE('',#5741,18.284210105952,0.785398163397);
#5741 = AXIS2_PLACEMENT_3D('',#5742,#5743,#5744);
#5742 = CARTESIAN_POINT('',(1.6004975123E-12,49.91154273188,59.2));
#5743 = DIRECTION('',(-5.947623346206E-16,-1.110223024625E-16,-1.));
#5744 = DIRECTION('',(-1.,9.42935300772E-31,5.947623346206E-16));
#5745 = DEFINITIONAL_REPRESENTATION('',(#5746),#5750);
#5746 = LINE('',#5747,#5748);
#5747 = CARTESIAN_POINT('',(9.424777960769,-1.752572341416E-13));
#5748 = VECTOR('',#5749,1.);
#5749 = DIRECTION('',(-1.,5.339888211826E-14));
#5750 = ( GEOMETRIC_REPRESENTATION_CONTEXT(2) 
PARAMETRIC_REPRESENTATION_CONTEXT() REPRESENTATION_CONTEXT('2D SPACE',''
  ) );
#5751 = ORIENTED_EDGE('',*,*,#5752,.T.);
#5752 = EDGE_CURVE('',#5724,#5753,#5755,.T.);
#5753 = VERTEX_POINT('',#5754);
#5754 = CARTESIAN_POINT('',(-16.80551961506,45.876894436999,59.2));
#5755 = SURFACE_CURVE('',#5756,(#5760,#5767),.PCURVE_S1.);
#5756 = LINE('',#5757,#5758);
#5757 = CARTESIAN_POINT('',(-17.49648540417,46.378910468182,59.2));
#5758 = VECTOR('',#5759,1.);
#5759 = DIRECTION('',(0.809016994375,-0.587785252292,-4.996003610813E-16
    ));
#5760 = PCURVE('',#293,#5761);
#5761 = DEFINITIONAL_REPRESENTATION('',(#5762),#5766);
#5762 = LINE('',#5763,#5764);
#5763 = CARTESIAN_POINT('',(-17.49648540417,-3.532632263698));
#5764 = VECTOR('',#5765,1.);
#5765 = DIRECTION('',(0.809016994375,-0.587785252292));
#5766 = ( GEOMETRIC_REPRESENTATION_CONTEXT(2) 
PARAMETRIC_REPRESENTATION_CONTEXT() REPRESENTATION_CONTEXT('2D SPACE',''
  ) );
#5767 = PCURVE('',#5768,#5773);
#5768 = PLANE('',#5769);
#5769 = AXIS2_PLACEMENT_3D('',#5770,#5771,#5772);
#5770 = CARTESIAN_POINT('',(-7.724753503257,39.279331669901,59.2));
#5771 = DIRECTION('',(-0.415626937777,-0.572061402818,0.707106781187));
#5772 = DIRECTION('',(-0.809016994375,0.587785252292,1.054711873394E-15)
  );
#5773 = DEFINITIONAL_REPRESENTATION('',(#5774),#5778);
#5774 = LINE('',#5775,#5776);
#5775 = CARTESIAN_POINT('',(12.078524887433,1.287858708565E-14));
#5776 = VECTOR('',#5777,1.);
#5777 = DIRECTION('',(-1.,5.134781488891E-16));
#5778 = ( GEOMETRIC_REPRESENTATION_CONTEXT(2) 
PARAMETRIC_REPRESENTATION_CONTEXT() REPRESENTATION_CONTEXT('2D SPACE',''
  ) );
#5779 = ORIENTED_EDGE('',*,*,#5780,.T.);
#5780 = EDGE_CURVE('',#5753,#5781,#5783,.T.);
#5781 = VERTEX_POINT('',#5782);
#5782 = CARTESIAN_POINT('',(-17.48088557246,44.55141411394,59.2));
#5783 = SURFACE_CURVE('',#5784,(#5788,#5795),.PCURVE_S1.);
#5784 = LINE('',#5785,#5786);
#5785 = CARTESIAN_POINT('',(-11.70972858251,55.877947451343,59.2));
#5786 = VECTOR('',#5787,1.);
#5787 = DIRECTION('',(-0.45399049974,-0.891006524188,3.330669073875E-16)
  );
#5788 = PCURVE('',#293,#5789);
#5789 = DEFINITIONAL_REPRESENTATION('',(#5790),#5794);
#5790 = LINE('',#5791,#5792);
#5791 = CARTESIAN_POINT('',(-11.70972858251,5.966404719463));
#5792 = VECTOR('',#5793,1.);
#5793 = DIRECTION('',(-0.45399049974,-0.891006524188));
#5794 = ( GEOMETRIC_REPRESENTATION_CONTEXT(2) 
PARAMETRIC_REPRESENTATION_CONTEXT() REPRESENTATION_CONTEXT('2D SPACE',''
  ) );
#5795 = PCURVE('',#5796,#5801);
#5796 = PLANE('',#5797);
#5797 = AXIS2_PLACEMENT_3D('',#5798,#5799,#5800);
#5798 = CARTESIAN_POINT('',(-18.31848557382,45.110220816451,58.2));
#5799 = DIRECTION('',(0.630036755335,-0.32101976096,-0.707106781187));
#5800 = DIRECTION('',(0.45399049974,0.891006524188,-6.106226635438E-16)
  );
#5801 = DEFINITIONAL_REPRESENTATION('',(#5802),#5806);
#5802 = LINE('',#5803,#5804);
#5803 = CARTESIAN_POINT('',(12.594427571508,1.414213562373));
#5804 = VECTOR('',#5805,1.);
#5805 = DIRECTION('',(-1.,3.885780586188E-16));
#5806 = ( GEOMETRIC_REPRESENTATION_CONTEXT(2) 
PARAMETRIC_REPRESENTATION_CONTEXT() REPRESENTATION_CONTEXT('2D SPACE',''
  ) );
#5807 = ORIENTED_EDGE('',*,*,#5808,.T.);
#5808 = EDGE_CURVE('',#5781,#5809,#5811,.T.);
#5809 = VERTEX_POINT('',#5810);
#5810 = CARTESIAN_POINT('',(-17.29293805686,43.972971139321,59.2));
#5811 = SURFACE_CURVE('',#5812,(#5817,#5824),.PCURVE_S1.);
#5812 = CIRCLE('',#5813,18.284210105952);
#5813 = AXIS2_PLACEMENT_3D('',#5814,#5815,#5816);
#5814 = CARTESIAN_POINT('',(1.858957432432E-12,49.911542731881,59.2));
#5815 = DIRECTION('',(5.947623346206E-16,1.110223024625E-16,1.));
#5816 = DIRECTION('',(1.,-9.42935300772E-31,-5.947623346206E-16));
#5817 = PCURVE('',#293,#5818);
#5818 = DEFINITIONAL_REPRESENTATION('',(#5819),#5823);
#5819 = CIRCLE('',#5820,18.284210105952);
#5820 = AXIS2_PLACEMENT_2D('',#5821,#5822);
#5821 = CARTESIAN_POINT('',(1.847411112976E-12,5.045603922777E-13));
#5822 = DIRECTION('',(1.,-1.417484439069E-31));
#5823 = ( GEOMETRIC_REPRESENTATION_CONTEXT(2) 
PARAMETRIC_REPRESENTATION_CONTEXT() REPRESENTATION_CONTEXT('2D SPACE',''
  ) );
#5824 = PCURVE('',#5825,#5830);
#5825 = CONICAL_SURFACE('',#5826,18.284210105952,0.785398163397);
#5826 = AXIS2_PLACEMENT_3D('',#5827,#5828,#5829);
#5827 = CARTESIAN_POINT('',(1.858957432432E-12,49.911542731881,59.2));
#5828 = DIRECTION('',(-5.947623346206E-16,-1.110223024625E-16,-1.));
#5829 = DIRECTION('',(-1.,9.42935300772E-31,5.947623346206E-16));
#5830 = DEFINITIONAL_REPRESENTATION('',(#5831),#5835);
#5831 = LINE('',#5832,#5833);
#5832 = CARTESIAN_POINT('',(9.424777960769,0.));
#5833 = VECTOR('',#5834,1.);
#5834 = DIRECTION('',(-1.,0.));
#5835 = ( GEOMETRIC_REPRESENTATION_CONTEXT(2) 
PARAMETRIC_REPRESENTATION_CONTEXT() REPRESENTATION_CONTEXT('2D SPACE',''
  ) );
#5836 = ORIENTED_EDGE('',*,*,#5837,.T.);
#5837 = EDGE_CURVE('',#5809,#5838,#5840,.T.);
#5838 = VERTEX_POINT('',#5839);
#5839 = CARTESIAN_POINT('',(-15.9674577338,43.297605181918,59.2));
#5840 = SURFACE_CURVE('',#5841,(#5845,#5852),.PCURVE_S1.);
#5841 = LINE('',#5842,#5843);
#5842 = CARTESIAN_POINT('',(-16.72844919673,43.68534969913,59.2));
#5843 = VECTOR('',#5844,1.);
#5844 = DIRECTION('',(0.891006524188,-0.45399049974,-4.996003610813E-16)
  );
#5845 = PCURVE('',#293,#5846);
#5846 = DEFINITIONAL_REPRESENTATION('',(#5847),#5851);
#5847 = LINE('',#5848,#5849);
#5848 = CARTESIAN_POINT('',(-16.72844919673,-6.22619303275));
#5849 = VECTOR('',#5850,1.);
#5850 = DIRECTION('',(0.891006524188,-0.45399049974));
#5851 = ( GEOMETRIC_REPRESENTATION_CONTEXT(2) 
PARAMETRIC_REPRESENTATION_CONTEXT() REPRESENTATION_CONTEXT('2D SPACE',''
  ) );
#5852 = PCURVE('',#5853,#5858);
#5853 = PLANE('',#5854);
#5854 = AXIS2_PLACEMENT_3D('',#5855,#5856,#5857);
#5855 = CARTESIAN_POINT('',(-5.966404719462,38.201814149368,59.2));
#5856 = DIRECTION('',(-0.32101976096,-0.630036755335,0.707106781187));
#5857 = DIRECTION('',(-0.891006524188,0.45399049974,8.326672684689E-16)
  );
#5858 = DEFINITIONAL_REPRESENTATION('',(#5859),#5863);
#5859 = LINE('',#5860,#5861);
#5860 = CARTESIAN_POINT('',(12.078524887433,3.064215547965E-14));
#5861 = VECTOR('',#5862,1.);
#5862 = DIRECTION('',(-1.,4.579669976579E-16));
#5863 = ( GEOMETRIC_REPRESENTATION_CONTEXT(2) 
PARAMETRIC_REPRESENTATION_CONTEXT() REPRESENTATION_CONTEXT('2D SPACE',''
  ) );
#5864 = ORIENTED_EDGE('',*,*,#5865,.T.);
#5865 = EDGE_CURVE('',#5838,#5866,#5868,.T.);
#5866 = VERTEX_POINT('',#5867);
#5867 = CARTESIAN_POINT('',(-16.4271580103,41.882793208892,59.2));
#5868 = SURFACE_CURVE('',#5869,(#5873,#5880),.PCURVE_S1.);
#5869 = LINE('',#5870,#5871);
#5870 = CARTESIAN_POINT('',(-12.49891372298,53.972685981993,59.2));
#5871 = VECTOR('',#5872,1.);
#5872 = DIRECTION('',(-0.309016994375,-0.951056516295,3.330669073875E-16
    ));
#5873 = PCURVE('',#293,#5874);
#5874 = DEFINITIONAL_REPRESENTATION('',(#5875),#5879);
#5875 = LINE('',#5876,#5877);
#5876 = CARTESIAN_POINT('',(-12.49891372298,4.061143250113));
#5877 = VECTOR('',#5878,1.);
#5878 = DIRECTION('',(-0.309016994375,-0.951056516295));
#5879 = ( GEOMETRIC_REPRESENTATION_CONTEXT(2) 
PARAMETRIC_REPRESENTATION_CONTEXT() REPRESENTATION_CONTEXT('2D SPACE',''
  ) );
#5880 = PCURVE('',#5881,#5886);
#5881 = PLANE('',#5882);
#5882 = AXIS2_PLACEMENT_3D('',#5883,#5884,#5885);
#5883 = CARTESIAN_POINT('',(-17.34186239329,42.303690565478,58.2));
#5884 = DIRECTION('',(0.672498511964,-0.218508012224,-0.707106781187));
#5885 = DIRECTION('',(0.309016994375,0.951056516295,-5.551115123126E-17)
  );
#5886 = DEFINITIONAL_REPRESENTATION('',(#5887),#5891);
#5887 = LINE('',#5888,#5889);
#5888 = CARTESIAN_POINT('',(12.594427571508,1.414213562373));
#5889 = VECTOR('',#5890,1.);
#5890 = DIRECTION('',(-1.,3.330669073875E-16));
#5891 = ( GEOMETRIC_REPRESENTATION_CONTEXT(2) 
PARAMETRIC_REPRESENTATION_CONTEXT() REPRESENTATION_CONTEXT('2D SPACE',''
  ) );
#5892 = ORIENTED_EDGE('',*,*,#5893,.T.);
#5893 = EDGE_CURVE('',#5866,#5894,#5896,.T.);
#5894 = VERTEX_POINT('',#5895);
#5895 = CARTESIAN_POINT('',(-16.15103602321,41.340873296221,59.2));
#5896 = SURFACE_CURVE('',#5897,(#5902,#5909),.PCURVE_S1.);
#5897 = CIRCLE('',#5898,18.284210105951);
#5898 = AXIS2_PLACEMENT_3D('',#5899,#5900,#5901);
#5899 = CARTESIAN_POINT('',(8.819611707622E-13,49.911542731881,59.2));
#5900 = DIRECTION('',(5.947623346206E-16,1.110223024625E-16,1.));
#5901 = DIRECTION('',(1.,-9.42935300772E-31,-5.947623346206E-16));
#5902 = PCURVE('',#293,#5903);
#5903 = DEFINITIONAL_REPRESENTATION('',(#5904),#5908);
#5904 = CIRCLE('',#5905,18.284210105951);
#5905 = AXIS2_PLACEMENT_2D('',#5906,#5907);
#5906 = CARTESIAN_POINT('',(8.704148513061E-13,5.204200671494E-13));
#5907 = DIRECTION('',(1.,-1.417484439069E-31));
#5908 = ( GEOMETRIC_REPRESENTATION_CONTEXT(2) 
PARAMETRIC_REPRESENTATION_CONTEXT() REPRESENTATION_CONTEXT('2D SPACE',''
  ) );
#5909 = PCURVE('',#5910,#5915);
#5910 = CONICAL_SURFACE('',#5911,18.284210105951,0.785398163397);
#5911 = AXIS2_PLACEMENT_3D('',#5912,#5913,#5914);
#5912 = CARTESIAN_POINT('',(8.819611707622E-13,49.911542731881,59.2));
#5913 = DIRECTION('',(-5.947623346206E-16,-1.110223024625E-16,-1.));
#5914 = DIRECTION('',(-1.,9.42935300772E-31,5.947623346206E-16));
#5915 = DEFINITIONAL_REPRESENTATION('',(#5916),#5920);
#5916 = LINE('',#5917,#5918);
#5917 = CARTESIAN_POINT('',(9.424777960769,0.));
#5918 = VECTOR('',#5919,1.);
#5919 = DIRECTION('',(-1.,0.));
#5920 = ( GEOMETRIC_REPRESENTATION_CONTEXT(2) 
PARAMETRIC_REPRESENTATION_CONTEXT() REPRESENTATION_CONTEXT('2D SPACE',''
  ) );
#5921 = ORIENTED_EDGE('',*,*,#5922,.T.);
#5922 = EDGE_CURVE('',#5894,#5923,#5925,.T.);
#5923 = VERTEX_POINT('',#5924);
#5924 = CARTESIAN_POINT('',(-14.73622405018,40.881173019718,59.2));
#5925 = SURFACE_CURVE('',#5926,(#5930,#5937),.PCURVE_S1.);
#5926 = LINE('',#5927,#5928);
#5927 = CARTESIAN_POINT('',(-15.54850305154,41.145098466094,59.2));
#5928 = VECTOR('',#5929,1.);
#5929 = DIRECTION('',(0.951056516295,-0.309016994375,-5.551115123126E-16
    ));
#5930 = PCURVE('',#293,#5931);
#5931 = DEFINITIONAL_REPRESENTATION('',(#5932),#5936);
#5932 = LINE('',#5933,#5934);
#5933 = CARTESIAN_POINT('',(-15.54850305154,-8.766444265786));
#5934 = VECTOR('',#5935,1.);
#5935 = DIRECTION('',(0.951056516295,-0.309016994375));
#5936 = ( GEOMETRIC_REPRESENTATION_CONTEXT(2) 
PARAMETRIC_REPRESENTATION_CONTEXT() REPRESENTATION_CONTEXT('2D SPACE',''
  ) );
#5937 = PCURVE('',#5938,#5943);
#5938 = PLANE('',#5939);
#5939 = AXIS2_PLACEMENT_3D('',#5940,#5941,#5942);
#5940 = CARTESIAN_POINT('',(-4.061143250113,37.412629008896,59.2));
#5941 = DIRECTION('',(-0.218508012224,-0.672498511964,0.707106781187));
#5942 = DIRECTION('',(-0.951056516295,0.309016994375,6.106226635438E-16)
  );
#5943 = DEFINITIONAL_REPRESENTATION('',(#5944),#5948);
#5944 = LINE('',#5945,#5946);
#5945 = CARTESIAN_POINT('',(12.078524887433,-1.809663530139E-14));
#5946 = VECTOR('',#5947,1.);
#5947 = DIRECTION('',(-1.,3.261280134836E-16));
#5948 = ( GEOMETRIC_REPRESENTATION_CONTEXT(2) 
PARAMETRIC_REPRESENTATION_CONTEXT() REPRESENTATION_CONTEXT('2D SPACE',''
  ) );
#5949 = ORIENTED_EDGE('',*,*,#5950,.T.);
#5950 = EDGE_CURVE('',#5923,#5951,#5953,.T.);
#5951 = VERTEX_POINT('',#5952);
#5952 = CARTESIAN_POINT('',(-14.96893929932,39.411866762992,59.2));
#5953 = SURFACE_CURVE('',#5954,(#5958,#5965),.PCURVE_S1.);
#5954 = LINE('',#5955,#5956);
#5955 = CARTESIAN_POINT('',(-12.98033412607,51.967425687665,59.2));
#5956 = VECTOR('',#5957,1.);
#5957 = DIRECTION('',(-0.15643446504,-0.987688340595,1.665334536938E-16)
  );
#5958 = PCURVE('',#293,#5959);
#5959 = DEFINITIONAL_REPRESENTATION('',(#5960),#5964);
#5960 = LINE('',#5961,#5962);
#5961 = CARTESIAN_POINT('',(-12.98033412607,2.055882955785));
#5962 = VECTOR('',#5963,1.);
#5963 = DIRECTION('',(-0.15643446504,-0.987688340595));
#5964 = ( GEOMETRIC_REPRESENTATION_CONTEXT(2) 
PARAMETRIC_REPRESENTATION_CONTEXT() REPRESENTATION_CONTEXT('2D SPACE',''
  ) );
#5965 = PCURVE('',#5966,#5971);
#5966 = PLANE('',#5967);
#5967 = AXIS2_PLACEMENT_3D('',#5968,#5969,#5970);
#5968 = CARTESIAN_POINT('',(-15.93822500631,39.684490883857,58.2));
#5969 = DIRECTION('',(0.698401123334,-0.110615871041,-0.707106781187));
#5970 = DIRECTION('',(0.15643446504,0.987688340595,-4.440892098501E-16)
  );
#5971 = DEFINITIONAL_REPRESENTATION('',(#5972),#5976);
#5972 = LINE('',#5973,#5974);
#5973 = CARTESIAN_POINT('',(12.594427571508,1.414213562373));
#5974 = VECTOR('',#5975,1.);
#5975 = DIRECTION('',(-1.,1.110223024625E-16));
#5976 = ( GEOMETRIC_REPRESENTATION_CONTEXT(2) 
PARAMETRIC_REPRESENTATION_CONTEXT() REPRESENTATION_CONTEXT('2D SPACE',''
  ) );
#5977 = ORIENTED_EDGE('',*,*,#5978,.T.);
#5978 = EDGE_CURVE('',#5951,#5979,#5981,.T.);
#5979 = VERTEX_POINT('',#5980);
#5980 = CARTESIAN_POINT('',(-14.61144188045,38.919813779047,59.2));
#5981 = SURFACE_CURVE('',#5982,(#5987,#5994),.PCURVE_S1.);
#5982 = CIRCLE('',#5983,18.284210105952);
#5983 = AXIS2_PLACEMENT_3D('',#5984,#5985,#5986);
#5984 = CARTESIAN_POINT('',(1.384670156312E-12,49.911542731881,59.2));
#5985 = DIRECTION('',(5.947623346206E-16,1.110223024625E-16,1.));
#5986 = DIRECTION('',(1.,-9.42935300772E-31,-5.947623346206E-16));
#5987 = PCURVE('',#293,#5988);
#5988 = DEFINITIONAL_REPRESENTATION('',(#5989),#5993);
#5989 = CIRCLE('',#5990,18.284210105952);
#5990 = AXIS2_PLACEMENT_2D('',#5991,#5992);
#5991 = CARTESIAN_POINT('',(1.373123836856E-12,1.045693231436E-12));
#5992 = DIRECTION('',(1.,-1.417484439069E-31));
#5993 = ( GEOMETRIC_REPRESENTATION_CONTEXT(2) 
PARAMETRIC_REPRESENTATION_CONTEXT() REPRESENTATION_CONTEXT('2D SPACE',''
  ) );
#5994 = PCURVE('',#5995,#6000);
#5995 = CONICAL_SURFACE('',#5996,18.284210105952,0.785398163397);
#5996 = AXIS2_PLACEMENT_3D('',#5997,#5998,#5999);
#5997 = CARTESIAN_POINT('',(1.384670156312E-12,49.911542731881,59.2));
#5998 = DIRECTION('',(-5.947623346206E-16,-1.110223024625E-16,-1.));
#5999 = DIRECTION('',(-1.,9.42935300772E-31,5.947623346206E-16));
#6000 = DEFINITIONAL_REPRESENTATION('',(#6001),#6005);
#6001 = LINE('',#6002,#6003);
#6002 = CARTESIAN_POINT('',(9.424777960769,0.));
#6003 = VECTOR('',#6004,1.);
#6004 = DIRECTION('',(-1.,0.));
#6005 = ( GEOMETRIC_REPRESENTATION_CONTEXT(2) 
PARAMETRIC_REPRESENTATION_CONTEXT() REPRESENTATION_CONTEXT('2D SPACE',''
  ) );
#6006 = ORIENTED_EDGE('',*,*,#6007,.T.);
#6007 = EDGE_CURVE('',#5979,#6008,#6010,.T.);
#6008 = VERTEX_POINT('',#6009);
#6009 = CARTESIAN_POINT('',(-13.14213562373,38.68709852991,59.2));
#6010 = SURFACE_CURVE('',#6011,(#6015,#6022),.PCURVE_S1.);
#6011 = LINE('',#6012,#6013);
#6012 = CARTESIAN_POINT('',(-13.98570115869,38.820706185042,59.2));
#6013 = VECTOR('',#6014,1.);
#6014 = DIRECTION('',(0.987688340595,-0.15643446504,-5.828670879282E-16)
  );
#6015 = PCURVE('',#293,#6016);
#6016 = DEFINITIONAL_REPRESENTATION('',(#6017),#6021);
#6017 = LINE('',#6018,#6019);
#6018 = CARTESIAN_POINT('',(-13.98570115869,-11.09083654683));
#6019 = VECTOR('',#6020,1.);
#6020 = DIRECTION('',(0.987688340595,-0.15643446504));
#6021 = ( GEOMETRIC_REPRESENTATION_CONTEXT(2) 
PARAMETRIC_REPRESENTATION_CONTEXT() REPRESENTATION_CONTEXT('2D SPACE',''
  ) );
#6022 = PCURVE('',#6023,#6028);
#6023 = PLANE('',#6024);
#6024 = AXIS2_PLACEMENT_3D('',#6025,#6026,#6027);
#6025 = CARTESIAN_POINT('',(-2.055882955784,36.931208605801,59.2));
#6026 = DIRECTION('',(-0.110615871041,-0.698401123334,0.707106781187));
#6027 = DIRECTION('',(-0.987688340595,0.15643446504,9.020562075079E-16)
  );
#6028 = DEFINITIONAL_REPRESENTATION('',(#6029),#6033);
#6029 = LINE('',#6030,#6031);
#6030 = CARTESIAN_POINT('',(12.078524887433,-3.405609128038E-14));
#6031 = VECTOR('',#6032,1.);
#6032 = DIRECTION('',(-1.,1.873501354055E-16));
#6033 = ( GEOMETRIC_REPRESENTATION_CONTEXT(2) 
PARAMETRIC_REPRESENTATION_CONTEXT() REPRESENTATION_CONTEXT('2D SPACE',''
  ) );
#6034 = ORIENTED_EDGE('',*,*,#6035,.T.);
#6035 = EDGE_CURVE('',#6008,#6036,#6038,.T.);
#6036 = VERTEX_POINT('',#6037);
#6037 = CARTESIAN_POINT('',(-13.14213562373,37.199477185872,59.2));
#6038 = SURFACE_CURVE('',#6039,(#6043,#6050),.PCURVE_S1.);
#6039 = LINE('',#6040,#6041);
#6040 = CARTESIAN_POINT('',(-13.14213562373,49.91154273188,59.2));
#6041 = VECTOR('',#6042,1.);
#6042 = DIRECTION('',(-6.902532920684E-31,-1.,1.110223024625E-16));
#6043 = PCURVE('',#293,#6044);
#6044 = DEFINITIONAL_REPRESENTATION('',(#6045),#6049);
#6045 = LINE('',#6046,#6047);
#6046 = CARTESIAN_POINT('',(-13.14213562373,-8.314833345218E-16));
#6047 = VECTOR('',#6048,1.);
#6048 = DIRECTION('',(1.54074395551E-31,-1.));
#6049 = ( GEOMETRIC_REPRESENTATION_CONTEXT(2) 
PARAMETRIC_REPRESENTATION_CONTEXT() REPRESENTATION_CONTEXT('2D SPACE',''
  ) );
#6050 = PCURVE('',#6051,#6056);
#6051 = PLANE('',#6052);
#6052 = AXIS2_PLACEMENT_3D('',#6053,#6054,#6055);
#6053 = CARTESIAN_POINT('',(-14.14213562373,37.317115160372,58.2));
#6054 = DIRECTION('',(0.707106781187,-5.551115123126E-17,-0.707106781187
    ));
#6055 = DIRECTION('',(6.902532920684E-31,1.,-1.110223024625E-16));
#6056 = DEFINITIONAL_REPRESENTATION('',(#6057),#6061);
#6057 = LINE('',#6058,#6059);
#6058 = CARTESIAN_POINT('',(12.594427571508,1.414213562373));
#6059 = VECTOR('',#6060,1.);
#6060 = DIRECTION('',(-1.,0.));
#6061 = ( GEOMETRIC_REPRESENTATION_CONTEXT(2) 
PARAMETRIC_REPRESENTATION_CONTEXT() REPRESENTATION_CONTEXT('2D SPACE',''
  ) );
#6062 = ORIENTED_EDGE('',*,*,#6063,.T.);
#6063 = EDGE_CURVE('',#6036,#6064,#6066,.T.);
#6064 = VERTEX_POINT('',#6065);
#6065 = CARTESIAN_POINT('',(-12.712065546,36.769407108149,59.2));
#6066 = SURFACE_CURVE('',#6067,(#6072,#6079),.PCURVE_S1.);
#6067 = CIRCLE('',#6068,18.284210105952);
#6068 = AXIS2_PLACEMENT_3D('',#6069,#6070,#6071);
#6069 = CARTESIAN_POINT('',(1.436184504655E-12,49.911542731882,59.2));
#6070 = DIRECTION('',(5.947623346206E-16,1.110223024625E-16,1.));
#6071 = DIRECTION('',(1.,-9.42935300772E-31,-5.947623346206E-16));
#6072 = PCURVE('',#293,#6073);
#6073 = DEFINITIONAL_REPRESENTATION('',(#6074),#6078);
#6074 = CIRCLE('',#6075,18.284210105952);
#6075 = AXIS2_PLACEMENT_2D('',#6076,#6077);
#6076 = CARTESIAN_POINT('',(1.424638185199E-12,1.427753348498E-12));
#6077 = DIRECTION('',(1.,-1.417484439069E-31));
#6078 = ( GEOMETRIC_REPRESENTATION_CONTEXT(2) 
PARAMETRIC_REPRESENTATION_CONTEXT() REPRESENTATION_CONTEXT('2D SPACE',''
  ) );
#6079 = PCURVE('',#6080,#6085);
#6080 = CONICAL_SURFACE('',#6081,18.284210105952,0.785398163397);
#6081 = AXIS2_PLACEMENT_3D('',#6082,#6083,#6084);
#6082 = CARTESIAN_POINT('',(1.436184504655E-12,49.911542731882,59.2));
#6083 = DIRECTION('',(-5.947623346206E-16,-1.110223024625E-16,-1.));
#6084 = DIRECTION('',(-1.,9.42935300772E-31,5.947623346206E-16));
#6085 = DEFINITIONAL_REPRESENTATION('',(#6086),#6090);
#6086 = LINE('',#6087,#6088);
#6087 = CARTESIAN_POINT('',(9.424777960769,4.193938394316E-13));
#6088 = VECTOR('',#6089,1.);
#6089 = DIRECTION('',(-1.,-1.067977642365E-13));
#6090 = ( GEOMETRIC_REPRESENTATION_CONTEXT(2) 
PARAMETRIC_REPRESENTATION_CONTEXT() REPRESENTATION_CONTEXT('2D SPACE',''
  ) );
#6091 = ORIENTED_EDGE('',*,*,#6092,.T.);
#6092 = EDGE_CURVE('',#6064,#6093,#6095,.T.);
#6093 = VERTEX_POINT('',#6094);
#6094 = CARTESIAN_POINT('',(-11.22444420197,36.769407108149,59.2));
#6095 = SURFACE_CURVE('',#6096,(#6100,#6107),.PCURVE_S1.);
#6096 = LINE('',#6097,#6098);
#6097 = CARTESIAN_POINT('',(-12.07852488743,36.769407108149,59.2));
#6098 = VECTOR('',#6099,1.);
#6099 = DIRECTION('',(1.,-9.42935300772E-31,-5.947623346206E-16));
#6100 = PCURVE('',#293,#6101);
#6101 = DEFINITIONAL_REPRESENTATION('',(#6102),#6106);
#6102 = LINE('',#6103,#6104);
#6103 = CARTESIAN_POINT('',(-12.07852488743,-13.14213562373));
#6104 = VECTOR('',#6105,1.);
#6105 = DIRECTION('',(1.,-1.417484439069E-31));
#6106 = ( GEOMETRIC_REPRESENTATION_CONTEXT(2) 
PARAMETRIC_REPRESENTATION_CONTEXT() REPRESENTATION_CONTEXT('2D SPACE',''
  ) );
#6107 = PCURVE('',#6108,#6113);
#6108 = PLANE('',#6109);
#6109 = AXIS2_PLACEMENT_3D('',#6110,#6111,#6112);
#6110 = CARTESIAN_POINT('',(1.15463194561E-14,36.769407108149,59.2));
#6111 = DIRECTION('',(4.205604800046E-16,-0.707106781187,0.707106781187)
  );
#6112 = DIRECTION('',(-1.,9.42935300772E-31,5.947623346206E-16));
#6113 = DEFINITIONAL_REPRESENTATION('',(#6114),#6118);
#6114 = LINE('',#6115,#6116);
#6115 = CARTESIAN_POINT('',(12.078524887433,1.865219209748E-17));
#6116 = VECTOR('',#6117,1.);
#6117 = DIRECTION('',(-1.,1.54074395551E-31));
#6118 = ( GEOMETRIC_REPRESENTATION_CONTEXT(2) 
PARAMETRIC_REPRESENTATION_CONTEXT() REPRESENTATION_CONTEXT('2D SPACE',''
  ) );
#6119 = ORIENTED_EDGE('',*,*,#6120,.T.);
#6120 = EDGE_CURVE('',#6093,#6121,#6123,.T.);
#6121 = VERTEX_POINT('',#6122);
#6122 = CARTESIAN_POINT('',(-10.99172895283,35.300100851423,59.2));
#6123 = SURFACE_CURVE('',#6124,(#6128,#6135),.PCURVE_S1.);
#6124 = LINE('',#6125,#6126);
#6125 = CARTESIAN_POINT('',(-12.98033412607,47.855659776096,59.2));
#6126 = VECTOR('',#6127,1.);
#6127 = DIRECTION('',(0.15643446504,-0.987688340595,5.551115123126E-17)
  );
#6128 = PCURVE('',#293,#6129);
#6129 = DEFINITIONAL_REPRESENTATION('',(#6130),#6134);
#6130 = LINE('',#6131,#6132);
#6131 = CARTESIAN_POINT('',(-12.98033412607,-2.055882955785));
#6132 = VECTOR('',#6133,1.);
#6133 = DIRECTION('',(0.15643446504,-0.987688340595));
#6134 = ( GEOMETRIC_REPRESENTATION_CONTEXT(2) 
PARAMETRIC_REPRESENTATION_CONTEXT() REPRESENTATION_CONTEXT('2D SPACE',''
  ) );
#6135 = PCURVE('',#6136,#6141);
#6136 = PLANE('',#6137);
#6137 = AXIS2_PLACEMENT_3D('',#6138,#6139,#6140);
#6138 = CARTESIAN_POINT('',(-11.99781992703,35.259856042207,58.2));
#6139 = DIRECTION('',(0.698401123334,0.110615871041,-0.707106781187));
#6140 = DIRECTION('',(-0.15643446504,0.987688340595,-5.551115123126E-17)
  );
#6141 = DEFINITIONAL_REPRESENTATION('',(#6142),#6146);
#6142 = LINE('',#6143,#6144);
#6143 = CARTESIAN_POINT('',(12.594427571508,1.414213562373));
#6144 = VECTOR('',#6145,1.);
#6145 = DIRECTION('',(-1.,-2.22044604925E-16));
#6146 = ( GEOMETRIC_REPRESENTATION_CONTEXT(2) 
PARAMETRIC_REPRESENTATION_CONTEXT() REPRESENTATION_CONTEXT('2D SPACE',''
  ) );
#6147 = ORIENTED_EDGE('',*,*,#6148,.T.);
#6148 = EDGE_CURVE('',#6121,#6149,#6151,.T.);
#6149 = VERTEX_POINT('',#6150);
#6150 = CARTESIAN_POINT('',(-10.49967596888,34.942603432555,59.2));
#6151 = SURFACE_CURVE('',#6152,(#6157,#6164),.PCURVE_S1.);
#6152 = CIRCLE('',#6153,18.284210105951);
#6153 = AXIS2_PLACEMENT_3D('',#6154,#6155,#6156);
#6154 = CARTESIAN_POINT('',(4.547473508865E-13,49.911542731881,59.2));
#6155 = DIRECTION('',(5.947623346206E-16,1.110223024625E-16,1.));
#6156 = DIRECTION('',(1.,-9.42935300772E-31,-5.947623346206E-16));
#6157 = PCURVE('',#293,#6158);
#6158 = DEFINITIONAL_REPRESENTATION('',(#6159),#6163);
#6159 = CIRCLE('',#6160,18.284210105951);
#6160 = AXIS2_PLACEMENT_2D('',#6161,#6162);
#6161 = CARTESIAN_POINT('',(4.432010314304E-13,5.865233018951E-13));
#6162 = DIRECTION('',(1.,-1.417484439069E-31));
#6163 = ( GEOMETRIC_REPRESENTATION_CONTEXT(2) 
PARAMETRIC_REPRESENTATION_CONTEXT() REPRESENTATION_CONTEXT('2D SPACE',''
  ) );
#6164 = PCURVE('',#6165,#6170);
#6165 = CONICAL_SURFACE('',#6166,18.284210105951,0.785398163397);
#6166 = AXIS2_PLACEMENT_3D('',#6167,#6168,#6169);
#6167 = CARTESIAN_POINT('',(4.547473508865E-13,49.911542731881,59.2));
#6168 = DIRECTION('',(-5.947623346206E-16,-1.110223024625E-16,-1.));
#6169 = DIRECTION('',(-1.,9.42935300772E-31,5.947623346206E-16));
#6170 = DEFINITIONAL_REPRESENTATION('',(#6171),#6175);
#6171 = LINE('',#6172,#6173);
#6172 = CARTESIAN_POINT('',(9.424777960769,2.189729749241E-13));
#6173 = VECTOR('',#6174,1.);
#6174 = DIRECTION('',(-1.,-5.339888211826E-14));
#6175 = ( GEOMETRIC_REPRESENTATION_CONTEXT(2) 
PARAMETRIC_REPRESENTATION_CONTEXT() REPRESENTATION_CONTEXT('2D SPACE',''
  ) );
#6176 = ORIENTED_EDGE('',*,*,#6177,.T.);
#6177 = EDGE_CURVE('',#6149,#6178,#6180,.T.);
#6178 = VERTEX_POINT('',#6179);
#6179 = CARTESIAN_POINT('',(-9.030369712162,35.175318681692,59.2));
#6180 = SURFACE_CURVE('',#6181,(#6185,#6192),.PCURVE_S1.);
#6181 = LINE('',#6182,#6183);
#6182 = CARTESIAN_POINT('',(-9.873935247122,35.04171102656,59.2));
#6183 = VECTOR('',#6184,1.);
#6184 = DIRECTION('',(0.987688340595,0.15643446504,-5.96744875736E-16));
#6185 = PCURVE('',#293,#6186);
#6186 = DEFINITIONAL_REPRESENTATION('',(#6187),#6191);
#6187 = LINE('',#6188,#6189);
#6188 = CARTESIAN_POINT('',(-9.873935247122,-14.86983170532));
#6189 = VECTOR('',#6190,1.);
#6190 = DIRECTION('',(0.987688340595,0.15643446504));
#6191 = ( GEOMETRIC_REPRESENTATION_CONTEXT(2) 
PARAMETRIC_REPRESENTATION_CONTEXT() REPRESENTATION_CONTEXT('2D SPACE',''
  ) );
#6192 = PCURVE('',#6193,#6198);
#6193 = PLANE('',#6194);
#6194 = AXIS2_PLACEMENT_3D('',#6195,#6196,#6197);
#6195 = CARTESIAN_POINT('',(2.055882955785,36.931208605801,59.2));
#6196 = DIRECTION('',(0.110615871041,-0.698401123334,0.707106781187));
#6197 = DIRECTION('',(-0.987688340595,-0.15643446504,7.216449660064E-16)
  );
#6198 = DEFINITIONAL_REPRESENTATION('',(#6199),#6203);
#6199 = LINE('',#6200,#6201);
#6200 = CARTESIAN_POINT('',(12.078524887433,-5.2569060216E-14));
#6201 = VECTOR('',#6202,1.);
#6202 = DIRECTION('',(-1.,-2.046973701653E-16));
#6203 = ( GEOMETRIC_REPRESENTATION_CONTEXT(2) 
PARAMETRIC_REPRESENTATION_CONTEXT() REPRESENTATION_CONTEXT('2D SPACE',''
  ) );
#6204 = ORIENTED_EDGE('',*,*,#6205,.T.);
#6205 = EDGE_CURVE('',#6178,#6206,#6208,.T.);
#6206 = VERTEX_POINT('',#6207);
#6207 = CARTESIAN_POINT('',(-8.570669435659,33.760506708665,59.2));
#6208 = SURFACE_CURVE('',#6209,(#6213,#6220),.PCURVE_S1.);
#6209 = LINE('',#6210,#6211);
#6210 = CARTESIAN_POINT('',(-12.49891372298,45.850399481767,59.2));
#6211 = VECTOR('',#6212,1.);
#6212 = DIRECTION('',(0.309016994375,-0.951056516295,-1.110223024625E-16
    ));
#6213 = PCURVE('',#293,#6214);
#6214 = DEFINITIONAL_REPRESENTATION('',(#6215),#6219);
#6215 = LINE('',#6216,#6217);
#6216 = CARTESIAN_POINT('',(-12.49891372298,-4.061143250113));
#6217 = VECTOR('',#6218,1.);
#6218 = DIRECTION('',(0.309016994375,-0.951056516295));
#6219 = ( GEOMETRIC_REPRESENTATION_CONTEXT(2) 
PARAMETRIC_REPRESENTATION_CONTEXT() REPRESENTATION_CONTEXT('2D SPACE',''
  ) );
#6220 = PCURVE('',#6221,#6226);
#6221 = PLANE('',#6222);
#6222 = AXIS2_PLACEMENT_3D('',#6223,#6224,#6225);
#6223 = CARTESIAN_POINT('',(-9.558078085259,33.563370076502,58.2));
#6224 = DIRECTION('',(0.672498511964,0.218508012224,-0.707106781187));
#6225 = DIRECTION('',(-0.309016994375,0.951056516295,-4.440892098501E-16
    ));
#6226 = DEFINITIONAL_REPRESENTATION('',(#6227),#6231);
#6227 = LINE('',#6228,#6229);
#6228 = CARTESIAN_POINT('',(12.594427571508,1.414213562373));
#6229 = VECTOR('',#6230,1.);
#6230 = DIRECTION('',(-1.,-3.608224830032E-16));
#6231 = ( GEOMETRIC_REPRESENTATION_CONTEXT(2) 
PARAMETRIC_REPRESENTATION_CONTEXT() REPRESENTATION_CONTEXT('2D SPACE',''
  ) );
#6232 = ORIENTED_EDGE('',*,*,#6233,.T.);
#6233 = EDGE_CURVE('',#6206,#6234,#6236,.T.);
#6234 = VERTEX_POINT('',#6235);
#6235 = CARTESIAN_POINT('',(-8.028749522988,33.484384721572,59.2));
#6236 = SURFACE_CURVE('',#6237,(#6242,#6249),.PCURVE_S1.);
#6237 = CIRCLE('',#6238,18.284210105952);
#6238 = AXIS2_PLACEMENT_3D('',#6239,#6240,#6241);
#6239 = CARTESIAN_POINT('',(6.963318810449E-13,49.911542731881,59.2));
#6240 = DIRECTION('',(5.947623346206E-16,1.110223024625E-16,1.));
#6241 = DIRECTION('',(1.,-9.42935300772E-31,-5.947623346206E-16));
#6242 = PCURVE('',#293,#6243);
#6243 = DEFINITIONAL_REPRESENTATION('',(#6244),#6248);
#6244 = CIRCLE('',#6245,18.284210105952);
#6245 = AXIS2_PLACEMENT_2D('',#6246,#6247);
#6246 = CARTESIAN_POINT('',(6.847855615888E-13,1.30832981358E-12));
#6247 = DIRECTION('',(1.,-1.417484439069E-31));
#6248 = ( GEOMETRIC_REPRESENTATION_CONTEXT(2) 
PARAMETRIC_REPRESENTATION_CONTEXT() REPRESENTATION_CONTEXT('2D SPACE',''
  ) );
#6249 = PCURVE('',#6250,#6255);
#6250 = CONICAL_SURFACE('',#6251,18.284210105952,0.785398163397);
#6251 = AXIS2_PLACEMENT_3D('',#6252,#6253,#6254);
#6252 = CARTESIAN_POINT('',(6.963318810449E-13,49.911542731881,59.2));
#6253 = DIRECTION('',(-5.947623346206E-16,-1.110223024625E-16,-1.));
#6254 = DIRECTION('',(-1.,9.42935300772E-31,5.947623346206E-16));
#6255 = DEFINITIONAL_REPRESENTATION('',(#6256),#6260);
#6256 = LINE('',#6257,#6258);
#6257 = CARTESIAN_POINT('',(9.424777960769,0.));
#6258 = VECTOR('',#6259,1.);
#6259 = DIRECTION('',(-1.,0.));
#6260 = ( GEOMETRIC_REPRESENTATION_CONTEXT(2) 
PARAMETRIC_REPRESENTATION_CONTEXT() REPRESENTATION_CONTEXT('2D SPACE',''
  ) );
#6261 = ORIENTED_EDGE('',*,*,#6262,.T.);
#6262 = EDGE_CURVE('',#6234,#6263,#6265,.T.);
#6263 = VERTEX_POINT('',#6264);
#6264 = CARTESIAN_POINT('',(-6.613937549962,33.944084998074,59.2));
#6265 = SURFACE_CURVE('',#6266,(#6270,#6277),.PCURVE_S1.);
#6266 = LINE('',#6267,#6268);
#6267 = CARTESIAN_POINT('',(-7.426216551313,33.680159551698,59.2));
#6268 = VECTOR('',#6269,1.);
#6269 = DIRECTION('',(0.951056516295,0.309016994375,-5.828670879282E-16)
  );
#6270 = PCURVE('',#293,#6271);
#6271 = DEFINITIONAL_REPRESENTATION('',(#6272),#6276);
#6272 = LINE('',#6273,#6274);
#6273 = CARTESIAN_POINT('',(-7.426216551313,-16.23138318018));
#6274 = VECTOR('',#6275,1.);
#6275 = DIRECTION('',(0.951056516295,0.309016994375));
#6276 = ( GEOMETRIC_REPRESENTATION_CONTEXT(2) 
PARAMETRIC_REPRESENTATION_CONTEXT() REPRESENTATION_CONTEXT('2D SPACE',''
  ) );
#6277 = PCURVE('',#6278,#6283);
#6278 = PLANE('',#6279);
#6279 = AXIS2_PLACEMENT_3D('',#6280,#6281,#6282);
#6280 = CARTESIAN_POINT('',(4.061143250113,37.412629008896,59.2));
#6281 = DIRECTION('',(0.218508012224,-0.672498511964,0.707106781187));
#6282 = DIRECTION('',(-0.951056516295,-0.309016994375,3.608224830032E-16
    ));
#6283 = DEFINITIONAL_REPRESENTATION('',(#6284),#6288);
#6284 = LINE('',#6285,#6286);
#6285 = CARTESIAN_POINT('',(12.078524887433,9.992007221626E-15));
#6286 = VECTOR('',#6287,1.);
#6287 = DIRECTION('',(-1.,-4.649058915618E-16));
#6288 = ( GEOMETRIC_REPRESENTATION_CONTEXT(2) 
PARAMETRIC_REPRESENTATION_CONTEXT() REPRESENTATION_CONTEXT('2D SPACE',''
  ) );
#6289 = ORIENTED_EDGE('',*,*,#6290,.T.);
#6290 = EDGE_CURVE('',#6263,#6291,#6293,.T.);
#6291 = VERTEX_POINT('',#6292);
#6292 = CARTESIAN_POINT('',(-5.938571592559,32.618604675015,59.2));
#6293 = SURFACE_CURVE('',#6294,(#6298,#6305),.PCURVE_S1.);
#6294 = LINE('',#6295,#6296);
#6295 = CARTESIAN_POINT('',(-11.70972858251,43.945138012418,59.2));
#6296 = VECTOR('',#6297,1.);
#6297 = DIRECTION('',(0.45399049974,-0.891006524188,-1.110223024625E-16)
  );
#6298 = PCURVE('',#293,#6299);
#6299 = DEFINITIONAL_REPRESENTATION('',(#6300),#6304);
#6300 = LINE('',#6301,#6302);
#6301 = CARTESIAN_POINT('',(-11.70972858251,-5.966404719463));
#6302 = VECTOR('',#6303,1.);
#6303 = DIRECTION('',(0.45399049974,-0.891006524188));
#6304 = ( GEOMETRIC_REPRESENTATION_CONTEXT(2) 
PARAMETRIC_REPRESENTATION_CONTEXT() REPRESENTATION_CONTEXT('2D SPACE',''
  ) );
#6305 = PCURVE('',#6306,#6311);
#6306 = PLANE('',#6307);
#6307 = AXIS2_PLACEMENT_3D('',#6308,#6309,#6310);
#6308 = CARTESIAN_POINT('',(-6.882984639579,32.269430378047,58.2));
#6309 = DIRECTION('',(0.630036755335,0.32101976096,-0.707106781187));
#6310 = DIRECTION('',(-0.45399049974,0.891006524188,-1.665334536938E-16)
  );
#6311 = DEFINITIONAL_REPRESENTATION('',(#6312),#6316);
#6312 = LINE('',#6313,#6314);
#6313 = CARTESIAN_POINT('',(12.594427571508,1.414213562373));
#6314 = VECTOR('',#6315,1.);
#6315 = DIRECTION('',(-1.,-3.330669073875E-16));
#6316 = ( GEOMETRIC_REPRESENTATION_CONTEXT(2) 
PARAMETRIC_REPRESENTATION_CONTEXT() REPRESENTATION_CONTEXT('2D SPACE',''
  ) );
#6317 = ORIENTED_EDGE('',*,*,#6318,.T.);
#6318 = EDGE_CURVE('',#6291,#6319,#6321,.T.);
#6319 = VERTEX_POINT('',#6320);
#6320 = CARTESIAN_POINT('',(-5.36012861794,32.430657159414,59.2));
#6321 = SURFACE_CURVE('',#6322,(#6327,#6334),.PCURVE_S1.);
#6322 = CIRCLE('',#6323,18.284210105952);
#6323 = AXIS2_PLACEMENT_3D('',#6324,#6325,#6326);
#6324 = CARTESIAN_POINT('',(5.071498776488E-13,49.911542731882,59.2));
#6325 = DIRECTION('',(5.947623346206E-16,1.110223024625E-16,1.));
#6326 = DIRECTION('',(1.,-9.42935300772E-31,-5.947623346206E-16));
#6327 = PCURVE('',#293,#6328);
#6328 = DEFINITIONAL_REPRESENTATION('',(#6329),#6333);
#6329 = CIRCLE('',#6330,18.284210105952);
#6330 = AXIS2_PLACEMENT_2D('',#6331,#6332);
#6331 = CARTESIAN_POINT('',(4.956035581927E-13,1.833602977867E-12));
#6332 = DIRECTION('',(1.,-1.417484439069E-31));
#6333 = ( GEOMETRIC_REPRESENTATION_CONTEXT(2) 
PARAMETRIC_REPRESENTATION_CONTEXT() REPRESENTATION_CONTEXT('2D SPACE',''
  ) );
#6334 = PCURVE('',#6335,#6340);
#6335 = CONICAL_SURFACE('',#6336,18.284210105952,0.785398163397);
#6336 = AXIS2_PLACEMENT_3D('',#6337,#6338,#6339);
#6337 = CARTESIAN_POINT('',(5.071498776488E-13,49.911542731882,59.2));
#6338 = DIRECTION('',(-5.947623346206E-16,-1.110223024625E-16,-1.));
#6339 = DIRECTION('',(-1.,9.42935300772E-31,5.947623346206E-16));
#6340 = DEFINITIONAL_REPRESENTATION('',(#6341),#6345);
#6341 = LINE('',#6342,#6343);
#6342 = CARTESIAN_POINT('',(9.424777960769,0.));
#6343 = VECTOR('',#6344,1.);
#6344 = DIRECTION('',(-1.,0.));
#6345 = ( GEOMETRIC_REPRESENTATION_CONTEXT(2) 
PARAMETRIC_REPRESENTATION_CONTEXT() REPRESENTATION_CONTEXT('2D SPACE',''
  ) );
#6346 = ORIENTED_EDGE('',*,*,#6347,.T.);
#6347 = EDGE_CURVE('',#6319,#6348,#6350,.T.);
#6348 = VERTEX_POINT('',#6349);
#6349 = CARTESIAN_POINT('',(-4.034648294881,33.106023116816,59.2));
#6350 = SURFACE_CURVE('',#6351,(#6355,#6362),.PCURVE_S1.);
#6351 = LINE('',#6352,#6353);
#6352 = CARTESIAN_POINT('',(-4.795639757812,32.718278599605,59.2));
#6353 = VECTOR('',#6354,1.);
#6354 = DIRECTION('',(0.891006524188,0.45399049974,-5.828670879282E-16)
  );
#6355 = PCURVE('',#293,#6356);
#6356 = DEFINITIONAL_REPRESENTATION('',(#6357),#6361);
#6357 = LINE('',#6358,#6359);
#6358 = CARTESIAN_POINT('',(-4.795639757812,-17.19326413227));
#6359 = VECTOR('',#6360,1.);
#6360 = DIRECTION('',(0.891006524188,0.45399049974));
#6361 = ( GEOMETRIC_REPRESENTATION_CONTEXT(2) 
PARAMETRIC_REPRESENTATION_CONTEXT() REPRESENTATION_CONTEXT('2D SPACE',''
  ) );
#6362 = PCURVE('',#6363,#6368);
#6363 = PLANE('',#6364);
#6364 = AXIS2_PLACEMENT_3D('',#6365,#6366,#6367);
#6365 = CARTESIAN_POINT('',(5.966404719463,38.201814149368,59.2));
#6366 = DIRECTION('',(0.32101976096,-0.630036755335,0.707106781187));
#6367 = DIRECTION('',(-0.891006524188,-0.45399049974,4.996003610813E-16)
  );
#6368 = DEFINITIONAL_REPRESENTATION('',(#6369),#6373);
#6369 = LINE('',#6370,#6371);
#6370 = CARTESIAN_POINT('',(12.078524887433,4.041211809636E-14));
#6371 = VECTOR('',#6372,1.);
#6372 = DIRECTION('',(-1.,-5.689893001204E-16));
#6373 = ( GEOMETRIC_REPRESENTATION_CONTEXT(2) 
PARAMETRIC_REPRESENTATION_CONTEXT() REPRESENTATION_CONTEXT('2D SPACE',''
  ) );
#6374 = ORIENTED_EDGE('',*,*,#6375,.T.);
#6375 = EDGE_CURVE('',#6348,#6376,#6378,.T.);
#6376 = VERTEX_POINT('',#6377);
#6377 = CARTESIAN_POINT('',(-3.16024640786,31.902512168295,59.2));
#6378 = SURFACE_CURVE('',#6379,(#6383,#6390),.PCURVE_S1.);
#6379 = LINE('',#6380,#6381);
#6380 = CARTESIAN_POINT('',(-10.63221106197,42.186789228624,59.2));
#6381 = VECTOR('',#6382,1.);
#6382 = DIRECTION('',(0.587785252292,-0.809016994375,-2.775557561563E-16
    ));
#6383 = PCURVE('',#293,#6384);
#6384 = DEFINITIONAL_REPRESENTATION('',(#6385),#6389);
#6385 = LINE('',#6386,#6387);
#6386 = CARTESIAN_POINT('',(-10.63221106197,-7.724753503257));
#6387 = VECTOR('',#6388,1.);
#6388 = DIRECTION('',(0.587785252292,-0.809016994375));
#6389 = ( GEOMETRIC_REPRESENTATION_CONTEXT(2) 
PARAMETRIC_REPRESENTATION_CONTEXT() REPRESENTATION_CONTEXT('2D SPACE',''
  ) );
#6390 = PCURVE('',#6391,#6396);
#6391 = PLANE('',#6392);
#6392 = AXIS2_PLACEMENT_3D('',#6393,#6394,#6395);
#6393 = CARTESIAN_POINT('',(-4.038409268756,31.409898036557,58.2));
#6394 = DIRECTION('',(0.572061402818,0.415626937777,-0.707106781187));
#6395 = DIRECTION('',(-0.587785252292,0.809016994375,3.330669073875E-16)
  );
#6396 = DEFINITIONAL_REPRESENTATION('',(#6397),#6401);
#6397 = LINE('',#6398,#6399);
#6398 = CARTESIAN_POINT('',(12.594427571508,1.414213562373));
#6399 = VECTOR('',#6400,1.);
#6400 = DIRECTION('',(-1.,0.));
#6401 = ( GEOMETRIC_REPRESENTATION_CONTEXT(2) 
PARAMETRIC_REPRESENTATION_CONTEXT() REPRESENTATION_CONTEXT('2D SPACE',''
  ) );
#6402 = ORIENTED_EDGE('',*,*,#6403,.T.);
#6403 = EDGE_CURVE('',#6376,#6404,#6406,.T.);
#6404 = VERTEX_POINT('',#6405);
#6405 = CARTESIAN_POINT('',(-2.559523557072,31.807367015783,59.2));
#6406 = SURFACE_CURVE('',#6407,(#6412,#6419),.PCURVE_S1.);
#6407 = CIRCLE('',#6408,18.284210105953);
#6408 = AXIS2_PLACEMENT_3D('',#6409,#6410,#6411);
#6409 = CARTESIAN_POINT('',(5.151434834261E-13,49.911542731883,59.2));
#6410 = DIRECTION('',(5.947623346206E-16,1.110223024625E-16,1.));
#6411 = DIRECTION('',(1.,-9.42935300772E-31,-5.947623346206E-16));
#6412 = PCURVE('',#293,#6413);
#6413 = DEFINITIONAL_REPRESENTATION('',(#6414),#6418);
#6414 = CIRCLE('',#6415,18.284210105953);
#6415 = AXIS2_PLACEMENT_2D('',#6416,#6417);
#6416 = CARTESIAN_POINT('',(5.0359716397E-13,2.896044062594E-12));
#6417 = DIRECTION('',(1.,-1.417484439069E-31));
#6418 = ( GEOMETRIC_REPRESENTATION_CONTEXT(2) 
PARAMETRIC_REPRESENTATION_CONTEXT() REPRESENTATION_CONTEXT('2D SPACE',''
  ) );
#6419 = PCURVE('',#6420,#6425);
#6420 = CONICAL_SURFACE('',#6421,18.284210105953,0.785398163397);
#6421 = AXIS2_PLACEMENT_3D('',#6422,#6423,#6424);
#6422 = CARTESIAN_POINT('',(5.151434834261E-13,49.911542731883,59.2));
#6423 = DIRECTION('',(-5.947623346206E-16,-1.110223024625E-16,-1.));
#6424 = DIRECTION('',(-1.,9.42935300772E-31,5.947623346206E-16));
#6425 = DEFINITIONAL_REPRESENTATION('',(#6426),#6430);
#6426 = LINE('',#6427,#6428);
#6427 = CARTESIAN_POINT('',(9.424777960769,0.));
#6428 = VECTOR('',#6429,1.);
#6429 = DIRECTION('',(-1.,0.));
#6430 = ( GEOMETRIC_REPRESENTATION_CONTEXT(2) 
PARAMETRIC_REPRESENTATION_CONTEXT() REPRESENTATION_CONTEXT('2D SPACE',''
  ) );
#6431 = ORIENTED_EDGE('',*,*,#6432,.T.);
#6432 = EDGE_CURVE('',#6404,#6433,#6435,.T.);
#6433 = VERTEX_POINT('',#6434);
#6434 = CARTESIAN_POINT('',(-1.35601260855,32.681768902804,59.2));
#6435 = SURFACE_CURVE('',#6436,(#6440,#6447),.PCURVE_S1.);
#6436 = LINE('',#6437,#6438);
#6437 = CARTESIAN_POINT('',(-2.046978397658,32.17975287162,59.2));
#6438 = VECTOR('',#6439,1.);
#6439 = DIRECTION('',(0.809016994375,0.587785252292,-5.551115123126E-16)
  );
#6440 = PCURVE('',#293,#6441);
#6441 = DEFINITIONAL_REPRESENTATION('',(#6442),#6446);
#6442 = LINE('',#6443,#6444);
#6443 = CARTESIAN_POINT('',(-2.046978397658,-17.73178986026));
#6444 = VECTOR('',#6445,1.);
#6445 = DIRECTION('',(0.809016994375,0.587785252292));
#6446 = ( GEOMETRIC_REPRESENTATION_CONTEXT(2) 
PARAMETRIC_REPRESENTATION_CONTEXT() REPRESENTATION_CONTEXT('2D SPACE',''
  ) );
#6447 = PCURVE('',#6448,#6453);
#6448 = PLANE('',#6449);
#6449 = AXIS2_PLACEMENT_3D('',#6450,#6451,#6452);
#6450 = CARTESIAN_POINT('',(7.724753503257,39.279331669901,59.2));
#6451 = DIRECTION('',(0.415626937777,-0.572061402818,0.707106781187));
#6452 = DIRECTION('',(-0.809016994375,-0.587785252292,5.551115123126E-16
    ));
#6453 = DEFINITIONAL_REPRESENTATION('',(#6454),#6458);
#6454 = LINE('',#6455,#6456);
#6455 = CARTESIAN_POINT('',(12.078524887433,9.103828801926E-15));
#6456 = VECTOR('',#6457,1.);
#6457 = DIRECTION('',(-1.,-6.938893903907E-16));
#6458 = ( GEOMETRIC_REPRESENTATION_CONTEXT(2) 
PARAMETRIC_REPRESENTATION_CONTEXT() REPRESENTATION_CONTEXT('2D SPACE',''
  ) );
#6459 = ORIENTED_EDGE('',*,*,#6460,.T.);
#6460 = EDGE_CURVE('',#6433,#6461,#6463,.T.);
#6461 = VERTEX_POINT('',#6462);
#6462 = CARTESIAN_POINT('',(-0.304105468344,31.629861762597,59.2));
#6463 = SURFACE_CURVE('',#6464,(#6468,#6475),.PCURVE_S1.);
#6464 = LINE('',#6465,#6466);
#6465 = CARTESIAN_POINT('',(-9.292893218813,40.618649513067,59.2));
#6466 = VECTOR('',#6467,1.);
#6467 = DIRECTION('',(0.707106781187,-0.707106781187,-3.885780586188E-16
    ));
#6468 = PCURVE('',#293,#6469);
#6469 = DEFINITIONAL_REPRESENTATION('',(#6470),#6474);
#6470 = LINE('',#6471,#6472);
#6471 = CARTESIAN_POINT('',(-9.292893218813,-9.292893218813));
#6472 = VECTOR('',#6473,1.);
#6473 = DIRECTION('',(0.707106781187,-0.707106781187));
#6474 = ( GEOMETRIC_REPRESENTATION_CONTEXT(2) 
PARAMETRIC_REPRESENTATION_CONTEXT() REPRESENTATION_CONTEXT('2D SPACE',''
  ) );
#6475 = PCURVE('',#6476,#6481);
#6476 = PLANE('',#6477);
#6477 = AXIS2_PLACEMENT_3D('',#6478,#6479,#6480);
#6478 = CARTESIAN_POINT('',(-1.094394859024,31.005937590904,58.2));
#6479 = DIRECTION('',(0.5,0.5,-0.707106781187));
#6480 = DIRECTION('',(-0.707106781187,0.707106781187,6.661338147751E-16)
  );
#6481 = DEFINITIONAL_REPRESENTATION('',(#6482),#6486);
#6482 = LINE('',#6483,#6484);
#6483 = CARTESIAN_POINT('',(12.594427571508,1.414213562373));
#6484 = VECTOR('',#6485,1.);
#6485 = DIRECTION('',(-1.,-5.551115123126E-16));
#6486 = ( GEOMETRIC_REPRESENTATION_CONTEXT(2) 
PARAMETRIC_REPRESENTATION_CONTEXT() REPRESENTATION_CONTEXT('2D SPACE',''
  ) );
#6487 = ORIENTED_EDGE('',*,*,#6488,.T.);
#6488 = EDGE_CURVE('',#6461,#6489,#6491,.T.);
#6489 = VERTEX_POINT('',#6490);
#6490 = CARTESIAN_POINT('',(0.304105468344,31.629861762597,59.2));
#6491 = SURFACE_CURVE('',#6492,(#6497,#6504),.PCURVE_S1.);
#6492 = CIRCLE('',#6493,18.284210105954);
#6493 = AXIS2_PLACEMENT_3D('',#6494,#6495,#6496);
#6494 = CARTESIAN_POINT('',(7.993605777301E-15,49.911542731883,59.2));
#6495 = DIRECTION('',(5.947623346206E-16,1.110223024625E-16,1.));
#6496 = DIRECTION('',(1.,-9.42935300772E-31,-5.947623346206E-16));
#6497 = PCURVE('',#293,#6498);
#6498 = DEFINITIONAL_REPRESENTATION('',(#6499),#6503);
#6499 = CIRCLE('',#6500,18.284210105954);
#6500 = AXIS2_PLACEMENT_2D('',#6501,#6502);
#6501 = CARTESIAN_POINT('',(-3.552713678801E-15,3.302781870383E-12));
#6502 = DIRECTION('',(1.,-1.417484439069E-31));
#6503 = ( GEOMETRIC_REPRESENTATION_CONTEXT(2) 
PARAMETRIC_REPRESENTATION_CONTEXT() REPRESENTATION_CONTEXT('2D SPACE',''
  ) );
#6504 = PCURVE('',#6505,#6510);
#6505 = CONICAL_SURFACE('',#6506,18.284210105954,0.785398163397);
#6506 = AXIS2_PLACEMENT_3D('',#6507,#6508,#6509);
#6507 = CARTESIAN_POINT('',(7.993605777301E-15,49.911542731883,59.2));
#6508 = DIRECTION('',(-5.947623346206E-16,-1.110223024625E-16,-1.));
#6509 = DIRECTION('',(-1.,9.42935300772E-31,5.947623346206E-16));
#6510 = DEFINITIONAL_REPRESENTATION('',(#6511),#6515);
#6511 = LINE('',#6512,#6513);
#6512 = CARTESIAN_POINT('',(9.424777960769,2.525244820787E-13));
#6513 = VECTOR('',#6514,1.);
#6514 = DIRECTION('',(-1.,-5.339888211826E-14));
#6515 = ( GEOMETRIC_REPRESENTATION_CONTEXT(2) 
PARAMETRIC_REPRESENTATION_CONTEXT() REPRESENTATION_CONTEXT('2D SPACE',''
  ) );
#6516 = ORIENTED_EDGE('',*,*,#6517,.T.);
#6517 = EDGE_CURVE('',#6489,#6518,#6520,.T.);
#6518 = VERTEX_POINT('',#6519);
#6519 = CARTESIAN_POINT('',(1.35601260855,32.681768902804,59.2));
#6520 = SURFACE_CURVE('',#6521,(#6525,#6532),.PCURVE_S1.);
#6521 = LINE('',#6522,#6523);
#6522 = CARTESIAN_POINT('',(0.752086364179,32.077842658432,59.2));
#6523 = VECTOR('',#6524,1.);
#6524 = DIRECTION('',(0.707106781187,0.707106781187,-4.996003610813E-16)
  );
#6525 = PCURVE('',#293,#6526);
#6526 = DEFINITIONAL_REPRESENTATION('',(#6527),#6531);
#6527 = LINE('',#6528,#6529);
#6528 = CARTESIAN_POINT('',(0.752086364179,-17.83370007344));
#6529 = VECTOR('',#6530,1.);
#6530 = DIRECTION('',(0.707106781187,0.707106781187));
#6531 = ( GEOMETRIC_REPRESENTATION_CONTEXT(2) 
PARAMETRIC_REPRESENTATION_CONTEXT() REPRESENTATION_CONTEXT('2D SPACE',''
  ) );
#6532 = PCURVE('',#6533,#6538);
#6533 = PLANE('',#6534);
#6534 = AXIS2_PLACEMENT_3D('',#6535,#6536,#6537);
#6535 = CARTESIAN_POINT('',(9.292893218813,40.618649513067,59.2));
#6536 = DIRECTION('',(0.5,-0.5,0.707106781187));
#6537 = DIRECTION('',(-0.707106781187,-0.707106781187,5.551115123126E-17
    ));
#6538 = DEFINITIONAL_REPRESENTATION('',(#6539),#6543);
#6539 = LINE('',#6540,#6541);
#6540 = CARTESIAN_POINT('',(12.078524887433,-7.105427357601E-15));
#6541 = VECTOR('',#6542,1.);
#6542 = DIRECTION('',(-1.,-4.996003610813E-16));
#6543 = ( GEOMETRIC_REPRESENTATION_CONTEXT(2) 
PARAMETRIC_REPRESENTATION_CONTEXT() REPRESENTATION_CONTEXT('2D SPACE',''
  ) );
#6544 = ORIENTED_EDGE('',*,*,#6545,.T.);
#6545 = EDGE_CURVE('',#6518,#6546,#6548,.T.);
#6546 = VERTEX_POINT('',#6547);
#6547 = CARTESIAN_POINT('',(2.559523557072,31.807367015783,59.2));
#6548 = SURFACE_CURVE('',#6549,(#6553,#6560),.PCURVE_S1.);
#6549 = LINE('',#6550,#6551);
#6550 = CARTESIAN_POINT('',(-7.724753503257,39.279331669901,59.2));
#6551 = VECTOR('',#6552,1.);
#6552 = DIRECTION('',(0.809016994375,-0.587785252292,-4.440892098501E-16
    ));
#6553 = PCURVE('',#293,#6554);
#6554 = DEFINITIONAL_REPRESENTATION('',(#6555),#6559);
#6555 = LINE('',#6556,#6557);
#6556 = CARTESIAN_POINT('',(-7.724753503257,-10.63221106197));
#6557 = VECTOR('',#6558,1.);
#6558 = DIRECTION('',(0.809016994375,-0.587785252292));
#6559 = ( GEOMETRIC_REPRESENTATION_CONTEXT(2) 
PARAMETRIC_REPRESENTATION_CONTEXT() REPRESENTATION_CONTEXT('2D SPACE',''
  ) );
#6560 = PCURVE('',#6561,#6566);
#6561 = PLANE('',#6562);
#6562 = AXIS2_PLACEMENT_3D('',#6563,#6564,#6565);
#6563 = CARTESIAN_POINT('',(1.876567184225,31.067495887928,58.2));
#6564 = DIRECTION('',(0.415626937777,0.572061402818,-0.707106781187));
#6565 = DIRECTION('',(-0.809016994375,0.587785252292,4.440892098501E-16)
  );
#6566 = DEFINITIONAL_REPRESENTATION('',(#6567),#6571);
#6567 = LINE('',#6568,#6569);
#6568 = CARTESIAN_POINT('',(12.594427571508,1.414213562373));
#6569 = VECTOR('',#6570,1.);
#6570 = DIRECTION('',(-1.,-7.771561172376E-16));
#6571 = ( GEOMETRIC_REPRESENTATION_CONTEXT(2) 
PARAMETRIC_REPRESENTATION_CONTEXT() REPRESENTATION_CONTEXT('2D SPACE',''
  ) );
#6572 = ORIENTED_EDGE('',*,*,#6573,.T.);
#6573 = EDGE_CURVE('',#6546,#6574,#6576,.T.);
#6574 = VERTEX_POINT('',#6575);
#6575 = CARTESIAN_POINT('',(3.16024640786,31.902512168295,59.2));
#6576 = SURFACE_CURVE('',#6577,(#6582,#6589),.PCURVE_S1.);
#6577 = CIRCLE('',#6578,18.284210105952);
#6578 = AXIS2_PLACEMENT_3D('',#6579,#6580,#6581);
#6579 = CARTESIAN_POINT('',(-3.552713678801E-13,49.911542731882,59.2));
#6580 = DIRECTION('',(5.947623346206E-16,1.110223024625E-16,1.));
#6581 = DIRECTION('',(1.,-9.42935300772E-31,-5.947623346206E-16));
#6582 = PCURVE('',#293,#6583);
#6583 = DEFINITIONAL_REPRESENTATION('',(#6584),#6588);
#6584 = CIRCLE('',#6585,18.284210105952);
#6585 = AXIS2_PLACEMENT_2D('',#6586,#6587);
#6586 = CARTESIAN_POINT('',(-3.668176873362E-13,2.005458634537E-12));
#6587 = DIRECTION('',(1.,-1.417484439069E-31));
#6588 = ( GEOMETRIC_REPRESENTATION_CONTEXT(2) 
PARAMETRIC_REPRESENTATION_CONTEXT() REPRESENTATION_CONTEXT('2D SPACE',''
  ) );
#6589 = PCURVE('',#6590,#6595);
#6590 = CONICAL_SURFACE('',#6591,18.284210105952,0.785398163397);
#6591 = AXIS2_PLACEMENT_3D('',#6592,#6593,#6594);
#6592 = CARTESIAN_POINT('',(-3.552713678801E-13,49.911542731882,59.2));
#6593 = DIRECTION('',(-5.947623346206E-16,-1.110223024625E-16,-1.));
#6594 = DIRECTION('',(-1.,9.42935300772E-31,5.947623346206E-16));
#6595 = DEFINITIONAL_REPRESENTATION('',(#6596),#6600);
#6596 = LINE('',#6597,#6598);
#6597 = CARTESIAN_POINT('',(9.424777960769,2.591360020279E-13));
#6598 = VECTOR('',#6599,1.);
#6599 = DIRECTION('',(-1.,-5.339888211826E-14));
#6600 = ( GEOMETRIC_REPRESENTATION_CONTEXT(2) 
PARAMETRIC_REPRESENTATION_CONTEXT() REPRESENTATION_CONTEXT('2D SPACE',''
  ) );
#6601 = ORIENTED_EDGE('',*,*,#6602,.T.);
#6602 = EDGE_CURVE('',#6574,#6603,#6605,.T.);
#6603 = VERTEX_POINT('',#6604);
#6604 = CARTESIAN_POINT('',(4.034648294881,33.106023116816,59.2));
#6605 = SURFACE_CURVE('',#6606,(#6610,#6617),.PCURVE_S1.);
#6606 = LINE('',#6607,#6608);
#6607 = CARTESIAN_POINT('',(3.532632263698,32.415057327709,59.2));
#6608 = VECTOR('',#6609,1.);
#6609 = DIRECTION('',(0.587785252292,0.809016994375,-3.885780586188E-16)
  );
#6610 = PCURVE('',#293,#6611);
#6611 = DEFINITIONAL_REPRESENTATION('',(#6612),#6616);
#6612 = LINE('',#6613,#6614);
#6613 = CARTESIAN_POINT('',(3.532632263698,-17.49648540417));
#6614 = VECTOR('',#6615,1.);
#6615 = DIRECTION('',(0.587785252292,0.809016994375));
#6616 = ( GEOMETRIC_REPRESENTATION_CONTEXT(2) 
PARAMETRIC_REPRESENTATION_CONTEXT() REPRESENTATION_CONTEXT('2D SPACE',''
  ) );
#6617 = PCURVE('',#6618,#6623);
#6618 = PLANE('',#6619);
#6619 = AXIS2_PLACEMENT_3D('',#6620,#6621,#6622);
#6620 = CARTESIAN_POINT('',(10.632211061979,42.186789228624,59.2));
#6621 = DIRECTION('',(0.572061402818,-0.415626937777,0.707106781187));
#6622 = DIRECTION('',(-0.587785252292,-0.809016994375,3.885780586188E-16
    ));
#6623 = DEFINITIONAL_REPRESENTATION('',(#6624),#6628);
#6624 = LINE('',#6625,#6626);
#6625 = CARTESIAN_POINT('',(12.078524887433,2.153832667773E-14));
#6626 = VECTOR('',#6627,1.);
#6627 = DIRECTION('',(-1.,-4.718447854657E-16));
#6628 = ( GEOMETRIC_REPRESENTATION_CONTEXT(2) 
PARAMETRIC_REPRESENTATION_CONTEXT() REPRESENTATION_CONTEXT('2D SPACE',''
  ) );
#6629 = ORIENTED_EDGE('',*,*,#6630,.T.);
#6630 = EDGE_CURVE('',#6603,#6631,#6633,.T.);
#6631 = VERTEX_POINT('',#6632);
#6632 = CARTESIAN_POINT('',(5.360128617941,32.430657159414,59.2));
#6633 = SURFACE_CURVE('',#6634,(#6638,#6645),.PCURVE_S1.);
#6634 = LINE('',#6635,#6636);
#6635 = CARTESIAN_POINT('',(-5.966404719462,38.201814149368,59.2));
#6636 = VECTOR('',#6637,1.);
#6637 = DIRECTION('',(0.891006524188,-0.45399049974,-4.996003610813E-16)
  );
#6638 = PCURVE('',#293,#6639);
#6639 = DEFINITIONAL_REPRESENTATION('',(#6640),#6644);
#6640 = LINE('',#6641,#6642);
#6641 = CARTESIAN_POINT('',(-5.966404719463,-11.70972858251));
#6642 = VECTOR('',#6643,1.);
#6643 = DIRECTION('',(0.891006524188,-0.45399049974));
#6644 = ( GEOMETRIC_REPRESENTATION_CONTEXT(2) 
PARAMETRIC_REPRESENTATION_CONTEXT() REPRESENTATION_CONTEXT('2D SPACE',''
  ) );
#6645 = PCURVE('',#6646,#6651);
#6646 = PLANE('',#6647);
#6647 = AXIS2_PLACEMENT_3D('',#6648,#6649,#6650);
#6648 = CARTESIAN_POINT('',(4.801321915429,31.593057158057,58.2));
#6649 = DIRECTION('',(0.32101976096,0.630036755335,-0.707106781187));
#6650 = DIRECTION('',(-0.891006524188,0.45399049974,5.828670879282E-16)
  );
#6651 = DEFINITIONAL_REPRESENTATION('',(#6652),#6656);
#6652 = LINE('',#6653,#6654);
#6653 = CARTESIAN_POINT('',(12.594427571508,1.414213562373));
#6654 = VECTOR('',#6655,1.);
#6655 = DIRECTION('',(-1.,-5.273559366969E-16));
#6656 = ( GEOMETRIC_REPRESENTATION_CONTEXT(2) 
PARAMETRIC_REPRESENTATION_CONTEXT() REPRESENTATION_CONTEXT('2D SPACE',''
  ) );
#6657 = ORIENTED_EDGE('',*,*,#6658,.T.);
#6658 = EDGE_CURVE('',#6631,#6659,#6661,.T.);
#6659 = VERTEX_POINT('',#6660);
#6660 = CARTESIAN_POINT('',(5.938571592559,32.618604675015,59.2));
#6661 = SURFACE_CURVE('',#6662,(#6667,#6674),.PCURVE_S1.);
#6662 = CIRCLE('',#6663,18.284210105952);
#6663 = AXIS2_PLACEMENT_3D('',#6664,#6665,#6666);
#6664 = CARTESIAN_POINT('',(-4.94715379773E-13,49.911542731882,59.2));
#6665 = DIRECTION('',(5.947623346206E-16,1.110223024625E-16,1.));
#6666 = DIRECTION('',(1.,-9.42935300772E-31,-5.947623346206E-16));
#6667 = PCURVE('',#293,#6668);
#6668 = DEFINITIONAL_REPRESENTATION('',(#6669),#6673);
#6669 = CIRCLE('',#6670,18.284210105952);
#6670 = AXIS2_PLACEMENT_2D('',#6671,#6672);
#6671 = CARTESIAN_POINT('',(-5.062616992291E-13,1.850350831158E-12));
#6672 = DIRECTION('',(1.,-1.417484439069E-31));
#6673 = ( GEOMETRIC_REPRESENTATION_CONTEXT(2) 
PARAMETRIC_REPRESENTATION_CONTEXT() REPRESENTATION_CONTEXT('2D SPACE',''
  ) );
#6674 = PCURVE('',#6675,#6680);
#6675 = CONICAL_SURFACE('',#6676,18.284210105952,0.785398163397);
#6676 = AXIS2_PLACEMENT_3D('',#6677,#6678,#6679);
#6677 = CARTESIAN_POINT('',(-4.94715379773E-13,49.911542731882,59.2));
#6678 = DIRECTION('',(-5.947623346206E-16,-1.110223024625E-16,-1.));
#6679 = DIRECTION('',(-1.,9.42935300772E-31,5.947623346206E-16));
#6680 = DEFINITIONAL_REPRESENTATION('',(#6681),#6685);
#6681 = LINE('',#6682,#6683);
#6682 = CARTESIAN_POINT('',(9.424777960769,0.));
#6683 = VECTOR('',#6684,1.);
#6684 = DIRECTION('',(-1.,0.));
#6685 = ( GEOMETRIC_REPRESENTATION_CONTEXT(2) 
PARAMETRIC_REPRESENTATION_CONTEXT() REPRESENTATION_CONTEXT('2D SPACE',''
  ) );
#6686 = ORIENTED_EDGE('',*,*,#6687,.T.);
#6687 = EDGE_CURVE('',#6659,#6688,#6690,.T.);
#6688 = VERTEX_POINT('',#6689);
#6689 = CARTESIAN_POINT('',(6.613937549962,33.944084998074,59.2));
#6690 = SURFACE_CURVE('',#6691,(#6695,#6702),.PCURVE_S1.);
#6691 = LINE('',#6692,#6693);
#6692 = CARTESIAN_POINT('',(6.22619303275,33.183093535143,59.2));
#6693 = VECTOR('',#6694,1.);
#6694 = DIRECTION('',(0.45399049974,0.891006524188,-3.330669073875E-16)
  );
#6695 = PCURVE('',#293,#6696);
#6696 = DEFINITIONAL_REPRESENTATION('',(#6697),#6701);
#6697 = LINE('',#6698,#6699);
#6698 = CARTESIAN_POINT('',(6.22619303275,-16.72844919673));
#6699 = VECTOR('',#6700,1.);
#6700 = DIRECTION('',(0.45399049974,0.891006524188));
#6701 = ( GEOMETRIC_REPRESENTATION_CONTEXT(2) 
PARAMETRIC_REPRESENTATION_CONTEXT() REPRESENTATION_CONTEXT('2D SPACE',''
  ) );
#6702 = PCURVE('',#6703,#6708);
#6703 = PLANE('',#6704);
#6704 = AXIS2_PLACEMENT_3D('',#6705,#6706,#6707);
#6705 = CARTESIAN_POINT('',(11.709728582513,43.945138012418,59.2));
#6706 = DIRECTION('',(0.630036755335,-0.32101976096,0.707106781187));
#6707 = DIRECTION('',(-0.45399049974,-0.891006524188,6.106226635438E-16)
  );
#6708 = DEFINITIONAL_REPRESENTATION('',(#6709),#6713);
#6709 = LINE('',#6710,#6711);
#6710 = CARTESIAN_POINT('',(12.078524887433,3.730349362741E-14));
#6711 = VECTOR('',#6712,1.);
#6712 = DIRECTION('',(-1.,-5.273559366969E-16));
#6713 = ( GEOMETRIC_REPRESENTATION_CONTEXT(2) 
PARAMETRIC_REPRESENTATION_CONTEXT() REPRESENTATION_CONTEXT('2D SPACE',''
  ) );
#6714 = ORIENTED_EDGE('',*,*,#6715,.T.);
#6715 = EDGE_CURVE('',#6688,#6716,#6718,.T.);
#6716 = VERTEX_POINT('',#6717);
#6717 = CARTESIAN_POINT('',(8.028749522988,33.484384721572,59.2));
#6718 = SURFACE_CURVE('',#6719,(#6723,#6730),.PCURVE_S1.);
#6719 = LINE('',#6720,#6721);
#6720 = CARTESIAN_POINT('',(-4.061143250113,37.412629008896,59.2));
#6721 = VECTOR('',#6722,1.);
#6722 = DIRECTION('',(0.951056516295,-0.309016994375,-5.551115123126E-16
    ));
#6723 = PCURVE('',#293,#6724);
#6724 = DEFINITIONAL_REPRESENTATION('',(#6725),#6729);
#6725 = LINE('',#6726,#6727);
#6726 = CARTESIAN_POINT('',(-4.061143250113,-12.49891372298));
#6727 = VECTOR('',#6728,1.);
#6728 = DIRECTION('',(0.951056516295,-0.309016994375));
#6729 = ( GEOMETRIC_REPRESENTATION_CONTEXT(2) 
PARAMETRIC_REPRESENTATION_CONTEXT() REPRESENTATION_CONTEXT('2D SPACE',''
  ) );
#6730 = PCURVE('',#6731,#6736);
#6731 = PLANE('',#6732);
#6732 = AXIS2_PLACEMENT_3D('',#6733,#6734,#6735);
#6733 = CARTESIAN_POINT('',(7.607852166402,32.569680338581,58.2));
#6734 = DIRECTION('',(0.218508012224,0.672498511964,-0.707106781187));
#6735 = DIRECTION('',(-0.951056516295,0.309016994375,1.08246744901E-15)
  );
#6736 = DEFINITIONAL_REPRESENTATION('',(#6737),#6741);
#6737 = LINE('',#6738,#6739);
#6738 = CARTESIAN_POINT('',(12.594427571508,1.414213562373));
#6739 = VECTOR('',#6740,1.);
#6740 = DIRECTION('',(-1.,-3.608224830032E-16));
#6741 = ( GEOMETRIC_REPRESENTATION_CONTEXT(2) 
PARAMETRIC_REPRESENTATION_CONTEXT() REPRESENTATION_CONTEXT('2D SPACE',''
  ) );
#6742 = ORIENTED_EDGE('',*,*,#6743,.T.);
#6743 = EDGE_CURVE('',#6716,#6744,#6746,.T.);
#6744 = VERTEX_POINT('',#6745);
#6745 = CARTESIAN_POINT('',(8.570669435659,33.760506708665,59.2));
#6746 = SURFACE_CURVE('',#6747,(#6752,#6759),.PCURVE_S1.);
#6747 = CIRCLE('',#6748,18.284210105951);
#6748 = AXIS2_PLACEMENT_3D('',#6749,#6750,#6751);
#6749 = CARTESIAN_POINT('',(-5.346834086595E-13,49.911542731881,59.2));
#6750 = DIRECTION('',(5.947623346206E-16,1.110223024625E-16,1.));
#6751 = DIRECTION('',(1.,-9.42935300772E-31,-5.947623346206E-16));
#6752 = PCURVE('',#293,#6753);
#6753 = DEFINITIONAL_REPRESENTATION('',(#6754),#6758);
#6754 = CIRCLE('',#6755,18.284210105951);
#6755 = AXIS2_PLACEMENT_2D('',#6756,#6757);
#6756 = CARTESIAN_POINT('',(-5.462297281156E-13,8.363769494651E-13));
#6757 = DIRECTION('',(1.,-1.417484439069E-31));
#6758 = ( GEOMETRIC_REPRESENTATION_CONTEXT(2) 
PARAMETRIC_REPRESENTATION_CONTEXT() REPRESENTATION_CONTEXT('2D SPACE',''
  ) );
#6759 = PCURVE('',#6760,#6765);
#6760 = CONICAL_SURFACE('',#6761,18.284210105951,0.785398163397);
#6761 = AXIS2_PLACEMENT_3D('',#6762,#6763,#6764);
#6762 = CARTESIAN_POINT('',(-5.346834086595E-13,49.911542731881,59.2));
#6763 = DIRECTION('',(-5.947623346206E-16,-1.110223024625E-16,-1.));
#6764 = DIRECTION('',(-1.,9.42935300772E-31,5.947623346206E-16));
#6765 = DEFINITIONAL_REPRESENTATION('',(#6766),#6770);
#6766 = LINE('',#6767,#6768);
#6767 = CARTESIAN_POINT('',(9.424777960769,-2.776881124445E-13));
#6768 = VECTOR('',#6769,1.);
#6769 = DIRECTION('',(-1.,5.339888211825E-14));
#6770 = ( GEOMETRIC_REPRESENTATION_CONTEXT(2) 
PARAMETRIC_REPRESENTATION_CONTEXT() REPRESENTATION_CONTEXT('2D SPACE',''
  ) );
#6771 = ORIENTED_EDGE('',*,*,#6772,.T.);
#6772 = EDGE_CURVE('',#6744,#6773,#6775,.T.);
#6773 = VERTEX_POINT('',#6774);
#6774 = CARTESIAN_POINT('',(9.030369712162,35.175318681692,59.2));
#6775 = SURFACE_CURVE('',#6776,(#6780,#6787),.PCURVE_S1.);
#6776 = LINE('',#6777,#6778);
#6777 = CARTESIAN_POINT('',(8.766444265786,34.36303968034,59.2));
#6778 = VECTOR('',#6779,1.);
#6779 = DIRECTION('',(0.309016994375,0.951056516295,-3.330669073875E-16)
  );
#6780 = PCURVE('',#293,#6781);
#6781 = DEFINITIONAL_REPRESENTATION('',(#6782),#6786);
#6782 = LINE('',#6783,#6784);
#6783 = CARTESIAN_POINT('',(8.766444265786,-15.54850305154));
#6784 = VECTOR('',#6785,1.);
#6785 = DIRECTION('',(0.309016994375,0.951056516295));
#6786 = ( GEOMETRIC_REPRESENTATION_CONTEXT(2) 
PARAMETRIC_REPRESENTATION_CONTEXT() REPRESENTATION_CONTEXT('2D SPACE',''
  ) );
#6787 = PCURVE('',#6788,#6793);
#6788 = PLANE('',#6789);
#6789 = AXIS2_PLACEMENT_3D('',#6790,#6791,#6792);
#6790 = CARTESIAN_POINT('',(12.498913722984,45.850399481767,59.2));
#6791 = DIRECTION('',(0.672498511964,-0.218508012224,0.707106781187));
#6792 = DIRECTION('',(-0.309016994375,-0.951056516295,3.885780586188E-16
    ));
#6793 = DEFINITIONAL_REPRESENTATION('',(#6794),#6798);
#6794 = LINE('',#6795,#6796);
#6795 = CARTESIAN_POINT('',(12.078524887433,-1.50990331349E-14));
#6796 = VECTOR('',#6797,1.);
#6797 = DIRECTION('',(-1.,-3.885780586188E-16));
#6798 = ( GEOMETRIC_REPRESENTATION_CONTEXT(2) 
PARAMETRIC_REPRESENTATION_CONTEXT() REPRESENTATION_CONTEXT('2D SPACE',''
  ) );
#6799 = ORIENTED_EDGE('',*,*,#6800,.T.);
#6800 = EDGE_CURVE('',#6773,#6801,#6803,.T.);
#6801 = VERTEX_POINT('',#6802);
#6802 = CARTESIAN_POINT('',(10.499675968888,34.942603432555,59.2));
#6803 = SURFACE_CURVE('',#6804,(#6808,#6815),.PCURVE_S1.);
#6804 = LINE('',#6805,#6806);
#6805 = CARTESIAN_POINT('',(-2.055882955785,36.931208605801,59.2));
#6806 = VECTOR('',#6807,1.);
#6807 = DIRECTION('',(0.987688340595,-0.15643446504,-5.828670879282E-16)
  );
#6808 = PCURVE('',#293,#6809);
#6809 = DEFINITIONAL_REPRESENTATION('',(#6810),#6814);
#6810 = LINE('',#6811,#6812);
#6811 = CARTESIAN_POINT('',(-2.055882955785,-12.98033412607));
#6812 = VECTOR('',#6813,1.);
#6813 = DIRECTION('',(0.987688340595,-0.15643446504));
#6814 = ( GEOMETRIC_REPRESENTATION_CONTEXT(2) 
PARAMETRIC_REPRESENTATION_CONTEXT() REPRESENTATION_CONTEXT('2D SPACE',''
  ) );
#6815 = PCURVE('',#6816,#6821);
#6816 = PLANE('',#6817);
#6817 = AXIS2_PLACEMENT_3D('',#6818,#6819,#6820);
#6818 = CARTESIAN_POINT('',(10.227051848024,33.973317725569,58.2));
#6819 = DIRECTION('',(0.110615871041,0.698401123334,-0.707106781187));
#6820 = DIRECTION('',(-0.987688340595,0.15643446504,1.193489751472E-15)
  );
#6821 = DEFINITIONAL_REPRESENTATION('',(#6822),#6826);
#6822 = LINE('',#6823,#6824);
#6823 = CARTESIAN_POINT('',(12.594427571508,1.414213562373));
#6824 = VECTOR('',#6825,1.);
#6825 = DIRECTION('',(-1.,-8.673617379884E-17));
#6826 = ( GEOMETRIC_REPRESENTATION_CONTEXT(2) 
PARAMETRIC_REPRESENTATION_CONTEXT() REPRESENTATION_CONTEXT('2D SPACE',''
  ) );
#6827 = ORIENTED_EDGE('',*,*,#6828,.T.);
#6828 = EDGE_CURVE('',#6801,#6829,#6831,.T.);
#6829 = VERTEX_POINT('',#6830);
#6830 = CARTESIAN_POINT('',(10.991728952833,35.300100851423,59.2));
#6831 = SURFACE_CURVE('',#6832,(#6837,#6844),.PCURVE_S1.);
#6832 = CIRCLE('',#6833,18.284210105951);
#6833 = AXIS2_PLACEMENT_3D('',#6834,#6835,#6836);
#6834 = CARTESIAN_POINT('',(-4.511946372077E-13,49.911542731881,59.2));
#6835 = DIRECTION('',(5.947623346206E-16,1.110223024625E-16,1.));
#6836 = DIRECTION('',(1.,-9.42935300772E-31,-5.947623346206E-16));
#6837 = PCURVE('',#293,#6838);
#6838 = DEFINITIONAL_REPRESENTATION('',(#6839),#6843);
#6839 = CIRCLE('',#6840,18.284210105951);
#6840 = AXIS2_PLACEMENT_2D('',#6841,#6842);
#6841 = CARTESIAN_POINT('',(-4.627409566638E-13,5.746285457413E-13));
#6842 = DIRECTION('',(1.,-1.417484439069E-31));
#6843 = ( GEOMETRIC_REPRESENTATION_CONTEXT(2) 
PARAMETRIC_REPRESENTATION_CONTEXT() REPRESENTATION_CONTEXT('2D SPACE',''
  ) );
#6844 = PCURVE('',#6845,#6850);
#6845 = CONICAL_SURFACE('',#6846,18.284210105951,0.785398163397);
#6846 = AXIS2_PLACEMENT_3D('',#6847,#6848,#6849);
#6847 = CARTESIAN_POINT('',(-4.511946372077E-13,49.911542731881,59.2));
#6848 = DIRECTION('',(-5.947623346206E-16,-1.110223024625E-16,-1.));
#6849 = DIRECTION('',(-1.,9.42935300772E-31,5.947623346206E-16));
#6850 = DEFINITIONAL_REPRESENTATION('',(#6851),#6855);
#6851 = LINE('',#6852,#6853);
#6852 = CARTESIAN_POINT('',(9.424777960769,-1.7763568394E-15));
#6853 = VECTOR('',#6854,1.);
#6854 = DIRECTION('',(-1.,0.));
#6855 = ( GEOMETRIC_REPRESENTATION_CONTEXT(2) 
PARAMETRIC_REPRESENTATION_CONTEXT() REPRESENTATION_CONTEXT('2D SPACE',''
  ) );
#6856 = ORIENTED_EDGE('',*,*,#6857,.T.);
#6857 = EDGE_CURVE('',#6829,#6858,#6860,.T.);
#6858 = VERTEX_POINT('',#6859);
#6859 = CARTESIAN_POINT('',(11.22444420197,36.769407108149,59.2));
#6860 = SURFACE_CURVE('',#6861,(#6865,#6872),.PCURVE_S1.);
#6861 = LINE('',#6862,#6863);
#6862 = CARTESIAN_POINT('',(11.090836546838,35.925841573189,59.2));
#6863 = VECTOR('',#6864,1.);
#6864 = DIRECTION('',(0.15643446504,0.987688340595,-1.665334536938E-16)
  );
#6865 = PCURVE('',#293,#6866);
#6866 = DEFINITIONAL_REPRESENTATION('',(#6867),#6871);
#6867 = LINE('',#6868,#6869);
#6868 = CARTESIAN_POINT('',(11.090836546838,-13.98570115869));
#6869 = VECTOR('',#6870,1.);
#6870 = DIRECTION('',(0.15643446504,0.987688340595));
#6871 = ( GEOMETRIC_REPRESENTATION_CONTEXT(2) 
PARAMETRIC_REPRESENTATION_CONTEXT() REPRESENTATION_CONTEXT('2D SPACE',''
  ) );
#6872 = PCURVE('',#6873,#6878);
#6873 = PLANE('',#6874);
#6874 = AXIS2_PLACEMENT_3D('',#6875,#6876,#6877);
#6875 = CARTESIAN_POINT('',(12.980334126079,47.855659776096,59.2));
#6876 = DIRECTION('',(0.698401123334,-0.110615871041,0.707106781187));
#6877 = DIRECTION('',(-0.15643446504,-0.987688340595,2.775557561563E-16)
  );
#6878 = DEFINITIONAL_REPRESENTATION('',(#6879),#6883);
#6879 = LINE('',#6880,#6881);
#6880 = CARTESIAN_POINT('',(12.078524887433,-2.708944180085E-14));
#6881 = VECTOR('',#6882,1.);
#6882 = DIRECTION('',(-1.,-1.665334536938E-16));
#6883 = ( GEOMETRIC_REPRESENTATION_CONTEXT(2) 
PARAMETRIC_REPRESENTATION_CONTEXT() REPRESENTATION_CONTEXT('2D SPACE',''
  ) );
#6884 = ORIENTED_EDGE('',*,*,#6885,.T.);
#6885 = EDGE_CURVE('',#6858,#6886,#6888,.T.);
#6886 = VERTEX_POINT('',#6887);
#6887 = CARTESIAN_POINT('',(12.712065546008,36.769407108149,59.2));
#6888 = SURFACE_CURVE('',#6889,(#6893,#6900),.PCURVE_S1.);
#6889 = LINE('',#6890,#6891);
#6890 = CARTESIAN_POINT('',(1.15463194561E-14,36.769407108149,59.2));
#6891 = VECTOR('',#6892,1.);
#6892 = DIRECTION('',(1.,-9.42935300772E-31,-5.947623346206E-16));
#6893 = PCURVE('',#293,#6894);
#6894 = DEFINITIONAL_REPRESENTATION('',(#6895),#6899);
#6895 = LINE('',#6896,#6897);
#6896 = CARTESIAN_POINT('',(3.55509953935E-16,-13.14213562373));
#6897 = VECTOR('',#6898,1.);
#6898 = DIRECTION('',(1.,-1.417484439069E-31));
#6899 = ( GEOMETRIC_REPRESENTATION_CONTEXT(2) 
PARAMETRIC_REPRESENTATION_CONTEXT() REPRESENTATION_CONTEXT('2D SPACE',''
  ) );
#6900 = PCURVE('',#6901,#6906);
#6901 = PLANE('',#6902);
#6902 = AXIS2_PLACEMENT_3D('',#6903,#6904,#6905);
#6903 = CARTESIAN_POINT('',(12.594427571508,35.769407108149,58.2));
#6904 = DIRECTION('',(-4.205604800046E-16,0.707106781187,-0.707106781187
    ));
#6905 = DIRECTION('',(-1.,9.42935300772E-31,5.947623346206E-16));
#6906 = DEFINITIONAL_REPRESENTATION('',(#6907),#6911);
#6907 = LINE('',#6908,#6909);
#6908 = CARTESIAN_POINT('',(12.594427571508,1.414213562373));
#6909 = VECTOR('',#6910,1.);
#6910 = DIRECTION('',(-1.,-1.54074395551E-31));
#6911 = ( GEOMETRIC_REPRESENTATION_CONTEXT(2) 
PARAMETRIC_REPRESENTATION_CONTEXT() REPRESENTATION_CONTEXT('2D SPACE',''
  ) );
#6912 = ORIENTED_EDGE('',*,*,#6913,.T.);
#6913 = EDGE_CURVE('',#6886,#6914,#6916,.T.);
#6914 = VERTEX_POINT('',#6915);
#6915 = CARTESIAN_POINT('',(13.142135623731,37.199477185872,59.2));
#6916 = SURFACE_CURVE('',#6917,(#6922,#6929),.PCURVE_S1.);
#6917 = CIRCLE('',#6918,18.284210105953);
#6918 = AXIS2_PLACEMENT_3D('',#6919,#6920,#6921);
#6919 = CARTESIAN_POINT('',(-2.237321439225E-12,49.911542731882,59.2));
#6920 = DIRECTION('',(5.947623346206E-16,1.110223024625E-16,1.));
#6921 = DIRECTION('',(1.,-9.42935300772E-31,-5.947623346206E-16));
#6922 = PCURVE('',#293,#6923);
#6923 = DEFINITIONAL_REPRESENTATION('',(#6924),#6928);
#6924 = CIRCLE('',#6925,18.284210105953);
#6925 = AXIS2_PLACEMENT_2D('',#6926,#6927);
#6926 = CARTESIAN_POINT('',(-2.248867758681E-12,2.223592932364E-12));
#6927 = DIRECTION('',(1.,-1.417484439069E-31));
#6928 = ( GEOMETRIC_REPRESENTATION_CONTEXT(2) 
PARAMETRIC_REPRESENTATION_CONTEXT() REPRESENTATION_CONTEXT('2D SPACE',''
  ) );
#6929 = PCURVE('',#6930,#6935);
#6930 = CONICAL_SURFACE('',#6931,18.284210105953,0.785398163397);
#6931 = AXIS2_PLACEMENT_3D('',#6932,#6933,#6934);
#6932 = CARTESIAN_POINT('',(-2.237321439225E-12,49.911542731882,59.2));
#6933 = DIRECTION('',(-5.947623346206E-16,-1.110223024625E-16,-1.));
#6934 = DIRECTION('',(-1.,9.42935300772E-31,5.947623346206E-16));
#6935 = DEFINITIONAL_REPRESENTATION('',(#6936),#6940);
#6936 = LINE('',#6937,#6938);
#6937 = CARTESIAN_POINT('',(9.424777960769,-2.944638660219E-13));
#6938 = VECTOR('',#6939,1.);
#6939 = DIRECTION('',(-1.,5.339888211827E-14));
#6940 = ( GEOMETRIC_REPRESENTATION_CONTEXT(2) 
PARAMETRIC_REPRESENTATION_CONTEXT() REPRESENTATION_CONTEXT('2D SPACE',''
  ) );
#6941 = ORIENTED_EDGE('',*,*,#6942,.T.);
#6942 = EDGE_CURVE('',#6914,#6943,#6945,.T.);
#6943 = VERTEX_POINT('',#6944);
#6944 = CARTESIAN_POINT('',(13.142135623731,38.68709852991,59.2));
#6945 = SURFACE_CURVE('',#6946,(#6950,#6957),.PCURVE_S1.);
#6946 = LINE('',#6947,#6948);
#6947 = CARTESIAN_POINT('',(13.142135623731,37.833017844447,59.2));
#6948 = VECTOR('',#6949,1.);
#6949 = DIRECTION('',(6.902532920684E-31,1.,-1.110223024625E-16));
#6950 = PCURVE('',#293,#6951);
#6951 = DEFINITIONAL_REPRESENTATION('',(#6952),#6956);
#6952 = LINE('',#6953,#6954);
#6953 = CARTESIAN_POINT('',(13.142135623731,-12.07852488743));
#6954 = VECTOR('',#6955,1.);
#6955 = DIRECTION('',(-1.54074395551E-31,1.));
#6956 = ( GEOMETRIC_REPRESENTATION_CONTEXT(2) 
PARAMETRIC_REPRESENTATION_CONTEXT() REPRESENTATION_CONTEXT('2D SPACE',''
  ) );
#6957 = PCURVE('',#6958,#6963);
#6958 = PLANE('',#6959);
#6959 = AXIS2_PLACEMENT_3D('',#6960,#6961,#6962);
#6960 = CARTESIAN_POINT('',(13.142135623731,49.91154273188,59.2));
#6961 = DIRECTION('',(0.707106781187,0.,0.707106781187));
#6962 = DIRECTION('',(-6.902532920684E-31,-1.,1.110223024625E-16));
#6963 = DEFINITIONAL_REPRESENTATION('',(#6964),#6968);
#6964 = LINE('',#6965,#6966);
#6965 = CARTESIAN_POINT('',(12.078524887433,1.33226762955E-15));
#6966 = VECTOR('',#6967,1.);
#6967 = DIRECTION('',(-1.,-5.551115123126E-17));
#6968 = ( GEOMETRIC_REPRESENTATION_CONTEXT(2) 
PARAMETRIC_REPRESENTATION_CONTEXT() REPRESENTATION_CONTEXT('2D SPACE',''
  ) );
#6969 = ORIENTED_EDGE('',*,*,#6970,.T.);
#6970 = EDGE_CURVE('',#6943,#6971,#6973,.T.);
#6971 = VERTEX_POINT('',#6972);
#6972 = CARTESIAN_POINT('',(14.611441880458,38.919813779047,59.2));
#6973 = SURFACE_CURVE('',#6974,(#6978,#6985),.PCURVE_S1.);
#6974 = LINE('',#6975,#6976);
#6975 = CARTESIAN_POINT('',(2.055882955785,36.931208605801,59.2));
#6976 = VECTOR('',#6977,1.);
#6977 = DIRECTION('',(0.987688340595,0.15643446504,-5.96744875736E-16));
#6978 = PCURVE('',#293,#6979);
#6979 = DEFINITIONAL_REPRESENTATION('',(#6980),#6984);
#6980 = LINE('',#6981,#6982);
#6981 = CARTESIAN_POINT('',(2.055882955784,-12.98033412607));
#6982 = VECTOR('',#6983,1.);
#6983 = DIRECTION('',(0.987688340595,0.15643446504));
#6984 = ( GEOMETRIC_REPRESENTATION_CONTEXT(2) 
PARAMETRIC_REPRESENTATION_CONTEXT() REPRESENTATION_CONTEXT('2D SPACE',''
  ) );
#6985 = PCURVE('',#6986,#6991);
#6986 = PLANE('',#6987);
#6987 = AXIS2_PLACEMENT_3D('',#6988,#6989,#6990);
#6988 = CARTESIAN_POINT('',(14.651686689673,37.913722804843,58.2));
#6989 = DIRECTION('',(-0.110615871041,0.698401123334,-0.707106781187));
#6990 = DIRECTION('',(-0.987688340595,-0.15643446504,2.914335439641E-16)
  );
#6991 = DEFINITIONAL_REPRESENTATION('',(#6992),#6996);
#6992 = LINE('',#6993,#6994);
#6993 = CARTESIAN_POINT('',(12.594427571508,1.414213562373));
#6994 = VECTOR('',#6995,1.);
#6995 = DIRECTION('',(-1.,1.734723475977E-16));
#6996 = ( GEOMETRIC_REPRESENTATION_CONTEXT(2) 
PARAMETRIC_REPRESENTATION_CONTEXT() REPRESENTATION_CONTEXT('2D SPACE',''
  ) );
#6997 = ORIENTED_EDGE('',*,*,#6998,.T.);
#6998 = EDGE_CURVE('',#6971,#6999,#7001,.T.);
#6999 = VERTEX_POINT('',#7000);
#7000 = CARTESIAN_POINT('',(14.968939299325,39.411866762992,59.2));
#7001 = SURFACE_CURVE('',#7002,(#7007,#7014),.PCURVE_S1.);
#7002 = CIRCLE('',#7003,18.284210105952);
#7003 = AXIS2_PLACEMENT_3D('',#7004,#7005,#7006);
#7004 = CARTESIAN_POINT('',(-1.366906587918E-12,49.911542731881,59.2));
#7005 = DIRECTION('',(5.947623346206E-16,1.110223024625E-16,1.));
#7006 = DIRECTION('',(1.,-9.42935300772E-31,-5.947623346206E-16));
#7007 = PCURVE('',#293,#7008);
#7008 = DEFINITIONAL_REPRESENTATION('',(#7009),#7013);
#7009 = CIRCLE('',#7010,18.284210105952);
#7010 = AXIS2_PLACEMENT_2D('',#7011,#7012);
#7011 = CARTESIAN_POINT('',(-1.378452907375E-12,1.037763394001E-12));
#7012 = DIRECTION('',(1.,-1.417484439069E-31));
#7013 = ( GEOMETRIC_REPRESENTATION_CONTEXT(2) 
PARAMETRIC_REPRESENTATION_CONTEXT() REPRESENTATION_CONTEXT('2D SPACE',''
  ) );
#7014 = PCURVE('',#7015,#7020);
#7015 = CONICAL_SURFACE('',#7016,18.284210105952,0.785398163397);
#7016 = AXIS2_PLACEMENT_3D('',#7017,#7018,#7019);
#7017 = CARTESIAN_POINT('',(-1.366906587918E-12,49.911542731881,59.2));
#7018 = DIRECTION('',(-5.947623346206E-16,-1.110223024625E-16,-1.));
#7019 = DIRECTION('',(-1.,9.42935300772E-31,5.947623346206E-16));
#7020 = DEFINITIONAL_REPRESENTATION('',(#7021),#7025);
#7021 = LINE('',#7022,#7023);
#7022 = CARTESIAN_POINT('',(9.424777960769,0.));
#7023 = VECTOR('',#7024,1.);
#7024 = DIRECTION('',(-1.,0.));
#7025 = ( GEOMETRIC_REPRESENTATION_CONTEXT(2) 
PARAMETRIC_REPRESENTATION_CONTEXT() REPRESENTATION_CONTEXT('2D SPACE',''
  ) );
#7026 = ORIENTED_EDGE('',*,*,#7027,.T.);
#7027 = EDGE_CURVE('',#6999,#7028,#7030,.T.);
#7028 = VERTEX_POINT('',#7029);
#7029 = CARTESIAN_POINT('',(14.736224050188,40.881173019718,59.2));
#7030 = SURFACE_CURVE('',#7031,(#7035,#7042),.PCURVE_S1.);
#7031 = LINE('',#7032,#7033);
#7032 = CARTESIAN_POINT('',(14.86983170532,40.037607484758,59.2));
#7033 = VECTOR('',#7034,1.);
#7034 = DIRECTION('',(-0.15643446504,0.987688340595,-5.551115123126E-17)
  );
#7035 = PCURVE('',#293,#7036);
#7036 = DEFINITIONAL_REPRESENTATION('',(#7037),#7041);
#7037 = LINE('',#7038,#7039);
#7038 = CARTESIAN_POINT('',(14.86983170532,-9.873935247122));
#7039 = VECTOR('',#7040,1.);
#7040 = DIRECTION('',(-0.15643446504,0.987688340595));
#7041 = ( GEOMETRIC_REPRESENTATION_CONTEXT(2) 
PARAMETRIC_REPRESENTATION_CONTEXT() REPRESENTATION_CONTEXT('2D SPACE',''
  ) );
#7042 = PCURVE('',#7043,#7048);
#7043 = PLANE('',#7044);
#7044 = AXIS2_PLACEMENT_3D('',#7045,#7046,#7047);
#7045 = CARTESIAN_POINT('',(12.980334126079,51.967425687665,59.2));
#7046 = DIRECTION('',(0.698401123334,0.110615871041,0.707106781187));
#7047 = DIRECTION('',(0.15643446504,-0.987688340595,1.665334536938E-16)
  );
#7048 = DEFINITIONAL_REPRESENTATION('',(#7049),#7053);
#7049 = LINE('',#7050,#7051);
#7050 = CARTESIAN_POINT('',(12.078524887433,1.021405182655E-14));
#7051 = VECTOR('',#7052,1.);
#7052 = DIRECTION('',(-1.,1.665334536938E-16));
#7053 = ( GEOMETRIC_REPRESENTATION_CONTEXT(2) 
PARAMETRIC_REPRESENTATION_CONTEXT() REPRESENTATION_CONTEXT('2D SPACE',''
  ) );
#7054 = ORIENTED_EDGE('',*,*,#7055,.T.);
#7055 = EDGE_CURVE('',#7028,#7056,#7058,.T.);
#7056 = VERTEX_POINT('',#7057);
#7057 = CARTESIAN_POINT('',(16.151036023215,41.340873296221,59.2));
#7058 = SURFACE_CURVE('',#7059,(#7063,#7070),.PCURVE_S1.);
#7059 = LINE('',#7060,#7061);
#7060 = CARTESIAN_POINT('',(4.061143250113,37.412629008896,59.2));
#7061 = VECTOR('',#7062,1.);
#7062 = DIRECTION('',(0.951056516295,0.309016994375,-5.828670879282E-16)
  );
#7063 = PCURVE('',#293,#7064);
#7064 = DEFINITIONAL_REPRESENTATION('',(#7065),#7069);
#7065 = LINE('',#7066,#7067);
#7066 = CARTESIAN_POINT('',(4.061143250113,-12.49891372298));
#7067 = VECTOR('',#7068,1.);
#7068 = DIRECTION('',(0.951056516295,0.309016994375));
#7069 = ( GEOMETRIC_REPRESENTATION_CONTEXT(2) 
PARAMETRIC_REPRESENTATION_CONTEXT() REPRESENTATION_CONTEXT('2D SPACE',''
  ) );
#7070 = PCURVE('',#7071,#7076);
#7071 = PLANE('',#7072);
#7072 = AXIS2_PLACEMENT_3D('',#7073,#7074,#7075);
#7073 = CARTESIAN_POINT('',(16.348172655378,40.353464646621,58.2));
#7074 = DIRECTION('',(-0.218508012224,0.672498511964,-0.707106781187));
#7075 = DIRECTION('',(-0.951056516295,-0.309016994375,2.775557561563E-16
    ));
#7076 = DEFINITIONAL_REPRESENTATION('',(#7077),#7081);
#7077 = LINE('',#7078,#7079);
#7078 = CARTESIAN_POINT('',(12.594427571508,1.414213562373));
#7079 = VECTOR('',#7080,1.);
#7080 = DIRECTION('',(-1.,3.400058012915E-16));
#7081 = ( GEOMETRIC_REPRESENTATION_CONTEXT(2) 
PARAMETRIC_REPRESENTATION_CONTEXT() REPRESENTATION_CONTEXT('2D SPACE',''
  ) );
#7082 = ORIENTED_EDGE('',*,*,#7083,.T.);
#7083 = EDGE_CURVE('',#7056,#7084,#7086,.T.);
#7084 = VERTEX_POINT('',#7085);
#7085 = CARTESIAN_POINT('',(16.427158010309,41.882793208892,59.2));
#7086 = SURFACE_CURVE('',#7087,(#7092,#7099),.PCURVE_S1.);
#7087 = CIRCLE('',#7088,18.284210105953);
#7088 = AXIS2_PLACEMENT_3D('',#7089,#7090,#7091);
#7089 = CARTESIAN_POINT('',(-2.299493928604E-12,49.911542731881,59.2));
#7090 = DIRECTION('',(5.947623346206E-16,1.110223024625E-16,1.));
#7091 = DIRECTION('',(1.,-9.42935300772E-31,-5.947623346206E-16));
#7092 = PCURVE('',#293,#7093);
#7093 = DEFINITIONAL_REPRESENTATION('',(#7094),#7098);
#7094 = CIRCLE('',#7095,18.284210105953);
#7095 = AXIS2_PLACEMENT_2D('',#7096,#7097);
#7096 = CARTESIAN_POINT('',(-2.31104024806E-12,1.239149838536E-12));
#7097 = DIRECTION('',(1.,-1.417484439069E-31));
#7098 = ( GEOMETRIC_REPRESENTATION_CONTEXT(2) 
PARAMETRIC_REPRESENTATION_CONTEXT() REPRESENTATION_CONTEXT('2D SPACE',''
  ) );
#7099 = PCURVE('',#7100,#7105);
#7100 = CONICAL_SURFACE('',#7101,18.284210105953,0.785398163397);
#7101 = AXIS2_PLACEMENT_3D('',#7102,#7103,#7104);
#7102 = CARTESIAN_POINT('',(-2.299493928604E-12,49.911542731881,59.2));
#7103 = DIRECTION('',(-5.947623346206E-16,-1.110223024625E-16,-1.));
#7104 = DIRECTION('',(-1.,9.42935300772E-31,5.947623346206E-16));
#7105 = DEFINITIONAL_REPRESENTATION('',(#7106),#7110);
#7106 = LINE('',#7107,#7108);
#7107 = CARTESIAN_POINT('',(9.424777960769,0.));
#7108 = VECTOR('',#7109,1.);
#7109 = DIRECTION('',(-1.,0.));
#7110 = ( GEOMETRIC_REPRESENTATION_CONTEXT(2) 
PARAMETRIC_REPRESENTATION_CONTEXT() REPRESENTATION_CONTEXT('2D SPACE',''
  ) );
#7111 = ORIENTED_EDGE('',*,*,#7112,.T.);
#7112 = EDGE_CURVE('',#7084,#7113,#7115,.T.);
#7113 = VERTEX_POINT('',#7114);
#7114 = CARTESIAN_POINT('',(15.967457733806,43.297605181918,59.2));
#7115 = SURFACE_CURVE('',#7116,(#7120,#7127),.PCURVE_S1.);
#7116 = LINE('',#7117,#7118);
#7117 = CARTESIAN_POINT('',(16.231383180182,42.485326180567,59.2));
#7118 = VECTOR('',#7119,1.);
#7119 = DIRECTION('',(-0.309016994375,0.951056516295,1.110223024625E-16)
  );
#7120 = PCURVE('',#293,#7121);
#7121 = DEFINITIONAL_REPRESENTATION('',(#7122),#7126);
#7122 = LINE('',#7123,#7124);
#7123 = CARTESIAN_POINT('',(16.231383180182,-7.426216551314));
#7124 = VECTOR('',#7125,1.);
#7125 = DIRECTION('',(-0.309016994375,0.951056516295));
#7126 = ( GEOMETRIC_REPRESENTATION_CONTEXT(2) 
PARAMETRIC_REPRESENTATION_CONTEXT() REPRESENTATION_CONTEXT('2D SPACE',''
  ) );
#7127 = PCURVE('',#7128,#7133);
#7128 = PLANE('',#7129);
#7129 = AXIS2_PLACEMENT_3D('',#7130,#7131,#7132);
#7130 = CARTESIAN_POINT('',(12.498913722984,53.972685981993,59.2));
#7131 = DIRECTION('',(0.672498511964,0.218508012224,0.707106781187));
#7132 = DIRECTION('',(0.309016994375,-0.951056516295,-7.216449660064E-16
    ));
#7133 = DEFINITIONAL_REPRESENTATION('',(#7134),#7138);
#7134 = LINE('',#7135,#7136);
#7135 = CARTESIAN_POINT('',(12.078524887433,-5.773159728051E-14));
#7136 = VECTOR('',#7137,1.);
#7137 = DIRECTION('',(-1.,2.775557561563E-16));
#7138 = ( GEOMETRIC_REPRESENTATION_CONTEXT(2) 
PARAMETRIC_REPRESENTATION_CONTEXT() REPRESENTATION_CONTEXT('2D SPACE',''
  ) );
#7139 = ORIENTED_EDGE('',*,*,#7140,.T.);
#7140 = EDGE_CURVE('',#7113,#7141,#7143,.T.);
#7141 = VERTEX_POINT('',#7142);
#7142 = CARTESIAN_POINT('',(17.292938056866,43.972971139321,59.2));
#7143 = SURFACE_CURVE('',#7144,(#7148,#7155),.PCURVE_S1.);
#7144 = LINE('',#7145,#7146);
#7145 = CARTESIAN_POINT('',(5.966404719463,38.201814149368,59.2));
#7146 = VECTOR('',#7147,1.);
#7147 = DIRECTION('',(0.891006524188,0.45399049974,-5.828670879282E-16)
  );
#7148 = PCURVE('',#293,#7149);
#7149 = DEFINITIONAL_REPRESENTATION('',(#7150),#7154);
#7150 = LINE('',#7151,#7152);
#7151 = CARTESIAN_POINT('',(5.966404719463,-11.70972858251));
#7152 = VECTOR('',#7153,1.);
#7153 = DIRECTION('',(0.891006524188,0.45399049974));
#7154 = ( GEOMETRIC_REPRESENTATION_CONTEXT(2) 
PARAMETRIC_REPRESENTATION_CONTEXT() REPRESENTATION_CONTEXT('2D SPACE',''
  ) );
#7155 = PCURVE('',#7156,#7161);
#7156 = PLANE('',#7157);
#7157 = AXIS2_PLACEMENT_3D('',#7158,#7159,#7160);
#7158 = CARTESIAN_POINT('',(17.642112353833,43.028558092301,58.2));
#7159 = DIRECTION('',(-0.32101976096,0.630036755335,-0.707106781187));
#7160 = DIRECTION('',(-0.891006524188,-0.45399049974,5.828670879282E-16)
  );
#7161 = DEFINITIONAL_REPRESENTATION('',(#7162),#7166);
#7162 = LINE('',#7163,#7164);
#7163 = CARTESIAN_POINT('',(12.594427571508,1.414213562373));
#7164 = VECTOR('',#7165,1.);
#7165 = DIRECTION('',(-1.,5.273559366969E-16));
#7166 = ( GEOMETRIC_REPRESENTATION_CONTEXT(2) 
PARAMETRIC_REPRESENTATION_CONTEXT() REPRESENTATION_CONTEXT('2D SPACE',''
  ) );
#7167 = ORIENTED_EDGE('',*,*,#7168,.T.);
#7168 = EDGE_CURVE('',#7141,#7169,#7171,.T.);
#7169 = VERTEX_POINT('',#7170);
#7170 = CARTESIAN_POINT('',(17.480885572467,44.55141411394,59.2));
#7171 = SURFACE_CURVE('',#7172,(#7177,#7184),.PCURVE_S1.);
#7172 = CIRCLE('',#7173,18.284210105952);
#7173 = AXIS2_PLACEMENT_3D('',#7174,#7175,#7176);
#7174 = CARTESIAN_POINT('',(-1.842970220878E-12,49.911542731881,59.2));
#7175 = DIRECTION('',(5.947623346206E-16,1.110223024625E-16,1.));
#7176 = DIRECTION('',(1.,-9.42935300772E-31,-5.947623346206E-16));
#7177 = PCURVE('',#293,#7178);
#7178 = DEFINITIONAL_REPRESENTATION('',(#7179),#7183);
#7179 = CIRCLE('',#7180,18.284210105952);
#7180 = AXIS2_PLACEMENT_2D('',#7181,#7182);
#7181 = CARTESIAN_POINT('',(-1.854516540334E-12,5.005954735598E-13));
#7182 = DIRECTION('',(1.,-1.417484439069E-31));
#7183 = ( GEOMETRIC_REPRESENTATION_CONTEXT(2) 
PARAMETRIC_REPRESENTATION_CONTEXT() REPRESENTATION_CONTEXT('2D SPACE',''
  ) );
#7184 = PCURVE('',#7185,#7190);
#7185 = CONICAL_SURFACE('',#7186,18.284210105952,0.785398163397);
#7186 = AXIS2_PLACEMENT_3D('',#7187,#7188,#7189);
#7187 = CARTESIAN_POINT('',(-1.842970220878E-12,49.911542731881,59.2));
#7188 = DIRECTION('',(-5.947623346206E-16,-1.110223024625E-16,-1.));
#7189 = DIRECTION('',(-1.,9.42935300772E-31,5.947623346206E-16));
#7190 = DEFINITIONAL_REPRESENTATION('',(#7191),#7195);
#7191 = LINE('',#7192,#7193);
#7192 = CARTESIAN_POINT('',(9.424777960769,-3.196274963877E-13));
#7193 = VECTOR('',#7194,1.);
#7194 = DIRECTION('',(-1.,5.339888211826E-14));
#7195 = ( GEOMETRIC_REPRESENTATION_CONTEXT(2) 
PARAMETRIC_REPRESENTATION_CONTEXT() REPRESENTATION_CONTEXT('2D SPACE',''
  ) );
#7196 = ORIENTED_EDGE('',*,*,#7197,.T.);
#7197 = EDGE_CURVE('',#7169,#3828,#7198,.T.);
#7198 = SURFACE_CURVE('',#7199,(#7203,#7210),.PCURVE_S1.);
#7199 = LINE('',#7200,#7201);
#7200 = CARTESIAN_POINT('',(17.193264132275,45.115902974068,59.2));
#7201 = VECTOR('',#7202,1.);
#7202 = DIRECTION('',(-0.45399049974,0.891006524188,1.110223024625E-16)
  );
#7203 = PCURVE('',#293,#7204);
#7204 = DEFINITIONAL_REPRESENTATION('',(#7205),#7209);
#7205 = LINE('',#7206,#7207);
#7206 = CARTESIAN_POINT('',(17.193264132275,-4.795639757812));
#7207 = VECTOR('',#7208,1.);
#7208 = DIRECTION('',(-0.45399049974,0.891006524188));
#7209 = ( GEOMETRIC_REPRESENTATION_CONTEXT(2) 
PARAMETRIC_REPRESENTATION_CONTEXT() REPRESENTATION_CONTEXT('2D SPACE',''
  ) );
#7210 = PCURVE('',#3843,#7211);
#7211 = DEFINITIONAL_REPRESENTATION('',(#7212),#7216);
#7212 = LINE('',#7213,#7214);
#7213 = CARTESIAN_POINT('',(12.078524887433,2.57571741713E-14));
#7214 = VECTOR('',#7215,1.);
#7215 = DIRECTION('',(-1.,4.996003610813E-16));
#7216 = ( GEOMETRIC_REPRESENTATION_CONTEXT(2) 
PARAMETRIC_REPRESENTATION_CONTEXT() REPRESENTATION_CONTEXT('2D SPACE',''
  ) );
#7217 = ADVANCED_FACE('',(#7218),#348,.F.);
#7218 = FACE_BOUND('',#7219,.T.);
#7219 = EDGE_LOOP('',(#7220,#7221,#7244,#7265));
#7220 = ORIENTED_EDGE('',*,*,#332,.F.);
#7221 = ORIENTED_EDGE('',*,*,#7222,.T.);
#7222 = EDGE_CURVE('',#310,#7223,#7225,.T.);
#7223 = VERTEX_POINT('',#7224);
#7224 = CARTESIAN_POINT('',(18.552700491183,44.650548159094,58.2));
#7225 = SURFACE_CURVE('',#7226,(#7230,#7237),.PCURVE_S1.);
#7226 = LINE('',#7227,#7228);
#7227 = CARTESIAN_POINT('',(18.552700491183,44.650548159094,58.2));
#7228 = VECTOR('',#7229,1.);
#7229 = DIRECTION('',(0.45399049974,-0.891006524188,-1.110223024625E-16)
  );
#7230 = PCURVE('',#348,#7231);
#7231 = DEFINITIONAL_REPRESENTATION('',(#7232),#7236);
#7232 = LINE('',#7233,#7234);
#7233 = CARTESIAN_POINT('',(0.515902684074,-1.));
#7234 = VECTOR('',#7235,1.);
#7235 = DIRECTION('',(1.,1.110223024625E-16));
#7236 = ( GEOMETRIC_REPRESENTATION_CONTEXT(2) 
PARAMETRIC_REPRESENTATION_CONTEXT() REPRESENTATION_CONTEXT('2D SPACE',''
  ) );
#7237 = PCURVE('',#3843,#7238);
#7238 = DEFINITIONAL_REPRESENTATION('',(#7239),#7243);
#7239 = LINE('',#7240,#7241);
#7240 = CARTESIAN_POINT('',(13.110330255582,1.414213562373));
#7241 = VECTOR('',#7242,1.);
#7242 = DIRECTION('',(1.,-4.996003610813E-16));
#7243 = ( GEOMETRIC_REPRESENTATION_CONTEXT(2) 
PARAMETRIC_REPRESENTATION_CONTEXT() REPRESENTATION_CONTEXT('2D SPACE',''
  ) );
#7244 = ORIENTED_EDGE('',*,*,#7245,.T.);
#7245 = EDGE_CURVE('',#7223,#3640,#7246,.T.);
#7246 = SURFACE_CURVE('',#7247,(#7251,#7258),.PCURVE_S1.);
#7247 = LINE('',#7248,#7249);
#7248 = CARTESIAN_POINT('',(18.552700491183,44.650548159094,59.2));
#7249 = VECTOR('',#7250,1.);
#7250 = DIRECTION('',(-5.947623346206E-16,-1.110223024625E-16,-1.));
#7251 = PCURVE('',#348,#7252);
#7252 = DEFINITIONAL_REPRESENTATION('',(#7253),#7257);
#7253 = LINE('',#7254,#7255);
#7254 = CARTESIAN_POINT('',(0.515902684074,-4.440892098501E-16));
#7255 = VECTOR('',#7256,1.);
#7256 = DIRECTION('',(0.,-1.));
#7257 = ( GEOMETRIC_REPRESENTATION_CONTEXT(2) 
PARAMETRIC_REPRESENTATION_CONTEXT() REPRESENTATION_CONTEXT('2D SPACE',''
  ) );
#7258 = PCURVE('',#3656,#7259);
#7259 = DEFINITIONAL_REPRESENTATION('',(#7260),#7264);
#7260 = LINE('',#7261,#7262);
#7261 = CARTESIAN_POINT('',(3.417909002975,0.));
#7262 = VECTOR('',#7263,1.);
#7263 = DIRECTION('',(0.,1.));
#7264 = ( GEOMETRIC_REPRESENTATION_CONTEXT(2) 
PARAMETRIC_REPRESENTATION_CONTEXT() REPRESENTATION_CONTEXT('2D SPACE',''
  ) );
#7265 = ORIENTED_EDGE('',*,*,#3668,.T.);
#7266 = ADVANCED_FACE('',(#7267),#3656,.T.);
#7267 = FACE_BOUND('',#7268,.T.);
#7268 = EDGE_LOOP('',(#7269,#7270,#7294,#7315));
#7269 = ORIENTED_EDGE('',*,*,#7245,.F.);
#7270 = ORIENTED_EDGE('',*,*,#7271,.F.);
#7271 = EDGE_CURVE('',#7272,#7223,#7274,.T.);
#7272 = VERTEX_POINT('',#7273);
#7273 = CARTESIAN_POINT('',(18.10178501119,43.262773009661,58.2));
#7274 = SURFACE_CURVE('',#7275,(#7280,#7287),.PCURVE_S1.);
#7275 = CIRCLE('',#7276,19.284210105952);
#7276 = AXIS2_PLACEMENT_3D('',#7277,#7278,#7279);
#7277 = CARTESIAN_POINT('',(-1.843858399297E-12,49.911542731881,58.2));
#7278 = DIRECTION('',(5.947623346206E-16,1.110223024625E-16,1.));
#7279 = DIRECTION('',(1.,-9.42935300772E-31,-5.947623346206E-16));
#7280 = PCURVE('',#3656,#7281);
#7281 = DEFINITIONAL_REPRESENTATION('',(#7282),#7286);
#7282 = LINE('',#7283,#7284);
#7283 = CARTESIAN_POINT('',(9.424777960769,1.));
#7284 = VECTOR('',#7285,1.);
#7285 = DIRECTION('',(-1.,0.));
#7286 = ( GEOMETRIC_REPRESENTATION_CONTEXT(2) 
PARAMETRIC_REPRESENTATION_CONTEXT() REPRESENTATION_CONTEXT('2D SPACE',''
  ) );
#7287 = PCURVE('',#7185,#7288);
#7288 = DEFINITIONAL_REPRESENTATION('',(#7289),#7293);
#7289 = LINE('',#7290,#7291);
#7290 = CARTESIAN_POINT('',(9.424777960769,1.));
#7291 = VECTOR('',#7292,1.);
#7292 = DIRECTION('',(-1.,-4.771319231177E-14));
#7293 = ( GEOMETRIC_REPRESENTATION_CONTEXT(2) 
PARAMETRIC_REPRESENTATION_CONTEXT() REPRESENTATION_CONTEXT('2D SPACE',''
  ) );
#7294 = ORIENTED_EDGE('',*,*,#7295,.T.);
#7295 = EDGE_CURVE('',#7272,#3612,#7296,.T.);
#7296 = SURFACE_CURVE('',#7297,(#7301,#7308),.PCURVE_S1.);
#7297 = LINE('',#7298,#7299);
#7298 = CARTESIAN_POINT('',(18.10178501119,43.262773009661,59.2));
#7299 = VECTOR('',#7300,1.);
#7300 = DIRECTION('',(-5.947623346206E-16,-1.110223024625E-16,-1.));
#7301 = PCURVE('',#3656,#7302);
#7302 = DEFINITIONAL_REPRESENTATION('',(#7303),#7307);
#7303 = LINE('',#7304,#7305);
#7304 = CARTESIAN_POINT('',(3.493594834922,0.));
#7305 = VECTOR('',#7306,1.);
#7306 = DIRECTION('',(0.,1.));
#7307 = ( GEOMETRIC_REPRESENTATION_CONTEXT(2) 
PARAMETRIC_REPRESENTATION_CONTEXT() REPRESENTATION_CONTEXT('2D SPACE',''
  ) );
#7308 = PCURVE('',#3627,#7309);
#7309 = DEFINITIONAL_REPRESENTATION('',(#7310),#7314);
#7310 = LINE('',#7311,#7312);
#7311 = CARTESIAN_POINT('',(0.515902684074,-3.677613769071E-15));
#7312 = VECTOR('',#7313,1.);
#7313 = DIRECTION('',(-2.775557561563E-17,-1.));
#7314 = ( GEOMETRIC_REPRESENTATION_CONTEXT(2) 
PARAMETRIC_REPRESENTATION_CONTEXT() REPRESENTATION_CONTEXT('2D SPACE',''
  ) );
#7315 = ORIENTED_EDGE('',*,*,#3639,.T.);
#7316 = ADVANCED_FACE('',(#7317),#426,.T.);
#7317 = FACE_BOUND('',#7318,.T.);
#7318 = EDGE_LOOP('',(#7319,#7342,#7364,#7365));
#7319 = ORIENTED_EDGE('',*,*,#7320,.F.);
#7320 = EDGE_CURVE('',#7321,#410,#7323,.T.);
#7321 = VERTEX_POINT('',#7322);
#7322 = CARTESIAN_POINT('',(19.270403427317,50.641139304563,58.2));
#7323 = SURFACE_CURVE('',#7324,(#7328,#7335),.PCURVE_S1.);
#7324 = LINE('',#7325,#7326);
#7325 = CARTESIAN_POINT('',(19.270403427317,50.641139304563,59.2));
#7326 = VECTOR('',#7327,1.);
#7327 = DIRECTION('',(-5.947623346206E-16,-1.110223024625E-16,-1.));
#7328 = PCURVE('',#426,#7329);
#7329 = DEFINITIONAL_REPRESENTATION('',(#7330),#7334);
#7330 = LINE('',#7331,#7332);
#7331 = CARTESIAN_POINT('',(3.103749737616,0.));
#7332 = VECTOR('',#7333,1.);
#7333 = DIRECTION('',(0.,1.));
#7334 = ( GEOMETRIC_REPRESENTATION_CONTEXT(2) 
PARAMETRIC_REPRESENTATION_CONTEXT() REPRESENTATION_CONTEXT('2D SPACE',''
  ) );
#7335 = PCURVE('',#454,#7336);
#7336 = DEFINITIONAL_REPRESENTATION('',(#7337),#7341);
#7337 = LINE('',#7338,#7339);
#7338 = CARTESIAN_POINT('',(0.515902684074,-4.996003610813E-16));
#7339 = VECTOR('',#7340,1.);
#7340 = DIRECTION('',(0.,-1.));
#7341 = ( GEOMETRIC_REPRESENTATION_CONTEXT(2) 
PARAMETRIC_REPRESENTATION_CONTEXT() REPRESENTATION_CONTEXT('2D SPACE',''
  ) );
#7342 = ORIENTED_EDGE('',*,*,#7343,.F.);
#7343 = EDGE_CURVE('',#3725,#7321,#7344,.T.);
#7344 = SURFACE_CURVE('',#7345,(#7350,#7357),.PCURVE_S1.);
#7345 = CIRCLE('',#7346,19.284210105954);
#7346 = AXIS2_PLACEMENT_3D('',#7347,#7348,#7349);
#7347 = CARTESIAN_POINT('',(-3.358202604886E-12,49.91154273188,58.2));
#7348 = DIRECTION('',(5.947623346206E-16,1.110223024625E-16,1.));
#7349 = DIRECTION('',(1.,-9.42935300772E-31,-5.947623346206E-16));
#7350 = PCURVE('',#426,#7351);
#7351 = DEFINITIONAL_REPRESENTATION('',(#7352),#7356);
#7352 = LINE('',#7353,#7354);
#7353 = CARTESIAN_POINT('',(9.424777960769,1.));
#7354 = VECTOR('',#7355,1.);
#7355 = DIRECTION('',(-1.,0.));
#7356 = ( GEOMETRIC_REPRESENTATION_CONTEXT(2) 
PARAMETRIC_REPRESENTATION_CONTEXT() REPRESENTATION_CONTEXT('2D SPACE',''
  ) );
#7357 = PCURVE('',#3955,#7358);
#7358 = DEFINITIONAL_REPRESENTATION('',(#7359),#7363);
#7359 = LINE('',#7360,#7361);
#7360 = CARTESIAN_POINT('',(9.424777960769,1.));
#7361 = VECTOR('',#7362,1.);
#7362 = DIRECTION('',(-1.,0.));
#7363 = ( GEOMETRIC_REPRESENTATION_CONTEXT(2) 
PARAMETRIC_REPRESENTATION_CONTEXT() REPRESENTATION_CONTEXT('2D SPACE',''
  ) );
#7364 = ORIENTED_EDGE('',*,*,#3724,.T.);
#7365 = ORIENTED_EDGE('',*,*,#409,.T.);
#7366 = ADVANCED_FACE('',(#7367),#3627,.T.);
#7367 = FACE_BOUND('',#7368,.T.);
#7368 = EDGE_LOOP('',(#7369,#7370,#7393,#7414));
#7369 = ORIENTED_EDGE('',*,*,#7295,.F.);
#7370 = ORIENTED_EDGE('',*,*,#7371,.T.);
#7371 = EDGE_CURVE('',#7272,#7372,#7374,.T.);
#7372 = VERTEX_POINT('',#7373);
#7373 = CARTESIAN_POINT('',(17.182439696477,42.794343174942,58.2));
#7374 = SURFACE_CURVE('',#7375,(#7379,#7386),.PCURVE_S1.);
#7375 = LINE('',#7376,#7377);
#7376 = CARTESIAN_POINT('',(17.642112353833,43.028558092301,58.2));
#7377 = VECTOR('',#7378,1.);
#7378 = DIRECTION('',(-0.891006524188,-0.45399049974,5.828670879282E-16)
  );
#7379 = PCURVE('',#3627,#7380);
#7380 = DEFINITIONAL_REPRESENTATION('',(#7381),#7385);
#7381 = LINE('',#7382,#7383);
#7382 = CARTESIAN_POINT('',(5.551115123126E-16,-1.));
#7383 = VECTOR('',#7384,1.);
#7384 = DIRECTION('',(-1.,0.));
#7385 = ( GEOMETRIC_REPRESENTATION_CONTEXT(2) 
PARAMETRIC_REPRESENTATION_CONTEXT() REPRESENTATION_CONTEXT('2D SPACE',''
  ) );
#7386 = PCURVE('',#7156,#7387);
#7387 = DEFINITIONAL_REPRESENTATION('',(#7388),#7392);
#7388 = LINE('',#7389,#7390);
#7389 = CARTESIAN_POINT('',(0.,0.));
#7390 = VECTOR('',#7391,1.);
#7391 = DIRECTION('',(1.,-5.273559366969E-16));
#7392 = ( GEOMETRIC_REPRESENTATION_CONTEXT(2) 
PARAMETRIC_REPRESENTATION_CONTEXT() REPRESENTATION_CONTEXT('2D SPACE',''
  ) );
#7393 = ORIENTED_EDGE('',*,*,#7394,.T.);
#7394 = EDGE_CURVE('',#7372,#3584,#7395,.T.);
#7395 = SURFACE_CURVE('',#7396,(#7400,#7407),.PCURVE_S1.);
#7396 = LINE('',#7397,#7398);
#7397 = CARTESIAN_POINT('',(17.182439696477,42.794343174942,59.2));
#7398 = VECTOR('',#7399,1.);
#7399 = DIRECTION('',(-5.947623346206E-16,-1.110223024625E-16,-1.));
#7400 = PCURVE('',#3627,#7401);
#7401 = DEFINITIONAL_REPRESENTATION('',(#7402),#7406);
#7402 = LINE('',#7403,#7404);
#7403 = CARTESIAN_POINT('',(-0.515902684074,-2.720046410332E-15));
#7404 = VECTOR('',#7405,1.);
#7405 = DIRECTION('',(-2.775557561563E-17,-1.));
#7406 = ( GEOMETRIC_REPRESENTATION_CONTEXT(2) 
PARAMETRIC_REPRESENTATION_CONTEXT() REPRESENTATION_CONTEXT('2D SPACE',''
  ) );
#7407 = PCURVE('',#3599,#7408);
#7408 = DEFINITIONAL_REPRESENTATION('',(#7409),#7413);
#7409 = LINE('',#7410,#7411);
#7410 = CARTESIAN_POINT('',(-0.515902684074,-3.025357742104E-15));
#7411 = VECTOR('',#7412,1.);
#7412 = DIRECTION('',(5.551115123126E-17,-1.));
#7413 = ( GEOMETRIC_REPRESENTATION_CONTEXT(2) 
PARAMETRIC_REPRESENTATION_CONTEXT() REPRESENTATION_CONTEXT('2D SPACE',''
  ) );
#7414 = ORIENTED_EDGE('',*,*,#3611,.F.);
#7415 = ADVANCED_FACE('',(#7416),#454,.F.);
#7416 = FACE_BOUND('',#7417,.T.);
#7417 = EDGE_LOOP('',(#7418,#7441,#7462,#7463));
#7418 = ORIENTED_EDGE('',*,*,#7419,.F.);
#7419 = EDGE_CURVE('',#7420,#439,#7422,.T.);
#7420 = VERTEX_POINT('',#7421);
#7421 = CARTESIAN_POINT('',(18.540806854635,51.370735877245,58.2));
#7422 = SURFACE_CURVE('',#7423,(#7427,#7434),.PCURVE_S1.);
#7423 = LINE('',#7424,#7425);
#7424 = CARTESIAN_POINT('',(18.540806854635,51.370735877245,59.2));
#7425 = VECTOR('',#7426,1.);
#7426 = DIRECTION('',(-5.947623346206E-16,-1.110223024625E-16,-1.));
#7427 = PCURVE('',#454,#7428);
#7428 = DEFINITIONAL_REPRESENTATION('',(#7429),#7433);
#7429 = LINE('',#7430,#7431);
#7430 = CARTESIAN_POINT('',(-0.515902684074,-3.330669073875E-16));
#7431 = VECTOR('',#7432,1.);
#7432 = DIRECTION('',(0.,-1.));
#7433 = ( GEOMETRIC_REPRESENTATION_CONTEXT(2) 
PARAMETRIC_REPRESENTATION_CONTEXT() REPRESENTATION_CONTEXT('2D SPACE',''
  ) );
#7434 = PCURVE('',#482,#7435);
#7435 = DEFINITIONAL_REPRESENTATION('',(#7436),#7440);
#7436 = LINE('',#7437,#7438);
#7437 = CARTESIAN_POINT('',(-0.515902684074,-6.938893903907E-16));
#7438 = VECTOR('',#7439,1.);
#7439 = DIRECTION('',(5.551115123126E-17,-1.));
#7440 = ( GEOMETRIC_REPRESENTATION_CONTEXT(2) 
PARAMETRIC_REPRESENTATION_CONTEXT() REPRESENTATION_CONTEXT('2D SPACE',''
  ) );
#7441 = ORIENTED_EDGE('',*,*,#7442,.T.);
#7442 = EDGE_CURVE('',#7420,#7321,#7443,.T.);
#7443 = SURFACE_CURVE('',#7444,(#7448,#7455),.PCURVE_S1.);
#7444 = LINE('',#7445,#7446);
#7445 = CARTESIAN_POINT('',(19.270403427317,50.641139304563,58.2));
#7446 = VECTOR('',#7447,1.);
#7447 = DIRECTION('',(0.707106781187,-0.707106781187,-3.885780586188E-16
    ));
#7448 = PCURVE('',#454,#7449);
#7449 = DEFINITIONAL_REPRESENTATION('',(#7450),#7454);
#7450 = LINE('',#7451,#7452);
#7451 = CARTESIAN_POINT('',(0.515902684074,-1.));
#7452 = VECTOR('',#7453,1.);
#7453 = DIRECTION('',(1.,-5.551115123126E-17));
#7454 = ( GEOMETRIC_REPRESENTATION_CONTEXT(2) 
PARAMETRIC_REPRESENTATION_CONTEXT() REPRESENTATION_CONTEXT('2D SPACE',''
  ) );
#7455 = PCURVE('',#3983,#7456);
#7456 = DEFINITIONAL_REPRESENTATION('',(#7457),#7461);
#7457 = LINE('',#7458,#7459);
#7458 = CARTESIAN_POINT('',(13.110330255582,1.414213562373));
#7459 = VECTOR('',#7460,1.);
#7460 = DIRECTION('',(1.,-5.551115123126E-16));
#7461 = ( GEOMETRIC_REPRESENTATION_CONTEXT(2) 
PARAMETRIC_REPRESENTATION_CONTEXT() REPRESENTATION_CONTEXT('2D SPACE',''
  ) );
#7462 = ORIENTED_EDGE('',*,*,#7320,.T.);
#7463 = ORIENTED_EDGE('',*,*,#438,.T.);
#7464 = ADVANCED_FACE('',(#7465),#3599,.F.);
#7465 = FACE_BOUND('',#7466,.T.);
#7466 = EDGE_LOOP('',(#7467,#7468,#7491,#7512));
#7467 = ORIENTED_EDGE('',*,*,#7394,.F.);
#7468 = ORIENTED_EDGE('',*,*,#7469,.T.);
#7469 = EDGE_CURVE('',#7372,#7470,#7472,.T.);
#7470 = VERTEX_POINT('',#7471);
#7471 = CARTESIAN_POINT('',(17.501285090122,41.813037956015,58.2));
#7472 = SURFACE_CURVE('',#7473,(#7477,#7484),.PCURVE_S1.);
#7473 = LINE('',#7474,#7475);
#7474 = CARTESIAN_POINT('',(17.501285090122,41.813037956015,58.2));
#7475 = VECTOR('',#7476,1.);
#7476 = DIRECTION('',(0.309016994375,-0.951056516295,-1.110223024625E-16
    ));
#7477 = PCURVE('',#3599,#7478);
#7478 = DEFINITIONAL_REPRESENTATION('',(#7479),#7483);
#7479 = LINE('',#7480,#7481);
#7480 = CARTESIAN_POINT('',(0.515902684074,-1.));
#7481 = VECTOR('',#7482,1.);
#7482 = DIRECTION('',(1.,-5.551115123126E-17));
#7483 = ( GEOMETRIC_REPRESENTATION_CONTEXT(2) 
PARAMETRIC_REPRESENTATION_CONTEXT() REPRESENTATION_CONTEXT('2D SPACE',''
  ) );
#7484 = PCURVE('',#7128,#7485);
#7485 = DEFINITIONAL_REPRESENTATION('',(#7486),#7490);
#7486 = LINE('',#7487,#7488);
#7487 = CARTESIAN_POINT('',(13.110330255582,1.414213562373));
#7488 = VECTOR('',#7489,1.);
#7489 = DIRECTION('',(1.,-2.775557561563E-16));
#7490 = ( GEOMETRIC_REPRESENTATION_CONTEXT(2) 
PARAMETRIC_REPRESENTATION_CONTEXT() REPRESENTATION_CONTEXT('2D SPACE',''
  ) );
#7491 = ORIENTED_EDGE('',*,*,#7492,.T.);
#7492 = EDGE_CURVE('',#7470,#3555,#7493,.T.);
#7493 = SURFACE_CURVE('',#7494,(#7498,#7505),.PCURVE_S1.);
#7494 = LINE('',#7495,#7496);
#7495 = CARTESIAN_POINT('',(17.501285090122,41.813037956015,59.2));
#7496 = VECTOR('',#7497,1.);
#7497 = DIRECTION('',(-5.947623346206E-16,-1.110223024625E-16,-1.));
#7498 = PCURVE('',#3599,#7499);
#7499 = DEFINITIONAL_REPRESENTATION('',(#7500),#7504);
#7500 = LINE('',#7501,#7502);
#7501 = CARTESIAN_POINT('',(0.515902684074,8.049116928532E-16));
#7502 = VECTOR('',#7503,1.);
#7503 = DIRECTION('',(5.551115123126E-17,-1.));
#7504 = ( GEOMETRIC_REPRESENTATION_CONTEXT(2) 
PARAMETRIC_REPRESENTATION_CONTEXT() REPRESENTATION_CONTEXT('2D SPACE',''
  ) );
#7505 = PCURVE('',#3571,#7506);
#7506 = DEFINITIONAL_REPRESENTATION('',(#7507),#7511);
#7507 = LINE('',#7508,#7509);
#7508 = CARTESIAN_POINT('',(3.574988635655,0.));
#7509 = VECTOR('',#7510,1.);
#7510 = DIRECTION('',(0.,1.));
#7511 = ( GEOMETRIC_REPRESENTATION_CONTEXT(2) 
PARAMETRIC_REPRESENTATION_CONTEXT() REPRESENTATION_CONTEXT('2D SPACE',''
  ) );
#7512 = ORIENTED_EDGE('',*,*,#3583,.T.);
#7513 = ADVANCED_FACE('',(#7514),#482,.T.);
#7514 = FACE_BOUND('',#7515,.T.);
#7515 = EDGE_LOOP('',(#7516,#7539,#7560,#7561));
#7516 = ORIENTED_EDGE('',*,*,#7517,.F.);
#7517 = EDGE_CURVE('',#7518,#467,#7520,.T.);
#7518 = VERTEX_POINT('',#7519);
#7519 = CARTESIAN_POINT('',(19.147286833269,52.205483954965,58.2));
#7520 = SURFACE_CURVE('',#7521,(#7525,#7532),.PCURVE_S1.);
#7521 = LINE('',#7522,#7523);
#7522 = CARTESIAN_POINT('',(19.147286833269,52.205483954965,59.2));
#7523 = VECTOR('',#7524,1.);
#7524 = DIRECTION('',(-5.947623346206E-16,-1.110223024625E-16,-1.));
#7525 = PCURVE('',#482,#7526);
#7526 = DEFINITIONAL_REPRESENTATION('',(#7527),#7531);
#7527 = LINE('',#7528,#7529);
#7528 = CARTESIAN_POINT('',(0.515902684074,-1.08246744901E-15));
#7529 = VECTOR('',#7530,1.);
#7530 = DIRECTION('',(5.551115123126E-17,-1.));
#7531 = ( GEOMETRIC_REPRESENTATION_CONTEXT(2) 
PARAMETRIC_REPRESENTATION_CONTEXT() REPRESENTATION_CONTEXT('2D SPACE',''
  ) );
#7532 = PCURVE('',#511,#7533);
#7533 = DEFINITIONAL_REPRESENTATION('',(#7534),#7538);
#7534 = LINE('',#7535,#7536);
#7535 = CARTESIAN_POINT('',(3.022355936884,0.));
#7536 = VECTOR('',#7537,1.);
#7537 = DIRECTION('',(0.,1.));
#7538 = ( GEOMETRIC_REPRESENTATION_CONTEXT(2) 
PARAMETRIC_REPRESENTATION_CONTEXT() REPRESENTATION_CONTEXT('2D SPACE',''
  ) );
#7539 = ORIENTED_EDGE('',*,*,#7540,.T.);
#7540 = EDGE_CURVE('',#7518,#7420,#7541,.T.);
#7541 = SURFACE_CURVE('',#7542,(#7546,#7553),.PCURVE_S1.);
#7542 = LINE('',#7543,#7544);
#7543 = CARTESIAN_POINT('',(18.844046843952,51.788109916105,58.2));
#7544 = VECTOR('',#7545,1.);
#7545 = DIRECTION('',(-0.587785252292,-0.809016994375,4.440892098501E-16
    ));
#7546 = PCURVE('',#482,#7547);
#7547 = DEFINITIONAL_REPRESENTATION('',(#7548),#7552);
#7548 = LINE('',#7549,#7550);
#7549 = CARTESIAN_POINT('',(9.992007221626E-16,-1.));
#7550 = VECTOR('',#7551,1.);
#7551 = DIRECTION('',(-1.,-5.551115123126E-17));
#7552 = ( GEOMETRIC_REPRESENTATION_CONTEXT(2) 
PARAMETRIC_REPRESENTATION_CONTEXT() REPRESENTATION_CONTEXT('2D SPACE',''
  ) );
#7553 = PCURVE('',#4011,#7554);
#7554 = DEFINITIONAL_REPRESENTATION('',(#7555),#7559);
#7555 = LINE('',#7556,#7557);
#7556 = CARTESIAN_POINT('',(0.,0.));
#7557 = VECTOR('',#7558,1.);
#7558 = DIRECTION('',(1.,-6.106226635438E-16));
#7559 = ( GEOMETRIC_REPRESENTATION_CONTEXT(2) 
PARAMETRIC_REPRESENTATION_CONTEXT() REPRESENTATION_CONTEXT('2D SPACE',''
  ) );
#7560 = ORIENTED_EDGE('',*,*,#7419,.T.);
#7561 = ORIENTED_EDGE('',*,*,#466,.F.);
#7562 = ADVANCED_FACE('',(#7563),#3571,.T.);
#7563 = FACE_BOUND('',#7564,.T.);
#7564 = EDGE_LOOP('',(#7565,#7566,#7590,#7611));
#7565 = ORIENTED_EDGE('',*,*,#7492,.F.);
#7566 = ORIENTED_EDGE('',*,*,#7567,.F.);
#7567 = EDGE_CURVE('',#7568,#7470,#7570,.T.);
#7568 = VERTEX_POINT('',#7569);
#7569 = CARTESIAN_POINT('',(16.838825264841,40.512887343444,58.2));
#7570 = SURFACE_CURVE('',#7571,(#7576,#7583),.PCURVE_S1.);
#7571 = CIRCLE('',#7572,19.284210105953);
#7572 = AXIS2_PLACEMENT_3D('',#7573,#7574,#7575);
#7573 = CARTESIAN_POINT('',(-2.300382107023E-12,49.911542731881,58.2));
#7574 = DIRECTION('',(5.947623346206E-16,1.110223024625E-16,1.));
#7575 = DIRECTION('',(1.,-9.42935300772E-31,-5.947623346206E-16));
#7576 = PCURVE('',#3571,#7577);
#7577 = DEFINITIONAL_REPRESENTATION('',(#7578),#7582);
#7578 = LINE('',#7579,#7580);
#7579 = CARTESIAN_POINT('',(9.424777960769,1.));
#7580 = VECTOR('',#7581,1.);
#7581 = DIRECTION('',(-1.,0.));
#7582 = ( GEOMETRIC_REPRESENTATION_CONTEXT(2) 
PARAMETRIC_REPRESENTATION_CONTEXT() REPRESENTATION_CONTEXT('2D SPACE',''
  ) );
#7583 = PCURVE('',#7100,#7584);
#7584 = DEFINITIONAL_REPRESENTATION('',(#7585),#7589);
#7585 = LINE('',#7586,#7587);
#7586 = CARTESIAN_POINT('',(9.424777960769,1.));
#7587 = VECTOR('',#7588,1.);
#7588 = DIRECTION('',(-1.,2.489383946701E-14));
#7589 = ( GEOMETRIC_REPRESENTATION_CONTEXT(2) 
PARAMETRIC_REPRESENTATION_CONTEXT() REPRESENTATION_CONTEXT('2D SPACE',''
  ) );
#7590 = ORIENTED_EDGE('',*,*,#7591,.T.);
#7591 = EDGE_CURVE('',#7568,#3527,#7592,.T.);
#7592 = SURFACE_CURVE('',#7593,(#7597,#7604),.PCURVE_S1.);
#7593 = LINE('',#7594,#7595);
#7594 = CARTESIAN_POINT('',(16.838825264841,40.512887343444,59.2));
#7595 = VECTOR('',#7596,1.);
#7596 = DIRECTION('',(-5.947623346206E-16,-1.110223024625E-16,-1.));
#7597 = PCURVE('',#3571,#7598);
#7598 = DEFINITIONAL_REPRESENTATION('',(#7599),#7603);
#7599 = LINE('',#7600,#7601);
#7600 = CARTESIAN_POINT('',(3.650674467602,0.));
#7601 = VECTOR('',#7602,1.);
#7602 = DIRECTION('',(0.,1.));
#7603 = ( GEOMETRIC_REPRESENTATION_CONTEXT(2) 
PARAMETRIC_REPRESENTATION_CONTEXT() REPRESENTATION_CONTEXT('2D SPACE',''
  ) );
#7604 = PCURVE('',#3542,#7605);
#7605 = DEFINITIONAL_REPRESENTATION('',(#7606),#7610);
#7606 = LINE('',#7607,#7608);
#7607 = CARTESIAN_POINT('',(0.515902684074,6.661338147751E-16));
#7608 = VECTOR('',#7609,1.);
#7609 = DIRECTION('',(-2.775557561563E-17,-1.));
#7610 = ( GEOMETRIC_REPRESENTATION_CONTEXT(2) 
PARAMETRIC_REPRESENTATION_CONTEXT() REPRESENTATION_CONTEXT('2D SPACE',''
  ) );
#7611 = ORIENTED_EDGE('',*,*,#3554,.T.);
#7612 = ADVANCED_FACE('',(#7613),#511,.T.);
#7613 = FACE_BOUND('',#7614,.T.);
#7614 = EDGE_LOOP('',(#7615,#7638,#7660,#7661));
#7615 = ORIENTED_EDGE('',*,*,#7616,.F.);
#7616 = EDGE_CURVE('',#7617,#495,#7619,.T.);
#7617 = VERTEX_POINT('',#7618);
#7618 = CARTESIAN_POINT('',(18.919018734183,53.646712011319,58.2));
#7619 = SURFACE_CURVE('',#7620,(#7624,#7631),.PCURVE_S1.);
#7620 = LINE('',#7621,#7622);
#7621 = CARTESIAN_POINT('',(18.919018734183,53.646712011319,59.2));
#7622 = VECTOR('',#7623,1.);
#7623 = DIRECTION('',(-5.947623346206E-16,-1.110223024625E-16,-1.));
#7624 = PCURVE('',#511,#7625);
#7625 = DEFINITIONAL_REPRESENTATION('',(#7626),#7630);
#7626 = LINE('',#7627,#7628);
#7627 = CARTESIAN_POINT('',(2.946670104937,0.));
#7628 = VECTOR('',#7629,1.);
#7629 = DIRECTION('',(0.,1.));
#7630 = ( GEOMETRIC_REPRESENTATION_CONTEXT(2) 
PARAMETRIC_REPRESENTATION_CONTEXT() REPRESENTATION_CONTEXT('2D SPACE',''
  ) );
#7631 = PCURVE('',#539,#7632);
#7632 = DEFINITIONAL_REPRESENTATION('',(#7633),#7637);
#7633 = LINE('',#7634,#7635);
#7634 = CARTESIAN_POINT('',(0.515902684074,2.942091015257E-15));
#7635 = VECTOR('',#7636,1.);
#7636 = DIRECTION('',(5.551115123126E-17,-1.));
#7637 = ( GEOMETRIC_REPRESENTATION_CONTEXT(2) 
PARAMETRIC_REPRESENTATION_CONTEXT() REPRESENTATION_CONTEXT('2D SPACE',''
  ) );
#7638 = ORIENTED_EDGE('',*,*,#7639,.F.);
#7639 = EDGE_CURVE('',#7518,#7617,#7640,.T.);
#7640 = SURFACE_CURVE('',#7641,(#7646,#7653),.PCURVE_S1.);
#7641 = CIRCLE('',#7642,19.284210105952);
#7642 = AXIS2_PLACEMENT_3D('',#7643,#7644,#7645);
#7643 = CARTESIAN_POINT('',(-1.554312234475E-12,49.91154273188,58.2));
#7644 = DIRECTION('',(5.947623346206E-16,1.110223024625E-16,1.));
#7645 = DIRECTION('',(1.,-9.42935300772E-31,-5.947623346206E-16));
#7646 = PCURVE('',#511,#7647);
#7647 = DEFINITIONAL_REPRESENTATION('',(#7648),#7652);
#7648 = LINE('',#7649,#7650);
#7649 = CARTESIAN_POINT('',(3.14159265359,1.));
#7650 = VECTOR('',#7651,1.);
#7651 = DIRECTION('',(-1.,0.));
#7652 = ( GEOMETRIC_REPRESENTATION_CONTEXT(2) 
PARAMETRIC_REPRESENTATION_CONTEXT() REPRESENTATION_CONTEXT('2D SPACE',''
  ) );
#7653 = PCURVE('',#4040,#7654);
#7654 = DEFINITIONAL_REPRESENTATION('',(#7655),#7659);
#7655 = LINE('',#7656,#7657);
#7656 = CARTESIAN_POINT('',(3.14159265359,1.));
#7657 = VECTOR('',#7658,1.);
#7658 = DIRECTION('',(-1.,0.));
#7659 = ( GEOMETRIC_REPRESENTATION_CONTEXT(2) 
PARAMETRIC_REPRESENTATION_CONTEXT() REPRESENTATION_CONTEXT('2D SPACE',''
  ) );
#7660 = ORIENTED_EDGE('',*,*,#7517,.T.);
#7661 = ORIENTED_EDGE('',*,*,#494,.T.);
#7662 = ADVANCED_FACE('',(#7663),#3542,.T.);
#7663 = FACE_BOUND('',#7664,.T.);
#7664 = EDGE_LOOP('',(#7665,#7666,#7689,#7710));
#7665 = ORIENTED_EDGE('',*,*,#7591,.F.);
#7666 = ORIENTED_EDGE('',*,*,#7667,.T.);
#7667 = EDGE_CURVE('',#7568,#7668,#7670,.T.);
#7668 = VERTEX_POINT('',#7669);
#7669 = CARTESIAN_POINT('',(15.857520045915,40.194041949799,58.2));
#7670 = SURFACE_CURVE('',#7671,(#7675,#7682),.PCURVE_S1.);
#7671 = LINE('',#7672,#7673);
#7672 = CARTESIAN_POINT('',(16.348172655378,40.353464646621,58.2));
#7673 = VECTOR('',#7674,1.);
#7674 = DIRECTION('',(-0.951056516295,-0.309016994375,5.828670879282E-16
    ));
#7675 = PCURVE('',#3542,#7676);
#7676 = DEFINITIONAL_REPRESENTATION('',(#7677),#7681);
#7677 = LINE('',#7678,#7679);
#7678 = CARTESIAN_POINT('',(-1.665334536938E-16,-1.));
#7679 = VECTOR('',#7680,1.);
#7680 = DIRECTION('',(-1.,-2.775557561563E-17));
#7681 = ( GEOMETRIC_REPRESENTATION_CONTEXT(2) 
PARAMETRIC_REPRESENTATION_CONTEXT() REPRESENTATION_CONTEXT('2D SPACE',''
  ) );
#7682 = PCURVE('',#7071,#7683);
#7683 = DEFINITIONAL_REPRESENTATION('',(#7684),#7688);
#7684 = LINE('',#7685,#7686);
#7685 = CARTESIAN_POINT('',(0.,0.));
#7686 = VECTOR('',#7687,1.);
#7687 = DIRECTION('',(1.,-3.400058012915E-16));
#7688 = ( GEOMETRIC_REPRESENTATION_CONTEXT(2) 
PARAMETRIC_REPRESENTATION_CONTEXT() REPRESENTATION_CONTEXT('2D SPACE',''
  ) );
#7689 = ORIENTED_EDGE('',*,*,#7690,.T.);
#7690 = EDGE_CURVE('',#7668,#3499,#7691,.T.);
#7691 = SURFACE_CURVE('',#7692,(#7696,#7703),.PCURVE_S1.);
#7692 = LINE('',#7693,#7694);
#7693 = CARTESIAN_POINT('',(15.857520045915,40.194041949799,59.2));
#7694 = VECTOR('',#7695,1.);
#7695 = DIRECTION('',(-5.947623346206E-16,-1.110223024625E-16,-1.));
#7696 = PCURVE('',#3542,#7697);
#7697 = DEFINITIONAL_REPRESENTATION('',(#7698),#7702);
#7698 = LINE('',#7699,#7700);
#7699 = CARTESIAN_POINT('',(-0.515902684074,3.17801340799E-15));
#7700 = VECTOR('',#7701,1.);
#7701 = DIRECTION('',(-2.775557561563E-17,-1.));
#7702 = ( GEOMETRIC_REPRESENTATION_CONTEXT(2) 
PARAMETRIC_REPRESENTATION_CONTEXT() REPRESENTATION_CONTEXT('2D SPACE',''
  ) );
#7703 = PCURVE('',#3514,#7704);
#7704 = DEFINITIONAL_REPRESENTATION('',(#7705),#7709);
#7705 = LINE('',#7706,#7707);
#7706 = CARTESIAN_POINT('',(-0.515902684074,2.22044604925E-16));
#7707 = VECTOR('',#7708,1.);
#7708 = DIRECTION('',(0.,-1.));
#7709 = ( GEOMETRIC_REPRESENTATION_CONTEXT(2) 
PARAMETRIC_REPRESENTATION_CONTEXT() REPRESENTATION_CONTEXT('2D SPACE',''
  ) );
#7710 = ORIENTED_EDGE('',*,*,#3526,.F.);
#7711 = ADVANCED_FACE('',(#7712),#539,.F.);
#7712 = FACE_BOUND('',#7713,.T.);
#7713 = EDGE_LOOP('',(#7714,#7737,#7758,#7759));
#7714 = ORIENTED_EDGE('',*,*,#7715,.F.);
#7715 = EDGE_CURVE('',#7716,#524,#7718,.T.);
#7716 = VERTEX_POINT('',#7717);
#7717 = CARTESIAN_POINT('',(18.084270656464,54.253191989953,58.2));
#7718 = SURFACE_CURVE('',#7719,(#7723,#7730),.PCURVE_S1.);
#7719 = LINE('',#7720,#7721);
#7720 = CARTESIAN_POINT('',(18.084270656464,54.253191989953,59.2));
#7721 = VECTOR('',#7722,1.);
#7722 = DIRECTION('',(-5.947623346206E-16,-1.110223024625E-16,-1.));
#7723 = PCURVE('',#539,#7724);
#7724 = DEFINITIONAL_REPRESENTATION('',(#7725),#7729);
#7725 = LINE('',#7726,#7727);
#7726 = CARTESIAN_POINT('',(-0.515902684074,-2.942091015257E-15));
#7727 = VECTOR('',#7728,1.);
#7728 = DIRECTION('',(5.551115123126E-17,-1.));
#7729 = ( GEOMETRIC_REPRESENTATION_CONTEXT(2) 
PARAMETRIC_REPRESENTATION_CONTEXT() REPRESENTATION_CONTEXT('2D SPACE',''
  ) );
#7730 = PCURVE('',#567,#7731);
#7731 = DEFINITIONAL_REPRESENTATION('',(#7732),#7736);
#7732 = LINE('',#7733,#7734);
#7733 = CARTESIAN_POINT('',(-0.515902684074,-2.053912595557E-15));
#7734 = VECTOR('',#7735,1.);
#7735 = DIRECTION('',(0.,-1.));
#7736 = ( GEOMETRIC_REPRESENTATION_CONTEXT(2) 
PARAMETRIC_REPRESENTATION_CONTEXT() REPRESENTATION_CONTEXT('2D SPACE',''
  ) );
#7737 = ORIENTED_EDGE('',*,*,#7738,.T.);
#7738 = EDGE_CURVE('',#7716,#7617,#7739,.T.);
#7739 = SURFACE_CURVE('',#7740,(#7744,#7751),.PCURVE_S1.);
#7740 = LINE('',#7741,#7742);
#7741 = CARTESIAN_POINT('',(18.919018734183,53.646712011319,58.2));
#7742 = VECTOR('',#7743,1.);
#7743 = DIRECTION('',(0.809016994375,-0.587785252292,-4.996003610813E-16
    ));
#7744 = PCURVE('',#539,#7745);
#7745 = DEFINITIONAL_REPRESENTATION('',(#7746),#7750);
#7746 = LINE('',#7747,#7748);
#7747 = CARTESIAN_POINT('',(0.515902684074,-1.));
#7748 = VECTOR('',#7749,1.);
#7749 = DIRECTION('',(1.,-5.551115123126E-17));
#7750 = ( GEOMETRIC_REPRESENTATION_CONTEXT(2) 
PARAMETRIC_REPRESENTATION_CONTEXT() REPRESENTATION_CONTEXT('2D SPACE',''
  ) );
#7751 = PCURVE('',#4068,#7752);
#7752 = DEFINITIONAL_REPRESENTATION('',(#7753),#7757);
#7753 = LINE('',#7754,#7755);
#7754 = CARTESIAN_POINT('',(13.110330255582,1.414213562373));
#7755 = VECTOR('',#7756,1.);
#7756 = DIRECTION('',(1.,-5.551115123126E-16));
#7757 = ( GEOMETRIC_REPRESENTATION_CONTEXT(2) 
PARAMETRIC_REPRESENTATION_CONTEXT() REPRESENTATION_CONTEXT('2D SPACE',''
  ) );
#7758 = ORIENTED_EDGE('',*,*,#7616,.T.);
#7759 = ORIENTED_EDGE('',*,*,#523,.T.);
#7760 = ADVANCED_FACE('',(#7761),#3514,.F.);
#7761 = FACE_BOUND('',#7762,.T.);
#7762 = EDGE_LOOP('',(#7763,#7764,#7787,#7808));
#7763 = ORIENTED_EDGE('',*,*,#7690,.F.);
#7764 = ORIENTED_EDGE('',*,*,#7765,.T.);
#7765 = EDGE_CURVE('',#7668,#7766,#7768,.T.);
#7766 = VERTEX_POINT('',#7767);
#7767 = CARTESIAN_POINT('',(16.018929966707,39.174939817915,58.2));
#7768 = SURFACE_CURVE('',#7769,(#7773,#7780),.PCURVE_S1.);
#7769 = LINE('',#7770,#7771);
#7770 = CARTESIAN_POINT('',(16.018929966707,39.174939817915,58.2));
#7771 = VECTOR('',#7772,1.);
#7772 = DIRECTION('',(0.15643446504,-0.987688340595,5.551115123126E-17)
  );
#7773 = PCURVE('',#3514,#7774);
#7774 = DEFINITIONAL_REPRESENTATION('',(#7775),#7779);
#7775 = LINE('',#7776,#7777);
#7776 = CARTESIAN_POINT('',(0.515902684074,-1.));
#7777 = VECTOR('',#7778,1.);
#7778 = DIRECTION('',(1.,0.));
#7779 = ( GEOMETRIC_REPRESENTATION_CONTEXT(2) 
PARAMETRIC_REPRESENTATION_CONTEXT() REPRESENTATION_CONTEXT('2D SPACE',''
  ) );
#7780 = PCURVE('',#7043,#7781);
#7781 = DEFINITIONAL_REPRESENTATION('',(#7782),#7786);
#7782 = LINE('',#7783,#7784);
#7783 = CARTESIAN_POINT('',(13.110330255582,1.414213562373));
#7784 = VECTOR('',#7785,1.);
#7785 = DIRECTION('',(1.,-1.665334536938E-16));
#7786 = ( GEOMETRIC_REPRESENTATION_CONTEXT(2) 
PARAMETRIC_REPRESENTATION_CONTEXT() REPRESENTATION_CONTEXT('2D SPACE',''
  ) );
#7787 = ORIENTED_EDGE('',*,*,#7788,.T.);
#7788 = EDGE_CURVE('',#7766,#3470,#7789,.T.);
#7789 = SURFACE_CURVE('',#7790,(#7794,#7801),.PCURVE_S1.);
#7790 = LINE('',#7791,#7792);
#7791 = CARTESIAN_POINT('',(16.018929966707,39.174939817915,59.2));
#7792 = VECTOR('',#7793,1.);
#7793 = DIRECTION('',(-5.947623346206E-16,-1.110223024625E-16,-1.));
#7794 = PCURVE('',#3514,#7795);
#7795 = DEFINITIONAL_REPRESENTATION('',(#7796),#7800);
#7796 = LINE('',#7797,#7798);
#7797 = CARTESIAN_POINT('',(0.515902684074,-8.049116928532E-16));
#7798 = VECTOR('',#7799,1.);
#7799 = DIRECTION('',(0.,-1.));
#7800 = ( GEOMETRIC_REPRESENTATION_CONTEXT(2) 
PARAMETRIC_REPRESENTATION_CONTEXT() REPRESENTATION_CONTEXT('2D SPACE',''
  ) );
#7801 = PCURVE('',#3486,#7802);
#7802 = DEFINITIONAL_REPRESENTATION('',(#7803),#7807);
#7803 = LINE('',#7804,#7805);
#7804 = CARTESIAN_POINT('',(3.732068268334,0.));
#7805 = VECTOR('',#7806,1.);
#7806 = DIRECTION('',(0.,1.));
#7807 = ( GEOMETRIC_REPRESENTATION_CONTEXT(2) 
PARAMETRIC_REPRESENTATION_CONTEXT() REPRESENTATION_CONTEXT('2D SPACE',''
  ) );
#7808 = ORIENTED_EDGE('',*,*,#3498,.T.);
#7809 = ADVANCED_FACE('',(#7810),#567,.T.);
#7810 = FACE_BOUND('',#7811,.T.);
#7811 = EDGE_LOOP('',(#7812,#7835,#7856,#7857));
#7812 = ORIENTED_EDGE('',*,*,#7813,.F.);
#7813 = EDGE_CURVE('',#7814,#552,#7816,.T.);
#7814 = VERTEX_POINT('',#7815);
#7815 = CARTESIAN_POINT('',(18.552700491183,55.172537304666,58.2));
#7816 = SURFACE_CURVE('',#7817,(#7821,#7828),.PCURVE_S1.);
#7817 = LINE('',#7818,#7819);
#7818 = CARTESIAN_POINT('',(18.552700491183,55.172537304666,59.2));
#7819 = VECTOR('',#7820,1.);
#7820 = DIRECTION('',(-5.947623346206E-16,-1.110223024625E-16,-1.));
#7821 = PCURVE('',#567,#7822);
#7822 = DEFINITIONAL_REPRESENTATION('',(#7823),#7827);
#7823 = LINE('',#7824,#7825);
#7824 = CARTESIAN_POINT('',(0.515902684074,-1.026956297778E-15));
#7825 = VECTOR('',#7826,1.);
#7826 = DIRECTION('',(0.,-1.));
#7827 = ( GEOMETRIC_REPRESENTATION_CONTEXT(2) 
PARAMETRIC_REPRESENTATION_CONTEXT() REPRESENTATION_CONTEXT('2D SPACE',''
  ) );
#7828 = PCURVE('',#596,#7829);
#7829 = DEFINITIONAL_REPRESENTATION('',(#7830),#7834);
#7830 = LINE('',#7831,#7832);
#7831 = CARTESIAN_POINT('',(2.865276304204,0.));
#7832 = VECTOR('',#7833,1.);
#7833 = DIRECTION('',(0.,1.));
#7834 = ( GEOMETRIC_REPRESENTATION_CONTEXT(2) 
PARAMETRIC_REPRESENTATION_CONTEXT() REPRESENTATION_CONTEXT('2D SPACE',''
  ) );
#7835 = ORIENTED_EDGE('',*,*,#7836,.T.);
#7836 = EDGE_CURVE('',#7814,#7716,#7837,.T.);
#7837 = SURFACE_CURVE('',#7838,(#7842,#7849),.PCURVE_S1.);
#7838 = LINE('',#7839,#7840);
#7839 = CARTESIAN_POINT('',(18.318485573823,54.712864647309,58.2));
#7840 = VECTOR('',#7841,1.);
#7841 = DIRECTION('',(-0.45399049974,-0.891006524188,3.885780586188E-16)
  );
#7842 = PCURVE('',#567,#7843);
#7843 = DEFINITIONAL_REPRESENTATION('',(#7844),#7848);
#7844 = LINE('',#7845,#7846);
#7845 = CARTESIAN_POINT('',(-5.551115123126E-16,-1.));
#7846 = VECTOR('',#7847,1.);
#7847 = DIRECTION('',(-1.,-5.551115123126E-17));
#7848 = ( GEOMETRIC_REPRESENTATION_CONTEXT(2) 
PARAMETRIC_REPRESENTATION_CONTEXT() REPRESENTATION_CONTEXT('2D SPACE',''
  ) );
#7849 = PCURVE('',#4096,#7850);
#7850 = DEFINITIONAL_REPRESENTATION('',(#7851),#7855);
#7851 = LINE('',#7852,#7853);
#7852 = CARTESIAN_POINT('',(0.,0.));
#7853 = VECTOR('',#7854,1.);
#7854 = DIRECTION('',(1.,-3.330669073875E-16));
#7855 = ( GEOMETRIC_REPRESENTATION_CONTEXT(2) 
PARAMETRIC_REPRESENTATION_CONTEXT() REPRESENTATION_CONTEXT('2D SPACE',''
  ) );
#7856 = ORIENTED_EDGE('',*,*,#7715,.T.);
#7857 = ORIENTED_EDGE('',*,*,#551,.F.);
#7858 = ADVANCED_FACE('',(#7859),#3486,.T.);
#7859 = FACE_BOUND('',#7860,.T.);
#7860 = EDGE_LOOP('',(#7861,#7862,#7886,#7907));
#7861 = ORIENTED_EDGE('',*,*,#7788,.F.);
#7862 = ORIENTED_EDGE('',*,*,#7863,.F.);
#7863 = EDGE_CURVE('',#7864,#7766,#7866,.T.);
#7864 = VERTEX_POINT('',#7865);
#7865 = CARTESIAN_POINT('',(15.161237755615,37.994427765239,58.2));
#7866 = SURFACE_CURVE('',#7867,(#7872,#7879),.PCURVE_S1.);
#7867 = CIRCLE('',#7868,19.284210105952);
#7868 = AXIS2_PLACEMENT_3D('',#7869,#7870,#7871);
#7869 = CARTESIAN_POINT('',(-1.367794766338E-12,49.911542731881,58.2));
#7870 = DIRECTION('',(5.947623346206E-16,1.110223024625E-16,1.));
#7871 = DIRECTION('',(1.,-9.42935300772E-31,-5.947623346206E-16));
#7872 = PCURVE('',#3486,#7873);
#7873 = DEFINITIONAL_REPRESENTATION('',(#7874),#7878);
#7874 = LINE('',#7875,#7876);
#7875 = CARTESIAN_POINT('',(9.424777960769,1.));
#7876 = VECTOR('',#7877,1.);
#7877 = DIRECTION('',(-1.,0.));
#7878 = ( GEOMETRIC_REPRESENTATION_CONTEXT(2) 
PARAMETRIC_REPRESENTATION_CONTEXT() REPRESENTATION_CONTEXT('2D SPACE',''
  ) );
#7879 = PCURVE('',#7015,#7880);
#7880 = DEFINITIONAL_REPRESENTATION('',(#7881),#7885);
#7881 = LINE('',#7882,#7883);
#7882 = CARTESIAN_POINT('',(9.424777960769,1.));
#7883 = VECTOR('',#7884,1.);
#7884 = DIRECTION('',(-1.,2.489383946701E-14));
#7885 = ( GEOMETRIC_REPRESENTATION_CONTEXT(2) 
PARAMETRIC_REPRESENTATION_CONTEXT() REPRESENTATION_CONTEXT('2D SPACE',''
  ) );
#7886 = ORIENTED_EDGE('',*,*,#7887,.T.);
#7887 = EDGE_CURVE('',#7864,#3442,#7888,.T.);
#7888 = SURFACE_CURVE('',#7889,(#7893,#7900),.PCURVE_S1.);
#7889 = LINE('',#7890,#7891);
#7890 = CARTESIAN_POINT('',(15.161237755615,37.994427765239,59.2));
#7891 = VECTOR('',#7892,1.);
#7892 = DIRECTION('',(-5.947623346206E-16,-1.110223024625E-16,-1.));
#7893 = PCURVE('',#3486,#7894);
#7894 = DEFINITIONAL_REPRESENTATION('',(#7895),#7899);
#7895 = LINE('',#7896,#7897);
#7896 = CARTESIAN_POINT('',(3.807754100281,0.));
#7897 = VECTOR('',#7898,1.);
#7898 = DIRECTION('',(0.,1.));
#7899 = ( GEOMETRIC_REPRESENTATION_CONTEXT(2) 
PARAMETRIC_REPRESENTATION_CONTEXT() REPRESENTATION_CONTEXT('2D SPACE',''
  ) );
#7900 = PCURVE('',#3457,#7901);
#7901 = DEFINITIONAL_REPRESENTATION('',(#7902),#7906);
#7902 = LINE('',#7903,#7904);
#7903 = CARTESIAN_POINT('',(0.515902684074,5.828670879282E-16));
#7904 = VECTOR('',#7905,1.);
#7905 = DIRECTION('',(0.,-1.));
#7906 = ( GEOMETRIC_REPRESENTATION_CONTEXT(2) 
PARAMETRIC_REPRESENTATION_CONTEXT() REPRESENTATION_CONTEXT('2D SPACE',''
  ) );
#7907 = ORIENTED_EDGE('',*,*,#3469,.T.);
#7908 = ADVANCED_FACE('',(#7909),#596,.T.);
#7909 = FACE_BOUND('',#7910,.T.);
#7910 = EDGE_LOOP('',(#7911,#7934,#7956,#7957));
#7911 = ORIENTED_EDGE('',*,*,#7912,.F.);
#7912 = EDGE_CURVE('',#7913,#580,#7915,.T.);
#7913 = VERTEX_POINT('',#7914);
#7914 = CARTESIAN_POINT('',(18.10178501119,56.560312454099,58.2));
#7915 = SURFACE_CURVE('',#7916,(#7920,#7927),.PCURVE_S1.);
#7916 = LINE('',#7917,#7918);
#7917 = CARTESIAN_POINT('',(18.10178501119,56.560312454099,59.2));
#7918 = VECTOR('',#7919,1.);
#7919 = DIRECTION('',(-5.947623346206E-16,-1.110223024625E-16,-1.));
#7920 = PCURVE('',#596,#7921);
#7921 = DEFINITIONAL_REPRESENTATION('',(#7922),#7926);
#7922 = LINE('',#7923,#7924);
#7923 = CARTESIAN_POINT('',(2.789590472257,0.));
#7924 = VECTOR('',#7925,1.);
#7925 = DIRECTION('',(0.,1.));
#7926 = ( GEOMETRIC_REPRESENTATION_CONTEXT(2) 
PARAMETRIC_REPRESENTATION_CONTEXT() REPRESENTATION_CONTEXT('2D SPACE',''
  ) );
#7927 = PCURVE('',#624,#7928);
#7928 = DEFINITIONAL_REPRESENTATION('',(#7929),#7933);
#7929 = LINE('',#7930,#7931);
#7930 = CARTESIAN_POINT('',(0.515902684074,-5.953570969552E-15));
#7931 = VECTOR('',#7932,1.);
#7932 = DIRECTION('',(0.,-1.));
#7933 = ( GEOMETRIC_REPRESENTATION_CONTEXT(2) 
PARAMETRIC_REPRESENTATION_CONTEXT() REPRESENTATION_CONTEXT('2D SPACE',''
  ) );
#7934 = ORIENTED_EDGE('',*,*,#7935,.F.);
#7935 = EDGE_CURVE('',#7814,#7913,#7936,.T.);
#7936 = SURFACE_CURVE('',#7937,(#7942,#7949),.PCURVE_S1.);
#7937 = CIRCLE('',#7938,19.284210105952);
#7938 = AXIS2_PLACEMENT_3D('',#7939,#7940,#7941);
#7939 = CARTESIAN_POINT('',(-2.114752817306E-12,49.91154273188,58.2));
#7940 = DIRECTION('',(5.947623346206E-16,1.110223024625E-16,1.));
#7941 = DIRECTION('',(1.,-9.42935300772E-31,-5.947623346206E-16));
#7942 = PCURVE('',#596,#7943);
#7943 = DEFINITIONAL_REPRESENTATION('',(#7944),#7948);
#7944 = LINE('',#7945,#7946);
#7945 = CARTESIAN_POINT('',(3.14159265359,1.));
#7946 = VECTOR('',#7947,1.);
#7947 = DIRECTION('',(-1.,0.));
#7948 = ( GEOMETRIC_REPRESENTATION_CONTEXT(2) 
PARAMETRIC_REPRESENTATION_CONTEXT() REPRESENTATION_CONTEXT('2D SPACE',''
  ) );
#7949 = PCURVE('',#4125,#7950);
#7950 = DEFINITIONAL_REPRESENTATION('',(#7951),#7955);
#7951 = LINE('',#7952,#7953);
#7952 = CARTESIAN_POINT('',(3.14159265359,1.));
#7953 = VECTOR('',#7954,1.);
#7954 = DIRECTION('',(-1.,0.));
#7955 = ( GEOMETRIC_REPRESENTATION_CONTEXT(2) 
PARAMETRIC_REPRESENTATION_CONTEXT() REPRESENTATION_CONTEXT('2D SPACE',''
  ) );
#7956 = ORIENTED_EDGE('',*,*,#7813,.T.);
#7957 = ORIENTED_EDGE('',*,*,#579,.T.);
#7958 = ADVANCED_FACE('',(#7959),#3457,.T.);
#7959 = FACE_BOUND('',#7960,.T.);
#7960 = EDGE_LOOP('',(#7961,#7962,#7985,#8006));
#7961 = ORIENTED_EDGE('',*,*,#7887,.F.);
#7962 = ORIENTED_EDGE('',*,*,#7963,.T.);
#7963 = EDGE_CURVE('',#7864,#7964,#7966,.T.);
#7964 = VERTEX_POINT('',#7965);
#7965 = CARTESIAN_POINT('',(14.142135623731,37.833017844447,58.2));
#7966 = SURFACE_CURVE('',#7967,(#7971,#7978),.PCURVE_S1.);
#7967 = LINE('',#7968,#7969);
#7968 = CARTESIAN_POINT('',(14.651686689673,37.913722804843,58.2));
#7969 = VECTOR('',#7970,1.);
#7970 = DIRECTION('',(-0.987688340595,-0.15643446504,5.96744875736E-16)
  );
#7971 = PCURVE('',#3457,#7972);
#7972 = DEFINITIONAL_REPRESENTATION('',(#7973),#7977);
#7973 = LINE('',#7974,#7975);
#7974 = CARTESIAN_POINT('',(-2.775557561563E-17,-1.));
#7975 = VECTOR('',#7976,1.);
#7976 = DIRECTION('',(-1.,-1.387778780781E-17));
#7977 = ( GEOMETRIC_REPRESENTATION_CONTEXT(2) 
PARAMETRIC_REPRESENTATION_CONTEXT() REPRESENTATION_CONTEXT('2D SPACE',''
  ) );
#7978 = PCURVE('',#6986,#7979);
#7979 = DEFINITIONAL_REPRESENTATION('',(#7980),#7984);
#7980 = LINE('',#7981,#7982);
#7981 = CARTESIAN_POINT('',(0.,0.));
#7982 = VECTOR('',#7983,1.);
#7983 = DIRECTION('',(1.,-1.734723475977E-16));
#7984 = ( GEOMETRIC_REPRESENTATION_CONTEXT(2) 
PARAMETRIC_REPRESENTATION_CONTEXT() REPRESENTATION_CONTEXT('2D SPACE',''
  ) );
#7985 = ORIENTED_EDGE('',*,*,#7986,.T.);
#7986 = EDGE_CURVE('',#7964,#3414,#7987,.T.);
#7987 = SURFACE_CURVE('',#7988,(#7992,#7999),.PCURVE_S1.);
#7988 = LINE('',#7989,#7990);
#7989 = CARTESIAN_POINT('',(14.142135623731,37.833017844447,59.2));
#7990 = VECTOR('',#7991,1.);
#7991 = DIRECTION('',(-5.947623346206E-16,-1.110223024625E-16,-1.));
#7992 = PCURVE('',#3457,#7993);
#7993 = DEFINITIONAL_REPRESENTATION('',(#7994),#7998);
#7994 = LINE('',#7995,#7996);
#7995 = CARTESIAN_POINT('',(-0.515902684074,-1.408595462493E-15));
#7996 = VECTOR('',#7997,1.);
#7997 = DIRECTION('',(0.,-1.));
#7998 = ( GEOMETRIC_REPRESENTATION_CONTEXT(2) 
PARAMETRIC_REPRESENTATION_CONTEXT() REPRESENTATION_CONTEXT('2D SPACE',''
  ) );
#7999 = PCURVE('',#3429,#8000);
#8000 = DEFINITIONAL_REPRESENTATION('',(#8001),#8005);
#8001 = LINE('',#8002,#8003);
#8002 = CARTESIAN_POINT('',(-3.885780586188E-16,0.515902684074));
#8003 = VECTOR('',#8004,1.);
#8004 = DIRECTION('',(-1.,0.));
#8005 = ( GEOMETRIC_REPRESENTATION_CONTEXT(2) 
PARAMETRIC_REPRESENTATION_CONTEXT() REPRESENTATION_CONTEXT('2D SPACE',''
  ) );
#8006 = ORIENTED_EDGE('',*,*,#3441,.F.);
#8007 = ADVANCED_FACE('',(#8008),#624,.F.);
#8008 = FACE_BOUND('',#8009,.T.);
#8009 = EDGE_LOOP('',(#8010,#8033,#8054,#8055));
#8010 = ORIENTED_EDGE('',*,*,#8011,.F.);
#8011 = EDGE_CURVE('',#8012,#609,#8014,.T.);
#8012 = VERTEX_POINT('',#8013);
#8013 = CARTESIAN_POINT('',(17.182439696477,57.028742288819,58.2));
#8014 = SURFACE_CURVE('',#8015,(#8019,#8026),.PCURVE_S1.);
#8015 = LINE('',#8016,#8017);
#8016 = CARTESIAN_POINT('',(17.182439696477,57.028742288819,59.2));
#8017 = VECTOR('',#8018,1.);
#8018 = DIRECTION('',(-5.947623346206E-16,-1.110223024625E-16,-1.));
#8019 = PCURVE('',#624,#8020);
#8020 = DEFINITIONAL_REPRESENTATION('',(#8021),#8025);
#8021 = LINE('',#8022,#8023);
#8022 = CARTESIAN_POINT('',(-0.515902684074,-5.301314942585E-15));
#8023 = VECTOR('',#8024,1.);
#8024 = DIRECTION('',(0.,-1.));
#8025 = ( GEOMETRIC_REPRESENTATION_CONTEXT(2) 
PARAMETRIC_REPRESENTATION_CONTEXT() REPRESENTATION_CONTEXT('2D SPACE',''
  ) );
#8026 = PCURVE('',#652,#8027);
#8027 = DEFINITIONAL_REPRESENTATION('',(#8028),#8032);
#8028 = LINE('',#8029,#8030);
#8029 = CARTESIAN_POINT('',(-0.515902684074,-5.551115123126E-17));
#8030 = VECTOR('',#8031,1.);
#8031 = DIRECTION('',(5.551115123126E-17,-1.));
#8032 = ( GEOMETRIC_REPRESENTATION_CONTEXT(2) 
PARAMETRIC_REPRESENTATION_CONTEXT() REPRESENTATION_CONTEXT('2D SPACE',''
  ) );
#8033 = ORIENTED_EDGE('',*,*,#8034,.T.);
#8034 = EDGE_CURVE('',#8012,#7913,#8035,.T.);
#8035 = SURFACE_CURVE('',#8036,(#8040,#8047),.PCURVE_S1.);
#8036 = LINE('',#8037,#8038);
#8037 = CARTESIAN_POINT('',(18.10178501119,56.560312454099,58.2));
#8038 = VECTOR('',#8039,1.);
#8039 = DIRECTION('',(0.891006524188,-0.45399049974,-4.996003610813E-16)
  );
#8040 = PCURVE('',#624,#8041);
#8041 = DEFINITIONAL_REPRESENTATION('',(#8042),#8046);
#8042 = LINE('',#8043,#8044);
#8043 = CARTESIAN_POINT('',(0.515902684074,-1.));
#8044 = VECTOR('',#8045,1.);
#8045 = DIRECTION('',(1.,2.775557561563E-17));
#8046 = ( GEOMETRIC_REPRESENTATION_CONTEXT(2) 
PARAMETRIC_REPRESENTATION_CONTEXT() REPRESENTATION_CONTEXT('2D SPACE',''
  ) );
#8047 = PCURVE('',#4153,#8048);
#8048 = DEFINITIONAL_REPRESENTATION('',(#8049),#8053);
#8049 = LINE('',#8050,#8051);
#8050 = CARTESIAN_POINT('',(13.110330255582,1.414213562373));
#8051 = VECTOR('',#8052,1.);
#8052 = DIRECTION('',(1.,-4.718447854657E-16));
#8053 = ( GEOMETRIC_REPRESENTATION_CONTEXT(2) 
PARAMETRIC_REPRESENTATION_CONTEXT() REPRESENTATION_CONTEXT('2D SPACE',''
  ) );
#8054 = ORIENTED_EDGE('',*,*,#7912,.T.);
#8055 = ORIENTED_EDGE('',*,*,#608,.T.);
#8056 = ADVANCED_FACE('',(#8057),#3429,.F.);
#8057 = FACE_BOUND('',#8058,.T.);
#8058 = EDGE_LOOP('',(#8059,#8060,#8083,#8104));
#8059 = ORIENTED_EDGE('',*,*,#7986,.F.);
#8060 = ORIENTED_EDGE('',*,*,#8061,.T.);
#8061 = EDGE_CURVE('',#7964,#8062,#8064,.T.);
#8062 = VERTEX_POINT('',#8063);
#8063 = CARTESIAN_POINT('',(14.142135623731,36.801212476298,58.2));
#8064 = SURFACE_CURVE('',#8065,(#8069,#8076),.PCURVE_S1.);
#8065 = LINE('',#8066,#8067);
#8066 = CARTESIAN_POINT('',(14.142135623731,36.801212476298,58.2));
#8067 = VECTOR('',#8068,1.);
#8068 = DIRECTION('',(-6.902532920684E-31,-1.,1.110223024625E-16));
#8069 = PCURVE('',#3429,#8070);
#8070 = DEFINITIONAL_REPRESENTATION('',(#8071),#8075);
#8071 = LINE('',#8072,#8073);
#8072 = CARTESIAN_POINT('',(-1.,-0.515902684074));
#8073 = VECTOR('',#8074,1.);
#8074 = DIRECTION('',(0.,-1.));
#8075 = ( GEOMETRIC_REPRESENTATION_CONTEXT(2) 
PARAMETRIC_REPRESENTATION_CONTEXT() REPRESENTATION_CONTEXT('2D SPACE',''
  ) );
#8076 = PCURVE('',#6958,#8077);
#8077 = DEFINITIONAL_REPRESENTATION('',(#8078),#8082);
#8078 = LINE('',#8079,#8080);
#8079 = CARTESIAN_POINT('',(13.110330255582,1.414213562373));
#8080 = VECTOR('',#8081,1.);
#8081 = DIRECTION('',(1.,5.551115123126E-17));
#8082 = ( GEOMETRIC_REPRESENTATION_CONTEXT(2) 
PARAMETRIC_REPRESENTATION_CONTEXT() REPRESENTATION_CONTEXT('2D SPACE',''
  ) );
#8083 = ORIENTED_EDGE('',*,*,#8084,.T.);
#8084 = EDGE_CURVE('',#8062,#3385,#8085,.T.);
#8085 = SURFACE_CURVE('',#8086,(#8090,#8097),.PCURVE_S1.);
#8086 = LINE('',#8087,#8088);
#8087 = CARTESIAN_POINT('',(14.142135623731,36.801212476298,59.2));
#8088 = VECTOR('',#8089,1.);
#8089 = DIRECTION('',(-5.947623346206E-16,-1.110223024625E-16,-1.));
#8090 = PCURVE('',#3429,#8091);
#8091 = DEFINITIONAL_REPRESENTATION('',(#8092),#8096);
#8092 = LINE('',#8093,#8094);
#8093 = CARTESIAN_POINT('',(-1.137978600241E-15,-0.515902684074));
#8094 = VECTOR('',#8095,1.);
#8095 = DIRECTION('',(-1.,0.));
#8096 = ( GEOMETRIC_REPRESENTATION_CONTEXT(2) 
PARAMETRIC_REPRESENTATION_CONTEXT() REPRESENTATION_CONTEXT('2D SPACE',''
  ) );
#8097 = PCURVE('',#3401,#8098);
#8098 = DEFINITIONAL_REPRESENTATION('',(#8099),#8103);
#8099 = LINE('',#8100,#8101);
#8100 = CARTESIAN_POINT('',(3.889147901014,0.));
#8101 = VECTOR('',#8102,1.);
#8102 = DIRECTION('',(0.,1.));
#8103 = ( GEOMETRIC_REPRESENTATION_CONTEXT(2) 
PARAMETRIC_REPRESENTATION_CONTEXT() REPRESENTATION_CONTEXT('2D SPACE',''
  ) );
#8104 = ORIENTED_EDGE('',*,*,#3413,.T.);
#8105 = ADVANCED_FACE('',(#8106),#652,.T.);
#8106 = FACE_BOUND('',#8107,.T.);
#8107 = EDGE_LOOP('',(#8108,#8131,#8152,#8153));
#8108 = ORIENTED_EDGE('',*,*,#8109,.F.);
#8109 = EDGE_CURVE('',#8110,#637,#8112,.T.);
#8110 = VERTEX_POINT('',#8111);
#8111 = CARTESIAN_POINT('',(17.501285090122,58.010047507745,58.2));
#8112 = SURFACE_CURVE('',#8113,(#8117,#8124),.PCURVE_S1.);
#8113 = LINE('',#8114,#8115);
#8114 = CARTESIAN_POINT('',(17.501285090122,58.010047507745,59.2));
#8115 = VECTOR('',#8116,1.);
#8116 = DIRECTION('',(-5.947623346206E-16,-1.110223024625E-16,-1.));
#8117 = PCURVE('',#652,#8118);
#8118 = DEFINITIONAL_REPRESENTATION('',(#8119),#8123);
#8119 = LINE('',#8120,#8121);
#8120 = CARTESIAN_POINT('',(0.515902684074,-2.331468351713E-15));
#8121 = VECTOR('',#8122,1.);
#8122 = DIRECTION('',(5.551115123126E-17,-1.));
#8123 = ( GEOMETRIC_REPRESENTATION_CONTEXT(2) 
PARAMETRIC_REPRESENTATION_CONTEXT() REPRESENTATION_CONTEXT('2D SPACE',''
  ) );
#8124 = PCURVE('',#681,#8125);
#8125 = DEFINITIONAL_REPRESENTATION('',(#8126),#8130);
#8126 = LINE('',#8127,#8128);
#8127 = CARTESIAN_POINT('',(2.708196671525,0.));
#8128 = VECTOR('',#8129,1.);
#8129 = DIRECTION('',(0.,1.));
#8130 = ( GEOMETRIC_REPRESENTATION_CONTEXT(2) 
PARAMETRIC_REPRESENTATION_CONTEXT() REPRESENTATION_CONTEXT('2D SPACE',''
  ) );
#8131 = ORIENTED_EDGE('',*,*,#8132,.T.);
#8132 = EDGE_CURVE('',#8110,#8012,#8133,.T.);
#8133 = SURFACE_CURVE('',#8134,(#8138,#8145),.PCURVE_S1.);
#8134 = LINE('',#8135,#8136);
#8135 = CARTESIAN_POINT('',(17.3418623933,57.519394898282,58.2));
#8136 = VECTOR('',#8137,1.);
#8137 = DIRECTION('',(-0.309016994375,-0.951056516295,3.330669073875E-16
    ));
#8138 = PCURVE('',#652,#8139);
#8139 = DEFINITIONAL_REPRESENTATION('',(#8140),#8144);
#8140 = LINE('',#8141,#8142);
#8141 = CARTESIAN_POINT('',(-6.106226635438E-16,-1.));
#8142 = VECTOR('',#8143,1.);
#8143 = DIRECTION('',(-1.,5.551115123126E-17));
#8144 = ( GEOMETRIC_REPRESENTATION_CONTEXT(2) 
PARAMETRIC_REPRESENTATION_CONTEXT() REPRESENTATION_CONTEXT('2D SPACE',''
  ) );
#8145 = PCURVE('',#4181,#8146);
#8146 = DEFINITIONAL_REPRESENTATION('',(#8147),#8151);
#8147 = LINE('',#8148,#8149);
#8148 = CARTESIAN_POINT('',(0.,0.));
#8149 = VECTOR('',#8150,1.);
#8150 = DIRECTION('',(1.,-4.163336342344E-16));
#8151 = ( GEOMETRIC_REPRESENTATION_CONTEXT(2) 
PARAMETRIC_REPRESENTATION_CONTEXT() REPRESENTATION_CONTEXT('2D SPACE',''
  ) );
#8152 = ORIENTED_EDGE('',*,*,#8011,.T.);
#8153 = ORIENTED_EDGE('',*,*,#636,.F.);
#8154 = ADVANCED_FACE('',(#8155),#3401,.T.);
#8155 = FACE_BOUND('',#8156,.T.);
#8156 = EDGE_LOOP('',(#8157,#8158,#8182,#8203));
#8157 = ORIENTED_EDGE('',*,*,#8084,.F.);
#8158 = ORIENTED_EDGE('',*,*,#8159,.F.);
#8159 = EDGE_CURVE('',#8160,#8062,#8162,.T.);
#8160 = VERTEX_POINT('',#8161);
#8161 = CARTESIAN_POINT('',(13.110330255582,35.769407108149,58.2));
#8162 = SURFACE_CURVE('',#8163,(#8168,#8175),.PCURVE_S1.);
#8163 = CIRCLE('',#8164,19.284210105953);
#8164 = AXIS2_PLACEMENT_3D('',#8165,#8166,#8167);
#8165 = CARTESIAN_POINT('',(-2.238209617644E-12,49.911542731882,58.2));
#8166 = DIRECTION('',(5.947623346206E-16,1.110223024625E-16,1.));
#8167 = DIRECTION('',(1.,-9.42935300772E-31,-5.947623346206E-16));
#8168 = PCURVE('',#3401,#8169);
#8169 = DEFINITIONAL_REPRESENTATION('',(#8170),#8174);
#8170 = LINE('',#8171,#8172);
#8171 = CARTESIAN_POINT('',(9.424777960769,1.));
#8172 = VECTOR('',#8173,1.);
#8173 = DIRECTION('',(-1.,0.));
#8174 = ( GEOMETRIC_REPRESENTATION_CONTEXT(2) 
PARAMETRIC_REPRESENTATION_CONTEXT() REPRESENTATION_CONTEXT('2D SPACE',''
  ) );
#8175 = PCURVE('',#6930,#8176);
#8176 = DEFINITIONAL_REPRESENTATION('',(#8177),#8181);
#8177 = LINE('',#8178,#8179);
#8178 = CARTESIAN_POINT('',(9.424777960769,1.));
#8179 = VECTOR('',#8180,1.);
#8180 = DIRECTION('',(-1.,0.));
#8181 = ( GEOMETRIC_REPRESENTATION_CONTEXT(2) 
PARAMETRIC_REPRESENTATION_CONTEXT() REPRESENTATION_CONTEXT('2D SPACE',''
  ) );
#8182 = ORIENTED_EDGE('',*,*,#8183,.T.);
#8183 = EDGE_CURVE('',#8160,#3357,#8184,.T.);
#8184 = SURFACE_CURVE('',#8185,(#8189,#8196),.PCURVE_S1.);
#8185 = LINE('',#8186,#8187);
#8186 = CARTESIAN_POINT('',(13.110330255582,35.769407108149,59.2));
#8187 = VECTOR('',#8188,1.);
#8188 = DIRECTION('',(-5.947623346206E-16,-1.110223024625E-16,-1.));
#8189 = PCURVE('',#3401,#8190);
#8190 = DEFINITIONAL_REPRESENTATION('',(#8191),#8195);
#8191 = LINE('',#8192,#8193);
#8192 = CARTESIAN_POINT('',(3.964833732961,0.));
#8193 = VECTOR('',#8194,1.);
#8194 = DIRECTION('',(0.,1.));
#8195 = ( GEOMETRIC_REPRESENTATION_CONTEXT(2) 
PARAMETRIC_REPRESENTATION_CONTEXT() REPRESENTATION_CONTEXT('2D SPACE',''
  ) );
#8196 = PCURVE('',#3372,#8197);
#8197 = DEFINITIONAL_REPRESENTATION('',(#8198),#8202);
#8198 = LINE('',#8199,#8200);
#8199 = CARTESIAN_POINT('',(-4.110869608137E-17,0.515902684074));
#8200 = VECTOR('',#8201,1.);
#8201 = DIRECTION('',(1.,6.162975822039E-32));
#8202 = ( GEOMETRIC_REPRESENTATION_CONTEXT(2) 
PARAMETRIC_REPRESENTATION_CONTEXT() REPRESENTATION_CONTEXT('2D SPACE',''
  ) );
#8203 = ORIENTED_EDGE('',*,*,#3384,.T.);
#8204 = ADVANCED_FACE('',(#8205),#681,.T.);
#8205 = FACE_BOUND('',#8206,.T.);
#8206 = EDGE_LOOP('',(#8207,#8230,#8252,#8253));
#8207 = ORIENTED_EDGE('',*,*,#8208,.F.);
#8208 = EDGE_CURVE('',#8209,#665,#8211,.T.);
#8209 = VERTEX_POINT('',#8210);
#8210 = CARTESIAN_POINT('',(16.838825264841,59.310198120316,58.2));
#8211 = SURFACE_CURVE('',#8212,(#8216,#8223),.PCURVE_S1.);
#8212 = LINE('',#8213,#8214);
#8213 = CARTESIAN_POINT('',(16.838825264841,59.310198120316,59.2));
#8214 = VECTOR('',#8215,1.);
#8215 = DIRECTION('',(-5.947623346206E-16,-1.110223024625E-16,-1.));
#8216 = PCURVE('',#681,#8217);
#8217 = DEFINITIONAL_REPRESENTATION('',(#8218),#8222);
#8218 = LINE('',#8219,#8220);
#8219 = CARTESIAN_POINT('',(2.632510839578,0.));
#8220 = VECTOR('',#8221,1.);
#8221 = DIRECTION('',(0.,1.));
#8222 = ( GEOMETRIC_REPRESENTATION_CONTEXT(2) 
PARAMETRIC_REPRESENTATION_CONTEXT() REPRESENTATION_CONTEXT('2D SPACE',''
  ) );
#8223 = PCURVE('',#709,#8224);
#8224 = DEFINITIONAL_REPRESENTATION('',(#8225),#8229);
#8225 = LINE('',#8226,#8227);
#8226 = CARTESIAN_POINT('',(0.515902684074,-5.828670879282E-16));
#8227 = VECTOR('',#8228,1.);
#8228 = DIRECTION('',(0.,-1.));
#8229 = ( GEOMETRIC_REPRESENTATION_CONTEXT(2) 
PARAMETRIC_REPRESENTATION_CONTEXT() REPRESENTATION_CONTEXT('2D SPACE',''
  ) );
#8230 = ORIENTED_EDGE('',*,*,#8231,.F.);
#8231 = EDGE_CURVE('',#8110,#8209,#8232,.T.);
#8232 = SURFACE_CURVE('',#8233,(#8238,#8245),.PCURVE_S1.);
#8233 = CIRCLE('',#8234,19.284210105953);
#8234 = AXIS2_PLACEMENT_3D('',#8235,#8236,#8237);
#8235 = CARTESIAN_POINT('',(-2.286171252308E-12,49.911542731879,58.2));
#8236 = DIRECTION('',(5.947623346206E-16,1.110223024625E-16,1.));
#8237 = DIRECTION('',(1.,-9.42935300772E-31,-5.947623346206E-16));
#8238 = PCURVE('',#681,#8239);
#8239 = DEFINITIONAL_REPRESENTATION('',(#8240),#8244);
#8240 = LINE('',#8241,#8242);
#8241 = CARTESIAN_POINT('',(3.14159265359,1.));
#8242 = VECTOR('',#8243,1.);
#8243 = DIRECTION('',(-1.,0.));
#8244 = ( GEOMETRIC_REPRESENTATION_CONTEXT(2) 
PARAMETRIC_REPRESENTATION_CONTEXT() REPRESENTATION_CONTEXT('2D SPACE',''
  ) );
#8245 = PCURVE('',#4210,#8246);
#8246 = DEFINITIONAL_REPRESENTATION('',(#8247),#8251);
#8247 = LINE('',#8248,#8249);
#8248 = CARTESIAN_POINT('',(3.14159265359,1.));
#8249 = VECTOR('',#8250,1.);
#8250 = DIRECTION('',(-1.,-2.489383946701E-14));
#8251 = ( GEOMETRIC_REPRESENTATION_CONTEXT(2) 
PARAMETRIC_REPRESENTATION_CONTEXT() REPRESENTATION_CONTEXT('2D SPACE',''
  ) );
#8252 = ORIENTED_EDGE('',*,*,#8109,.T.);
#8253 = ORIENTED_EDGE('',*,*,#664,.T.);
#8254 = ADVANCED_FACE('',(#8255),#3372,.T.);
#8255 = FACE_BOUND('',#8256,.T.);
#8256 = EDGE_LOOP('',(#8257,#8258,#8281,#8302));
#8257 = ORIENTED_EDGE('',*,*,#8183,.F.);
#8258 = ORIENTED_EDGE('',*,*,#8259,.T.);
#8259 = EDGE_CURVE('',#8160,#8260,#8262,.T.);
#8260 = VERTEX_POINT('',#8261);
#8261 = CARTESIAN_POINT('',(12.078524887433,35.769407108149,58.2));
#8262 = SURFACE_CURVE('',#8263,(#8267,#8274),.PCURVE_S1.);
#8263 = LINE('',#8264,#8265);
#8264 = CARTESIAN_POINT('',(12.594427571508,35.769407108149,58.2));
#8265 = VECTOR('',#8266,1.);
#8266 = DIRECTION('',(-1.,9.42935300772E-31,5.947623346206E-16));
#8267 = PCURVE('',#3372,#8268);
#8268 = DEFINITIONAL_REPRESENTATION('',(#8269),#8273);
#8269 = LINE('',#8270,#8271);
#8270 = CARTESIAN_POINT('',(1.,7.968304362502E-17));
#8271 = VECTOR('',#8272,1.);
#8272 = DIRECTION('',(-7.395570986447E-32,-1.));
#8273 = ( GEOMETRIC_REPRESENTATION_CONTEXT(2) 
PARAMETRIC_REPRESENTATION_CONTEXT() REPRESENTATION_CONTEXT('2D SPACE',''
  ) );
#8274 = PCURVE('',#6901,#8275);
#8275 = DEFINITIONAL_REPRESENTATION('',(#8276),#8280);
#8276 = LINE('',#8277,#8278);
#8277 = CARTESIAN_POINT('',(0.,0.));
#8278 = VECTOR('',#8279,1.);
#8279 = DIRECTION('',(1.,1.54074395551E-31));
#8280 = ( GEOMETRIC_REPRESENTATION_CONTEXT(2) 
PARAMETRIC_REPRESENTATION_CONTEXT() REPRESENTATION_CONTEXT('2D SPACE',''
  ) );
#8281 = ORIENTED_EDGE('',*,*,#8282,.T.);
#8282 = EDGE_CURVE('',#8260,#3329,#8283,.T.);
#8283 = SURFACE_CURVE('',#8284,(#8288,#8295),.PCURVE_S1.);
#8284 = LINE('',#8285,#8286);
#8285 = CARTESIAN_POINT('',(12.078524887433,35.769407108149,59.2));
#8286 = VECTOR('',#8287,1.);
#8287 = DIRECTION('',(-5.947623346206E-16,-1.110223024625E-16,-1.));
#8288 = PCURVE('',#3372,#8289);
#8289 = DEFINITIONAL_REPRESENTATION('',(#8290),#8294);
#8290 = LINE('',#8291,#8292);
#8291 = CARTESIAN_POINT('',(4.110869608137E-17,-0.515902684074));
#8292 = VECTOR('',#8293,1.);
#8293 = DIRECTION('',(1.,6.162975822039E-32));
#8294 = ( GEOMETRIC_REPRESENTATION_CONTEXT(2) 
PARAMETRIC_REPRESENTATION_CONTEXT() REPRESENTATION_CONTEXT('2D SPACE',''
  ) );
#8295 = PCURVE('',#3344,#8296);
#8296 = DEFINITIONAL_REPRESENTATION('',(#8297),#8301);
#8297 = LINE('',#8298,#8299);
#8298 = CARTESIAN_POINT('',(-0.515902684074,-3.608224830032E-16));
#8299 = VECTOR('',#8300,1.);
#8300 = DIRECTION('',(-5.551115123126E-17,-1.));
#8301 = ( GEOMETRIC_REPRESENTATION_CONTEXT(2) 
PARAMETRIC_REPRESENTATION_CONTEXT() REPRESENTATION_CONTEXT('2D SPACE',''
  ) );
#8302 = ORIENTED_EDGE('',*,*,#3356,.F.);
#8303 = ADVANCED_FACE('',(#8304),#709,.F.);
#8304 = FACE_BOUND('',#8305,.T.);
#8305 = EDGE_LOOP('',(#8306,#8329,#8350,#8351));
#8306 = ORIENTED_EDGE('',*,*,#8307,.F.);
#8307 = EDGE_CURVE('',#8308,#694,#8310,.T.);
#8308 = VERTEX_POINT('',#8309);
#8309 = CARTESIAN_POINT('',(15.857520045915,59.629043513962,58.2));
#8310 = SURFACE_CURVE('',#8311,(#8315,#8322),.PCURVE_S1.);
#8311 = LINE('',#8312,#8313);
#8312 = CARTESIAN_POINT('',(15.857520045915,59.629043513962,59.2));
#8313 = VECTOR('',#8314,1.);
#8314 = DIRECTION('',(-5.947623346206E-16,-1.110223024625E-16,-1.));
#8315 = PCURVE('',#709,#8316);
#8316 = DEFINITIONAL_REPRESENTATION('',(#8317),#8321);
#8317 = LINE('',#8318,#8319);
#8318 = CARTESIAN_POINT('',(-0.515902684074,5.828670879282E-16));
#8319 = VECTOR('',#8320,1.);
#8320 = DIRECTION('',(0.,-1.));
#8321 = ( GEOMETRIC_REPRESENTATION_CONTEXT(2) 
PARAMETRIC_REPRESENTATION_CONTEXT() REPRESENTATION_CONTEXT('2D SPACE',''
  ) );
#8322 = PCURVE('',#737,#8323);
#8323 = DEFINITIONAL_REPRESENTATION('',(#8324),#8328);
#8324 = LINE('',#8325,#8326);
#8325 = CARTESIAN_POINT('',(-0.515902684074,1.08246744901E-15));
#8326 = VECTOR('',#8327,1.);
#8327 = DIRECTION('',(0.,-1.));
#8328 = ( GEOMETRIC_REPRESENTATION_CONTEXT(2) 
PARAMETRIC_REPRESENTATION_CONTEXT() REPRESENTATION_CONTEXT('2D SPACE',''
  ) );
#8329 = ORIENTED_EDGE('',*,*,#8330,.T.);
#8330 = EDGE_CURVE('',#8308,#8209,#8331,.T.);
#8331 = SURFACE_CURVE('',#8332,(#8336,#8343),.PCURVE_S1.);
#8332 = LINE('',#8333,#8334);
#8333 = CARTESIAN_POINT('',(16.838825264841,59.310198120316,58.2));
#8334 = VECTOR('',#8335,1.);
#8335 = DIRECTION('',(0.951056516295,-0.309016994375,-5.551115123126E-16
    ));
#8336 = PCURVE('',#709,#8337);
#8337 = DEFINITIONAL_REPRESENTATION('',(#8338),#8342);
#8338 = LINE('',#8339,#8340);
#8339 = CARTESIAN_POINT('',(0.515902684074,-1.));
#8340 = VECTOR('',#8341,1.);
#8341 = DIRECTION('',(1.,0.));
#8342 = ( GEOMETRIC_REPRESENTATION_CONTEXT(2) 
PARAMETRIC_REPRESENTATION_CONTEXT() REPRESENTATION_CONTEXT('2D SPACE',''
  ) );
#8343 = PCURVE('',#4238,#8344);
#8344 = DEFINITIONAL_REPRESENTATION('',(#8345),#8349);
#8345 = LINE('',#8346,#8347);
#8346 = CARTESIAN_POINT('',(13.110330255582,1.414213562373));
#8347 = VECTOR('',#8348,1.);
#8348 = DIRECTION('',(1.,-3.053113317719E-16));
#8349 = ( GEOMETRIC_REPRESENTATION_CONTEXT(2) 
PARAMETRIC_REPRESENTATION_CONTEXT() REPRESENTATION_CONTEXT('2D SPACE',''
  ) );
#8350 = ORIENTED_EDGE('',*,*,#8208,.T.);
#8351 = ORIENTED_EDGE('',*,*,#693,.T.);
#8352 = ADVANCED_FACE('',(#8353),#3344,.F.);
#8353 = FACE_BOUND('',#8354,.T.);
#8354 = EDGE_LOOP('',(#8355,#8356,#8379,#8400));
#8355 = ORIENTED_EDGE('',*,*,#8282,.F.);
#8356 = ORIENTED_EDGE('',*,*,#8357,.T.);
#8357 = EDGE_CURVE('',#8260,#8358,#8360,.T.);
#8358 = VERTEX_POINT('',#8359);
#8359 = CARTESIAN_POINT('',(11.917114966641,34.750304976265,58.2));
#8360 = SURFACE_CURVE('',#8361,(#8365,#8372),.PCURVE_S1.);
#8361 = LINE('',#8362,#8363);
#8362 = CARTESIAN_POINT('',(11.917114966641,34.750304976265,58.2));
#8363 = VECTOR('',#8364,1.);
#8364 = DIRECTION('',(-0.15643446504,-0.987688340595,1.665334536938E-16)
  );
#8365 = PCURVE('',#3344,#8366);
#8366 = DEFINITIONAL_REPRESENTATION('',(#8367),#8371);
#8367 = LINE('',#8368,#8369);
#8368 = CARTESIAN_POINT('',(0.515902684074,-1.));
#8369 = VECTOR('',#8370,1.);
#8370 = DIRECTION('',(1.,0.));
#8371 = ( GEOMETRIC_REPRESENTATION_CONTEXT(2) 
PARAMETRIC_REPRESENTATION_CONTEXT() REPRESENTATION_CONTEXT('2D SPACE',''
  ) );
#8372 = PCURVE('',#6873,#8373);
#8373 = DEFINITIONAL_REPRESENTATION('',(#8374),#8378);
#8374 = LINE('',#8375,#8376);
#8375 = CARTESIAN_POINT('',(13.110330255582,1.414213562373));
#8376 = VECTOR('',#8377,1.);
#8377 = DIRECTION('',(1.,1.665334536938E-16));
#8378 = ( GEOMETRIC_REPRESENTATION_CONTEXT(2) 
PARAMETRIC_REPRESENTATION_CONTEXT() REPRESENTATION_CONTEXT('2D SPACE',''
  ) );
#8379 = ORIENTED_EDGE('',*,*,#8380,.T.);
#8380 = EDGE_CURVE('',#8358,#3300,#8381,.T.);
#8381 = SURFACE_CURVE('',#8382,(#8386,#8393),.PCURVE_S1.);
#8382 = LINE('',#8383,#8384);
#8383 = CARTESIAN_POINT('',(11.917114966641,34.750304976265,59.2));
#8384 = VECTOR('',#8385,1.);
#8385 = DIRECTION('',(-5.947623346206E-16,-1.110223024625E-16,-1.));
#8386 = PCURVE('',#3344,#8387);
#8387 = DEFINITIONAL_REPRESENTATION('',(#8388),#8392);
#8388 = LINE('',#8389,#8390);
#8389 = CARTESIAN_POINT('',(0.515902684074,-1.720845688169E-15));
#8390 = VECTOR('',#8391,1.);
#8391 = DIRECTION('',(-5.551115123126E-17,-1.));
#8392 = ( GEOMETRIC_REPRESENTATION_CONTEXT(2) 
PARAMETRIC_REPRESENTATION_CONTEXT() REPRESENTATION_CONTEXT('2D SPACE',''
  ) );
#8393 = PCURVE('',#3316,#8394);
#8394 = DEFINITIONAL_REPRESENTATION('',(#8395),#8399);
#8395 = LINE('',#8396,#8397);
#8396 = CARTESIAN_POINT('',(4.046227533693,0.));
#8397 = VECTOR('',#8398,1.);
#8398 = DIRECTION('',(0.,1.));
#8399 = ( GEOMETRIC_REPRESENTATION_CONTEXT(2) 
PARAMETRIC_REPRESENTATION_CONTEXT() REPRESENTATION_CONTEXT('2D SPACE',''
  ) );
#8400 = ORIENTED_EDGE('',*,*,#3328,.T.);
#8401 = ADVANCED_FACE('',(#8402),#737,.T.);
#8402 = FACE_BOUND('',#8403,.T.);
#8403 = EDGE_LOOP('',(#8404,#8427,#8448,#8449));
#8404 = ORIENTED_EDGE('',*,*,#8405,.F.);
#8405 = EDGE_CURVE('',#8406,#722,#8408,.T.);
#8406 = VERTEX_POINT('',#8407);
#8407 = CARTESIAN_POINT('',(16.018929966707,60.648145645846,58.2));
#8408 = SURFACE_CURVE('',#8409,(#8413,#8420),.PCURVE_S1.);
#8409 = LINE('',#8410,#8411);
#8410 = CARTESIAN_POINT('',(16.018929966707,60.648145645846,59.2));
#8411 = VECTOR('',#8412,1.);
#8412 = DIRECTION('',(-5.947623346206E-16,-1.110223024625E-16,-1.));
#8413 = PCURVE('',#737,#8414);
#8414 = DEFINITIONAL_REPRESENTATION('',(#8415),#8419);
#8415 = LINE('',#8416,#8417);
#8416 = CARTESIAN_POINT('',(0.515902684074,1.026956297778E-15));
#8417 = VECTOR('',#8418,1.);
#8418 = DIRECTION('',(0.,-1.));
#8419 = ( GEOMETRIC_REPRESENTATION_CONTEXT(2) 
PARAMETRIC_REPRESENTATION_CONTEXT() REPRESENTATION_CONTEXT('2D SPACE',''
  ) );
#8420 = PCURVE('',#766,#8421);
#8421 = DEFINITIONAL_REPRESENTATION('',(#8422),#8426);
#8422 = LINE('',#8423,#8424);
#8423 = CARTESIAN_POINT('',(2.551117038845,0.));
#8424 = VECTOR('',#8425,1.);
#8425 = DIRECTION('',(0.,1.));
#8426 = ( GEOMETRIC_REPRESENTATION_CONTEXT(2) 
PARAMETRIC_REPRESENTATION_CONTEXT() REPRESENTATION_CONTEXT('2D SPACE',''
  ) );
#8427 = ORIENTED_EDGE('',*,*,#8428,.T.);
#8428 = EDGE_CURVE('',#8406,#8308,#8429,.T.);
#8429 = SURFACE_CURVE('',#8430,(#8434,#8441),.PCURVE_S1.);
#8430 = LINE('',#8431,#8432);
#8431 = CARTESIAN_POINT('',(15.938225006311,60.138594579904,58.2));
#8432 = VECTOR('',#8433,1.);
#8433 = DIRECTION('',(-0.15643446504,-0.987688340595,1.665334536938E-16)
  );
#8434 = PCURVE('',#737,#8435);
#8435 = DEFINITIONAL_REPRESENTATION('',(#8436),#8440);
#8436 = LINE('',#8437,#8438);
#8437 = CARTESIAN_POINT('',(-6.661338147751E-16,-1.));
#8438 = VECTOR('',#8439,1.);
#8439 = DIRECTION('',(-1.,0.));
#8440 = ( GEOMETRIC_REPRESENTATION_CONTEXT(2) 
PARAMETRIC_REPRESENTATION_CONTEXT() REPRESENTATION_CONTEXT('2D SPACE',''
  ) );
#8441 = PCURVE('',#4266,#8442);
#8442 = DEFINITIONAL_REPRESENTATION('',(#8443),#8447);
#8443 = LINE('',#8444,#8445);
#8444 = CARTESIAN_POINT('',(0.,0.));
#8445 = VECTOR('',#8446,1.);
#8446 = DIRECTION('',(1.,-2.775557561563E-16));
#8447 = ( GEOMETRIC_REPRESENTATION_CONTEXT(2) 
PARAMETRIC_REPRESENTATION_CONTEXT() REPRESENTATION_CONTEXT('2D SPACE',''
  ) );
#8448 = ORIENTED_EDGE('',*,*,#8307,.T.);
#8449 = ORIENTED_EDGE('',*,*,#721,.F.);
#8450 = ADVANCED_FACE('',(#8451),#3316,.T.);
#8451 = FACE_BOUND('',#8452,.T.);
#8452 = EDGE_LOOP('',(#8453,#8454,#8478,#8499));
#8453 = ORIENTED_EDGE('',*,*,#8380,.F.);
#8454 = ORIENTED_EDGE('',*,*,#8455,.F.);
#8455 = EDGE_CURVE('',#8456,#8358,#8458,.T.);
#8456 = VERTEX_POINT('',#8457);
#8457 = CARTESIAN_POINT('',(10.736602913965,33.892612765173,58.2));
#8458 = SURFACE_CURVE('',#8459,(#8464,#8471),.PCURVE_S1.);
#8459 = CIRCLE('',#8460,19.284210105951);
#8460 = AXIS2_PLACEMENT_3D('',#8461,#8462,#8463);
#8461 = CARTESIAN_POINT('',(-4.520828156274E-13,49.911542731881,58.2));
#8462 = DIRECTION('',(5.947623346206E-16,1.110223024625E-16,1.));
#8463 = DIRECTION('',(1.,-9.42935300772E-31,-5.947623346206E-16));
#8464 = PCURVE('',#3316,#8465);
#8465 = DEFINITIONAL_REPRESENTATION('',(#8466),#8470);
#8466 = LINE('',#8467,#8468);
#8467 = CARTESIAN_POINT('',(9.424777960769,1.));
#8468 = VECTOR('',#8469,1.);
#8469 = DIRECTION('',(-1.,0.));
#8470 = ( GEOMETRIC_REPRESENTATION_CONTEXT(2) 
PARAMETRIC_REPRESENTATION_CONTEXT() REPRESENTATION_CONTEXT('2D SPACE',''
  ) );
#8471 = PCURVE('',#6845,#8472);
#8472 = DEFINITIONAL_REPRESENTATION('',(#8473),#8477);
#8473 = LINE('',#8474,#8475);
#8474 = CARTESIAN_POINT('',(9.424777960769,1.));
#8475 = VECTOR('',#8476,1.);
#8476 = DIRECTION('',(-1.,0.));
#8477 = ( GEOMETRIC_REPRESENTATION_CONTEXT(2) 
PARAMETRIC_REPRESENTATION_CONTEXT() REPRESENTATION_CONTEXT('2D SPACE',''
  ) );
#8478 = ORIENTED_EDGE('',*,*,#8479,.T.);
#8479 = EDGE_CURVE('',#8456,#3272,#8480,.T.);
#8480 = SURFACE_CURVE('',#8481,(#8485,#8492),.PCURVE_S1.);
#8481 = LINE('',#8482,#8483);
#8482 = CARTESIAN_POINT('',(10.736602913965,33.892612765173,59.2));
#8483 = VECTOR('',#8484,1.);
#8484 = DIRECTION('',(-5.947623346206E-16,-1.110223024625E-16,-1.));
#8485 = PCURVE('',#3316,#8486);
#8486 = DEFINITIONAL_REPRESENTATION('',(#8487),#8491);
#8487 = LINE('',#8488,#8489);
#8488 = CARTESIAN_POINT('',(4.12191336564,0.));
#8489 = VECTOR('',#8490,1.);
#8490 = DIRECTION('',(0.,1.));
#8491 = ( GEOMETRIC_REPRESENTATION_CONTEXT(2) 
PARAMETRIC_REPRESENTATION_CONTEXT() REPRESENTATION_CONTEXT('2D SPACE',''
  ) );
#8492 = PCURVE('',#3287,#8493);
#8493 = DEFINITIONAL_REPRESENTATION('',(#8494),#8498);
#8494 = LINE('',#8495,#8496);
#8495 = CARTESIAN_POINT('',(0.515902684074,-1.380839886878E-15));
#8496 = VECTOR('',#8497,1.);
#8497 = DIRECTION('',(0.,-1.));
#8498 = ( GEOMETRIC_REPRESENTATION_CONTEXT(2) 
PARAMETRIC_REPRESENTATION_CONTEXT() REPRESENTATION_CONTEXT('2D SPACE',''
  ) );
#8499 = ORIENTED_EDGE('',*,*,#3299,.T.);
#8500 = ADVANCED_FACE('',(#8501),#766,.T.);
#8501 = FACE_BOUND('',#8502,.T.);
#8502 = EDGE_LOOP('',(#8503,#8526,#8548,#8549));
#8503 = ORIENTED_EDGE('',*,*,#8504,.F.);
#8504 = EDGE_CURVE('',#8505,#750,#8507,.T.);
#8505 = VERTEX_POINT('',#8506);
#8506 = CARTESIAN_POINT('',(15.161237755615,61.828657698522,58.2));
#8507 = SURFACE_CURVE('',#8508,(#8512,#8519),.PCURVE_S1.);
#8508 = LINE('',#8509,#8510);
#8509 = CARTESIAN_POINT('',(15.161237755615,61.828657698522,59.2));
#8510 = VECTOR('',#8511,1.);
#8511 = DIRECTION('',(-5.947623346206E-16,-1.110223024625E-16,-1.));
#8512 = PCURVE('',#766,#8513);
#8513 = DEFINITIONAL_REPRESENTATION('',(#8514),#8518);
#8514 = LINE('',#8515,#8516);
#8515 = CARTESIAN_POINT('',(2.475431206898,0.));
#8516 = VECTOR('',#8517,1.);
#8517 = DIRECTION('',(0.,1.));
#8518 = ( GEOMETRIC_REPRESENTATION_CONTEXT(2) 
PARAMETRIC_REPRESENTATION_CONTEXT() REPRESENTATION_CONTEXT('2D SPACE',''
  ) );
#8519 = PCURVE('',#794,#8520);
#8520 = DEFINITIONAL_REPRESENTATION('',(#8521),#8525);
#8521 = LINE('',#8522,#8523);
#8522 = CARTESIAN_POINT('',(0.515902684074,3.469446951954E-17));
#8523 = VECTOR('',#8524,1.);
#8524 = DIRECTION('',(0.,-1.));
#8525 = ( GEOMETRIC_REPRESENTATION_CONTEXT(2) 
PARAMETRIC_REPRESENTATION_CONTEXT() REPRESENTATION_CONTEXT('2D SPACE',''
  ) );
#8526 = ORIENTED_EDGE('',*,*,#8527,.F.);
#8527 = EDGE_CURVE('',#8406,#8505,#8528,.T.);
#8528 = SURFACE_CURVE('',#8529,(#8534,#8541),.PCURVE_S1.);
#8529 = CIRCLE('',#8530,19.284210105953);
#8530 = AXIS2_PLACEMENT_3D('',#8531,#8532,#8533);
#8531 = CARTESIAN_POINT('',(-1.817213046706E-12,49.911542731879,58.2));
#8532 = DIRECTION('',(5.947623346206E-16,1.110223024625E-16,1.));
#8533 = DIRECTION('',(1.,-9.42935300772E-31,-5.947623346206E-16));
#8534 = PCURVE('',#766,#8535);
#8535 = DEFINITIONAL_REPRESENTATION('',(#8536),#8540);
#8536 = LINE('',#8537,#8538);
#8537 = CARTESIAN_POINT('',(3.14159265359,1.));
#8538 = VECTOR('',#8539,1.);
#8539 = DIRECTION('',(-1.,0.));
#8540 = ( GEOMETRIC_REPRESENTATION_CONTEXT(2) 
PARAMETRIC_REPRESENTATION_CONTEXT() REPRESENTATION_CONTEXT('2D SPACE',''
  ) );
#8541 = PCURVE('',#4295,#8542);
#8542 = DEFINITIONAL_REPRESENTATION('',(#8543),#8547);
#8543 = LINE('',#8544,#8545);
#8544 = CARTESIAN_POINT('',(3.14159265359,1.));
#8545 = VECTOR('',#8546,1.);
#8546 = DIRECTION('',(-1.,0.));
#8547 = ( GEOMETRIC_REPRESENTATION_CONTEXT(2) 
PARAMETRIC_REPRESENTATION_CONTEXT() REPRESENTATION_CONTEXT('2D SPACE',''
  ) );
#8548 = ORIENTED_EDGE('',*,*,#8405,.T.);
#8549 = ORIENTED_EDGE('',*,*,#749,.T.);
#8550 = ADVANCED_FACE('',(#8551),#3287,.T.);
#8551 = FACE_BOUND('',#8552,.T.);
#8552 = EDGE_LOOP('',(#8553,#8554,#8577,#8598));
#8553 = ORIENTED_EDGE('',*,*,#8479,.F.);
#8554 = ORIENTED_EDGE('',*,*,#8555,.T.);
#8555 = EDGE_CURVE('',#8456,#8556,#8558,.T.);
#8556 = VERTEX_POINT('',#8557);
#8557 = CARTESIAN_POINT('',(9.717500782081,34.054022685965,58.2));
#8558 = SURFACE_CURVE('',#8559,(#8563,#8570),.PCURVE_S1.);
#8559 = LINE('',#8560,#8561);
#8560 = CARTESIAN_POINT('',(10.227051848024,33.973317725569,58.2));
#8561 = VECTOR('',#8562,1.);
#8562 = DIRECTION('',(-0.987688340595,0.15643446504,5.828670879282E-16)
  );
#8563 = PCURVE('',#3287,#8564);
#8564 = DEFINITIONAL_REPRESENTATION('',(#8565),#8569);
#8565 = LINE('',#8566,#8567);
#8566 = CARTESIAN_POINT('',(4.163336342344E-17,-1.));
#8567 = VECTOR('',#8568,1.);
#8568 = DIRECTION('',(-1.,0.));
#8569 = ( GEOMETRIC_REPRESENTATION_CONTEXT(2) 
PARAMETRIC_REPRESENTATION_CONTEXT() REPRESENTATION_CONTEXT('2D SPACE',''
  ) );
#8570 = PCURVE('',#6816,#8571);
#8571 = DEFINITIONAL_REPRESENTATION('',(#8572),#8576);
#8572 = LINE('',#8573,#8574);
#8573 = CARTESIAN_POINT('',(0.,0.));
#8574 = VECTOR('',#8575,1.);
#8575 = DIRECTION('',(1.,1.838806884535E-16));
#8576 = ( GEOMETRIC_REPRESENTATION_CONTEXT(2) 
PARAMETRIC_REPRESENTATION_CONTEXT() REPRESENTATION_CONTEXT('2D SPACE',''
  ) );
#8577 = ORIENTED_EDGE('',*,*,#8578,.T.);
#8578 = EDGE_CURVE('',#8556,#3244,#8579,.T.);
#8579 = SURFACE_CURVE('',#8580,(#8584,#8591),.PCURVE_S1.);
#8580 = LINE('',#8581,#8582);
#8581 = CARTESIAN_POINT('',(9.717500782081,34.054022685965,59.2));
#8582 = VECTOR('',#8583,1.);
#8583 = DIRECTION('',(-5.947623346206E-16,-1.110223024625E-16,-1.));
#8584 = PCURVE('',#3287,#8585);
#8585 = DEFINITIONAL_REPRESENTATION('',(#8586),#8590);
#8586 = LINE('',#8587,#8588);
#8587 = CARTESIAN_POINT('',(-0.515902684074,2.081668171172E-17));
#8588 = VECTOR('',#8589,1.);
#8589 = DIRECTION('',(0.,-1.));
#8590 = ( GEOMETRIC_REPRESENTATION_CONTEXT(2) 
PARAMETRIC_REPRESENTATION_CONTEXT() REPRESENTATION_CONTEXT('2D SPACE',''
  ) );
#8591 = PCURVE('',#3259,#8592);
#8592 = DEFINITIONAL_REPRESENTATION('',(#8593),#8597);
#8593 = LINE('',#8594,#8595);
#8594 = CARTESIAN_POINT('',(-0.515902684074,5.273559366969E-16));
#8595 = VECTOR('',#8596,1.);
#8596 = DIRECTION('',(-5.551115123126E-17,-1.));
#8597 = ( GEOMETRIC_REPRESENTATION_CONTEXT(2) 
PARAMETRIC_REPRESENTATION_CONTEXT() REPRESENTATION_CONTEXT('2D SPACE',''
  ) );
#8598 = ORIENTED_EDGE('',*,*,#3271,.F.);
#8599 = ADVANCED_FACE('',(#8600),#794,.F.);
#8600 = FACE_BOUND('',#8601,.T.);
#8601 = EDGE_LOOP('',(#8602,#8625,#8646,#8647));
#8602 = ORIENTED_EDGE('',*,*,#8603,.F.);
#8603 = EDGE_CURVE('',#8604,#779,#8606,.T.);
#8604 = VERTEX_POINT('',#8605);
#8605 = CARTESIAN_POINT('',(14.142135623731,61.990067619314,58.2));
#8606 = SURFACE_CURVE('',#8607,(#8611,#8618),.PCURVE_S1.);
#8607 = LINE('',#8608,#8609);
#8608 = CARTESIAN_POINT('',(14.142135623731,61.990067619314,59.2));
#8609 = VECTOR('',#8610,1.);
#8610 = DIRECTION('',(-5.947623346206E-16,-1.110223024625E-16,-1.));
#8611 = PCURVE('',#794,#8612);
#8612 = DEFINITIONAL_REPRESENTATION('',(#8613),#8617);
#8613 = LINE('',#8614,#8615);
#8614 = CARTESIAN_POINT('',(-0.515902684074,2.088607065076E-15));
#8615 = VECTOR('',#8616,1.);
#8616 = DIRECTION('',(0.,-1.));
#8617 = ( GEOMETRIC_REPRESENTATION_CONTEXT(2) 
PARAMETRIC_REPRESENTATION_CONTEXT() REPRESENTATION_CONTEXT('2D SPACE',''
  ) );
#8618 = PCURVE('',#822,#8619);
#8619 = DEFINITIONAL_REPRESENTATION('',(#8620),#8624);
#8620 = LINE('',#8621,#8622);
#8621 = CARTESIAN_POINT('',(-3.719247132494E-15,-0.515902684074));
#8622 = VECTOR('',#8623,1.);
#8623 = DIRECTION('',(1.,0.));
#8624 = ( GEOMETRIC_REPRESENTATION_CONTEXT(2) 
PARAMETRIC_REPRESENTATION_CONTEXT() REPRESENTATION_CONTEXT('2D SPACE',''
  ) );
#8625 = ORIENTED_EDGE('',*,*,#8626,.T.);
#8626 = EDGE_CURVE('',#8604,#8505,#8627,.T.);
#8627 = SURFACE_CURVE('',#8628,(#8632,#8639),.PCURVE_S1.);
#8628 = LINE('',#8629,#8630);
#8629 = CARTESIAN_POINT('',(15.161237755615,61.828657698522,58.2));
#8630 = VECTOR('',#8631,1.);
#8631 = DIRECTION('',(0.987688340595,-0.15643446504,-5.828670879282E-16)
  );
#8632 = PCURVE('',#794,#8633);
#8633 = DEFINITIONAL_REPRESENTATION('',(#8634),#8638);
#8634 = LINE('',#8635,#8636);
#8635 = CARTESIAN_POINT('',(0.515902684074,-1.));
#8636 = VECTOR('',#8637,1.);
#8637 = DIRECTION('',(1.,0.));
#8638 = ( GEOMETRIC_REPRESENTATION_CONTEXT(2) 
PARAMETRIC_REPRESENTATION_CONTEXT() REPRESENTATION_CONTEXT('2D SPACE',''
  ) );
#8639 = PCURVE('',#4323,#8640);
#8640 = DEFINITIONAL_REPRESENTATION('',(#8641),#8645);
#8641 = LINE('',#8642,#8643);
#8642 = CARTESIAN_POINT('',(13.110330255582,1.414213562373));
#8643 = VECTOR('',#8644,1.);
#8644 = DIRECTION('',(1.,-2.081668171172E-16));
#8645 = ( GEOMETRIC_REPRESENTATION_CONTEXT(2) 
PARAMETRIC_REPRESENTATION_CONTEXT() REPRESENTATION_CONTEXT('2D SPACE',''
  ) );
#8646 = ORIENTED_EDGE('',*,*,#8504,.T.);
#8647 = ORIENTED_EDGE('',*,*,#778,.T.);
#8648 = ADVANCED_FACE('',(#8649),#3259,.F.);
#8649 = FACE_BOUND('',#8650,.T.);
#8650 = EDGE_LOOP('',(#8651,#8652,#8675,#8696));
#8651 = ORIENTED_EDGE('',*,*,#8578,.F.);
#8652 = ORIENTED_EDGE('',*,*,#8653,.T.);
#8653 = EDGE_CURVE('',#8556,#8654,#8656,.T.);
#8654 = VERTEX_POINT('',#8655);
#8655 = CARTESIAN_POINT('',(9.398655388436,33.072717467039,58.2));
#8656 = SURFACE_CURVE('',#8657,(#8661,#8668),.PCURVE_S1.);
#8657 = LINE('',#8658,#8659);
#8658 = CARTESIAN_POINT('',(9.398655388436,33.072717467039,58.2));
#8659 = VECTOR('',#8660,1.);
#8660 = DIRECTION('',(-0.309016994375,-0.951056516295,3.330669073875E-16
    ));
#8661 = PCURVE('',#3259,#8662);
#8662 = DEFINITIONAL_REPRESENTATION('',(#8663),#8667);
#8663 = LINE('',#8664,#8665);
#8664 = CARTESIAN_POINT('',(0.515902684074,-1.));
#8665 = VECTOR('',#8666,1.);
#8666 = DIRECTION('',(1.,5.551115123126E-17));
#8667 = ( GEOMETRIC_REPRESENTATION_CONTEXT(2) 
PARAMETRIC_REPRESENTATION_CONTEXT() REPRESENTATION_CONTEXT('2D SPACE',''
  ) );
#8668 = PCURVE('',#6788,#8669);
#8669 = DEFINITIONAL_REPRESENTATION('',(#8670),#8674);
#8670 = LINE('',#8671,#8672);
#8671 = CARTESIAN_POINT('',(13.110330255582,1.414213562373));
#8672 = VECTOR('',#8673,1.);
#8673 = DIRECTION('',(1.,3.885780586188E-16));
#8674 = ( GEOMETRIC_REPRESENTATION_CONTEXT(2) 
PARAMETRIC_REPRESENTATION_CONTEXT() REPRESENTATION_CONTEXT('2D SPACE',''
  ) );
#8675 = ORIENTED_EDGE('',*,*,#8676,.T.);
#8676 = EDGE_CURVE('',#8654,#3215,#8677,.T.);
#8677 = SURFACE_CURVE('',#8678,(#8682,#8689),.PCURVE_S1.);
#8678 = LINE('',#8679,#8680);
#8679 = CARTESIAN_POINT('',(9.398655388436,33.072717467039,59.2));
#8680 = VECTOR('',#8681,1.);
#8681 = DIRECTION('',(-5.947623346206E-16,-1.110223024625E-16,-1.));
#8682 = PCURVE('',#3259,#8683);
#8683 = DEFINITIONAL_REPRESENTATION('',(#8684),#8688);
#8684 = LINE('',#8685,#8686);
#8685 = CARTESIAN_POINT('',(0.515902684074,-5.273559366969E-16));
#8686 = VECTOR('',#8687,1.);
#8687 = DIRECTION('',(-5.551115123126E-17,-1.));
#8688 = ( GEOMETRIC_REPRESENTATION_CONTEXT(2) 
PARAMETRIC_REPRESENTATION_CONTEXT() REPRESENTATION_CONTEXT('2D SPACE',''
  ) );
#8689 = PCURVE('',#3231,#8690);
#8690 = DEFINITIONAL_REPRESENTATION('',(#8691),#8695);
#8691 = LINE('',#8692,#8693);
#8692 = CARTESIAN_POINT('',(4.203307166373,0.));
#8693 = VECTOR('',#8694,1.);
#8694 = DIRECTION('',(0.,1.));
#8695 = ( GEOMETRIC_REPRESENTATION_CONTEXT(2) 
PARAMETRIC_REPRESENTATION_CONTEXT() REPRESENTATION_CONTEXT('2D SPACE',''
  ) );
#8696 = ORIENTED_EDGE('',*,*,#3243,.T.);
#8697 = ADVANCED_FACE('',(#8698),#822,.T.);
#8698 = FACE_BOUND('',#8699,.T.);
#8699 = EDGE_LOOP('',(#8700,#8723,#8744,#8745));
#8700 = ORIENTED_EDGE('',*,*,#8701,.F.);
#8701 = EDGE_CURVE('',#8702,#807,#8704,.T.);
#8702 = VERTEX_POINT('',#8703);
#8703 = CARTESIAN_POINT('',(14.142135623731,63.021872987462,58.2));
#8704 = SURFACE_CURVE('',#8705,(#8709,#8716),.PCURVE_S1.);
#8705 = LINE('',#8706,#8707);
#8706 = CARTESIAN_POINT('',(14.142135623731,63.021872987462,59.2));
#8707 = VECTOR('',#8708,1.);
#8708 = DIRECTION('',(-5.947623346206E-16,-1.110223024625E-16,-1.));
#8709 = PCURVE('',#822,#8710);
#8710 = DEFINITIONAL_REPRESENTATION('',(#8711),#8715);
#8711 = LINE('',#8712,#8713);
#8712 = CARTESIAN_POINT('',(1.665334536938E-16,0.515902684074));
#8713 = VECTOR('',#8714,1.);
#8714 = DIRECTION('',(1.,0.));
#8715 = ( GEOMETRIC_REPRESENTATION_CONTEXT(2) 
PARAMETRIC_REPRESENTATION_CONTEXT() REPRESENTATION_CONTEXT('2D SPACE',''
  ) );
#8716 = PCURVE('',#851,#8717);
#8717 = DEFINITIONAL_REPRESENTATION('',(#8718),#8722);
#8718 = LINE('',#8719,#8720);
#8719 = CARTESIAN_POINT('',(2.394037406166,0.));
#8720 = VECTOR('',#8721,1.);
#8721 = DIRECTION('',(0.,1.));
#8722 = ( GEOMETRIC_REPRESENTATION_CONTEXT(2) 
PARAMETRIC_REPRESENTATION_CONTEXT() REPRESENTATION_CONTEXT('2D SPACE',''
  ) );
#8723 = ORIENTED_EDGE('',*,*,#8724,.T.);
#8724 = EDGE_CURVE('',#8702,#8604,#8725,.T.);
#8725 = SURFACE_CURVE('',#8726,(#8730,#8737),.PCURVE_S1.);
#8726 = LINE('',#8727,#8728);
#8727 = CARTESIAN_POINT('',(14.142135623731,62.505970303388,58.2));
#8728 = VECTOR('',#8729,1.);
#8729 = DIRECTION('',(-6.902532920684E-31,-1.,1.110223024625E-16));
#8730 = PCURVE('',#822,#8731);
#8731 = DEFINITIONAL_REPRESENTATION('',(#8732),#8736);
#8732 = LINE('',#8733,#8734);
#8733 = CARTESIAN_POINT('',(1.,-6.661338147751E-16));
#8734 = VECTOR('',#8735,1.);
#8735 = DIRECTION('',(0.,-1.));
#8736 = ( GEOMETRIC_REPRESENTATION_CONTEXT(2) 
PARAMETRIC_REPRESENTATION_CONTEXT() REPRESENTATION_CONTEXT('2D SPACE',''
  ) );
#8737 = PCURVE('',#4351,#8738);
#8738 = DEFINITIONAL_REPRESENTATION('',(#8739),#8743);
#8739 = LINE('',#8740,#8741);
#8740 = CARTESIAN_POINT('',(0.,0.));
#8741 = VECTOR('',#8742,1.);
#8742 = DIRECTION('',(1.,-5.551115123126E-17));
#8743 = ( GEOMETRIC_REPRESENTATION_CONTEXT(2) 
PARAMETRIC_REPRESENTATION_CONTEXT() REPRESENTATION_CONTEXT('2D SPACE',''
  ) );
#8744 = ORIENTED_EDGE('',*,*,#8603,.T.);
#8745 = ORIENTED_EDGE('',*,*,#806,.F.);
#8746 = ADVANCED_FACE('',(#8747),#3231,.T.);
#8747 = FACE_BOUND('',#8748,.T.);
#8748 = EDGE_LOOP('',(#8749,#8750,#8774,#8795));
#8749 = ORIENTED_EDGE('',*,*,#8676,.F.);
#8750 = ORIENTED_EDGE('',*,*,#8751,.F.);
#8751 = EDGE_CURVE('',#8752,#8654,#8754,.T.);
#8752 = VERTEX_POINT('',#8753);
#8753 = CARTESIAN_POINT('',(8.098504775865,32.410257641758,58.2));
#8754 = SURFACE_CURVE('',#8755,(#8760,#8767),.PCURVE_S1.);
#8755 = CIRCLE('',#8756,19.284210105951);
#8756 = AXIS2_PLACEMENT_3D('',#8757,#8758,#8759);
#8757 = CARTESIAN_POINT('',(-5.355715870792E-13,49.911542731881,58.2));
#8758 = DIRECTION('',(5.947623346206E-16,1.110223024625E-16,1.));
#8759 = DIRECTION('',(1.,-9.42935300772E-31,-5.947623346206E-16));
#8760 = PCURVE('',#3231,#8761);
#8761 = DEFINITIONAL_REPRESENTATION('',(#8762),#8766);
#8762 = LINE('',#8763,#8764);
#8763 = CARTESIAN_POINT('',(9.424777960769,1.));
#8764 = VECTOR('',#8765,1.);
#8765 = DIRECTION('',(-1.,0.));
#8766 = ( GEOMETRIC_REPRESENTATION_CONTEXT(2) 
PARAMETRIC_REPRESENTATION_CONTEXT() REPRESENTATION_CONTEXT('2D SPACE',''
  ) );
#8767 = PCURVE('',#6760,#8768);
#8768 = DEFINITIONAL_REPRESENTATION('',(#8769),#8773);
#8769 = LINE('',#8770,#8771);
#8770 = CARTESIAN_POINT('',(9.424777960769,1.));
#8771 = VECTOR('',#8772,1.);
#8772 = DIRECTION('',(-1.,0.));
#8773 = ( GEOMETRIC_REPRESENTATION_CONTEXT(2) 
PARAMETRIC_REPRESENTATION_CONTEXT() REPRESENTATION_CONTEXT('2D SPACE',''
  ) );
#8774 = ORIENTED_EDGE('',*,*,#8775,.T.);
#8775 = EDGE_CURVE('',#8752,#3187,#8776,.T.);
#8776 = SURFACE_CURVE('',#8777,(#8781,#8788),.PCURVE_S1.);
#8777 = LINE('',#8778,#8779);
#8778 = CARTESIAN_POINT('',(8.098504775865,32.410257641758,59.2));
#8779 = VECTOR('',#8780,1.);
#8780 = DIRECTION('',(-5.947623346206E-16,-1.110223024625E-16,-1.));
#8781 = PCURVE('',#3231,#8782);
#8782 = DEFINITIONAL_REPRESENTATION('',(#8783),#8787);
#8783 = LINE('',#8784,#8785);
#8784 = CARTESIAN_POINT('',(4.27899299832,0.));
#8785 = VECTOR('',#8786,1.);
#8786 = DIRECTION('',(0.,1.));
#8787 = ( GEOMETRIC_REPRESENTATION_CONTEXT(2) 
PARAMETRIC_REPRESENTATION_CONTEXT() REPRESENTATION_CONTEXT('2D SPACE',''
  ) );
#8788 = PCURVE('',#3202,#8789);
#8789 = DEFINITIONAL_REPRESENTATION('',(#8790),#8794);
#8790 = LINE('',#8791,#8792);
#8791 = CARTESIAN_POINT('',(0.515902684074,-2.275957200482E-15));
#8792 = VECTOR('',#8793,1.);
#8793 = DIRECTION('',(0.,-1.));
#8794 = ( GEOMETRIC_REPRESENTATION_CONTEXT(2) 
PARAMETRIC_REPRESENTATION_CONTEXT() REPRESENTATION_CONTEXT('2D SPACE',''
  ) );
#8795 = ORIENTED_EDGE('',*,*,#3214,.T.);
#8796 = ADVANCED_FACE('',(#8797),#851,.T.);
#8797 = FACE_BOUND('',#8798,.T.);
#8798 = EDGE_LOOP('',(#8799,#8822,#8844,#8845));
#8799 = ORIENTED_EDGE('',*,*,#8800,.F.);
#8800 = EDGE_CURVE('',#8801,#835,#8803,.T.);
#8801 = VERTEX_POINT('',#8802);
#8802 = CARTESIAN_POINT('',(13.110330255582,64.053678355611,58.2));
#8803 = SURFACE_CURVE('',#8804,(#8808,#8815),.PCURVE_S1.);
#8804 = LINE('',#8805,#8806);
#8805 = CARTESIAN_POINT('',(13.110330255582,64.053678355611,59.2));
#8806 = VECTOR('',#8807,1.);
#8807 = DIRECTION('',(-5.947623346206E-16,-1.110223024625E-16,-1.));
#8808 = PCURVE('',#851,#8809);
#8809 = DEFINITIONAL_REPRESENTATION('',(#8810),#8814);
#8810 = LINE('',#8811,#8812);
#8811 = CARTESIAN_POINT('',(2.318351574219,0.));
#8812 = VECTOR('',#8813,1.);
#8813 = DIRECTION('',(0.,1.));
#8814 = ( GEOMETRIC_REPRESENTATION_CONTEXT(2) 
PARAMETRIC_REPRESENTATION_CONTEXT() REPRESENTATION_CONTEXT('2D SPACE',''
  ) );
#8815 = PCURVE('',#879,#8816);
#8816 = DEFINITIONAL_REPRESENTATION('',(#8817),#8821);
#8817 = LINE('',#8818,#8819);
#8818 = CARTESIAN_POINT('',(-4.110869608137E-17,0.515902684074));
#8819 = VECTOR('',#8820,1.);
#8820 = DIRECTION('',(1.,6.162975822039E-32));
#8821 = ( GEOMETRIC_REPRESENTATION_CONTEXT(2) 
PARAMETRIC_REPRESENTATION_CONTEXT() REPRESENTATION_CONTEXT('2D SPACE',''
  ) );
#8822 = ORIENTED_EDGE('',*,*,#8823,.F.);
#8823 = EDGE_CURVE('',#8702,#8801,#8824,.T.);
#8824 = SURFACE_CURVE('',#8825,(#8830,#8837),.PCURVE_S1.);
#8825 = CIRCLE('',#8826,19.284210105954);
#8826 = AXIS2_PLACEMENT_3D('',#8827,#8828,#8829);
#8827 = CARTESIAN_POINT('',(-2.481570504642E-12,49.911542731878,58.2));
#8828 = DIRECTION('',(5.947623346206E-16,1.110223024625E-16,1.));
#8829 = DIRECTION('',(1.,-9.42935300772E-31,-5.947623346206E-16));
#8830 = PCURVE('',#851,#8831);
#8831 = DEFINITIONAL_REPRESENTATION('',(#8832),#8836);
#8832 = LINE('',#8833,#8834);
#8833 = CARTESIAN_POINT('',(3.14159265359,1.));
#8834 = VECTOR('',#8835,1.);
#8835 = DIRECTION('',(-1.,0.));
#8836 = ( GEOMETRIC_REPRESENTATION_CONTEXT(2) 
PARAMETRIC_REPRESENTATION_CONTEXT() REPRESENTATION_CONTEXT('2D SPACE',''
  ) );
#8837 = PCURVE('',#4380,#8838);
#8838 = DEFINITIONAL_REPRESENTATION('',(#8839),#8843);
#8839 = LINE('',#8840,#8841);
#8840 = CARTESIAN_POINT('',(3.14159265359,1.));
#8841 = VECTOR('',#8842,1.);
#8842 = DIRECTION('',(-1.,-4.563870568953E-14));
#8843 = ( GEOMETRIC_REPRESENTATION_CONTEXT(2) 
PARAMETRIC_REPRESENTATION_CONTEXT() REPRESENTATION_CONTEXT('2D SPACE',''
  ) );
#8844 = ORIENTED_EDGE('',*,*,#8701,.T.);
#8845 = ORIENTED_EDGE('',*,*,#834,.T.);
#8846 = ADVANCED_FACE('',(#8847),#3202,.T.);
#8847 = FACE_BOUND('',#8848,.T.);
#8848 = EDGE_LOOP('',(#8849,#8850,#8873,#8894));
#8849 = ORIENTED_EDGE('',*,*,#8775,.F.);
#8850 = ORIENTED_EDGE('',*,*,#8851,.T.);
#8851 = EDGE_CURVE('',#8752,#8852,#8854,.T.);
#8852 = VERTEX_POINT('',#8853);
#8853 = CARTESIAN_POINT('',(7.117199556939,32.729103035403,58.2));
#8854 = SURFACE_CURVE('',#8855,(#8859,#8866),.PCURVE_S1.);
#8855 = LINE('',#8856,#8857);
#8856 = CARTESIAN_POINT('',(7.607852166402,32.569680338581,58.2));
#8857 = VECTOR('',#8858,1.);
#8858 = DIRECTION('',(-0.951056516295,0.309016994375,5.551115123126E-16)
  );
#8859 = PCURVE('',#3202,#8860);
#8860 = DEFINITIONAL_REPRESENTATION('',(#8861),#8865);
#8861 = LINE('',#8862,#8863);
#8862 = CARTESIAN_POINT('',(0.,-1.));
#8863 = VECTOR('',#8864,1.);
#8864 = DIRECTION('',(-1.,0.));
#8865 = ( GEOMETRIC_REPRESENTATION_CONTEXT(2) 
PARAMETRIC_REPRESENTATION_CONTEXT() REPRESENTATION_CONTEXT('2D SPACE',''
  ) );
#8866 = PCURVE('',#6731,#8867);
#8867 = DEFINITIONAL_REPRESENTATION('',(#8868),#8872);
#8868 = LINE('',#8869,#8870);
#8869 = CARTESIAN_POINT('',(0.,0.));
#8870 = VECTOR('',#8871,1.);
#8871 = DIRECTION('',(1.,3.608224830032E-16));
#8872 = ( GEOMETRIC_REPRESENTATION_CONTEXT(2) 
PARAMETRIC_REPRESENTATION_CONTEXT() REPRESENTATION_CONTEXT('2D SPACE',''
  ) );
#8873 = ORIENTED_EDGE('',*,*,#8874,.T.);
#8874 = EDGE_CURVE('',#8852,#3159,#8875,.T.);
#8875 = SURFACE_CURVE('',#8876,(#8880,#8887),.PCURVE_S1.);
#8876 = LINE('',#8877,#8878);
#8877 = CARTESIAN_POINT('',(7.117199556939,32.729103035403,59.2));
#8878 = VECTOR('',#8879,1.);
#8879 = DIRECTION('',(-5.947623346206E-16,-1.110223024625E-16,-1.));
#8880 = PCURVE('',#3202,#8881);
#8881 = DEFINITIONAL_REPRESENTATION('',(#8882),#8886);
#8882 = LINE('',#8883,#8884);
#8883 = CARTESIAN_POINT('',(-0.515902684074,-1.249000902703E-15));
#8884 = VECTOR('',#8885,1.);
#8885 = DIRECTION('',(0.,-1.));
#8886 = ( GEOMETRIC_REPRESENTATION_CONTEXT(2) 
PARAMETRIC_REPRESENTATION_CONTEXT() REPRESENTATION_CONTEXT('2D SPACE',''
  ) );
#8887 = PCURVE('',#3174,#8888);
#8888 = DEFINITIONAL_REPRESENTATION('',(#8889),#8893);
#8889 = LINE('',#8890,#8891);
#8890 = CARTESIAN_POINT('',(-0.515902684074,-1.110223024625E-16));
#8891 = VECTOR('',#8892,1.);
#8892 = DIRECTION('',(5.551115123126E-17,-1.));
#8893 = ( GEOMETRIC_REPRESENTATION_CONTEXT(2) 
PARAMETRIC_REPRESENTATION_CONTEXT() REPRESENTATION_CONTEXT('2D SPACE',''
  ) );
#8894 = ORIENTED_EDGE('',*,*,#3186,.F.);
#8895 = ADVANCED_FACE('',(#8896),#879,.F.);
#8896 = FACE_BOUND('',#8897,.T.);
#8897 = EDGE_LOOP('',(#8898,#8921,#8942,#8943));
#8898 = ORIENTED_EDGE('',*,*,#8899,.F.);
#8899 = EDGE_CURVE('',#8900,#864,#8902,.T.);
#8900 = VERTEX_POINT('',#8901);
#8901 = CARTESIAN_POINT('',(12.078524887433,64.053678355611,58.2));
#8902 = SURFACE_CURVE('',#8903,(#8907,#8914),.PCURVE_S1.);
#8903 = LINE('',#8904,#8905);
#8904 = CARTESIAN_POINT('',(12.078524887433,64.053678355611,59.2));
#8905 = VECTOR('',#8906,1.);
#8906 = DIRECTION('',(-5.947623346206E-16,-1.110223024625E-16,-1.));
#8907 = PCURVE('',#879,#8908);
#8908 = DEFINITIONAL_REPRESENTATION('',(#8909),#8913);
#8909 = LINE('',#8910,#8911);
#8910 = CARTESIAN_POINT('',(4.110869608137E-17,-0.515902684074));
#8911 = VECTOR('',#8912,1.);
#8912 = DIRECTION('',(1.,6.162975822039E-32));
#8913 = ( GEOMETRIC_REPRESENTATION_CONTEXT(2) 
PARAMETRIC_REPRESENTATION_CONTEXT() REPRESENTATION_CONTEXT('2D SPACE',''
  ) );
#8914 = PCURVE('',#907,#8915);
#8915 = DEFINITIONAL_REPRESENTATION('',(#8916),#8920);
#8916 = LINE('',#8917,#8918);
#8917 = CARTESIAN_POINT('',(-0.515902684074,3.608224830032E-16));
#8918 = VECTOR('',#8919,1.);
#8919 = DIRECTION('',(0.,-1.));
#8920 = ( GEOMETRIC_REPRESENTATION_CONTEXT(2) 
PARAMETRIC_REPRESENTATION_CONTEXT() REPRESENTATION_CONTEXT('2D SPACE',''
  ) );
#8921 = ORIENTED_EDGE('',*,*,#8922,.T.);
#8922 = EDGE_CURVE('',#8900,#8801,#8923,.T.);
#8923 = SURFACE_CURVE('',#8924,(#8928,#8935),.PCURVE_S1.);
#8924 = LINE('',#8925,#8926);
#8925 = CARTESIAN_POINT('',(13.110330255582,64.053678355611,58.2));
#8926 = VECTOR('',#8927,1.);
#8927 = DIRECTION('',(1.,-9.42935300772E-31,-5.947623346206E-16));
#8928 = PCURVE('',#879,#8929);
#8929 = DEFINITIONAL_REPRESENTATION('',(#8930),#8934);
#8930 = LINE('',#8931,#8932);
#8931 = CARTESIAN_POINT('',(1.,0.515902684074));
#8932 = VECTOR('',#8933,1.);
#8933 = DIRECTION('',(7.395570986447E-32,1.));
#8934 = ( GEOMETRIC_REPRESENTATION_CONTEXT(2) 
PARAMETRIC_REPRESENTATION_CONTEXT() REPRESENTATION_CONTEXT('2D SPACE',''
  ) );
#8935 = PCURVE('',#4408,#8936);
#8936 = DEFINITIONAL_REPRESENTATION('',(#8937),#8941);
#8937 = LINE('',#8938,#8939);
#8938 = CARTESIAN_POINT('',(13.110330255582,1.414213562373));
#8939 = VECTOR('',#8940,1.);
#8940 = DIRECTION('',(1.,-3.697785493223E-32));
#8941 = ( GEOMETRIC_REPRESENTATION_CONTEXT(2) 
PARAMETRIC_REPRESENTATION_CONTEXT() REPRESENTATION_CONTEXT('2D SPACE',''
  ) );
#8942 = ORIENTED_EDGE('',*,*,#8800,.T.);
#8943 = ORIENTED_EDGE('',*,*,#863,.T.);
#8944 = ADVANCED_FACE('',(#8945),#3174,.F.);
#8945 = FACE_BOUND('',#8946,.T.);
#8946 = EDGE_LOOP('',(#8947,#8948,#8971,#8992));
#8947 = ORIENTED_EDGE('',*,*,#8874,.F.);
#8948 = ORIENTED_EDGE('',*,*,#8949,.T.);
#8949 = EDGE_CURVE('',#8852,#8950,#8952,.T.);
#8950 = VERTEX_POINT('',#8951);
#8951 = CARTESIAN_POINT('',(6.648769722219,31.80975772069,58.2));
#8952 = SURFACE_CURVE('',#8953,(#8957,#8964),.PCURVE_S1.);
#8953 = LINE('',#8954,#8955);
#8954 = CARTESIAN_POINT('',(6.648769722219,31.80975772069,58.2));
#8955 = VECTOR('',#8956,1.);
#8956 = DIRECTION('',(-0.45399049974,-0.891006524188,3.330669073875E-16)
  );
#8957 = PCURVE('',#3174,#8958);
#8958 = DEFINITIONAL_REPRESENTATION('',(#8959),#8963);
#8959 = LINE('',#8960,#8961);
#8960 = CARTESIAN_POINT('',(0.515902684074,-1.));
#8961 = VECTOR('',#8962,1.);
#8962 = DIRECTION('',(1.,0.));
#8963 = ( GEOMETRIC_REPRESENTATION_CONTEXT(2) 
PARAMETRIC_REPRESENTATION_CONTEXT() REPRESENTATION_CONTEXT('2D SPACE',''
  ) );
#8964 = PCURVE('',#6703,#8965);
#8965 = DEFINITIONAL_REPRESENTATION('',(#8966),#8970);
#8966 = LINE('',#8967,#8968);
#8967 = CARTESIAN_POINT('',(13.110330255582,1.414213562373));
#8968 = VECTOR('',#8969,1.);
#8969 = DIRECTION('',(1.,5.273559366969E-16));
#8970 = ( GEOMETRIC_REPRESENTATION_CONTEXT(2) 
PARAMETRIC_REPRESENTATION_CONTEXT() REPRESENTATION_CONTEXT('2D SPACE',''
  ) );
#8971 = ORIENTED_EDGE('',*,*,#8972,.T.);
#8972 = EDGE_CURVE('',#8950,#3130,#8973,.T.);
#8973 = SURFACE_CURVE('',#8974,(#8978,#8985),.PCURVE_S1.);
#8974 = LINE('',#8975,#8976);
#8975 = CARTESIAN_POINT('',(6.648769722219,31.80975772069,59.2));
#8976 = VECTOR('',#8977,1.);
#8977 = DIRECTION('',(-5.947623346206E-16,-1.110223024625E-16,-1.));
#8978 = PCURVE('',#3174,#8979);
#8979 = DEFINITIONAL_REPRESENTATION('',(#8980),#8984);
#8980 = LINE('',#8981,#8982);
#8981 = CARTESIAN_POINT('',(0.515902684074,2.498001805407E-16));
#8982 = VECTOR('',#8983,1.);
#8983 = DIRECTION('',(5.551115123126E-17,-1.));
#8984 = ( GEOMETRIC_REPRESENTATION_CONTEXT(2) 
PARAMETRIC_REPRESENTATION_CONTEXT() REPRESENTATION_CONTEXT('2D SPACE',''
  ) );
#8985 = PCURVE('',#3146,#8986);
#8986 = DEFINITIONAL_REPRESENTATION('',(#8987),#8991);
#8987 = LINE('',#8988,#8989);
#8988 = CARTESIAN_POINT('',(4.360386799052,0.));
#8989 = VECTOR('',#8990,1.);
#8990 = DIRECTION('',(0.,1.));
#8991 = ( GEOMETRIC_REPRESENTATION_CONTEXT(2) 
PARAMETRIC_REPRESENTATION_CONTEXT() REPRESENTATION_CONTEXT('2D SPACE',''
  ) );
#8992 = ORIENTED_EDGE('',*,*,#3158,.T.);
#8993 = ADVANCED_FACE('',(#8994),#907,.T.);
#8994 = FACE_BOUND('',#8995,.T.);
#8995 = EDGE_LOOP('',(#8996,#9019,#9040,#9041));
#8996 = ORIENTED_EDGE('',*,*,#8997,.F.);
#8997 = EDGE_CURVE('',#8998,#892,#9000,.T.);
#8998 = VERTEX_POINT('',#8999);
#8999 = CARTESIAN_POINT('',(11.917114966642,65.072780487495,58.2));
#9000 = SURFACE_CURVE('',#9001,(#9005,#9012),.PCURVE_S1.);
#9001 = LINE('',#9002,#9003);
#9002 = CARTESIAN_POINT('',(11.917114966642,65.072780487495,59.2));
#9003 = VECTOR('',#9004,1.);
#9004 = DIRECTION('',(-5.947623346206E-16,-1.110223024625E-16,-1.));
#9005 = PCURVE('',#907,#9006);
#9006 = DEFINITIONAL_REPRESENTATION('',(#9007),#9011);
#9007 = LINE('',#9008,#9009);
#9008 = CARTESIAN_POINT('',(0.515902684074,1.7763568394E-15));
#9009 = VECTOR('',#9010,1.);
#9010 = DIRECTION('',(0.,-1.));
#9011 = ( GEOMETRIC_REPRESENTATION_CONTEXT(2) 
PARAMETRIC_REPRESENTATION_CONTEXT() REPRESENTATION_CONTEXT('2D SPACE',''
  ) );
#9012 = PCURVE('',#936,#9013);
#9013 = DEFINITIONAL_REPRESENTATION('',(#9014),#9018);
#9014 = LINE('',#9015,#9016);
#9015 = CARTESIAN_POINT('',(2.236957773486,0.));
#9016 = VECTOR('',#9017,1.);
#9017 = DIRECTION('',(0.,1.));
#9018 = ( GEOMETRIC_REPRESENTATION_CONTEXT(2) 
PARAMETRIC_REPRESENTATION_CONTEXT() REPRESENTATION_CONTEXT('2D SPACE',''
  ) );
#9019 = ORIENTED_EDGE('',*,*,#9020,.T.);
#9020 = EDGE_CURVE('',#8998,#8900,#9021,.T.);
#9021 = SURFACE_CURVE('',#9022,(#9026,#9033),.PCURVE_S1.);
#9022 = LINE('',#9023,#9024);
#9023 = CARTESIAN_POINT('',(11.997819927037,64.563229421553,58.2));
#9024 = VECTOR('',#9025,1.);
#9025 = DIRECTION('',(0.15643446504,-0.987688340595,5.551115123126E-17)
  );
#9026 = PCURVE('',#907,#9027);
#9027 = DEFINITIONAL_REPRESENTATION('',(#9028),#9032);
#9028 = LINE('',#9029,#9030);
#9029 = CARTESIAN_POINT('',(-6.661338147751E-16,-1.));
#9030 = VECTOR('',#9031,1.);
#9031 = DIRECTION('',(-1.,0.));
#9032 = ( GEOMETRIC_REPRESENTATION_CONTEXT(2) 
PARAMETRIC_REPRESENTATION_CONTEXT() REPRESENTATION_CONTEXT('2D SPACE',''
  ) );
#9033 = PCURVE('',#4436,#9034);
#9034 = DEFINITIONAL_REPRESENTATION('',(#9035),#9039);
#9035 = LINE('',#9036,#9037);
#9036 = CARTESIAN_POINT('',(0.,0.));
#9037 = VECTOR('',#9038,1.);
#9038 = DIRECTION('',(1.,1.665334536938E-16));
#9039 = ( GEOMETRIC_REPRESENTATION_CONTEXT(2) 
PARAMETRIC_REPRESENTATION_CONTEXT() REPRESENTATION_CONTEXT('2D SPACE',''
  ) );
#9040 = ORIENTED_EDGE('',*,*,#8899,.T.);
#9041 = ORIENTED_EDGE('',*,*,#891,.F.);
#9042 = ADVANCED_FACE('',(#9043),#3146,.T.);
#9043 = FACE_BOUND('',#9044,.T.);
#9044 = EDGE_LOOP('',(#9045,#9046,#9070,#9091));
#9045 = ORIENTED_EDGE('',*,*,#8972,.F.);
#9046 = ORIENTED_EDGE('',*,*,#9047,.F.);
#9047 = EDGE_CURVE('',#9048,#8950,#9050,.T.);
#9048 = VERTEX_POINT('',#9049);
#9049 = CARTESIAN_POINT('',(5.260994572786,31.358842240697,58.2));
#9050 = SURFACE_CURVE('',#9051,(#9056,#9063),.PCURVE_S1.);
#9051 = CIRCLE('',#9052,19.284210105952);
#9052 = AXIS2_PLACEMENT_3D('',#9053,#9054,#9055);
#9053 = CARTESIAN_POINT('',(-4.956035581927E-13,49.911542731882,58.2));
#9054 = DIRECTION('',(5.947623346206E-16,1.110223024625E-16,1.));
#9055 = DIRECTION('',(1.,-9.42935300772E-31,-5.947623346206E-16));
#9056 = PCURVE('',#3146,#9057);
#9057 = DEFINITIONAL_REPRESENTATION('',(#9058),#9062);
#9058 = LINE('',#9059,#9060);
#9059 = CARTESIAN_POINT('',(9.424777960769,1.));
#9060 = VECTOR('',#9061,1.);
#9061 = DIRECTION('',(-1.,0.));
#9062 = ( GEOMETRIC_REPRESENTATION_CONTEXT(2) 
PARAMETRIC_REPRESENTATION_CONTEXT() REPRESENTATION_CONTEXT('2D SPACE',''
  ) );
#9063 = PCURVE('',#6675,#9064);
#9064 = DEFINITIONAL_REPRESENTATION('',(#9065),#9069);
#9065 = LINE('',#9066,#9067);
#9066 = CARTESIAN_POINT('',(9.424777960769,1.));
#9067 = VECTOR('',#9068,1.);
#9068 = DIRECTION('',(-1.,2.489383946701E-14));
#9069 = ( GEOMETRIC_REPRESENTATION_CONTEXT(2) 
PARAMETRIC_REPRESENTATION_CONTEXT() REPRESENTATION_CONTEXT('2D SPACE',''
  ) );
#9070 = ORIENTED_EDGE('',*,*,#9071,.T.);
#9071 = EDGE_CURVE('',#9048,#3102,#9072,.T.);
#9072 = SURFACE_CURVE('',#9073,(#9077,#9084),.PCURVE_S1.);
#9073 = LINE('',#9074,#9075);
#9074 = CARTESIAN_POINT('',(5.260994572786,31.358842240697,59.2));
#9075 = VECTOR('',#9076,1.);
#9076 = DIRECTION('',(-5.947623346206E-16,-1.110223024625E-16,-1.));
#9077 = PCURVE('',#3146,#9078);
#9078 = DEFINITIONAL_REPRESENTATION('',(#9079),#9083);
#9079 = LINE('',#9080,#9081);
#9080 = CARTESIAN_POINT('',(4.436072630999,0.));
#9081 = VECTOR('',#9082,1.);
#9082 = DIRECTION('',(0.,1.));
#9083 = ( GEOMETRIC_REPRESENTATION_CONTEXT(2) 
PARAMETRIC_REPRESENTATION_CONTEXT() REPRESENTATION_CONTEXT('2D SPACE',''
  ) );
#9084 = PCURVE('',#3117,#9085);
#9085 = DEFINITIONAL_REPRESENTATION('',(#9086),#9090);
#9086 = LINE('',#9087,#9088);
#9087 = CARTESIAN_POINT('',(0.515902684074,-5.273559366969E-16));
#9088 = VECTOR('',#9089,1.);
#9089 = DIRECTION('',(0.,-1.));
#9090 = ( GEOMETRIC_REPRESENTATION_CONTEXT(2) 
PARAMETRIC_REPRESENTATION_CONTEXT() REPRESENTATION_CONTEXT('2D SPACE',''
  ) );
#9091 = ORIENTED_EDGE('',*,*,#3129,.T.);
#9092 = ADVANCED_FACE('',(#9093),#936,.T.);
#9093 = FACE_BOUND('',#9094,.T.);
#9094 = EDGE_LOOP('',(#9095,#9118,#9140,#9141));
#9095 = ORIENTED_EDGE('',*,*,#9096,.F.);
#9096 = EDGE_CURVE('',#9097,#920,#9099,.T.);
#9097 = VERTEX_POINT('',#9098);
#9098 = CARTESIAN_POINT('',(10.736602913966,65.930472698587,58.2));
#9099 = SURFACE_CURVE('',#9100,(#9104,#9111),.PCURVE_S1.);
#9100 = LINE('',#9101,#9102);
#9101 = CARTESIAN_POINT('',(10.736602913966,65.930472698587,59.2));
#9102 = VECTOR('',#9103,1.);
#9103 = DIRECTION('',(-5.947623346206E-16,-1.110223024625E-16,-1.));
#9104 = PCURVE('',#936,#9105);
#9105 = DEFINITIONAL_REPRESENTATION('',(#9106),#9110);
#9106 = LINE('',#9107,#9108);
#9107 = CARTESIAN_POINT('',(2.161271941539,0.));
#9108 = VECTOR('',#9109,1.);
#9109 = DIRECTION('',(0.,1.));
#9110 = ( GEOMETRIC_REPRESENTATION_CONTEXT(2) 
PARAMETRIC_REPRESENTATION_CONTEXT() REPRESENTATION_CONTEXT('2D SPACE',''
  ) );
#9111 = PCURVE('',#964,#9112);
#9112 = DEFINITIONAL_REPRESENTATION('',(#9113),#9117);
#9113 = LINE('',#9114,#9115);
#9114 = CARTESIAN_POINT('',(0.515902684074,-3.975986206939E-15));
#9115 = VECTOR('',#9116,1.);
#9116 = DIRECTION('',(0.,-1.));
#9117 = ( GEOMETRIC_REPRESENTATION_CONTEXT(2) 
PARAMETRIC_REPRESENTATION_CONTEXT() REPRESENTATION_CONTEXT('2D SPACE',''
  ) );
#9118 = ORIENTED_EDGE('',*,*,#9119,.F.);
#9119 = EDGE_CURVE('',#8998,#9097,#9120,.T.);
#9120 = SURFACE_CURVE('',#9121,(#9126,#9133),.PCURVE_S1.);
#9121 = CIRCLE('',#9122,19.284210105952);
#9122 = AXIS2_PLACEMENT_3D('',#9123,#9124,#9125);
#9123 = CARTESIAN_POINT('',(-7.505107646466E-13,49.911542731879,58.2));
#9124 = DIRECTION('',(5.947623346206E-16,1.110223024625E-16,1.));
#9125 = DIRECTION('',(1.,-9.42935300772E-31,-5.947623346206E-16));
#9126 = PCURVE('',#936,#9127);
#9127 = DEFINITIONAL_REPRESENTATION('',(#9128),#9132);
#9128 = LINE('',#9129,#9130);
#9129 = CARTESIAN_POINT('',(3.14159265359,1.));
#9130 = VECTOR('',#9131,1.);
#9131 = DIRECTION('',(-1.,0.));
#9132 = ( GEOMETRIC_REPRESENTATION_CONTEXT(2) 
PARAMETRIC_REPRESENTATION_CONTEXT() REPRESENTATION_CONTEXT('2D SPACE',''
  ) );
#9133 = PCURVE('',#4465,#9134);
#9134 = DEFINITIONAL_REPRESENTATION('',(#9135),#9139);
#9135 = LINE('',#9136,#9137);
#9136 = CARTESIAN_POINT('',(3.14159265359,1.));
#9137 = VECTOR('',#9138,1.);
#9138 = DIRECTION('',(-1.,0.));
#9139 = ( GEOMETRIC_REPRESENTATION_CONTEXT(2) 
PARAMETRIC_REPRESENTATION_CONTEXT() REPRESENTATION_CONTEXT('2D SPACE',''
  ) );
#9140 = ORIENTED_EDGE('',*,*,#8997,.T.);
#9141 = ORIENTED_EDGE('',*,*,#919,.T.);
#9142 = ADVANCED_FACE('',(#9143),#3117,.T.);
#9143 = FACE_BOUND('',#9144,.T.);
#9144 = EDGE_LOOP('',(#9145,#9146,#9169,#9190));
#9145 = ORIENTED_EDGE('',*,*,#9071,.F.);
#9146 = ORIENTED_EDGE('',*,*,#9147,.T.);
#9147 = EDGE_CURVE('',#9048,#9148,#9150,.T.);
#9148 = VERTEX_POINT('',#9149);
#9149 = CARTESIAN_POINT('',(4.341649258073,31.827272075417,58.2));
#9150 = SURFACE_CURVE('',#9151,(#9155,#9162),.PCURVE_S1.);
#9151 = LINE('',#9152,#9153);
#9152 = CARTESIAN_POINT('',(4.801321915429,31.593057158057,58.2));
#9153 = VECTOR('',#9154,1.);
#9154 = DIRECTION('',(-0.891006524188,0.45399049974,4.996003610813E-16)
  );
#9155 = PCURVE('',#3117,#9156);
#9156 = DEFINITIONAL_REPRESENTATION('',(#9157),#9161);
#9157 = LINE('',#9158,#9159);
#9158 = CARTESIAN_POINT('',(-2.775557561563E-17,-1.));
#9159 = VECTOR('',#9160,1.);
#9160 = DIRECTION('',(-1.,-2.775557561563E-17));
#9161 = ( GEOMETRIC_REPRESENTATION_CONTEXT(2) 
PARAMETRIC_REPRESENTATION_CONTEXT() REPRESENTATION_CONTEXT('2D SPACE',''
  ) );
#9162 = PCURVE('',#6646,#9163);
#9163 = DEFINITIONAL_REPRESENTATION('',(#9164),#9168);
#9164 = LINE('',#9165,#9166);
#9165 = CARTESIAN_POINT('',(0.,0.));
#9166 = VECTOR('',#9167,1.);
#9167 = DIRECTION('',(1.,5.273559366969E-16));
#9168 = ( GEOMETRIC_REPRESENTATION_CONTEXT(2) 
PARAMETRIC_REPRESENTATION_CONTEXT() REPRESENTATION_CONTEXT('2D SPACE',''
  ) );
#9169 = ORIENTED_EDGE('',*,*,#9170,.T.);
#9170 = EDGE_CURVE('',#9148,#3074,#9171,.T.);
#9171 = SURFACE_CURVE('',#9172,(#9176,#9183),.PCURVE_S1.);
#9172 = LINE('',#9173,#9174);
#9173 = CARTESIAN_POINT('',(4.341649258073,31.827272075417,59.2));
#9174 = VECTOR('',#9175,1.);
#9175 = DIRECTION('',(-5.947623346206E-16,-1.110223024625E-16,-1.));
#9176 = PCURVE('',#3117,#9177);
#9177 = DEFINITIONAL_REPRESENTATION('',(#9178),#9182);
#9178 = LINE('',#9179,#9180);
#9179 = CARTESIAN_POINT('',(-0.515902684074,5.273559366969E-16));
#9180 = VECTOR('',#9181,1.);
#9181 = DIRECTION('',(0.,-1.));
#9182 = ( GEOMETRIC_REPRESENTATION_CONTEXT(2) 
PARAMETRIC_REPRESENTATION_CONTEXT() REPRESENTATION_CONTEXT('2D SPACE',''
  ) );
#9183 = PCURVE('',#3089,#9184);
#9184 = DEFINITIONAL_REPRESENTATION('',(#9185),#9189);
#9185 = LINE('',#9186,#9187);
#9186 = CARTESIAN_POINT('',(-0.515902684074,-1.942890293094E-16));
#9187 = VECTOR('',#9188,1.);
#9188 = DIRECTION('',(-5.551115123126E-17,-1.));
#9189 = ( GEOMETRIC_REPRESENTATION_CONTEXT(2) 
PARAMETRIC_REPRESENTATION_CONTEXT() REPRESENTATION_CONTEXT('2D SPACE',''
  ) );
#9190 = ORIENTED_EDGE('',*,*,#3101,.F.);
#9191 = ADVANCED_FACE('',(#9192),#964,.F.);
#9192 = FACE_BOUND('',#9193,.T.);
#9193 = EDGE_LOOP('',(#9194,#9217,#9238,#9239));
#9194 = ORIENTED_EDGE('',*,*,#9195,.F.);
#9195 = EDGE_CURVE('',#9196,#949,#9198,.T.);
#9196 = VERTEX_POINT('',#9197);
#9197 = CARTESIAN_POINT('',(9.717500782081,65.769062777795,58.2));
#9198 = SURFACE_CURVE('',#9199,(#9203,#9210),.PCURVE_S1.);
#9199 = LINE('',#9200,#9201);
#9200 = CARTESIAN_POINT('',(9.717500782081,65.769062777795,59.2));
#9201 = VECTOR('',#9202,1.);
#9202 = DIRECTION('',(-5.947623346206E-16,-1.110223024625E-16,-1.));
#9203 = PCURVE('',#964,#9204);
#9204 = DEFINITIONAL_REPRESENTATION('',(#9205),#9209);
#9205 = LINE('',#9206,#9207);
#9206 = CARTESIAN_POINT('',(-0.515902684074,-2.650657471293E-15));
#9207 = VECTOR('',#9208,1.);
#9208 = DIRECTION('',(0.,-1.));
#9209 = ( GEOMETRIC_REPRESENTATION_CONTEXT(2) 
PARAMETRIC_REPRESENTATION_CONTEXT() REPRESENTATION_CONTEXT('2D SPACE',''
  ) );
#9210 = PCURVE('',#992,#9211);
#9211 = DEFINITIONAL_REPRESENTATION('',(#9212),#9216);
#9212 = LINE('',#9213,#9214);
#9213 = CARTESIAN_POINT('',(-0.515902684074,1.387778780781E-15));
#9214 = VECTOR('',#9215,1.);
#9215 = DIRECTION('',(-5.551115123126E-17,-1.));
#9216 = ( GEOMETRIC_REPRESENTATION_CONTEXT(2) 
PARAMETRIC_REPRESENTATION_CONTEXT() REPRESENTATION_CONTEXT('2D SPACE',''
  ) );
#9217 = ORIENTED_EDGE('',*,*,#9218,.T.);
#9218 = EDGE_CURVE('',#9196,#9097,#9219,.T.);
#9219 = SURFACE_CURVE('',#9220,(#9224,#9231),.PCURVE_S1.);
#9220 = LINE('',#9221,#9222);
#9221 = CARTESIAN_POINT('',(10.736602913966,65.930472698587,58.2));
#9222 = VECTOR('',#9223,1.);
#9223 = DIRECTION('',(0.987688340595,0.15643446504,-6.106226635438E-16)
  );
#9224 = PCURVE('',#964,#9225);
#9225 = DEFINITIONAL_REPRESENTATION('',(#9226),#9230);
#9226 = LINE('',#9227,#9228);
#9227 = CARTESIAN_POINT('',(0.515902684074,-1.));
#9228 = VECTOR('',#9229,1.);
#9229 = DIRECTION('',(1.,0.));
#9230 = ( GEOMETRIC_REPRESENTATION_CONTEXT(2) 
PARAMETRIC_REPRESENTATION_CONTEXT() REPRESENTATION_CONTEXT('2D SPACE',''
  ) );
#9231 = PCURVE('',#4493,#9232);
#9232 = DEFINITIONAL_REPRESENTATION('',(#9233),#9237);
#9233 = LINE('',#9234,#9235);
#9234 = CARTESIAN_POINT('',(13.110330255582,1.414213562373));
#9235 = VECTOR('',#9236,1.);
#9236 = DIRECTION('',(1.,1.804112415016E-16));
#9237 = ( GEOMETRIC_REPRESENTATION_CONTEXT(2) 
PARAMETRIC_REPRESENTATION_CONTEXT() REPRESENTATION_CONTEXT('2D SPACE',''
  ) );
#9238 = ORIENTED_EDGE('',*,*,#9096,.T.);
#9239 = ORIENTED_EDGE('',*,*,#948,.T.);
#9240 = ADVANCED_FACE('',(#9241),#3089,.F.);
#9241 = FACE_BOUND('',#9242,.T.);
#9242 = EDGE_LOOP('',(#9243,#9244,#9267,#9288));
#9243 = ORIENTED_EDGE('',*,*,#9170,.F.);
#9244 = ORIENTED_EDGE('',*,*,#9245,.T.);
#9245 = EDGE_CURVE('',#9148,#9246,#9248,.T.);
#9246 = VERTEX_POINT('',#9247);
#9247 = CARTESIAN_POINT('',(3.735169279439,30.992523997697,58.2));
#9248 = SURFACE_CURVE('',#9249,(#9253,#9260),.PCURVE_S1.);
#9249 = LINE('',#9250,#9251);
#9250 = CARTESIAN_POINT('',(3.735169279439,30.992523997697,58.2));
#9251 = VECTOR('',#9252,1.);
#9252 = DIRECTION('',(-0.587785252292,-0.809016994375,3.885780586188E-16
    ));
#9253 = PCURVE('',#3089,#9254);
#9254 = DEFINITIONAL_REPRESENTATION('',(#9255),#9259);
#9255 = LINE('',#9256,#9257);
#9256 = CARTESIAN_POINT('',(0.515902684074,-1.));
#9257 = VECTOR('',#9258,1.);
#9258 = DIRECTION('',(1.,0.));
#9259 = ( GEOMETRIC_REPRESENTATION_CONTEXT(2) 
PARAMETRIC_REPRESENTATION_CONTEXT() REPRESENTATION_CONTEXT('2D SPACE',''
  ) );
#9260 = PCURVE('',#6618,#9261);
#9261 = DEFINITIONAL_REPRESENTATION('',(#9262),#9266);
#9262 = LINE('',#9263,#9264);
#9263 = CARTESIAN_POINT('',(13.110330255582,1.414213562373));
#9264 = VECTOR('',#9265,1.);
#9265 = DIRECTION('',(1.,4.718447854657E-16));
#9266 = ( GEOMETRIC_REPRESENTATION_CONTEXT(2) 
PARAMETRIC_REPRESENTATION_CONTEXT() REPRESENTATION_CONTEXT('2D SPACE',''
  ) );
#9267 = ORIENTED_EDGE('',*,*,#9268,.T.);
#9268 = EDGE_CURVE('',#9246,#3045,#9269,.T.);
#9269 = SURFACE_CURVE('',#9270,(#9274,#9281),.PCURVE_S1.);
#9270 = LINE('',#9271,#9272);
#9271 = CARTESIAN_POINT('',(3.735169279439,30.992523997697,59.2));
#9272 = VECTOR('',#9273,1.);
#9273 = DIRECTION('',(-5.947623346206E-16,-1.110223024625E-16,-1.));
#9274 = PCURVE('',#3089,#9275);
#9275 = DEFINITIONAL_REPRESENTATION('',(#9276),#9280);
#9276 = LINE('',#9277,#9278);
#9277 = CARTESIAN_POINT('',(0.515902684074,-1.387778780781E-15));
#9278 = VECTOR('',#9279,1.);
#9279 = DIRECTION('',(-5.551115123126E-17,-1.));
#9280 = ( GEOMETRIC_REPRESENTATION_CONTEXT(2) 
PARAMETRIC_REPRESENTATION_CONTEXT() REPRESENTATION_CONTEXT('2D SPACE',''
  ) );
#9281 = PCURVE('',#3061,#9282);
#9282 = DEFINITIONAL_REPRESENTATION('',(#9283),#9287);
#9283 = LINE('',#9284,#9285);
#9284 = CARTESIAN_POINT('',(4.517466431732,0.));
#9285 = VECTOR('',#9286,1.);
#9286 = DIRECTION('',(0.,1.));
#9287 = ( GEOMETRIC_REPRESENTATION_CONTEXT(2) 
PARAMETRIC_REPRESENTATION_CONTEXT() REPRESENTATION_CONTEXT('2D SPACE',''
  ) );
#9288 = ORIENTED_EDGE('',*,*,#3073,.T.);
#9289 = ADVANCED_FACE('',(#9290),#992,.T.);
#9290 = FACE_BOUND('',#9291,.T.);
#9291 = EDGE_LOOP('',(#9292,#9315,#9336,#9337));
#9292 = ORIENTED_EDGE('',*,*,#9293,.F.);
#9293 = EDGE_CURVE('',#9294,#977,#9296,.T.);
#9294 = VERTEX_POINT('',#9295);
#9295 = CARTESIAN_POINT('',(9.398655388436,66.750367996721,58.2));
#9296 = SURFACE_CURVE('',#9297,(#9301,#9308),.PCURVE_S1.);
#9297 = LINE('',#9298,#9299);
#9298 = CARTESIAN_POINT('',(9.398655388436,66.750367996721,59.2));
#9299 = VECTOR('',#9300,1.);
#9300 = DIRECTION('',(-5.947623346206E-16,-1.110223024625E-16,-1.));
#9301 = PCURVE('',#992,#9302);
#9302 = DEFINITIONAL_REPRESENTATION('',(#9303),#9307);
#9303 = LINE('',#9304,#9305);
#9304 = CARTESIAN_POINT('',(0.515902684074,2.164934898019E-15));
#9305 = VECTOR('',#9306,1.);
#9306 = DIRECTION('',(-5.551115123126E-17,-1.));
#9307 = ( GEOMETRIC_REPRESENTATION_CONTEXT(2) 
PARAMETRIC_REPRESENTATION_CONTEXT() REPRESENTATION_CONTEXT('2D SPACE',''
  ) );
#9308 = PCURVE('',#1021,#9309);
#9309 = DEFINITIONAL_REPRESENTATION('',(#9310),#9314);
#9310 = LINE('',#9311,#9312);
#9311 = CARTESIAN_POINT('',(2.079878140807,0.));
#9312 = VECTOR('',#9313,1.);
#9313 = DIRECTION('',(0.,1.));
#9314 = ( GEOMETRIC_REPRESENTATION_CONTEXT(2) 
PARAMETRIC_REPRESENTATION_CONTEXT() REPRESENTATION_CONTEXT('2D SPACE',''
  ) );
#9315 = ORIENTED_EDGE('',*,*,#9316,.T.);
#9316 = EDGE_CURVE('',#9294,#9196,#9317,.T.);
#9317 = SURFACE_CURVE('',#9318,(#9322,#9329),.PCURVE_S1.);
#9318 = LINE('',#9319,#9320);
#9319 = CARTESIAN_POINT('',(9.558078085259,66.259715387258,58.2));
#9320 = VECTOR('',#9321,1.);
#9321 = DIRECTION('',(0.309016994375,-0.951056516295,-1.110223024625E-16
    ));
#9322 = PCURVE('',#992,#9323);
#9323 = DEFINITIONAL_REPRESENTATION('',(#9324),#9328);
#9324 = LINE('',#9325,#9326);
#9325 = CARTESIAN_POINT('',(-6.661338147751E-16,-1.));
#9326 = VECTOR('',#9327,1.);
#9327 = DIRECTION('',(-1.,-5.551115123126E-17));
#9328 = ( GEOMETRIC_REPRESENTATION_CONTEXT(2) 
PARAMETRIC_REPRESENTATION_CONTEXT() REPRESENTATION_CONTEXT('2D SPACE',''
  ) );
#9329 = PCURVE('',#4521,#9330);
#9330 = DEFINITIONAL_REPRESENTATION('',(#9331),#9335);
#9331 = LINE('',#9332,#9333);
#9332 = CARTESIAN_POINT('',(0.,0.));
#9333 = VECTOR('',#9334,1.);
#9334 = DIRECTION('',(1.,2.775557561563E-16));
#9335 = ( GEOMETRIC_REPRESENTATION_CONTEXT(2) 
PARAMETRIC_REPRESENTATION_CONTEXT() REPRESENTATION_CONTEXT('2D SPACE',''
  ) );
#9336 = ORIENTED_EDGE('',*,*,#9195,.T.);
#9337 = ORIENTED_EDGE('',*,*,#976,.F.);
#9338 = ADVANCED_FACE('',(#9339),#3061,.T.);
#9339 = FACE_BOUND('',#9340,.T.);
#9340 = EDGE_LOOP('',(#9341,#9342,#9366,#9387));
#9341 = ORIENTED_EDGE('',*,*,#9268,.F.);
#9342 = ORIENTED_EDGE('',*,*,#9343,.F.);
#9343 = EDGE_CURVE('',#9344,#9246,#9346,.T.);
#9344 = VERTEX_POINT('',#9345);
#9345 = CARTESIAN_POINT('',(2.293941223085,30.764255898611,58.2));
#9346 = SURFACE_CURVE('',#9347,(#9352,#9359),.PCURVE_S1.);
#9347 = CIRCLE('',#9348,19.284210105952);
#9348 = AXIS2_PLACEMENT_3D('',#9349,#9350,#9351);
#9349 = CARTESIAN_POINT('',(-3.561595462998E-13,49.911542731882,58.2));
#9350 = DIRECTION('',(5.947623346206E-16,1.110223024625E-16,1.));
#9351 = DIRECTION('',(1.,-9.42935300772E-31,-5.947623346206E-16));
#9352 = PCURVE('',#3061,#9353);
#9353 = DEFINITIONAL_REPRESENTATION('',(#9354),#9358);
#9354 = LINE('',#9355,#9356);
#9355 = CARTESIAN_POINT('',(9.424777960769,1.));
#9356 = VECTOR('',#9357,1.);
#9357 = DIRECTION('',(-1.,0.));
#9358 = ( GEOMETRIC_REPRESENTATION_CONTEXT(2) 
PARAMETRIC_REPRESENTATION_CONTEXT() REPRESENTATION_CONTEXT('2D SPACE',''
  ) );
#9359 = PCURVE('',#6590,#9360);
#9360 = DEFINITIONAL_REPRESENTATION('',(#9361),#9365);
#9361 = LINE('',#9362,#9363);
#9362 = CARTESIAN_POINT('',(9.424777960769,1.));
#9363 = VECTOR('',#9364,1.);
#9364 = DIRECTION('',(-1.,0.));
#9365 = ( GEOMETRIC_REPRESENTATION_CONTEXT(2) 
PARAMETRIC_REPRESENTATION_CONTEXT() REPRESENTATION_CONTEXT('2D SPACE',''
  ) );
#9366 = ORIENTED_EDGE('',*,*,#9367,.T.);
#9367 = EDGE_CURVE('',#9344,#3017,#9368,.T.);
#9368 = SURFACE_CURVE('',#9369,(#9373,#9380),.PCURVE_S1.);
#9369 = LINE('',#9370,#9371);
#9370 = CARTESIAN_POINT('',(2.293941223085,30.764255898611,59.2));
#9371 = VECTOR('',#9372,1.);
#9372 = DIRECTION('',(-5.947623346206E-16,-1.110223024625E-16,-1.));
#9373 = PCURVE('',#3061,#9374);
#9374 = DEFINITIONAL_REPRESENTATION('',(#9375),#9379);
#9375 = LINE('',#9376,#9377);
#9376 = CARTESIAN_POINT('',(4.593152263679,0.));
#9377 = VECTOR('',#9378,1.);
#9378 = DIRECTION('',(0.,1.));
#9379 = ( GEOMETRIC_REPRESENTATION_CONTEXT(2) 
PARAMETRIC_REPRESENTATION_CONTEXT() REPRESENTATION_CONTEXT('2D SPACE',''
  ) );
#9380 = PCURVE('',#3032,#9381);
#9381 = DEFINITIONAL_REPRESENTATION('',(#9382),#9386);
#9382 = LINE('',#9383,#9384);
#9383 = CARTESIAN_POINT('',(0.515902684074,1.665334536938E-15));
#9384 = VECTOR('',#9385,1.);
#9385 = DIRECTION('',(0.,-1.));
#9386 = ( GEOMETRIC_REPRESENTATION_CONTEXT(2) 
PARAMETRIC_REPRESENTATION_CONTEXT() REPRESENTATION_CONTEXT('2D SPACE',''
  ) );
#9387 = ORIENTED_EDGE('',*,*,#3044,.T.);
#9388 = ADVANCED_FACE('',(#9389),#1021,.T.);
#9389 = FACE_BOUND('',#9390,.T.);
#9390 = EDGE_LOOP('',(#9391,#9414,#9436,#9437));
#9391 = ORIENTED_EDGE('',*,*,#9392,.F.);
#9392 = EDGE_CURVE('',#9393,#1005,#9395,.T.);
#9393 = VERTEX_POINT('',#9394);
#9394 = CARTESIAN_POINT('',(8.098504775865,67.412827822002,58.2));
#9395 = SURFACE_CURVE('',#9396,(#9400,#9407),.PCURVE_S1.);
#9396 = LINE('',#9397,#9398);
#9397 = CARTESIAN_POINT('',(8.098504775865,67.412827822002,59.2));
#9398 = VECTOR('',#9399,1.);
#9399 = DIRECTION('',(-5.947623346206E-16,-1.110223024625E-16,-1.));
#9400 = PCURVE('',#1021,#9401);
#9401 = DEFINITIONAL_REPRESENTATION('',(#9402),#9406);
#9402 = LINE('',#9403,#9404);
#9403 = CARTESIAN_POINT('',(2.00419230886,0.));
#9404 = VECTOR('',#9405,1.);
#9405 = DIRECTION('',(0.,1.));
#9406 = ( GEOMETRIC_REPRESENTATION_CONTEXT(2) 
PARAMETRIC_REPRESENTATION_CONTEXT() REPRESENTATION_CONTEXT('2D SPACE',''
  ) );
#9407 = PCURVE('',#1049,#9408);
#9408 = DEFINITIONAL_REPRESENTATION('',(#9409),#9413);
#9409 = LINE('',#9410,#9411);
#9410 = CARTESIAN_POINT('',(0.515902684074,-2.886579864025E-15));
#9411 = VECTOR('',#9412,1.);
#9412 = DIRECTION('',(-2.775557561563E-17,-1.));
#9413 = ( GEOMETRIC_REPRESENTATION_CONTEXT(2) 
PARAMETRIC_REPRESENTATION_CONTEXT() REPRESENTATION_CONTEXT('2D SPACE',''
  ) );
#9414 = ORIENTED_EDGE('',*,*,#9415,.F.);
#9415 = EDGE_CURVE('',#9294,#9393,#9416,.T.);
#9416 = SURFACE_CURVE('',#9417,(#9422,#9429),.PCURVE_S1.);
#9417 = CIRCLE('',#9418,19.284210105951);
#9418 = AXIS2_PLACEMENT_3D('',#9419,#9420,#9421);
#9419 = CARTESIAN_POINT('',(-3.259614800299E-13,49.91154273188,58.2));
#9420 = DIRECTION('',(5.947623346206E-16,1.110223024625E-16,1.));
#9421 = DIRECTION('',(1.,-9.42935300772E-31,-5.947623346206E-16));
#9422 = PCURVE('',#1021,#9423);
#9423 = DEFINITIONAL_REPRESENTATION('',(#9424),#9428);
#9424 = LINE('',#9425,#9426);
#9425 = CARTESIAN_POINT('',(3.14159265359,1.));
#9426 = VECTOR('',#9427,1.);
#9427 = DIRECTION('',(-1.,0.));
#9428 = ( GEOMETRIC_REPRESENTATION_CONTEXT(2) 
PARAMETRIC_REPRESENTATION_CONTEXT() REPRESENTATION_CONTEXT('2D SPACE',''
  ) );
#9429 = PCURVE('',#4550,#9430);
#9430 = DEFINITIONAL_REPRESENTATION('',(#9431),#9435);
#9431 = LINE('',#9432,#9433);
#9432 = CARTESIAN_POINT('',(3.14159265359,1.));
#9433 = VECTOR('',#9434,1.);
#9434 = DIRECTION('',(-1.,2.489383946701E-14));
#9435 = ( GEOMETRIC_REPRESENTATION_CONTEXT(2) 
PARAMETRIC_REPRESENTATION_CONTEXT() REPRESENTATION_CONTEXT('2D SPACE',''
  ) );
#9436 = ORIENTED_EDGE('',*,*,#9293,.T.);
#9437 = ORIENTED_EDGE('',*,*,#1004,.T.);
#9438 = ADVANCED_FACE('',(#9439),#3032,.T.);
#9439 = FACE_BOUND('',#9440,.T.);
#9440 = EDGE_LOOP('',(#9441,#9442,#9465,#9486));
#9441 = ORIENTED_EDGE('',*,*,#9367,.F.);
#9442 = ORIENTED_EDGE('',*,*,#9443,.T.);
#9443 = EDGE_CURVE('',#9344,#9444,#9446,.T.);
#9444 = VERTEX_POINT('',#9445);
#9445 = CARTESIAN_POINT('',(1.459193145365,31.370735877245,58.2));
#9446 = SURFACE_CURVE('',#9447,(#9451,#9458),.PCURVE_S1.);
#9447 = LINE('',#9448,#9449);
#9448 = CARTESIAN_POINT('',(1.876567184225,31.067495887928,58.2));
#9449 = VECTOR('',#9450,1.);
#9450 = DIRECTION('',(-0.809016994375,0.587785252292,4.440892098501E-16)
  );
#9451 = PCURVE('',#3032,#9452);
#9452 = DEFINITIONAL_REPRESENTATION('',(#9453),#9457);
#9453 = LINE('',#9454,#9455);
#9454 = CARTESIAN_POINT('',(4.440892098501E-16,-1.));
#9455 = VECTOR('',#9456,1.);
#9456 = DIRECTION('',(-1.,0.));
#9457 = ( GEOMETRIC_REPRESENTATION_CONTEXT(2) 
PARAMETRIC_REPRESENTATION_CONTEXT() REPRESENTATION_CONTEXT('2D SPACE',''
  ) );
#9458 = PCURVE('',#6561,#9459);
#9459 = DEFINITIONAL_REPRESENTATION('',(#9460),#9464);
#9460 = LINE('',#9461,#9462);
#9461 = CARTESIAN_POINT('',(0.,0.));
#9462 = VECTOR('',#9463,1.);
#9463 = DIRECTION('',(1.,7.771561172376E-16));
#9464 = ( GEOMETRIC_REPRESENTATION_CONTEXT(2) 
PARAMETRIC_REPRESENTATION_CONTEXT() REPRESENTATION_CONTEXT('2D SPACE',''
  ) );
#9465 = ORIENTED_EDGE('',*,*,#9466,.T.);
#9466 = EDGE_CURVE('',#9444,#2989,#9467,.T.);
#9467 = SURFACE_CURVE('',#9468,(#9472,#9479),.PCURVE_S1.);
#9468 = LINE('',#9469,#9470);
#9469 = CARTESIAN_POINT('',(1.459193145365,31.370735877245,59.2));
#9470 = VECTOR('',#9471,1.);
#9471 = DIRECTION('',(-5.947623346206E-16,-1.110223024625E-16,-1.));
#9472 = PCURVE('',#3032,#9473);
#9473 = DEFINITIONAL_REPRESENTATION('',(#9474),#9478);
#9474 = LINE('',#9475,#9476);
#9475 = CARTESIAN_POINT('',(-0.515902684074,2.22044604925E-16));
#9476 = VECTOR('',#9477,1.);
#9477 = DIRECTION('',(0.,-1.));
#9478 = ( GEOMETRIC_REPRESENTATION_CONTEXT(2) 
PARAMETRIC_REPRESENTATION_CONTEXT() REPRESENTATION_CONTEXT('2D SPACE',''
  ) );
#9479 = PCURVE('',#3004,#9480);
#9480 = DEFINITIONAL_REPRESENTATION('',(#9481),#9485);
#9481 = LINE('',#9482,#9483);
#9482 = CARTESIAN_POINT('',(-0.515902684074,-2.053912595557E-15));
#9483 = VECTOR('',#9484,1.);
#9484 = DIRECTION('',(-5.551115123126E-17,-1.));
#9485 = ( GEOMETRIC_REPRESENTATION_CONTEXT(2) 
PARAMETRIC_REPRESENTATION_CONTEXT() REPRESENTATION_CONTEXT('2D SPACE',''
  ) );
#9486 = ORIENTED_EDGE('',*,*,#3016,.F.);
#9487 = ADVANCED_FACE('',(#9488),#1049,.F.);
#9488 = FACE_BOUND('',#9489,.T.);
#9489 = EDGE_LOOP('',(#9490,#9513,#9534,#9535));
#9490 = ORIENTED_EDGE('',*,*,#9491,.F.);
#9491 = EDGE_CURVE('',#9492,#1034,#9494,.T.);
#9492 = VERTEX_POINT('',#9493);
#9493 = CARTESIAN_POINT('',(7.117199556939,67.093982428357,58.2));
#9494 = SURFACE_CURVE('',#9495,(#9499,#9506),.PCURVE_S1.);
#9495 = LINE('',#9496,#9497);
#9496 = CARTESIAN_POINT('',(7.117199556939,67.093982428357,59.2));
#9497 = VECTOR('',#9498,1.);
#9498 = DIRECTION('',(-5.947623346206E-16,-1.110223024625E-16,-1.));
#9499 = PCURVE('',#1049,#9500);
#9500 = DEFINITIONAL_REPRESENTATION('',(#9501),#9505);
#9501 = LINE('',#9502,#9503);
#9502 = CARTESIAN_POINT('',(-0.515902684074,-1.151856388049E-15));
#9503 = VECTOR('',#9504,1.);
#9504 = DIRECTION('',(-2.775557561563E-17,-1.));
#9505 = ( GEOMETRIC_REPRESENTATION_CONTEXT(2) 
PARAMETRIC_REPRESENTATION_CONTEXT() REPRESENTATION_CONTEXT('2D SPACE',''
  ) );
#9506 = PCURVE('',#1077,#9507);
#9507 = DEFINITIONAL_REPRESENTATION('',(#9508),#9512);
#9508 = LINE('',#9509,#9510);
#9509 = CARTESIAN_POINT('',(-0.515902684074,2.720046410332E-15));
#9510 = VECTOR('',#9511,1.);
#9511 = DIRECTION('',(0.,-1.));
#9512 = ( GEOMETRIC_REPRESENTATION_CONTEXT(2) 
PARAMETRIC_REPRESENTATION_CONTEXT() REPRESENTATION_CONTEXT('2D SPACE',''
  ) );
#9513 = ORIENTED_EDGE('',*,*,#9514,.T.);
#9514 = EDGE_CURVE('',#9492,#9393,#9515,.T.);
#9515 = SURFACE_CURVE('',#9516,(#9520,#9527),.PCURVE_S1.);
#9516 = LINE('',#9517,#9518);
#9517 = CARTESIAN_POINT('',(8.098504775865,67.412827822002,58.2));
#9518 = VECTOR('',#9519,1.);
#9519 = DIRECTION('',(0.951056516295,0.309016994375,-5.828670879282E-16)
  );
#9520 = PCURVE('',#1049,#9521);
#9521 = DEFINITIONAL_REPRESENTATION('',(#9522),#9526);
#9522 = LINE('',#9523,#9524);
#9523 = CARTESIAN_POINT('',(0.515902684074,-1.));
#9524 = VECTOR('',#9525,1.);
#9525 = DIRECTION('',(1.,2.775557561563E-17));
#9526 = ( GEOMETRIC_REPRESENTATION_CONTEXT(2) 
PARAMETRIC_REPRESENTATION_CONTEXT() REPRESENTATION_CONTEXT('2D SPACE',''
  ) );
#9527 = PCURVE('',#4578,#9528);
#9528 = DEFINITIONAL_REPRESENTATION('',(#9529),#9533);
#9529 = LINE('',#9530,#9531);
#9530 = CARTESIAN_POINT('',(13.110330255582,1.414213562373));
#9531 = VECTOR('',#9532,1.);
#9532 = DIRECTION('',(1.,3.053113317719E-16));
#9533 = ( GEOMETRIC_REPRESENTATION_CONTEXT(2) 
PARAMETRIC_REPRESENTATION_CONTEXT() REPRESENTATION_CONTEXT('2D SPACE',''
  ) );
#9534 = ORIENTED_EDGE('',*,*,#9392,.T.);
#9535 = ORIENTED_EDGE('',*,*,#1033,.T.);
#9536 = ADVANCED_FACE('',(#9537),#3004,.F.);
#9537 = FACE_BOUND('',#9538,.T.);
#9538 = EDGE_LOOP('',(#9539,#9540,#9563,#9584));
#9539 = ORIENTED_EDGE('',*,*,#9466,.F.);
#9540 = ORIENTED_EDGE('',*,*,#9541,.T.);
#9541 = EDGE_CURVE('',#9444,#9542,#9544,.T.);
#9542 = VERTEX_POINT('',#9543);
#9543 = CARTESIAN_POINT('',(0.729596572683,30.641139304563,58.2));
#9544 = SURFACE_CURVE('',#9545,(#9549,#9556),.PCURVE_S1.);
#9545 = LINE('',#9546,#9547);
#9546 = CARTESIAN_POINT('',(0.729596572683,30.641139304563,58.2));
#9547 = VECTOR('',#9548,1.);
#9548 = DIRECTION('',(-0.707106781187,-0.707106781187,4.996003610813E-16
    ));
#9549 = PCURVE('',#3004,#9550);
#9550 = DEFINITIONAL_REPRESENTATION('',(#9551),#9555);
#9551 = LINE('',#9552,#9553);
#9552 = CARTESIAN_POINT('',(0.515902684074,-1.));
#9553 = VECTOR('',#9554,1.);
#9554 = DIRECTION('',(1.,0.));
#9555 = ( GEOMETRIC_REPRESENTATION_CONTEXT(2) 
PARAMETRIC_REPRESENTATION_CONTEXT() REPRESENTATION_CONTEXT('2D SPACE',''
  ) );
#9556 = PCURVE('',#6533,#9557);
#9557 = DEFINITIONAL_REPRESENTATION('',(#9558),#9562);
#9558 = LINE('',#9559,#9560);
#9559 = CARTESIAN_POINT('',(13.110330255582,1.414213562373));
#9560 = VECTOR('',#9561,1.);
#9561 = DIRECTION('',(1.,4.996003610813E-16));
#9562 = ( GEOMETRIC_REPRESENTATION_CONTEXT(2) 
PARAMETRIC_REPRESENTATION_CONTEXT() REPRESENTATION_CONTEXT('2D SPACE',''
  ) );
#9563 = ORIENTED_EDGE('',*,*,#9564,.T.);
#9564 = EDGE_CURVE('',#9542,#2960,#9565,.T.);
#9565 = SURFACE_CURVE('',#9566,(#9570,#9577),.PCURVE_S1.);
#9566 = LINE('',#9567,#9568);
#9567 = CARTESIAN_POINT('',(0.729596572683,30.641139304563,59.2));
#9568 = VECTOR('',#9569,1.);
#9569 = DIRECTION('',(-5.947623346206E-16,-1.110223024625E-16,-1.));
#9570 = PCURVE('',#3004,#9571);
#9571 = DEFINITIONAL_REPRESENTATION('',(#9572),#9576);
#9572 = LINE('',#9573,#9574);
#9573 = CARTESIAN_POINT('',(0.515902684074,-3.053113317719E-16));
#9574 = VECTOR('',#9575,1.);
#9575 = DIRECTION('',(-5.551115123126E-17,-1.));
#9576 = ( GEOMETRIC_REPRESENTATION_CONTEXT(2) 
PARAMETRIC_REPRESENTATION_CONTEXT() REPRESENTATION_CONTEXT('2D SPACE',''
  ) );
#9577 = PCURVE('',#2976,#9578);
#9578 = DEFINITIONAL_REPRESENTATION('',(#9579),#9583);
#9579 = LINE('',#9580,#9581);
#9580 = CARTESIAN_POINT('',(4.674546064411,0.));
#9581 = VECTOR('',#9582,1.);
#9582 = DIRECTION('',(0.,1.));
#9583 = ( GEOMETRIC_REPRESENTATION_CONTEXT(2) 
PARAMETRIC_REPRESENTATION_CONTEXT() REPRESENTATION_CONTEXT('2D SPACE',''
  ) );
#9584 = ORIENTED_EDGE('',*,*,#2988,.T.);
#9585 = ADVANCED_FACE('',(#9586),#1077,.T.);
#9586 = FACE_BOUND('',#9587,.T.);
#9587 = EDGE_LOOP('',(#9588,#9611,#9632,#9633));
#9588 = ORIENTED_EDGE('',*,*,#9589,.F.);
#9589 = EDGE_CURVE('',#9590,#1062,#9592,.T.);
#9590 = VERTEX_POINT('',#9591);
#9591 = CARTESIAN_POINT('',(6.648769722219,68.01332774307,58.2));
#9592 = SURFACE_CURVE('',#9593,(#9597,#9604),.PCURVE_S1.);
#9593 = LINE('',#9594,#9595);
#9594 = CARTESIAN_POINT('',(6.648769722219,68.01332774307,59.2));
#9595 = VECTOR('',#9596,1.);
#9596 = DIRECTION('',(-5.947623346206E-16,-1.110223024625E-16,-1.));
#9597 = PCURVE('',#1077,#9598);
#9598 = DEFINITIONAL_REPRESENTATION('',(#9599),#9603);
#9599 = LINE('',#9600,#9601);
#9600 = CARTESIAN_POINT('',(0.515902684074,2.942091015257E-15));
#9601 = VECTOR('',#9602,1.);
#9602 = DIRECTION('',(0.,-1.));
#9603 = ( GEOMETRIC_REPRESENTATION_CONTEXT(2) 
PARAMETRIC_REPRESENTATION_CONTEXT() REPRESENTATION_CONTEXT('2D SPACE',''
  ) );
#9604 = PCURVE('',#1106,#9605);
#9605 = DEFINITIONAL_REPRESENTATION('',(#9606),#9610);
#9606 = LINE('',#9607,#9608);
#9607 = CARTESIAN_POINT('',(1.922798508127,0.));
#9608 = VECTOR('',#9609,1.);
#9609 = DIRECTION('',(0.,1.));
#9610 = ( GEOMETRIC_REPRESENTATION_CONTEXT(2) 
PARAMETRIC_REPRESENTATION_CONTEXT() REPRESENTATION_CONTEXT('2D SPACE',''
  ) );
#9611 = ORIENTED_EDGE('',*,*,#9612,.T.);
#9612 = EDGE_CURVE('',#9590,#9492,#9613,.T.);
#9613 = SURFACE_CURVE('',#9614,(#9618,#9625),.PCURVE_S1.);
#9614 = LINE('',#9615,#9616);
#9615 = CARTESIAN_POINT('',(6.882984639579,67.553655085714,58.2));
#9616 = VECTOR('',#9617,1.);
#9617 = DIRECTION('',(0.45399049974,-0.891006524188,-1.110223024625E-16)
  );
#9618 = PCURVE('',#1077,#9619);
#9619 = DEFINITIONAL_REPRESENTATION('',(#9620),#9624);
#9620 = LINE('',#9621,#9622);
#9621 = CARTESIAN_POINT('',(-6.106226635438E-16,-1.));
#9622 = VECTOR('',#9623,1.);
#9623 = DIRECTION('',(-1.,0.));
#9624 = ( GEOMETRIC_REPRESENTATION_CONTEXT(2) 
PARAMETRIC_REPRESENTATION_CONTEXT() REPRESENTATION_CONTEXT('2D SPACE',''
  ) );
#9625 = PCURVE('',#4606,#9626);
#9626 = DEFINITIONAL_REPRESENTATION('',(#9627),#9631);
#9627 = LINE('',#9628,#9629);
#9628 = CARTESIAN_POINT('',(0.,0.));
#9629 = VECTOR('',#9630,1.);
#9630 = DIRECTION('',(1.,4.996003610813E-16));
#9631 = ( GEOMETRIC_REPRESENTATION_CONTEXT(2) 
PARAMETRIC_REPRESENTATION_CONTEXT() REPRESENTATION_CONTEXT('2D SPACE',''
  ) );
#9632 = ORIENTED_EDGE('',*,*,#9491,.T.);
#9633 = ORIENTED_EDGE('',*,*,#1061,.F.);
#9634 = ADVANCED_FACE('',(#9635),#2976,.T.);
#9635 = FACE_BOUND('',#9636,.T.);
#9636 = EDGE_LOOP('',(#9637,#9638,#9662,#9683));
#9637 = ORIENTED_EDGE('',*,*,#9564,.F.);
#9638 = ORIENTED_EDGE('',*,*,#9639,.F.);
#9639 = EDGE_CURVE('',#9640,#9542,#9642,.T.);
#9640 = VERTEX_POINT('',#9641);
#9641 = CARTESIAN_POINT('',(-0.729596572683,30.641139304563,58.2));
#9642 = SURFACE_CURVE('',#9643,(#9648,#9655),.PCURVE_S1.);
#9643 = CIRCLE('',#9644,19.284210105954);
#9644 = AXIS2_PLACEMENT_3D('',#9645,#9646,#9647);
#9645 = CARTESIAN_POINT('',(7.105427357601E-15,49.911542731883,58.2));
#9646 = DIRECTION('',(5.947623346206E-16,1.110223024625E-16,1.));
#9647 = DIRECTION('',(1.,-9.42935300772E-31,-5.947623346206E-16));
#9648 = PCURVE('',#2976,#9649);
#9649 = DEFINITIONAL_REPRESENTATION('',(#9650),#9654);
#9650 = LINE('',#9651,#9652);
#9651 = CARTESIAN_POINT('',(9.424777960769,1.));
#9652 = VECTOR('',#9653,1.);
#9653 = DIRECTION('',(-1.,0.));
#9654 = ( GEOMETRIC_REPRESENTATION_CONTEXT(2) 
PARAMETRIC_REPRESENTATION_CONTEXT() REPRESENTATION_CONTEXT('2D SPACE',''
  ) );
#9655 = PCURVE('',#6505,#9656);
#9656 = DEFINITIONAL_REPRESENTATION('',(#9657),#9661);
#9657 = LINE('',#9658,#9659);
#9658 = CARTESIAN_POINT('',(9.424777960769,1.));
#9659 = VECTOR('',#9660,1.);
#9660 = DIRECTION('',(-1.,0.));
#9661 = ( GEOMETRIC_REPRESENTATION_CONTEXT(2) 
PARAMETRIC_REPRESENTATION_CONTEXT() REPRESENTATION_CONTEXT('2D SPACE',''
  ) );
#9662 = ORIENTED_EDGE('',*,*,#9663,.T.);
#9663 = EDGE_CURVE('',#9640,#2932,#9664,.T.);
#9664 = SURFACE_CURVE('',#9665,(#9669,#9676),.PCURVE_S1.);
#9665 = LINE('',#9666,#9667);
#9666 = CARTESIAN_POINT('',(-0.729596572683,30.641139304563,59.2));
#9667 = VECTOR('',#9668,1.);
#9668 = DIRECTION('',(-5.947623346206E-16,-1.110223024625E-16,-1.));
#9669 = PCURVE('',#2976,#9670);
#9670 = DEFINITIONAL_REPRESENTATION('',(#9671),#9675);
#9671 = LINE('',#9672,#9673);
#9672 = CARTESIAN_POINT('',(4.750231896358,0.));
#9673 = VECTOR('',#9674,1.);
#9674 = DIRECTION('',(0.,1.));
#9675 = ( GEOMETRIC_REPRESENTATION_CONTEXT(2) 
PARAMETRIC_REPRESENTATION_CONTEXT() REPRESENTATION_CONTEXT('2D SPACE',''
  ) );
#9676 = PCURVE('',#2947,#9677);
#9677 = DEFINITIONAL_REPRESENTATION('',(#9678),#9682);
#9678 = LINE('',#9679,#9680);
#9679 = CARTESIAN_POINT('',(0.515902684074,-3.608224830032E-16));
#9680 = VECTOR('',#9681,1.);
#9681 = DIRECTION('',(0.,-1.));
#9682 = ( GEOMETRIC_REPRESENTATION_CONTEXT(2) 
PARAMETRIC_REPRESENTATION_CONTEXT() REPRESENTATION_CONTEXT('2D SPACE',''
  ) );
#9683 = ORIENTED_EDGE('',*,*,#2959,.T.);
#9684 = ADVANCED_FACE('',(#9685),#1106,.T.);
#9685 = FACE_BOUND('',#9686,.T.);
#9686 = EDGE_LOOP('',(#9687,#9710,#9732,#9733));
#9687 = ORIENTED_EDGE('',*,*,#9688,.F.);
#9688 = EDGE_CURVE('',#9689,#1090,#9691,.T.);
#9689 = VERTEX_POINT('',#9690);
#9690 = CARTESIAN_POINT('',(5.260994572786,68.464243223063,58.2));
#9691 = SURFACE_CURVE('',#9692,(#9696,#9703),.PCURVE_S1.);
#9692 = LINE('',#9693,#9694);
#9693 = CARTESIAN_POINT('',(5.260994572786,68.464243223063,59.2));
#9694 = VECTOR('',#9695,1.);
#9695 = DIRECTION('',(-5.947623346206E-16,-1.110223024625E-16,-1.));
#9696 = PCURVE('',#1106,#9697);
#9697 = DEFINITIONAL_REPRESENTATION('',(#9698),#9702);
#9698 = LINE('',#9699,#9700);
#9699 = CARTESIAN_POINT('',(1.84711267618,0.));
#9700 = VECTOR('',#9701,1.);
#9701 = DIRECTION('',(0.,1.));
#9702 = ( GEOMETRIC_REPRESENTATION_CONTEXT(2) 
PARAMETRIC_REPRESENTATION_CONTEXT() REPRESENTATION_CONTEXT('2D SPACE',''
  ) );
#9703 = PCURVE('',#1134,#9704);
#9704 = DEFINITIONAL_REPRESENTATION('',(#9705),#9709);
#9705 = LINE('',#9706,#9707);
#9706 = CARTESIAN_POINT('',(0.515902684074,1.998401444325E-15));
#9707 = VECTOR('',#9708,1.);
#9708 = DIRECTION('',(-2.775557561563E-17,-1.));
#9709 = ( GEOMETRIC_REPRESENTATION_CONTEXT(2) 
PARAMETRIC_REPRESENTATION_CONTEXT() REPRESENTATION_CONTEXT('2D SPACE',''
  ) );
#9710 = ORIENTED_EDGE('',*,*,#9711,.F.);
#9711 = EDGE_CURVE('',#9590,#9689,#9712,.T.);
#9712 = SURFACE_CURVE('',#9713,(#9718,#9725),.PCURVE_S1.);
#9713 = CIRCLE('',#9714,19.284210105953);
#9714 = AXIS2_PLACEMENT_3D('',#9715,#9716,#9717);
#9715 = CARTESIAN_POINT('',(-6.90114632107E-13,49.911542731878,58.2));
#9716 = DIRECTION('',(5.947623346206E-16,1.110223024625E-16,1.));
#9717 = DIRECTION('',(1.,-9.42935300772E-31,-5.947623346206E-16));
#9718 = PCURVE('',#1106,#9719);
#9719 = DEFINITIONAL_REPRESENTATION('',(#9720),#9724);
#9720 = LINE('',#9721,#9722);
#9721 = CARTESIAN_POINT('',(3.14159265359,1.));
#9722 = VECTOR('',#9723,1.);
#9723 = DIRECTION('',(-1.,0.));
#9724 = ( GEOMETRIC_REPRESENTATION_CONTEXT(2) 
PARAMETRIC_REPRESENTATION_CONTEXT() REPRESENTATION_CONTEXT('2D SPACE',''
  ) );
#9725 = PCURVE('',#4635,#9726);
#9726 = DEFINITIONAL_REPRESENTATION('',(#9727),#9731);
#9727 = LINE('',#9728,#9729);
#9728 = CARTESIAN_POINT('',(3.14159265359,1.));
#9729 = VECTOR('',#9730,1.);
#9730 = DIRECTION('',(-1.,2.281935284476E-14));
#9731 = ( GEOMETRIC_REPRESENTATION_CONTEXT(2) 
PARAMETRIC_REPRESENTATION_CONTEXT() REPRESENTATION_CONTEXT('2D SPACE',''
  ) );
#9732 = ORIENTED_EDGE('',*,*,#9589,.T.);
#9733 = ORIENTED_EDGE('',*,*,#1089,.T.);
#9734 = ADVANCED_FACE('',(#9735),#2947,.T.);
#9735 = FACE_BOUND('',#9736,.T.);
#9736 = EDGE_LOOP('',(#9737,#9738,#9761,#9782));
#9737 = ORIENTED_EDGE('',*,*,#9663,.F.);
#9738 = ORIENTED_EDGE('',*,*,#9739,.T.);
#9739 = EDGE_CURVE('',#9640,#9740,#9742,.T.);
#9740 = VERTEX_POINT('',#9741);
#9741 = CARTESIAN_POINT('',(-1.459193145365,31.370735877245,58.2));
#9742 = SURFACE_CURVE('',#9743,(#9747,#9754),.PCURVE_S1.);
#9743 = LINE('',#9744,#9745);
#9744 = CARTESIAN_POINT('',(-1.094394859024,31.005937590904,58.2));
#9745 = VECTOR('',#9746,1.);
#9746 = DIRECTION('',(-0.707106781187,0.707106781187,3.885780586188E-16)
  );
#9747 = PCURVE('',#2947,#9748);
#9748 = DEFINITIONAL_REPRESENTATION('',(#9749),#9753);
#9749 = LINE('',#9750,#9751);
#9750 = CARTESIAN_POINT('',(-1.110223024625E-16,-1.));
#9751 = VECTOR('',#9752,1.);
#9752 = DIRECTION('',(-1.,5.551115123126E-17));
#9753 = ( GEOMETRIC_REPRESENTATION_CONTEXT(2) 
PARAMETRIC_REPRESENTATION_CONTEXT() REPRESENTATION_CONTEXT('2D SPACE',''
  ) );
#9754 = PCURVE('',#6476,#9755);
#9755 = DEFINITIONAL_REPRESENTATION('',(#9756),#9760);
#9756 = LINE('',#9757,#9758);
#9757 = CARTESIAN_POINT('',(0.,0.));
#9758 = VECTOR('',#9759,1.);
#9759 = DIRECTION('',(1.,5.551115123126E-16));
#9760 = ( GEOMETRIC_REPRESENTATION_CONTEXT(2) 
PARAMETRIC_REPRESENTATION_CONTEXT() REPRESENTATION_CONTEXT('2D SPACE',''
  ) );
#9761 = ORIENTED_EDGE('',*,*,#9762,.T.);
#9762 = EDGE_CURVE('',#9740,#2904,#9763,.T.);
#9763 = SURFACE_CURVE('',#9764,(#9768,#9775),.PCURVE_S1.);
#9764 = LINE('',#9765,#9766);
#9765 = CARTESIAN_POINT('',(-1.459193145365,31.370735877245,59.2));
#9766 = VECTOR('',#9767,1.);
#9767 = DIRECTION('',(-5.947623346206E-16,-1.110223024625E-16,-1.));
#9768 = PCURVE('',#2947,#9769);
#9769 = DEFINITIONAL_REPRESENTATION('',(#9770),#9774);
#9770 = LINE('',#9771,#9772);
#9771 = CARTESIAN_POINT('',(-0.515902684074,-1.998401444325E-15));
#9772 = VECTOR('',#9773,1.);
#9773 = DIRECTION('',(0.,-1.));
#9774 = ( GEOMETRIC_REPRESENTATION_CONTEXT(2) 
PARAMETRIC_REPRESENTATION_CONTEXT() REPRESENTATION_CONTEXT('2D SPACE',''
  ) );
#9775 = PCURVE('',#2919,#9776);
#9776 = DEFINITIONAL_REPRESENTATION('',(#9777),#9781);
#9777 = LINE('',#9778,#9779);
#9778 = CARTESIAN_POINT('',(-0.515902684074,-8.326672684689E-17));
#9779 = VECTOR('',#9780,1.);
#9780 = DIRECTION('',(-5.551115123126E-17,-1.));
#9781 = ( GEOMETRIC_REPRESENTATION_CONTEXT(2) 
PARAMETRIC_REPRESENTATION_CONTEXT() REPRESENTATION_CONTEXT('2D SPACE',''
  ) );
#9782 = ORIENTED_EDGE('',*,*,#2931,.F.);
#9783 = ADVANCED_FACE('',(#9784),#1134,.F.);
#9784 = FACE_BOUND('',#9785,.T.);
#9785 = EDGE_LOOP('',(#9786,#9809,#9830,#9831));
#9786 = ORIENTED_EDGE('',*,*,#9787,.F.);
#9787 = EDGE_CURVE('',#9788,#1119,#9790,.T.);
#9788 = VERTEX_POINT('',#9789);
#9789 = CARTESIAN_POINT('',(4.341649258073,67.995813388344,58.2));
#9790 = SURFACE_CURVE('',#9791,(#9795,#9802),.PCURVE_S1.);
#9791 = LINE('',#9792,#9793);
#9792 = CARTESIAN_POINT('',(4.341649258073,67.995813388344,59.2));
#9793 = VECTOR('',#9794,1.);
#9794 = DIRECTION('',(-5.947623346206E-16,-1.110223024625E-16,-1.));
#9795 = PCURVE('',#1134,#9796);
#9796 = DEFINITIONAL_REPRESENTATION('',(#9797),#9801);
#9797 = LINE('',#9798,#9799);
#9798 = CARTESIAN_POINT('',(-0.515902684074,1.554312234475E-15));
#9799 = VECTOR('',#9800,1.);
#9800 = DIRECTION('',(-2.775557561563E-17,-1.));
#9801 = ( GEOMETRIC_REPRESENTATION_CONTEXT(2) 
PARAMETRIC_REPRESENTATION_CONTEXT() REPRESENTATION_CONTEXT('2D SPACE',''
  ) );
#9802 = PCURVE('',#1162,#9803);
#9803 = DEFINITIONAL_REPRESENTATION('',(#9804),#9808);
#9804 = LINE('',#9805,#9806);
#9805 = CARTESIAN_POINT('',(-0.515902684074,2.6645352591E-15));
#9806 = VECTOR('',#9807,1.);
#9807 = DIRECTION('',(-5.551115123126E-17,-1.));
#9808 = ( GEOMETRIC_REPRESENTATION_CONTEXT(2) 
PARAMETRIC_REPRESENTATION_CONTEXT() REPRESENTATION_CONTEXT('2D SPACE',''
  ) );
#9809 = ORIENTED_EDGE('',*,*,#9810,.T.);
#9810 = EDGE_CURVE('',#9788,#9689,#9811,.T.);
#9811 = SURFACE_CURVE('',#9812,(#9816,#9823),.PCURVE_S1.);
#9812 = LINE('',#9813,#9814);
#9813 = CARTESIAN_POINT('',(5.260994572786,68.464243223063,58.2));
#9814 = VECTOR('',#9815,1.);
#9815 = DIRECTION('',(0.891006524188,0.45399049974,-5.828670879282E-16)
  );
#9816 = PCURVE('',#1134,#9817);
#9817 = DEFINITIONAL_REPRESENTATION('',(#9818),#9822);
#9818 = LINE('',#9819,#9820);
#9819 = CARTESIAN_POINT('',(0.515902684074,-1.));
#9820 = VECTOR('',#9821,1.);
#9821 = DIRECTION('',(1.,0.));
#9822 = ( GEOMETRIC_REPRESENTATION_CONTEXT(2) 
PARAMETRIC_REPRESENTATION_CONTEXT() REPRESENTATION_CONTEXT('2D SPACE',''
  ) );
#9823 = PCURVE('',#4663,#9824);
#9824 = DEFINITIONAL_REPRESENTATION('',(#9825),#9829);
#9825 = LINE('',#9826,#9827);
#9826 = CARTESIAN_POINT('',(13.110330255582,1.414213562373));
#9827 = VECTOR('',#9828,1.);
#9828 = DIRECTION('',(1.,4.718447854657E-16));
#9829 = ( GEOMETRIC_REPRESENTATION_CONTEXT(2) 
PARAMETRIC_REPRESENTATION_CONTEXT() REPRESENTATION_CONTEXT('2D SPACE',''
  ) );
#9830 = ORIENTED_EDGE('',*,*,#9688,.T.);
#9831 = ORIENTED_EDGE('',*,*,#1118,.T.);
#9832 = ADVANCED_FACE('',(#9833),#2919,.F.);
#9833 = FACE_BOUND('',#9834,.T.);
#9834 = EDGE_LOOP('',(#9835,#9836,#9859,#9880));
#9835 = ORIENTED_EDGE('',*,*,#9762,.F.);
#9836 = ORIENTED_EDGE('',*,*,#9837,.T.);
#9837 = EDGE_CURVE('',#9740,#9838,#9840,.T.);
#9838 = VERTEX_POINT('',#9839);
#9839 = CARTESIAN_POINT('',(-2.293941223085,30.764255898611,58.2));
#9840 = SURFACE_CURVE('',#9841,(#9845,#9852),.PCURVE_S1.);
#9841 = LINE('',#9842,#9843);
#9842 = CARTESIAN_POINT('',(-2.293941223085,30.764255898611,58.2));
#9843 = VECTOR('',#9844,1.);
#9844 = DIRECTION('',(-0.809016994375,-0.587785252292,5.551115123126E-16
    ));
#9845 = PCURVE('',#2919,#9846);
#9846 = DEFINITIONAL_REPRESENTATION('',(#9847),#9851);
#9847 = LINE('',#9848,#9849);
#9848 = CARTESIAN_POINT('',(0.515902684074,-1.));
#9849 = VECTOR('',#9850,1.);
#9850 = DIRECTION('',(1.,0.));
#9851 = ( GEOMETRIC_REPRESENTATION_CONTEXT(2) 
PARAMETRIC_REPRESENTATION_CONTEXT() REPRESENTATION_CONTEXT('2D SPACE',''
  ) );
#9852 = PCURVE('',#6448,#9853);
#9853 = DEFINITIONAL_REPRESENTATION('',(#9854),#9858);
#9854 = LINE('',#9855,#9856);
#9855 = CARTESIAN_POINT('',(13.110330255582,1.414213562373));
#9856 = VECTOR('',#9857,1.);
#9857 = DIRECTION('',(1.,6.938893903907E-16));
#9858 = ( GEOMETRIC_REPRESENTATION_CONTEXT(2) 
PARAMETRIC_REPRESENTATION_CONTEXT() REPRESENTATION_CONTEXT('2D SPACE',''
  ) );
#9859 = ORIENTED_EDGE('',*,*,#9860,.T.);
#9860 = EDGE_CURVE('',#9838,#2875,#9861,.T.);
#9861 = SURFACE_CURVE('',#9862,(#9866,#9873),.PCURVE_S1.);
#9862 = LINE('',#9863,#9864);
#9863 = CARTESIAN_POINT('',(-2.293941223085,30.764255898611,59.2));
#9864 = VECTOR('',#9865,1.);
#9865 = DIRECTION('',(-5.947623346206E-16,-1.110223024625E-16,-1.));
#9866 = PCURVE('',#2919,#9867);
#9867 = DEFINITIONAL_REPRESENTATION('',(#9868),#9872);
#9868 = LINE('',#9869,#9870);
#9869 = CARTESIAN_POINT('',(0.515902684074,2.498001805407E-16));
#9870 = VECTOR('',#9871,1.);
#9871 = DIRECTION('',(-5.551115123126E-17,-1.));
#9872 = ( GEOMETRIC_REPRESENTATION_CONTEXT(2) 
PARAMETRIC_REPRESENTATION_CONTEXT() REPRESENTATION_CONTEXT('2D SPACE',''
  ) );
#9873 = PCURVE('',#2891,#9874);
#9874 = DEFINITIONAL_REPRESENTATION('',(#9875),#9879);
#9875 = LINE('',#9876,#9877);
#9876 = CARTESIAN_POINT('',(4.831625697091,0.));
#9877 = VECTOR('',#9878,1.);
#9878 = DIRECTION('',(0.,1.));
#9879 = ( GEOMETRIC_REPRESENTATION_CONTEXT(2) 
PARAMETRIC_REPRESENTATION_CONTEXT() REPRESENTATION_CONTEXT('2D SPACE',''
  ) );
#9880 = ORIENTED_EDGE('',*,*,#2903,.T.);
#9881 = ADVANCED_FACE('',(#9882),#1162,.T.);
#9882 = FACE_BOUND('',#9883,.T.);
#9883 = EDGE_LOOP('',(#9884,#9907,#9928,#9929));
#9884 = ORIENTED_EDGE('',*,*,#9885,.F.);
#9885 = EDGE_CURVE('',#9886,#1147,#9888,.T.);
#9886 = VERTEX_POINT('',#9887);
#9887 = CARTESIAN_POINT('',(3.735169279439,68.830561466063,58.2));
#9888 = SURFACE_CURVE('',#9889,(#9893,#9900),.PCURVE_S1.);
#9889 = LINE('',#9890,#9891);
#9890 = CARTESIAN_POINT('',(3.735169279439,68.830561466063,59.2));
#9891 = VECTOR('',#9892,1.);
#9892 = DIRECTION('',(-5.947623346206E-16,-1.110223024625E-16,-1.));
#9893 = PCURVE('',#1162,#9894);
#9894 = DEFINITIONAL_REPRESENTATION('',(#9895),#9899);
#9895 = LINE('',#9896,#9897);
#9896 = CARTESIAN_POINT('',(0.515902684074,-2.6645352591E-15));
#9897 = VECTOR('',#9898,1.);
#9898 = DIRECTION('',(-5.551115123126E-17,-1.));
#9899 = ( GEOMETRIC_REPRESENTATION_CONTEXT(2) 
PARAMETRIC_REPRESENTATION_CONTEXT() REPRESENTATION_CONTEXT('2D SPACE',''
  ) );
#9900 = PCURVE('',#1191,#9901);
#9901 = DEFINITIONAL_REPRESENTATION('',(#9902),#9906);
#9902 = LINE('',#9903,#9904);
#9903 = CARTESIAN_POINT('',(1.765718875448,0.));
#9904 = VECTOR('',#9905,1.);
#9905 = DIRECTION('',(0.,1.));
#9906 = ( GEOMETRIC_REPRESENTATION_CONTEXT(2) 
PARAMETRIC_REPRESENTATION_CONTEXT() REPRESENTATION_CONTEXT('2D SPACE',''
  ) );
#9907 = ORIENTED_EDGE('',*,*,#9908,.T.);
#9908 = EDGE_CURVE('',#9886,#9788,#9909,.T.);
#9909 = SURFACE_CURVE('',#9910,(#9914,#9921),.PCURVE_S1.);
#9910 = LINE('',#9911,#9912);
#9911 = CARTESIAN_POINT('',(4.038409268756,68.413187427203,58.2));
#9912 = VECTOR('',#9913,1.);
#9913 = DIRECTION('',(0.587785252292,-0.809016994375,-2.775557561563E-16
    ));
#9914 = PCURVE('',#1162,#9915);
#9915 = DEFINITIONAL_REPRESENTATION('',(#9916),#9920);
#9916 = LINE('',#9917,#9918);
#9917 = CARTESIAN_POINT('',(-6.106226635438E-16,-1.));
#9918 = VECTOR('',#9919,1.);
#9919 = DIRECTION('',(-1.,-5.551115123126E-17));
#9920 = ( GEOMETRIC_REPRESENTATION_CONTEXT(2) 
PARAMETRIC_REPRESENTATION_CONTEXT() REPRESENTATION_CONTEXT('2D SPACE',''
  ) );
#9921 = PCURVE('',#4691,#9922);
#9922 = DEFINITIONAL_REPRESENTATION('',(#9923),#9927);
#9923 = LINE('',#9924,#9925);
#9924 = CARTESIAN_POINT('',(0.,0.));
#9925 = VECTOR('',#9926,1.);
#9926 = DIRECTION('',(1.,4.996003610813E-16));
#9927 = ( GEOMETRIC_REPRESENTATION_CONTEXT(2) 
PARAMETRIC_REPRESENTATION_CONTEXT() REPRESENTATION_CONTEXT('2D SPACE',''
  ) );
#9928 = ORIENTED_EDGE('',*,*,#9787,.T.);
#9929 = ORIENTED_EDGE('',*,*,#1146,.F.);
#9930 = ADVANCED_FACE('',(#9931),#2891,.T.);
#9931 = FACE_BOUND('',#9932,.T.);
#9932 = EDGE_LOOP('',(#9933,#9934,#9958,#9979));
#9933 = ORIENTED_EDGE('',*,*,#9860,.F.);
#9934 = ORIENTED_EDGE('',*,*,#9935,.F.);
#9935 = EDGE_CURVE('',#9936,#9838,#9938,.T.);
#9936 = VERTEX_POINT('',#9937);
#9937 = CARTESIAN_POINT('',(-3.735169279439,30.992523997697,58.2));
#9938 = SURFACE_CURVE('',#9939,(#9944,#9951),.PCURVE_S1.);
#9939 = CIRCLE('',#9940,19.284210105953);
#9940 = AXIS2_PLACEMENT_3D('',#9941,#9942,#9943);
#9941 = CARTESIAN_POINT('',(5.142553050064E-13,49.911542731883,58.2));
#9942 = DIRECTION('',(5.947623346206E-16,1.110223024625E-16,1.));
#9943 = DIRECTION('',(1.,-9.42935300772E-31,-5.947623346206E-16));
#9944 = PCURVE('',#2891,#9945);
#9945 = DEFINITIONAL_REPRESENTATION('',(#9946),#9950);
#9946 = LINE('',#9947,#9948);
#9947 = CARTESIAN_POINT('',(9.424777960769,1.));
#9948 = VECTOR('',#9949,1.);
#9949 = DIRECTION('',(-1.,0.));
#9950 = ( GEOMETRIC_REPRESENTATION_CONTEXT(2) 
PARAMETRIC_REPRESENTATION_CONTEXT() REPRESENTATION_CONTEXT('2D SPACE',''
  ) );
#9951 = PCURVE('',#6420,#9952);
#9952 = DEFINITIONAL_REPRESENTATION('',(#9953),#9957);
#9953 = LINE('',#9954,#9955);
#9954 = CARTESIAN_POINT('',(9.424777960769,1.));
#9955 = VECTOR('',#9956,1.);
#9956 = DIRECTION('',(-1.,0.));
#9957 = ( GEOMETRIC_REPRESENTATION_CONTEXT(2) 
PARAMETRIC_REPRESENTATION_CONTEXT() REPRESENTATION_CONTEXT('2D SPACE',''
  ) );
#9958 = ORIENTED_EDGE('',*,*,#9959,.T.);
#9959 = EDGE_CURVE('',#9936,#2847,#9960,.T.);
#9960 = SURFACE_CURVE('',#9961,(#9965,#9972),.PCURVE_S1.);
#9961 = LINE('',#9962,#9963);
#9962 = CARTESIAN_POINT('',(-3.735169279439,30.992523997697,59.2));
#9963 = VECTOR('',#9964,1.);
#9964 = DIRECTION('',(-5.947623346206E-16,-1.110223024625E-16,-1.));
#9965 = PCURVE('',#2891,#9966);
#9966 = DEFINITIONAL_REPRESENTATION('',(#9967),#9971);
#9967 = LINE('',#9968,#9969);
#9968 = CARTESIAN_POINT('',(4.907311529038,0.));
#9969 = VECTOR('',#9970,1.);
#9970 = DIRECTION('',(0.,1.));
#9971 = ( GEOMETRIC_REPRESENTATION_CONTEXT(2) 
PARAMETRIC_REPRESENTATION_CONTEXT() REPRESENTATION_CONTEXT('2D SPACE',''
  ) );
#9972 = PCURVE('',#2862,#9973);
#9973 = DEFINITIONAL_REPRESENTATION('',(#9974),#9978);
#9974 = LINE('',#9975,#9976);
#9975 = CARTESIAN_POINT('',(0.515902684074,-8.049116928532E-16));
#9976 = VECTOR('',#9977,1.);
#9977 = DIRECTION('',(5.551115123126E-17,-1.));
#9978 = ( GEOMETRIC_REPRESENTATION_CONTEXT(2) 
PARAMETRIC_REPRESENTATION_CONTEXT() REPRESENTATION_CONTEXT('2D SPACE',''
  ) );
#9979 = ORIENTED_EDGE('',*,*,#2874,.T.);
#9980 = ADVANCED_FACE('',(#9981),#1191,.T.);
#9981 = FACE_BOUND('',#9982,.T.);
#9982 = EDGE_LOOP('',(#9983,#10006,#10028,#10029));
#9983 = ORIENTED_EDGE('',*,*,#9984,.F.);
#9984 = EDGE_CURVE('',#9985,#1175,#9987,.T.);
#9985 = VERTEX_POINT('',#9986);
#9986 = CARTESIAN_POINT('',(2.293941223085,69.058829565149,58.2));
#9987 = SURFACE_CURVE('',#9988,(#9992,#9999),.PCURVE_S1.);
#9988 = LINE('',#9989,#9990);
#9989 = CARTESIAN_POINT('',(2.293941223085,69.058829565149,59.2));
#9990 = VECTOR('',#9991,1.);
#9991 = DIRECTION('',(-5.947623346206E-16,-1.110223024625E-16,-1.));
#9992 = PCURVE('',#1191,#9993);
#9993 = DEFINITIONAL_REPRESENTATION('',(#9994),#9998);
#9994 = LINE('',#9995,#9996);
#9995 = CARTESIAN_POINT('',(1.690033043501,0.));
#9996 = VECTOR('',#9997,1.);
#9997 = DIRECTION('',(0.,1.));
#9998 = ( GEOMETRIC_REPRESENTATION_CONTEXT(2) 
PARAMETRIC_REPRESENTATION_CONTEXT() REPRESENTATION_CONTEXT('2D SPACE',''
  ) );
#9999 = PCURVE('',#1219,#10000);
#10000 = DEFINITIONAL_REPRESENTATION('',(#10001),#10005);
#10001 = LINE('',#10002,#10003);
#10002 = CARTESIAN_POINT('',(0.515902684074,6.661338147751E-16));
#10003 = VECTOR('',#10004,1.);
#10004 = DIRECTION('',(5.551115123126E-17,-1.));
#10005 = ( GEOMETRIC_REPRESENTATION_CONTEXT(2) 
PARAMETRIC_REPRESENTATION_CONTEXT() REPRESENTATION_CONTEXT('2D SPACE',''
  ) );
#10006 = ORIENTED_EDGE('',*,*,#10007,.F.);
#10007 = EDGE_CURVE('',#9886,#9985,#10008,.T.);
#10008 = SURFACE_CURVE('',#10009,(#10014,#10021),.PCURVE_S1.);
#10009 = CIRCLE('',#10010,19.284210105952);
#10010 = AXIS2_PLACEMENT_3D('',#10011,#10012,#10013);
#10011 = CARTESIAN_POINT('',(-3.099742684753E-13,49.911542731879,58.2));
#10012 = DIRECTION('',(5.947623346206E-16,1.110223024625E-16,1.));
#10013 = DIRECTION('',(1.,-9.42935300772E-31,-5.947623346206E-16));
#10014 = PCURVE('',#1191,#10015);
#10015 = DEFINITIONAL_REPRESENTATION('',(#10016),#10020);
#10016 = LINE('',#10017,#10018);
#10017 = CARTESIAN_POINT('',(3.14159265359,1.));
#10018 = VECTOR('',#10019,1.);
#10019 = DIRECTION('',(-1.,0.));
#10020 = ( GEOMETRIC_REPRESENTATION_CONTEXT(2) 
PARAMETRIC_REPRESENTATION_CONTEXT() REPRESENTATION_CONTEXT('2D SPACE',''
  ) );
#10021 = PCURVE('',#4720,#10022);
#10022 = DEFINITIONAL_REPRESENTATION('',(#10023),#10027);
#10023 = LINE('',#10024,#10025);
#10024 = CARTESIAN_POINT('',(3.14159265359,1.));
#10025 = VECTOR('',#10026,1.);
#10026 = DIRECTION('',(-1.,2.489383946701E-14));
#10027 = ( GEOMETRIC_REPRESENTATION_CONTEXT(2) 
PARAMETRIC_REPRESENTATION_CONTEXT() REPRESENTATION_CONTEXT('2D SPACE',''
  ) );
#10028 = ORIENTED_EDGE('',*,*,#9885,.T.);
#10029 = ORIENTED_EDGE('',*,*,#1174,.T.);
#10030 = ADVANCED_FACE('',(#10031),#2862,.T.);
#10031 = FACE_BOUND('',#10032,.T.);
#10032 = EDGE_LOOP('',(#10033,#10034,#10057,#10078));
#10033 = ORIENTED_EDGE('',*,*,#9959,.F.);
#10034 = ORIENTED_EDGE('',*,*,#10035,.T.);
#10035 = EDGE_CURVE('',#9936,#10036,#10038,.T.);
#10036 = VERTEX_POINT('',#10037);
#10037 = CARTESIAN_POINT('',(-4.341649258073,31.827272075417,58.2));
#10038 = SURFACE_CURVE('',#10039,(#10043,#10050),.PCURVE_S1.);
#10039 = LINE('',#10040,#10041);
#10040 = CARTESIAN_POINT('',(-4.038409268756,31.409898036557,58.2));
#10041 = VECTOR('',#10042,1.);
#10042 = DIRECTION('',(-0.587785252292,0.809016994375,2.775557561563E-16
    ));
#10043 = PCURVE('',#2862,#10044);
#10044 = DEFINITIONAL_REPRESENTATION('',(#10045),#10049);
#10045 = LINE('',#10046,#10047);
#10046 = CARTESIAN_POINT('',(-1.110223024625E-16,-1.));
#10047 = VECTOR('',#10048,1.);
#10048 = DIRECTION('',(-1.,5.551115123126E-17));
#10049 = ( GEOMETRIC_REPRESENTATION_CONTEXT(2) 
PARAMETRIC_REPRESENTATION_CONTEXT() REPRESENTATION_CONTEXT('2D SPACE',''
  ) );
#10050 = PCURVE('',#6391,#10051);
#10051 = DEFINITIONAL_REPRESENTATION('',(#10052),#10056);
#10052 = LINE('',#10053,#10054);
#10053 = CARTESIAN_POINT('',(0.,0.));
#10054 = VECTOR('',#10055,1.);
#10055 = DIRECTION('',(1.,6.383782391595E-16));
#10056 = ( GEOMETRIC_REPRESENTATION_CONTEXT(2) 
PARAMETRIC_REPRESENTATION_CONTEXT() REPRESENTATION_CONTEXT('2D SPACE',''
  ) );
#10057 = ORIENTED_EDGE('',*,*,#10058,.T.);
#10058 = EDGE_CURVE('',#10036,#2819,#10059,.T.);
#10059 = SURFACE_CURVE('',#10060,(#10064,#10071),.PCURVE_S1.);
#10060 = LINE('',#10061,#10062);
#10061 = CARTESIAN_POINT('',(-4.341649258073,31.827272075417,59.2));
#10062 = VECTOR('',#10063,1.);
#10063 = DIRECTION('',(-5.947623346206E-16,-1.110223024625E-16,-1.));
#10064 = PCURVE('',#2862,#10065);
#10065 = DEFINITIONAL_REPRESENTATION('',(#10066),#10070);
#10066 = LINE('',#10067,#10068);
#10067 = CARTESIAN_POINT('',(-0.515902684074,1.137978600241E-15));
#10068 = VECTOR('',#10069,1.);
#10069 = DIRECTION('',(5.551115123126E-17,-1.));
#10070 = ( GEOMETRIC_REPRESENTATION_CONTEXT(2) 
PARAMETRIC_REPRESENTATION_CONTEXT() REPRESENTATION_CONTEXT('2D SPACE',''
  ) );
#10071 = PCURVE('',#2834,#10072);
#10072 = DEFINITIONAL_REPRESENTATION('',(#10073),#10077);
#10073 = LINE('',#10074,#10075);
#10074 = CARTESIAN_POINT('',(-0.515902684074,6.106226635438E-16));
#10075 = VECTOR('',#10076,1.);
#10076 = DIRECTION('',(5.551115123126E-17,-1.));
#10077 = ( GEOMETRIC_REPRESENTATION_CONTEXT(2) 
PARAMETRIC_REPRESENTATION_CONTEXT() REPRESENTATION_CONTEXT('2D SPACE',''
  ) );
#10078 = ORIENTED_EDGE('',*,*,#2846,.F.);
#10079 = ADVANCED_FACE('',(#10080),#1219,.F.);
#10080 = FACE_BOUND('',#10081,.T.);
#10081 = EDGE_LOOP('',(#10082,#10105,#10126,#10127));
#10082 = ORIENTED_EDGE('',*,*,#10083,.F.);
#10083 = EDGE_CURVE('',#10084,#1204,#10086,.T.);
#10084 = VERTEX_POINT('',#10085);
#10085 = CARTESIAN_POINT('',(1.459193145365,68.452349586515,58.2));
#10086 = SURFACE_CURVE('',#10087,(#10091,#10098),.PCURVE_S1.);
#10087 = LINE('',#10088,#10089);
#10088 = CARTESIAN_POINT('',(1.459193145365,68.452349586515,59.2));
#10089 = VECTOR('',#10090,1.);
#10090 = DIRECTION('',(-5.947623346206E-16,-1.110223024625E-16,-1.));
#10091 = PCURVE('',#1219,#10092);
#10092 = DEFINITIONAL_REPRESENTATION('',(#10093),#10097);
#10093 = LINE('',#10094,#10095);
#10094 = CARTESIAN_POINT('',(-0.515902684074,-6.661338147751E-16));
#10095 = VECTOR('',#10096,1.);
#10096 = DIRECTION('',(5.551115123126E-17,-1.));
#10097 = ( GEOMETRIC_REPRESENTATION_CONTEXT(2) 
PARAMETRIC_REPRESENTATION_CONTEXT() REPRESENTATION_CONTEXT('2D SPACE',''
  ) );
#10098 = PCURVE('',#1247,#10099);
#10099 = DEFINITIONAL_REPRESENTATION('',(#10100),#10104);
#10100 = LINE('',#10101,#10102);
#10101 = CARTESIAN_POINT('',(-0.515902684074,-7.216449660064E-16));
#10102 = VECTOR('',#10103,1.);
#10103 = DIRECTION('',(0.,-1.));
#10104 = ( GEOMETRIC_REPRESENTATION_CONTEXT(2) 
PARAMETRIC_REPRESENTATION_CONTEXT() REPRESENTATION_CONTEXT('2D SPACE',''
  ) );
#10105 = ORIENTED_EDGE('',*,*,#10106,.T.);
#10106 = EDGE_CURVE('',#10084,#9985,#10107,.T.);
#10107 = SURFACE_CURVE('',#10108,(#10112,#10119),.PCURVE_S1.);
#10108 = LINE('',#10109,#10110);
#10109 = CARTESIAN_POINT('',(2.293941223085,69.058829565149,58.2));
#10110 = VECTOR('',#10111,1.);
#10111 = DIRECTION('',(0.809016994375,0.587785252292,-5.551115123126E-16
    ));
#10112 = PCURVE('',#1219,#10113);
#10113 = DEFINITIONAL_REPRESENTATION('',(#10114),#10118);
#10114 = LINE('',#10115,#10116);
#10115 = CARTESIAN_POINT('',(0.515902684074,-1.));
#10116 = VECTOR('',#10117,1.);
#10117 = DIRECTION('',(1.,0.));
#10118 = ( GEOMETRIC_REPRESENTATION_CONTEXT(2) 
PARAMETRIC_REPRESENTATION_CONTEXT() REPRESENTATION_CONTEXT('2D SPACE',''
  ) );
#10119 = PCURVE('',#4748,#10120);
#10120 = DEFINITIONAL_REPRESENTATION('',(#10121),#10125);
#10121 = LINE('',#10122,#10123);
#10122 = CARTESIAN_POINT('',(13.110330255582,1.414213562373));
#10123 = VECTOR('',#10124,1.);
#10124 = DIRECTION('',(1.,4.996003610813E-16));
#10125 = ( GEOMETRIC_REPRESENTATION_CONTEXT(2) 
PARAMETRIC_REPRESENTATION_CONTEXT() REPRESENTATION_CONTEXT('2D SPACE',''
  ) );
#10126 = ORIENTED_EDGE('',*,*,#9984,.T.);
#10127 = ORIENTED_EDGE('',*,*,#1203,.T.);
#10128 = ADVANCED_FACE('',(#10129),#2834,.F.);
#10129 = FACE_BOUND('',#10130,.T.);
#10130 = EDGE_LOOP('',(#10131,#10132,#10155,#10176));
#10131 = ORIENTED_EDGE('',*,*,#10058,.F.);
#10132 = ORIENTED_EDGE('',*,*,#10133,.T.);
#10133 = EDGE_CURVE('',#10036,#10134,#10136,.T.);
#10134 = VERTEX_POINT('',#10135);
#10135 = CARTESIAN_POINT('',(-5.260994572786,31.358842240697,58.2));
#10136 = SURFACE_CURVE('',#10137,(#10141,#10148),.PCURVE_S1.);
#10137 = LINE('',#10138,#10139);
#10138 = CARTESIAN_POINT('',(-5.260994572786,31.358842240697,58.2));
#10139 = VECTOR('',#10140,1.);
#10140 = DIRECTION('',(-0.891006524188,-0.45399049974,5.828670879282E-16
    ));
#10141 = PCURVE('',#2834,#10142);
#10142 = DEFINITIONAL_REPRESENTATION('',(#10143),#10147);
#10143 = LINE('',#10144,#10145);
#10144 = CARTESIAN_POINT('',(0.515902684074,-1.));
#10145 = VECTOR('',#10146,1.);
#10146 = DIRECTION('',(1.,0.));
#10147 = ( GEOMETRIC_REPRESENTATION_CONTEXT(2) 
PARAMETRIC_REPRESENTATION_CONTEXT() REPRESENTATION_CONTEXT('2D SPACE',''
  ) );
#10148 = PCURVE('',#6363,#10149);
#10149 = DEFINITIONAL_REPRESENTATION('',(#10150),#10154);
#10150 = LINE('',#10151,#10152);
#10151 = CARTESIAN_POINT('',(13.110330255582,1.414213562373));
#10152 = VECTOR('',#10153,1.);
#10153 = DIRECTION('',(1.,5.689893001204E-16));
#10154 = ( GEOMETRIC_REPRESENTATION_CONTEXT(2) 
PARAMETRIC_REPRESENTATION_CONTEXT() REPRESENTATION_CONTEXT('2D SPACE',''
  ) );
#10155 = ORIENTED_EDGE('',*,*,#10156,.T.);
#10156 = EDGE_CURVE('',#10134,#2790,#10157,.T.);
#10157 = SURFACE_CURVE('',#10158,(#10162,#10169),.PCURVE_S1.);
#10158 = LINE('',#10159,#10160);
#10159 = CARTESIAN_POINT('',(-5.260994572786,31.358842240697,59.2));
#10160 = VECTOR('',#10161,1.);
#10161 = DIRECTION('',(-5.947623346206E-16,-1.110223024625E-16,-1.));
#10162 = PCURVE('',#2834,#10163);
#10163 = DEFINITIONAL_REPRESENTATION('',(#10164),#10168);
#10164 = LINE('',#10165,#10166);
#10165 = CARTESIAN_POINT('',(0.515902684074,-6.106226635438E-16));
#10166 = VECTOR('',#10167,1.);
#10167 = DIRECTION('',(5.551115123126E-17,-1.));
#10168 = ( GEOMETRIC_REPRESENTATION_CONTEXT(2) 
PARAMETRIC_REPRESENTATION_CONTEXT() REPRESENTATION_CONTEXT('2D SPACE',''
  ) );
#10169 = PCURVE('',#2806,#10170);
#10170 = DEFINITIONAL_REPRESENTATION('',(#10171),#10175);
#10171 = LINE('',#10172,#10173);
#10172 = CARTESIAN_POINT('',(4.98870532977,0.));
#10173 = VECTOR('',#10174,1.);
#10174 = DIRECTION('',(0.,1.));
#10175 = ( GEOMETRIC_REPRESENTATION_CONTEXT(2) 
PARAMETRIC_REPRESENTATION_CONTEXT() REPRESENTATION_CONTEXT('2D SPACE',''
  ) );
#10176 = ORIENTED_EDGE('',*,*,#2818,.T.);
#10177 = ADVANCED_FACE('',(#10178),#1247,.T.);
#10178 = FACE_BOUND('',#10179,.T.);
#10179 = EDGE_LOOP('',(#10180,#10203,#10224,#10225));
#10180 = ORIENTED_EDGE('',*,*,#10181,.F.);
#10181 = EDGE_CURVE('',#10182,#1232,#10184,.T.);
#10182 = VERTEX_POINT('',#10183);
#10183 = CARTESIAN_POINT('',(0.729596572683,69.181946159198,58.2));
#10184 = SURFACE_CURVE('',#10185,(#10189,#10196),.PCURVE_S1.);
#10185 = LINE('',#10186,#10187);
#10186 = CARTESIAN_POINT('',(0.729596572683,69.181946159198,59.2));
#10187 = VECTOR('',#10188,1.);
#10188 = DIRECTION('',(-5.947623346206E-16,-1.110223024625E-16,-1.));
#10189 = PCURVE('',#1247,#10190);
#10190 = DEFINITIONAL_REPRESENTATION('',(#10191),#10195);
#10191 = LINE('',#10192,#10193);
#10192 = CARTESIAN_POINT('',(0.515902684074,-2.581268532253E-15));
#10193 = VECTOR('',#10194,1.);
#10194 = DIRECTION('',(0.,-1.));
#10195 = ( GEOMETRIC_REPRESENTATION_CONTEXT(2) 
PARAMETRIC_REPRESENTATION_CONTEXT() REPRESENTATION_CONTEXT('2D SPACE',''
  ) );
#10196 = PCURVE('',#1276,#10197);
#10197 = DEFINITIONAL_REPRESENTATION('',(#10198),#10202);
#10198 = LINE('',#10199,#10200);
#10199 = CARTESIAN_POINT('',(1.608639242768,0.));
#10200 = VECTOR('',#10201,1.);
#10201 = DIRECTION('',(0.,1.));
#10202 = ( GEOMETRIC_REPRESENTATION_CONTEXT(2) 
PARAMETRIC_REPRESENTATION_CONTEXT() REPRESENTATION_CONTEXT('2D SPACE',''
  ) );
#10203 = ORIENTED_EDGE('',*,*,#10204,.T.);
#10204 = EDGE_CURVE('',#10182,#10084,#10205,.T.);
#10205 = SURFACE_CURVE('',#10206,(#10210,#10217),.PCURVE_S1.);
#10206 = LINE('',#10207,#10208);
#10207 = CARTESIAN_POINT('',(1.094394859024,68.817147872856,58.2));
#10208 = VECTOR('',#10209,1.);
#10209 = DIRECTION('',(0.707106781187,-0.707106781187,
    -3.885780586188E-16));
#10210 = PCURVE('',#1247,#10211);
#10211 = DEFINITIONAL_REPRESENTATION('',(#10212),#10216);
#10212 = LINE('',#10213,#10214);
#10213 = CARTESIAN_POINT('',(7.216449660064E-16,-1.));
#10214 = VECTOR('',#10215,1.);
#10215 = DIRECTION('',(-1.,-5.551115123126E-17));
#10216 = ( GEOMETRIC_REPRESENTATION_CONTEXT(2) 
PARAMETRIC_REPRESENTATION_CONTEXT() REPRESENTATION_CONTEXT('2D SPACE',''
  ) );
#10217 = PCURVE('',#4776,#10218);
#10218 = DEFINITIONAL_REPRESENTATION('',(#10219),#10223);
#10219 = LINE('',#10220,#10221);
#10220 = CARTESIAN_POINT('',(0.,0.));
#10221 = VECTOR('',#10222,1.);
#10222 = DIRECTION('',(1.,5.551115123126E-16));
#10223 = ( GEOMETRIC_REPRESENTATION_CONTEXT(2) 
PARAMETRIC_REPRESENTATION_CONTEXT() REPRESENTATION_CONTEXT('2D SPACE',''
  ) );
#10224 = ORIENTED_EDGE('',*,*,#10083,.T.);
#10225 = ORIENTED_EDGE('',*,*,#1231,.F.);
#10226 = ADVANCED_FACE('',(#10227),#2806,.T.);
#10227 = FACE_BOUND('',#10228,.T.);
#10228 = EDGE_LOOP('',(#10229,#10230,#10254,#10275));
#10229 = ORIENTED_EDGE('',*,*,#10156,.F.);
#10230 = ORIENTED_EDGE('',*,*,#10231,.F.);
#10231 = EDGE_CURVE('',#10232,#10134,#10234,.T.);
#10232 = VERTEX_POINT('',#10233);
#10233 = CARTESIAN_POINT('',(-6.648769722219,31.80975772069,58.2));
#10234 = SURFACE_CURVE('',#10235,(#10240,#10247),.PCURVE_S1.);
#10235 = CIRCLE('',#10236,19.284210105952);
#10236 = AXIS2_PLACEMENT_3D('',#10237,#10238,#10239);
#10237 = CARTESIAN_POINT('',(5.062616992291E-13,49.911542731882,58.2));
#10238 = DIRECTION('',(5.947623346206E-16,1.110223024625E-16,1.));
#10239 = DIRECTION('',(1.,-9.42935300772E-31,-5.947623346206E-16));
#10240 = PCURVE('',#2806,#10241);
#10241 = DEFINITIONAL_REPRESENTATION('',(#10242),#10246);
#10242 = LINE('',#10243,#10244);
#10243 = CARTESIAN_POINT('',(9.424777960769,1.));
#10244 = VECTOR('',#10245,1.);
#10245 = DIRECTION('',(-1.,0.));
#10246 = ( GEOMETRIC_REPRESENTATION_CONTEXT(2) 
PARAMETRIC_REPRESENTATION_CONTEXT() REPRESENTATION_CONTEXT('2D SPACE',''
  ) );
#10247 = PCURVE('',#6335,#10248);
#10248 = DEFINITIONAL_REPRESENTATION('',(#10249),#10253);
#10249 = LINE('',#10250,#10251);
#10250 = CARTESIAN_POINT('',(9.424777960769,1.));
#10251 = VECTOR('',#10252,1.);
#10252 = DIRECTION('',(-1.,-2.489383946701E-14));
#10253 = ( GEOMETRIC_REPRESENTATION_CONTEXT(2) 
PARAMETRIC_REPRESENTATION_CONTEXT() REPRESENTATION_CONTEXT('2D SPACE',''
  ) );
#10254 = ORIENTED_EDGE('',*,*,#10255,.T.);
#10255 = EDGE_CURVE('',#10232,#2762,#10256,.T.);
#10256 = SURFACE_CURVE('',#10257,(#10261,#10268),.PCURVE_S1.);
#10257 = LINE('',#10258,#10259);
#10258 = CARTESIAN_POINT('',(-6.648769722219,31.80975772069,59.2));
#10259 = VECTOR('',#10260,1.);
#10260 = DIRECTION('',(-5.947623346206E-16,-1.110223024625E-16,-1.));
#10261 = PCURVE('',#2806,#10262);
#10262 = DEFINITIONAL_REPRESENTATION('',(#10263),#10267);
#10263 = LINE('',#10264,#10265);
#10264 = CARTESIAN_POINT('',(5.064391161717,0.));
#10265 = VECTOR('',#10266,1.);
#10266 = DIRECTION('',(0.,1.));
#10267 = ( GEOMETRIC_REPRESENTATION_CONTEXT(2) 
PARAMETRIC_REPRESENTATION_CONTEXT() REPRESENTATION_CONTEXT('2D SPACE',''
  ) );
#10268 = PCURVE('',#2777,#10269);
#10269 = DEFINITIONAL_REPRESENTATION('',(#10270),#10274);
#10270 = LINE('',#10271,#10272);
#10271 = CARTESIAN_POINT('',(0.515902684074,1.665334536938E-16));
#10272 = VECTOR('',#10273,1.);
#10273 = DIRECTION('',(0.,-1.));
#10274 = ( GEOMETRIC_REPRESENTATION_CONTEXT(2) 
PARAMETRIC_REPRESENTATION_CONTEXT() REPRESENTATION_CONTEXT('2D SPACE',''
  ) );
#10275 = ORIENTED_EDGE('',*,*,#2789,.T.);
#10276 = ADVANCED_FACE('',(#10277),#1276,.T.);
#10277 = FACE_BOUND('',#10278,.T.);
#10278 = EDGE_LOOP('',(#10279,#10302,#10324,#10325));
#10279 = ORIENTED_EDGE('',*,*,#10280,.F.);
#10280 = EDGE_CURVE('',#10281,#1260,#10283,.T.);
#10281 = VERTEX_POINT('',#10282);
#10282 = CARTESIAN_POINT('',(-0.729596572683,69.181946159198,58.2));
#10283 = SURFACE_CURVE('',#10284,(#10288,#10295),.PCURVE_S1.);
#10284 = LINE('',#10285,#10286);
#10285 = CARTESIAN_POINT('',(-0.729596572683,69.181946159198,59.2));
#10286 = VECTOR('',#10287,1.);
#10287 = DIRECTION('',(-5.947623346206E-16,-1.110223024625E-16,-1.));
#10288 = PCURVE('',#1276,#10289);
#10289 = DEFINITIONAL_REPRESENTATION('',(#10290),#10294);
#10290 = LINE('',#10291,#10292);
#10291 = CARTESIAN_POINT('',(1.532953410821,0.));
#10292 = VECTOR('',#10293,1.);
#10293 = DIRECTION('',(0.,1.));
#10294 = ( GEOMETRIC_REPRESENTATION_CONTEXT(2) 
PARAMETRIC_REPRESENTATION_CONTEXT() REPRESENTATION_CONTEXT('2D SPACE',''
  ) );
#10295 = PCURVE('',#1304,#10296);
#10296 = DEFINITIONAL_REPRESENTATION('',(#10297),#10301);
#10297 = LINE('',#10298,#10299);
#10298 = CARTESIAN_POINT('',(0.515902684074,5.551115123126E-16));
#10299 = VECTOR('',#10300,1.);
#10300 = DIRECTION('',(5.551115123126E-17,-1.));
#10301 = ( GEOMETRIC_REPRESENTATION_CONTEXT(2) 
PARAMETRIC_REPRESENTATION_CONTEXT() REPRESENTATION_CONTEXT('2D SPACE',''
  ) );
#10302 = ORIENTED_EDGE('',*,*,#10303,.F.);
#10303 = EDGE_CURVE('',#10182,#10281,#10304,.T.);
#10304 = SURFACE_CURVE('',#10305,(#10310,#10317),.PCURVE_S1.);
#10305 = CIRCLE('',#10306,19.284210105954);
#10306 = AXIS2_PLACEMENT_3D('',#10307,#10308,#10309);
#10307 = CARTESIAN_POINT('',(7.993605777301E-15,49.911542731877,58.2));
#10308 = DIRECTION('',(5.947623346206E-16,1.110223024625E-16,1.));
#10309 = DIRECTION('',(1.,-9.42935300772E-31,-5.947623346206E-16));
#10310 = PCURVE('',#1276,#10311);
#10311 = DEFINITIONAL_REPRESENTATION('',(#10312),#10316);
#10312 = LINE('',#10313,#10314);
#10313 = CARTESIAN_POINT('',(3.14159265359,1.));
#10314 = VECTOR('',#10315,1.);
#10315 = DIRECTION('',(-1.,0.));
#10316 = ( GEOMETRIC_REPRESENTATION_CONTEXT(2) 
PARAMETRIC_REPRESENTATION_CONTEXT() REPRESENTATION_CONTEXT('2D SPACE',''
  ) );
#10317 = PCURVE('',#4805,#10318);
#10318 = DEFINITIONAL_REPRESENTATION('',(#10319),#10323);
#10319 = LINE('',#10320,#10321);
#10320 = CARTESIAN_POINT('',(3.14159265359,1.));
#10321 = VECTOR('',#10322,1.);
#10322 = DIRECTION('',(-1.,0.));
#10323 = ( GEOMETRIC_REPRESENTATION_CONTEXT(2) 
PARAMETRIC_REPRESENTATION_CONTEXT() REPRESENTATION_CONTEXT('2D SPACE',''
  ) );
#10324 = ORIENTED_EDGE('',*,*,#10181,.T.);
#10325 = ORIENTED_EDGE('',*,*,#1259,.T.);
#10326 = ADVANCED_FACE('',(#10327),#2777,.T.);
#10327 = FACE_BOUND('',#10328,.T.);
#10328 = EDGE_LOOP('',(#10329,#10330,#10353,#10374));
#10329 = ORIENTED_EDGE('',*,*,#10255,.F.);
#10330 = ORIENTED_EDGE('',*,*,#10331,.T.);
#10331 = EDGE_CURVE('',#10232,#10332,#10334,.T.);
#10332 = VERTEX_POINT('',#10333);
#10333 = CARTESIAN_POINT('',(-7.117199556939,32.729103035403,58.2));
#10334 = SURFACE_CURVE('',#10335,(#10339,#10346),.PCURVE_S1.);
#10335 = LINE('',#10336,#10337);
#10336 = CARTESIAN_POINT('',(-6.882984639579,32.269430378047,58.2));
#10337 = VECTOR('',#10338,1.);
#10338 = DIRECTION('',(-0.45399049974,0.891006524188,1.110223024625E-16)
  );
#10339 = PCURVE('',#2777,#10340);
#10340 = DEFINITIONAL_REPRESENTATION('',(#10341),#10345);
#10341 = LINE('',#10342,#10343);
#10342 = CARTESIAN_POINT('',(7.216449660064E-16,-1.));
#10343 = VECTOR('',#10344,1.);
#10344 = DIRECTION('',(-1.,0.));
#10345 = ( GEOMETRIC_REPRESENTATION_CONTEXT(2) 
PARAMETRIC_REPRESENTATION_CONTEXT() REPRESENTATION_CONTEXT('2D SPACE',''
  ) );
#10346 = PCURVE('',#6306,#10347);
#10347 = DEFINITIONAL_REPRESENTATION('',(#10348),#10352);
#10348 = LINE('',#10349,#10350);
#10349 = CARTESIAN_POINT('',(0.,0.));
#10350 = VECTOR('',#10351,1.);
#10351 = DIRECTION('',(1.,3.330669073875E-16));
#10352 = ( GEOMETRIC_REPRESENTATION_CONTEXT(2) 
PARAMETRIC_REPRESENTATION_CONTEXT() REPRESENTATION_CONTEXT('2D SPACE',''
  ) );
#10353 = ORIENTED_EDGE('',*,*,#10354,.T.);
#10354 = EDGE_CURVE('',#10332,#2734,#10355,.T.);
#10355 = SURFACE_CURVE('',#10356,(#10360,#10367),.PCURVE_S1.);
#10356 = LINE('',#10357,#10358);
#10357 = CARTESIAN_POINT('',(-7.117199556939,32.729103035403,59.2));
#10358 = VECTOR('',#10359,1.);
#10359 = DIRECTION('',(-5.947623346206E-16,-1.110223024625E-16,-1.));
#10360 = PCURVE('',#2777,#10361);
#10361 = DEFINITIONAL_REPRESENTATION('',(#10362),#10366);
#10362 = LINE('',#10363,#10364);
#10363 = CARTESIAN_POINT('',(-0.515902684074,-5.551115123126E-16));
#10364 = VECTOR('',#10365,1.);
#10365 = DIRECTION('',(0.,-1.));
#10366 = ( GEOMETRIC_REPRESENTATION_CONTEXT(2) 
PARAMETRIC_REPRESENTATION_CONTEXT() REPRESENTATION_CONTEXT('2D SPACE',''
  ) );
#10367 = PCURVE('',#2749,#10368);
#10368 = DEFINITIONAL_REPRESENTATION('',(#10369),#10373);
#10369 = LINE('',#10370,#10371);
#10370 = CARTESIAN_POINT('',(-0.515902684074,-5.134781488891E-16));
#10371 = VECTOR('',#10372,1.);
#10372 = DIRECTION('',(0.,-1.));
#10373 = ( GEOMETRIC_REPRESENTATION_CONTEXT(2) 
PARAMETRIC_REPRESENTATION_CONTEXT() REPRESENTATION_CONTEXT('2D SPACE',''
  ) );
#10374 = ORIENTED_EDGE('',*,*,#2761,.F.);
#10375 = ADVANCED_FACE('',(#10376),#1304,.F.);
#10376 = FACE_BOUND('',#10377,.T.);
#10377 = EDGE_LOOP('',(#10378,#10401,#10422,#10423));
#10378 = ORIENTED_EDGE('',*,*,#10379,.F.);
#10379 = EDGE_CURVE('',#10380,#1289,#10382,.T.);
#10380 = VERTEX_POINT('',#10381);
#10381 = CARTESIAN_POINT('',(-1.459193145365,68.452349586515,58.2));
#10382 = SURFACE_CURVE('',#10383,(#10387,#10394),.PCURVE_S1.);
#10383 = LINE('',#10384,#10385);
#10384 = CARTESIAN_POINT('',(-1.459193145365,68.452349586515,59.2));
#10385 = VECTOR('',#10386,1.);
#10386 = DIRECTION('',(-5.947623346206E-16,-1.110223024625E-16,-1.));
#10387 = PCURVE('',#1304,#10388);
#10388 = DEFINITIONAL_REPRESENTATION('',(#10389),#10393);
#10389 = LINE('',#10390,#10391);
#10390 = CARTESIAN_POINT('',(-0.515902684074,-7.771561172376E-16));
#10391 = VECTOR('',#10392,1.);
#10392 = DIRECTION('',(5.551115123126E-17,-1.));
#10393 = ( GEOMETRIC_REPRESENTATION_CONTEXT(2) 
PARAMETRIC_REPRESENTATION_CONTEXT() REPRESENTATION_CONTEXT('2D SPACE',''
  ) );
#10394 = PCURVE('',#1332,#10395);
#10395 = DEFINITIONAL_REPRESENTATION('',(#10396),#10400);
#10396 = LINE('',#10397,#10398);
#10397 = CARTESIAN_POINT('',(-0.515902684074,-6.106226635438E-16));
#10398 = VECTOR('',#10399,1.);
#10399 = DIRECTION('',(0.,-1.));
#10400 = ( GEOMETRIC_REPRESENTATION_CONTEXT(2) 
PARAMETRIC_REPRESENTATION_CONTEXT() REPRESENTATION_CONTEXT('2D SPACE',''
  ) );
#10401 = ORIENTED_EDGE('',*,*,#10402,.T.);
#10402 = EDGE_CURVE('',#10380,#10281,#10403,.T.);
#10403 = SURFACE_CURVE('',#10404,(#10408,#10415),.PCURVE_S1.);
#10404 = LINE('',#10405,#10406);
#10405 = CARTESIAN_POINT('',(-0.729596572683,69.181946159198,58.2));
#10406 = VECTOR('',#10407,1.);
#10407 = DIRECTION('',(0.707106781187,0.707106781187,-4.996003610813E-16
    ));
#10408 = PCURVE('',#1304,#10409);
#10409 = DEFINITIONAL_REPRESENTATION('',(#10410),#10414);
#10410 = LINE('',#10411,#10412);
#10411 = CARTESIAN_POINT('',(0.515902684074,-1.));
#10412 = VECTOR('',#10413,1.);
#10413 = DIRECTION('',(1.,0.));
#10414 = ( GEOMETRIC_REPRESENTATION_CONTEXT(2) 
PARAMETRIC_REPRESENTATION_CONTEXT() REPRESENTATION_CONTEXT('2D SPACE',''
  ) );
#10415 = PCURVE('',#4833,#10416);
#10416 = DEFINITIONAL_REPRESENTATION('',(#10417),#10421);
#10417 = LINE('',#10418,#10419);
#10418 = CARTESIAN_POINT('',(13.110330255582,1.414213562373));
#10419 = VECTOR('',#10420,1.);
#10420 = DIRECTION('',(1.,3.330669073875E-16));
#10421 = ( GEOMETRIC_REPRESENTATION_CONTEXT(2) 
PARAMETRIC_REPRESENTATION_CONTEXT() REPRESENTATION_CONTEXT('2D SPACE',''
  ) );
#10422 = ORIENTED_EDGE('',*,*,#10280,.T.);
#10423 = ORIENTED_EDGE('',*,*,#1288,.T.);
#10424 = ADVANCED_FACE('',(#10425),#2749,.F.);
#10425 = FACE_BOUND('',#10426,.T.);
#10426 = EDGE_LOOP('',(#10427,#10428,#10451,#10472));
#10427 = ORIENTED_EDGE('',*,*,#10354,.F.);
#10428 = ORIENTED_EDGE('',*,*,#10429,.T.);
#10429 = EDGE_CURVE('',#10332,#10430,#10432,.T.);
#10430 = VERTEX_POINT('',#10431);
#10431 = CARTESIAN_POINT('',(-8.098504775865,32.410257641758,58.2));
#10432 = SURFACE_CURVE('',#10433,(#10437,#10444),.PCURVE_S1.);
#10433 = LINE('',#10434,#10435);
#10434 = CARTESIAN_POINT('',(-8.098504775865,32.410257641758,58.2));
#10435 = VECTOR('',#10436,1.);
#10436 = DIRECTION('',(-0.951056516295,-0.309016994375,
    5.828670879282E-16));
#10437 = PCURVE('',#2749,#10438);
#10438 = DEFINITIONAL_REPRESENTATION('',(#10439),#10443);
#10439 = LINE('',#10440,#10441);
#10440 = CARTESIAN_POINT('',(0.515902684074,-1.));
#10441 = VECTOR('',#10442,1.);
#10442 = DIRECTION('',(1.,-2.775557561563E-17));
#10443 = ( GEOMETRIC_REPRESENTATION_CONTEXT(2) 
PARAMETRIC_REPRESENTATION_CONTEXT() REPRESENTATION_CONTEXT('2D SPACE',''
  ) );
#10444 = PCURVE('',#6278,#10445);
#10445 = DEFINITIONAL_REPRESENTATION('',(#10446),#10450);
#10446 = LINE('',#10447,#10448);
#10447 = CARTESIAN_POINT('',(13.110330255582,1.414213562373));
#10448 = VECTOR('',#10449,1.);
#10449 = DIRECTION('',(1.,4.649058915618E-16));
#10450 = ( GEOMETRIC_REPRESENTATION_CONTEXT(2) 
PARAMETRIC_REPRESENTATION_CONTEXT() REPRESENTATION_CONTEXT('2D SPACE',''
  ) );
#10451 = ORIENTED_EDGE('',*,*,#10452,.T.);
#10452 = EDGE_CURVE('',#10430,#2705,#10453,.T.);
#10453 = SURFACE_CURVE('',#10454,(#10458,#10465),.PCURVE_S1.);
#10454 = LINE('',#10455,#10456);
#10455 = CARTESIAN_POINT('',(-8.098504775865,32.410257641758,59.2));
#10456 = VECTOR('',#10457,1.);
#10457 = DIRECTION('',(-5.947623346206E-16,-1.110223024625E-16,-1.));
#10458 = PCURVE('',#2749,#10459);
#10459 = DEFINITIONAL_REPRESENTATION('',(#10460),#10464);
#10460 = LINE('',#10461,#10462);
#10461 = CARTESIAN_POINT('',(0.515902684074,-1.942890293094E-16));
#10462 = VECTOR('',#10463,1.);
#10463 = DIRECTION('',(0.,-1.));
#10464 = ( GEOMETRIC_REPRESENTATION_CONTEXT(2) 
PARAMETRIC_REPRESENTATION_CONTEXT() REPRESENTATION_CONTEXT('2D SPACE',''
  ) );
#10465 = PCURVE('',#2721,#10466);
#10466 = DEFINITIONAL_REPRESENTATION('',(#10467),#10471);
#10467 = LINE('',#10468,#10469);
#10468 = CARTESIAN_POINT('',(5.14578496245,0.));
#10469 = VECTOR('',#10470,1.);
#10470 = DIRECTION('',(0.,1.));
#10471 = ( GEOMETRIC_REPRESENTATION_CONTEXT(2) 
PARAMETRIC_REPRESENTATION_CONTEXT() REPRESENTATION_CONTEXT('2D SPACE',''
  ) );
#10472 = ORIENTED_EDGE('',*,*,#2733,.T.);
#10473 = ADVANCED_FACE('',(#10474),#1332,.T.);
#10474 = FACE_BOUND('',#10475,.T.);
#10475 = EDGE_LOOP('',(#10476,#10499,#10520,#10521));
#10476 = ORIENTED_EDGE('',*,*,#10477,.F.);
#10477 = EDGE_CURVE('',#10478,#1317,#10480,.T.);
#10478 = VERTEX_POINT('',#10479);
#10479 = CARTESIAN_POINT('',(-2.293941223085,69.058829565149,58.2));
#10480 = SURFACE_CURVE('',#10481,(#10485,#10492),.PCURVE_S1.);
#10481 = LINE('',#10482,#10483);
#10482 = CARTESIAN_POINT('',(-2.293941223085,69.058829565149,59.2));
#10483 = VECTOR('',#10484,1.);
#10484 = DIRECTION('',(-5.947623346206E-16,-1.110223024625E-16,-1.));
#10485 = PCURVE('',#1332,#10486);
#10486 = DEFINITIONAL_REPRESENTATION('',(#10487),#10491);
#10487 = LINE('',#10488,#10489);
#10488 = CARTESIAN_POINT('',(0.515902684074,6.106226635438E-16));
#10489 = VECTOR('',#10490,1.);
#10490 = DIRECTION('',(0.,-1.));
#10491 = ( GEOMETRIC_REPRESENTATION_CONTEXT(2) 
PARAMETRIC_REPRESENTATION_CONTEXT() REPRESENTATION_CONTEXT('2D SPACE',''
  ) );
#10492 = PCURVE('',#1361,#10493);
#10493 = DEFINITIONAL_REPRESENTATION('',(#10494),#10498);
#10494 = LINE('',#10495,#10496);
#10495 = CARTESIAN_POINT('',(1.451559610089,0.));
#10496 = VECTOR('',#10497,1.);
#10497 = DIRECTION('',(0.,1.));
#10498 = ( GEOMETRIC_REPRESENTATION_CONTEXT(2) 
PARAMETRIC_REPRESENTATION_CONTEXT() REPRESENTATION_CONTEXT('2D SPACE',''
  ) );
#10499 = ORIENTED_EDGE('',*,*,#10500,.T.);
#10500 = EDGE_CURVE('',#10478,#10380,#10501,.T.);
#10501 = SURFACE_CURVE('',#10502,(#10506,#10513),.PCURVE_S1.);
#10502 = LINE('',#10503,#10504);
#10503 = CARTESIAN_POINT('',(-1.876567184225,68.755589575832,58.2));
#10504 = VECTOR('',#10505,1.);
#10505 = DIRECTION('',(0.809016994375,-0.587785252292,
    -4.440892098501E-16));
#10506 = PCURVE('',#1332,#10507);
#10507 = DEFINITIONAL_REPRESENTATION('',(#10508),#10512);
#10508 = LINE('',#10509,#10510);
#10509 = CARTESIAN_POINT('',(-4.440892098501E-16,-1.));
#10510 = VECTOR('',#10511,1.);
#10511 = DIRECTION('',(-1.,0.));
#10512 = ( GEOMETRIC_REPRESENTATION_CONTEXT(2) 
PARAMETRIC_REPRESENTATION_CONTEXT() REPRESENTATION_CONTEXT('2D SPACE',''
  ) );
#10513 = PCURVE('',#4861,#10514);
#10514 = DEFINITIONAL_REPRESENTATION('',(#10515),#10519);
#10515 = LINE('',#10516,#10517);
#10516 = CARTESIAN_POINT('',(0.,0.));
#10517 = VECTOR('',#10518,1.);
#10518 = DIRECTION('',(1.,8.881784197001E-16));
#10519 = ( GEOMETRIC_REPRESENTATION_CONTEXT(2) 
PARAMETRIC_REPRESENTATION_CONTEXT() REPRESENTATION_CONTEXT('2D SPACE',''
  ) );
#10520 = ORIENTED_EDGE('',*,*,#10379,.T.);
#10521 = ORIENTED_EDGE('',*,*,#1316,.F.);
#10522 = ADVANCED_FACE('',(#10523),#2721,.T.);
#10523 = FACE_BOUND('',#10524,.T.);
#10524 = EDGE_LOOP('',(#10525,#10526,#10550,#10571));
#10525 = ORIENTED_EDGE('',*,*,#10452,.F.);
#10526 = ORIENTED_EDGE('',*,*,#10527,.F.);
#10527 = EDGE_CURVE('',#10528,#10430,#10530,.T.);
#10528 = VERTEX_POINT('',#10529);
#10529 = CARTESIAN_POINT('',(-9.398655388436,33.072717467039,58.2));
#10530 = SURFACE_CURVE('',#10531,(#10536,#10543),.PCURVE_S1.);
#10531 = CIRCLE('',#10532,19.284210105952);
#10532 = AXIS2_PLACEMENT_3D('',#10533,#10534,#10535);
#10533 = CARTESIAN_POINT('',(6.954437026252E-13,49.911542731881,58.2));
#10534 = DIRECTION('',(5.947623346206E-16,1.110223024625E-16,1.));
#10535 = DIRECTION('',(1.,-9.42935300772E-31,-5.947623346206E-16));
#10536 = PCURVE('',#2721,#10537);
#10537 = DEFINITIONAL_REPRESENTATION('',(#10538),#10542);
#10538 = LINE('',#10539,#10540);
#10539 = CARTESIAN_POINT('',(9.424777960769,1.));
#10540 = VECTOR('',#10541,1.);
#10541 = DIRECTION('',(-1.,0.));
#10542 = ( GEOMETRIC_REPRESENTATION_CONTEXT(2) 
PARAMETRIC_REPRESENTATION_CONTEXT() REPRESENTATION_CONTEXT('2D SPACE',''
  ) );
#10543 = PCURVE('',#6250,#10544);
#10544 = DEFINITIONAL_REPRESENTATION('',(#10545),#10549);
#10545 = LINE('',#10546,#10547);
#10546 = CARTESIAN_POINT('',(9.424777960769,1.));
#10547 = VECTOR('',#10548,1.);
#10548 = DIRECTION('',(-1.,0.));
#10549 = ( GEOMETRIC_REPRESENTATION_CONTEXT(2) 
PARAMETRIC_REPRESENTATION_CONTEXT() REPRESENTATION_CONTEXT('2D SPACE',''
  ) );
#10550 = ORIENTED_EDGE('',*,*,#10551,.T.);
#10551 = EDGE_CURVE('',#10528,#2677,#10552,.T.);
#10552 = SURFACE_CURVE('',#10553,(#10557,#10564),.PCURVE_S1.);
#10553 = LINE('',#10554,#10555);
#10554 = CARTESIAN_POINT('',(-9.398655388436,33.072717467039,59.2));
#10555 = VECTOR('',#10556,1.);
#10556 = DIRECTION('',(-5.947623346206E-16,-1.110223024625E-16,-1.));
#10557 = PCURVE('',#2721,#10558);
#10558 = DEFINITIONAL_REPRESENTATION('',(#10559),#10563);
#10559 = LINE('',#10560,#10561);
#10560 = CARTESIAN_POINT('',(5.221470794397,0.));
#10561 = VECTOR('',#10562,1.);
#10562 = DIRECTION('',(0.,1.));
#10563 = ( GEOMETRIC_REPRESENTATION_CONTEXT(2) 
PARAMETRIC_REPRESENTATION_CONTEXT() REPRESENTATION_CONTEXT('2D SPACE',''
  ) );
#10564 = PCURVE('',#2692,#10565);
#10565 = DEFINITIONAL_REPRESENTATION('',(#10566),#10570);
#10566 = LINE('',#10567,#10568);
#10567 = CARTESIAN_POINT('',(0.515902684074,-1.387778780781E-16));
#10568 = VECTOR('',#10569,1.);
#10569 = DIRECTION('',(5.551115123126E-17,-1.));
#10570 = ( GEOMETRIC_REPRESENTATION_CONTEXT(2) 
PARAMETRIC_REPRESENTATION_CONTEXT() REPRESENTATION_CONTEXT('2D SPACE',''
  ) );
#10571 = ORIENTED_EDGE('',*,*,#2704,.T.);
#10572 = ADVANCED_FACE('',(#10573),#1361,.T.);
#10573 = FACE_BOUND('',#10574,.T.);
#10574 = EDGE_LOOP('',(#10575,#10598,#10620,#10621));
#10575 = ORIENTED_EDGE('',*,*,#10576,.F.);
#10576 = EDGE_CURVE('',#10577,#1345,#10579,.T.);
#10577 = VERTEX_POINT('',#10578);
#10578 = CARTESIAN_POINT('',(-3.735169279439,68.830561466063,58.2));
#10579 = SURFACE_CURVE('',#10580,(#10584,#10591),.PCURVE_S1.);
#10580 = LINE('',#10581,#10582);
#10581 = CARTESIAN_POINT('',(-3.735169279439,68.830561466063,59.2));
#10582 = VECTOR('',#10583,1.);
#10583 = DIRECTION('',(-5.947623346206E-16,-1.110223024625E-16,-1.));
#10584 = PCURVE('',#1361,#10585);
#10585 = DEFINITIONAL_REPRESENTATION('',(#10586),#10590);
#10586 = LINE('',#10587,#10588);
#10587 = CARTESIAN_POINT('',(1.375873778142,0.));
#10588 = VECTOR('',#10589,1.);
#10589 = DIRECTION('',(0.,1.));
#10590 = ( GEOMETRIC_REPRESENTATION_CONTEXT(2) 
PARAMETRIC_REPRESENTATION_CONTEXT() REPRESENTATION_CONTEXT('2D SPACE',''
  ) );
#10591 = PCURVE('',#1389,#10592);
#10592 = DEFINITIONAL_REPRESENTATION('',(#10593),#10597);
#10593 = LINE('',#10594,#10595);
#10594 = CARTESIAN_POINT('',(0.515902684074,-3.080868893335E-15));
#10595 = VECTOR('',#10596,1.);
#10596 = DIRECTION('',(5.551115123126E-17,-1.));
#10597 = ( GEOMETRIC_REPRESENTATION_CONTEXT(2) 
PARAMETRIC_REPRESENTATION_CONTEXT() REPRESENTATION_CONTEXT('2D SPACE',''
  ) );
#10598 = ORIENTED_EDGE('',*,*,#10599,.F.);
#10599 = EDGE_CURVE('',#10478,#10577,#10600,.T.);
#10600 = SURFACE_CURVE('',#10601,(#10606,#10613),.PCURVE_S1.);
#10601 = CIRCLE('',#10602,19.284210105952);
#10602 = AXIS2_PLACEMENT_3D('',#10603,#10604,#10605);
#10603 = CARTESIAN_POINT('',(3.383959779057E-13,49.911542731879,58.2));
#10604 = DIRECTION('',(5.947623346206E-16,1.110223024625E-16,1.));
#10605 = DIRECTION('',(1.,-9.42935300772E-31,-5.947623346206E-16));
#10606 = PCURVE('',#1361,#10607);
#10607 = DEFINITIONAL_REPRESENTATION('',(#10608),#10612);
#10608 = LINE('',#10609,#10610);
#10609 = CARTESIAN_POINT('',(3.14159265359,1.));
#10610 = VECTOR('',#10611,1.);
#10611 = DIRECTION('',(-1.,0.));
#10612 = ( GEOMETRIC_REPRESENTATION_CONTEXT(2) 
PARAMETRIC_REPRESENTATION_CONTEXT() REPRESENTATION_CONTEXT('2D SPACE',''
  ) );
#10613 = PCURVE('',#4890,#10614);
#10614 = DEFINITIONAL_REPRESENTATION('',(#10615),#10619);
#10615 = LINE('',#10616,#10617);
#10616 = CARTESIAN_POINT('',(3.14159265359,1.));
#10617 = VECTOR('',#10618,1.);
#10618 = DIRECTION('',(-1.,0.));
#10619 = ( GEOMETRIC_REPRESENTATION_CONTEXT(2) 
PARAMETRIC_REPRESENTATION_CONTEXT() REPRESENTATION_CONTEXT('2D SPACE',''
  ) );
#10620 = ORIENTED_EDGE('',*,*,#10477,.T.);
#10621 = ORIENTED_EDGE('',*,*,#1344,.T.);
#10622 = ADVANCED_FACE('',(#10623),#2692,.T.);
#10623 = FACE_BOUND('',#10624,.T.);
#10624 = EDGE_LOOP('',(#10625,#10626,#10649,#10670));
#10625 = ORIENTED_EDGE('',*,*,#10551,.F.);
#10626 = ORIENTED_EDGE('',*,*,#10627,.T.);
#10627 = EDGE_CURVE('',#10528,#10628,#10630,.T.);
#10628 = VERTEX_POINT('',#10629);
#10629 = CARTESIAN_POINT('',(-9.717500782081,34.054022685965,58.2));
#10630 = SURFACE_CURVE('',#10631,(#10635,#10642),.PCURVE_S1.);
#10631 = LINE('',#10632,#10633);
#10632 = CARTESIAN_POINT('',(-9.558078085259,33.563370076502,58.2));
#10633 = VECTOR('',#10634,1.);
#10634 = DIRECTION('',(-0.309016994375,0.951056516295,1.110223024625E-16
    ));
#10635 = PCURVE('',#2692,#10636);
#10636 = DEFINITIONAL_REPRESENTATION('',(#10637),#10641);
#10637 = LINE('',#10638,#10639);
#10638 = CARTESIAN_POINT('',(-1.665334536938E-16,-1.));
#10639 = VECTOR('',#10640,1.);
#10640 = DIRECTION('',(-1.,5.551115123126E-17));
#10641 = ( GEOMETRIC_REPRESENTATION_CONTEXT(2) 
PARAMETRIC_REPRESENTATION_CONTEXT() REPRESENTATION_CONTEXT('2D SPACE',''
  ) );
#10642 = PCURVE('',#6221,#10643);
#10643 = DEFINITIONAL_REPRESENTATION('',(#10644),#10648);
#10644 = LINE('',#10645,#10646);
#10645 = CARTESIAN_POINT('',(0.,0.));
#10646 = VECTOR('',#10647,1.);
#10647 = DIRECTION('',(1.,3.608224830032E-16));
#10648 = ( GEOMETRIC_REPRESENTATION_CONTEXT(2) 
PARAMETRIC_REPRESENTATION_CONTEXT() REPRESENTATION_CONTEXT('2D SPACE',''
  ) );
#10649 = ORIENTED_EDGE('',*,*,#10650,.T.);
#10650 = EDGE_CURVE('',#10628,#2649,#10651,.T.);
#10651 = SURFACE_CURVE('',#10652,(#10656,#10663),.PCURVE_S1.);
#10652 = LINE('',#10653,#10654);
#10653 = CARTESIAN_POINT('',(-9.717500782081,34.054022685965,59.2));
#10654 = VECTOR('',#10655,1.);
#10655 = DIRECTION('',(-5.947623346206E-16,-1.110223024625E-16,-1.));
#10656 = PCURVE('',#2692,#10657);
#10657 = DEFINITIONAL_REPRESENTATION('',(#10658),#10662);
#10658 = LINE('',#10659,#10660);
#10659 = CARTESIAN_POINT('',(-0.515902684074,-3.885780586188E-16));
#10660 = VECTOR('',#10661,1.);
#10661 = DIRECTION('',(5.551115123126E-17,-1.));
#10662 = ( GEOMETRIC_REPRESENTATION_CONTEXT(2) 
PARAMETRIC_REPRESENTATION_CONTEXT() REPRESENTATION_CONTEXT('2D SPACE',''
  ) );
#10663 = PCURVE('',#2664,#10664);
#10664 = DEFINITIONAL_REPRESENTATION('',(#10665),#10669);
#10665 = LINE('',#10666,#10667);
#10666 = CARTESIAN_POINT('',(-0.515902684074,-6.661338147751E-16));
#10667 = VECTOR('',#10668,1.);
#10668 = DIRECTION('',(0.,-1.));
#10669 = ( GEOMETRIC_REPRESENTATION_CONTEXT(2) 
PARAMETRIC_REPRESENTATION_CONTEXT() REPRESENTATION_CONTEXT('2D SPACE',''
  ) );
#10670 = ORIENTED_EDGE('',*,*,#2676,.F.);
#10671 = ADVANCED_FACE('',(#10672),#1389,.F.);
#10672 = FACE_BOUND('',#10673,.T.);
#10673 = EDGE_LOOP('',(#10674,#10697,#10718,#10719));
#10674 = ORIENTED_EDGE('',*,*,#10675,.F.);
#10675 = EDGE_CURVE('',#10676,#1374,#10678,.T.);
#10676 = VERTEX_POINT('',#10677);
#10677 = CARTESIAN_POINT('',(-4.341649258073,67.995813388344,58.2));
#10678 = SURFACE_CURVE('',#10679,(#10683,#10690),.PCURVE_S1.);
#10679 = LINE('',#10680,#10681);
#10680 = CARTESIAN_POINT('',(-4.341649258073,67.995813388344,59.2));
#10681 = VECTOR('',#10682,1.);
#10682 = DIRECTION('',(-5.947623346206E-16,-1.110223024625E-16,-1.));
#10683 = PCURVE('',#1389,#10684);
#10684 = DEFINITIONAL_REPRESENTATION('',(#10685),#10689);
#10685 = LINE('',#10686,#10687);
#10686 = CARTESIAN_POINT('',(-0.515902684074,-4.718447854657E-16));
#10687 = VECTOR('',#10688,1.);
#10688 = DIRECTION('',(5.551115123126E-17,-1.));
#10689 = ( GEOMETRIC_REPRESENTATION_CONTEXT(2) 
PARAMETRIC_REPRESENTATION_CONTEXT() REPRESENTATION_CONTEXT('2D SPACE',''
  ) );
#10690 = PCURVE('',#1417,#10691);
#10691 = DEFINITIONAL_REPRESENTATION('',(#10692),#10696);
#10692 = LINE('',#10693,#10694);
#10693 = CARTESIAN_POINT('',(-0.515902684074,-4.996003610813E-15));
#10694 = VECTOR('',#10695,1.);
#10695 = DIRECTION('',(0.,-1.));
#10696 = ( GEOMETRIC_REPRESENTATION_CONTEXT(2) 
PARAMETRIC_REPRESENTATION_CONTEXT() REPRESENTATION_CONTEXT('2D SPACE',''
  ) );
#10697 = ORIENTED_EDGE('',*,*,#10698,.T.);
#10698 = EDGE_CURVE('',#10676,#10577,#10699,.T.);
#10699 = SURFACE_CURVE('',#10700,(#10704,#10711),.PCURVE_S1.);
#10700 = LINE('',#10701,#10702);
#10701 = CARTESIAN_POINT('',(-3.735169279439,68.830561466063,58.2));
#10702 = VECTOR('',#10703,1.);
#10703 = DIRECTION('',(0.587785252292,0.809016994375,-3.885780586188E-16
    ));
#10704 = PCURVE('',#1389,#10705);
#10705 = DEFINITIONAL_REPRESENTATION('',(#10706),#10710);
#10706 = LINE('',#10707,#10708);
#10707 = CARTESIAN_POINT('',(0.515902684074,-1.));
#10708 = VECTOR('',#10709,1.);
#10709 = DIRECTION('',(1.,0.));
#10710 = ( GEOMETRIC_REPRESENTATION_CONTEXT(2) 
PARAMETRIC_REPRESENTATION_CONTEXT() REPRESENTATION_CONTEXT('2D SPACE',''
  ) );
#10711 = PCURVE('',#4918,#10712);
#10712 = DEFINITIONAL_REPRESENTATION('',(#10713),#10717);
#10713 = LINE('',#10714,#10715);
#10714 = CARTESIAN_POINT('',(13.110330255582,1.414213562373));
#10715 = VECTOR('',#10716,1.);
#10716 = DIRECTION('',(1.,3.885780586188E-16));
#10717 = ( GEOMETRIC_REPRESENTATION_CONTEXT(2) 
PARAMETRIC_REPRESENTATION_CONTEXT() REPRESENTATION_CONTEXT('2D SPACE',''
  ) );
#10718 = ORIENTED_EDGE('',*,*,#10576,.T.);
#10719 = ORIENTED_EDGE('',*,*,#1373,.T.);
#10720 = ADVANCED_FACE('',(#10721),#2664,.F.);
#10721 = FACE_BOUND('',#10722,.T.);
#10722 = EDGE_LOOP('',(#10723,#10724,#10747,#10768));
#10723 = ORIENTED_EDGE('',*,*,#10650,.F.);
#10724 = ORIENTED_EDGE('',*,*,#10725,.T.);
#10725 = EDGE_CURVE('',#10628,#10726,#10728,.T.);
#10726 = VERTEX_POINT('',#10727);
#10727 = CARTESIAN_POINT('',(-10.73660291396,33.892612765173,58.2));
#10728 = SURFACE_CURVE('',#10729,(#10733,#10740),.PCURVE_S1.);
#10729 = LINE('',#10730,#10731);
#10730 = CARTESIAN_POINT('',(-10.73660291396,33.892612765173,58.2));
#10731 = VECTOR('',#10732,1.);
#10732 = DIRECTION('',(-0.987688340595,-0.15643446504,5.96744875736E-16)
  );
#10733 = PCURVE('',#2664,#10734);
#10734 = DEFINITIONAL_REPRESENTATION('',(#10735),#10739);
#10735 = LINE('',#10736,#10737);
#10736 = CARTESIAN_POINT('',(0.515902684074,-1.));
#10737 = VECTOR('',#10738,1.);
#10738 = DIRECTION('',(1.,-1.387778780781E-17));
#10739 = ( GEOMETRIC_REPRESENTATION_CONTEXT(2) 
PARAMETRIC_REPRESENTATION_CONTEXT() REPRESENTATION_CONTEXT('2D SPACE',''
  ) );
#10740 = PCURVE('',#6193,#10741);
#10741 = DEFINITIONAL_REPRESENTATION('',(#10742),#10746);
#10742 = LINE('',#10743,#10744);
#10743 = CARTESIAN_POINT('',(13.110330255582,1.414213562373));
#10744 = VECTOR('',#10745,1.);
#10745 = DIRECTION('',(1.,2.046973701653E-16));
#10746 = ( GEOMETRIC_REPRESENTATION_CONTEXT(2) 
PARAMETRIC_REPRESENTATION_CONTEXT() REPRESENTATION_CONTEXT('2D SPACE',''
  ) );
#10747 = ORIENTED_EDGE('',*,*,#10748,.T.);
#10748 = EDGE_CURVE('',#10726,#2620,#10749,.T.);
#10749 = SURFACE_CURVE('',#10750,(#10754,#10761),.PCURVE_S1.);
#10750 = LINE('',#10751,#10752);
#10751 = CARTESIAN_POINT('',(-10.73660291396,33.892612765173,59.2));
#10752 = VECTOR('',#10753,1.);
#10753 = DIRECTION('',(-5.947623346206E-16,-1.110223024625E-16,-1.));
#10754 = PCURVE('',#2664,#10755);
#10755 = DEFINITIONAL_REPRESENTATION('',(#10756),#10760);
#10756 = LINE('',#10757,#10758);
#10757 = CARTESIAN_POINT('',(0.515902684074,1.387778780781E-17));
#10758 = VECTOR('',#10759,1.);
#10759 = DIRECTION('',(0.,-1.));
#10760 = ( GEOMETRIC_REPRESENTATION_CONTEXT(2) 
PARAMETRIC_REPRESENTATION_CONTEXT() REPRESENTATION_CONTEXT('2D SPACE',''
  ) );
#10761 = PCURVE('',#2636,#10762);
#10762 = DEFINITIONAL_REPRESENTATION('',(#10763),#10767);
#10763 = LINE('',#10764,#10765);
#10764 = CARTESIAN_POINT('',(5.302864595129,0.));
#10765 = VECTOR('',#10766,1.);
#10766 = DIRECTION('',(0.,1.));
#10767 = ( GEOMETRIC_REPRESENTATION_CONTEXT(2) 
PARAMETRIC_REPRESENTATION_CONTEXT() REPRESENTATION_CONTEXT('2D SPACE',''
  ) );
#10768 = ORIENTED_EDGE('',*,*,#2648,.T.);
#10769 = ADVANCED_FACE('',(#10770),#1417,.T.);
#10770 = FACE_BOUND('',#10771,.T.);
#10771 = EDGE_LOOP('',(#10772,#10795,#10816,#10817));
#10772 = ORIENTED_EDGE('',*,*,#10773,.F.);
#10773 = EDGE_CURVE('',#10774,#1402,#10776,.T.);
#10774 = VERTEX_POINT('',#10775);
#10775 = CARTESIAN_POINT('',(-5.260994572786,68.464243223063,58.2));
#10776 = SURFACE_CURVE('',#10777,(#10781,#10788),.PCURVE_S1.);
#10777 = LINE('',#10778,#10779);
#10778 = CARTESIAN_POINT('',(-5.260994572786,68.464243223063,59.2));
#10779 = VECTOR('',#10780,1.);
#10780 = DIRECTION('',(-5.947623346206E-16,-1.110223024625E-16,-1.));
#10781 = PCURVE('',#1417,#10782);
#10782 = DEFINITIONAL_REPRESENTATION('',(#10783),#10787);
#10783 = LINE('',#10784,#10785);
#10784 = CARTESIAN_POINT('',(0.515902684074,-4.704570066849E-15));
#10785 = VECTOR('',#10786,1.);
#10786 = DIRECTION('',(0.,-1.));
#10787 = ( GEOMETRIC_REPRESENTATION_CONTEXT(2) 
PARAMETRIC_REPRESENTATION_CONTEXT() REPRESENTATION_CONTEXT('2D SPACE',''
  ) );
#10788 = PCURVE('',#1446,#10789);
#10789 = DEFINITIONAL_REPRESENTATION('',(#10790),#10794);
#10790 = LINE('',#10791,#10792);
#10791 = CARTESIAN_POINT('',(1.29447997741,0.));
#10792 = VECTOR('',#10793,1.);
#10793 = DIRECTION('',(0.,1.));
#10794 = ( GEOMETRIC_REPRESENTATION_CONTEXT(2) 
PARAMETRIC_REPRESENTATION_CONTEXT() REPRESENTATION_CONTEXT('2D SPACE',''
  ) );
#10795 = ORIENTED_EDGE('',*,*,#10796,.T.);
#10796 = EDGE_CURVE('',#10774,#10676,#10797,.T.);
#10797 = SURFACE_CURVE('',#10798,(#10802,#10809),.PCURVE_S1.);
#10798 = LINE('',#10799,#10800);
#10799 = CARTESIAN_POINT('',(-4.801321915429,68.230028305704,58.2));
#10800 = VECTOR('',#10801,1.);
#10801 = DIRECTION('',(0.891006524188,-0.45399049974,-4.996003610813E-16
    ));
#10802 = PCURVE('',#1417,#10803);
#10803 = DEFINITIONAL_REPRESENTATION('',(#10804),#10808);
#10804 = LINE('',#10805,#10806);
#10805 = CARTESIAN_POINT('',(8.049116928532E-16,-1.));
#10806 = VECTOR('',#10807,1.);
#10807 = DIRECTION('',(-1.,2.775557561563E-17));
#10808 = ( GEOMETRIC_REPRESENTATION_CONTEXT(2) 
PARAMETRIC_REPRESENTATION_CONTEXT() REPRESENTATION_CONTEXT('2D SPACE',''
  ) );
#10809 = PCURVE('',#4946,#10810);
#10810 = DEFINITIONAL_REPRESENTATION('',(#10811),#10815);
#10811 = LINE('',#10812,#10813);
#10812 = CARTESIAN_POINT('',(0.,0.));
#10813 = VECTOR('',#10814,1.);
#10814 = DIRECTION('',(1.,4.718447854657E-16));
#10815 = ( GEOMETRIC_REPRESENTATION_CONTEXT(2) 
PARAMETRIC_REPRESENTATION_CONTEXT() REPRESENTATION_CONTEXT('2D SPACE',''
  ) );
#10816 = ORIENTED_EDGE('',*,*,#10675,.T.);
#10817 = ORIENTED_EDGE('',*,*,#1401,.F.);
#10818 = ADVANCED_FACE('',(#10819),#2636,.T.);
#10819 = FACE_BOUND('',#10820,.T.);
#10820 = EDGE_LOOP('',(#10821,#10822,#10846,#10867));
#10821 = ORIENTED_EDGE('',*,*,#10748,.F.);
#10822 = ORIENTED_EDGE('',*,*,#10823,.F.);
#10823 = EDGE_CURVE('',#10824,#10726,#10826,.T.);
#10824 = VERTEX_POINT('',#10825);
#10825 = CARTESIAN_POINT('',(-11.91711496664,34.750304976265,58.2));
#10826 = SURFACE_CURVE('',#10827,(#10832,#10839),.PCURVE_S1.);
#10827 = CIRCLE('',#10828,19.284210105951);
#10828 = AXIS2_PLACEMENT_3D('',#10829,#10830,#10831);
#10829 = CARTESIAN_POINT('',(4.538591724668E-13,49.911542731881,58.2));
#10830 = DIRECTION('',(5.947623346206E-16,1.110223024625E-16,1.));
#10831 = DIRECTION('',(1.,-9.42935300772E-31,-5.947623346206E-16));
#10832 = PCURVE('',#2636,#10833);
#10833 = DEFINITIONAL_REPRESENTATION('',(#10834),#10838);
#10834 = LINE('',#10835,#10836);
#10835 = CARTESIAN_POINT('',(9.424777960769,1.));
#10836 = VECTOR('',#10837,1.);
#10837 = DIRECTION('',(-1.,0.));
#10838 = ( GEOMETRIC_REPRESENTATION_CONTEXT(2) 
PARAMETRIC_REPRESENTATION_CONTEXT() REPRESENTATION_CONTEXT('2D SPACE',''
  ) );
#10839 = PCURVE('',#6165,#10840);
#10840 = DEFINITIONAL_REPRESENTATION('',(#10841),#10845);
#10841 = LINE('',#10842,#10843);
#10842 = CARTESIAN_POINT('',(9.424777960769,1.));
#10843 = VECTOR('',#10844,1.);
#10844 = DIRECTION('',(-1.,2.281935284476E-14));
#10845 = ( GEOMETRIC_REPRESENTATION_CONTEXT(2) 
PARAMETRIC_REPRESENTATION_CONTEXT() REPRESENTATION_CONTEXT('2D SPACE',''
  ) );
#10846 = ORIENTED_EDGE('',*,*,#10847,.T.);
#10847 = EDGE_CURVE('',#10824,#2592,#10848,.T.);
#10848 = SURFACE_CURVE('',#10849,(#10853,#10860),.PCURVE_S1.);
#10849 = LINE('',#10850,#10851);
#10850 = CARTESIAN_POINT('',(-11.91711496664,34.750304976265,59.2));
#10851 = VECTOR('',#10852,1.);
#10852 = DIRECTION('',(-5.947623346206E-16,-1.110223024625E-16,-1.));
#10853 = PCURVE('',#2636,#10854);
#10854 = DEFINITIONAL_REPRESENTATION('',(#10855),#10859);
#10855 = LINE('',#10856,#10857);
#10856 = CARTESIAN_POINT('',(5.378550427076,0.));
#10857 = VECTOR('',#10858,1.);
#10858 = DIRECTION('',(0.,1.));
#10859 = ( GEOMETRIC_REPRESENTATION_CONTEXT(2) 
PARAMETRIC_REPRESENTATION_CONTEXT() REPRESENTATION_CONTEXT('2D SPACE',''
  ) );
#10860 = PCURVE('',#2607,#10861);
#10861 = DEFINITIONAL_REPRESENTATION('',(#10862),#10866);
#10862 = LINE('',#10863,#10864);
#10863 = CARTESIAN_POINT('',(0.515902684074,0.));
#10864 = VECTOR('',#10865,1.);
#10865 = DIRECTION('',(0.,-1.));
#10866 = ( GEOMETRIC_REPRESENTATION_CONTEXT(2) 
PARAMETRIC_REPRESENTATION_CONTEXT() REPRESENTATION_CONTEXT('2D SPACE',''
  ) );
#10867 = ORIENTED_EDGE('',*,*,#2619,.T.);
#10868 = ADVANCED_FACE('',(#10869),#1446,.T.);
#10869 = FACE_BOUND('',#10870,.T.);
#10870 = EDGE_LOOP('',(#10871,#10894,#10916,#10917));
#10871 = ORIENTED_EDGE('',*,*,#10872,.F.);
#10872 = EDGE_CURVE('',#10873,#1430,#10875,.T.);
#10873 = VERTEX_POINT('',#10874);
#10874 = CARTESIAN_POINT('',(-6.648769722219,68.01332774307,58.2));
#10875 = SURFACE_CURVE('',#10876,(#10880,#10887),.PCURVE_S1.);
#10876 = LINE('',#10877,#10878);
#10877 = CARTESIAN_POINT('',(-6.648769722219,68.01332774307,59.2));
#10878 = VECTOR('',#10879,1.);
#10879 = DIRECTION('',(-5.947623346206E-16,-1.110223024625E-16,-1.));
#10880 = PCURVE('',#1446,#10881);
#10881 = DEFINITIONAL_REPRESENTATION('',(#10882),#10886);
#10882 = LINE('',#10883,#10884);
#10883 = CARTESIAN_POINT('',(1.218794145462,0.));
#10884 = VECTOR('',#10885,1.);
#10885 = DIRECTION('',(0.,1.));
#10886 = ( GEOMETRIC_REPRESENTATION_CONTEXT(2) 
PARAMETRIC_REPRESENTATION_CONTEXT() REPRESENTATION_CONTEXT('2D SPACE',''
  ) );
#10887 = PCURVE('',#1474,#10888);
#10888 = DEFINITIONAL_REPRESENTATION('',(#10889),#10893);
#10889 = LINE('',#10890,#10891);
#10890 = CARTESIAN_POINT('',(0.515902684074,3.885780586188E-16));
#10891 = VECTOR('',#10892,1.);
#10892 = DIRECTION('',(-5.551115123126E-17,-1.));
#10893 = ( GEOMETRIC_REPRESENTATION_CONTEXT(2) 
PARAMETRIC_REPRESENTATION_CONTEXT() REPRESENTATION_CONTEXT('2D SPACE',''
  ) );
#10894 = ORIENTED_EDGE('',*,*,#10895,.F.);
#10895 = EDGE_CURVE('',#10774,#10873,#10896,.T.);
#10896 = SURFACE_CURVE('',#10897,(#10902,#10909),.PCURVE_S1.);
#10897 = CIRCLE('',#10898,19.284210105952);
#10898 = AXIS2_PLACEMENT_3D('',#10899,#10900,#10901);
#10899 = CARTESIAN_POINT('',(5.551115123126E-13,49.911542731878,58.2));
#10900 = DIRECTION('',(5.947623346206E-16,1.110223024625E-16,1.));
#10901 = DIRECTION('',(1.,-9.42935300772E-31,-5.947623346206E-16));
#10902 = PCURVE('',#1446,#10903);
#10903 = DEFINITIONAL_REPRESENTATION('',(#10904),#10908);
#10904 = LINE('',#10905,#10906);
#10905 = CARTESIAN_POINT('',(3.14159265359,1.));
#10906 = VECTOR('',#10907,1.);
#10907 = DIRECTION('',(-1.,0.));
#10908 = ( GEOMETRIC_REPRESENTATION_CONTEXT(2) 
PARAMETRIC_REPRESENTATION_CONTEXT() REPRESENTATION_CONTEXT('2D SPACE',''
  ) );
#10909 = PCURVE('',#4975,#10910);
#10910 = DEFINITIONAL_REPRESENTATION('',(#10911),#10915);
#10911 = LINE('',#10912,#10913);
#10912 = CARTESIAN_POINT('',(3.14159265359,1.));
#10913 = VECTOR('',#10914,1.);
#10914 = DIRECTION('',(-1.,0.));
#10915 = ( GEOMETRIC_REPRESENTATION_CONTEXT(2) 
PARAMETRIC_REPRESENTATION_CONTEXT() REPRESENTATION_CONTEXT('2D SPACE',''
  ) );
#10916 = ORIENTED_EDGE('',*,*,#10773,.T.);
#10917 = ORIENTED_EDGE('',*,*,#1429,.T.);
#10918 = ADVANCED_FACE('',(#10919),#2607,.T.);
#10919 = FACE_BOUND('',#10920,.T.);
#10920 = EDGE_LOOP('',(#10921,#10922,#10945,#10966));
#10921 = ORIENTED_EDGE('',*,*,#10847,.F.);
#10922 = ORIENTED_EDGE('',*,*,#10923,.T.);
#10923 = EDGE_CURVE('',#10824,#10924,#10926,.T.);
#10924 = VERTEX_POINT('',#10925);
#10925 = CARTESIAN_POINT('',(-12.07852488743,35.769407108149,58.2));
#10926 = SURFACE_CURVE('',#10927,(#10931,#10938),.PCURVE_S1.);
#10927 = LINE('',#10928,#10929);
#10928 = CARTESIAN_POINT('',(-11.99781992703,35.259856042207,58.2));
#10929 = VECTOR('',#10930,1.);
#10930 = DIRECTION('',(-0.15643446504,0.987688340595,-5.551115123126E-17
    ));
#10931 = PCURVE('',#2607,#10932);
#10932 = DEFINITIONAL_REPRESENTATION('',(#10933),#10937);
#10933 = LINE('',#10934,#10935);
#10934 = CARTESIAN_POINT('',(2.442490654175E-15,-1.));
#10935 = VECTOR('',#10936,1.);
#10936 = DIRECTION('',(-1.,0.));
#10937 = ( GEOMETRIC_REPRESENTATION_CONTEXT(2) 
PARAMETRIC_REPRESENTATION_CONTEXT() REPRESENTATION_CONTEXT('2D SPACE',''
  ) );
#10938 = PCURVE('',#6136,#10939);
#10939 = DEFINITIONAL_REPRESENTATION('',(#10940),#10944);
#10940 = LINE('',#10941,#10942);
#10941 = CARTESIAN_POINT('',(0.,0.));
#10942 = VECTOR('',#10943,1.);
#10943 = DIRECTION('',(1.,2.22044604925E-16));
#10944 = ( GEOMETRIC_REPRESENTATION_CONTEXT(2) 
PARAMETRIC_REPRESENTATION_CONTEXT() REPRESENTATION_CONTEXT('2D SPACE',''
  ) );
#10945 = ORIENTED_EDGE('',*,*,#10946,.T.);
#10946 = EDGE_CURVE('',#10924,#2564,#10947,.T.);
#10947 = SURFACE_CURVE('',#10948,(#10952,#10959),.PCURVE_S1.);
#10948 = LINE('',#10949,#10950);
#10949 = CARTESIAN_POINT('',(-12.07852488743,35.769407108149,59.2));
#10950 = VECTOR('',#10951,1.);
#10951 = DIRECTION('',(-5.947623346206E-16,-1.110223024625E-16,-1.));
#10952 = PCURVE('',#2607,#10953);
#10953 = DEFINITIONAL_REPRESENTATION('',(#10954),#10958);
#10954 = LINE('',#10955,#10956);
#10955 = CARTESIAN_POINT('',(-0.515902684074,-3.608224830032E-16));
#10956 = VECTOR('',#10957,1.);
#10957 = DIRECTION('',(0.,-1.));
#10958 = ( GEOMETRIC_REPRESENTATION_CONTEXT(2) 
PARAMETRIC_REPRESENTATION_CONTEXT() REPRESENTATION_CONTEXT('2D SPACE',''
  ) );
#10959 = PCURVE('',#2579,#10960);
#10960 = DEFINITIONAL_REPRESENTATION('',(#10961),#10965);
#10961 = LINE('',#10962,#10963);
#10962 = CARTESIAN_POINT('',(4.110869608137E-17,0.515902684074));
#10963 = VECTOR('',#10964,1.);
#10964 = DIRECTION('',(-1.,6.162975822039E-32));
#10965 = ( GEOMETRIC_REPRESENTATION_CONTEXT(2) 
PARAMETRIC_REPRESENTATION_CONTEXT() REPRESENTATION_CONTEXT('2D SPACE',''
  ) );
#10966 = ORIENTED_EDGE('',*,*,#2591,.F.);
#10967 = ADVANCED_FACE('',(#10968),#1474,.F.);
#10968 = FACE_BOUND('',#10969,.T.);
#10969 = EDGE_LOOP('',(#10970,#10993,#11014,#11015));
#10970 = ORIENTED_EDGE('',*,*,#10971,.F.);
#10971 = EDGE_CURVE('',#10972,#1459,#10974,.T.);
#10972 = VERTEX_POINT('',#10973);
#10973 = CARTESIAN_POINT('',(-7.117199556939,67.093982428357,58.2));
#10974 = SURFACE_CURVE('',#10975,(#10979,#10986),.PCURVE_S1.);
#10975 = LINE('',#10976,#10977);
#10976 = CARTESIAN_POINT('',(-7.117199556939,67.093982428357,59.2));
#10977 = VECTOR('',#10978,1.);
#10978 = DIRECTION('',(-5.947623346206E-16,-1.110223024625E-16,-1.));
#10979 = PCURVE('',#1474,#10980);
#10980 = DEFINITIONAL_REPRESENTATION('',(#10981),#10985);
#10981 = LINE('',#10982,#10983);
#10982 = CARTESIAN_POINT('',(-0.515902684074,3.164135620182E-15));
#10983 = VECTOR('',#10984,1.);
#10984 = DIRECTION('',(-5.551115123126E-17,-1.));
#10985 = ( GEOMETRIC_REPRESENTATION_CONTEXT(2) 
PARAMETRIC_REPRESENTATION_CONTEXT() REPRESENTATION_CONTEXT('2D SPACE',''
  ) );
#10986 = PCURVE('',#1502,#10987);
#10987 = DEFINITIONAL_REPRESENTATION('',(#10988),#10992);
#10988 = LINE('',#10989,#10990);
#10989 = CARTESIAN_POINT('',(-0.515902684074,-1.068589661202E-15));
#10990 = VECTOR('',#10991,1.);
#10991 = DIRECTION('',(0.,-1.));
#10992 = ( GEOMETRIC_REPRESENTATION_CONTEXT(2) 
PARAMETRIC_REPRESENTATION_CONTEXT() REPRESENTATION_CONTEXT('2D SPACE',''
  ) );
#10993 = ORIENTED_EDGE('',*,*,#10994,.T.);
#10994 = EDGE_CURVE('',#10972,#10873,#10995,.T.);
#10995 = SURFACE_CURVE('',#10996,(#11000,#11007),.PCURVE_S1.);
#10996 = LINE('',#10997,#10998);
#10997 = CARTESIAN_POINT('',(-6.648769722219,68.01332774307,58.2));
#10998 = VECTOR('',#10999,1.);
#10999 = DIRECTION('',(0.45399049974,0.891006524188,-3.330669073875E-16)
  );
#11000 = PCURVE('',#1474,#11001);
#11001 = DEFINITIONAL_REPRESENTATION('',(#11002),#11006);
#11002 = LINE('',#11003,#11004);
#11003 = CARTESIAN_POINT('',(0.515902684074,-1.));
#11004 = VECTOR('',#11005,1.);
#11005 = DIRECTION('',(1.,0.));
#11006 = ( GEOMETRIC_REPRESENTATION_CONTEXT(2) 
PARAMETRIC_REPRESENTATION_CONTEXT() REPRESENTATION_CONTEXT('2D SPACE',''
  ) );
#11007 = PCURVE('',#5003,#11008);
#11008 = DEFINITIONAL_REPRESENTATION('',(#11009),#11013);
#11009 = LINE('',#11010,#11011);
#11010 = CARTESIAN_POINT('',(13.110330255582,1.414213562373));
#11011 = VECTOR('',#11012,1.);
#11012 = DIRECTION('',(1.,3.885780586188E-16));
#11013 = ( GEOMETRIC_REPRESENTATION_CONTEXT(2) 
PARAMETRIC_REPRESENTATION_CONTEXT() REPRESENTATION_CONTEXT('2D SPACE',''
  ) );
#11014 = ORIENTED_EDGE('',*,*,#10872,.T.);
#11015 = ORIENTED_EDGE('',*,*,#1458,.T.);
#11016 = ADVANCED_FACE('',(#11017),#2579,.F.);
#11017 = FACE_BOUND('',#11018,.T.);
#11018 = EDGE_LOOP('',(#11019,#11020,#11043,#11064));
#11019 = ORIENTED_EDGE('',*,*,#10946,.F.);
#11020 = ORIENTED_EDGE('',*,*,#11021,.T.);
#11021 = EDGE_CURVE('',#10924,#11022,#11024,.T.);
#11022 = VERTEX_POINT('',#11023);
#11023 = CARTESIAN_POINT('',(-13.11033025558,35.769407108149,58.2));
#11024 = SURFACE_CURVE('',#11025,(#11029,#11036),.PCURVE_S1.);
#11025 = LINE('',#11026,#11027);
#11026 = CARTESIAN_POINT('',(-13.11033025558,35.769407108149,58.2));
#11027 = VECTOR('',#11028,1.);
#11028 = DIRECTION('',(-1.,9.42935300772E-31,5.947623346206E-16));
#11029 = PCURVE('',#2579,#11030);
#11030 = DEFINITIONAL_REPRESENTATION('',(#11031),#11035);
#11031 = LINE('',#11032,#11033);
#11032 = CARTESIAN_POINT('',(-1.,-0.515902684074));
#11033 = VECTOR('',#11034,1.);
#11034 = DIRECTION('',(7.395570986447E-32,-1.));
#11035 = ( GEOMETRIC_REPRESENTATION_CONTEXT(2) 
PARAMETRIC_REPRESENTATION_CONTEXT() REPRESENTATION_CONTEXT('2D SPACE',''
  ) );
#11036 = PCURVE('',#6108,#11037);
#11037 = DEFINITIONAL_REPRESENTATION('',(#11038),#11042);
#11038 = LINE('',#11039,#11040);
#11039 = CARTESIAN_POINT('',(13.110330255582,1.414213562373));
#11040 = VECTOR('',#11041,1.);
#11041 = DIRECTION('',(1.,-1.54074395551E-31));
#11042 = ( GEOMETRIC_REPRESENTATION_CONTEXT(2) 
PARAMETRIC_REPRESENTATION_CONTEXT() REPRESENTATION_CONTEXT('2D SPACE',''
  ) );
#11043 = ORIENTED_EDGE('',*,*,#11044,.T.);
#11044 = EDGE_CURVE('',#11022,#2535,#11045,.T.);
#11045 = SURFACE_CURVE('',#11046,(#11050,#11057),.PCURVE_S1.);
#11046 = LINE('',#11047,#11048);
#11047 = CARTESIAN_POINT('',(-13.11033025558,35.769407108149,59.2));
#11048 = VECTOR('',#11049,1.);
#11049 = DIRECTION('',(-5.947623346206E-16,-1.110223024625E-16,-1.));
#11050 = PCURVE('',#2579,#11051);
#11051 = DEFINITIONAL_REPRESENTATION('',(#11052),#11056);
#11052 = LINE('',#11053,#11054);
#11053 = CARTESIAN_POINT('',(-4.110869608137E-17,-0.515902684074));
#11054 = VECTOR('',#11055,1.);
#11055 = DIRECTION('',(-1.,6.162975822039E-32));
#11056 = ( GEOMETRIC_REPRESENTATION_CONTEXT(2) 
PARAMETRIC_REPRESENTATION_CONTEXT() REPRESENTATION_CONTEXT('2D SPACE',''
  ) );
#11057 = PCURVE('',#2551,#11058);
#11058 = DEFINITIONAL_REPRESENTATION('',(#11059),#11063);
#11059 = LINE('',#11060,#11061);
#11060 = CARTESIAN_POINT('',(5.459944227809,0.));
#11061 = VECTOR('',#11062,1.);
#11062 = DIRECTION('',(0.,1.));
#11063 = ( GEOMETRIC_REPRESENTATION_CONTEXT(2) 
PARAMETRIC_REPRESENTATION_CONTEXT() REPRESENTATION_CONTEXT('2D SPACE',''
  ) );
#11064 = ORIENTED_EDGE('',*,*,#2563,.T.);
#11065 = ADVANCED_FACE('',(#11066),#1502,.T.);
#11066 = FACE_BOUND('',#11067,.T.);
#11067 = EDGE_LOOP('',(#11068,#11091,#11112,#11113));
#11068 = ORIENTED_EDGE('',*,*,#11069,.F.);
#11069 = EDGE_CURVE('',#11070,#1487,#11072,.T.);
#11070 = VERTEX_POINT('',#11071);
#11071 = CARTESIAN_POINT('',(-8.098504775865,67.412827822002,58.2));
#11072 = SURFACE_CURVE('',#11073,(#11077,#11084),.PCURVE_S1.);
#11073 = LINE('',#11074,#11075);
#11074 = CARTESIAN_POINT('',(-8.098504775865,67.412827822002,59.2));
#11075 = VECTOR('',#11076,1.);
#11076 = DIRECTION('',(-5.947623346206E-16,-1.110223024625E-16,-1.));
#11077 = PCURVE('',#1502,#11078);
#11078 = DEFINITIONAL_REPRESENTATION('',(#11079),#11083);
#11079 = LINE('',#11080,#11081);
#11080 = CARTESIAN_POINT('',(0.515902684074,5.828670879282E-16));
#11081 = VECTOR('',#11082,1.);
#11082 = DIRECTION('',(0.,-1.));
#11083 = ( GEOMETRIC_REPRESENTATION_CONTEXT(2) 
PARAMETRIC_REPRESENTATION_CONTEXT() REPRESENTATION_CONTEXT('2D SPACE',''
  ) );
#11084 = PCURVE('',#1531,#11085);
#11085 = DEFINITIONAL_REPRESENTATION('',(#11086),#11090);
#11086 = LINE('',#11087,#11088);
#11087 = CARTESIAN_POINT('',(1.13740034473,0.));
#11088 = VECTOR('',#11089,1.);
#11089 = DIRECTION('',(0.,1.));
#11090 = ( GEOMETRIC_REPRESENTATION_CONTEXT(2) 
PARAMETRIC_REPRESENTATION_CONTEXT() REPRESENTATION_CONTEXT('2D SPACE',''
  ) );
#11091 = ORIENTED_EDGE('',*,*,#11092,.T.);
#11092 = EDGE_CURVE('',#11070,#10972,#11093,.T.);
#11093 = SURFACE_CURVE('',#11094,(#11098,#11105),.PCURVE_S1.);
#11094 = LINE('',#11095,#11096);
#11095 = CARTESIAN_POINT('',(-7.607852166402,67.25340512518,58.2));
#11096 = VECTOR('',#11097,1.);
#11097 = DIRECTION('',(0.951056516295,-0.309016994375,
    -5.551115123126E-16));
#11098 = PCURVE('',#1502,#11099);
#11099 = DEFINITIONAL_REPRESENTATION('',(#11100),#11104);
#11100 = LINE('',#11101,#11102);
#11101 = CARTESIAN_POINT('',(6.938893903907E-16,-1.));
#11102 = VECTOR('',#11103,1.);
#11103 = DIRECTION('',(-1.,0.));
#11104 = ( GEOMETRIC_REPRESENTATION_CONTEXT(2) 
PARAMETRIC_REPRESENTATION_CONTEXT() REPRESENTATION_CONTEXT('2D SPACE',''
  ) );
#11105 = PCURVE('',#5031,#11106);
#11106 = DEFINITIONAL_REPRESENTATION('',(#11107),#11111);
#11107 = LINE('',#11108,#11109);
#11108 = CARTESIAN_POINT('',(0.,0.));
#11109 = VECTOR('',#11110,1.);
#11110 = DIRECTION('',(1.,3.608224830032E-16));
#11111 = ( GEOMETRIC_REPRESENTATION_CONTEXT(2) 
PARAMETRIC_REPRESENTATION_CONTEXT() REPRESENTATION_CONTEXT('2D SPACE',''
  ) );
#11112 = ORIENTED_EDGE('',*,*,#10971,.T.);
#11113 = ORIENTED_EDGE('',*,*,#1486,.F.);
#11114 = ADVANCED_FACE('',(#11115),#2551,.T.);
#11115 = FACE_BOUND('',#11116,.T.);
#11116 = EDGE_LOOP('',(#11117,#11118,#11142,#11163));
#11117 = ORIENTED_EDGE('',*,*,#11044,.F.);
#11118 = ORIENTED_EDGE('',*,*,#11119,.F.);
#11119 = EDGE_CURVE('',#11120,#11022,#11122,.T.);
#11120 = VERTEX_POINT('',#11121);
#11121 = CARTESIAN_POINT('',(-14.14213562373,36.801212476298,58.2));
#11122 = SURFACE_CURVE('',#11123,(#11128,#11135),.PCURVE_S1.);
#11123 = CIRCLE('',#11124,19.284210105952);
#11124 = AXIS2_PLACEMENT_3D('',#11125,#11126,#11127);
#11125 = CARTESIAN_POINT('',(1.435296326235E-12,49.911542731882,58.2));
#11126 = DIRECTION('',(5.947623346206E-16,1.110223024625E-16,1.));
#11127 = DIRECTION('',(1.,-9.42935300772E-31,-5.947623346206E-16));
#11128 = PCURVE('',#2551,#11129);
#11129 = DEFINITIONAL_REPRESENTATION('',(#11130),#11134);
#11130 = LINE('',#11131,#11132);
#11131 = CARTESIAN_POINT('',(9.424777960769,1.));
#11132 = VECTOR('',#11133,1.);
#11133 = DIRECTION('',(-1.,0.));
#11134 = ( GEOMETRIC_REPRESENTATION_CONTEXT(2) 
PARAMETRIC_REPRESENTATION_CONTEXT() REPRESENTATION_CONTEXT('2D SPACE',''
  ) );
#11135 = PCURVE('',#6080,#11136);
#11136 = DEFINITIONAL_REPRESENTATION('',(#11137),#11141);
#11137 = LINE('',#11138,#11139);
#11138 = CARTESIAN_POINT('',(9.424777960769,1.));
#11139 = VECTOR('',#11140,1.);
#11140 = DIRECTION('',(-1.,-2.489383946701E-14));
#11141 = ( GEOMETRIC_REPRESENTATION_CONTEXT(2) 
PARAMETRIC_REPRESENTATION_CONTEXT() REPRESENTATION_CONTEXT('2D SPACE',''
  ) );
#11142 = ORIENTED_EDGE('',*,*,#11143,.T.);
#11143 = EDGE_CURVE('',#11120,#2507,#11144,.T.);
#11144 = SURFACE_CURVE('',#11145,(#11149,#11156),.PCURVE_S1.);
#11145 = LINE('',#11146,#11147);
#11146 = CARTESIAN_POINT('',(-14.14213562373,36.801212476298,59.2));
#11147 = VECTOR('',#11148,1.);
#11148 = DIRECTION('',(-5.947623346206E-16,-1.110223024625E-16,-1.));
#11149 = PCURVE('',#2551,#11150);
#11150 = DEFINITIONAL_REPRESENTATION('',(#11151),#11155);
#11151 = LINE('',#11152,#11153);
#11152 = CARTESIAN_POINT('',(5.535630059756,0.));
#11153 = VECTOR('',#11154,1.);
#11154 = DIRECTION('',(0.,1.));
#11155 = ( GEOMETRIC_REPRESENTATION_CONTEXT(2) 
PARAMETRIC_REPRESENTATION_CONTEXT() REPRESENTATION_CONTEXT('2D SPACE',''
  ) );
#11156 = PCURVE('',#2522,#11157);
#11157 = DEFINITIONAL_REPRESENTATION('',(#11158),#11162);
#11158 = LINE('',#11159,#11160);
#11159 = CARTESIAN_POINT('',(-1.387778780781E-15,-0.515902684074));
#11160 = VECTOR('',#11161,1.);
#11161 = DIRECTION('',(-1.,0.));
#11162 = ( GEOMETRIC_REPRESENTATION_CONTEXT(2) 
PARAMETRIC_REPRESENTATION_CONTEXT() REPRESENTATION_CONTEXT('2D SPACE',''
  ) );
#11163 = ORIENTED_EDGE('',*,*,#2534,.T.);
#11164 = ADVANCED_FACE('',(#11165),#1531,.T.);
#11165 = FACE_BOUND('',#11166,.T.);
#11166 = EDGE_LOOP('',(#11167,#11190,#11212,#11213));
#11167 = ORIENTED_EDGE('',*,*,#11168,.F.);
#11168 = EDGE_CURVE('',#11169,#1515,#11171,.T.);
#11169 = VERTEX_POINT('',#11170);
#11170 = CARTESIAN_POINT('',(-9.398655388436,66.750367996721,58.2));
#11171 = SURFACE_CURVE('',#11172,(#11176,#11183),.PCURVE_S1.);
#11172 = LINE('',#11173,#11174);
#11173 = CARTESIAN_POINT('',(-9.398655388436,66.750367996721,59.2));
#11174 = VECTOR('',#11175,1.);
#11175 = DIRECTION('',(-5.947623346206E-16,-1.110223024625E-16,-1.));
#11176 = PCURVE('',#1531,#11177);
#11177 = DEFINITIONAL_REPRESENTATION('',(#11178),#11182);
#11178 = LINE('',#11179,#11180);
#11179 = CARTESIAN_POINT('',(1.061714512783,0.));
#11180 = VECTOR('',#11181,1.);
#11181 = DIRECTION('',(0.,1.));
#11182 = ( GEOMETRIC_REPRESENTATION_CONTEXT(2) 
PARAMETRIC_REPRESENTATION_CONTEXT() REPRESENTATION_CONTEXT('2D SPACE',''
  ) );
#11183 = PCURVE('',#1559,#11184);
#11184 = DEFINITIONAL_REPRESENTATION('',(#11185),#11189);
#11185 = LINE('',#11186,#11187);
#11186 = CARTESIAN_POINT('',(0.515902684074,-1.387778780781E-15));
#11187 = VECTOR('',#11188,1.);
#11188 = DIRECTION('',(5.551115123126E-17,-1.));
#11189 = ( GEOMETRIC_REPRESENTATION_CONTEXT(2) 
PARAMETRIC_REPRESENTATION_CONTEXT() REPRESENTATION_CONTEXT('2D SPACE',''
  ) );
#11190 = ORIENTED_EDGE('',*,*,#11191,.F.);
#11191 = EDGE_CURVE('',#11070,#11169,#11192,.T.);
#11192 = SURFACE_CURVE('',#11193,(#11198,#11205),.PCURVE_S1.);
#11193 = CIRCLE('',#11194,19.284210105951);
#11194 = AXIS2_PLACEMENT_3D('',#11195,#11196,#11197);
#11195 = CARTESIAN_POINT('',(5.693223670278E-13,49.911542731879,58.2));
#11196 = DIRECTION('',(5.947623346206E-16,1.110223024625E-16,1.));
#11197 = DIRECTION('',(1.,-9.42935300772E-31,-5.947623346206E-16));
#11198 = PCURVE('',#1531,#11199);
#11199 = DEFINITIONAL_REPRESENTATION('',(#11200),#11204);
#11200 = LINE('',#11201,#11202);
#11201 = CARTESIAN_POINT('',(3.14159265359,1.));
#11202 = VECTOR('',#11203,1.);
#11203 = DIRECTION('',(-1.,0.));
#11204 = ( GEOMETRIC_REPRESENTATION_CONTEXT(2) 
PARAMETRIC_REPRESENTATION_CONTEXT() REPRESENTATION_CONTEXT('2D SPACE',''
  ) );
#11205 = PCURVE('',#5060,#11206);
#11206 = DEFINITIONAL_REPRESENTATION('',(#11207),#11211);
#11207 = LINE('',#11208,#11209);
#11208 = CARTESIAN_POINT('',(3.14159265359,1.));
#11209 = VECTOR('',#11210,1.);
#11210 = DIRECTION('',(-1.,0.));
#11211 = ( GEOMETRIC_REPRESENTATION_CONTEXT(2) 
PARAMETRIC_REPRESENTATION_CONTEXT() REPRESENTATION_CONTEXT('2D SPACE',''
  ) );
#11212 = ORIENTED_EDGE('',*,*,#11069,.T.);
#11213 = ORIENTED_EDGE('',*,*,#1514,.T.);
#11214 = ADVANCED_FACE('',(#11215),#2522,.T.);
#11215 = FACE_BOUND('',#11216,.T.);
#11216 = EDGE_LOOP('',(#11217,#11218,#11241,#11262));
#11217 = ORIENTED_EDGE('',*,*,#11143,.F.);
#11218 = ORIENTED_EDGE('',*,*,#11219,.T.);
#11219 = EDGE_CURVE('',#11120,#11220,#11222,.T.);
#11220 = VERTEX_POINT('',#11221);
#11221 = CARTESIAN_POINT('',(-14.14213562373,37.833017844447,58.2));
#11222 = SURFACE_CURVE('',#11223,(#11227,#11234),.PCURVE_S1.);
#11223 = LINE('',#11224,#11225);
#11224 = CARTESIAN_POINT('',(-14.14213562373,37.317115160372,58.2));
#11225 = VECTOR('',#11226,1.);
#11226 = DIRECTION('',(6.902532920684E-31,1.,-1.110223024625E-16));
#11227 = PCURVE('',#2522,#11228);
#11228 = DEFINITIONAL_REPRESENTATION('',(#11229),#11233);
#11229 = LINE('',#11230,#11231);
#11230 = CARTESIAN_POINT('',(-1.,-6.661338147751E-16));
#11231 = VECTOR('',#11232,1.);
#11232 = DIRECTION('',(0.,1.));
#11233 = ( GEOMETRIC_REPRESENTATION_CONTEXT(2) 
PARAMETRIC_REPRESENTATION_CONTEXT() REPRESENTATION_CONTEXT('2D SPACE',''
  ) );
#11234 = PCURVE('',#6051,#11235);
#11235 = DEFINITIONAL_REPRESENTATION('',(#11236),#11240);
#11236 = LINE('',#11237,#11238);
#11237 = CARTESIAN_POINT('',(0.,0.));
#11238 = VECTOR('',#11239,1.);
#11239 = DIRECTION('',(1.,0.));
#11240 = ( GEOMETRIC_REPRESENTATION_CONTEXT(2) 
PARAMETRIC_REPRESENTATION_CONTEXT() REPRESENTATION_CONTEXT('2D SPACE',''
  ) );
#11241 = ORIENTED_EDGE('',*,*,#11242,.T.);
#11242 = EDGE_CURVE('',#11220,#2479,#11243,.T.);
#11243 = SURFACE_CURVE('',#11244,(#11248,#11255),.PCURVE_S1.);
#11244 = LINE('',#11245,#11246);
#11245 = CARTESIAN_POINT('',(-14.14213562373,37.833017844447,59.2));
#11246 = VECTOR('',#11247,1.);
#11247 = DIRECTION('',(-5.947623346206E-16,-1.110223024625E-16,-1.));
#11248 = PCURVE('',#2522,#11249);
#11249 = DEFINITIONAL_REPRESENTATION('',(#11250),#11254);
#11250 = LINE('',#11251,#11252);
#11251 = CARTESIAN_POINT('',(-6.383782391595E-16,0.515902684074));
#11252 = VECTOR('',#11253,1.);
#11253 = DIRECTION('',(-1.,0.));
#11254 = ( GEOMETRIC_REPRESENTATION_CONTEXT(2) 
PARAMETRIC_REPRESENTATION_CONTEXT() REPRESENTATION_CONTEXT('2D SPACE',''
  ) );
#11255 = PCURVE('',#2494,#11256);
#11256 = DEFINITIONAL_REPRESENTATION('',(#11257),#11261);
#11257 = LINE('',#11258,#11259);
#11258 = CARTESIAN_POINT('',(-0.515902684074,-1.325328735646E-15));
#11259 = VECTOR('',#11260,1.);
#11260 = DIRECTION('',(0.,-1.));
#11261 = ( GEOMETRIC_REPRESENTATION_CONTEXT(2) 
PARAMETRIC_REPRESENTATION_CONTEXT() REPRESENTATION_CONTEXT('2D SPACE',''
  ) );
#11262 = ORIENTED_EDGE('',*,*,#2506,.F.);
#11263 = ADVANCED_FACE('',(#11264),#1559,.F.);
#11264 = FACE_BOUND('',#11265,.T.);
#11265 = EDGE_LOOP('',(#11266,#11289,#11310,#11311));
#11266 = ORIENTED_EDGE('',*,*,#11267,.F.);
#11267 = EDGE_CURVE('',#11268,#1544,#11270,.T.);
#11268 = VERTEX_POINT('',#11269);
#11269 = CARTESIAN_POINT('',(-9.717500782081,65.769062777795,58.2));
#11270 = SURFACE_CURVE('',#11271,(#11275,#11282),.PCURVE_S1.);
#11271 = LINE('',#11272,#11273);
#11272 = CARTESIAN_POINT('',(-9.717500782081,65.769062777795,59.2));
#11273 = VECTOR('',#11274,1.);
#11274 = DIRECTION('',(-5.947623346206E-16,-1.110223024625E-16,-1.));
#11275 = PCURVE('',#1559,#11276);
#11276 = DEFINITIONAL_REPRESENTATION('',(#11277),#11281);
#11277 = LINE('',#11278,#11279);
#11278 = CARTESIAN_POINT('',(-0.515902684074,-2.164934898019E-15));
#11279 = VECTOR('',#11280,1.);
#11280 = DIRECTION('',(5.551115123126E-17,-1.));
#11281 = ( GEOMETRIC_REPRESENTATION_CONTEXT(2) 
PARAMETRIC_REPRESENTATION_CONTEXT() REPRESENTATION_CONTEXT('2D SPACE',''
  ) );
#11282 = PCURVE('',#1587,#11283);
#11283 = DEFINITIONAL_REPRESENTATION('',(#11284),#11288);
#11284 = LINE('',#11285,#11286);
#11285 = CARTESIAN_POINT('',(-0.515902684074,9.853229343548E-16));
#11286 = VECTOR('',#11287,1.);
#11287 = DIRECTION('',(0.,-1.));
#11288 = ( GEOMETRIC_REPRESENTATION_CONTEXT(2) 
PARAMETRIC_REPRESENTATION_CONTEXT() REPRESENTATION_CONTEXT('2D SPACE',''
  ) );
#11289 = ORIENTED_EDGE('',*,*,#11290,.T.);
#11290 = EDGE_CURVE('',#11268,#11169,#11291,.T.);
#11291 = SURFACE_CURVE('',#11292,(#11296,#11303),.PCURVE_S1.);
#11292 = LINE('',#11293,#11294);
#11293 = CARTESIAN_POINT('',(-9.398655388436,66.750367996721,58.2));
#11294 = VECTOR('',#11295,1.);
#11295 = DIRECTION('',(0.309016994375,0.951056516295,-3.330669073875E-16
    ));
#11296 = PCURVE('',#1559,#11297);
#11297 = DEFINITIONAL_REPRESENTATION('',(#11298),#11302);
#11298 = LINE('',#11299,#11300);
#11299 = CARTESIAN_POINT('',(0.515902684074,-1.));
#11300 = VECTOR('',#11301,1.);
#11301 = DIRECTION('',(1.,-5.551115123126E-17));
#11302 = ( GEOMETRIC_REPRESENTATION_CONTEXT(2) 
PARAMETRIC_REPRESENTATION_CONTEXT() REPRESENTATION_CONTEXT('2D SPACE',''
  ) );
#11303 = PCURVE('',#5088,#11304);
#11304 = DEFINITIONAL_REPRESENTATION('',(#11305),#11309);
#11305 = LINE('',#11306,#11307);
#11306 = CARTESIAN_POINT('',(13.110330255582,1.414213562373));
#11307 = VECTOR('',#11308,1.);
#11308 = DIRECTION('',(1.,2.22044604925E-16));
#11309 = ( GEOMETRIC_REPRESENTATION_CONTEXT(2) 
PARAMETRIC_REPRESENTATION_CONTEXT() REPRESENTATION_CONTEXT('2D SPACE',''
  ) );
#11310 = ORIENTED_EDGE('',*,*,#11168,.T.);
#11311 = ORIENTED_EDGE('',*,*,#1543,.T.);
#11312 = ADVANCED_FACE('',(#11313),#2494,.F.);
#11313 = FACE_BOUND('',#11314,.T.);
#11314 = EDGE_LOOP('',(#11315,#11316,#11339,#11360));
#11315 = ORIENTED_EDGE('',*,*,#11242,.F.);
#11316 = ORIENTED_EDGE('',*,*,#11317,.T.);
#11317 = EDGE_CURVE('',#11220,#11318,#11320,.T.);
#11318 = VERTEX_POINT('',#11319);
#11319 = CARTESIAN_POINT('',(-15.16123775561,37.994427765239,58.2));
#11320 = SURFACE_CURVE('',#11321,(#11325,#11332),.PCURVE_S1.);
#11321 = LINE('',#11322,#11323);
#11322 = CARTESIAN_POINT('',(-15.16123775561,37.994427765239,58.2));
#11323 = VECTOR('',#11324,1.);
#11324 = DIRECTION('',(-0.987688340595,0.15643446504,5.828670879282E-16)
  );
#11325 = PCURVE('',#2494,#11326);
#11326 = DEFINITIONAL_REPRESENTATION('',(#11327),#11331);
#11327 = LINE('',#11328,#11329);
#11328 = CARTESIAN_POINT('',(0.515902684074,-1.));
#11329 = VECTOR('',#11330,1.);
#11330 = DIRECTION('',(1.,0.));
#11331 = ( GEOMETRIC_REPRESENTATION_CONTEXT(2) 
PARAMETRIC_REPRESENTATION_CONTEXT() REPRESENTATION_CONTEXT('2D SPACE',''
  ) );
#11332 = PCURVE('',#6023,#11333);
#11333 = DEFINITIONAL_REPRESENTATION('',(#11334),#11338);
#11334 = LINE('',#11335,#11336);
#11335 = CARTESIAN_POINT('',(13.110330255582,1.414213562373));
#11336 = VECTOR('',#11337,1.);
#11337 = DIRECTION('',(1.,-1.873501354055E-16));
#11338 = ( GEOMETRIC_REPRESENTATION_CONTEXT(2) 
PARAMETRIC_REPRESENTATION_CONTEXT() REPRESENTATION_CONTEXT('2D SPACE',''
  ) );
#11339 = ORIENTED_EDGE('',*,*,#11340,.T.);
#11340 = EDGE_CURVE('',#11318,#2450,#11341,.T.);
#11341 = SURFACE_CURVE('',#11342,(#11346,#11353),.PCURVE_S1.);
#11342 = LINE('',#11343,#11344);
#11343 = CARTESIAN_POINT('',(-15.16123775561,37.994427765239,59.2));
#11344 = VECTOR('',#11345,1.);
#11345 = DIRECTION('',(-5.947623346206E-16,-1.110223024625E-16,-1.));
#11346 = PCURVE('',#2494,#11347);
#11347 = DEFINITIONAL_REPRESENTATION('',(#11348),#11352);
#11348 = LINE('',#11349,#11350);
#11349 = CARTESIAN_POINT('',(0.515902684074,-2.706168622524E-16));
#11350 = VECTOR('',#11351,1.);
#11351 = DIRECTION('',(0.,-1.));
#11352 = ( GEOMETRIC_REPRESENTATION_CONTEXT(2) 
PARAMETRIC_REPRESENTATION_CONTEXT() REPRESENTATION_CONTEXT('2D SPACE',''
  ) );
#11353 = PCURVE('',#2466,#11354);
#11354 = DEFINITIONAL_REPRESENTATION('',(#11355),#11359);
#11355 = LINE('',#11356,#11357);
#11356 = CARTESIAN_POINT('',(5.617023860488,0.));
#11357 = VECTOR('',#11358,1.);
#11358 = DIRECTION('',(0.,1.));
#11359 = ( GEOMETRIC_REPRESENTATION_CONTEXT(2) 
PARAMETRIC_REPRESENTATION_CONTEXT() REPRESENTATION_CONTEXT('2D SPACE',''
  ) );
#11360 = ORIENTED_EDGE('',*,*,#2478,.T.);
#11361 = ADVANCED_FACE('',(#11362),#1587,.T.);
#11362 = FACE_BOUND('',#11363,.T.);
#11363 = EDGE_LOOP('',(#11364,#11387,#11408,#11409));
#11364 = ORIENTED_EDGE('',*,*,#11365,.F.);
#11365 = EDGE_CURVE('',#11366,#1572,#11368,.T.);
#11366 = VERTEX_POINT('',#11367);
#11367 = CARTESIAN_POINT('',(-10.73660291396,65.930472698587,58.2));
#11368 = SURFACE_CURVE('',#11369,(#11373,#11380),.PCURVE_S1.);
#11369 = LINE('',#11370,#11371);
#11370 = CARTESIAN_POINT('',(-10.73660291396,65.930472698587,59.2));
#11371 = VECTOR('',#11372,1.);
#11372 = DIRECTION('',(-5.947623346206E-16,-1.110223024625E-16,-1.));
#11373 = PCURVE('',#1587,#11374);
#11374 = DEFINITIONAL_REPRESENTATION('',(#11375),#11379);
#11375 = LINE('',#11376,#11377);
#11376 = CARTESIAN_POINT('',(0.515902684074,1.137978600241E-15));
#11377 = VECTOR('',#11378,1.);
#11378 = DIRECTION('',(0.,-1.));
#11379 = ( GEOMETRIC_REPRESENTATION_CONTEXT(2) 
PARAMETRIC_REPRESENTATION_CONTEXT() REPRESENTATION_CONTEXT('2D SPACE',''
  ) );
#11380 = PCURVE('',#1616,#11381);
#11381 = DEFINITIONAL_REPRESENTATION('',(#11382),#11386);
#11382 = LINE('',#11383,#11384);
#11383 = CARTESIAN_POINT('',(0.980320712051,0.));
#11384 = VECTOR('',#11385,1.);
#11385 = DIRECTION('',(0.,1.));
#11386 = ( GEOMETRIC_REPRESENTATION_CONTEXT(2) 
PARAMETRIC_REPRESENTATION_CONTEXT() REPRESENTATION_CONTEXT('2D SPACE',''
  ) );
#11387 = ORIENTED_EDGE('',*,*,#11388,.T.);
#11388 = EDGE_CURVE('',#11366,#11268,#11389,.T.);
#11389 = SURFACE_CURVE('',#11390,(#11394,#11401),.PCURVE_S1.);
#11390 = LINE('',#11391,#11392);
#11391 = CARTESIAN_POINT('',(-10.22705184802,65.849767738191,58.2));
#11392 = VECTOR('',#11393,1.);
#11393 = DIRECTION('',(0.987688340595,-0.15643446504,-5.828670879282E-16
    ));
#11394 = PCURVE('',#1587,#11395);
#11395 = DEFINITIONAL_REPRESENTATION('',(#11396),#11400);
#11396 = LINE('',#11397,#11398);
#11397 = CARTESIAN_POINT('',(-1.942890293094E-16,-1.));
#11398 = VECTOR('',#11399,1.);
#11399 = DIRECTION('',(-1.,0.));
#11400 = ( GEOMETRIC_REPRESENTATION_CONTEXT(2) 
PARAMETRIC_REPRESENTATION_CONTEXT() REPRESENTATION_CONTEXT('2D SPACE',''
  ) );
#11401 = PCURVE('',#5116,#11402);
#11402 = DEFINITIONAL_REPRESENTATION('',(#11403),#11407);
#11403 = LINE('',#11404,#11405);
#11404 = CARTESIAN_POINT('',(0.,0.));
#11405 = VECTOR('',#11406,1.);
#11406 = DIRECTION('',(1.,2.081668171172E-16));
#11407 = ( GEOMETRIC_REPRESENTATION_CONTEXT(2) 
PARAMETRIC_REPRESENTATION_CONTEXT() REPRESENTATION_CONTEXT('2D SPACE',''
  ) );
#11408 = ORIENTED_EDGE('',*,*,#11267,.T.);
#11409 = ORIENTED_EDGE('',*,*,#1571,.F.);
#11410 = ADVANCED_FACE('',(#11411),#2466,.T.);
#11411 = FACE_BOUND('',#11412,.T.);
#11412 = EDGE_LOOP('',(#11413,#11414,#11438,#11459));
#11413 = ORIENTED_EDGE('',*,*,#11340,.F.);
#11414 = ORIENTED_EDGE('',*,*,#11415,.F.);
#11415 = EDGE_CURVE('',#11416,#11318,#11418,.T.);
#11416 = VERTEX_POINT('',#11417);
#11417 = CARTESIAN_POINT('',(-16.0189299667,39.174939817915,58.2));
#11418 = SURFACE_CURVE('',#11419,(#11424,#11431),.PCURVE_S1.);
#11419 = CIRCLE('',#11420,19.284210105952);
#11420 = AXIS2_PLACEMENT_3D('',#11421,#11422,#11423);
#11421 = CARTESIAN_POINT('',(1.383781977893E-12,49.911542731881,58.2));
#11422 = DIRECTION('',(5.947623346206E-16,1.110223024625E-16,1.));
#11423 = DIRECTION('',(1.,-9.42935300772E-31,-5.947623346206E-16));
#11424 = PCURVE('',#2466,#11425);
#11425 = DEFINITIONAL_REPRESENTATION('',(#11426),#11430);
#11426 = LINE('',#11427,#11428);
#11427 = CARTESIAN_POINT('',(9.424777960769,1.));
#11428 = VECTOR('',#11429,1.);
#11429 = DIRECTION('',(-1.,0.));
#11430 = ( GEOMETRIC_REPRESENTATION_CONTEXT(2) 
PARAMETRIC_REPRESENTATION_CONTEXT() REPRESENTATION_CONTEXT('2D SPACE',''
  ) );
#11431 = PCURVE('',#5995,#11432);
#11432 = DEFINITIONAL_REPRESENTATION('',(#11433),#11437);
#11433 = LINE('',#11434,#11435);
#11434 = CARTESIAN_POINT('',(9.424777960769,1.));
#11435 = VECTOR('',#11436,1.);
#11436 = DIRECTION('',(-1.,0.));
#11437 = ( GEOMETRIC_REPRESENTATION_CONTEXT(2) 
PARAMETRIC_REPRESENTATION_CONTEXT() REPRESENTATION_CONTEXT('2D SPACE',''
  ) );
#11438 = ORIENTED_EDGE('',*,*,#11439,.T.);
#11439 = EDGE_CURVE('',#11416,#2422,#11440,.T.);
#11440 = SURFACE_CURVE('',#11441,(#11445,#11452),.PCURVE_S1.);
#11441 = LINE('',#11442,#11443);
#11442 = CARTESIAN_POINT('',(-16.0189299667,39.174939817915,59.2));
#11443 = VECTOR('',#11444,1.);
#11444 = DIRECTION('',(-5.947623346206E-16,-1.110223024625E-16,-1.));
#11445 = PCURVE('',#2466,#11446);
#11446 = DEFINITIONAL_REPRESENTATION('',(#11447),#11451);
#11447 = LINE('',#11448,#11449);
#11448 = CARTESIAN_POINT('',(5.692709692435,0.));
#11449 = VECTOR('',#11450,1.);
#11450 = DIRECTION('',(0.,1.));
#11451 = ( GEOMETRIC_REPRESENTATION_CONTEXT(2) 
PARAMETRIC_REPRESENTATION_CONTEXT() REPRESENTATION_CONTEXT('2D SPACE',''
  ) );
#11452 = PCURVE('',#2437,#11453);
#11453 = DEFINITIONAL_REPRESENTATION('',(#11454),#11458);
#11454 = LINE('',#11455,#11456);
#11455 = CARTESIAN_POINT('',(0.515902684074,-1.249000902703E-15));
#11456 = VECTOR('',#11457,1.);
#11457 = DIRECTION('',(0.,-1.));
#11458 = ( GEOMETRIC_REPRESENTATION_CONTEXT(2) 
PARAMETRIC_REPRESENTATION_CONTEXT() REPRESENTATION_CONTEXT('2D SPACE',''
  ) );
#11459 = ORIENTED_EDGE('',*,*,#2449,.T.);
#11460 = ADVANCED_FACE('',(#11461),#1616,.T.);
#11461 = FACE_BOUND('',#11462,.T.);
#11462 = EDGE_LOOP('',(#11463,#11486,#11508,#11509));
#11463 = ORIENTED_EDGE('',*,*,#11464,.F.);
#11464 = EDGE_CURVE('',#11465,#1600,#11467,.T.);
#11465 = VERTEX_POINT('',#11466);
#11466 = CARTESIAN_POINT('',(-11.91711496664,65.072780487495,58.2));
#11467 = SURFACE_CURVE('',#11468,(#11472,#11479),.PCURVE_S1.);
#11468 = LINE('',#11469,#11470);
#11469 = CARTESIAN_POINT('',(-11.91711496664,65.072780487495,59.2));
#11470 = VECTOR('',#11471,1.);
#11471 = DIRECTION('',(-5.947623346206E-16,-1.110223024625E-16,-1.));
#11472 = PCURVE('',#1616,#11473);
#11473 = DEFINITIONAL_REPRESENTATION('',(#11474),#11478);
#11474 = LINE('',#11475,#11476);
#11475 = CARTESIAN_POINT('',(0.904634880103,0.));
#11476 = VECTOR('',#11477,1.);
#11477 = DIRECTION('',(0.,1.));
#11478 = ( GEOMETRIC_REPRESENTATION_CONTEXT(2) 
PARAMETRIC_REPRESENTATION_CONTEXT() REPRESENTATION_CONTEXT('2D SPACE',''
  ) );
#11479 = PCURVE('',#1644,#11480);
#11480 = DEFINITIONAL_REPRESENTATION('',(#11481),#11485);
#11481 = LINE('',#11482,#11483);
#11482 = CARTESIAN_POINT('',(0.515902684074,2.747801985947E-15));
#11483 = VECTOR('',#11484,1.);
#11484 = DIRECTION('',(0.,-1.));
#11485 = ( GEOMETRIC_REPRESENTATION_CONTEXT(2) 
PARAMETRIC_REPRESENTATION_CONTEXT() REPRESENTATION_CONTEXT('2D SPACE',''
  ) );
#11486 = ORIENTED_EDGE('',*,*,#11487,.F.);
#11487 = EDGE_CURVE('',#11366,#11465,#11488,.T.);
#11488 = SURFACE_CURVE('',#11489,(#11494,#11501),.PCURVE_S1.);
#11489 = CIRCLE('',#11490,19.284210105952);
#11490 = AXIS2_PLACEMENT_3D('',#11491,#11492,#11493);
#11491 = CARTESIAN_POINT('',(1.385558334732E-12,49.911542731878,58.2));
#11492 = DIRECTION('',(5.947623346206E-16,1.110223024625E-16,1.));
#11493 = DIRECTION('',(1.,-9.42935300772E-31,-5.947623346206E-16));
#11494 = PCURVE('',#1616,#11495);
#11495 = DEFINITIONAL_REPRESENTATION('',(#11496),#11500);
#11496 = LINE('',#11497,#11498);
#11497 = CARTESIAN_POINT('',(3.14159265359,1.));
#11498 = VECTOR('',#11499,1.);
#11499 = DIRECTION('',(-1.,0.));
#11500 = ( GEOMETRIC_REPRESENTATION_CONTEXT(2) 
PARAMETRIC_REPRESENTATION_CONTEXT() REPRESENTATION_CONTEXT('2D SPACE',''
  ) );
#11501 = PCURVE('',#5145,#11502);
#11502 = DEFINITIONAL_REPRESENTATION('',(#11503),#11507);
#11503 = LINE('',#11504,#11505);
#11504 = CARTESIAN_POINT('',(3.14159265359,1.));
#11505 = VECTOR('',#11506,1.);
#11506 = DIRECTION('',(-1.,2.489383946701E-14));
#11507 = ( GEOMETRIC_REPRESENTATION_CONTEXT(2) 
PARAMETRIC_REPRESENTATION_CONTEXT() REPRESENTATION_CONTEXT('2D SPACE',''
  ) );
#11508 = ORIENTED_EDGE('',*,*,#11365,.T.);
#11509 = ORIENTED_EDGE('',*,*,#1599,.T.);
#11510 = ADVANCED_FACE('',(#11511),#2437,.T.);
#11511 = FACE_BOUND('',#11512,.T.);
#11512 = EDGE_LOOP('',(#11513,#11514,#11537,#11558));
#11513 = ORIENTED_EDGE('',*,*,#11439,.F.);
#11514 = ORIENTED_EDGE('',*,*,#11515,.T.);
#11515 = EDGE_CURVE('',#11416,#11516,#11518,.T.);
#11516 = VERTEX_POINT('',#11517);
#11517 = CARTESIAN_POINT('',(-15.85752004591,40.194041949799,58.2));
#11518 = SURFACE_CURVE('',#11519,(#11523,#11530),.PCURVE_S1.);
#11519 = LINE('',#11520,#11521);
#11520 = CARTESIAN_POINT('',(-15.93822500631,39.684490883857,58.2));
#11521 = VECTOR('',#11522,1.);
#11522 = DIRECTION('',(0.15643446504,0.987688340595,-1.665334536938E-16)
  );
#11523 = PCURVE('',#2437,#11524);
#11524 = DEFINITIONAL_REPRESENTATION('',(#11525),#11529);
#11525 = LINE('',#11526,#11527);
#11526 = CARTESIAN_POINT('',(6.661338147751E-16,-1.));
#11527 = VECTOR('',#11528,1.);
#11528 = DIRECTION('',(-1.,0.));
#11529 = ( GEOMETRIC_REPRESENTATION_CONTEXT(2) 
PARAMETRIC_REPRESENTATION_CONTEXT() REPRESENTATION_CONTEXT('2D SPACE',''
  ) );
#11530 = PCURVE('',#5966,#11531);
#11531 = DEFINITIONAL_REPRESENTATION('',(#11532),#11536);
#11532 = LINE('',#11533,#11534);
#11533 = CARTESIAN_POINT('',(0.,0.));
#11534 = VECTOR('',#11535,1.);
#11535 = DIRECTION('',(1.,-1.110223024625E-16));
#11536 = ( GEOMETRIC_REPRESENTATION_CONTEXT(2) 
PARAMETRIC_REPRESENTATION_CONTEXT() REPRESENTATION_CONTEXT('2D SPACE',''
  ) );
#11537 = ORIENTED_EDGE('',*,*,#11538,.T.);
#11538 = EDGE_CURVE('',#11516,#2394,#11539,.T.);
#11539 = SURFACE_CURVE('',#11540,(#11544,#11551),.PCURVE_S1.);
#11540 = LINE('',#11541,#11542);
#11541 = CARTESIAN_POINT('',(-15.85752004591,40.194041949799,59.2));
#11542 = VECTOR('',#11543,1.);
#11543 = DIRECTION('',(-5.947623346206E-16,-1.110223024625E-16,-1.));
#11544 = PCURVE('',#2437,#11545);
#11545 = DEFINITIONAL_REPRESENTATION('',(#11546),#11550);
#11546 = LINE('',#11547,#11548);
#11547 = CARTESIAN_POINT('',(-0.515902684074,-2.498001805407E-15));
#11548 = VECTOR('',#11549,1.);
#11549 = DIRECTION('',(0.,-1.));
#11550 = ( GEOMETRIC_REPRESENTATION_CONTEXT(2) 
PARAMETRIC_REPRESENTATION_CONTEXT() REPRESENTATION_CONTEXT('2D SPACE',''
  ) );
#11551 = PCURVE('',#2409,#11552);
#11552 = DEFINITIONAL_REPRESENTATION('',(#11553),#11557);
#11553 = LINE('',#11554,#11555);
#11554 = CARTESIAN_POINT('',(-0.515902684074,-4.538036613155E-15));
#11555 = VECTOR('',#11556,1.);
#11556 = DIRECTION('',(0.,-1.));
#11557 = ( GEOMETRIC_REPRESENTATION_CONTEXT(2) 
PARAMETRIC_REPRESENTATION_CONTEXT() REPRESENTATION_CONTEXT('2D SPACE',''
  ) );
#11558 = ORIENTED_EDGE('',*,*,#2421,.F.);
#11559 = ADVANCED_FACE('',(#11560),#1644,.F.);
#11560 = FACE_BOUND('',#11561,.T.);
#11561 = EDGE_LOOP('',(#11562,#11585,#11606,#11607));
#11562 = ORIENTED_EDGE('',*,*,#11563,.F.);
#11563 = EDGE_CURVE('',#11564,#1629,#11566,.T.);
#11564 = VERTEX_POINT('',#11565);
#11565 = CARTESIAN_POINT('',(-12.07852488743,64.053678355611,58.2));
#11566 = SURFACE_CURVE('',#11567,(#11571,#11578),.PCURVE_S1.);
#11567 = LINE('',#11568,#11569);
#11568 = CARTESIAN_POINT('',(-12.07852488743,64.053678355611,59.2));
#11569 = VECTOR('',#11570,1.);
#11570 = DIRECTION('',(-5.947623346206E-16,-1.110223024625E-16,-1.));
#11571 = PCURVE('',#1644,#11572);
#11572 = DEFINITIONAL_REPRESENTATION('',(#11573),#11577);
#11573 = LINE('',#11574,#11575);
#11574 = CARTESIAN_POINT('',(-0.515902684074,3.441691376338E-15));
#11575 = VECTOR('',#11576,1.);
#11576 = DIRECTION('',(0.,-1.));
#11577 = ( GEOMETRIC_REPRESENTATION_CONTEXT(2) 
PARAMETRIC_REPRESENTATION_CONTEXT() REPRESENTATION_CONTEXT('2D SPACE',''
  ) );
#11578 = PCURVE('',#1672,#11579);
#11579 = DEFINITIONAL_REPRESENTATION('',(#11580),#11584);
#11580 = LINE('',#11581,#11582);
#11581 = CARTESIAN_POINT('',(4.110869608137E-17,0.515902684074));
#11582 = VECTOR('',#11583,1.);
#11583 = DIRECTION('',(-1.,6.162975822039E-32));
#11584 = ( GEOMETRIC_REPRESENTATION_CONTEXT(2) 
PARAMETRIC_REPRESENTATION_CONTEXT() REPRESENTATION_CONTEXT('2D SPACE',''
  ) );
#11585 = ORIENTED_EDGE('',*,*,#11586,.T.);
#11586 = EDGE_CURVE('',#11564,#11465,#11587,.T.);
#11587 = SURFACE_CURVE('',#11588,(#11592,#11599),.PCURVE_S1.);
#11588 = LINE('',#11589,#11590);
#11589 = CARTESIAN_POINT('',(-11.91711496664,65.072780487495,58.2));
#11590 = VECTOR('',#11591,1.);
#11591 = DIRECTION('',(0.15643446504,0.987688340595,-1.665334536938E-16)
  );
#11592 = PCURVE('',#1644,#11593);
#11593 = DEFINITIONAL_REPRESENTATION('',(#11594),#11598);
#11594 = LINE('',#11595,#11596);
#11595 = CARTESIAN_POINT('',(0.515902684074,-1.));
#11596 = VECTOR('',#11597,1.);
#11597 = DIRECTION('',(1.,0.));
#11598 = ( GEOMETRIC_REPRESENTATION_CONTEXT(2) 
PARAMETRIC_REPRESENTATION_CONTEXT() REPRESENTATION_CONTEXT('2D SPACE',''
  ) );
#11599 = PCURVE('',#5173,#11600);
#11600 = DEFINITIONAL_REPRESENTATION('',(#11601),#11605);
#11601 = LINE('',#11602,#11603);
#11602 = CARTESIAN_POINT('',(13.110330255582,1.414213562373));
#11603 = VECTOR('',#11604,1.);
#11604 = DIRECTION('',(1.,1.110223024625E-16));
#11605 = ( GEOMETRIC_REPRESENTATION_CONTEXT(2) 
PARAMETRIC_REPRESENTATION_CONTEXT() REPRESENTATION_CONTEXT('2D SPACE',''
  ) );
#11606 = ORIENTED_EDGE('',*,*,#11464,.T.);
#11607 = ORIENTED_EDGE('',*,*,#1628,.T.);
#11608 = ADVANCED_FACE('',(#11609),#2409,.F.);
#11609 = FACE_BOUND('',#11610,.T.);
#11610 = EDGE_LOOP('',(#11611,#11612,#11635,#11656));
#11611 = ORIENTED_EDGE('',*,*,#11538,.F.);
#11612 = ORIENTED_EDGE('',*,*,#11613,.T.);
#11613 = EDGE_CURVE('',#11516,#11614,#11616,.T.);
#11614 = VERTEX_POINT('',#11615);
#11615 = CARTESIAN_POINT('',(-16.83882526484,40.512887343444,58.2));
#11616 = SURFACE_CURVE('',#11617,(#11621,#11628),.PCURVE_S1.);
#11617 = LINE('',#11618,#11619);
#11618 = CARTESIAN_POINT('',(-16.83882526484,40.512887343444,58.2));
#11619 = VECTOR('',#11620,1.);
#11620 = DIRECTION('',(-0.951056516295,0.309016994375,5.551115123126E-16
    ));
#11621 = PCURVE('',#2409,#11622);
#11622 = DEFINITIONAL_REPRESENTATION('',(#11623),#11627);
#11623 = LINE('',#11624,#11625);
#11624 = CARTESIAN_POINT('',(0.515902684074,-1.));
#11625 = VECTOR('',#11626,1.);
#11626 = DIRECTION('',(1.,0.));
#11627 = ( GEOMETRIC_REPRESENTATION_CONTEXT(2) 
PARAMETRIC_REPRESENTATION_CONTEXT() REPRESENTATION_CONTEXT('2D SPACE',''
  ) );
#11628 = PCURVE('',#5938,#11629);
#11629 = DEFINITIONAL_REPRESENTATION('',(#11630),#11634);
#11630 = LINE('',#11631,#11632);
#11631 = CARTESIAN_POINT('',(13.110330255582,1.414213562373));
#11632 = VECTOR('',#11633,1.);
#11633 = DIRECTION('',(1.,-3.261280134836E-16));
#11634 = ( GEOMETRIC_REPRESENTATION_CONTEXT(2) 
PARAMETRIC_REPRESENTATION_CONTEXT() REPRESENTATION_CONTEXT('2D SPACE',''
  ) );
#11635 = ORIENTED_EDGE('',*,*,#11636,.T.);
#11636 = EDGE_CURVE('',#11614,#2365,#11637,.T.);
#11637 = SURFACE_CURVE('',#11638,(#11642,#11649),.PCURVE_S1.);
#11638 = LINE('',#11639,#11640);
#11639 = CARTESIAN_POINT('',(-16.83882526484,40.512887343444,59.2));
#11640 = VECTOR('',#11641,1.);
#11641 = DIRECTION('',(-5.947623346206E-16,-1.110223024625E-16,-1.));
#11642 = PCURVE('',#2409,#11643);
#11643 = DEFINITIONAL_REPRESENTATION('',(#11644),#11648);
#11644 = LINE('',#11645,#11646);
#11645 = CARTESIAN_POINT('',(0.515902684074,-1.720845688169E-15));
#11646 = VECTOR('',#11647,1.);
#11647 = DIRECTION('',(0.,-1.));
#11648 = ( GEOMETRIC_REPRESENTATION_CONTEXT(2) 
PARAMETRIC_REPRESENTATION_CONTEXT() REPRESENTATION_CONTEXT('2D SPACE',''
  ) );
#11649 = PCURVE('',#2381,#11650);
#11650 = DEFINITIONAL_REPRESENTATION('',(#11651),#11655);
#11651 = LINE('',#11652,#11653);
#11652 = CARTESIAN_POINT('',(5.774103493168,0.));
#11653 = VECTOR('',#11654,1.);
#11654 = DIRECTION('',(0.,1.));
#11655 = ( GEOMETRIC_REPRESENTATION_CONTEXT(2) 
PARAMETRIC_REPRESENTATION_CONTEXT() REPRESENTATION_CONTEXT('2D SPACE',''
  ) );
#11656 = ORIENTED_EDGE('',*,*,#2393,.T.);
#11657 = ADVANCED_FACE('',(#11658),#1672,.T.);
#11658 = FACE_BOUND('',#11659,.T.);
#11659 = EDGE_LOOP('',(#11660,#11683,#11704,#11705));
#11660 = ORIENTED_EDGE('',*,*,#11661,.F.);
#11661 = EDGE_CURVE('',#11662,#1657,#11664,.T.);
#11662 = VERTEX_POINT('',#11663);
#11663 = CARTESIAN_POINT('',(-13.11033025558,64.053678355611,58.2));
#11664 = SURFACE_CURVE('',#11665,(#11669,#11676),.PCURVE_S1.);
#11665 = LINE('',#11666,#11667);
#11666 = CARTESIAN_POINT('',(-13.11033025558,64.053678355611,59.2));
#11667 = VECTOR('',#11668,1.);
#11668 = DIRECTION('',(-5.947623346206E-16,-1.110223024625E-16,-1.));
#11669 = PCURVE('',#1672,#11670);
#11670 = DEFINITIONAL_REPRESENTATION('',(#11671),#11675);
#11671 = LINE('',#11672,#11673);
#11672 = CARTESIAN_POINT('',(-4.110869608137E-17,-0.515902684074));
#11673 = VECTOR('',#11674,1.);
#11674 = DIRECTION('',(-1.,6.162975822039E-32));
#11675 = ( GEOMETRIC_REPRESENTATION_CONTEXT(2) 
PARAMETRIC_REPRESENTATION_CONTEXT() REPRESENTATION_CONTEXT('2D SPACE',''
  ) );
#11676 = PCURVE('',#1701,#11677);
#11677 = DEFINITIONAL_REPRESENTATION('',(#11678),#11682);
#11678 = LINE('',#11679,#11680);
#11679 = CARTESIAN_POINT('',(0.823241079371,0.));
#11680 = VECTOR('',#11681,1.);
#11681 = DIRECTION('',(0.,1.));
#11682 = ( GEOMETRIC_REPRESENTATION_CONTEXT(2) 
PARAMETRIC_REPRESENTATION_CONTEXT() REPRESENTATION_CONTEXT('2D SPACE',''
  ) );
#11683 = ORIENTED_EDGE('',*,*,#11684,.T.);
#11684 = EDGE_CURVE('',#11662,#11564,#11685,.T.);
#11685 = SURFACE_CURVE('',#11686,(#11690,#11697),.PCURVE_S1.);
#11686 = LINE('',#11687,#11688);
#11687 = CARTESIAN_POINT('',(-12.5944275715,64.053678355611,58.2));
#11688 = VECTOR('',#11689,1.);
#11689 = DIRECTION('',(1.,-9.42935300772E-31,-5.947623346206E-16));
#11690 = PCURVE('',#1672,#11691);
#11691 = DEFINITIONAL_REPRESENTATION('',(#11692),#11696);
#11692 = LINE('',#11693,#11694);
#11693 = CARTESIAN_POINT('',(-1.,7.968304362502E-17));
#11694 = VECTOR('',#11695,1.);
#11695 = DIRECTION('',(-7.395570986447E-32,1.));
#11696 = ( GEOMETRIC_REPRESENTATION_CONTEXT(2) 
PARAMETRIC_REPRESENTATION_CONTEXT() REPRESENTATION_CONTEXT('2D SPACE',''
  ) );
#11697 = PCURVE('',#5201,#11698);
#11698 = DEFINITIONAL_REPRESENTATION('',(#11699),#11703);
#11699 = LINE('',#11700,#11701);
#11700 = CARTESIAN_POINT('',(0.,0.));
#11701 = VECTOR('',#11702,1.);
#11702 = DIRECTION('',(1.,3.697785493223E-32));
#11703 = ( GEOMETRIC_REPRESENTATION_CONTEXT(2) 
PARAMETRIC_REPRESENTATION_CONTEXT() REPRESENTATION_CONTEXT('2D SPACE',''
  ) );
#11704 = ORIENTED_EDGE('',*,*,#11563,.T.);
#11705 = ORIENTED_EDGE('',*,*,#1656,.F.);
#11706 = ADVANCED_FACE('',(#11707),#2381,.T.);
#11707 = FACE_BOUND('',#11708,.T.);
#11708 = EDGE_LOOP('',(#11709,#11710,#11734,#11755));
#11709 = ORIENTED_EDGE('',*,*,#11636,.F.);
#11710 = ORIENTED_EDGE('',*,*,#11711,.F.);
#11711 = EDGE_CURVE('',#11712,#11614,#11714,.T.);
#11712 = VERTEX_POINT('',#11713);
#11713 = CARTESIAN_POINT('',(-17.50128509012,41.813037956015,58.2));
#11714 = SURFACE_CURVE('',#11715,(#11720,#11727),.PCURVE_S1.);
#11715 = CIRCLE('',#11716,19.284210105951);
#11716 = AXIS2_PLACEMENT_3D('',#11717,#11718,#11719);
#11717 = CARTESIAN_POINT('',(8.810729923425E-13,49.911542731881,58.2));
#11718 = DIRECTION('',(5.947623346206E-16,1.110223024625E-16,1.));
#11719 = DIRECTION('',(1.,-9.42935300772E-31,-5.947623346206E-16));
#11720 = PCURVE('',#2381,#11721);
#11721 = DEFINITIONAL_REPRESENTATION('',(#11722),#11726);
#11722 = LINE('',#11723,#11724);
#11723 = CARTESIAN_POINT('',(9.424777960769,1.));
#11724 = VECTOR('',#11725,1.);
#11725 = DIRECTION('',(-1.,0.));
#11726 = ( GEOMETRIC_REPRESENTATION_CONTEXT(2) 
PARAMETRIC_REPRESENTATION_CONTEXT() REPRESENTATION_CONTEXT('2D SPACE',''
  ) );
#11727 = PCURVE('',#5910,#11728);
#11728 = DEFINITIONAL_REPRESENTATION('',(#11729),#11733);
#11729 = LINE('',#11730,#11731);
#11730 = CARTESIAN_POINT('',(9.424777960769,1.));
#11731 = VECTOR('',#11732,1.);
#11732 = DIRECTION('',(-1.,0.));
#11733 = ( GEOMETRIC_REPRESENTATION_CONTEXT(2) 
PARAMETRIC_REPRESENTATION_CONTEXT() REPRESENTATION_CONTEXT('2D SPACE',''
  ) );
#11734 = ORIENTED_EDGE('',*,*,#11735,.T.);
#11735 = EDGE_CURVE('',#11712,#2337,#11736,.T.);
#11736 = SURFACE_CURVE('',#11737,(#11741,#11748),.PCURVE_S1.);
#11737 = LINE('',#11738,#11739);
#11738 = CARTESIAN_POINT('',(-17.50128509012,41.813037956015,59.2));
#11739 = VECTOR('',#11740,1.);
#11740 = DIRECTION('',(-5.947623346206E-16,-1.110223024625E-16,-1.));
#11741 = PCURVE('',#2381,#11742);
#11742 = DEFINITIONAL_REPRESENTATION('',(#11743),#11747);
#11743 = LINE('',#11744,#11745);
#11744 = CARTESIAN_POINT('',(5.849789325115,0.));
#11745 = VECTOR('',#11746,1.);
#11746 = DIRECTION('',(0.,1.));
#11747 = ( GEOMETRIC_REPRESENTATION_CONTEXT(2) 
PARAMETRIC_REPRESENTATION_CONTEXT() REPRESENTATION_CONTEXT('2D SPACE',''
  ) );
#11748 = PCURVE('',#2352,#11749);
#11749 = DEFINITIONAL_REPRESENTATION('',(#11750),#11754);
#11750 = LINE('',#11751,#11752);
#11751 = CARTESIAN_POINT('',(0.515902684074,-1.942890293094E-16));
#11752 = VECTOR('',#11753,1.);
#11753 = DIRECTION('',(-5.551115123126E-17,-1.));
#11754 = ( GEOMETRIC_REPRESENTATION_CONTEXT(2) 
PARAMETRIC_REPRESENTATION_CONTEXT() REPRESENTATION_CONTEXT('2D SPACE',''
  ) );
#11755 = ORIENTED_EDGE('',*,*,#2364,.T.);
#11756 = ADVANCED_FACE('',(#11757),#1701,.T.);
#11757 = FACE_BOUND('',#11758,.T.);
#11758 = EDGE_LOOP('',(#11759,#11782,#11804,#11805));
#11759 = ORIENTED_EDGE('',*,*,#11760,.F.);
#11760 = EDGE_CURVE('',#11761,#1685,#11763,.T.);
#11761 = VERTEX_POINT('',#11762);
#11762 = CARTESIAN_POINT('',(-14.14213562373,63.021872987462,58.2));
#11763 = SURFACE_CURVE('',#11764,(#11768,#11775),.PCURVE_S1.);
#11764 = LINE('',#11765,#11766);
#11765 = CARTESIAN_POINT('',(-14.14213562373,63.021872987462,59.2));
#11766 = VECTOR('',#11767,1.);
#11767 = DIRECTION('',(-5.947623346206E-16,-1.110223024625E-16,-1.));
#11768 = PCURVE('',#1701,#11769);
#11769 = DEFINITIONAL_REPRESENTATION('',(#11770),#11774);
#11770 = LINE('',#11771,#11772);
#11771 = CARTESIAN_POINT('',(0.747555247424,0.));
#11772 = VECTOR('',#11773,1.);
#11773 = DIRECTION('',(0.,1.));
#11774 = ( GEOMETRIC_REPRESENTATION_CONTEXT(2) 
PARAMETRIC_REPRESENTATION_CONTEXT() REPRESENTATION_CONTEXT('2D SPACE',''
  ) );
#11775 = PCURVE('',#1729,#11776);
#11776 = DEFINITIONAL_REPRESENTATION('',(#11777),#11781);
#11777 = LINE('',#11778,#11779);
#11778 = CARTESIAN_POINT('',(1.665334536938E-16,0.515902684074));
#11779 = VECTOR('',#11780,1.);
#11780 = DIRECTION('',(1.,0.));
#11781 = ( GEOMETRIC_REPRESENTATION_CONTEXT(2) 
PARAMETRIC_REPRESENTATION_CONTEXT() REPRESENTATION_CONTEXT('2D SPACE',''
  ) );
#11782 = ORIENTED_EDGE('',*,*,#11783,.F.);
#11783 = EDGE_CURVE('',#11662,#11761,#11784,.T.);
#11784 = SURFACE_CURVE('',#11785,(#11790,#11797),.PCURVE_S1.);
#11785 = CIRCLE('',#11786,19.284210105954);
#11786 = AXIS2_PLACEMENT_3D('',#11787,#11788,#11789);
#11787 = CARTESIAN_POINT('',(2.501110429876E-12,49.911542731878,58.2));
#11788 = DIRECTION('',(5.947623346206E-16,1.110223024625E-16,1.));
#11789 = DIRECTION('',(1.,-9.42935300772E-31,-5.947623346206E-16));
#11790 = PCURVE('',#1701,#11791);
#11791 = DEFINITIONAL_REPRESENTATION('',(#11792),#11796);
#11792 = LINE('',#11793,#11794);
#11793 = CARTESIAN_POINT('',(3.14159265359,1.));
#11794 = VECTOR('',#11795,1.);
#11795 = DIRECTION('',(-1.,0.));
#11796 = ( GEOMETRIC_REPRESENTATION_CONTEXT(2) 
PARAMETRIC_REPRESENTATION_CONTEXT() REPRESENTATION_CONTEXT('2D SPACE',''
  ) );
#11797 = PCURVE('',#5230,#11798);
#11798 = DEFINITIONAL_REPRESENTATION('',(#11799),#11803);
#11799 = LINE('',#11800,#11801);
#11800 = CARTESIAN_POINT('',(3.14159265359,1.));
#11801 = VECTOR('',#11802,1.);
#11802 = DIRECTION('',(-1.,2.281935284476E-14));
#11803 = ( GEOMETRIC_REPRESENTATION_CONTEXT(2) 
PARAMETRIC_REPRESENTATION_CONTEXT() REPRESENTATION_CONTEXT('2D SPACE',''
  ) );
#11804 = ORIENTED_EDGE('',*,*,#11661,.T.);
#11805 = ORIENTED_EDGE('',*,*,#1684,.T.);
#11806 = ADVANCED_FACE('',(#11807),#2352,.T.);
#11807 = FACE_BOUND('',#11808,.T.);
#11808 = EDGE_LOOP('',(#11809,#11810,#11833,#11854));
#11809 = ORIENTED_EDGE('',*,*,#11735,.F.);
#11810 = ORIENTED_EDGE('',*,*,#11811,.T.);
#11811 = EDGE_CURVE('',#11712,#11812,#11814,.T.);
#11812 = VERTEX_POINT('',#11813);
#11813 = CARTESIAN_POINT('',(-17.18243969647,42.794343174942,58.2));
#11814 = SURFACE_CURVE('',#11815,(#11819,#11826),.PCURVE_S1.);
#11815 = LINE('',#11816,#11817);
#11816 = CARTESIAN_POINT('',(-17.34186239329,42.303690565478,58.2));
#11817 = VECTOR('',#11818,1.);
#11818 = DIRECTION('',(0.309016994375,0.951056516295,-3.330669073875E-16
    ));
#11819 = PCURVE('',#2352,#11820);
#11820 = DEFINITIONAL_REPRESENTATION('',(#11821),#11825);
#11821 = LINE('',#11822,#11823);
#11822 = CARTESIAN_POINT('',(6.106226635438E-16,-1.));
#11823 = VECTOR('',#11824,1.);
#11824 = DIRECTION('',(-1.,-5.551115123126E-17));
#11825 = ( GEOMETRIC_REPRESENTATION_CONTEXT(2) 
PARAMETRIC_REPRESENTATION_CONTEXT() REPRESENTATION_CONTEXT('2D SPACE',''
  ) );
#11826 = PCURVE('',#5881,#11827);
#11827 = DEFINITIONAL_REPRESENTATION('',(#11828),#11832);
#11828 = LINE('',#11829,#11830);
#11829 = CARTESIAN_POINT('',(0.,0.));
#11830 = VECTOR('',#11831,1.);
#11831 = DIRECTION('',(1.,-3.330669073875E-16));
#11832 = ( GEOMETRIC_REPRESENTATION_CONTEXT(2) 
PARAMETRIC_REPRESENTATION_CONTEXT() REPRESENTATION_CONTEXT('2D SPACE',''
  ) );
#11833 = ORIENTED_EDGE('',*,*,#11834,.T.);
#11834 = EDGE_CURVE('',#11812,#2309,#11835,.T.);
#11835 = SURFACE_CURVE('',#11836,(#11840,#11847),.PCURVE_S1.);
#11836 = LINE('',#11837,#11838);
#11837 = CARTESIAN_POINT('',(-17.18243969647,42.794343174942,59.2));
#11838 = VECTOR('',#11839,1.);
#11839 = DIRECTION('',(-5.947623346206E-16,-1.110223024625E-16,-1.));
#11840 = PCURVE('',#2352,#11841);
#11841 = DEFINITIONAL_REPRESENTATION('',(#11842),#11846);
#11842 = LINE('',#11843,#11844);
#11843 = CARTESIAN_POINT('',(-0.515902684074,1.582067810091E-15));
#11844 = VECTOR('',#11845,1.);
#11845 = DIRECTION('',(-5.551115123126E-17,-1.));
#11846 = ( GEOMETRIC_REPRESENTATION_CONTEXT(2) 
PARAMETRIC_REPRESENTATION_CONTEXT() REPRESENTATION_CONTEXT('2D SPACE',''
  ) );
#11847 = PCURVE('',#2324,#11848);
#11848 = DEFINITIONAL_REPRESENTATION('',(#11849),#11853);
#11849 = LINE('',#11850,#11851);
#11850 = CARTESIAN_POINT('',(-0.515902684074,3.760880495918E-15));
#11851 = VECTOR('',#11852,1.);
#11852 = DIRECTION('',(0.,-1.));
#11853 = ( GEOMETRIC_REPRESENTATION_CONTEXT(2) 
PARAMETRIC_REPRESENTATION_CONTEXT() REPRESENTATION_CONTEXT('2D SPACE',''
  ) );
#11854 = ORIENTED_EDGE('',*,*,#2336,.F.);
#11855 = ADVANCED_FACE('',(#11856),#1729,.F.);
#11856 = FACE_BOUND('',#11857,.T.);
#11857 = EDGE_LOOP('',(#11858,#11881,#11902,#11903));
#11858 = ORIENTED_EDGE('',*,*,#11859,.F.);
#11859 = EDGE_CURVE('',#11860,#1714,#11862,.T.);
#11860 = VERTEX_POINT('',#11861);
#11861 = CARTESIAN_POINT('',(-14.14213562373,61.990067619314,58.2));
#11862 = SURFACE_CURVE('',#11863,(#11867,#11874),.PCURVE_S1.);
#11863 = LINE('',#11864,#11865);
#11864 = CARTESIAN_POINT('',(-14.14213562373,61.990067619314,59.2));
#11865 = VECTOR('',#11866,1.);
#11866 = DIRECTION('',(-5.947623346206E-16,-1.110223024625E-16,-1.));
#11867 = PCURVE('',#1729,#11868);
#11868 = DEFINITIONAL_REPRESENTATION('',(#11869),#11873);
#11869 = LINE('',#11870,#11871);
#11870 = CARTESIAN_POINT('',(-6.383782391595E-16,-0.515902684074));
#11871 = VECTOR('',#11872,1.);
#11872 = DIRECTION('',(1.,0.));
#11873 = ( GEOMETRIC_REPRESENTATION_CONTEXT(2) 
PARAMETRIC_REPRESENTATION_CONTEXT() REPRESENTATION_CONTEXT('2D SPACE',''
  ) );
#11874 = PCURVE('',#1757,#11875);
#11875 = DEFINITIONAL_REPRESENTATION('',(#11876),#11880);
#11876 = LINE('',#11877,#11878);
#11877 = CARTESIAN_POINT('',(-0.515902684074,2.171873791923E-15));
#11878 = VECTOR('',#11879,1.);
#11879 = DIRECTION('',(0.,-1.));
#11880 = ( GEOMETRIC_REPRESENTATION_CONTEXT(2) 
PARAMETRIC_REPRESENTATION_CONTEXT() REPRESENTATION_CONTEXT('2D SPACE',''
  ) );
#11881 = ORIENTED_EDGE('',*,*,#11882,.T.);
#11882 = EDGE_CURVE('',#11860,#11761,#11883,.T.);
#11883 = SURFACE_CURVE('',#11884,(#11888,#11895),.PCURVE_S1.);
#11884 = LINE('',#11885,#11886);
#11885 = CARTESIAN_POINT('',(-14.14213562373,63.021872987462,58.2));
#11886 = VECTOR('',#11887,1.);
#11887 = DIRECTION('',(6.902532920684E-31,1.,-1.110223024625E-16));
#11888 = PCURVE('',#1729,#11889);
#11889 = DEFINITIONAL_REPRESENTATION('',(#11890),#11894);
#11890 = LINE('',#11891,#11892);
#11891 = CARTESIAN_POINT('',(1.,0.515902684074));
#11892 = VECTOR('',#11893,1.);
#11893 = DIRECTION('',(0.,1.));
#11894 = ( GEOMETRIC_REPRESENTATION_CONTEXT(2) 
PARAMETRIC_REPRESENTATION_CONTEXT() REPRESENTATION_CONTEXT('2D SPACE',''
  ) );
#11895 = PCURVE('',#5258,#11896);
#11896 = DEFINITIONAL_REPRESENTATION('',(#11897),#11901);
#11897 = LINE('',#11898,#11899);
#11898 = CARTESIAN_POINT('',(13.110330255582,1.414213562373));
#11899 = VECTOR('',#11900,1.);
#11900 = DIRECTION('',(1.,0.));
#11901 = ( GEOMETRIC_REPRESENTATION_CONTEXT(2) 
PARAMETRIC_REPRESENTATION_CONTEXT() REPRESENTATION_CONTEXT('2D SPACE',''
  ) );
#11902 = ORIENTED_EDGE('',*,*,#11760,.T.);
#11903 = ORIENTED_EDGE('',*,*,#1713,.T.);
#11904 = ADVANCED_FACE('',(#11905),#2324,.F.);
#11905 = FACE_BOUND('',#11906,.T.);
#11906 = EDGE_LOOP('',(#11907,#11908,#11931,#11952));
#11907 = ORIENTED_EDGE('',*,*,#11834,.F.);
#11908 = ORIENTED_EDGE('',*,*,#11909,.T.);
#11909 = EDGE_CURVE('',#11812,#11910,#11912,.T.);
#11910 = VERTEX_POINT('',#11911);
#11911 = CARTESIAN_POINT('',(-18.10178501119,43.262773009661,58.2));
#11912 = SURFACE_CURVE('',#11913,(#11917,#11924),.PCURVE_S1.);
#11913 = LINE('',#11914,#11915);
#11914 = CARTESIAN_POINT('',(-18.10178501119,43.262773009661,58.2));
#11915 = VECTOR('',#11916,1.);
#11916 = DIRECTION('',(-0.891006524188,0.45399049974,4.996003610813E-16)
  );
#11917 = PCURVE('',#2324,#11918);
#11918 = DEFINITIONAL_REPRESENTATION('',(#11919),#11923);
#11919 = LINE('',#11920,#11921);
#11920 = CARTESIAN_POINT('',(0.515902684074,-1.));
#11921 = VECTOR('',#11922,1.);
#11922 = DIRECTION('',(1.,-2.775557561563E-17));
#11923 = ( GEOMETRIC_REPRESENTATION_CONTEXT(2) 
PARAMETRIC_REPRESENTATION_CONTEXT() REPRESENTATION_CONTEXT('2D SPACE',''
  ) );
#11924 = PCURVE('',#5853,#11925);
#11925 = DEFINITIONAL_REPRESENTATION('',(#11926),#11930);
#11926 = LINE('',#11927,#11928);
#11927 = CARTESIAN_POINT('',(13.110330255582,1.414213562373));
#11928 = VECTOR('',#11929,1.);
#11929 = DIRECTION('',(1.,-4.579669976579E-16));
#11930 = ( GEOMETRIC_REPRESENTATION_CONTEXT(2) 
PARAMETRIC_REPRESENTATION_CONTEXT() REPRESENTATION_CONTEXT('2D SPACE',''
  ) );
#11931 = ORIENTED_EDGE('',*,*,#11932,.T.);
#11932 = EDGE_CURVE('',#11910,#2280,#11933,.T.);
#11933 = SURFACE_CURVE('',#11934,(#11938,#11945),.PCURVE_S1.);
#11934 = LINE('',#11935,#11936);
#11935 = CARTESIAN_POINT('',(-18.10178501119,43.262773009661,59.2));
#11936 = VECTOR('',#11937,1.);
#11937 = DIRECTION('',(-5.947623346206E-16,-1.110223024625E-16,-1.));
#11938 = PCURVE('',#2324,#11939);
#11939 = DEFINITIONAL_REPRESENTATION('',(#11940),#11944);
#11940 = LINE('',#11941,#11942);
#11941 = CARTESIAN_POINT('',(0.515902684074,-4.440892098501E-16));
#11942 = VECTOR('',#11943,1.);
#11943 = DIRECTION('',(0.,-1.));
#11944 = ( GEOMETRIC_REPRESENTATION_CONTEXT(2) 
PARAMETRIC_REPRESENTATION_CONTEXT() REPRESENTATION_CONTEXT('2D SPACE',''
  ) );
#11945 = PCURVE('',#2296,#11946);
#11946 = DEFINITIONAL_REPRESENTATION('',(#11947),#11951);
#11947 = LINE('',#11948,#11949);
#11948 = CARTESIAN_POINT('',(5.931183125847,0.));
#11949 = VECTOR('',#11950,1.);
#11950 = DIRECTION('',(0.,1.));
#11951 = ( GEOMETRIC_REPRESENTATION_CONTEXT(2) 
PARAMETRIC_REPRESENTATION_CONTEXT() REPRESENTATION_CONTEXT('2D SPACE',''
  ) );
#11952 = ORIENTED_EDGE('',*,*,#2308,.T.);
#11953 = ADVANCED_FACE('',(#11954),#1757,.T.);
#11954 = FACE_BOUND('',#11955,.T.);
#11955 = EDGE_LOOP('',(#11956,#11979,#12000,#12001));
#11956 = ORIENTED_EDGE('',*,*,#11957,.F.);
#11957 = EDGE_CURVE('',#11958,#1742,#11960,.T.);
#11958 = VERTEX_POINT('',#11959);
#11959 = CARTESIAN_POINT('',(-15.16123775561,61.828657698522,58.2));
#11960 = SURFACE_CURVE('',#11961,(#11965,#11972),.PCURVE_S1.);
#11961 = LINE('',#11962,#11963);
#11962 = CARTESIAN_POINT('',(-15.16123775561,61.828657698522,59.2));
#11963 = VECTOR('',#11964,1.);
#11964 = DIRECTION('',(-5.947623346206E-16,-1.110223024625E-16,-1.));
#11965 = PCURVE('',#1757,#11966);
#11966 = DEFINITIONAL_REPRESENTATION('',(#11967),#11971);
#11967 = LINE('',#11968,#11969);
#11968 = CARTESIAN_POINT('',(0.515902684074,-4.857225732735E-17));
#11969 = VECTOR('',#11970,1.);
#11970 = DIRECTION('',(0.,-1.));
#11971 = ( GEOMETRIC_REPRESENTATION_CONTEXT(2) 
PARAMETRIC_REPRESENTATION_CONTEXT() REPRESENTATION_CONTEXT('2D SPACE',''
  ) );
#11972 = PCURVE('',#1786,#11973);
#11973 = DEFINITIONAL_REPRESENTATION('',(#11974),#11978);
#11974 = LINE('',#11975,#11976);
#11975 = CARTESIAN_POINT('',(0.666161446692,0.));
#11976 = VECTOR('',#11977,1.);
#11977 = DIRECTION('',(0.,1.));
#11978 = ( GEOMETRIC_REPRESENTATION_CONTEXT(2) 
PARAMETRIC_REPRESENTATION_CONTEXT() REPRESENTATION_CONTEXT('2D SPACE',''
  ) );
#11979 = ORIENTED_EDGE('',*,*,#11980,.T.);
#11980 = EDGE_CURVE('',#11958,#11860,#11981,.T.);
#11981 = SURFACE_CURVE('',#11982,(#11986,#11993),.PCURVE_S1.);
#11982 = LINE('',#11983,#11984);
#11983 = CARTESIAN_POINT('',(-14.65168668967,61.909362658918,58.2));
#11984 = VECTOR('',#11985,1.);
#11985 = DIRECTION('',(0.987688340595,0.15643446504,-6.106226635438E-16)
  );
#11986 = PCURVE('',#1757,#11987);
#11987 = DEFINITIONAL_REPRESENTATION('',(#11988),#11992);
#11988 = LINE('',#11989,#11990);
#11989 = CARTESIAN_POINT('',(2.775557561563E-17,-1.));
#11990 = VECTOR('',#11991,1.);
#11991 = DIRECTION('',(-1.,0.));
#11992 = ( GEOMETRIC_REPRESENTATION_CONTEXT(2) 
PARAMETRIC_REPRESENTATION_CONTEXT() REPRESENTATION_CONTEXT('2D SPACE',''
  ) );
#11993 = PCURVE('',#5286,#11994);
#11994 = DEFINITIONAL_REPRESENTATION('',(#11995),#11999);
#11995 = LINE('',#11996,#11997);
#11996 = CARTESIAN_POINT('',(0.,0.));
#11997 = VECTOR('',#11998,1.);
#11998 = DIRECTION('',(1.,-1.804112415016E-16));
#11999 = ( GEOMETRIC_REPRESENTATION_CONTEXT(2) 
PARAMETRIC_REPRESENTATION_CONTEXT() REPRESENTATION_CONTEXT('2D SPACE',''
  ) );
#12000 = ORIENTED_EDGE('',*,*,#11859,.T.);
#12001 = ORIENTED_EDGE('',*,*,#1741,.F.);
#12002 = ADVANCED_FACE('',(#12003),#2296,.T.);
#12003 = FACE_BOUND('',#12004,.T.);
#12004 = EDGE_LOOP('',(#12005,#12006,#12030,#12051));
#12005 = ORIENTED_EDGE('',*,*,#11932,.F.);
#12006 = ORIENTED_EDGE('',*,*,#12007,.F.);
#12007 = EDGE_CURVE('',#12008,#11910,#12010,.T.);
#12008 = VERTEX_POINT('',#12009);
#12009 = CARTESIAN_POINT('',(-18.55270049118,44.650548159094,58.2));
#12010 = SURFACE_CURVE('',#12011,(#12016,#12023),.PCURVE_S1.);
#12011 = CIRCLE('',#12012,19.284210105952);
#12012 = AXIS2_PLACEMENT_3D('',#12013,#12014,#12015);
#12013 = CARTESIAN_POINT('',(1.858069254013E-12,49.911542731881,58.2));
#12014 = DIRECTION('',(5.947623346206E-16,1.110223024625E-16,1.));
#12015 = DIRECTION('',(1.,-9.42935300772E-31,-5.947623346206E-16));
#12016 = PCURVE('',#2296,#12017);
#12017 = DEFINITIONAL_REPRESENTATION('',(#12018),#12022);
#12018 = LINE('',#12019,#12020);
#12019 = CARTESIAN_POINT('',(9.424777960769,1.));
#12020 = VECTOR('',#12021,1.);
#12021 = DIRECTION('',(-1.,0.));
#12022 = ( GEOMETRIC_REPRESENTATION_CONTEXT(2) 
PARAMETRIC_REPRESENTATION_CONTEXT() REPRESENTATION_CONTEXT('2D SPACE',''
  ) );
#12023 = PCURVE('',#5825,#12024);
#12024 = DEFINITIONAL_REPRESENTATION('',(#12025),#12029);
#12025 = LINE('',#12026,#12027);
#12026 = CARTESIAN_POINT('',(9.424777960769,1.));
#12027 = VECTOR('',#12028,1.);
#12028 = DIRECTION('',(-1.,4.771319231177E-14));
#12029 = ( GEOMETRIC_REPRESENTATION_CONTEXT(2) 
PARAMETRIC_REPRESENTATION_CONTEXT() REPRESENTATION_CONTEXT('2D SPACE',''
  ) );
#12030 = ORIENTED_EDGE('',*,*,#12031,.T.);
#12031 = EDGE_CURVE('',#12008,#2252,#12032,.T.);
#12032 = SURFACE_CURVE('',#12033,(#12037,#12044),.PCURVE_S1.);
#12033 = LINE('',#12034,#12035);
#12034 = CARTESIAN_POINT('',(-18.55270049118,44.650548159094,59.2));
#12035 = VECTOR('',#12036,1.);
#12036 = DIRECTION('',(-5.947623346206E-16,-1.110223024625E-16,-1.));
#12037 = PCURVE('',#2296,#12038);
#12038 = DEFINITIONAL_REPRESENTATION('',(#12039),#12043);
#12039 = LINE('',#12040,#12041);
#12040 = CARTESIAN_POINT('',(6.006868957794,0.));
#12041 = VECTOR('',#12042,1.);
#12042 = DIRECTION('',(0.,1.));
#12043 = ( GEOMETRIC_REPRESENTATION_CONTEXT(2) 
PARAMETRIC_REPRESENTATION_CONTEXT() REPRESENTATION_CONTEXT('2D SPACE',''
  ) );
#12044 = PCURVE('',#2267,#12045);
#12045 = DEFINITIONAL_REPRESENTATION('',(#12046),#12050);
#12046 = LINE('',#12047,#12048);
#12047 = CARTESIAN_POINT('',(0.515902684074,-3.580469254416E-15));
#12048 = VECTOR('',#12049,1.);
#12049 = DIRECTION('',(5.551115123126E-17,-1.));
#12050 = ( GEOMETRIC_REPRESENTATION_CONTEXT(2) 
PARAMETRIC_REPRESENTATION_CONTEXT() REPRESENTATION_CONTEXT('2D SPACE',''
  ) );
#12051 = ORIENTED_EDGE('',*,*,#2279,.T.);
#12052 = ADVANCED_FACE('',(#12053),#1786,.T.);
#12053 = FACE_BOUND('',#12054,.T.);
#12054 = EDGE_LOOP('',(#12055,#12078,#12100,#12101));
#12055 = ORIENTED_EDGE('',*,*,#12056,.F.);
#12056 = EDGE_CURVE('',#12057,#1770,#12059,.T.);
#12057 = VERTEX_POINT('',#12058);
#12058 = CARTESIAN_POINT('',(-16.0189299667,60.648145645846,58.2));
#12059 = SURFACE_CURVE('',#12060,(#12064,#12071),.PCURVE_S1.);
#12060 = LINE('',#12061,#12062);
#12061 = CARTESIAN_POINT('',(-16.0189299667,60.648145645846,59.2));
#12062 = VECTOR('',#12063,1.);
#12063 = DIRECTION('',(-5.947623346206E-16,-1.110223024625E-16,-1.));
#12064 = PCURVE('',#1786,#12065);
#12065 = DEFINITIONAL_REPRESENTATION('',(#12066),#12070);
#12066 = LINE('',#12067,#12068);
#12067 = CARTESIAN_POINT('',(0.590475614744,0.));
#12068 = VECTOR('',#12069,1.);
#12069 = DIRECTION('',(0.,1.));
#12070 = ( GEOMETRIC_REPRESENTATION_CONTEXT(2) 
PARAMETRIC_REPRESENTATION_CONTEXT() REPRESENTATION_CONTEXT('2D SPACE',''
  ) );
#12071 = PCURVE('',#1814,#12072);
#12072 = DEFINITIONAL_REPRESENTATION('',(#12073),#12077);
#12073 = LINE('',#12074,#12075);
#12074 = CARTESIAN_POINT('',(0.515902684074,-2.498001805407E-15));
#12075 = VECTOR('',#12076,1.);
#12076 = DIRECTION('',(0.,-1.));
#12077 = ( GEOMETRIC_REPRESENTATION_CONTEXT(2) 
PARAMETRIC_REPRESENTATION_CONTEXT() REPRESENTATION_CONTEXT('2D SPACE',''
  ) );
#12078 = ORIENTED_EDGE('',*,*,#12079,.F.);
#12079 = EDGE_CURVE('',#11958,#12057,#12080,.T.);
#12080 = SURFACE_CURVE('',#12081,(#12086,#12093),.PCURVE_S1.);
#12081 = CIRCLE('',#12082,19.284210105952);
#12082 = AXIS2_PLACEMENT_3D('',#12083,#12084,#12085);
#12083 = CARTESIAN_POINT('',(1.436184504655E-12,49.911542731879,58.2));
#12084 = DIRECTION('',(5.947623346206E-16,1.110223024625E-16,1.));
#12085 = DIRECTION('',(1.,-9.42935300772E-31,-5.947623346206E-16));
#12086 = PCURVE('',#1786,#12087);
#12087 = DEFINITIONAL_REPRESENTATION('',(#12088),#12092);
#12088 = LINE('',#12089,#12090);
#12089 = CARTESIAN_POINT('',(3.14159265359,1.));
#12090 = VECTOR('',#12091,1.);
#12091 = DIRECTION('',(-1.,0.));
#12092 = ( GEOMETRIC_REPRESENTATION_CONTEXT(2) 
PARAMETRIC_REPRESENTATION_CONTEXT() REPRESENTATION_CONTEXT('2D SPACE',''
  ) );
#12093 = PCURVE('',#5315,#12094);
#12094 = DEFINITIONAL_REPRESENTATION('',(#12095),#12099);
#12095 = LINE('',#12096,#12097);
#12096 = CARTESIAN_POINT('',(3.14159265359,1.));
#12097 = VECTOR('',#12098,1.);
#12098 = DIRECTION('',(-1.,0.));
#12099 = ( GEOMETRIC_REPRESENTATION_CONTEXT(2) 
PARAMETRIC_REPRESENTATION_CONTEXT() REPRESENTATION_CONTEXT('2D SPACE',''
  ) );
#12100 = ORIENTED_EDGE('',*,*,#11957,.T.);
#12101 = ORIENTED_EDGE('',*,*,#1769,.T.);
#12102 = ADVANCED_FACE('',(#12103),#2267,.T.);
#12103 = FACE_BOUND('',#12104,.T.);
#12104 = EDGE_LOOP('',(#12105,#12106,#12129,#12150));
#12105 = ORIENTED_EDGE('',*,*,#12031,.F.);
#12106 = ORIENTED_EDGE('',*,*,#12107,.T.);
#12107 = EDGE_CURVE('',#12008,#12108,#12110,.T.);
#12108 = VERTEX_POINT('',#12109);
#12109 = CARTESIAN_POINT('',(-18.08427065646,45.569893473807,58.2));
#12110 = SURFACE_CURVE('',#12111,(#12115,#12122),.PCURVE_S1.);
#12111 = LINE('',#12112,#12113);
#12112 = CARTESIAN_POINT('',(-18.31848557382,45.110220816451,58.2));
#12113 = VECTOR('',#12114,1.);
#12114 = DIRECTION('',(0.45399049974,0.891006524188,-3.330669073875E-16)
  );
#12115 = PCURVE('',#2267,#12116);
#12116 = DEFINITIONAL_REPRESENTATION('',(#12117),#12121);
#12117 = LINE('',#12118,#12119);
#12118 = CARTESIAN_POINT('',(-9.436895709314E-16,-1.));
#12119 = VECTOR('',#12120,1.);
#12120 = DIRECTION('',(-1.,5.551115123126E-17));
#12121 = ( GEOMETRIC_REPRESENTATION_CONTEXT(2) 
PARAMETRIC_REPRESENTATION_CONTEXT() REPRESENTATION_CONTEXT('2D SPACE',''
  ) );
#12122 = PCURVE('',#5796,#12123);
#12123 = DEFINITIONAL_REPRESENTATION('',(#12124),#12128);
#12124 = LINE('',#12125,#12126);
#12125 = CARTESIAN_POINT('',(0.,0.));
#12126 = VECTOR('',#12127,1.);
#12127 = DIRECTION('',(1.,-3.885780586188E-16));
#12128 = ( GEOMETRIC_REPRESENTATION_CONTEXT(2) 
PARAMETRIC_REPRESENTATION_CONTEXT() REPRESENTATION_CONTEXT('2D SPACE',''
  ) );
#12129 = ORIENTED_EDGE('',*,*,#12130,.T.);
#12130 = EDGE_CURVE('',#12108,#2224,#12131,.T.);
#12131 = SURFACE_CURVE('',#12132,(#12136,#12143),.PCURVE_S1.);
#12132 = LINE('',#12133,#12134);
#12133 = CARTESIAN_POINT('',(-18.08427065646,45.569893473807,59.2));
#12134 = VECTOR('',#12135,1.);
#12135 = DIRECTION('',(-5.947623346206E-16,-1.110223024625E-16,-1.));
#12136 = PCURVE('',#2267,#12137);
#12137 = DEFINITIONAL_REPRESENTATION('',(#12138),#12142);
#12138 = LINE('',#12139,#12140);
#12139 = CARTESIAN_POINT('',(-0.515902684074,-2.22044604925E-15));
#12140 = VECTOR('',#12141,1.);
#12141 = DIRECTION('',(5.551115123126E-17,-1.));
#12142 = ( GEOMETRIC_REPRESENTATION_CONTEXT(2) 
PARAMETRIC_REPRESENTATION_CONTEXT() REPRESENTATION_CONTEXT('2D SPACE',''
  ) );
#12143 = PCURVE('',#2239,#12144);
#12144 = DEFINITIONAL_REPRESENTATION('',(#12145),#12149);
#12145 = LINE('',#12146,#12147);
#12146 = CARTESIAN_POINT('',(-0.515902684074,9.159339953158E-16));
#12147 = VECTOR('',#12148,1.);
#12148 = DIRECTION('',(0.,-1.));
#12149 = ( GEOMETRIC_REPRESENTATION_CONTEXT(2) 
PARAMETRIC_REPRESENTATION_CONTEXT() REPRESENTATION_CONTEXT('2D SPACE',''
  ) );
#12150 = ORIENTED_EDGE('',*,*,#2251,.F.);
#12151 = ADVANCED_FACE('',(#12152),#1814,.F.);
#12152 = FACE_BOUND('',#12153,.T.);
#12153 = EDGE_LOOP('',(#12154,#12177,#12198,#12199));
#12154 = ORIENTED_EDGE('',*,*,#12155,.F.);
#12155 = EDGE_CURVE('',#12156,#1799,#12158,.T.);
#12156 = VERTEX_POINT('',#12157);
#12157 = CARTESIAN_POINT('',(-15.85752004591,59.629043513962,58.2));
#12158 = SURFACE_CURVE('',#12159,(#12163,#12170),.PCURVE_S1.);
#12159 = LINE('',#12160,#12161);
#12160 = CARTESIAN_POINT('',(-15.85752004591,59.629043513962,59.2));
#12161 = VECTOR('',#12162,1.);
#12162 = DIRECTION('',(-5.947623346206E-16,-1.110223024625E-16,-1.));
#12163 = PCURVE('',#1814,#12164);
#12164 = DEFINITIONAL_REPRESENTATION('',(#12165),#12169);
#12165 = LINE('',#12166,#12167);
#12166 = CARTESIAN_POINT('',(-0.515902684074,-5.551115123126E-15));
#12167 = VECTOR('',#12168,1.);
#12168 = DIRECTION('',(0.,-1.));
#12169 = ( GEOMETRIC_REPRESENTATION_CONTEXT(2) 
PARAMETRIC_REPRESENTATION_CONTEXT() REPRESENTATION_CONTEXT('2D SPACE',''
  ) );
#12170 = PCURVE('',#1842,#12171);
#12171 = DEFINITIONAL_REPRESENTATION('',(#12172),#12176);
#12172 = LINE('',#12173,#12174);
#12173 = CARTESIAN_POINT('',(-0.515902684074,-2.400857290752E-15));
#12174 = VECTOR('',#12175,1.);
#12175 = DIRECTION('',(2.775557561563E-17,-1.));
#12176 = ( GEOMETRIC_REPRESENTATION_CONTEXT(2) 
PARAMETRIC_REPRESENTATION_CONTEXT() REPRESENTATION_CONTEXT('2D SPACE',''
  ) );
#12177 = ORIENTED_EDGE('',*,*,#12178,.T.);
#12178 = EDGE_CURVE('',#12156,#12057,#12179,.T.);
#12179 = SURFACE_CURVE('',#12180,(#12184,#12191),.PCURVE_S1.);
#12180 = LINE('',#12181,#12182);
#12181 = CARTESIAN_POINT('',(-16.0189299667,60.648145645846,58.2));
#12182 = VECTOR('',#12183,1.);
#12183 = DIRECTION('',(-0.15643446504,0.987688340595,-5.551115123126E-17
    ));
#12184 = PCURVE('',#1814,#12185);
#12185 = DEFINITIONAL_REPRESENTATION('',(#12186),#12190);
#12186 = LINE('',#12187,#12188);
#12187 = CARTESIAN_POINT('',(0.515902684074,-1.));
#12188 = VECTOR('',#12189,1.);
#12189 = DIRECTION('',(1.,0.));
#12190 = ( GEOMETRIC_REPRESENTATION_CONTEXT(2) 
PARAMETRIC_REPRESENTATION_CONTEXT() REPRESENTATION_CONTEXT('2D SPACE',''
  ) );
#12191 = PCURVE('',#5343,#12192);
#12192 = DEFINITIONAL_REPRESENTATION('',(#12193),#12197);
#12193 = LINE('',#12194,#12195);
#12194 = CARTESIAN_POINT('',(13.110330255582,1.414213562373));
#12195 = VECTOR('',#12196,1.);
#12196 = DIRECTION('',(1.,-1.110223024625E-16));
#12197 = ( GEOMETRIC_REPRESENTATION_CONTEXT(2) 
PARAMETRIC_REPRESENTATION_CONTEXT() REPRESENTATION_CONTEXT('2D SPACE',''
  ) );
#12198 = ORIENTED_EDGE('',*,*,#12056,.T.);
#12199 = ORIENTED_EDGE('',*,*,#1798,.T.);
#12200 = ADVANCED_FACE('',(#12201),#2239,.F.);
#12201 = FACE_BOUND('',#12202,.T.);
#12202 = EDGE_LOOP('',(#12203,#12204,#12227,#12248));
#12203 = ORIENTED_EDGE('',*,*,#12130,.F.);
#12204 = ORIENTED_EDGE('',*,*,#12205,.T.);
#12205 = EDGE_CURVE('',#12108,#12206,#12208,.T.);
#12206 = VERTEX_POINT('',#12207);
#12207 = CARTESIAN_POINT('',(-18.91901873418,46.176373452441,58.2));
#12208 = SURFACE_CURVE('',#12209,(#12213,#12220),.PCURVE_S1.);
#12209 = LINE('',#12210,#12211);
#12210 = CARTESIAN_POINT('',(-18.91901873418,46.176373452441,58.2));
#12211 = VECTOR('',#12212,1.);
#12212 = DIRECTION('',(-0.809016994375,0.587785252292,4.996003610813E-16
    ));
#12213 = PCURVE('',#2239,#12214);
#12214 = DEFINITIONAL_REPRESENTATION('',(#12215),#12219);
#12215 = LINE('',#12216,#12217);
#12216 = CARTESIAN_POINT('',(0.515902684074,-1.));
#12217 = VECTOR('',#12218,1.);
#12218 = DIRECTION('',(1.,5.551115123126E-17));
#12219 = ( GEOMETRIC_REPRESENTATION_CONTEXT(2) 
PARAMETRIC_REPRESENTATION_CONTEXT() REPRESENTATION_CONTEXT('2D SPACE',''
  ) );
#12220 = PCURVE('',#5768,#12221);
#12221 = DEFINITIONAL_REPRESENTATION('',(#12222),#12226);
#12222 = LINE('',#12223,#12224);
#12223 = CARTESIAN_POINT('',(13.110330255582,1.414213562373));
#12224 = VECTOR('',#12225,1.);
#12225 = DIRECTION('',(1.,-5.134781488891E-16));
#12226 = ( GEOMETRIC_REPRESENTATION_CONTEXT(2) 
PARAMETRIC_REPRESENTATION_CONTEXT() REPRESENTATION_CONTEXT('2D SPACE',''
  ) );
#12227 = ORIENTED_EDGE('',*,*,#12228,.T.);
#12228 = EDGE_CURVE('',#12206,#2195,#12229,.T.);
#12229 = SURFACE_CURVE('',#12230,(#12234,#12241),.PCURVE_S1.);
#12230 = LINE('',#12231,#12232);
#12231 = CARTESIAN_POINT('',(-18.91901873418,46.176373452441,59.2));
#12232 = VECTOR('',#12233,1.);
#12233 = DIRECTION('',(-5.947623346206E-16,-1.110223024625E-16,-1.));
#12234 = PCURVE('',#2239,#12235);
#12235 = DEFINITIONAL_REPRESENTATION('',(#12236),#12240);
#12236 = LINE('',#12237,#12238);
#12237 = CARTESIAN_POINT('',(0.515902684074,-1.387778780781E-15));
#12238 = VECTOR('',#12239,1.);
#12239 = DIRECTION('',(0.,-1.));
#12240 = ( GEOMETRIC_REPRESENTATION_CONTEXT(2) 
PARAMETRIC_REPRESENTATION_CONTEXT() REPRESENTATION_CONTEXT('2D SPACE',''
  ) );
#12241 = PCURVE('',#2211,#12242);
#12242 = DEFINITIONAL_REPRESENTATION('',(#12243),#12247);
#12243 = LINE('',#12244,#12245);
#12244 = CARTESIAN_POINT('',(6.088262758526,0.));
#12245 = VECTOR('',#12246,1.);
#12246 = DIRECTION('',(0.,1.));
#12247 = ( GEOMETRIC_REPRESENTATION_CONTEXT(2) 
PARAMETRIC_REPRESENTATION_CONTEXT() REPRESENTATION_CONTEXT('2D SPACE',''
  ) );
#12248 = ORIENTED_EDGE('',*,*,#2223,.T.);
#12249 = ADVANCED_FACE('',(#12250),#1842,.T.);
#12250 = FACE_BOUND('',#12251,.T.);
#12251 = EDGE_LOOP('',(#12252,#12275,#12296,#12297));
#12252 = ORIENTED_EDGE('',*,*,#12253,.F.);
#12253 = EDGE_CURVE('',#12254,#1827,#12256,.T.);
#12254 = VERTEX_POINT('',#12255);
#12255 = CARTESIAN_POINT('',(-16.83882526484,59.310198120316,58.2));
#12256 = SURFACE_CURVE('',#12257,(#12261,#12268),.PCURVE_S1.);
#12257 = LINE('',#12258,#12259);
#12258 = CARTESIAN_POINT('',(-16.83882526484,59.310198120316,59.2));
#12259 = VECTOR('',#12260,1.);
#12260 = DIRECTION('',(-5.947623346206E-16,-1.110223024625E-16,-1.));
#12261 = PCURVE('',#1842,#12262);
#12262 = DEFINITIONAL_REPRESENTATION('',(#12263),#12267);
#12263 = LINE('',#12264,#12265);
#12264 = CARTESIAN_POINT('',(0.515902684074,2.400857290752E-15));
#12265 = VECTOR('',#12266,1.);
#12266 = DIRECTION('',(2.775557561563E-17,-1.));
#12267 = ( GEOMETRIC_REPRESENTATION_CONTEXT(2) 
PARAMETRIC_REPRESENTATION_CONTEXT() REPRESENTATION_CONTEXT('2D SPACE',''
  ) );
#12268 = PCURVE('',#1871,#12269);
#12269 = DEFINITIONAL_REPRESENTATION('',(#12270),#12274);
#12270 = LINE('',#12271,#12272);
#12271 = CARTESIAN_POINT('',(0.509081814012,0.));
#12272 = VECTOR('',#12273,1.);
#12273 = DIRECTION('',(0.,1.));
#12274 = ( GEOMETRIC_REPRESENTATION_CONTEXT(2) 
PARAMETRIC_REPRESENTATION_CONTEXT() REPRESENTATION_CONTEXT('2D SPACE',''
  ) );
#12275 = ORIENTED_EDGE('',*,*,#12276,.T.);
#12276 = EDGE_CURVE('',#12254,#12156,#12277,.T.);
#12277 = SURFACE_CURVE('',#12278,(#12282,#12289),.PCURVE_S1.);
#12278 = LINE('',#12279,#12280);
#12279 = CARTESIAN_POINT('',(-16.34817265537,59.469620817139,58.2));
#12280 = VECTOR('',#12281,1.);
#12281 = DIRECTION('',(0.951056516295,0.309016994375,-5.828670879282E-16
    ));
#12282 = PCURVE('',#1842,#12283);
#12283 = DEFINITIONAL_REPRESENTATION('',(#12284),#12288);
#12284 = LINE('',#12285,#12286);
#12285 = CARTESIAN_POINT('',(1.665334536938E-16,-1.));
#12286 = VECTOR('',#12287,1.);
#12287 = DIRECTION('',(-1.,2.775557561563E-17));
#12288 = ( GEOMETRIC_REPRESENTATION_CONTEXT(2) 
PARAMETRIC_REPRESENTATION_CONTEXT() REPRESENTATION_CONTEXT('2D SPACE',''
  ) );
#12289 = PCURVE('',#5371,#12290);
#12290 = DEFINITIONAL_REPRESENTATION('',(#12291),#12295);
#12291 = LINE('',#12292,#12293);
#12292 = CARTESIAN_POINT('',(0.,0.));
#12293 = VECTOR('',#12294,1.);
#12294 = DIRECTION('',(1.,-3.053113317719E-16));
#12295 = ( GEOMETRIC_REPRESENTATION_CONTEXT(2) 
PARAMETRIC_REPRESENTATION_CONTEXT() REPRESENTATION_CONTEXT('2D SPACE',''
  ) );
#12296 = ORIENTED_EDGE('',*,*,#12155,.T.);
#12297 = ORIENTED_EDGE('',*,*,#1826,.F.);
#12298 = ADVANCED_FACE('',(#12299),#2211,.T.);
#12299 = FACE_BOUND('',#12300,.T.);
#12300 = EDGE_LOOP('',(#12301,#12302,#12326,#12347));
#12301 = ORIENTED_EDGE('',*,*,#12228,.F.);
#12302 = ORIENTED_EDGE('',*,*,#12303,.F.);
#12303 = EDGE_CURVE('',#12304,#12206,#12306,.T.);
#12304 = VERTEX_POINT('',#12305);
#12305 = CARTESIAN_POINT('',(-19.14728683326,47.617601508795,58.2));
#12306 = SURFACE_CURVE('',#12307,(#12312,#12319),.PCURVE_S1.);
#12307 = CIRCLE('',#12308,19.284210105952);
#12308 = AXIS2_PLACEMENT_3D('',#12309,#12310,#12311);
#12309 = CARTESIAN_POINT('',(1.59960933388E-12,49.91154273188,58.2));
#12310 = DIRECTION('',(5.947623346206E-16,1.110223024625E-16,1.));
#12311 = DIRECTION('',(1.,-9.42935300772E-31,-5.947623346206E-16));
#12312 = PCURVE('',#2211,#12313);
#12313 = DEFINITIONAL_REPRESENTATION('',(#12314),#12318);
#12314 = LINE('',#12315,#12316);
#12315 = CARTESIAN_POINT('',(9.424777960769,1.));
#12316 = VECTOR('',#12317,1.);
#12317 = DIRECTION('',(-1.,0.));
#12318 = ( GEOMETRIC_REPRESENTATION_CONTEXT(2) 
PARAMETRIC_REPRESENTATION_CONTEXT() REPRESENTATION_CONTEXT('2D SPACE',''
  ) );
#12319 = PCURVE('',#5740,#12320);
#12320 = DEFINITIONAL_REPRESENTATION('',(#12321),#12325);
#12321 = LINE('',#12322,#12323);
#12322 = CARTESIAN_POINT('',(9.424777960769,1.));
#12323 = VECTOR('',#12324,1.);
#12324 = DIRECTION('',(-1.,-2.489383946701E-14));
#12325 = ( GEOMETRIC_REPRESENTATION_CONTEXT(2) 
PARAMETRIC_REPRESENTATION_CONTEXT() REPRESENTATION_CONTEXT('2D SPACE',''
  ) );
#12326 = ORIENTED_EDGE('',*,*,#12327,.T.);
#12327 = EDGE_CURVE('',#12304,#2167,#12328,.T.);
#12328 = SURFACE_CURVE('',#12329,(#12333,#12340),.PCURVE_S1.);
#12329 = LINE('',#12330,#12331);
#12330 = CARTESIAN_POINT('',(-19.14728683326,47.617601508795,59.2));
#12331 = VECTOR('',#12332,1.);
#12332 = DIRECTION('',(-5.947623346206E-16,-1.110223024625E-16,-1.));
#12333 = PCURVE('',#2211,#12334);
#12334 = DEFINITIONAL_REPRESENTATION('',(#12335),#12339);
#12335 = LINE('',#12336,#12337);
#12336 = CARTESIAN_POINT('',(6.163948590474,0.));
#12337 = VECTOR('',#12338,1.);
#12338 = DIRECTION('',(0.,1.));
#12339 = ( GEOMETRIC_REPRESENTATION_CONTEXT(2) 
PARAMETRIC_REPRESENTATION_CONTEXT() REPRESENTATION_CONTEXT('2D SPACE',''
  ) );
#12340 = PCURVE('',#2182,#12341);
#12341 = DEFINITIONAL_REPRESENTATION('',(#12342),#12346);
#12342 = LINE('',#12343,#12344);
#12343 = CARTESIAN_POINT('',(0.515902684074,2.85882428841E-15));
#12344 = VECTOR('',#12345,1.);
#12345 = DIRECTION('',(-5.551115123126E-17,-1.));
#12346 = ( GEOMETRIC_REPRESENTATION_CONTEXT(2) 
PARAMETRIC_REPRESENTATION_CONTEXT() REPRESENTATION_CONTEXT('2D SPACE',''
  ) );
#12347 = ORIENTED_EDGE('',*,*,#2194,.T.);
#12348 = ADVANCED_FACE('',(#12349),#1871,.T.);
#12349 = FACE_BOUND('',#12350,.T.);
#12350 = EDGE_LOOP('',(#12351,#12374,#12396,#12397));
#12351 = ORIENTED_EDGE('',*,*,#12352,.F.);
#12352 = EDGE_CURVE('',#12353,#1855,#12355,.T.);
#12353 = VERTEX_POINT('',#12354);
#12354 = CARTESIAN_POINT('',(-17.50128509012,58.010047507745,58.2));
#12355 = SURFACE_CURVE('',#12356,(#12360,#12367),.PCURVE_S1.);
#12356 = LINE('',#12357,#12358);
#12357 = CARTESIAN_POINT('',(-17.50128509012,58.010047507745,59.2));
#12358 = VECTOR('',#12359,1.);
#12359 = DIRECTION('',(-5.947623346206E-16,-1.110223024625E-16,-1.));
#12360 = PCURVE('',#1871,#12361);
#12361 = DEFINITIONAL_REPRESENTATION('',(#12362),#12366);
#12362 = LINE('',#12363,#12364);
#12363 = CARTESIAN_POINT('',(0.433395982065,0.));
#12364 = VECTOR('',#12365,1.);
#12365 = DIRECTION('',(0.,1.));
#12366 = ( GEOMETRIC_REPRESENTATION_CONTEXT(2) 
PARAMETRIC_REPRESENTATION_CONTEXT() REPRESENTATION_CONTEXT('2D SPACE',''
  ) );
#12367 = PCURVE('',#1899,#12368);
#12368 = DEFINITIONAL_REPRESENTATION('',(#12369),#12373);
#12369 = LINE('',#12370,#12371);
#12370 = CARTESIAN_POINT('',(0.515902684074,-2.331468351713E-15));
#12371 = VECTOR('',#12372,1.);
#12372 = DIRECTION('',(-5.551115123126E-17,-1.));
#12373 = ( GEOMETRIC_REPRESENTATION_CONTEXT(2) 
PARAMETRIC_REPRESENTATION_CONTEXT() REPRESENTATION_CONTEXT('2D SPACE',''
  ) );
#12374 = ORIENTED_EDGE('',*,*,#12375,.F.);
#12375 = EDGE_CURVE('',#12254,#12353,#12376,.T.);
#12376 = SURFACE_CURVE('',#12377,(#12382,#12389),.PCURVE_S1.);
#12377 = CIRCLE('',#12378,19.284210105952);
#12378 = AXIS2_PLACEMENT_3D('',#12379,#12380,#12381);
#12379 = CARTESIAN_POINT('',(1.45217171621E-12,49.911542731879,58.2));
#12380 = DIRECTION('',(5.947623346206E-16,1.110223024625E-16,1.));
#12381 = DIRECTION('',(1.,-9.42935300772E-31,-5.947623346206E-16));
#12382 = PCURVE('',#1871,#12383);
#12383 = DEFINITIONAL_REPRESENTATION('',(#12384),#12388);
#12384 = LINE('',#12385,#12386);
#12385 = CARTESIAN_POINT('',(3.14159265359,1.));
#12386 = VECTOR('',#12387,1.);
#12387 = DIRECTION('',(-1.,0.));
#12388 = ( GEOMETRIC_REPRESENTATION_CONTEXT(2) 
PARAMETRIC_REPRESENTATION_CONTEXT() REPRESENTATION_CONTEXT('2D SPACE',''
  ) );
#12389 = PCURVE('',#5400,#12390);
#12390 = DEFINITIONAL_REPRESENTATION('',(#12391),#12395);
#12391 = LINE('',#12392,#12393);
#12392 = CARTESIAN_POINT('',(3.14159265359,1.));
#12393 = VECTOR('',#12394,1.);
#12394 = DIRECTION('',(-1.,0.));
#12395 = ( GEOMETRIC_REPRESENTATION_CONTEXT(2) 
PARAMETRIC_REPRESENTATION_CONTEXT() REPRESENTATION_CONTEXT('2D SPACE',''
  ) );
#12396 = ORIENTED_EDGE('',*,*,#12253,.T.);
#12397 = ORIENTED_EDGE('',*,*,#1854,.T.);
#12398 = ADVANCED_FACE('',(#12399),#2182,.T.);
#12399 = FACE_BOUND('',#12400,.T.);
#12400 = EDGE_LOOP('',(#12401,#12402,#12425,#12446));
#12401 = ORIENTED_EDGE('',*,*,#12327,.F.);
#12402 = ORIENTED_EDGE('',*,*,#12403,.T.);
#12403 = EDGE_CURVE('',#12304,#12404,#12406,.T.);
#12404 = VERTEX_POINT('',#12405);
#12405 = CARTESIAN_POINT('',(-18.54080685463,48.452349586515,58.2));
#12406 = SURFACE_CURVE('',#12407,(#12411,#12418),.PCURVE_S1.);
#12407 = LINE('',#12408,#12409);
#12408 = CARTESIAN_POINT('',(-18.84404684395,48.034975547655,58.2));
#12409 = VECTOR('',#12410,1.);
#12410 = DIRECTION('',(0.587785252292,0.809016994375,-3.885780586188E-16
    ));
#12411 = PCURVE('',#2182,#12412);
#12412 = DEFINITIONAL_REPRESENTATION('',(#12413),#12417);
#12413 = LINE('',#12414,#12415);
#12414 = CARTESIAN_POINT('',(4.440892098501E-16,-1.));
#12415 = VECTOR('',#12416,1.);
#12416 = DIRECTION('',(-1.,0.));
#12417 = ( GEOMETRIC_REPRESENTATION_CONTEXT(2) 
PARAMETRIC_REPRESENTATION_CONTEXT() REPRESENTATION_CONTEXT('2D SPACE',''
  ) );
#12418 = PCURVE('',#5711,#12419);
#12419 = DEFINITIONAL_REPRESENTATION('',(#12420),#12424);
#12420 = LINE('',#12421,#12422);
#12421 = CARTESIAN_POINT('',(0.,0.));
#12422 = VECTOR('',#12423,1.);
#12423 = DIRECTION('',(1.,-2.775557561563E-16));
#12424 = ( GEOMETRIC_REPRESENTATION_CONTEXT(2) 
PARAMETRIC_REPRESENTATION_CONTEXT() REPRESENTATION_CONTEXT('2D SPACE',''
  ) );
#12425 = ORIENTED_EDGE('',*,*,#12426,.T.);
#12426 = EDGE_CURVE('',#12404,#2139,#12427,.T.);
#12427 = SURFACE_CURVE('',#12428,(#12432,#12439),.PCURVE_S1.);
#12428 = LINE('',#12429,#12430);
#12429 = CARTESIAN_POINT('',(-18.54080685463,48.452349586515,59.2));
#12430 = VECTOR('',#12431,1.);
#12431 = DIRECTION('',(-5.947623346206E-16,-1.110223024625E-16,-1.));
#12432 = PCURVE('',#2182,#12433);
#12433 = DEFINITIONAL_REPRESENTATION('',(#12434),#12438);
#12434 = LINE('',#12435,#12436);
#12435 = CARTESIAN_POINT('',(-0.515902684074,-1.08246744901E-15));
#12436 = VECTOR('',#12437,1.);
#12437 = DIRECTION('',(-5.551115123126E-17,-1.));
#12438 = ( GEOMETRIC_REPRESENTATION_CONTEXT(2) 
PARAMETRIC_REPRESENTATION_CONTEXT() REPRESENTATION_CONTEXT('2D SPACE',''
  ) );
#12439 = PCURVE('',#2154,#12440);
#12440 = DEFINITIONAL_REPRESENTATION('',(#12441),#12445);
#12441 = LINE('',#12442,#12443);
#12442 = CARTESIAN_POINT('',(-0.515902684074,-2.498001805407E-15));
#12443 = VECTOR('',#12444,1.);
#12444 = DIRECTION('',(5.551115123126E-17,-1.));
#12445 = ( GEOMETRIC_REPRESENTATION_CONTEXT(2) 
PARAMETRIC_REPRESENTATION_CONTEXT() REPRESENTATION_CONTEXT('2D SPACE',''
  ) );
#12446 = ORIENTED_EDGE('',*,*,#2166,.F.);
#12447 = ADVANCED_FACE('',(#12448),#1899,.F.);
#12448 = FACE_BOUND('',#12449,.T.);
#12449 = EDGE_LOOP('',(#12450,#12473,#12494,#12495));
#12450 = ORIENTED_EDGE('',*,*,#12451,.F.);
#12451 = EDGE_CURVE('',#12452,#1884,#12454,.T.);
#12452 = VERTEX_POINT('',#12453);
#12453 = CARTESIAN_POINT('',(-17.18243969647,57.028742288819,58.2));
#12454 = SURFACE_CURVE('',#12455,(#12459,#12466),.PCURVE_S1.);
#12455 = LINE('',#12456,#12457);
#12456 = CARTESIAN_POINT('',(-17.18243969647,57.028742288819,59.2));
#12457 = VECTOR('',#12458,1.);
#12458 = DIRECTION('',(-5.947623346206E-16,-1.110223024625E-16,-1.));
#12459 = PCURVE('',#1899,#12460);
#12460 = DEFINITIONAL_REPRESENTATION('',(#12461),#12465);
#12461 = LINE('',#12462,#12463);
#12462 = CARTESIAN_POINT('',(-0.515902684074,3.996802888651E-15));
#12463 = VECTOR('',#12464,1.);
#12464 = DIRECTION('',(-5.551115123126E-17,-1.));
#12465 = ( GEOMETRIC_REPRESENTATION_CONTEXT(2) 
PARAMETRIC_REPRESENTATION_CONTEXT() REPRESENTATION_CONTEXT('2D SPACE',''
  ) );
#12466 = PCURVE('',#1927,#12467);
#12467 = DEFINITIONAL_REPRESENTATION('',(#12468),#12472);
#12468 = LINE('',#12469,#12470);
#12469 = CARTESIAN_POINT('',(-0.515902684074,2.955968803064E-15));
#12470 = VECTOR('',#12471,1.);
#12471 = DIRECTION('',(2.775557561563E-17,-1.));
#12472 = ( GEOMETRIC_REPRESENTATION_CONTEXT(2) 
PARAMETRIC_REPRESENTATION_CONTEXT() REPRESENTATION_CONTEXT('2D SPACE',''
  ) );
#12473 = ORIENTED_EDGE('',*,*,#12474,.T.);
#12474 = EDGE_CURVE('',#12452,#12353,#12475,.T.);
#12475 = SURFACE_CURVE('',#12476,(#12480,#12487),.PCURVE_S1.);
#12476 = LINE('',#12477,#12478);
#12477 = CARTESIAN_POINT('',(-17.50128509012,58.010047507745,58.2));
#12478 = VECTOR('',#12479,1.);
#12479 = DIRECTION('',(-0.309016994375,0.951056516295,1.110223024625E-16
    ));
#12480 = PCURVE('',#1899,#12481);
#12481 = DEFINITIONAL_REPRESENTATION('',(#12482),#12486);
#12482 = LINE('',#12483,#12484);
#12483 = CARTESIAN_POINT('',(0.515902684074,-1.));
#12484 = VECTOR('',#12485,1.);
#12485 = DIRECTION('',(1.,0.));
#12486 = ( GEOMETRIC_REPRESENTATION_CONTEXT(2) 
PARAMETRIC_REPRESENTATION_CONTEXT() REPRESENTATION_CONTEXT('2D SPACE',''
  ) );
#12487 = PCURVE('',#5428,#12488);
#12488 = DEFINITIONAL_REPRESENTATION('',(#12489),#12493);
#12489 = LINE('',#12490,#12491);
#12490 = CARTESIAN_POINT('',(13.110330255582,1.414213562373));
#12491 = VECTOR('',#12492,1.);
#12492 = DIRECTION('',(1.,-3.330669073875E-16));
#12493 = ( GEOMETRIC_REPRESENTATION_CONTEXT(2) 
PARAMETRIC_REPRESENTATION_CONTEXT() REPRESENTATION_CONTEXT('2D SPACE',''
  ) );
#12494 = ORIENTED_EDGE('',*,*,#12352,.T.);
#12495 = ORIENTED_EDGE('',*,*,#1883,.T.);
#12496 = ADVANCED_FACE('',(#12497),#2154,.F.);
#12497 = FACE_BOUND('',#12498,.T.);
#12498 = EDGE_LOOP('',(#12499,#12500,#12523,#12544));
#12499 = ORIENTED_EDGE('',*,*,#12426,.F.);
#12500 = ORIENTED_EDGE('',*,*,#12501,.T.);
#12501 = EDGE_CURVE('',#12404,#12502,#12504,.T.);
#12502 = VERTEX_POINT('',#12503);
#12503 = CARTESIAN_POINT('',(-19.27040342731,49.181946159197,58.2));
#12504 = SURFACE_CURVE('',#12505,(#12509,#12516),.PCURVE_S1.);
#12505 = LINE('',#12506,#12507);
#12506 = CARTESIAN_POINT('',(-19.27040342731,49.181946159197,58.2));
#12507 = VECTOR('',#12508,1.);
#12508 = DIRECTION('',(-0.707106781187,0.707106781187,3.885780586188E-16
    ));
#12509 = PCURVE('',#2154,#12510);
#12510 = DEFINITIONAL_REPRESENTATION('',(#12511),#12515);
#12511 = LINE('',#12512,#12513);
#12512 = CARTESIAN_POINT('',(0.515902684074,-1.));
#12513 = VECTOR('',#12514,1.);
#12514 = DIRECTION('',(1.,5.551115123126E-17));
#12515 = ( GEOMETRIC_REPRESENTATION_CONTEXT(2) 
PARAMETRIC_REPRESENTATION_CONTEXT() REPRESENTATION_CONTEXT('2D SPACE',''
  ) );
#12516 = PCURVE('',#5683,#12517);
#12517 = DEFINITIONAL_REPRESENTATION('',(#12518),#12522);
#12518 = LINE('',#12519,#12520);
#12519 = CARTESIAN_POINT('',(13.110330255582,1.414213562373));
#12520 = VECTOR('',#12521,1.);
#12521 = DIRECTION('',(1.,-4.996003610813E-16));
#12522 = ( GEOMETRIC_REPRESENTATION_CONTEXT(2) 
PARAMETRIC_REPRESENTATION_CONTEXT() REPRESENTATION_CONTEXT('2D SPACE',''
  ) );
#12523 = ORIENTED_EDGE('',*,*,#12524,.T.);
#12524 = EDGE_CURVE('',#12502,#2110,#12525,.T.);
#12525 = SURFACE_CURVE('',#12526,(#12530,#12537),.PCURVE_S1.);
#12526 = LINE('',#12527,#12528);
#12527 = CARTESIAN_POINT('',(-19.27040342731,49.181946159197,59.2));
#12528 = VECTOR('',#12529,1.);
#12529 = DIRECTION('',(-5.947623346206E-16,-1.110223024625E-16,-1.));
#12530 = PCURVE('',#2154,#12531);
#12531 = DEFINITIONAL_REPRESENTATION('',(#12532),#12536);
#12532 = LINE('',#12533,#12534);
#12533 = CARTESIAN_POINT('',(0.515902684074,9.71445146547E-16));
#12534 = VECTOR('',#12535,1.);
#12535 = DIRECTION('',(5.551115123126E-17,-1.));
#12536 = ( GEOMETRIC_REPRESENTATION_CONTEXT(2) 
PARAMETRIC_REPRESENTATION_CONTEXT() REPRESENTATION_CONTEXT('2D SPACE',''
  ) );
#12537 = PCURVE('',#2126,#12538);
#12538 = DEFINITIONAL_REPRESENTATION('',(#12539),#12543);
#12539 = LINE('',#12540,#12541);
#12540 = CARTESIAN_POINT('',(6.245342391206,0.));
#12541 = VECTOR('',#12542,1.);
#12542 = DIRECTION('',(0.,1.));
#12543 = ( GEOMETRIC_REPRESENTATION_CONTEXT(2) 
PARAMETRIC_REPRESENTATION_CONTEXT() REPRESENTATION_CONTEXT('2D SPACE',''
  ) );
#12544 = ORIENTED_EDGE('',*,*,#2138,.T.);
#12545 = ADVANCED_FACE('',(#12546),#1927,.T.);
#12546 = FACE_BOUND('',#12547,.T.);
#12547 = EDGE_LOOP('',(#12548,#12571,#12592,#12593));
#12548 = ORIENTED_EDGE('',*,*,#12549,.F.);
#12549 = EDGE_CURVE('',#12550,#1912,#12552,.T.);
#12550 = VERTEX_POINT('',#12551);
#12551 = CARTESIAN_POINT('',(-18.10178501119,56.560312454099,58.2));
#12552 = SURFACE_CURVE('',#12553,(#12557,#12564),.PCURVE_S1.);
#12553 = LINE('',#12554,#12555);
#12554 = CARTESIAN_POINT('',(-18.10178501119,56.560312454099,59.2));
#12555 = VECTOR('',#12556,1.);
#12556 = DIRECTION('',(-5.947623346206E-16,-1.110223024625E-16,-1.));
#12557 = PCURVE('',#1927,#12558);
#12558 = DEFINITIONAL_REPRESENTATION('',(#12559),#12563);
#12559 = LINE('',#12560,#12561);
#12560 = CARTESIAN_POINT('',(0.515902684074,-2.955968803064E-15));
#12561 = VECTOR('',#12562,1.);
#12562 = DIRECTION('',(2.775557561563E-17,-1.));
#12563 = ( GEOMETRIC_REPRESENTATION_CONTEXT(2) 
PARAMETRIC_REPRESENTATION_CONTEXT() REPRESENTATION_CONTEXT('2D SPACE',''
  ) );
#12564 = PCURVE('',#1956,#12565);
#12565 = DEFINITIONAL_REPRESENTATION('',(#12566),#12570);
#12566 = LINE('',#12567,#12568);
#12567 = CARTESIAN_POINT('',(0.352002181333,0.));
#12568 = VECTOR('',#12569,1.);
#12569 = DIRECTION('',(0.,1.));
#12570 = ( GEOMETRIC_REPRESENTATION_CONTEXT(2) 
PARAMETRIC_REPRESENTATION_CONTEXT() REPRESENTATION_CONTEXT('2D SPACE',''
  ) );
#12571 = ORIENTED_EDGE('',*,*,#12572,.T.);
#12572 = EDGE_CURVE('',#12550,#12452,#12573,.T.);
#12573 = SURFACE_CURVE('',#12574,(#12578,#12585),.PCURVE_S1.);
#12574 = LINE('',#12575,#12576);
#12575 = CARTESIAN_POINT('',(-17.64211235383,56.794527371459,58.2));
#12576 = VECTOR('',#12577,1.);
#12577 = DIRECTION('',(0.891006524188,0.45399049974,-5.828670879282E-16)
  );
#12578 = PCURVE('',#1927,#12579);
#12579 = DEFINITIONAL_REPRESENTATION('',(#12580),#12584);
#12580 = LINE('',#12581,#12582);
#12581 = CARTESIAN_POINT('',(2.498001805407E-16,-1.));
#12582 = VECTOR('',#12583,1.);
#12583 = DIRECTION('',(-1.,0.));
#12584 = ( GEOMETRIC_REPRESENTATION_CONTEXT(2) 
PARAMETRIC_REPRESENTATION_CONTEXT() REPRESENTATION_CONTEXT('2D SPACE',''
  ) );
#12585 = PCURVE('',#5456,#12586);
#12586 = DEFINITIONAL_REPRESENTATION('',(#12587),#12591);
#12587 = LINE('',#12588,#12589);
#12588 = CARTESIAN_POINT('',(0.,0.));
#12589 = VECTOR('',#12590,1.);
#12590 = DIRECTION('',(1.,-4.718447854657E-16));
#12591 = ( GEOMETRIC_REPRESENTATION_CONTEXT(2) 
PARAMETRIC_REPRESENTATION_CONTEXT() REPRESENTATION_CONTEXT('2D SPACE',''
  ) );
#12592 = ORIENTED_EDGE('',*,*,#12451,.T.);
#12593 = ORIENTED_EDGE('',*,*,#1911,.F.);
#12594 = ADVANCED_FACE('',(#12595),#2126,.T.);
#12595 = FACE_BOUND('',#12596,.T.);
#12596 = EDGE_LOOP('',(#12597,#12598,#12622,#12643));
#12597 = ORIENTED_EDGE('',*,*,#12524,.F.);
#12598 = ORIENTED_EDGE('',*,*,#12599,.F.);
#12599 = EDGE_CURVE('',#12600,#12502,#12602,.T.);
#12600 = VERTEX_POINT('',#12601);
#12601 = CARTESIAN_POINT('',(-19.27040342731,50.641139304563,58.2));
#12602 = SURFACE_CURVE('',#12603,(#12608,#12615),.PCURVE_S1.);
#12603 = CIRCLE('',#12604,19.284210105954);
#12604 = AXIS2_PLACEMENT_3D('',#12605,#12606,#12607);
#12605 = CARTESIAN_POINT('',(3.545608251443E-12,49.91154273188,58.2));
#12606 = DIRECTION('',(5.947623346206E-16,1.110223024625E-16,1.));
#12607 = DIRECTION('',(1.,-9.42935300772E-31,-5.947623346206E-16));
#12608 = PCURVE('',#2126,#12609);
#12609 = DEFINITIONAL_REPRESENTATION('',(#12610),#12614);
#12610 = LINE('',#12611,#12612);
#12611 = CARTESIAN_POINT('',(9.424777960769,1.));
#12612 = VECTOR('',#12613,1.);
#12613 = DIRECTION('',(-1.,0.));
#12614 = ( GEOMETRIC_REPRESENTATION_CONTEXT(2) 
PARAMETRIC_REPRESENTATION_CONTEXT() REPRESENTATION_CONTEXT('2D SPACE',''
  ) );
#12615 = PCURVE('',#5655,#12616);
#12616 = DEFINITIONAL_REPRESENTATION('',(#12617),#12621);
#12617 = LINE('',#12618,#12619);
#12618 = CARTESIAN_POINT('',(3.14159265359,1.));
#12619 = VECTOR('',#12620,1.);
#12620 = DIRECTION('',(-1.,0.));
#12621 = ( GEOMETRIC_REPRESENTATION_CONTEXT(2) 
PARAMETRIC_REPRESENTATION_CONTEXT() REPRESENTATION_CONTEXT('2D SPACE',''
  ) );
#12622 = ORIENTED_EDGE('',*,*,#12623,.T.);
#12623 = EDGE_CURVE('',#12600,#2082,#12624,.T.);
#12624 = SURFACE_CURVE('',#12625,(#12629,#12636),.PCURVE_S1.);
#12625 = LINE('',#12626,#12627);
#12626 = CARTESIAN_POINT('',(-19.27040342731,50.641139304563,59.2));
#12627 = VECTOR('',#12628,1.);
#12628 = DIRECTION('',(-5.947623346206E-16,-1.110223024625E-16,-1.));
#12629 = PCURVE('',#2126,#12630);
#12630 = DEFINITIONAL_REPRESENTATION('',(#12631),#12635);
#12631 = LINE('',#12632,#12633);
#12632 = CARTESIAN_POINT('',(6.321028223153,0.));
#12633 = VECTOR('',#12634,1.);
#12634 = DIRECTION('',(0.,1.));
#12635 = ( GEOMETRIC_REPRESENTATION_CONTEXT(2) 
PARAMETRIC_REPRESENTATION_CONTEXT() REPRESENTATION_CONTEXT('2D SPACE',''
  ) );
#12636 = PCURVE('',#2097,#12637);
#12637 = DEFINITIONAL_REPRESENTATION('',(#12638),#12642);
#12638 = LINE('',#12639,#12640);
#12639 = CARTESIAN_POINT('',(0.515902684074,-5.551115123126E-16));
#12640 = VECTOR('',#12641,1.);
#12641 = DIRECTION('',(-5.551115123126E-17,-1.));
#12642 = ( GEOMETRIC_REPRESENTATION_CONTEXT(2) 
PARAMETRIC_REPRESENTATION_CONTEXT() REPRESENTATION_CONTEXT('2D SPACE',''
  ) );
#12643 = ORIENTED_EDGE('',*,*,#2109,.T.);
#12644 = ADVANCED_FACE('',(#12645),#1956,.T.);
#12645 = FACE_BOUND('',#12646,.T.);
#12646 = EDGE_LOOP('',(#12647,#12670,#12692,#12693));
#12647 = ORIENTED_EDGE('',*,*,#12648,.F.);
#12648 = EDGE_CURVE('',#12649,#1940,#12651,.T.);
#12649 = VERTEX_POINT('',#12650);
#12650 = CARTESIAN_POINT('',(-18.55270049118,55.172537304666,58.2));
#12651 = SURFACE_CURVE('',#12652,(#12656,#12663),.PCURVE_S1.);
#12652 = LINE('',#12653,#12654);
#12653 = CARTESIAN_POINT('',(-18.55270049118,55.172537304666,59.2));
#12654 = VECTOR('',#12655,1.);
#12655 = DIRECTION('',(-5.947623346206E-16,-1.110223024625E-16,-1.));
#12656 = PCURVE('',#1956,#12657);
#12657 = DEFINITIONAL_REPRESENTATION('',(#12658),#12662);
#12658 = LINE('',#12659,#12660);
#12659 = CARTESIAN_POINT('',(0.276316349385,0.));
#12660 = VECTOR('',#12661,1.);
#12661 = DIRECTION('',(0.,1.));
#12662 = ( GEOMETRIC_REPRESENTATION_CONTEXT(2) 
PARAMETRIC_REPRESENTATION_CONTEXT() REPRESENTATION_CONTEXT('2D SPACE',''
  ) );
#12663 = PCURVE('',#1984,#12664);
#12664 = DEFINITIONAL_REPRESENTATION('',(#12665),#12669);
#12665 = LINE('',#12666,#12667);
#12666 = CARTESIAN_POINT('',(0.515902684074,-1.554312234475E-15));
#12667 = VECTOR('',#12668,1.);
#12668 = DIRECTION('',(0.,-1.));
#12669 = ( GEOMETRIC_REPRESENTATION_CONTEXT(2) 
PARAMETRIC_REPRESENTATION_CONTEXT() REPRESENTATION_CONTEXT('2D SPACE',''
  ) );
#12670 = ORIENTED_EDGE('',*,*,#12671,.F.);
#12671 = EDGE_CURVE('',#12550,#12649,#12672,.T.);
#12672 = SURFACE_CURVE('',#12673,(#12678,#12685),.PCURVE_S1.);
#12673 = CIRCLE('',#12674,19.284210105951);
#12674 = AXIS2_PLACEMENT_3D('',#12675,#12676,#12677);
#12675 = CARTESIAN_POINT('',(3.943512183469E-13,49.91154273188,58.2));
#12676 = DIRECTION('',(5.947623346206E-16,1.110223024625E-16,1.));
#12677 = DIRECTION('',(1.,-9.42935300772E-31,-5.947623346206E-16));
#12678 = PCURVE('',#1956,#12679);
#12679 = DEFINITIONAL_REPRESENTATION('',(#12680),#12684);
#12680 = LINE('',#12681,#12682);
#12681 = CARTESIAN_POINT('',(3.14159265359,1.));
#12682 = VECTOR('',#12683,1.);
#12683 = DIRECTION('',(-1.,0.));
#12684 = ( GEOMETRIC_REPRESENTATION_CONTEXT(2) 
PARAMETRIC_REPRESENTATION_CONTEXT() REPRESENTATION_CONTEXT('2D SPACE',''
  ) );
#12685 = PCURVE('',#5485,#12686);
#12686 = DEFINITIONAL_REPRESENTATION('',(#12687),#12691);
#12687 = LINE('',#12688,#12689);
#12688 = CARTESIAN_POINT('',(3.14159265359,1.));
#12689 = VECTOR('',#12690,1.);
#12690 = DIRECTION('',(-1.,0.));
#12691 = ( GEOMETRIC_REPRESENTATION_CONTEXT(2) 
PARAMETRIC_REPRESENTATION_CONTEXT() REPRESENTATION_CONTEXT('2D SPACE',''
  ) );
#12692 = ORIENTED_EDGE('',*,*,#12549,.T.);
#12693 = ORIENTED_EDGE('',*,*,#1939,.T.);
#12694 = ADVANCED_FACE('',(#12695),#2097,.T.);
#12695 = FACE_BOUND('',#12696,.T.);
#12696 = EDGE_LOOP('',(#12697,#12698,#12721,#12742));
#12697 = ORIENTED_EDGE('',*,*,#12623,.F.);
#12698 = ORIENTED_EDGE('',*,*,#12699,.T.);
#12699 = EDGE_CURVE('',#12600,#12700,#12702,.T.);
#12700 = VERTEX_POINT('',#12701);
#12701 = CARTESIAN_POINT('',(-18.54080685463,51.370735877245,58.2));
#12702 = SURFACE_CURVE('',#12703,(#12707,#12714),.PCURVE_S1.);
#12703 = LINE('',#12704,#12705);
#12704 = CARTESIAN_POINT('',(-18.90560514097,51.005937590904,58.2));
#12705 = VECTOR('',#12706,1.);
#12706 = DIRECTION('',(0.707106781187,0.707106781187,-4.996003610813E-16
    ));
#12707 = PCURVE('',#2097,#12708);
#12708 = DEFINITIONAL_REPRESENTATION('',(#12709),#12713);
#12709 = LINE('',#12710,#12711);
#12710 = CARTESIAN_POINT('',(-8.881784197001E-16,-1.));
#12711 = VECTOR('',#12712,1.);
#12712 = DIRECTION('',(-1.,0.));
#12713 = ( GEOMETRIC_REPRESENTATION_CONTEXT(2) 
PARAMETRIC_REPRESENTATION_CONTEXT() REPRESENTATION_CONTEXT('2D SPACE',''
  ) );
#12714 = PCURVE('',#5626,#12715);
#12715 = DEFINITIONAL_REPRESENTATION('',(#12716),#12720);
#12716 = LINE('',#12717,#12718);
#12717 = CARTESIAN_POINT('',(0.,0.));
#12718 = VECTOR('',#12719,1.);
#12719 = DIRECTION('',(1.,-3.330669073875E-16));
#12720 = ( GEOMETRIC_REPRESENTATION_CONTEXT(2) 
PARAMETRIC_REPRESENTATION_CONTEXT() REPRESENTATION_CONTEXT('2D SPACE',''
  ) );
#12721 = ORIENTED_EDGE('',*,*,#12722,.T.);
#12722 = EDGE_CURVE('',#12700,#2054,#12723,.T.);
#12723 = SURFACE_CURVE('',#12724,(#12728,#12735),.PCURVE_S1.);
#12724 = LINE('',#12725,#12726);
#12725 = CARTESIAN_POINT('',(-18.54080685463,51.370735877245,59.2));
#12726 = VECTOR('',#12727,1.);
#12727 = DIRECTION('',(-5.947623346206E-16,-1.110223024625E-16,-1.));
#12728 = PCURVE('',#2097,#12729);
#12729 = DEFINITIONAL_REPRESENTATION('',(#12730),#12734);
#12730 = LINE('',#12731,#12732);
#12731 = CARTESIAN_POINT('',(-0.515902684074,-2.303712776097E-15));
#12732 = VECTOR('',#12733,1.);
#12733 = DIRECTION('',(-5.551115123126E-17,-1.));
#12734 = ( GEOMETRIC_REPRESENTATION_CONTEXT(2) 
PARAMETRIC_REPRESENTATION_CONTEXT() REPRESENTATION_CONTEXT('2D SPACE',''
  ) );
#12735 = PCURVE('',#2069,#12736);
#12736 = DEFINITIONAL_REPRESENTATION('',(#12737),#12741);
#12737 = LINE('',#12738,#12739);
#12738 = CARTESIAN_POINT('',(-0.515902684074,-6.383782391595E-16));
#12739 = VECTOR('',#12740,1.);
#12740 = DIRECTION('',(0.,-1.));
#12741 = ( GEOMETRIC_REPRESENTATION_CONTEXT(2) 
PARAMETRIC_REPRESENTATION_CONTEXT() REPRESENTATION_CONTEXT('2D SPACE',''
  ) );
#12742 = ORIENTED_EDGE('',*,*,#2081,.F.);
#12743 = ADVANCED_FACE('',(#12744),#1984,.F.);
#12744 = FACE_BOUND('',#12745,.T.);
#12745 = EDGE_LOOP('',(#12746,#12769,#12790,#12791));
#12746 = ORIENTED_EDGE('',*,*,#12747,.F.);
#12747 = EDGE_CURVE('',#12748,#1969,#12750,.T.);
#12748 = VERTEX_POINT('',#12749);
#12749 = CARTESIAN_POINT('',(-18.08427065646,54.253191989953,58.2));
#12750 = SURFACE_CURVE('',#12751,(#12755,#12762),.PCURVE_S1.);
#12751 = LINE('',#12752,#12753);
#12752 = CARTESIAN_POINT('',(-18.08427065646,54.253191989953,59.2));
#12753 = VECTOR('',#12754,1.);
#12754 = DIRECTION('',(-5.947623346206E-16,-1.110223024625E-16,-1.));
#12755 = PCURVE('',#1984,#12756);
#12756 = DEFINITIONAL_REPRESENTATION('',(#12757),#12761);
#12757 = LINE('',#12758,#12759);
#12758 = CARTESIAN_POINT('',(-0.515902684074,1.554312234475E-15));
#12759 = VECTOR('',#12760,1.);
#12760 = DIRECTION('',(0.,-1.));
#12761 = ( GEOMETRIC_REPRESENTATION_CONTEXT(2) 
PARAMETRIC_REPRESENTATION_CONTEXT() REPRESENTATION_CONTEXT('2D SPACE',''
  ) );
#12762 = PCURVE('',#2012,#12763);
#12763 = DEFINITIONAL_REPRESENTATION('',(#12764),#12768);
#12764 = LINE('',#12765,#12766);
#12765 = CARTESIAN_POINT('',(-0.515902684074,-5.96744875736E-15));
#12766 = VECTOR('',#12767,1.);
#12767 = DIRECTION('',(5.551115123126E-17,-1.));
#12768 = ( GEOMETRIC_REPRESENTATION_CONTEXT(2) 
PARAMETRIC_REPRESENTATION_CONTEXT() REPRESENTATION_CONTEXT('2D SPACE',''
  ) );
#12769 = ORIENTED_EDGE('',*,*,#12770,.T.);
#12770 = EDGE_CURVE('',#12748,#12649,#12771,.T.);
#12771 = SURFACE_CURVE('',#12772,(#12776,#12783),.PCURVE_S1.);
#12772 = LINE('',#12773,#12774);
#12773 = CARTESIAN_POINT('',(-18.55270049118,55.172537304666,58.2));
#12774 = VECTOR('',#12775,1.);
#12775 = DIRECTION('',(-0.45399049974,0.891006524188,1.110223024625E-16)
  );
#12776 = PCURVE('',#1984,#12777);
#12777 = DEFINITIONAL_REPRESENTATION('',(#12778),#12782);
#12778 = LINE('',#12779,#12780);
#12779 = CARTESIAN_POINT('',(0.515902684074,-1.));
#12780 = VECTOR('',#12781,1.);
#12781 = DIRECTION('',(1.,0.));
#12782 = ( GEOMETRIC_REPRESENTATION_CONTEXT(2) 
PARAMETRIC_REPRESENTATION_CONTEXT() REPRESENTATION_CONTEXT('2D SPACE',''
  ) );
#12783 = PCURVE('',#5513,#12784);
#12784 = DEFINITIONAL_REPRESENTATION('',(#12785),#12789);
#12785 = LINE('',#12786,#12787);
#12786 = CARTESIAN_POINT('',(13.110330255582,1.414213562373));
#12787 = VECTOR('',#12788,1.);
#12788 = DIRECTION('',(1.,-4.718447854657E-16));
#12789 = ( GEOMETRIC_REPRESENTATION_CONTEXT(2) 
PARAMETRIC_REPRESENTATION_CONTEXT() REPRESENTATION_CONTEXT('2D SPACE',''
  ) );
#12790 = ORIENTED_EDGE('',*,*,#12648,.T.);
#12791 = ORIENTED_EDGE('',*,*,#1968,.T.);
#12792 = ADVANCED_FACE('',(#12793),#2069,.F.);
#12793 = FACE_BOUND('',#12794,.T.);
#12794 = EDGE_LOOP('',(#12795,#12796,#12819,#12840));
#12795 = ORIENTED_EDGE('',*,*,#12722,.F.);
#12796 = ORIENTED_EDGE('',*,*,#12797,.T.);
#12797 = EDGE_CURVE('',#12700,#12798,#12800,.T.);
#12798 = VERTEX_POINT('',#12799);
#12799 = CARTESIAN_POINT('',(-19.14728683326,52.205483954965,58.2));
#12800 = SURFACE_CURVE('',#12801,(#12805,#12812),.PCURVE_S1.);
#12801 = LINE('',#12802,#12803);
#12802 = CARTESIAN_POINT('',(-19.14728683326,52.205483954965,58.2));
#12803 = VECTOR('',#12804,1.);
#12804 = DIRECTION('',(-0.587785252292,0.809016994375,2.775557561563E-16
    ));
#12805 = PCURVE('',#2069,#12806);
#12806 = DEFINITIONAL_REPRESENTATION('',(#12807),#12811);
#12807 = LINE('',#12808,#12809);
#12808 = CARTESIAN_POINT('',(0.515902684074,-1.));
#12809 = VECTOR('',#12810,1.);
#12810 = DIRECTION('',(1.,0.));
#12811 = ( GEOMETRIC_REPRESENTATION_CONTEXT(2) 
PARAMETRIC_REPRESENTATION_CONTEXT() REPRESENTATION_CONTEXT('2D SPACE',''
  ) );
#12812 = PCURVE('',#5598,#12813);
#12813 = DEFINITIONAL_REPRESENTATION('',(#12814),#12818);
#12814 = LINE('',#12815,#12816);
#12815 = CARTESIAN_POINT('',(13.110330255582,1.414213562373));
#12816 = VECTOR('',#12817,1.);
#12817 = DIRECTION('',(1.,-6.383782391595E-16));
#12818 = ( GEOMETRIC_REPRESENTATION_CONTEXT(2) 
PARAMETRIC_REPRESENTATION_CONTEXT() REPRESENTATION_CONTEXT('2D SPACE',''
  ) );
#12819 = ORIENTED_EDGE('',*,*,#12820,.T.);
#12820 = EDGE_CURVE('',#12798,#2025,#12821,.T.);
#12821 = SURFACE_CURVE('',#12822,(#12826,#12833),.PCURVE_S1.);
#12822 = LINE('',#12823,#12824);
#12823 = CARTESIAN_POINT('',(-19.14728683326,52.205483954965,59.2));
#12824 = VECTOR('',#12825,1.);
#12825 = DIRECTION('',(-5.947623346206E-16,-1.110223024625E-16,-1.));
#12826 = PCURVE('',#2069,#12827);
#12827 = DEFINITIONAL_REPRESENTATION('',(#12828),#12832);
#12828 = LINE('',#12829,#12830);
#12829 = CARTESIAN_POINT('',(0.515902684074,8.881784197001E-16));
#12830 = VECTOR('',#12831,1.);
#12831 = DIRECTION('',(0.,-1.));
#12832 = ( GEOMETRIC_REPRESENTATION_CONTEXT(2) 
PARAMETRIC_REPRESENTATION_CONTEXT() REPRESENTATION_CONTEXT('2D SPACE',''
  ) );
#12833 = PCURVE('',#2041,#12834);
#12834 = DEFINITIONAL_REPRESENTATION('',(#12835),#12839);
#12835 = LINE('',#12836,#12837);
#12836 = CARTESIAN_POINT('',(0.119236716706,0.));
#12837 = VECTOR('',#12838,1.);
#12838 = DIRECTION('',(0.,1.));
#12839 = ( GEOMETRIC_REPRESENTATION_CONTEXT(2) 
PARAMETRIC_REPRESENTATION_CONTEXT() REPRESENTATION_CONTEXT('2D SPACE',''
  ) );
#12840 = ORIENTED_EDGE('',*,*,#2053,.T.);
#12841 = ADVANCED_FACE('',(#12842),#2012,.T.);
#12842 = FACE_BOUND('',#12843,.T.);
#12843 = EDGE_LOOP('',(#12844,#12867,#12888,#12889));
#12844 = ORIENTED_EDGE('',*,*,#12845,.F.);
#12845 = EDGE_CURVE('',#12846,#1997,#12848,.T.);
#12846 = VERTEX_POINT('',#12847);
#12847 = CARTESIAN_POINT('',(-18.91901873418,53.646712011319,58.2));
#12848 = SURFACE_CURVE('',#12849,(#12853,#12860),.PCURVE_S1.);
#12849 = LINE('',#12850,#12851);
#12850 = CARTESIAN_POINT('',(-18.91901873418,53.646712011319,59.2));
#12851 = VECTOR('',#12852,1.);
#12852 = DIRECTION('',(-5.947623346206E-16,-1.110223024625E-16,-1.));
#12853 = PCURVE('',#2012,#12854);
#12854 = DEFINITIONAL_REPRESENTATION('',(#12855),#12859);
#12855 = LINE('',#12856,#12857);
#12856 = CARTESIAN_POINT('',(0.515902684074,-3.275157922644E-15));
#12857 = VECTOR('',#12858,1.);
#12858 = DIRECTION('',(5.551115123126E-17,-1.));
#12859 = ( GEOMETRIC_REPRESENTATION_CONTEXT(2) 
PARAMETRIC_REPRESENTATION_CONTEXT() REPRESENTATION_CONTEXT('2D SPACE',''
  ) );
#12860 = PCURVE('',#2041,#12861);
#12861 = DEFINITIONAL_REPRESENTATION('',(#12862),#12866);
#12862 = LINE('',#12863,#12864);
#12863 = CARTESIAN_POINT('',(0.194922548653,0.));
#12864 = VECTOR('',#12865,1.);
#12865 = DIRECTION('',(0.,1.));
#12866 = ( GEOMETRIC_REPRESENTATION_CONTEXT(2) 
PARAMETRIC_REPRESENTATION_CONTEXT() REPRESENTATION_CONTEXT('2D SPACE',''
  ) );
#12867 = ORIENTED_EDGE('',*,*,#12868,.T.);
#12868 = EDGE_CURVE('',#12846,#12748,#12869,.T.);
#12869 = SURFACE_CURVE('',#12870,(#12874,#12881),.PCURVE_S1.);
#12870 = LINE('',#12871,#12872);
#12871 = CARTESIAN_POINT('',(-18.50164469532,53.949952000636,58.2));
#12872 = VECTOR('',#12873,1.);
#12873 = DIRECTION('',(0.809016994375,0.587785252292,-5.551115123126E-16
    ));
#12874 = PCURVE('',#2012,#12875);
#12875 = DEFINITIONAL_REPRESENTATION('',(#12876),#12880);
#12876 = LINE('',#12877,#12878);
#12877 = CARTESIAN_POINT('',(-2.6645352591E-15,-1.));
#12878 = VECTOR('',#12879,1.);
#12879 = DIRECTION('',(-1.,5.551115123126E-17));
#12880 = ( GEOMETRIC_REPRESENTATION_CONTEXT(2) 
PARAMETRIC_REPRESENTATION_CONTEXT() REPRESENTATION_CONTEXT('2D SPACE',''
  ) );
#12881 = PCURVE('',#5541,#12882);
#12882 = DEFINITIONAL_REPRESENTATION('',(#12883),#12887);
#12883 = LINE('',#12884,#12885);
#12884 = CARTESIAN_POINT('',(0.,0.));
#12885 = VECTOR('',#12886,1.);
#12886 = DIRECTION('',(1.,-7.216449660064E-16));
#12887 = ( GEOMETRIC_REPRESENTATION_CONTEXT(2) 
PARAMETRIC_REPRESENTATION_CONTEXT() REPRESENTATION_CONTEXT('2D SPACE',''
  ) );
#12888 = ORIENTED_EDGE('',*,*,#12747,.T.);
#12889 = ORIENTED_EDGE('',*,*,#1996,.F.);
#12890 = ADVANCED_FACE('',(#12891),#2041,.T.);
#12891 = FACE_BOUND('',#12892,.T.);
#12892 = EDGE_LOOP('',(#12893,#12894,#12916,#12917));
#12893 = ORIENTED_EDGE('',*,*,#12820,.F.);
#12894 = ORIENTED_EDGE('',*,*,#12895,.F.);
#12895 = EDGE_CURVE('',#12846,#12798,#12896,.T.);
#12896 = SURFACE_CURVE('',#12897,(#12902,#12909),.PCURVE_S1.);
#12897 = CIRCLE('',#12898,19.284210105952);
#12898 = AXIS2_PLACEMENT_3D('',#12899,#12900,#12901);
#12899 = CARTESIAN_POINT('',(1.585398479165E-12,49.91154273188,58.2));
#12900 = DIRECTION('',(5.947623346206E-16,1.110223024625E-16,1.));
#12901 = DIRECTION('',(1.,-9.42935300772E-31,-5.947623346206E-16));
#12902 = PCURVE('',#2041,#12903);
#12903 = DEFINITIONAL_REPRESENTATION('',(#12904),#12908);
#12904 = LINE('',#12905,#12906);
#12905 = CARTESIAN_POINT('',(3.14159265359,1.));
#12906 = VECTOR('',#12907,1.);
#12907 = DIRECTION('',(-1.,0.));
#12908 = ( GEOMETRIC_REPRESENTATION_CONTEXT(2) 
PARAMETRIC_REPRESENTATION_CONTEXT() REPRESENTATION_CONTEXT('2D SPACE',''
  ) );
#12909 = PCURVE('',#5570,#12910);
#12910 = DEFINITIONAL_REPRESENTATION('',(#12911),#12915);
#12911 = LINE('',#12912,#12913);
#12912 = CARTESIAN_POINT('',(3.14159265359,1.));
#12913 = VECTOR('',#12914,1.);
#12914 = DIRECTION('',(-1.,-2.489383946701E-14));
#12915 = ( GEOMETRIC_REPRESENTATION_CONTEXT(2) 
PARAMETRIC_REPRESENTATION_CONTEXT() REPRESENTATION_CONTEXT('2D SPACE',''
  ) );
#12916 = ORIENTED_EDGE('',*,*,#12845,.T.);
#12917 = ORIENTED_EDGE('',*,*,#2024,.T.);
#12918 = ADVANCED_FACE('',(#12919),#3709,.F.);
#12919 = FACE_BOUND('',#12920,.F.);
#12920 = EDGE_LOOP('',(#12921,#12944,#12971,#12972));
#12921 = ORIENTED_EDGE('',*,*,#12922,.T.);
#12922 = EDGE_CURVE('',#3693,#12923,#12925,.T.);
#12923 = VERTEX_POINT('',#12924);
#12924 = CARTESIAN_POINT('',(7.2,49.9117,45.5));
#12925 = SEAM_CURVE('',#12926,(#12930,#12937),.PCURVE_S1.);
#12926 = LINE('',#12927,#12928);
#12927 = CARTESIAN_POINT('',(7.2,49.9117,38.2));
#12928 = VECTOR('',#12929,1.);
#12929 = DIRECTION('',(0.,0.,1.));
#12930 = PCURVE('',#3709,#12931);
#12931 = DEFINITIONAL_REPRESENTATION('',(#12932),#12936);
#12932 = LINE('',#12933,#12934);
#12933 = CARTESIAN_POINT('',(6.28318530718,-0.));
#12934 = VECTOR('',#12935,1.);
#12935 = DIRECTION('',(0.,1.));
#12936 = ( GEOMETRIC_REPRESENTATION_CONTEXT(2) 
PARAMETRIC_REPRESENTATION_CONTEXT() REPRESENTATION_CONTEXT('2D SPACE',''
  ) );
#12937 = PCURVE('',#3709,#12938);
#12938 = DEFINITIONAL_REPRESENTATION('',(#12939),#12943);
#12939 = LINE('',#12940,#12941);
#12940 = CARTESIAN_POINT('',(0.,-0.));
#12941 = VECTOR('',#12942,1.);
#12942 = DIRECTION('',(0.,1.));
#12943 = ( GEOMETRIC_REPRESENTATION_CONTEXT(2) 
PARAMETRIC_REPRESENTATION_CONTEXT() REPRESENTATION_CONTEXT('2D SPACE',''
  ) );
#12944 = ORIENTED_EDGE('',*,*,#12945,.F.);
#12945 = EDGE_CURVE('',#12923,#12923,#12946,.T.);
#12946 = SURFACE_CURVE('',#12947,(#12952,#12959),.PCURVE_S1.);
#12947 = CIRCLE('',#12948,7.2);
#12948 = AXIS2_PLACEMENT_3D('',#12949,#12950,#12951);
#12949 = CARTESIAN_POINT('',(0.,49.9117,45.5));
#12950 = DIRECTION('',(0.,0.,1.));
#12951 = DIRECTION('',(1.,0.,-0.));
#12952 = PCURVE('',#3709,#12953);
#12953 = DEFINITIONAL_REPRESENTATION('',(#12954),#12958);
#12954 = LINE('',#12955,#12956);
#12955 = CARTESIAN_POINT('',(0.,7.3));
#12956 = VECTOR('',#12957,1.);
#12957 = DIRECTION('',(1.,0.));
#12958 = ( GEOMETRIC_REPRESENTATION_CONTEXT(2) 
PARAMETRIC_REPRESENTATION_CONTEXT() REPRESENTATION_CONTEXT('2D SPACE',''
  ) );
#12959 = PCURVE('',#12960,#12965);
#12960 = PLANE('',#12961);
#12961 = AXIS2_PLACEMENT_3D('',#12962,#12963,#12964);
#12962 = CARTESIAN_POINT('',(0.,49.9117,45.5));
#12963 = DIRECTION('',(0.,0.,1.));
#12964 = DIRECTION('',(1.,0.,-0.));
#12965 = DEFINITIONAL_REPRESENTATION('',(#12966),#12970);
#12966 = CIRCLE('',#12967,7.2);
#12967 = AXIS2_PLACEMENT_2D('',#12968,#12969);
#12968 = CARTESIAN_POINT('',(0.,0.));
#12969 = DIRECTION('',(1.,0.));
#12970 = ( GEOMETRIC_REPRESENTATION_CONTEXT(2) 
PARAMETRIC_REPRESENTATION_CONTEXT() REPRESENTATION_CONTEXT('2D SPACE',''
  ) );
#12971 = ORIENTED_EDGE('',*,*,#12922,.F.);
#12972 = ORIENTED_EDGE('',*,*,#3692,.T.);
#12973 = ADVANCED_FACE('',(#12974),#3761,.F.);
#12974 = FACE_BOUND('',#12975,.T.);
#12975 = EDGE_LOOP('',(#12976,#12998,#12999,#13000));
#12976 = ORIENTED_EDGE('',*,*,#12977,.T.);
#12977 = EDGE_CURVE('',#3725,#3916,#12978,.T.);
#12978 = SURFACE_CURVE('',#12979,(#12984,#12992),.PCURVE_S1.);
#12979 = B_SPLINE_CURVE_WITH_KNOTS('',3,(#12980,#12981,#12982,#12983),
  .UNSPECIFIED.,.F.,.F.,(4,4),(0.,1.469222508299E-03),
  .PIECEWISE_BEZIER_KNOTS.);
#12980 = CARTESIAN_POINT('',(19.270403427317,49.181946159197,58.2));
#12981 = CARTESIAN_POINT('',(18.941888441412,49.325362408765,
    58.533705776857));
#12982 = CARTESIAN_POINT('',(18.612344998414,49.467238758222,
    58.867049908887));
#12983 = CARTESIAN_POINT('',(18.281680969283,49.607437263537,59.2));
#12984 = PCURVE('',#3761,#12985);
#12985 = DEFINITIONAL_REPRESENTATION('',(#12986),#12991);
#12986 = B_SPLINE_CURVE_WITH_KNOTS('',3,(#12987,#12988,#12989,#12990),
  .UNSPECIFIED.,.F.,.F.,(4,4),(0.,1.469222508299E-03),
  .PIECEWISE_BEZIER_KNOTS.);
#12987 = CARTESIAN_POINT('',(-0.515902684074,-3.19744231092E-14));
#12988 = CARTESIAN_POINT('',(-0.38501811242,0.471931235473));
#12989 = CARTESIAN_POINT('',(-0.252317437972,0.943351027928));
#12990 = CARTESIAN_POINT('',(-0.1176379745,1.414213562373));
#12991 = ( GEOMETRIC_REPRESENTATION_CONTEXT(2) 
PARAMETRIC_REPRESENTATION_CONTEXT() REPRESENTATION_CONTEXT('2D SPACE',''
  ) );
#12992 = PCURVE('',#3955,#12993);
#12993 = DEFINITIONAL_REPRESENTATION('',(#12994),#12997);
#12994 = B_SPLINE_CURVE_WITH_KNOTS('',1,(#12995,#12996),.UNSPECIFIED.,
  .F.,.F.,(2,2),(0.,1.469222508299E-03),.PIECEWISE_BEZIER_KNOTS.);
#12995 = CARTESIAN_POINT('',(3.179435569563,1.));
#12996 = CARTESIAN_POINT('',(3.158225556461,-1.24344978758E-14));
#12997 = ( GEOMETRIC_REPRESENTATION_CONTEXT(2) 
PARAMETRIC_REPRESENTATION_CONTEXT() REPRESENTATION_CONTEXT('2D SPACE',''
  ) );
#12998 = ORIENTED_EDGE('',*,*,#3915,.F.);
#12999 = ORIENTED_EDGE('',*,*,#3778,.T.);
#13000 = ORIENTED_EDGE('',*,*,#3747,.F.);
#13001 = ADVANCED_FACE('',(#13002),#3843,.T.);
#13002 = FACE_BOUND('',#13003,.T.);
#13003 = EDGE_LOOP('',(#13004,#13026,#13027,#13028));
#13004 = ORIENTED_EDGE('',*,*,#13005,.F.);
#13005 = EDGE_CURVE('',#7223,#7169,#13006,.T.);
#13006 = SURFACE_CURVE('',#13007,(#13012,#13020),.PCURVE_S1.);
#13007 = B_SPLINE_CURVE_WITH_KNOTS('',3,(#13008,#13009,#13010,#13011),
  .UNSPECIFIED.,.F.,.F.,(4,4),(0.,1.469222508299E-03),
  .PIECEWISE_BEZIER_KNOTS.);
#13008 = CARTESIAN_POINT('',(18.552700491183,44.650548159094,58.2));
#13009 = CARTESIAN_POINT('',(18.195946114751,44.615667913952,
    58.533705776857));
#13010 = CARTESIAN_POINT('',(17.838689472804,44.582570011564,
    58.867049908887));
#13011 = CARTESIAN_POINT('',(17.480885572467,44.55141411394,59.2));
#13012 = PCURVE('',#3843,#13013);
#13013 = DEFINITIONAL_REPRESENTATION('',(#13014),#13019);
#13014 = B_SPLINE_CURVE_WITH_KNOTS('',3,(#13015,#13016,#13017,#13018),
  .UNSPECIFIED.,.F.,.F.,(4,4),(0.,1.469222508299E-03),
  .PIECEWISE_BEZIER_KNOTS.);
#13015 = CARTESIAN_POINT('',(13.110330255582,1.414213562373));
#13016 = CARTESIAN_POINT('',(12.979445683928,0.9422823269));
#13017 = CARTESIAN_POINT('',(12.84674500948,0.470862534445));
#13018 = CARTESIAN_POINT('',(12.712065546008,6.039613253961E-14));
#13019 = ( GEOMETRIC_REPRESENTATION_CONTEXT(2) 
PARAMETRIC_REPRESENTATION_CONTEXT() REPRESENTATION_CONTEXT('2D SPACE',''
  ) );
#13020 = PCURVE('',#7185,#13021);
#13021 = DEFINITIONAL_REPRESENTATION('',(#13022),#13025);
#13022 = B_SPLINE_CURVE_WITH_KNOTS('',1,(#13023,#13024),.UNSPECIFIED.,
  .F.,.F.,(2,2),(0.,1.469222508299E-03),.PIECEWISE_BEZIER_KNOTS.);
#13023 = CARTESIAN_POINT('',(3.417909002975,1.));
#13024 = CARTESIAN_POINT('',(3.439119016078,6.927791673661E-14));
#13025 = ( GEOMETRIC_REPRESENTATION_CONTEXT(2) 
PARAMETRIC_REPRESENTATION_CONTEXT() REPRESENTATION_CONTEXT('2D SPACE',''
  ) );
#13026 = ORIENTED_EDGE('',*,*,#7222,.F.);
#13027 = ORIENTED_EDGE('',*,*,#3827,.F.);
#13028 = ORIENTED_EDGE('',*,*,#7197,.F.);
#13029 = ADVANCED_FACE('',(#13030),#3898,.F.);
#13030 = FACE_BOUND('',#13031,.F.);
#13031 = EDGE_LOOP('',(#13032,#13061,#13081,#13082));
#13032 = ORIENTED_EDGE('',*,*,#13033,.T.);
#13033 = EDGE_CURVE('',#13034,#13034,#13036,.T.);
#13034 = VERTEX_POINT('',#13035);
#13035 = CARTESIAN_POINT('',(13.3,49.91154273188,58.4));
#13036 = SURFACE_CURVE('',#13037,(#13042,#13049),.PCURVE_S1.);
#13037 = CIRCLE('',#13038,13.3);
#13038 = AXIS2_PLACEMENT_3D('',#13039,#13040,#13041);
#13039 = CARTESIAN_POINT('',(1.15463194561E-14,49.91154273188,58.4));
#13040 = DIRECTION('',(5.947623346206E-16,1.110223024625E-16,1.));
#13041 = DIRECTION('',(1.,-9.42935300772E-31,-5.947623346206E-16));
#13042 = PCURVE('',#3898,#13043);
#13043 = DEFINITIONAL_REPRESENTATION('',(#13044),#13048);
#13044 = LINE('',#13045,#13046);
#13045 = CARTESIAN_POINT('',(0.,0.));
#13046 = VECTOR('',#13047,1.);
#13047 = DIRECTION('',(1.,0.));
#13048 = ( GEOMETRIC_REPRESENTATION_CONTEXT(2) 
PARAMETRIC_REPRESENTATION_CONTEXT() REPRESENTATION_CONTEXT('2D SPACE',''
  ) );
#13049 = PCURVE('',#13050,#13055);
#13050 = PLANE('',#13051);
#13051 = AXIS2_PLACEMENT_3D('',#13052,#13053,#13054);
#13052 = CARTESIAN_POINT('',(1.15463194561E-14,49.91154273188,58.4));
#13053 = DIRECTION('',(5.947623346206E-16,1.110223024625E-16,1.));
#13054 = DIRECTION('',(1.,-9.42935300772E-31,-5.947623346206E-16));
#13055 = DEFINITIONAL_REPRESENTATION('',(#13056),#13060);
#13056 = CIRCLE('',#13057,13.3);
#13057 = AXIS2_PLACEMENT_2D('',#13058,#13059);
#13058 = CARTESIAN_POINT('',(0.,0.));
#13059 = DIRECTION('',(1.,-1.417484439069E-31));
#13060 = ( GEOMETRIC_REPRESENTATION_CONTEXT(2) 
PARAMETRIC_REPRESENTATION_CONTEXT() REPRESENTATION_CONTEXT('2D SPACE',''
  ) );
#13061 = ORIENTED_EDGE('',*,*,#13062,.T.);
#13062 = EDGE_CURVE('',#13034,#3882,#13063,.T.);
#13063 = SEAM_CURVE('',#13064,(#13067,#13074),.PCURVE_S1.);
#13064 = B_SPLINE_CURVE_WITH_KNOTS('',1,(#13065,#13066),.UNSPECIFIED.,
  .F.,.F.,(2,2),(0.,0.8),.PIECEWISE_BEZIER_KNOTS.);
#13065 = CARTESIAN_POINT('',(13.3,49.91154273188,58.4));
#13066 = CARTESIAN_POINT('',(13.3,49.91154273188,59.2));
#13067 = PCURVE('',#3898,#13068);
#13068 = DEFINITIONAL_REPRESENTATION('',(#13069),#13073);
#13069 = LINE('',#13070,#13071);
#13070 = CARTESIAN_POINT('',(6.28318530718,0.));
#13071 = VECTOR('',#13072,1.);
#13072 = DIRECTION('',(0.,1.));
#13073 = ( GEOMETRIC_REPRESENTATION_CONTEXT(2) 
PARAMETRIC_REPRESENTATION_CONTEXT() REPRESENTATION_CONTEXT('2D SPACE',''
  ) );
#13074 = PCURVE('',#3898,#13075);
#13075 = DEFINITIONAL_REPRESENTATION('',(#13076),#13080);
#13076 = LINE('',#13077,#13078);
#13077 = CARTESIAN_POINT('',(0.,0.));
#13078 = VECTOR('',#13079,1.);
#13079 = DIRECTION('',(0.,1.));
#13080 = ( GEOMETRIC_REPRESENTATION_CONTEXT(2) 
PARAMETRIC_REPRESENTATION_CONTEXT() REPRESENTATION_CONTEXT('2D SPACE',''
  ) );
#13081 = ORIENTED_EDGE('',*,*,#3881,.F.);
#13082 = ORIENTED_EDGE('',*,*,#13062,.F.);
#13083 = ADVANCED_FACE('',(#13084),#3955,.T.);
#13084 = FACE_BOUND('',#13085,.T.);
#13085 = EDGE_LOOP('',(#13086,#13108,#13109,#13110));
#13086 = ORIENTED_EDGE('',*,*,#13087,.T.);
#13087 = EDGE_CURVE('',#7321,#3939,#13088,.T.);
#13088 = SURFACE_CURVE('',#13089,(#13094,#13100),.PCURVE_S1.);
#13089 = B_SPLINE_CURVE_WITH_KNOTS('',3,(#13090,#13091,#13092,#13093),
  .UNSPECIFIED.,.F.,.F.,(4,4),(0.,1.469222508299E-03),
  .PIECEWISE_BEZIER_KNOTS.);
#13090 = CARTESIAN_POINT('',(19.270403427317,50.641139304563,58.2));
#13091 = CARTESIAN_POINT('',(18.941888441412,50.497723054996,
    58.533705776857));
#13092 = CARTESIAN_POINT('',(18.612344998414,50.355846705538,
    58.867049908887));
#13093 = CARTESIAN_POINT('',(18.281680969283,50.215648200224,59.2));
#13094 = PCURVE('',#3955,#13095);
#13095 = DEFINITIONAL_REPRESENTATION('',(#13096),#13099);
#13096 = B_SPLINE_CURVE_WITH_KNOTS('',1,(#13097,#13098),.UNSPECIFIED.,
  .F.,.F.,(2,2),(0.,1.469222508299E-03),.PIECEWISE_BEZIER_KNOTS.);
#13097 = CARTESIAN_POINT('',(3.103749737616,1.));
#13098 = CARTESIAN_POINT('',(3.124959750719,-1.24344978758E-14));
#13099 = ( GEOMETRIC_REPRESENTATION_CONTEXT(2) 
PARAMETRIC_REPRESENTATION_CONTEXT() REPRESENTATION_CONTEXT('2D SPACE',''
  ) );
#13100 = PCURVE('',#3983,#13101);
#13101 = DEFINITIONAL_REPRESENTATION('',(#13102),#13107);
#13102 = B_SPLINE_CURVE_WITH_KNOTS('',3,(#13103,#13104,#13105,#13106),
  .UNSPECIFIED.,.F.,.F.,(4,4),(0.,1.469222508299E-03),
  .PIECEWISE_BEZIER_KNOTS.);
#13103 = CARTESIAN_POINT('',(13.110330255582,1.414213562373));
#13104 = CARTESIAN_POINT('',(12.979445683928,0.9422823269));
#13105 = CARTESIAN_POINT('',(12.84674500948,0.470862534445));
#13106 = CARTESIAN_POINT('',(12.712065546008,-3.552713678801E-14));
#13107 = ( GEOMETRIC_REPRESENTATION_CONTEXT(2) 
PARAMETRIC_REPRESENTATION_CONTEXT() REPRESENTATION_CONTEXT('2D SPACE',''
  ) );
#13108 = ORIENTED_EDGE('',*,*,#3938,.F.);
#13109 = ORIENTED_EDGE('',*,*,#12977,.F.);
#13110 = ORIENTED_EDGE('',*,*,#7343,.T.);
#13111 = ADVANCED_FACE('',(#13112),#3983,.T.);
#13112 = FACE_BOUND('',#13113,.T.);
#13113 = EDGE_LOOP('',(#13114,#13135,#13136,#13137));
#13114 = ORIENTED_EDGE('',*,*,#13115,.F.);
#13115 = EDGE_CURVE('',#3968,#7420,#13116,.T.);
#13116 = SURFACE_CURVE('',#13117,(#13121,#13128),.PCURVE_S1.);
#13117 = LINE('',#13118,#13119);
#13118 = CARTESIAN_POINT('',(18.752450176572,51.38739256792,
    58.038567512937));
#13119 = VECTOR('',#13120,1.);
#13120 = DIRECTION('',(0.7935526691,6.245394951338E-02,-0.605288084762)
  );
#13121 = PCURVE('',#3983,#13122);
#13122 = DEFINITIONAL_REPRESENTATION('',(#13123),#13127);
#13123 = LINE('',#13124,#13125);
#13124 = CARTESIAN_POINT('',(12.21640125664,1.642513574985));
#13125 = VECTOR('',#13126,1.);
#13126 = DIRECTION('',(0.516964862336,0.856006618613));
#13127 = ( GEOMETRIC_REPRESENTATION_CONTEXT(2) 
PARAMETRIC_REPRESENTATION_CONTEXT() REPRESENTATION_CONTEXT('2D SPACE',''
  ) );
#13128 = PCURVE('',#4011,#13129);
#13129 = DEFINITIONAL_REPRESENTATION('',(#13130),#13134);
#13130 = LINE('',#13131,#13132);
#13131 = CARTESIAN_POINT('',(0.378026314868,-0.228300012612));
#13132 = VECTOR('',#13133,1.);
#13133 = DIRECTION('',(-0.516964862336,-0.856006618613));
#13134 = ( GEOMETRIC_REPRESENTATION_CONTEXT(2) 
PARAMETRIC_REPRESENTATION_CONTEXT() REPRESENTATION_CONTEXT('2D SPACE',''
  ) );
#13135 = ORIENTED_EDGE('',*,*,#3967,.F.);
#13136 = ORIENTED_EDGE('',*,*,#13087,.F.);
#13137 = ORIENTED_EDGE('',*,*,#7442,.F.);
#13138 = ADVANCED_FACE('',(#13139),#4011,.F.);
#13139 = FACE_BOUND('',#13140,.T.);
#13140 = EDGE_LOOP('',(#13141,#13163,#13164,#13165));
#13141 = ORIENTED_EDGE('',*,*,#13142,.T.);
#13142 = EDGE_CURVE('',#7518,#3996,#13143,.T.);
#13143 = SURFACE_CURVE('',#13144,(#13149,#13157),.PCURVE_S1.);
#13144 = B_SPLINE_CURVE_WITH_KNOTS('',3,(#13145,#13146,#13147,#13148),
  .UNSPECIFIED.,.F.,.F.,(4,4),(0.,1.469222508299E-03),
  .PIECEWISE_BEZIER_KNOTS.);
#13145 = CARTESIAN_POINT('',(19.147286833269,52.205483954965,58.2));
#13146 = CARTESIAN_POINT('',(18.8003811677,52.295743446437,
    58.533705776857));
#13147 = CARTESIAN_POINT('',(18.452700600502,52.384321110389,
    58.867049908887));
#13148 = CARTESIAN_POINT('',(18.104175716097,52.471066288952,59.2));
#13149 = PCURVE('',#4011,#13150);
#13150 = DEFINITIONAL_REPRESENTATION('',(#13151),#13156);
#13151 = B_SPLINE_CURVE_WITH_KNOTS('',3,(#13152,#13153,#13154,#13155),
  .UNSPECIFIED.,.F.,.F.,(4,4),(0.,1.469222508299E-03),
  .PIECEWISE_BEZIER_KNOTS.);
#13152 = CARTESIAN_POINT('',(-0.515902684074,4.440892098501E-15));
#13153 = CARTESIAN_POINT('',(-0.38501811242,0.471931235473));
#13154 = CARTESIAN_POINT('',(-0.252317437972,0.943351027928));
#13155 = CARTESIAN_POINT('',(-0.1176379745,1.414213562373));
#13156 = ( GEOMETRIC_REPRESENTATION_CONTEXT(2) 
PARAMETRIC_REPRESENTATION_CONTEXT() REPRESENTATION_CONTEXT('2D SPACE',''
  ) );
#13157 = PCURVE('',#4040,#13158);
#13158 = DEFINITIONAL_REPRESENTATION('',(#13159),#13162);
#13159 = B_SPLINE_CURVE_WITH_KNOTS('',1,(#13160,#13161),.UNSPECIFIED.,
  .F.,.F.,(2,2),(0.,1.469222508299E-03),.PIECEWISE_BEZIER_KNOTS.);
#13160 = CARTESIAN_POINT('',(3.022355936884,1.));
#13161 = CARTESIAN_POINT('',(3.001145923781,-3.01980662698E-14));
#13162 = ( GEOMETRIC_REPRESENTATION_CONTEXT(2) 
PARAMETRIC_REPRESENTATION_CONTEXT() REPRESENTATION_CONTEXT('2D SPACE',''
  ) );
#13163 = ORIENTED_EDGE('',*,*,#3995,.F.);
#13164 = ORIENTED_EDGE('',*,*,#13115,.T.);
#13165 = ORIENTED_EDGE('',*,*,#7540,.F.);
#13166 = ADVANCED_FACE('',(#13167),#4040,.T.);
#13167 = FACE_BOUND('',#13168,.T.);
#13168 = EDGE_LOOP('',(#13169,#13191,#13192,#13193));
#13169 = ORIENTED_EDGE('',*,*,#13170,.T.);
#13170 = EDGE_CURVE('',#7617,#4024,#13171,.T.);
#13171 = SURFACE_CURVE('',#13172,(#13177,#13183),.PCURVE_S1.);
#13172 = B_SPLINE_CURVE_WITH_KNOTS('',3,(#13173,#13174,#13175,#13176),
  .UNSPECIFIED.,.F.,.F.,(4,4),(0.,1.469222508299E-03),
  .PIECEWISE_BEZIER_KNOTS.);
#13173 = CARTESIAN_POINT('',(18.919018734183,53.646712011319,58.2));
#13174 = CARTESIAN_POINT('',(18.616983557172,53.453670387692,
    58.533705776857));
#13175 = CARTESIAN_POINT('',(18.313691691633,53.261988819313,
    58.867049908887));
#13176 = CARTESIAN_POINT('',(18.009030563585,53.07178913974,59.2));
#13177 = PCURVE('',#4040,#13178);
#13178 = DEFINITIONAL_REPRESENTATION('',(#13179),#13182);
#13179 = B_SPLINE_CURVE_WITH_KNOTS('',1,(#13180,#13181),.UNSPECIFIED.,
  .F.,.F.,(2,2),(0.,1.469222508299E-03),.PIECEWISE_BEZIER_KNOTS.);
#13180 = CARTESIAN_POINT('',(2.946670104937,1.));
#13181 = CARTESIAN_POINT('',(2.967880118039,-4.796163466381E-14));
#13182 = ( GEOMETRIC_REPRESENTATION_CONTEXT(2) 
PARAMETRIC_REPRESENTATION_CONTEXT() REPRESENTATION_CONTEXT('2D SPACE',''
  ) );
#13183 = PCURVE('',#4068,#13184);
#13184 = DEFINITIONAL_REPRESENTATION('',(#13185),#13190);
#13185 = B_SPLINE_CURVE_WITH_KNOTS('',3,(#13186,#13187,#13188,#13189),
  .UNSPECIFIED.,.F.,.F.,(4,4),(0.,1.469222508299E-03),
  .PIECEWISE_BEZIER_KNOTS.);
#13186 = CARTESIAN_POINT('',(13.110330255582,1.414213562373));
#13187 = CARTESIAN_POINT('',(12.979445683928,0.9422823269));
#13188 = CARTESIAN_POINT('',(12.84674500948,0.470862534445));
#13189 = CARTESIAN_POINT('',(12.712065546008,-1.06581410364E-14));
#13190 = ( GEOMETRIC_REPRESENTATION_CONTEXT(2) 
PARAMETRIC_REPRESENTATION_CONTEXT() REPRESENTATION_CONTEXT('2D SPACE',''
  ) );
#13191 = ORIENTED_EDGE('',*,*,#4023,.F.);
#13192 = ORIENTED_EDGE('',*,*,#13142,.F.);
#13193 = ORIENTED_EDGE('',*,*,#7639,.T.);
#13194 = ADVANCED_FACE('',(#13195),#4068,.T.);
#13195 = FACE_BOUND('',#13196,.T.);
#13196 = EDGE_LOOP('',(#13197,#13218,#13219,#13220));
#13197 = ORIENTED_EDGE('',*,*,#13198,.F.);
#13198 = EDGE_CURVE('',#4053,#7716,#13199,.T.);
#13199 = SURFACE_CURVE('',#13200,(#13204,#13211),.PCURVE_S1.);
#13200 = LINE('',#13201,#13202);
#13201 = CARTESIAN_POINT('',(18.290702617411,54.302751918972,
    58.038567512937));
#13202 = VECTOR('',#13203,1.);
#13203 = DIRECTION('',(0.774012768736,0.18582402503,-0.605288084762));
#13204 = PCURVE('',#4068,#13205);
#13205 = DEFINITIONAL_REPRESENTATION('',(#13206),#13210);
#13206 = LINE('',#13207,#13208);
#13207 = CARTESIAN_POINT('',(12.21640125664,1.642513574985));
#13208 = VECTOR('',#13209,1.);
#13209 = DIRECTION('',(0.516964862336,0.856006618613));
#13210 = ( GEOMETRIC_REPRESENTATION_CONTEXT(2) 
PARAMETRIC_REPRESENTATION_CONTEXT() REPRESENTATION_CONTEXT('2D SPACE',''
  ) );
#13211 = PCURVE('',#4096,#13212);
#13212 = DEFINITIONAL_REPRESENTATION('',(#13213),#13217);
#13213 = LINE('',#13214,#13215);
#13214 = CARTESIAN_POINT('',(0.378026314868,-0.228300012612));
#13215 = VECTOR('',#13216,1.);
#13216 = DIRECTION('',(-0.516964862336,-0.856006618613));
#13217 = ( GEOMETRIC_REPRESENTATION_CONTEXT(2) 
PARAMETRIC_REPRESENTATION_CONTEXT() REPRESENTATION_CONTEXT('2D SPACE',''
  ) );
#13218 = ORIENTED_EDGE('',*,*,#4052,.F.);
#13219 = ORIENTED_EDGE('',*,*,#13170,.F.);
#13220 = ORIENTED_EDGE('',*,*,#7738,.F.);
#13221 = ADVANCED_FACE('',(#13222),#4096,.F.);
#13222 = FACE_BOUND('',#13223,.T.);
#13223 = EDGE_LOOP('',(#13224,#13246,#13247,#13248));
#13224 = ORIENTED_EDGE('',*,*,#13225,.T.);
#13225 = EDGE_CURVE('',#7814,#4081,#13226,.T.);
#13226 = SURFACE_CURVE('',#13227,(#13232,#13240),.PCURVE_S1.);
#13227 = B_SPLINE_CURVE_WITH_KNOTS('',3,(#13228,#13229,#13230,#13231),
  .UNSPECIFIED.,.F.,.F.,(4,4),(0.,1.469222508299E-03),
  .PIECEWISE_BEZIER_KNOTS.);
#13228 = CARTESIAN_POINT('',(18.552700491183,55.172537304666,58.2));
#13229 = CARTESIAN_POINT('',(18.195946114751,55.207417549808,
    58.533705776857));
#13230 = CARTESIAN_POINT('',(17.838689472804,55.240515452196,
    58.867049908887));
#13231 = CARTESIAN_POINT('',(17.480885572467,55.271671349821,59.2));
#13232 = PCURVE('',#4096,#13233);
#13233 = DEFINITIONAL_REPRESENTATION('',(#13234),#13239);
#13234 = B_SPLINE_CURVE_WITH_KNOTS('',3,(#13235,#13236,#13237,#13238),
  .UNSPECIFIED.,.F.,.F.,(4,4),(0.,1.469222508299E-03),
  .PIECEWISE_BEZIER_KNOTS.);
#13235 = CARTESIAN_POINT('',(-0.515902684074,-8.881784197001E-16));
#13236 = CARTESIAN_POINT('',(-0.38501811242,0.471931235473));
#13237 = CARTESIAN_POINT('',(-0.252317437972,0.943351027928));
#13238 = CARTESIAN_POINT('',(-0.1176379745,1.414213562373));
#13239 = ( GEOMETRIC_REPRESENTATION_CONTEXT(2) 
PARAMETRIC_REPRESENTATION_CONTEXT() REPRESENTATION_CONTEXT('2D SPACE',''
  ) );
#13240 = PCURVE('',#4125,#13241);
#13241 = DEFINITIONAL_REPRESENTATION('',(#13242),#13245);
#13242 = B_SPLINE_CURVE_WITH_KNOTS('',1,(#13243,#13244),.UNSPECIFIED.,
  .F.,.F.,(2,2),(0.,1.469222508299E-03),.PIECEWISE_BEZIER_KNOTS.);
#13243 = CARTESIAN_POINT('',(2.865276304204,1.));
#13244 = CARTESIAN_POINT('',(2.844066291102,8.881784197001E-15));
#13245 = ( GEOMETRIC_REPRESENTATION_CONTEXT(2) 
PARAMETRIC_REPRESENTATION_CONTEXT() REPRESENTATION_CONTEXT('2D SPACE',''
  ) );
#13246 = ORIENTED_EDGE('',*,*,#4080,.F.);
#13247 = ORIENTED_EDGE('',*,*,#13198,.T.);
#13248 = ORIENTED_EDGE('',*,*,#7836,.F.);
#13249 = ADVANCED_FACE('',(#13250),#4125,.T.);
#13250 = FACE_BOUND('',#13251,.T.);
#13251 = EDGE_LOOP('',(#13252,#13274,#13275,#13276));
#13252 = ORIENTED_EDGE('',*,*,#13253,.T.);
#13253 = EDGE_CURVE('',#7913,#4109,#13254,.T.);
#13254 = SURFACE_CURVE('',#13255,(#13260,#13266),.PCURVE_S1.);
#13255 = B_SPLINE_CURVE_WITH_KNOTS('',3,(#13256,#13257,#13258,#13259),
  .UNSPECIFIED.,.F.,.F.,(4,4),(0.,1.469222508299E-03),
  .PIECEWISE_BEZIER_KNOTS.);
#13256 = CARTESIAN_POINT('',(18.10178501119,56.560312454099,58.2));
#13257 = CARTESIAN_POINT('',(17.83366675153,56.322398781854,
    58.533705776857));
#13258 = CARTESIAN_POINT('',(17.564094515746,56.085631830923,
    58.867049908887));
#13259 = CARTESIAN_POINT('',(17.292938056866,55.850114324439,59.2));
#13260 = PCURVE('',#4125,#13261);
#13261 = DEFINITIONAL_REPRESENTATION('',(#13262),#13265);
#13262 = B_SPLINE_CURVE_WITH_KNOTS('',1,(#13263,#13264),.UNSPECIFIED.,
  .F.,.F.,(2,2),(0.,1.469222508299E-03),.PIECEWISE_BEZIER_KNOTS.);
#13263 = CARTESIAN_POINT('',(2.789590472257,1.));
#13264 = CARTESIAN_POINT('',(2.81080048536,8.881784197001E-15));
#13265 = ( GEOMETRIC_REPRESENTATION_CONTEXT(2) 
PARAMETRIC_REPRESENTATION_CONTEXT() REPRESENTATION_CONTEXT('2D SPACE',''
  ) );
#13266 = PCURVE('',#4153,#13267);
#13267 = DEFINITIONAL_REPRESENTATION('',(#13268),#13273);
#13268 = B_SPLINE_CURVE_WITH_KNOTS('',3,(#13269,#13270,#13271,#13272),
  .UNSPECIFIED.,.F.,.F.,(4,4),(0.,1.469222508299E-03),
  .PIECEWISE_BEZIER_KNOTS.);
#13269 = CARTESIAN_POINT('',(13.110330255582,1.414213562373));
#13270 = CARTESIAN_POINT('',(12.979445683928,0.9422823269));
#13271 = CARTESIAN_POINT('',(12.84674500948,0.470862534445));
#13272 = CARTESIAN_POINT('',(12.712065546008,2.84217094304E-14));
#13273 = ( GEOMETRIC_REPRESENTATION_CONTEXT(2) 
PARAMETRIC_REPRESENTATION_CONTEXT() REPRESENTATION_CONTEXT('2D SPACE',''
  ) );
#13274 = ORIENTED_EDGE('',*,*,#4108,.F.);
#13275 = ORIENTED_EDGE('',*,*,#13225,.F.);
#13276 = ORIENTED_EDGE('',*,*,#7935,.T.);
#13277 = ADVANCED_FACE('',(#13278),#4153,.T.);
#13278 = FACE_BOUND('',#13279,.T.);
#13279 = EDGE_LOOP('',(#13280,#13301,#13302,#13303));
#13280 = ORIENTED_EDGE('',*,*,#13281,.F.);
#13281 = EDGE_CURVE('',#4138,#8012,#13282,.T.);
#13282 = SURFACE_CURVE('',#13283,(#13287,#13294),.PCURVE_S1.);
#13283 = LINE('',#13284,#13285);
#13284 = CARTESIAN_POINT('',(17.378577256447,57.109985126249,
    58.038567512937));
#13285 = VECTOR('',#13286,1.);
#13286 = DIRECTION('',(0.735414105205,0.304618496337,-0.605288084762));
#13287 = PCURVE('',#4153,#13288);
#13288 = DEFINITIONAL_REPRESENTATION('',(#13289),#13293);
#13289 = LINE('',#13290,#13291);
#13290 = CARTESIAN_POINT('',(12.21640125664,1.642513574985));
#13291 = VECTOR('',#13292,1.);
#13292 = DIRECTION('',(0.516964862336,0.856006618613));
#13293 = ( GEOMETRIC_REPRESENTATION_CONTEXT(2) 
PARAMETRIC_REPRESENTATION_CONTEXT() REPRESENTATION_CONTEXT('2D SPACE',''
  ) );
#13294 = PCURVE('',#4181,#13295);
#13295 = DEFINITIONAL_REPRESENTATION('',(#13296),#13300);
#13296 = LINE('',#13297,#13298);
#13297 = CARTESIAN_POINT('',(0.378026314868,-0.228300012612));
#13298 = VECTOR('',#13299,1.);
#13299 = DIRECTION('',(-0.516964862336,-0.856006618613));
#13300 = ( GEOMETRIC_REPRESENTATION_CONTEXT(2) 
PARAMETRIC_REPRESENTATION_CONTEXT() REPRESENTATION_CONTEXT('2D SPACE',''
  ) );
#13301 = ORIENTED_EDGE('',*,*,#4137,.F.);
#13302 = ORIENTED_EDGE('',*,*,#13253,.F.);
#13303 = ORIENTED_EDGE('',*,*,#8034,.F.);
#13304 = ADVANCED_FACE('',(#13305),#4181,.F.);
#13305 = FACE_BOUND('',#13306,.T.);
#13306 = EDGE_LOOP('',(#13307,#13329,#13330,#13331));
#13307 = ORIENTED_EDGE('',*,*,#13308,.T.);
#13308 = EDGE_CURVE('',#8110,#4166,#13309,.T.);
#13309 = SURFACE_CURVE('',#13310,(#13315,#13323),.PCURVE_S1.);
#13310 = B_SPLINE_CURVE_WITH_KNOTS('',3,(#13311,#13312,#13313,#13314),
  .UNSPECIFIED.,.F.,.F.,(4,4),(0.,1.469222508299E-03),
  .PIECEWISE_BEZIER_KNOTS.);
#13311 = CARTESIAN_POINT('',(17.501285090122,58.010047507745,58.2));
#13312 = CARTESIAN_POINT('',(17.143466479575,57.988689639161,
    58.533705776857));
#13313 = CARTESIAN_POINT('',(16.785430607069,57.965492799783,
    58.867049908887));
#13314 = CARTESIAN_POINT('',(16.427158010309,57.940292254869,59.2));
#13315 = PCURVE('',#4181,#13316);
#13316 = DEFINITIONAL_REPRESENTATION('',(#13317),#13322);
#13317 = B_SPLINE_CURVE_WITH_KNOTS('',3,(#13318,#13319,#13320,#13321),
  .UNSPECIFIED.,.F.,.F.,(4,4),(0.,1.469222508299E-03),
  .PIECEWISE_BEZIER_KNOTS.);
#13318 = CARTESIAN_POINT('',(-0.515902684074,2.30926389122E-14));
#13319 = CARTESIAN_POINT('',(-0.38501811242,0.471931235473));
#13320 = CARTESIAN_POINT('',(-0.252317437972,0.943351027928));
#13321 = CARTESIAN_POINT('',(-0.1176379745,1.414213562373));
#13322 = ( GEOMETRIC_REPRESENTATION_CONTEXT(2) 
PARAMETRIC_REPRESENTATION_CONTEXT() REPRESENTATION_CONTEXT('2D SPACE',''
  ) );
#13323 = PCURVE('',#4210,#13324);
#13324 = DEFINITIONAL_REPRESENTATION('',(#13325),#13328);
#13325 = B_SPLINE_CURVE_WITH_KNOTS('',1,(#13326,#13327),.UNSPECIFIED.,
  .F.,.F.,(2,2),(0.,1.469222508299E-03),.PIECEWISE_BEZIER_KNOTS.);
#13326 = CARTESIAN_POINT('',(2.708196671525,1.));
#13327 = CARTESIAN_POINT('',(2.686986658422,2.48689957516E-14));
#13328 = ( GEOMETRIC_REPRESENTATION_CONTEXT(2) 
PARAMETRIC_REPRESENTATION_CONTEXT() REPRESENTATION_CONTEXT('2D SPACE',''
  ) );
#13329 = ORIENTED_EDGE('',*,*,#4165,.F.);
#13330 = ORIENTED_EDGE('',*,*,#13281,.T.);
#13331 = ORIENTED_EDGE('',*,*,#8132,.F.);
#13332 = ADVANCED_FACE('',(#13333),#4210,.T.);
#13333 = FACE_BOUND('',#13334,.T.);
#13334 = EDGE_LOOP('',(#13335,#13357,#13358,#13359));
#13335 = ORIENTED_EDGE('',*,*,#13336,.T.);
#13336 = EDGE_CURVE('',#8209,#4194,#13337,.T.);
#13337 = SURFACE_CURVE('',#13338,(#13343,#13349),.PCURVE_S1.);
#13338 = B_SPLINE_CURVE_WITH_KNOTS('',3,(#13339,#13340,#13341,#13342),
  .UNSPECIFIED.,.F.,.F.,(4,4),(0.,1.469222508299E-03),
  .PIECEWISE_BEZIER_KNOTS.);
#13339 = CARTESIAN_POINT('',(16.838825264841,59.310198120316,58.2));
#13340 = CARTESIAN_POINT('',(16.611225883917,59.033270623654,
    58.533705776857));
#13341 = CARTESIAN_POINT('',(16.382011040994,58.757248278287,
    58.867049908887));
#13342 = CARTESIAN_POINT('',(16.151036023215,58.48221216754,59.2));
#13343 = PCURVE('',#4210,#13344);
#13344 = DEFINITIONAL_REPRESENTATION('',(#13345),#13348);
#13345 = B_SPLINE_CURVE_WITH_KNOTS('',1,(#13346,#13347),.UNSPECIFIED.,
  .F.,.F.,(2,2),(0.,1.469222508299E-03),.PIECEWISE_BEZIER_KNOTS.);
#13346 = CARTESIAN_POINT('',(2.632510839578,1.));
#13347 = CARTESIAN_POINT('',(2.65372085268,-5.329070518201E-15));
#13348 = ( GEOMETRIC_REPRESENTATION_CONTEXT(2) 
PARAMETRIC_REPRESENTATION_CONTEXT() REPRESENTATION_CONTEXT('2D SPACE',''
  ) );
#13349 = PCURVE('',#4238,#13350);
#13350 = DEFINITIONAL_REPRESENTATION('',(#13351),#13356);
#13351 = B_SPLINE_CURVE_WITH_KNOTS('',3,(#13352,#13353,#13354,#13355),
  .UNSPECIFIED.,.F.,.F.,(4,4),(0.,1.469222508299E-03),
  .PIECEWISE_BEZIER_KNOTS.);
#13352 = CARTESIAN_POINT('',(13.110330255582,1.414213562373));
#13353 = CARTESIAN_POINT('',(12.979445683928,0.9422823269));
#13354 = CARTESIAN_POINT('',(12.84674500948,0.470862534445));
#13355 = CARTESIAN_POINT('',(12.712065546008,-2.84217094304E-14));
#13356 = ( GEOMETRIC_REPRESENTATION_CONTEXT(2) 
PARAMETRIC_REPRESENTATION_CONTEXT() REPRESENTATION_CONTEXT('2D SPACE',''
  ) );
#13357 = ORIENTED_EDGE('',*,*,#4193,.F.);
#13358 = ORIENTED_EDGE('',*,*,#13308,.F.);
#13359 = ORIENTED_EDGE('',*,*,#8231,.T.);
#13360 = ADVANCED_FACE('',(#13361),#4238,.T.);
#13361 = FACE_BOUND('',#13362,.T.);
#13362 = EDGE_LOOP('',(#13363,#13384,#13385,#13386));
#13363 = ORIENTED_EDGE('',*,*,#13364,.F.);
#13364 = EDGE_CURVE('',#4223,#8308,#13365,.T.);
#13365 = SURFACE_CURVE('',#13366,(#13370,#13377),.PCURVE_S1.);
#13366 = LINE('',#13367,#13368);
#13367 = CARTESIAN_POINT('',(16.038533647239,59.739968791517,
    58.038567512937));
#13368 = VECTOR('',#13369,1.);
#13369 = DIRECTION('',(0.678707105705,0.415912249292,-0.605288084762));
#13370 = PCURVE('',#4238,#13371);
#13371 = DEFINITIONAL_REPRESENTATION('',(#13372),#13376);
#13372 = LINE('',#13373,#13374);
#13373 = CARTESIAN_POINT('',(12.21640125664,1.642513574985));
#13374 = VECTOR('',#13375,1.);
#13375 = DIRECTION('',(0.516964862336,0.856006618613));
#13376 = ( GEOMETRIC_REPRESENTATION_CONTEXT(2) 
PARAMETRIC_REPRESENTATION_CONTEXT() REPRESENTATION_CONTEXT('2D SPACE',''
  ) );
#13377 = PCURVE('',#4266,#13378);
#13378 = DEFINITIONAL_REPRESENTATION('',(#13379),#13383);
#13379 = LINE('',#13380,#13381);
#13380 = CARTESIAN_POINT('',(0.378026314868,-0.228300012612));
#13381 = VECTOR('',#13382,1.);
#13382 = DIRECTION('',(-0.516964862336,-0.856006618613));
#13383 = ( GEOMETRIC_REPRESENTATION_CONTEXT(2) 
PARAMETRIC_REPRESENTATION_CONTEXT() REPRESENTATION_CONTEXT('2D SPACE',''
  ) );
#13384 = ORIENTED_EDGE('',*,*,#4222,.F.);
#13385 = ORIENTED_EDGE('',*,*,#13336,.F.);
#13386 = ORIENTED_EDGE('',*,*,#8330,.F.);
#13387 = ADVANCED_FACE('',(#13388),#4266,.F.);
#13388 = FACE_BOUND('',#13389,.T.);
#13389 = EDGE_LOOP('',(#13390,#13412,#13413,#13414));
#13390 = ORIENTED_EDGE('',*,*,#13391,.T.);
#13391 = EDGE_CURVE('',#8406,#4251,#13392,.T.);
#13392 = SURFACE_CURVE('',#13393,(#13398,#13406),.PCURVE_S1.);
#13393 = B_SPLINE_CURVE_WITH_KNOTS('',3,(#13394,#13395,#13396,#13397),
  .UNSPECIFIED.,.F.,.F.,(4,4),(0.,1.469222508299E-03),
  .PIECEWISE_BEZIER_KNOTS.);
#13394 = CARTESIAN_POINT('',(16.018929966707,60.648145645846,58.2));
#13395 = CARTESIAN_POINT('',(15.668857803768,60.571075565143,
    58.533705776857));
#13396 = CARTESIAN_POINT('',(15.318858732137,60.49215516717,
    58.867049908887));
#13397 = CARTESIAN_POINT('',(14.968939299325,60.411218700769,59.2));
#13398 = PCURVE('',#4266,#13399);
#13399 = DEFINITIONAL_REPRESENTATION('',(#13400),#13405);
#13400 = B_SPLINE_CURVE_WITH_KNOTS('',3,(#13401,#13402,#13403,#13404),
  .UNSPECIFIED.,.F.,.F.,(4,4),(0.,1.469222508299E-03),
  .PIECEWISE_BEZIER_KNOTS.);
#13401 = CARTESIAN_POINT('',(-0.515902684074,-8.526512829121E-14));
#13402 = CARTESIAN_POINT('',(-0.38501811242,0.471931235473));
#13403 = CARTESIAN_POINT('',(-0.252317437972,0.943351027928));
#13404 = CARTESIAN_POINT('',(-0.1176379745,1.414213562373));
#13405 = ( GEOMETRIC_REPRESENTATION_CONTEXT(2) 
PARAMETRIC_REPRESENTATION_CONTEXT() REPRESENTATION_CONTEXT('2D SPACE',''
  ) );
#13406 = PCURVE('',#4295,#13407);
#13407 = DEFINITIONAL_REPRESENTATION('',(#13408),#13411);
#13408 = B_SPLINE_CURVE_WITH_KNOTS('',1,(#13409,#13410),.UNSPECIFIED.,
  .F.,.F.,(2,2),(0.,1.469222508299E-03),.PIECEWISE_BEZIER_KNOTS.);
#13409 = CARTESIAN_POINT('',(2.551117038845,1.));
#13410 = CARTESIAN_POINT('',(2.529907025743,-4.085620730621E-14));
#13411 = ( GEOMETRIC_REPRESENTATION_CONTEXT(2) 
PARAMETRIC_REPRESENTATION_CONTEXT() REPRESENTATION_CONTEXT('2D SPACE',''
  ) );
#13412 = ORIENTED_EDGE('',*,*,#4250,.F.);
#13413 = ORIENTED_EDGE('',*,*,#13364,.T.);
#13414 = ORIENTED_EDGE('',*,*,#8428,.F.);
#13415 = ADVANCED_FACE('',(#13416),#4295,.T.);
#13416 = FACE_BOUND('',#13417,.T.);
#13417 = EDGE_LOOP('',(#13418,#13440,#13441,#13442));
#13418 = ORIENTED_EDGE('',*,*,#13419,.T.);
#13419 = EDGE_CURVE('',#8505,#4279,#13420,.T.);
#13420 = SURFACE_CURVE('',#13421,(#13426,#13432),.PCURVE_S1.);
#13421 = B_SPLINE_CURVE_WITH_KNOTS('',3,(#13422,#13423,#13424,#13425),
  .UNSPECIFIED.,.F.,.F.,(4,4),(0.,1.469222508299E-03),
  .PIECEWISE_BEZIER_KNOTS.);
#13422 = CARTESIAN_POINT('',(15.161237755615,61.828657698522,58.2));
#13423 = CARTESIAN_POINT('',(14.979761505545,61.51953525148,
    58.533705776857));
#13424 = CARTESIAN_POINT('',(14.796548085635,61.211054097885,
    58.867049908887));
#13425 = CARTESIAN_POINT('',(14.611441880458,60.903271684713,59.2));
#13426 = PCURVE('',#4295,#13427);
#13427 = DEFINITIONAL_REPRESENTATION('',(#13428),#13431);
#13428 = B_SPLINE_CURVE_WITH_KNOTS('',1,(#13429,#13430),.UNSPECIFIED.,
  .F.,.F.,(2,2),(0.,1.469222508299E-03),.PIECEWISE_BEZIER_KNOTS.);
#13429 = CARTESIAN_POINT('',(2.475431206898,1.));
#13430 = CARTESIAN_POINT('',(2.496641220001,-5.329070518201E-15));
#13431 = ( GEOMETRIC_REPRESENTATION_CONTEXT(2) 
PARAMETRIC_REPRESENTATION_CONTEXT() REPRESENTATION_CONTEXT('2D SPACE',''
  ) );
#13432 = PCURVE('',#4323,#13433);
#13433 = DEFINITIONAL_REPRESENTATION('',(#13434),#13439);
#13434 = B_SPLINE_CURVE_WITH_KNOTS('',3,(#13435,#13436,#13437,#13438),
  .UNSPECIFIED.,.F.,.F.,(4,4),(0.,1.469222508299E-03),
  .PIECEWISE_BEZIER_KNOTS.);
#13435 = CARTESIAN_POINT('',(13.110330255582,1.414213562373));
#13436 = CARTESIAN_POINT('',(12.979445683928,0.9422823269));
#13437 = CARTESIAN_POINT('',(12.84674500948,0.470862534445));
#13438 = CARTESIAN_POINT('',(12.712065546008,-2.84217094304E-14));
#13439 = ( GEOMETRIC_REPRESENTATION_CONTEXT(2) 
PARAMETRIC_REPRESENTATION_CONTEXT() REPRESENTATION_CONTEXT('2D SPACE',''
  ) );
#13440 = ORIENTED_EDGE('',*,*,#4278,.F.);
#13441 = ORIENTED_EDGE('',*,*,#13391,.F.);
#13442 = ORIENTED_EDGE('',*,*,#8527,.T.);
#13443 = ADVANCED_FACE('',(#13444),#4323,.T.);
#13444 = FACE_BOUND('',#13445,.T.);
#13445 = EDGE_LOOP('',(#13446,#13467,#13468,#13469));
#13446 = ORIENTED_EDGE('',*,*,#13447,.F.);
#13447 = EDGE_CURVE('',#4308,#8604,#13448,.T.);
#13448 = SURFACE_CURVE('',#13449,(#13453,#13460),.PCURVE_S1.);
#13449 = LINE('',#13450,#13451);
#13450 = CARTESIAN_POINT('',(14.303568110794,62.12794398852,
    58.038567512937));
#13451 = VECTOR('',#13452,1.);
#13452 = DIRECTION('',(0.605288084762,0.516964862336,-0.605288084762));
#13453 = PCURVE('',#4323,#13454);
#13454 = DEFINITIONAL_REPRESENTATION('',(#13455),#13459);
#13455 = LINE('',#13456,#13457);
#13456 = CARTESIAN_POINT('',(12.21640125664,1.642513574985));
#13457 = VECTOR('',#13458,1.);
#13458 = DIRECTION('',(0.516964862336,0.856006618613));
#13459 = ( GEOMETRIC_REPRESENTATION_CONTEXT(2) 
PARAMETRIC_REPRESENTATION_CONTEXT() REPRESENTATION_CONTEXT('2D SPACE',''
  ) );
#13460 = PCURVE('',#4351,#13461);
#13461 = DEFINITIONAL_REPRESENTATION('',(#13462),#13466);
#13462 = LINE('',#13463,#13464);
#13463 = CARTESIAN_POINT('',(0.378026314868,-0.228300012612));
#13464 = VECTOR('',#13465,1.);
#13465 = DIRECTION('',(-0.516964862336,-0.856006618613));
#13466 = ( GEOMETRIC_REPRESENTATION_CONTEXT(2) 
PARAMETRIC_REPRESENTATION_CONTEXT() REPRESENTATION_CONTEXT('2D SPACE',''
  ) );
#13467 = ORIENTED_EDGE('',*,*,#4307,.F.);
#13468 = ORIENTED_EDGE('',*,*,#13419,.F.);
#13469 = ORIENTED_EDGE('',*,*,#8626,.F.);
#13470 = ADVANCED_FACE('',(#13471),#4351,.F.);
#13471 = FACE_BOUND('',#13472,.T.);
#13472 = EDGE_LOOP('',(#13473,#13495,#13496,#13497));
#13473 = ORIENTED_EDGE('',*,*,#13474,.T.);
#13474 = EDGE_CURVE('',#8702,#4336,#13475,.T.);
#13475 = SURFACE_CURVE('',#13476,(#13481,#13489),.PCURVE_S1.);
#13476 = B_SPLINE_CURVE_WITH_KNOTS('',3,(#13477,#13478,#13479,#13480),
  .UNSPECIFIED.,.F.,.F.,(4,4),(0.,1.469222508299E-03),
  .PIECEWISE_BEZIER_KNOTS.);
#13477 = CARTESIAN_POINT('',(14.142135623731,63.021872987462,58.2));
#13478 = CARTESIAN_POINT('',(13.808429846874,62.890988415808,
    58.533705776857));
#13479 = CARTESIAN_POINT('',(13.475085714844,62.75828774136,
    58.867049908887));
#13480 = CARTESIAN_POINT('',(13.142135623731,62.623608277888,59.2));
#13481 = PCURVE('',#4351,#13482);
#13482 = DEFINITIONAL_REPRESENTATION('',(#13483),#13488);
#13483 = B_SPLINE_CURVE_WITH_KNOTS('',3,(#13484,#13485,#13486,#13487),
  .UNSPECIFIED.,.F.,.F.,(4,4),(0.,1.469222508299E-03),
  .PIECEWISE_BEZIER_KNOTS.);
#13484 = CARTESIAN_POINT('',(-0.515902684074,-1.7763568394E-15));
#13485 = CARTESIAN_POINT('',(-0.38501811242,0.471931235473));
#13486 = CARTESIAN_POINT('',(-0.252317437972,0.943351027928));
#13487 = CARTESIAN_POINT('',(-0.1176379745,1.414213562373));
#13488 = ( GEOMETRIC_REPRESENTATION_CONTEXT(2) 
PARAMETRIC_REPRESENTATION_CONTEXT() REPRESENTATION_CONTEXT('2D SPACE',''
  ) );
#13489 = PCURVE('',#4380,#13490);
#13490 = DEFINITIONAL_REPRESENTATION('',(#13491),#13494);
#13491 = B_SPLINE_CURVE_WITH_KNOTS('',1,(#13492,#13493),.UNSPECIFIED.,
  .F.,.F.,(2,2),(0.,1.469222508299E-03),.PIECEWISE_BEZIER_KNOTS.);
#13492 = CARTESIAN_POINT('',(2.394037406166,1.));
#13493 = CARTESIAN_POINT('',(2.372827393063,-1.95399252334E-14));
#13494 = ( GEOMETRIC_REPRESENTATION_CONTEXT(2) 
PARAMETRIC_REPRESENTATION_CONTEXT() REPRESENTATION_CONTEXT('2D SPACE',''
  ) );
#13495 = ORIENTED_EDGE('',*,*,#4335,.F.);
#13496 = ORIENTED_EDGE('',*,*,#13447,.T.);
#13497 = ORIENTED_EDGE('',*,*,#8724,.F.);
#13498 = ADVANCED_FACE('',(#13499),#4380,.T.);
#13499 = FACE_BOUND('',#13500,.T.);
#13500 = EDGE_LOOP('',(#13501,#13523,#13524,#13525));
#13501 = ORIENTED_EDGE('',*,*,#13502,.T.);
#13502 = EDGE_CURVE('',#8801,#4364,#13503,.T.);
#13503 = SURFACE_CURVE('',#13504,(#13509,#13515),.PCURVE_S1.);
#13504 = B_SPLINE_CURVE_WITH_KNOTS('',3,(#13505,#13506,#13507,#13508),
  .UNSPECIFIED.,.F.,.F.,(4,4),(0.,1.469222508299E-03),
  .PIECEWISE_BEZIER_KNOTS.);
#13505 = CARTESIAN_POINT('',(13.110330255582,64.053678355611,58.2));
#13506 = CARTESIAN_POINT('',(12.979445683928,63.719972578754,
    58.533705776857));
#13507 = CARTESIAN_POINT('',(12.84674500948,63.386628446724,
    58.867049908887));
#13508 = CARTESIAN_POINT('',(12.712065546008,63.053678355611,59.2));
#13509 = PCURVE('',#4380,#13510);
#13510 = DEFINITIONAL_REPRESENTATION('',(#13511),#13514);
#13511 = B_SPLINE_CURVE_WITH_KNOTS('',1,(#13512,#13513),.UNSPECIFIED.,
  .F.,.F.,(2,2),(0.,1.469222508299E-03),.PIECEWISE_BEZIER_KNOTS.);
#13512 = CARTESIAN_POINT('',(2.318351574219,1.));
#13513 = CARTESIAN_POINT('',(2.339561587321,-1.95399252334E-14));
#13514 = ( GEOMETRIC_REPRESENTATION_CONTEXT(2) 
PARAMETRIC_REPRESENTATION_CONTEXT() REPRESENTATION_CONTEXT('2D SPACE',''
  ) );
#13515 = PCURVE('',#4408,#13516);
#13516 = DEFINITIONAL_REPRESENTATION('',(#13517),#13522);
#13517 = B_SPLINE_CURVE_WITH_KNOTS('',3,(#13518,#13519,#13520,#13521),
  .UNSPECIFIED.,.F.,.F.,(4,4),(0.,1.469222508299E-03),
  .PIECEWISE_BEZIER_KNOTS.);
#13518 = CARTESIAN_POINT('',(13.110330255582,1.414213562373));
#13519 = CARTESIAN_POINT('',(12.979445683928,0.9422823269));
#13520 = CARTESIAN_POINT('',(12.84674500948,0.470862534445));
#13521 = CARTESIAN_POINT('',(12.712065546008,0.));
#13522 = ( GEOMETRIC_REPRESENTATION_CONTEXT(2) 
PARAMETRIC_REPRESENTATION_CONTEXT() REPRESENTATION_CONTEXT('2D SPACE',''
  ) );
#13523 = ORIENTED_EDGE('',*,*,#4363,.F.);
#13524 = ORIENTED_EDGE('',*,*,#13474,.F.);
#13525 = ORIENTED_EDGE('',*,*,#8823,.T.);
#13526 = ADVANCED_FACE('',(#13527),#4408,.T.);
#13527 = FACE_BOUND('',#13528,.T.);
#13528 = EDGE_LOOP('',(#13529,#13550,#13551,#13552));
#13529 = ORIENTED_EDGE('',*,*,#13530,.F.);
#13530 = EDGE_CURVE('',#4393,#8900,#13531,.T.);
#13531 = SURFACE_CURVE('',#13532,(#13536,#13543),.PCURVE_S1.);
#13532 = LINE('',#13533,#13534);
#13533 = CARTESIAN_POINT('',(12.21640125664,64.215110842674,
    58.038567512937));
#13534 = VECTOR('',#13535,1.);
#13535 = DIRECTION('',(0.516964862336,0.605288084762,-0.605288084762));
#13536 = PCURVE('',#4408,#13537);
#13537 = DEFINITIONAL_REPRESENTATION('',(#13538),#13542);
#13538 = LINE('',#13539,#13540);
#13539 = CARTESIAN_POINT('',(12.21640125664,1.642513574985));
#13540 = VECTOR('',#13541,1.);
#13541 = DIRECTION('',(0.516964862336,0.856006618613));
#13542 = ( GEOMETRIC_REPRESENTATION_CONTEXT(2) 
PARAMETRIC_REPRESENTATION_CONTEXT() REPRESENTATION_CONTEXT('2D SPACE',''
  ) );
#13543 = PCURVE('',#4436,#13544);
#13544 = DEFINITIONAL_REPRESENTATION('',(#13545),#13549);
#13545 = LINE('',#13546,#13547);
#13546 = CARTESIAN_POINT('',(0.378026314868,-0.228300012612));
#13547 = VECTOR('',#13548,1.);
#13548 = DIRECTION('',(-0.516964862336,-0.856006618613));
#13549 = ( GEOMETRIC_REPRESENTATION_CONTEXT(2) 
PARAMETRIC_REPRESENTATION_CONTEXT() REPRESENTATION_CONTEXT('2D SPACE',''
  ) );
#13550 = ORIENTED_EDGE('',*,*,#4392,.F.);
#13551 = ORIENTED_EDGE('',*,*,#13502,.F.);
#13552 = ORIENTED_EDGE('',*,*,#8922,.F.);
#13553 = ADVANCED_FACE('',(#13554),#4436,.F.);
#13554 = FACE_BOUND('',#13555,.T.);
#13555 = EDGE_LOOP('',(#13556,#13578,#13579,#13580));
#13556 = ORIENTED_EDGE('',*,*,#13557,.T.);
#13557 = EDGE_CURVE('',#8998,#4421,#13558,.T.);
#13558 = SURFACE_CURVE('',#13559,(#13564,#13572),.PCURVE_S1.);
#13559 = B_SPLINE_CURVE_WITH_KNOTS('',3,(#13560,#13561,#13562,#13563),
  .UNSPECIFIED.,.F.,.F.,(4,4),(0.,1.469222508299E-03),
  .PIECEWISE_BEZIER_KNOTS.);
#13560 = CARTESIAN_POINT('',(11.917114966642,65.072780487495,58.2));
#13561 = CARTESIAN_POINT('',(11.6079925196,64.891304237425,
    58.533705776857));
#13562 = CARTESIAN_POINT('',(11.299511366005,64.708090817515,
    58.867049908887));
#13563 = CARTESIAN_POINT('',(10.991728952833,64.522984612338,59.2));
#13564 = PCURVE('',#4436,#13565);
#13565 = DEFINITIONAL_REPRESENTATION('',(#13566),#13571);
#13566 = B_SPLINE_CURVE_WITH_KNOTS('',3,(#13567,#13568,#13569,#13570),
  .UNSPECIFIED.,.F.,.F.,(4,4),(0.,1.469222508299E-03),
  .PIECEWISE_BEZIER_KNOTS.);
#13567 = CARTESIAN_POINT('',(-0.515902684074,-7.815970093361E-14));
#13568 = CARTESIAN_POINT('',(-0.385018112421,0.471931235473));
#13569 = CARTESIAN_POINT('',(-0.252317437972,0.943351027928));
#13570 = CARTESIAN_POINT('',(-0.1176379745,1.414213562373));
#13571 = ( GEOMETRIC_REPRESENTATION_CONTEXT(2) 
PARAMETRIC_REPRESENTATION_CONTEXT() REPRESENTATION_CONTEXT('2D SPACE',''
  ) );
#13572 = PCURVE('',#4465,#13573);
#13573 = DEFINITIONAL_REPRESENTATION('',(#13574),#13577);
#13574 = B_SPLINE_CURVE_WITH_KNOTS('',1,(#13575,#13576),.UNSPECIFIED.,
  .F.,.F.,(2,2),(0.,1.469222508299E-03),.PIECEWISE_BEZIER_KNOTS.);
#13575 = CARTESIAN_POINT('',(2.236957773486,1.));
#13576 = CARTESIAN_POINT('',(2.215747760384,1.59872115546E-14));
#13577 = ( GEOMETRIC_REPRESENTATION_CONTEXT(2) 
PARAMETRIC_REPRESENTATION_CONTEXT() REPRESENTATION_CONTEXT('2D SPACE',''
  ) );
#13578 = ORIENTED_EDGE('',*,*,#4420,.F.);
#13579 = ORIENTED_EDGE('',*,*,#13530,.T.);
#13580 = ORIENTED_EDGE('',*,*,#9020,.F.);
#13581 = ADVANCED_FACE('',(#13582),#4465,.T.);
#13582 = FACE_BOUND('',#13583,.T.);
#13583 = EDGE_LOOP('',(#13584,#13606,#13607,#13608));
#13584 = ORIENTED_EDGE('',*,*,#13585,.T.);
#13585 = EDGE_CURVE('',#9097,#4449,#13586,.T.);
#13586 = SURFACE_CURVE('',#13587,(#13592,#13598),.PCURVE_S1.);
#13587 = B_SPLINE_CURVE_WITH_KNOTS('',3,(#13588,#13589,#13590,#13591),
  .UNSPECIFIED.,.F.,.F.,(4,4),(0.,1.469222508299E-03),
  .PIECEWISE_BEZIER_KNOTS.);
#13588 = CARTESIAN_POINT('',(10.736602913966,65.930472698587,58.2));
#13589 = CARTESIAN_POINT('',(10.659532833263,65.580400535648,
    58.533705776857));
#13590 = CARTESIAN_POINT('',(10.58061243529,65.230401464018,
    58.867049908887));
#13591 = CARTESIAN_POINT('',(10.499675968888,64.880482031205,59.2));
#13592 = PCURVE('',#4465,#13593);
#13593 = DEFINITIONAL_REPRESENTATION('',(#13594),#13597);
#13594 = B_SPLINE_CURVE_WITH_KNOTS('',1,(#13595,#13596),.UNSPECIFIED.,
  .F.,.F.,(2,2),(0.,1.469222508299E-03),.PIECEWISE_BEZIER_KNOTS.);
#13595 = CARTESIAN_POINT('',(2.161271941539,1.));
#13596 = CARTESIAN_POINT('',(2.182481954642,-1.95399252334E-14));
#13597 = ( GEOMETRIC_REPRESENTATION_CONTEXT(2) 
PARAMETRIC_REPRESENTATION_CONTEXT() REPRESENTATION_CONTEXT('2D SPACE',''
  ) );
#13598 = PCURVE('',#4493,#13599);
#13599 = DEFINITIONAL_REPRESENTATION('',(#13600),#13605);
#13600 = B_SPLINE_CURVE_WITH_KNOTS('',3,(#13601,#13602,#13603,#13604),
  .UNSPECIFIED.,.F.,.F.,(4,4),(0.,1.469222508299E-03),
  .PIECEWISE_BEZIER_KNOTS.);
#13601 = CARTESIAN_POINT('',(13.110330255582,1.414213562373));
#13602 = CARTESIAN_POINT('',(12.979445683928,0.9422823269));
#13603 = CARTESIAN_POINT('',(12.84674500948,0.470862534445));
#13604 = CARTESIAN_POINT('',(12.712065546008,-3.907985046681E-14));
#13605 = ( GEOMETRIC_REPRESENTATION_CONTEXT(2) 
PARAMETRIC_REPRESENTATION_CONTEXT() REPRESENTATION_CONTEXT('2D SPACE',''
  ) );
#13606 = ORIENTED_EDGE('',*,*,#4448,.F.);
#13607 = ORIENTED_EDGE('',*,*,#13557,.F.);
#13608 = ORIENTED_EDGE('',*,*,#9119,.T.);
#13609 = ADVANCED_FACE('',(#13610),#4493,.T.);
#13610 = FACE_BOUND('',#13611,.T.);
#13611 = EDGE_LOOP('',(#13612,#13633,#13634,#13635));
#13612 = ORIENTED_EDGE('',*,*,#13613,.F.);
#13613 = EDGE_CURVE('',#4478,#9196,#13614,.T.);
#13614 = SURFACE_CURVE('',#13615,(#13619,#13626),.PCURVE_S1.);
#13615 = LINE('',#13616,#13617);
#13616 = CARTESIAN_POINT('',(9.828426059637,65.950076379119,
    58.038567512937));
#13617 = VECTOR('',#13618,1.);
#13618 = DIRECTION('',(0.415912249292,0.678707105705,-0.605288084762));
#13619 = PCURVE('',#4493,#13620);
#13620 = DEFINITIONAL_REPRESENTATION('',(#13621),#13625);
#13621 = LINE('',#13622,#13623);
#13622 = CARTESIAN_POINT('',(12.21640125664,1.642513574985));
#13623 = VECTOR('',#13624,1.);
#13624 = DIRECTION('',(0.516964862336,0.856006618613));
#13625 = ( GEOMETRIC_REPRESENTATION_CONTEXT(2) 
PARAMETRIC_REPRESENTATION_CONTEXT() REPRESENTATION_CONTEXT('2D SPACE',''
  ) );
#13626 = PCURVE('',#4521,#13627);
#13627 = DEFINITIONAL_REPRESENTATION('',(#13628),#13632);
#13628 = LINE('',#13629,#13630);
#13629 = CARTESIAN_POINT('',(0.378026314868,-0.228300012612));
#13630 = VECTOR('',#13631,1.);
#13631 = DIRECTION('',(-0.516964862336,-0.856006618613));
#13632 = ( GEOMETRIC_REPRESENTATION_CONTEXT(2) 
PARAMETRIC_REPRESENTATION_CONTEXT() REPRESENTATION_CONTEXT('2D SPACE',''
  ) );
#13633 = ORIENTED_EDGE('',*,*,#4477,.F.);
#13634 = ORIENTED_EDGE('',*,*,#13585,.F.);
#13635 = ORIENTED_EDGE('',*,*,#9218,.F.);
#13636 = ADVANCED_FACE('',(#13637),#4521,.F.);
#13637 = FACE_BOUND('',#13638,.T.);
#13638 = EDGE_LOOP('',(#13639,#13661,#13662,#13663));
#13639 = ORIENTED_EDGE('',*,*,#13640,.T.);
#13640 = EDGE_CURVE('',#9294,#4506,#13641,.T.);
#13641 = SURFACE_CURVE('',#13642,(#13647,#13655),.PCURVE_S1.);
#13642 = B_SPLINE_CURVE_WITH_KNOTS('',3,(#13643,#13644,#13645,#13646),
  .UNSPECIFIED.,.F.,.F.,(4,4),(0.,1.469222508299E-03),
  .PIECEWISE_BEZIER_KNOTS.);
#13643 = CARTESIAN_POINT('',(9.398655388436,66.750367996721,58.2));
#13644 = CARTESIAN_POINT('',(9.121727891774,66.522768615798,
    58.533705776857));
#13645 = CARTESIAN_POINT('',(8.845705546407,66.293553772874,
    58.867049908887));
#13646 = CARTESIAN_POINT('',(8.570669435659,66.062578755095,59.2));
#13647 = PCURVE('',#4521,#13648);
#13648 = DEFINITIONAL_REPRESENTATION('',(#13649),#13654);
#13649 = B_SPLINE_CURVE_WITH_KNOTS('',3,(#13650,#13651,#13652,#13653),
  .UNSPECIFIED.,.F.,.F.,(4,4),(0.,1.469222508299E-03),
  .PIECEWISE_BEZIER_KNOTS.);
#13650 = CARTESIAN_POINT('',(-0.515902684074,3.552713678801E-15));
#13651 = CARTESIAN_POINT('',(-0.385018112421,0.471931235473));
#13652 = CARTESIAN_POINT('',(-0.252317437972,0.943351027928));
#13653 = CARTESIAN_POINT('',(-0.1176379745,1.414213562373));
#13654 = ( GEOMETRIC_REPRESENTATION_CONTEXT(2) 
PARAMETRIC_REPRESENTATION_CONTEXT() REPRESENTATION_CONTEXT('2D SPACE',''
  ) );
#13655 = PCURVE('',#4550,#13656);
#13656 = DEFINITIONAL_REPRESENTATION('',(#13657),#13660);
#13657 = B_SPLINE_CURVE_WITH_KNOTS('',1,(#13658,#13659),.UNSPECIFIED.,
  .F.,.F.,(2,2),(0.,1.469222508299E-03),.PIECEWISE_BEZIER_KNOTS.);
#13658 = CARTESIAN_POINT('',(2.079878140807,1.));
#13659 = CARTESIAN_POINT('',(2.058668127705,8.881784197001E-15));
#13660 = ( GEOMETRIC_REPRESENTATION_CONTEXT(2) 
PARAMETRIC_REPRESENTATION_CONTEXT() REPRESENTATION_CONTEXT('2D SPACE',''
  ) );
#13661 = ORIENTED_EDGE('',*,*,#4505,.F.);
#13662 = ORIENTED_EDGE('',*,*,#13613,.T.);
#13663 = ORIENTED_EDGE('',*,*,#9316,.F.);
#13664 = ADVANCED_FACE('',(#13665),#4550,.T.);
#13665 = FACE_BOUND('',#13666,.T.);
#13666 = EDGE_LOOP('',(#13667,#13689,#13690,#13691));
#13667 = ORIENTED_EDGE('',*,*,#13668,.T.);
#13668 = EDGE_CURVE('',#9393,#4534,#13669,.T.);
#13669 = SURFACE_CURVE('',#13670,(#13675,#13681),.PCURVE_S1.);
#13670 = B_SPLINE_CURVE_WITH_KNOTS('',3,(#13671,#13672,#13673,#13674),
  .UNSPECIFIED.,.F.,.F.,(4,4),(0.,1.469222508299E-03),
  .PIECEWISE_BEZIER_KNOTS.);
#13671 = CARTESIAN_POINT('',(8.098504775865,67.412827822002,58.2));
#13672 = CARTESIAN_POINT('',(8.077146907281,67.055009211455,
    58.533705776857));
#13673 = CARTESIAN_POINT('',(8.053950067903,66.696973338949,
    58.867049908887));
#13674 = CARTESIAN_POINT('',(8.028749522988,66.338700742189,59.2));
#13675 = PCURVE('',#4550,#13676);
#13676 = DEFINITIONAL_REPRESENTATION('',(#13677),#13680);
#13677 = B_SPLINE_CURVE_WITH_KNOTS('',1,(#13678,#13679),.UNSPECIFIED.,
  .F.,.F.,(2,2),(0.,1.469222508299E-03),.PIECEWISE_BEZIER_KNOTS.);
#13678 = CARTESIAN_POINT('',(2.00419230886,1.));
#13679 = CARTESIAN_POINT('',(2.025402321962,-1.7763568394E-15));
#13680 = ( GEOMETRIC_REPRESENTATION_CONTEXT(2) 
PARAMETRIC_REPRESENTATION_CONTEXT() REPRESENTATION_CONTEXT('2D SPACE',''
  ) );
#13681 = PCURVE('',#4578,#13682);
#13682 = DEFINITIONAL_REPRESENTATION('',(#13683),#13688);
#13683 = B_SPLINE_CURVE_WITH_KNOTS('',3,(#13684,#13685,#13686,#13687),
  .UNSPECIFIED.,.F.,.F.,(4,4),(0.,1.469222508299E-03),
  .PIECEWISE_BEZIER_KNOTS.);
#13684 = CARTESIAN_POINT('',(13.110330255582,1.414213562373));
#13685 = CARTESIAN_POINT('',(12.979445683928,0.9422823269));
#13686 = CARTESIAN_POINT('',(12.84674500948,0.470862534445));
#13687 = CARTESIAN_POINT('',(12.712065546008,1.42108547152E-14));
#13688 = ( GEOMETRIC_REPRESENTATION_CONTEXT(2) 
PARAMETRIC_REPRESENTATION_CONTEXT() REPRESENTATION_CONTEXT('2D SPACE',''
  ) );
#13689 = ORIENTED_EDGE('',*,*,#4533,.F.);
#13690 = ORIENTED_EDGE('',*,*,#13640,.F.);
#13691 = ORIENTED_EDGE('',*,*,#9415,.T.);
#13692 = ADVANCED_FACE('',(#13693),#4578,.T.);
#13693 = FACE_BOUND('',#13694,.T.);
#13694 = EDGE_LOOP('',(#13695,#13716,#13717,#13718));
#13695 = ORIENTED_EDGE('',*,*,#13696,.F.);
#13696 = EDGE_CURVE('',#4563,#9492,#13697,.T.);
#13697 = SURFACE_CURVE('',#13698,(#13702,#13709),.PCURVE_S1.);
#13698 = LINE('',#13699,#13700);
#13699 = CARTESIAN_POINT('',(7.198442394369,67.290119988327,
    58.038567512937));
#13700 = VECTOR('',#13701,1.);
#13701 = DIRECTION('',(0.304618496337,0.735414105205,-0.605288084762));
#13702 = PCURVE('',#4578,#13703);
#13703 = DEFINITIONAL_REPRESENTATION('',(#13704),#13708);
#13704 = LINE('',#13705,#13706);
#13705 = CARTESIAN_POINT('',(12.21640125664,1.642513574985));
#13706 = VECTOR('',#13707,1.);
#13707 = DIRECTION('',(0.516964862336,0.856006618613));
#13708 = ( GEOMETRIC_REPRESENTATION_CONTEXT(2) 
PARAMETRIC_REPRESENTATION_CONTEXT() REPRESENTATION_CONTEXT('2D SPACE',''
  ) );
#13709 = PCURVE('',#4606,#13710);
#13710 = DEFINITIONAL_REPRESENTATION('',(#13711),#13715);
#13711 = LINE('',#13712,#13713);
#13712 = CARTESIAN_POINT('',(0.378026314868,-0.228300012612));
#13713 = VECTOR('',#13714,1.);
#13714 = DIRECTION('',(-0.516964862336,-0.856006618613));
#13715 = ( GEOMETRIC_REPRESENTATION_CONTEXT(2) 
PARAMETRIC_REPRESENTATION_CONTEXT() REPRESENTATION_CONTEXT('2D SPACE',''
  ) );
#13716 = ORIENTED_EDGE('',*,*,#4562,.F.);
#13717 = ORIENTED_EDGE('',*,*,#13668,.F.);
#13718 = ORIENTED_EDGE('',*,*,#9514,.F.);
#13719 = ADVANCED_FACE('',(#13720),#4606,.F.);
#13720 = FACE_BOUND('',#13721,.T.);
#13721 = EDGE_LOOP('',(#13722,#13744,#13745,#13746));
#13722 = ORIENTED_EDGE('',*,*,#13723,.T.);
#13723 = EDGE_CURVE('',#9590,#4591,#13724,.T.);
#13724 = SURFACE_CURVE('',#13725,(#13730,#13738),.PCURVE_S1.);
#13725 = B_SPLINE_CURVE_WITH_KNOTS('',3,(#13726,#13727,#13728,#13729),
  .UNSPECIFIED.,.F.,.F.,(4,4),(0.,1.469222508299E-03),
  .PIECEWISE_BEZIER_KNOTS.);
#13726 = CARTESIAN_POINT('',(6.648769722219,68.01332774307,58.2));
#13727 = CARTESIAN_POINT('',(6.410856049974,67.74520948341,
    58.533705776857));
#13728 = CARTESIAN_POINT('',(6.174089099043,67.475637247626,
    58.867049908887));
#13729 = CARTESIAN_POINT('',(5.938571592559,67.204480788746,59.2));
#13730 = PCURVE('',#4606,#13731);
#13731 = DEFINITIONAL_REPRESENTATION('',(#13732),#13737);
#13732 = B_SPLINE_CURVE_WITH_KNOTS('',3,(#13733,#13734,#13735,#13736),
  .UNSPECIFIED.,.F.,.F.,(4,4),(0.,1.469222508299E-03),
  .PIECEWISE_BEZIER_KNOTS.);
#13733 = CARTESIAN_POINT('',(-0.515902684074,-1.7763568394E-14));
#13734 = CARTESIAN_POINT('',(-0.38501811242,0.471931235473));
#13735 = CARTESIAN_POINT('',(-0.252317437972,0.943351027928));
#13736 = CARTESIAN_POINT('',(-0.1176379745,1.414213562373));
#13737 = ( GEOMETRIC_REPRESENTATION_CONTEXT(2) 
PARAMETRIC_REPRESENTATION_CONTEXT() REPRESENTATION_CONTEXT('2D SPACE',''
  ) );
#13738 = PCURVE('',#4635,#13739);
#13739 = DEFINITIONAL_REPRESENTATION('',(#13740),#13743);
#13740 = B_SPLINE_CURVE_WITH_KNOTS('',1,(#13741,#13742),.UNSPECIFIED.,
  .F.,.F.,(2,2),(0.,1.469222508299E-03),.PIECEWISE_BEZIER_KNOTS.);
#13741 = CARTESIAN_POINT('',(1.922798508127,1.));
#13742 = CARTESIAN_POINT('',(1.901588495025,-5.329070518201E-15));
#13743 = ( GEOMETRIC_REPRESENTATION_CONTEXT(2) 
PARAMETRIC_REPRESENTATION_CONTEXT() REPRESENTATION_CONTEXT('2D SPACE',''
  ) );
#13744 = ORIENTED_EDGE('',*,*,#4590,.F.);
#13745 = ORIENTED_EDGE('',*,*,#13696,.T.);
#13746 = ORIENTED_EDGE('',*,*,#9612,.F.);
#13747 = ADVANCED_FACE('',(#13748),#4635,.T.);
#13748 = FACE_BOUND('',#13749,.T.);
#13749 = EDGE_LOOP('',(#13750,#13772,#13773,#13774));
#13750 = ORIENTED_EDGE('',*,*,#13751,.T.);
#13751 = EDGE_CURVE('',#9689,#4619,#13752,.T.);
#13752 = SURFACE_CURVE('',#13753,(#13758,#13764),.PCURVE_S1.);
#13753 = B_SPLINE_CURVE_WITH_KNOTS('',3,(#13754,#13755,#13756,#13757),
  .UNSPECIFIED.,.F.,.F.,(4,4),(0.,1.469222508299E-03),
  .PIECEWISE_BEZIER_KNOTS.);
#13754 = CARTESIAN_POINT('',(5.260994572786,68.464243223063,58.2));
#13755 = CARTESIAN_POINT('',(5.295874817928,68.107488846631,
    58.533705776857));
#13756 = CARTESIAN_POINT('',(5.328972720316,67.750232204684,
    58.867049908887));
#13757 = CARTESIAN_POINT('',(5.360128617941,67.392428304347,59.2));
#13758 = PCURVE('',#4635,#13759);
#13759 = DEFINITIONAL_REPRESENTATION('',(#13760),#13763);
#13760 = B_SPLINE_CURVE_WITH_KNOTS('',1,(#13761,#13762),.UNSPECIFIED.,
  .F.,.F.,(2,2),(0.,1.469222508299E-03),.PIECEWISE_BEZIER_KNOTS.);
#13761 = CARTESIAN_POINT('',(1.84711267618,1.));
#13762 = CARTESIAN_POINT('',(1.868322689283,4.085620730621E-14));
#13763 = ( GEOMETRIC_REPRESENTATION_CONTEXT(2) 
PARAMETRIC_REPRESENTATION_CONTEXT() REPRESENTATION_CONTEXT('2D SPACE',''
  ) );
#13764 = PCURVE('',#4663,#13765);
#13765 = DEFINITIONAL_REPRESENTATION('',(#13766),#13771);
#13766 = B_SPLINE_CURVE_WITH_KNOTS('',3,(#13767,#13768,#13769,#13770),
  .UNSPECIFIED.,.F.,.F.,(4,4),(0.,1.469222508299E-03),
  .PIECEWISE_BEZIER_KNOTS.);
#13767 = CARTESIAN_POINT('',(13.110330255582,1.414213562373));
#13768 = CARTESIAN_POINT('',(12.979445683928,0.9422823269));
#13769 = CARTESIAN_POINT('',(12.84674500948,0.470862534445));
#13770 = CARTESIAN_POINT('',(12.712065546008,6.039613253961E-14));
#13771 = ( GEOMETRIC_REPRESENTATION_CONTEXT(2) 
PARAMETRIC_REPRESENTATION_CONTEXT() REPRESENTATION_CONTEXT('2D SPACE',''
  ) );
#13772 = ORIENTED_EDGE('',*,*,#4618,.F.);
#13773 = ORIENTED_EDGE('',*,*,#13723,.F.);
#13774 = ORIENTED_EDGE('',*,*,#9711,.T.);
#13775 = ADVANCED_FACE('',(#13776),#4663,.T.);
#13776 = FACE_BOUND('',#13777,.T.);
#13777 = EDGE_LOOP('',(#13778,#13799,#13800,#13801));
#13778 = ORIENTED_EDGE('',*,*,#13779,.F.);
#13779 = EDGE_CURVE('',#4648,#9788,#13780,.T.);
#13780 = SURFACE_CURVE('',#13781,(#13785,#13792),.PCURVE_S1.);
#13781 = LINE('',#13782,#13783);
#13782 = CARTESIAN_POINT('',(4.391209187091,68.202245349291,
    58.038567512937));
#13783 = VECTOR('',#13784,1.);
#13784 = DIRECTION('',(0.18582402503,0.774012768736,-0.605288084762));
#13785 = PCURVE('',#4663,#13786);
#13786 = DEFINITIONAL_REPRESENTATION('',(#13787),#13791);
#13787 = LINE('',#13788,#13789);
#13788 = CARTESIAN_POINT('',(12.21640125664,1.642513574985));
#13789 = VECTOR('',#13790,1.);
#13790 = DIRECTION('',(0.516964862336,0.856006618613));
#13791 = ( GEOMETRIC_REPRESENTATION_CONTEXT(2) 
PARAMETRIC_REPRESENTATION_CONTEXT() REPRESENTATION_CONTEXT('2D SPACE',''
  ) );
#13792 = PCURVE('',#4691,#13793);
#13793 = DEFINITIONAL_REPRESENTATION('',(#13794),#13798);
#13794 = LINE('',#13795,#13796);
#13795 = CARTESIAN_POINT('',(0.378026314868,-0.228300012612));
#13796 = VECTOR('',#13797,1.);
#13797 = DIRECTION('',(-0.516964862336,-0.856006618613));
#13798 = ( GEOMETRIC_REPRESENTATION_CONTEXT(2) 
PARAMETRIC_REPRESENTATION_CONTEXT() REPRESENTATION_CONTEXT('2D SPACE',''
  ) );
#13799 = ORIENTED_EDGE('',*,*,#4647,.F.);
#13800 = ORIENTED_EDGE('',*,*,#13751,.F.);
#13801 = ORIENTED_EDGE('',*,*,#9810,.F.);
#13802 = ADVANCED_FACE('',(#13803),#4691,.F.);
#13803 = FACE_BOUND('',#13804,.T.);
#13804 = EDGE_LOOP('',(#13805,#13827,#13828,#13829));
#13805 = ORIENTED_EDGE('',*,*,#13806,.T.);
#13806 = EDGE_CURVE('',#9886,#4676,#13807,.T.);
#13807 = SURFACE_CURVE('',#13808,(#13813,#13821),.PCURVE_S1.);
#13808 = B_SPLINE_CURVE_WITH_KNOTS('',3,(#13809,#13810,#13811,#13812),
  .UNSPECIFIED.,.F.,.F.,(4,4),(0.,1.469222508299E-03),
  .PIECEWISE_BEZIER_KNOTS.);
#13809 = CARTESIAN_POINT('',(3.735169279439,68.830561466063,58.2));
#13810 = CARTESIAN_POINT('',(3.542127655811,68.528526289053,
    58.533705776857));
#13811 = CARTESIAN_POINT('',(3.350446087433,68.225234423513,
    58.867049908887));
#13812 = CARTESIAN_POINT('',(3.16024640786,67.920573295465,59.2));
#13813 = PCURVE('',#4691,#13814);
#13814 = DEFINITIONAL_REPRESENTATION('',(#13815),#13820);
#13815 = B_SPLINE_CURVE_WITH_KNOTS('',3,(#13816,#13817,#13818,#13819),
  .UNSPECIFIED.,.F.,.F.,(4,4),(0.,1.469222508299E-03),
  .PIECEWISE_BEZIER_KNOTS.);
#13816 = CARTESIAN_POINT('',(-0.515902684074,7.105427357601E-15));
#13817 = CARTESIAN_POINT('',(-0.38501811242,0.471931235473));
#13818 = CARTESIAN_POINT('',(-0.252317437972,0.943351027928));
#13819 = CARTESIAN_POINT('',(-0.1176379745,1.414213562373));
#13820 = ( GEOMETRIC_REPRESENTATION_CONTEXT(2) 
PARAMETRIC_REPRESENTATION_CONTEXT() REPRESENTATION_CONTEXT('2D SPACE',''
  ) );
#13821 = PCURVE('',#4720,#13822);
#13822 = DEFINITIONAL_REPRESENTATION('',(#13823),#13826);
#13823 = B_SPLINE_CURVE_WITH_KNOTS('',1,(#13824,#13825),.UNSPECIFIED.,
  .F.,.F.,(2,2),(0.,1.469222508299E-03),.PIECEWISE_BEZIER_KNOTS.);
#13824 = CARTESIAN_POINT('',(1.765718875448,1.));
#13825 = CARTESIAN_POINT('',(1.744508862346,-8.881784197001E-15));
#13826 = ( GEOMETRIC_REPRESENTATION_CONTEXT(2) 
PARAMETRIC_REPRESENTATION_CONTEXT() REPRESENTATION_CONTEXT('2D SPACE',''
  ) );
#13827 = ORIENTED_EDGE('',*,*,#4675,.F.);
#13828 = ORIENTED_EDGE('',*,*,#13779,.T.);
#13829 = ORIENTED_EDGE('',*,*,#9908,.F.);
#13830 = ADVANCED_FACE('',(#13831),#4720,.T.);
#13831 = FACE_BOUND('',#13832,.T.);
#13832 = EDGE_LOOP('',(#13833,#13855,#13856,#13857));
#13833 = ORIENTED_EDGE('',*,*,#13834,.T.);
#13834 = EDGE_CURVE('',#9985,#4704,#13835,.T.);
#13835 = SURFACE_CURVE('',#13836,(#13841,#13847),.PCURVE_S1.);
#13836 = B_SPLINE_CURVE_WITH_KNOTS('',3,(#13837,#13838,#13839,#13840),
  .UNSPECIFIED.,.F.,.F.,(4,4),(0.,1.469222508299E-03),
  .PIECEWISE_BEZIER_KNOTS.);
#13837 = CARTESIAN_POINT('',(2.293941223085,69.058829565149,58.2));
#13838 = CARTESIAN_POINT('',(2.384200714557,68.71192389958,
    58.533705776857));
#13839 = CARTESIAN_POINT('',(2.472778378509,68.364243332382,
    58.867049908887));
#13840 = CARTESIAN_POINT('',(2.559523557072,68.015718447977,59.2));
#13841 = PCURVE('',#4720,#13842);
#13842 = DEFINITIONAL_REPRESENTATION('',(#13843),#13846);
#13843 = B_SPLINE_CURVE_WITH_KNOTS('',1,(#13844,#13845),.UNSPECIFIED.,
  .F.,.F.,(2,2),(0.,1.469222508299E-03),.PIECEWISE_BEZIER_KNOTS.);
#13844 = CARTESIAN_POINT('',(1.690033043501,1.));
#13845 = CARTESIAN_POINT('',(1.711243056603,8.881784197001E-15));
#13846 = ( GEOMETRIC_REPRESENTATION_CONTEXT(2) 
PARAMETRIC_REPRESENTATION_CONTEXT() REPRESENTATION_CONTEXT('2D SPACE',''
  ) );
#13847 = PCURVE('',#4748,#13848);
#13848 = DEFINITIONAL_REPRESENTATION('',(#13849),#13854);
#13849 = B_SPLINE_CURVE_WITH_KNOTS('',3,(#13850,#13851,#13852,#13853),
  .UNSPECIFIED.,.F.,.F.,(4,4),(0.,1.469222508299E-03),
  .PIECEWISE_BEZIER_KNOTS.);
#13850 = CARTESIAN_POINT('',(13.110330255582,1.414213562373));
#13851 = CARTESIAN_POINT('',(12.979445683928,0.9422823269));
#13852 = CARTESIAN_POINT('',(12.84674500948,0.470862534445));
#13853 = CARTESIAN_POINT('',(12.712065546008,3.552713678801E-15));
#13854 = ( GEOMETRIC_REPRESENTATION_CONTEXT(2) 
PARAMETRIC_REPRESENTATION_CONTEXT() REPRESENTATION_CONTEXT('2D SPACE',''
  ) );
#13855 = ORIENTED_EDGE('',*,*,#4703,.F.);
#13856 = ORIENTED_EDGE('',*,*,#13806,.F.);
#13857 = ORIENTED_EDGE('',*,*,#10007,.T.);
#13858 = ADVANCED_FACE('',(#13859),#4748,.T.);
#13859 = FACE_BOUND('',#13860,.T.);
#13860 = EDGE_LOOP('',(#13861,#13882,#13883,#13884));
#13861 = ORIENTED_EDGE('',*,*,#13862,.F.);
#13862 = EDGE_CURVE('',#4733,#10084,#13863,.T.);
#13863 = SURFACE_CURVE('',#13864,(#13868,#13875),.PCURVE_S1.);
#13864 = LINE('',#13865,#13866);
#13865 = CARTESIAN_POINT('',(1.47584983604,68.663992908452,
    58.038567512937));
#13866 = VECTOR('',#13867,1.);
#13867 = DIRECTION('',(6.245394951338E-02,0.7935526691,-0.605288084762)
  );
#13868 = PCURVE('',#4748,#13869);
#13869 = DEFINITIONAL_REPRESENTATION('',(#13870),#13874);
#13870 = LINE('',#13871,#13872);
#13871 = CARTESIAN_POINT('',(12.21640125664,1.642513574985));
#13872 = VECTOR('',#13873,1.);
#13873 = DIRECTION('',(0.516964862336,0.856006618613));
#13874 = ( GEOMETRIC_REPRESENTATION_CONTEXT(2) 
PARAMETRIC_REPRESENTATION_CONTEXT() REPRESENTATION_CONTEXT('2D SPACE',''
  ) );
#13875 = PCURVE('',#4776,#13876);
#13876 = DEFINITIONAL_REPRESENTATION('',(#13877),#13881);
#13877 = LINE('',#13878,#13879);
#13878 = CARTESIAN_POINT('',(0.378026314868,-0.228300012612));
#13879 = VECTOR('',#13880,1.);
#13880 = DIRECTION('',(-0.516964862336,-0.856006618613));
#13881 = ( GEOMETRIC_REPRESENTATION_CONTEXT(2) 
PARAMETRIC_REPRESENTATION_CONTEXT() REPRESENTATION_CONTEXT('2D SPACE',''
  ) );
#13882 = ORIENTED_EDGE('',*,*,#4732,.F.);
#13883 = ORIENTED_EDGE('',*,*,#13834,.F.);
#13884 = ORIENTED_EDGE('',*,*,#10106,.F.);
#13885 = ADVANCED_FACE('',(#13886),#4776,.F.);
#13886 = FACE_BOUND('',#13887,.T.);
#13887 = EDGE_LOOP('',(#13888,#13910,#13911,#13912));
#13888 = ORIENTED_EDGE('',*,*,#13889,.T.);
#13889 = EDGE_CURVE('',#10182,#4761,#13890,.T.);
#13890 = SURFACE_CURVE('',#13891,(#13896,#13904),.PCURVE_S1.);
#13891 = B_SPLINE_CURVE_WITH_KNOTS('',3,(#13892,#13893,#13894,#13895),
  .UNSPECIFIED.,.F.,.F.,(4,4),(0.,1.469222508299E-03),
  .PIECEWISE_BEZIER_KNOTS.);
#13892 = CARTESIAN_POINT('',(0.729596572683,69.181946159198,58.2));
#13893 = CARTESIAN_POINT('',(0.586180323115,68.853431173292,
    58.533705776857));
#13894 = CARTESIAN_POINT('',(0.444303973658,68.523887730294,
    58.867049908887));
#13895 = CARTESIAN_POINT('',(0.304105468344,68.193223701163,59.2));
#13896 = PCURVE('',#4776,#13897);
#13897 = DEFINITIONAL_REPRESENTATION('',(#13898),#13903);
#13898 = B_SPLINE_CURVE_WITH_KNOTS('',3,(#13899,#13900,#13901,#13902),
  .UNSPECIFIED.,.F.,.F.,(4,4),(0.,1.469222508299E-03),
  .PIECEWISE_BEZIER_KNOTS.);
#13899 = CARTESIAN_POINT('',(-0.515902684074,-3.19744231092E-14));
#13900 = CARTESIAN_POINT('',(-0.38501811242,0.471931235473));
#13901 = CARTESIAN_POINT('',(-0.252317437972,0.943351027928));
#13902 = CARTESIAN_POINT('',(-0.1176379745,1.414213562373));
#13903 = ( GEOMETRIC_REPRESENTATION_CONTEXT(2) 
PARAMETRIC_REPRESENTATION_CONTEXT() REPRESENTATION_CONTEXT('2D SPACE',''
  ) );
#13904 = PCURVE('',#4805,#13905);
#13905 = DEFINITIONAL_REPRESENTATION('',(#13906),#13909);
#13906 = B_SPLINE_CURVE_WITH_KNOTS('',1,(#13907,#13908),.UNSPECIFIED.,
  .F.,.F.,(2,2),(0.,1.469222508299E-03),.PIECEWISE_BEZIER_KNOTS.);
#13907 = CARTESIAN_POINT('',(1.608639242768,1.));
#13908 = CARTESIAN_POINT('',(1.587429229666,-2.84217094304E-14));
#13909 = ( GEOMETRIC_REPRESENTATION_CONTEXT(2) 
PARAMETRIC_REPRESENTATION_CONTEXT() REPRESENTATION_CONTEXT('2D SPACE',''
  ) );
#13910 = ORIENTED_EDGE('',*,*,#4760,.F.);
#13911 = ORIENTED_EDGE('',*,*,#13862,.T.);
#13912 = ORIENTED_EDGE('',*,*,#10204,.F.);
#13913 = ADVANCED_FACE('',(#13914),#4805,.T.);
#13914 = FACE_BOUND('',#13915,.T.);
#13915 = EDGE_LOOP('',(#13916,#13938,#13939,#13940));
#13916 = ORIENTED_EDGE('',*,*,#13917,.T.);
#13917 = EDGE_CURVE('',#10281,#4789,#13918,.T.);
#13918 = SURFACE_CURVE('',#13919,(#13924,#13930),.PCURVE_S1.);
#13919 = B_SPLINE_CURVE_WITH_KNOTS('',3,(#13920,#13921,#13922,#13923),
  .UNSPECIFIED.,.F.,.F.,(4,4),(0.,1.469222508299E-03),
  .PIECEWISE_BEZIER_KNOTS.);
#13920 = CARTESIAN_POINT('',(-0.729596572683,69.181946159198,58.2));
#13921 = CARTESIAN_POINT('',(-0.586180323115,68.853431173292,
    58.533705776857));
#13922 = CARTESIAN_POINT('',(-0.444303973658,68.523887730294,
    58.867049908887));
#13923 = CARTESIAN_POINT('',(-0.304105468344,68.193223701163,59.2));
#13924 = PCURVE('',#4805,#13925);
#13925 = DEFINITIONAL_REPRESENTATION('',(#13926),#13929);
#13926 = B_SPLINE_CURVE_WITH_KNOTS('',1,(#13927,#13928),.UNSPECIFIED.,
  .F.,.F.,(2,2),(0.,1.469222508299E-03),.PIECEWISE_BEZIER_KNOTS.);
#13927 = CARTESIAN_POINT('',(1.532953410821,1.));
#13928 = CARTESIAN_POINT('',(1.554163423924,-3.01980662698E-14));
#13929 = ( GEOMETRIC_REPRESENTATION_CONTEXT(2) 
PARAMETRIC_REPRESENTATION_CONTEXT() REPRESENTATION_CONTEXT('2D SPACE',''
  ) );
#13930 = PCURVE('',#4833,#13931);
#13931 = DEFINITIONAL_REPRESENTATION('',(#13932),#13937);
#13932 = B_SPLINE_CURVE_WITH_KNOTS('',3,(#13933,#13934,#13935,#13936),
  .UNSPECIFIED.,.F.,.F.,(4,4),(0.,1.469222508299E-03),
  .PIECEWISE_BEZIER_KNOTS.);
#13933 = CARTESIAN_POINT('',(13.110330255582,1.414213562373));
#13934 = CARTESIAN_POINT('',(12.979445683928,0.9422823269));
#13935 = CARTESIAN_POINT('',(12.84674500948,0.470862534445));
#13936 = CARTESIAN_POINT('',(12.712065546008,-1.7763568394E-14));
#13937 = ( GEOMETRIC_REPRESENTATION_CONTEXT(2) 
PARAMETRIC_REPRESENTATION_CONTEXT() REPRESENTATION_CONTEXT('2D SPACE',''
  ) );
#13938 = ORIENTED_EDGE('',*,*,#4788,.F.);
#13939 = ORIENTED_EDGE('',*,*,#13889,.F.);
#13940 = ORIENTED_EDGE('',*,*,#10303,.T.);
#13941 = ADVANCED_FACE('',(#13942),#4833,.T.);
#13942 = FACE_BOUND('',#13943,.T.);
#13943 = EDGE_LOOP('',(#13944,#13965,#13966,#13967));
#13944 = ORIENTED_EDGE('',*,*,#13945,.F.);
#13945 = EDGE_CURVE('',#4818,#10380,#13946,.T.);
#13946 = SURFACE_CURVE('',#13947,(#13951,#13958),.PCURVE_S1.);
#13947 = LINE('',#13948,#13949);
#13948 = CARTESIAN_POINT('',(-1.47584983604,68.663992908452,
    58.038567512937));
#13949 = VECTOR('',#13950,1.);
#13950 = DIRECTION('',(-6.245394951339E-02,0.7935526691,-0.605288084762)
  );
#13951 = PCURVE('',#4833,#13952);
#13952 = DEFINITIONAL_REPRESENTATION('',(#13953),#13957);
#13953 = LINE('',#13954,#13955);
#13954 = CARTESIAN_POINT('',(12.21640125664,1.642513574985));
#13955 = VECTOR('',#13956,1.);
#13956 = DIRECTION('',(0.516964862336,0.856006618613));
#13957 = ( GEOMETRIC_REPRESENTATION_CONTEXT(2) 
PARAMETRIC_REPRESENTATION_CONTEXT() REPRESENTATION_CONTEXT('2D SPACE',''
  ) );
#13958 = PCURVE('',#4861,#13959);
#13959 = DEFINITIONAL_REPRESENTATION('',(#13960),#13964);
#13960 = LINE('',#13961,#13962);
#13961 = CARTESIAN_POINT('',(0.378026314868,-0.228300012612));
#13962 = VECTOR('',#13963,1.);
#13963 = DIRECTION('',(-0.516964862336,-0.856006618613));
#13964 = ( GEOMETRIC_REPRESENTATION_CONTEXT(2) 
PARAMETRIC_REPRESENTATION_CONTEXT() REPRESENTATION_CONTEXT('2D SPACE',''
  ) );
#13965 = ORIENTED_EDGE('',*,*,#4817,.F.);
#13966 = ORIENTED_EDGE('',*,*,#13917,.F.);
#13967 = ORIENTED_EDGE('',*,*,#10402,.F.);
#13968 = ADVANCED_FACE('',(#13969),#4861,.F.);
#13969 = FACE_BOUND('',#13970,.T.);
#13970 = EDGE_LOOP('',(#13971,#13993,#13994,#13995));
#13971 = ORIENTED_EDGE('',*,*,#13972,.T.);
#13972 = EDGE_CURVE('',#10478,#4846,#13973,.T.);
#13973 = SURFACE_CURVE('',#13974,(#13979,#13987),.PCURVE_S1.);
#13974 = B_SPLINE_CURVE_WITH_KNOTS('',3,(#13975,#13976,#13977,#13978),
  .UNSPECIFIED.,.F.,.F.,(4,4),(0.,1.469222508299E-03),
  .PIECEWISE_BEZIER_KNOTS.);
#13975 = CARTESIAN_POINT('',(-2.293941223085,69.058829565149,58.2));
#13976 = CARTESIAN_POINT('',(-2.384200714557,68.71192389958,
    58.533705776857));
#13977 = CARTESIAN_POINT('',(-2.472778378509,68.364243332382,
    58.867049908887));
#13978 = CARTESIAN_POINT('',(-2.559523557072,68.015718447977,59.2));
#13979 = PCURVE('',#4861,#13980);
#13980 = DEFINITIONAL_REPRESENTATION('',(#13981),#13986);
#13981 = B_SPLINE_CURVE_WITH_KNOTS('',3,(#13982,#13983,#13984,#13985),
  .UNSPECIFIED.,.F.,.F.,(4,4),(0.,1.469222508299E-03),
  .PIECEWISE_BEZIER_KNOTS.);
#13982 = CARTESIAN_POINT('',(-0.515902684074,1.06581410364E-14));
#13983 = CARTESIAN_POINT('',(-0.38501811242,0.471931235473));
#13984 = CARTESIAN_POINT('',(-0.252317437972,0.943351027928));
#13985 = CARTESIAN_POINT('',(-0.1176379745,1.414213562373));
#13986 = ( GEOMETRIC_REPRESENTATION_CONTEXT(2) 
PARAMETRIC_REPRESENTATION_CONTEXT() REPRESENTATION_CONTEXT('2D SPACE',''
  ) );
#13987 = PCURVE('',#4890,#13988);
#13988 = DEFINITIONAL_REPRESENTATION('',(#13989),#13992);
#13989 = B_SPLINE_CURVE_WITH_KNOTS('',1,(#13990,#13991),.UNSPECIFIED.,
  .F.,.F.,(2,2),(0.,1.469222508299E-03),.PIECEWISE_BEZIER_KNOTS.);
#13990 = CARTESIAN_POINT('',(1.451559610089,1.));
#13991 = CARTESIAN_POINT('',(1.430349596987,-2.84217094304E-14));
#13992 = ( GEOMETRIC_REPRESENTATION_CONTEXT(2) 
PARAMETRIC_REPRESENTATION_CONTEXT() REPRESENTATION_CONTEXT('2D SPACE',''
  ) );
#13993 = ORIENTED_EDGE('',*,*,#4845,.F.);
#13994 = ORIENTED_EDGE('',*,*,#13945,.T.);
#13995 = ORIENTED_EDGE('',*,*,#10500,.F.);
#13996 = ADVANCED_FACE('',(#13997),#4890,.T.);
#13997 = FACE_BOUND('',#13998,.T.);
#13998 = EDGE_LOOP('',(#13999,#14021,#14022,#14023));
#13999 = ORIENTED_EDGE('',*,*,#14000,.T.);
#14000 = EDGE_CURVE('',#10577,#4874,#14001,.T.);
#14001 = SURFACE_CURVE('',#14002,(#14007,#14013),.PCURVE_S1.);
#14002 = B_SPLINE_CURVE_WITH_KNOTS('',3,(#14003,#14004,#14005,#14006),
  .UNSPECIFIED.,.F.,.F.,(4,4),(0.,1.469222508299E-03),
  .PIECEWISE_BEZIER_KNOTS.);
#14003 = CARTESIAN_POINT('',(-3.735169279439,68.830561466063,58.2));
#14004 = CARTESIAN_POINT('',(-3.542127655811,68.528526289053,
    58.533705776857));
#14005 = CARTESIAN_POINT('',(-3.350446087433,68.225234423513,
    58.867049908887));
#14006 = CARTESIAN_POINT('',(-3.16024640786,67.920573295465,59.2));
#14007 = PCURVE('',#4890,#14008);
#14008 = DEFINITIONAL_REPRESENTATION('',(#14009),#14012);
#14009 = B_SPLINE_CURVE_WITH_KNOTS('',1,(#14010,#14011),.UNSPECIFIED.,
  .F.,.F.,(2,2),(0.,1.469222508299E-03),.PIECEWISE_BEZIER_KNOTS.);
#14010 = CARTESIAN_POINT('',(1.375873778142,1.));
#14011 = CARTESIAN_POINT('',(1.397083791244,-4.440892098501E-14));
#14012 = ( GEOMETRIC_REPRESENTATION_CONTEXT(2) 
PARAMETRIC_REPRESENTATION_CONTEXT() REPRESENTATION_CONTEXT('2D SPACE',''
  ) );
#14013 = PCURVE('',#4918,#14014);
#14014 = DEFINITIONAL_REPRESENTATION('',(#14015),#14020);
#14015 = B_SPLINE_CURVE_WITH_KNOTS('',3,(#14016,#14017,#14018,#14019),
  .UNSPECIFIED.,.F.,.F.,(4,4),(0.,1.469222508299E-03),
  .PIECEWISE_BEZIER_KNOTS.);
#14016 = CARTESIAN_POINT('',(13.110330255582,1.414213562373));
#14017 = CARTESIAN_POINT('',(12.979445683928,0.9422823269));
#14018 = CARTESIAN_POINT('',(12.84674500948,0.470862534445));
#14019 = CARTESIAN_POINT('',(12.712065546008,3.552713678801E-15));
#14020 = ( GEOMETRIC_REPRESENTATION_CONTEXT(2) 
PARAMETRIC_REPRESENTATION_CONTEXT() REPRESENTATION_CONTEXT('2D SPACE',''
  ) );
#14021 = ORIENTED_EDGE('',*,*,#4873,.F.);
#14022 = ORIENTED_EDGE('',*,*,#13972,.F.);
#14023 = ORIENTED_EDGE('',*,*,#10599,.T.);
#14024 = ADVANCED_FACE('',(#14025),#4918,.T.);
#14025 = FACE_BOUND('',#14026,.T.);
#14026 = EDGE_LOOP('',(#14027,#14048,#14049,#14050));
#14027 = ORIENTED_EDGE('',*,*,#14028,.F.);
#14028 = EDGE_CURVE('',#4903,#10676,#14029,.T.);
#14029 = SURFACE_CURVE('',#14030,(#14034,#14041),.PCURVE_S1.);
#14030 = LINE('',#14031,#14032);
#14031 = CARTESIAN_POINT('',(-4.391209187091,68.202245349291,
    58.038567512937));
#14032 = VECTOR('',#14033,1.);
#14033 = DIRECTION('',(-0.18582402503,0.774012768736,-0.605288084762));
#14034 = PCURVE('',#4918,#14035);
#14035 = DEFINITIONAL_REPRESENTATION('',(#14036),#14040);
#14036 = LINE('',#14037,#14038);
#14037 = CARTESIAN_POINT('',(12.21640125664,1.642513574985));
#14038 = VECTOR('',#14039,1.);
#14039 = DIRECTION('',(0.516964862336,0.856006618613));
#14040 = ( GEOMETRIC_REPRESENTATION_CONTEXT(2) 
PARAMETRIC_REPRESENTATION_CONTEXT() REPRESENTATION_CONTEXT('2D SPACE',''
  ) );
#14041 = PCURVE('',#4946,#14042);
#14042 = DEFINITIONAL_REPRESENTATION('',(#14043),#14047);
#14043 = LINE('',#14044,#14045);
#14044 = CARTESIAN_POINT('',(0.378026314868,-0.228300012612));
#14045 = VECTOR('',#14046,1.);
#14046 = DIRECTION('',(-0.516964862336,-0.856006618613));
#14047 = ( GEOMETRIC_REPRESENTATION_CONTEXT(2) 
PARAMETRIC_REPRESENTATION_CONTEXT() REPRESENTATION_CONTEXT('2D SPACE',''
  ) );
#14048 = ORIENTED_EDGE('',*,*,#4902,.F.);
#14049 = ORIENTED_EDGE('',*,*,#14000,.F.);
#14050 = ORIENTED_EDGE('',*,*,#10698,.F.);
#14051 = ADVANCED_FACE('',(#14052),#4946,.F.);
#14052 = FACE_BOUND('',#14053,.T.);
#14053 = EDGE_LOOP('',(#14054,#14076,#14077,#14078));
#14054 = ORIENTED_EDGE('',*,*,#14055,.T.);
#14055 = EDGE_CURVE('',#10774,#4931,#14056,.T.);
#14056 = SURFACE_CURVE('',#14057,(#14062,#14070),.PCURVE_S1.);
#14057 = B_SPLINE_CURVE_WITH_KNOTS('',3,(#14058,#14059,#14060,#14061),
  .UNSPECIFIED.,.F.,.F.,(4,4),(0.,1.469222508299E-03),
  .PIECEWISE_BEZIER_KNOTS.);
#14058 = CARTESIAN_POINT('',(-5.260994572786,68.464243223063,58.2));
#14059 = CARTESIAN_POINT('',(-5.295874817928,68.107488846631,
    58.533705776857));
#14060 = CARTESIAN_POINT('',(-5.328972720316,67.750232204684,
    58.867049908887));
#14061 = CARTESIAN_POINT('',(-5.36012861794,67.392428304347,59.2));
#14062 = PCURVE('',#4946,#14063);
#14063 = DEFINITIONAL_REPRESENTATION('',(#14064),#14069);
#14064 = B_SPLINE_CURVE_WITH_KNOTS('',3,(#14065,#14066,#14067,#14068),
  .UNSPECIFIED.,.F.,.F.,(4,4),(0.,1.469222508299E-03),
  .PIECEWISE_BEZIER_KNOTS.);
#14065 = CARTESIAN_POINT('',(-0.515902684074,-7.105427357601E-15));
#14066 = CARTESIAN_POINT('',(-0.38501811242,0.471931235473));
#14067 = CARTESIAN_POINT('',(-0.252317437972,0.943351027928));
#14068 = CARTESIAN_POINT('',(-0.1176379745,1.414213562373));
#14069 = ( GEOMETRIC_REPRESENTATION_CONTEXT(2) 
PARAMETRIC_REPRESENTATION_CONTEXT() REPRESENTATION_CONTEXT('2D SPACE',''
  ) );
#14070 = PCURVE('',#4975,#14071);
#14071 = DEFINITIONAL_REPRESENTATION('',(#14072),#14075);
#14072 = B_SPLINE_CURVE_WITH_KNOTS('',1,(#14073,#14074),.UNSPECIFIED.,
  .F.,.F.,(2,2),(0.,1.469222508299E-03),.PIECEWISE_BEZIER_KNOTS.);
#14073 = CARTESIAN_POINT('',(1.29447997741,1.));
#14074 = CARTESIAN_POINT('',(1.273269964307,5.861977570021E-14));
#14075 = ( GEOMETRIC_REPRESENTATION_CONTEXT(2) 
PARAMETRIC_REPRESENTATION_CONTEXT() REPRESENTATION_CONTEXT('2D SPACE',''
  ) );
#14076 = ORIENTED_EDGE('',*,*,#4930,.F.);
#14077 = ORIENTED_EDGE('',*,*,#14028,.T.);
#14078 = ORIENTED_EDGE('',*,*,#10796,.F.);
#14079 = ADVANCED_FACE('',(#14080),#4975,.T.);
#14080 = FACE_BOUND('',#14081,.T.);
#14081 = EDGE_LOOP('',(#14082,#14104,#14105,#14106));
#14082 = ORIENTED_EDGE('',*,*,#14083,.T.);
#14083 = EDGE_CURVE('',#10873,#4959,#14084,.T.);
#14084 = SURFACE_CURVE('',#14085,(#14090,#14096),.PCURVE_S1.);
#14085 = B_SPLINE_CURVE_WITH_KNOTS('',3,(#14086,#14087,#14088,#14089),
  .UNSPECIFIED.,.F.,.F.,(4,4),(0.,1.469222508299E-03),
  .PIECEWISE_BEZIER_KNOTS.);
#14086 = CARTESIAN_POINT('',(-6.648769722219,68.01332774307,58.2));
#14087 = CARTESIAN_POINT('',(-6.410856049973,67.74520948341,
    58.533705776857));
#14088 = CARTESIAN_POINT('',(-6.174089099043,67.475637247626,
    58.867049908887));
#14089 = CARTESIAN_POINT('',(-5.938571592559,67.204480788746,59.2));
#14090 = PCURVE('',#4975,#14091);
#14091 = DEFINITIONAL_REPRESENTATION('',(#14092),#14095);
#14092 = B_SPLINE_CURVE_WITH_KNOTS('',1,(#14093,#14094),.UNSPECIFIED.,
  .F.,.F.,(2,2),(0.,1.469222508299E-03),.PIECEWISE_BEZIER_KNOTS.);
#14093 = CARTESIAN_POINT('',(1.218794145462,1.));
#14094 = CARTESIAN_POINT('',(1.240004158565,6.217248937901E-14));
#14095 = ( GEOMETRIC_REPRESENTATION_CONTEXT(2) 
PARAMETRIC_REPRESENTATION_CONTEXT() REPRESENTATION_CONTEXT('2D SPACE',''
  ) );
#14096 = PCURVE('',#5003,#14097);
#14097 = DEFINITIONAL_REPRESENTATION('',(#14098),#14103);
#14098 = B_SPLINE_CURVE_WITH_KNOTS('',3,(#14099,#14100,#14101,#14102),
  .UNSPECIFIED.,.F.,.F.,(4,4),(0.,1.469222508299E-03),
  .PIECEWISE_BEZIER_KNOTS.);
#14099 = CARTESIAN_POINT('',(13.110330255582,1.414213562373));
#14100 = CARTESIAN_POINT('',(12.979445683928,0.9422823269));
#14101 = CARTESIAN_POINT('',(12.84674500948,0.470862534445));
#14102 = CARTESIAN_POINT('',(12.712065546008,4.618527782441E-14));
#14103 = ( GEOMETRIC_REPRESENTATION_CONTEXT(2) 
PARAMETRIC_REPRESENTATION_CONTEXT() REPRESENTATION_CONTEXT('2D SPACE',''
  ) );
#14104 = ORIENTED_EDGE('',*,*,#4958,.F.);
#14105 = ORIENTED_EDGE('',*,*,#14055,.F.);
#14106 = ORIENTED_EDGE('',*,*,#10895,.T.);
#14107 = ADVANCED_FACE('',(#14108),#5003,.T.);
#14108 = FACE_BOUND('',#14109,.T.);
#14109 = EDGE_LOOP('',(#14110,#14131,#14132,#14133));
#14110 = ORIENTED_EDGE('',*,*,#14111,.F.);
#14111 = EDGE_CURVE('',#4988,#10972,#14112,.T.);
#14112 = SURFACE_CURVE('',#14113,(#14117,#14124),.PCURVE_S1.);
#14113 = LINE('',#14114,#14115);
#14114 = CARTESIAN_POINT('',(-7.198442394369,67.290119988327,
    58.038567512937));
#14115 = VECTOR('',#14116,1.);
#14116 = DIRECTION('',(-0.304618496337,0.735414105205,-0.605288084762));
#14117 = PCURVE('',#5003,#14118);
#14118 = DEFINITIONAL_REPRESENTATION('',(#14119),#14123);
#14119 = LINE('',#14120,#14121);
#14120 = CARTESIAN_POINT('',(12.21640125664,1.642513574985));
#14121 = VECTOR('',#14122,1.);
#14122 = DIRECTION('',(0.516964862336,0.856006618613));
#14123 = ( GEOMETRIC_REPRESENTATION_CONTEXT(2) 
PARAMETRIC_REPRESENTATION_CONTEXT() REPRESENTATION_CONTEXT('2D SPACE',''
  ) );
#14124 = PCURVE('',#5031,#14125);
#14125 = DEFINITIONAL_REPRESENTATION('',(#14126),#14130);
#14126 = LINE('',#14127,#14128);
#14127 = CARTESIAN_POINT('',(0.378026314868,-0.228300012612));
#14128 = VECTOR('',#14129,1.);
#14129 = DIRECTION('',(-0.516964862336,-0.856006618613));
#14130 = ( GEOMETRIC_REPRESENTATION_CONTEXT(2) 
PARAMETRIC_REPRESENTATION_CONTEXT() REPRESENTATION_CONTEXT('2D SPACE',''
  ) );
#14131 = ORIENTED_EDGE('',*,*,#4987,.F.);
#14132 = ORIENTED_EDGE('',*,*,#14083,.F.);
#14133 = ORIENTED_EDGE('',*,*,#10994,.F.);
#14134 = ADVANCED_FACE('',(#14135),#5031,.F.);
#14135 = FACE_BOUND('',#14136,.T.);
#14136 = EDGE_LOOP('',(#14137,#14159,#14160,#14161));
#14137 = ORIENTED_EDGE('',*,*,#14138,.T.);
#14138 = EDGE_CURVE('',#11070,#5016,#14139,.T.);
#14139 = SURFACE_CURVE('',#14140,(#14145,#14153),.PCURVE_S1.);
#14140 = B_SPLINE_CURVE_WITH_KNOTS('',3,(#14141,#14142,#14143,#14144),
  .UNSPECIFIED.,.F.,.F.,(4,4),(0.,1.469222508299E-03),
  .PIECEWISE_BEZIER_KNOTS.);
#14141 = CARTESIAN_POINT('',(-8.098504775865,67.412827822002,58.2));
#14142 = CARTESIAN_POINT('',(-8.077146907281,67.055009211455,
    58.533705776857));
#14143 = CARTESIAN_POINT('',(-8.053950067903,66.696973338949,
    58.867049908887));
#14144 = CARTESIAN_POINT('',(-8.028749522988,66.338700742189,59.2));
#14145 = PCURVE('',#5031,#14146);
#14146 = DEFINITIONAL_REPRESENTATION('',(#14147),#14152);
#14147 = B_SPLINE_CURVE_WITH_KNOTS('',3,(#14148,#14149,#14150,#14151),
  .UNSPECIFIED.,.F.,.F.,(4,4),(0.,1.469222508299E-03),
  .PIECEWISE_BEZIER_KNOTS.);
#14148 = CARTESIAN_POINT('',(-0.515902684074,2.13162820728E-14));
#14149 = CARTESIAN_POINT('',(-0.38501811242,0.471931235473));
#14150 = CARTESIAN_POINT('',(-0.252317437972,0.943351027928));
#14151 = CARTESIAN_POINT('',(-0.1176379745,1.414213562373));
#14152 = ( GEOMETRIC_REPRESENTATION_CONTEXT(2) 
PARAMETRIC_REPRESENTATION_CONTEXT() REPRESENTATION_CONTEXT('2D SPACE',''
  ) );
#14153 = PCURVE('',#5060,#14154);
#14154 = DEFINITIONAL_REPRESENTATION('',(#14155),#14158);
#14155 = B_SPLINE_CURVE_WITH_KNOTS('',1,(#14156,#14157),.UNSPECIFIED.,
  .F.,.F.,(2,2),(0.,1.469222508299E-03),.PIECEWISE_BEZIER_KNOTS.);
#14156 = CARTESIAN_POINT('',(1.13740034473,1.));
#14157 = CARTESIAN_POINT('',(1.116190331628,1.24344978758E-14));
#14158 = ( GEOMETRIC_REPRESENTATION_CONTEXT(2) 
PARAMETRIC_REPRESENTATION_CONTEXT() REPRESENTATION_CONTEXT('2D SPACE',''
  ) );
#14159 = ORIENTED_EDGE('',*,*,#5015,.F.);
#14160 = ORIENTED_EDGE('',*,*,#14111,.T.);
#14161 = ORIENTED_EDGE('',*,*,#11092,.F.);
#14162 = ADVANCED_FACE('',(#14163),#5060,.T.);
#14163 = FACE_BOUND('',#14164,.T.);
#14164 = EDGE_LOOP('',(#14165,#14187,#14188,#14189));
#14165 = ORIENTED_EDGE('',*,*,#14166,.T.);
#14166 = EDGE_CURVE('',#11169,#5044,#14167,.T.);
#14167 = SURFACE_CURVE('',#14168,(#14173,#14179),.PCURVE_S1.);
#14168 = B_SPLINE_CURVE_WITH_KNOTS('',3,(#14169,#14170,#14171,#14172),
  .UNSPECIFIED.,.F.,.F.,(4,4),(0.,1.469222508299E-03),
  .PIECEWISE_BEZIER_KNOTS.);
#14169 = CARTESIAN_POINT('',(-9.398655388436,66.750367996721,58.2));
#14170 = CARTESIAN_POINT('',(-9.121727891774,66.522768615798,
    58.533705776857));
#14171 = CARTESIAN_POINT('',(-8.845705546407,66.293553772874,
    58.867049908887));
#14172 = CARTESIAN_POINT('',(-8.570669435659,66.062578755095,59.2));
#14173 = PCURVE('',#5060,#14174);
#14174 = DEFINITIONAL_REPRESENTATION('',(#14175),#14178);
#14175 = B_SPLINE_CURVE_WITH_KNOTS('',1,(#14176,#14177),.UNSPECIFIED.,
  .F.,.F.,(2,2),(0.,1.469222508299E-03),.PIECEWISE_BEZIER_KNOTS.);
#14176 = CARTESIAN_POINT('',(1.061714512783,1.));
#14177 = CARTESIAN_POINT('',(1.082924525885,2.30926389122E-14));
#14178 = ( GEOMETRIC_REPRESENTATION_CONTEXT(2) 
PARAMETRIC_REPRESENTATION_CONTEXT() REPRESENTATION_CONTEXT('2D SPACE',''
  ) );
#14179 = PCURVE('',#5088,#14180);
#14180 = DEFINITIONAL_REPRESENTATION('',(#14181),#14186);
#14181 = B_SPLINE_CURVE_WITH_KNOTS('',3,(#14182,#14183,#14184,#14185),
  .UNSPECIFIED.,.F.,.F.,(4,4),(0.,1.469222508299E-03),
  .PIECEWISE_BEZIER_KNOTS.);
#14182 = CARTESIAN_POINT('',(13.110330255582,1.414213562373));
#14183 = CARTESIAN_POINT('',(12.979445683928,0.9422823269));
#14184 = CARTESIAN_POINT('',(12.84674500948,0.470862534445));
#14185 = CARTESIAN_POINT('',(12.712065546008,1.7763568394E-15));
#14186 = ( GEOMETRIC_REPRESENTATION_CONTEXT(2) 
PARAMETRIC_REPRESENTATION_CONTEXT() REPRESENTATION_CONTEXT('2D SPACE',''
  ) );
#14187 = ORIENTED_EDGE('',*,*,#5043,.F.);
#14188 = ORIENTED_EDGE('',*,*,#14138,.F.);
#14189 = ORIENTED_EDGE('',*,*,#11191,.T.);
#14190 = ADVANCED_FACE('',(#14191),#5088,.T.);
#14191 = FACE_BOUND('',#14192,.T.);
#14192 = EDGE_LOOP('',(#14193,#14214,#14215,#14216));
#14193 = ORIENTED_EDGE('',*,*,#14194,.F.);
#14194 = EDGE_CURVE('',#5073,#11268,#14195,.T.);
#14195 = SURFACE_CURVE('',#14196,(#14200,#14207),.PCURVE_S1.);
#14196 = LINE('',#14197,#14198);
#14197 = CARTESIAN_POINT('',(-9.828426059637,65.950076379119,
    58.038567512937));
#14198 = VECTOR('',#14199,1.);
#14199 = DIRECTION('',(-0.415912249292,0.678707105705,-0.605288084762));
#14200 = PCURVE('',#5088,#14201);
#14201 = DEFINITIONAL_REPRESENTATION('',(#14202),#14206);
#14202 = LINE('',#14203,#14204);
#14203 = CARTESIAN_POINT('',(12.21640125664,1.642513574985));
#14204 = VECTOR('',#14205,1.);
#14205 = DIRECTION('',(0.516964862336,0.856006618613));
#14206 = ( GEOMETRIC_REPRESENTATION_CONTEXT(2) 
PARAMETRIC_REPRESENTATION_CONTEXT() REPRESENTATION_CONTEXT('2D SPACE',''
  ) );
#14207 = PCURVE('',#5116,#14208);
#14208 = DEFINITIONAL_REPRESENTATION('',(#14209),#14213);
#14209 = LINE('',#14210,#14211);
#14210 = CARTESIAN_POINT('',(0.378026314868,-0.228300012612));
#14211 = VECTOR('',#14212,1.);
#14212 = DIRECTION('',(-0.516964862336,-0.856006618613));
#14213 = ( GEOMETRIC_REPRESENTATION_CONTEXT(2) 
PARAMETRIC_REPRESENTATION_CONTEXT() REPRESENTATION_CONTEXT('2D SPACE',''
  ) );
#14214 = ORIENTED_EDGE('',*,*,#5072,.F.);
#14215 = ORIENTED_EDGE('',*,*,#14166,.F.);
#14216 = ORIENTED_EDGE('',*,*,#11290,.F.);
#14217 = ADVANCED_FACE('',(#14218),#5116,.F.);
#14218 = FACE_BOUND('',#14219,.T.);
#14219 = EDGE_LOOP('',(#14220,#14242,#14243,#14244));
#14220 = ORIENTED_EDGE('',*,*,#14221,.T.);
#14221 = EDGE_CURVE('',#11366,#5101,#14222,.T.);
#14222 = SURFACE_CURVE('',#14223,(#14228,#14236),.PCURVE_S1.);
#14223 = B_SPLINE_CURVE_WITH_KNOTS('',3,(#14224,#14225,#14226,#14227),
  .UNSPECIFIED.,.F.,.F.,(4,4),(0.,1.469222508299E-03),
  .PIECEWISE_BEZIER_KNOTS.);
#14224 = CARTESIAN_POINT('',(-10.73660291396,65.930472698587,58.2));
#14225 = CARTESIAN_POINT('',(-10.65953283326,65.580400535648,
    58.533705776857));
#14226 = CARTESIAN_POINT('',(-10.58061243528,65.230401464018,
    58.867049908887));
#14227 = CARTESIAN_POINT('',(-10.49967596888,64.880482031205,59.2));
#14228 = PCURVE('',#5116,#14229);
#14229 = DEFINITIONAL_REPRESENTATION('',(#14230),#14235);
#14230 = B_SPLINE_CURVE_WITH_KNOTS('',3,(#14231,#14232,#14233,#14234),
  .UNSPECIFIED.,.F.,.F.,(4,4),(0.,1.469222508299E-03),
  .PIECEWISE_BEZIER_KNOTS.);
#14231 = CARTESIAN_POINT('',(-0.515902684074,-8.171241461241E-14));
#14232 = CARTESIAN_POINT('',(-0.38501811242,0.471931235473));
#14233 = CARTESIAN_POINT('',(-0.252317437972,0.943351027928));
#14234 = CARTESIAN_POINT('',(-0.1176379745,1.414213562373));
#14235 = ( GEOMETRIC_REPRESENTATION_CONTEXT(2) 
PARAMETRIC_REPRESENTATION_CONTEXT() REPRESENTATION_CONTEXT('2D SPACE',''
  ) );
#14236 = PCURVE('',#5145,#14237);
#14237 = DEFINITIONAL_REPRESENTATION('',(#14238),#14241);
#14238 = B_SPLINE_CURVE_WITH_KNOTS('',1,(#14239,#14240),.UNSPECIFIED.,
  .F.,.F.,(2,2),(0.,1.469222508299E-03),.PIECEWISE_BEZIER_KNOTS.);
#14239 = CARTESIAN_POINT('',(0.980320712051,1.));
#14240 = CARTESIAN_POINT('',(0.959110698948,-1.06581410364E-14));
#14241 = ( GEOMETRIC_REPRESENTATION_CONTEXT(2) 
PARAMETRIC_REPRESENTATION_CONTEXT() REPRESENTATION_CONTEXT('2D SPACE',''
  ) );
#14242 = ORIENTED_EDGE('',*,*,#5100,.F.);
#14243 = ORIENTED_EDGE('',*,*,#14194,.T.);
#14244 = ORIENTED_EDGE('',*,*,#11388,.F.);
#14245 = ADVANCED_FACE('',(#14246),#5145,.T.);
#14246 = FACE_BOUND('',#14247,.T.);
#14247 = EDGE_LOOP('',(#14248,#14270,#14271,#14272));
#14248 = ORIENTED_EDGE('',*,*,#14249,.T.);
#14249 = EDGE_CURVE('',#11465,#5129,#14250,.T.);
#14250 = SURFACE_CURVE('',#14251,(#14256,#14262),.PCURVE_S1.);
#14251 = B_SPLINE_CURVE_WITH_KNOTS('',3,(#14252,#14253,#14254,#14255),
  .UNSPECIFIED.,.F.,.F.,(4,4),(0.,1.469222508299E-03),
  .PIECEWISE_BEZIER_KNOTS.);
#14252 = CARTESIAN_POINT('',(-11.91711496664,65.072780487495,58.2));
#14253 = CARTESIAN_POINT('',(-11.6079925196,64.891304237425,
    58.533705776857));
#14254 = CARTESIAN_POINT('',(-11.299511366,64.708090817515,
    58.867049908887));
#14255 = CARTESIAN_POINT('',(-10.99172895283,64.522984612338,59.2));
#14256 = PCURVE('',#5145,#14257);
#14257 = DEFINITIONAL_REPRESENTATION('',(#14258),#14261);
#14258 = B_SPLINE_CURVE_WITH_KNOTS('',1,(#14259,#14260),.UNSPECIFIED.,
  .F.,.F.,(2,2),(0.,1.469222508299E-03),.PIECEWISE_BEZIER_KNOTS.);
#14259 = CARTESIAN_POINT('',(0.904634880103,1.));
#14260 = CARTESIAN_POINT('',(0.925844893206,2.6645352591E-14));
#14261 = ( GEOMETRIC_REPRESENTATION_CONTEXT(2) 
PARAMETRIC_REPRESENTATION_CONTEXT() REPRESENTATION_CONTEXT('2D SPACE',''
  ) );
#14262 = PCURVE('',#5173,#14263);
#14263 = DEFINITIONAL_REPRESENTATION('',(#14264),#14269);
#14264 = B_SPLINE_CURVE_WITH_KNOTS('',3,(#14265,#14266,#14267,#14268),
  .UNSPECIFIED.,.F.,.F.,(4,4),(0.,1.469222508299E-03),
  .PIECEWISE_BEZIER_KNOTS.);
#14265 = CARTESIAN_POINT('',(13.110330255582,1.414213562373));
#14266 = CARTESIAN_POINT('',(12.979445683928,0.9422823269));
#14267 = CARTESIAN_POINT('',(12.84674500948,0.470862534445));
#14268 = CARTESIAN_POINT('',(12.712065546008,-1.06581410364E-14));
#14269 = ( GEOMETRIC_REPRESENTATION_CONTEXT(2) 
PARAMETRIC_REPRESENTATION_CONTEXT() REPRESENTATION_CONTEXT('2D SPACE',''
  ) );
#14270 = ORIENTED_EDGE('',*,*,#5128,.F.);
#14271 = ORIENTED_EDGE('',*,*,#14221,.F.);
#14272 = ORIENTED_EDGE('',*,*,#11487,.T.);
#14273 = ADVANCED_FACE('',(#14274),#5173,.T.);
#14274 = FACE_BOUND('',#14275,.T.);
#14275 = EDGE_LOOP('',(#14276,#14297,#14298,#14299));
#14276 = ORIENTED_EDGE('',*,*,#14277,.F.);
#14277 = EDGE_CURVE('',#5158,#11564,#14278,.T.);
#14278 = SURFACE_CURVE('',#14279,(#14283,#14290),.PCURVE_S1.);
#14279 = LINE('',#14280,#14281);
#14280 = CARTESIAN_POINT('',(-12.21640125664,64.215110842674,
    58.038567512937));
#14281 = VECTOR('',#14282,1.);
#14282 = DIRECTION('',(-0.516964862336,0.605288084762,-0.605288084762));
#14283 = PCURVE('',#5173,#14284);
#14284 = DEFINITIONAL_REPRESENTATION('',(#14285),#14289);
#14285 = LINE('',#14286,#14287);
#14286 = CARTESIAN_POINT('',(12.21640125664,1.642513574985));
#14287 = VECTOR('',#14288,1.);
#14288 = DIRECTION('',(0.516964862336,0.856006618613));
#14289 = ( GEOMETRIC_REPRESENTATION_CONTEXT(2) 
PARAMETRIC_REPRESENTATION_CONTEXT() REPRESENTATION_CONTEXT('2D SPACE',''
  ) );
#14290 = PCURVE('',#5201,#14291);
#14291 = DEFINITIONAL_REPRESENTATION('',(#14292),#14296);
#14292 = LINE('',#14293,#14294);
#14293 = CARTESIAN_POINT('',(0.378026314868,-0.228300012612));
#14294 = VECTOR('',#14295,1.);
#14295 = DIRECTION('',(-0.516964862336,-0.856006618613));
#14296 = ( GEOMETRIC_REPRESENTATION_CONTEXT(2) 
PARAMETRIC_REPRESENTATION_CONTEXT() REPRESENTATION_CONTEXT('2D SPACE',''
  ) );
#14297 = ORIENTED_EDGE('',*,*,#5157,.F.);
#14298 = ORIENTED_EDGE('',*,*,#14249,.F.);
#14299 = ORIENTED_EDGE('',*,*,#11586,.F.);
#14300 = ADVANCED_FACE('',(#14301),#5201,.F.);
#14301 = FACE_BOUND('',#14302,.T.);
#14302 = EDGE_LOOP('',(#14303,#14325,#14326,#14327));
#14303 = ORIENTED_EDGE('',*,*,#14304,.T.);
#14304 = EDGE_CURVE('',#11662,#5186,#14305,.T.);
#14305 = SURFACE_CURVE('',#14306,(#14311,#14319),.PCURVE_S1.);
#14306 = B_SPLINE_CURVE_WITH_KNOTS('',3,(#14307,#14308,#14309,#14310),
  .UNSPECIFIED.,.F.,.F.,(4,4),(0.,1.469222508299E-03),
  .PIECEWISE_BEZIER_KNOTS.);
#14307 = CARTESIAN_POINT('',(-13.11033025558,64.053678355611,58.2));
#14308 = CARTESIAN_POINT('',(-12.97944568392,63.719972578754,
    58.533705776857));
#14309 = CARTESIAN_POINT('',(-12.84674500948,63.386628446724,
    58.867049908887));
#14310 = CARTESIAN_POINT('',(-12.712065546,63.053678355611,59.2));
#14311 = PCURVE('',#5201,#14312);
#14312 = DEFINITIONAL_REPRESENTATION('',(#14313),#14318);
#14313 = B_SPLINE_CURVE_WITH_KNOTS('',3,(#14314,#14315,#14316,#14317),
  .UNSPECIFIED.,.F.,.F.,(4,4),(0.,1.469222508299E-03),
  .PIECEWISE_BEZIER_KNOTS.);
#14314 = CARTESIAN_POINT('',(-0.515902684074,0.));
#14315 = CARTESIAN_POINT('',(-0.38501811242,0.471931235473));
#14316 = CARTESIAN_POINT('',(-0.252317437972,0.943351027928));
#14317 = CARTESIAN_POINT('',(-0.1176379745,1.414213562373));
#14318 = ( GEOMETRIC_REPRESENTATION_CONTEXT(2) 
PARAMETRIC_REPRESENTATION_CONTEXT() REPRESENTATION_CONTEXT('2D SPACE',''
  ) );
#14319 = PCURVE('',#5230,#14320);
#14320 = DEFINITIONAL_REPRESENTATION('',(#14321),#14324);
#14321 = B_SPLINE_CURVE_WITH_KNOTS('',1,(#14322,#14323),.UNSPECIFIED.,
  .F.,.F.,(2,2),(0.,1.469222508299E-03),.PIECEWISE_BEZIER_KNOTS.);
#14322 = CARTESIAN_POINT('',(0.823241079371,1.));
#14323 = CARTESIAN_POINT('',(0.802031066269,-1.95399252334E-14));
#14324 = ( GEOMETRIC_REPRESENTATION_CONTEXT(2) 
PARAMETRIC_REPRESENTATION_CONTEXT() REPRESENTATION_CONTEXT('2D SPACE',''
  ) );
#14325 = ORIENTED_EDGE('',*,*,#5185,.F.);
#14326 = ORIENTED_EDGE('',*,*,#14277,.T.);
#14327 = ORIENTED_EDGE('',*,*,#11684,.F.);
#14328 = ADVANCED_FACE('',(#14329),#5230,.T.);
#14329 = FACE_BOUND('',#14330,.T.);
#14330 = EDGE_LOOP('',(#14331,#14353,#14354,#14355));
#14331 = ORIENTED_EDGE('',*,*,#14332,.T.);
#14332 = EDGE_CURVE('',#11761,#5214,#14333,.T.);
#14333 = SURFACE_CURVE('',#14334,(#14339,#14345),.PCURVE_S1.);
#14334 = B_SPLINE_CURVE_WITH_KNOTS('',3,(#14335,#14336,#14337,#14338),
  .UNSPECIFIED.,.F.,.F.,(4,4),(0.,1.469222508299E-03),
  .PIECEWISE_BEZIER_KNOTS.);
#14335 = CARTESIAN_POINT('',(-14.14213562373,63.021872987462,58.2));
#14336 = CARTESIAN_POINT('',(-13.80842984687,62.890988415808,
    58.533705776857));
#14337 = CARTESIAN_POINT('',(-13.47508571484,62.75828774136,
    58.867049908887));
#14338 = CARTESIAN_POINT('',(-13.14213562373,62.623608277888,59.2));
#14339 = PCURVE('',#5230,#14340);
#14340 = DEFINITIONAL_REPRESENTATION('',(#14341),#14344);
#14341 = B_SPLINE_CURVE_WITH_KNOTS('',1,(#14342,#14343),.UNSPECIFIED.,
  .F.,.F.,(2,2),(0.,1.469222508299E-03),.PIECEWISE_BEZIER_KNOTS.);
#14342 = CARTESIAN_POINT('',(0.747555247424,1.));
#14343 = CARTESIAN_POINT('',(0.768765260526,-1.95399252334E-14));
#14344 = ( GEOMETRIC_REPRESENTATION_CONTEXT(2) 
PARAMETRIC_REPRESENTATION_CONTEXT() REPRESENTATION_CONTEXT('2D SPACE',''
  ) );
#14345 = PCURVE('',#5258,#14346);
#14346 = DEFINITIONAL_REPRESENTATION('',(#14347),#14352);
#14347 = B_SPLINE_CURVE_WITH_KNOTS('',3,(#14348,#14349,#14350,#14351),
  .UNSPECIFIED.,.F.,.F.,(4,4),(0.,1.469222508299E-03),
  .PIECEWISE_BEZIER_KNOTS.);
#14348 = CARTESIAN_POINT('',(13.110330255582,1.414213562373));
#14349 = CARTESIAN_POINT('',(12.979445683928,0.9422823269));
#14350 = CARTESIAN_POINT('',(12.84674500948,0.470862534445));
#14351 = CARTESIAN_POINT('',(12.712065546008,2.6645352591E-15));
#14352 = ( GEOMETRIC_REPRESENTATION_CONTEXT(2) 
PARAMETRIC_REPRESENTATION_CONTEXT() REPRESENTATION_CONTEXT('2D SPACE',''
  ) );
#14353 = ORIENTED_EDGE('',*,*,#5213,.F.);
#14354 = ORIENTED_EDGE('',*,*,#14304,.F.);
#14355 = ORIENTED_EDGE('',*,*,#11783,.T.);
#14356 = ADVANCED_FACE('',(#14357),#5258,.T.);
#14357 = FACE_BOUND('',#14358,.T.);
#14358 = EDGE_LOOP('',(#14359,#14380,#14381,#14382));
#14359 = ORIENTED_EDGE('',*,*,#14360,.F.);
#14360 = EDGE_CURVE('',#5243,#11860,#14361,.T.);
#14361 = SURFACE_CURVE('',#14362,(#14366,#14373),.PCURVE_S1.);
#14362 = LINE('',#14363,#14364);
#14363 = CARTESIAN_POINT('',(-14.30356811079,62.12794398852,
    58.038567512937));
#14364 = VECTOR('',#14365,1.);
#14365 = DIRECTION('',(-0.605288084762,0.516964862336,-0.605288084762));
#14366 = PCURVE('',#5258,#14367);
#14367 = DEFINITIONAL_REPRESENTATION('',(#14368),#14372);
#14368 = LINE('',#14369,#14370);
#14369 = CARTESIAN_POINT('',(12.21640125664,1.642513574985));
#14370 = VECTOR('',#14371,1.);
#14371 = DIRECTION('',(0.516964862336,0.856006618613));
#14372 = ( GEOMETRIC_REPRESENTATION_CONTEXT(2) 
PARAMETRIC_REPRESENTATION_CONTEXT() REPRESENTATION_CONTEXT('2D SPACE',''
  ) );
#14373 = PCURVE('',#5286,#14374);
#14374 = DEFINITIONAL_REPRESENTATION('',(#14375),#14379);
#14375 = LINE('',#14376,#14377);
#14376 = CARTESIAN_POINT('',(0.378026314868,-0.228300012612));
#14377 = VECTOR('',#14378,1.);
#14378 = DIRECTION('',(-0.516964862336,-0.856006618613));
#14379 = ( GEOMETRIC_REPRESENTATION_CONTEXT(2) 
PARAMETRIC_REPRESENTATION_CONTEXT() REPRESENTATION_CONTEXT('2D SPACE',''
  ) );
#14380 = ORIENTED_EDGE('',*,*,#5242,.F.);
#14381 = ORIENTED_EDGE('',*,*,#14332,.F.);
#14382 = ORIENTED_EDGE('',*,*,#11882,.F.);
#14383 = ADVANCED_FACE('',(#14384),#5286,.F.);
#14384 = FACE_BOUND('',#14385,.T.);
#14385 = EDGE_LOOP('',(#14386,#14408,#14409,#14410));
#14386 = ORIENTED_EDGE('',*,*,#14387,.T.);
#14387 = EDGE_CURVE('',#11958,#5271,#14388,.T.);
#14388 = SURFACE_CURVE('',#14389,(#14394,#14402),.PCURVE_S1.);
#14389 = B_SPLINE_CURVE_WITH_KNOTS('',3,(#14390,#14391,#14392,#14393),
  .UNSPECIFIED.,.F.,.F.,(4,4),(0.,1.469222508299E-03),
  .PIECEWISE_BEZIER_KNOTS.);
#14390 = CARTESIAN_POINT('',(-15.16123775561,61.828657698522,58.2));
#14391 = CARTESIAN_POINT('',(-14.97976150554,61.51953525148,
    58.533705776857));
#14392 = CARTESIAN_POINT('',(-14.79654808563,61.211054097885,
    58.867049908887));
#14393 = CARTESIAN_POINT('',(-14.61144188045,60.903271684713,59.2));
#14394 = PCURVE('',#5286,#14395);
#14395 = DEFINITIONAL_REPRESENTATION('',(#14396),#14401);
#14396 = B_SPLINE_CURVE_WITH_KNOTS('',3,(#14397,#14398,#14399,#14400),
  .UNSPECIFIED.,.F.,.F.,(4,4),(0.,1.469222508299E-03),
  .PIECEWISE_BEZIER_KNOTS.);
#14397 = CARTESIAN_POINT('',(-0.515902684074,0.));
#14398 = CARTESIAN_POINT('',(-0.385018112421,0.471931235473));
#14399 = CARTESIAN_POINT('',(-0.252317437972,0.943351027928));
#14400 = CARTESIAN_POINT('',(-0.1176379745,1.414213562373));
#14401 = ( GEOMETRIC_REPRESENTATION_CONTEXT(2) 
PARAMETRIC_REPRESENTATION_CONTEXT() REPRESENTATION_CONTEXT('2D SPACE',''
  ) );
#14402 = PCURVE('',#5315,#14403);
#14403 = DEFINITIONAL_REPRESENTATION('',(#14404),#14407);
#14404 = B_SPLINE_CURVE_WITH_KNOTS('',1,(#14405,#14406),.UNSPECIFIED.,
  .F.,.F.,(2,2),(0.,1.469222508299E-03),.PIECEWISE_BEZIER_KNOTS.);
#14405 = CARTESIAN_POINT('',(0.666161446692,1.));
#14406 = CARTESIAN_POINT('',(0.644951433589,-1.7763568394E-15));
#14407 = ( GEOMETRIC_REPRESENTATION_CONTEXT(2) 
PARAMETRIC_REPRESENTATION_CONTEXT() REPRESENTATION_CONTEXT('2D SPACE',''
  ) );
#14408 = ORIENTED_EDGE('',*,*,#5270,.F.);
#14409 = ORIENTED_EDGE('',*,*,#14360,.T.);
#14410 = ORIENTED_EDGE('',*,*,#11980,.F.);
#14411 = ADVANCED_FACE('',(#14412),#5315,.T.);
#14412 = FACE_BOUND('',#14413,.T.);
#14413 = EDGE_LOOP('',(#14414,#14436,#14437,#14438));
#14414 = ORIENTED_EDGE('',*,*,#14415,.T.);
#14415 = EDGE_CURVE('',#12057,#5299,#14416,.T.);
#14416 = SURFACE_CURVE('',#14417,(#14422,#14428),.PCURVE_S1.);
#14417 = B_SPLINE_CURVE_WITH_KNOTS('',3,(#14418,#14419,#14420,#14421),
  .UNSPECIFIED.,.F.,.F.,(4,4),(0.,1.469222508299E-03),
  .PIECEWISE_BEZIER_KNOTS.);
#14418 = CARTESIAN_POINT('',(-16.0189299667,60.648145645846,58.2));
#14419 = CARTESIAN_POINT('',(-15.66885780376,60.571075565143,
    58.533705776857));
#14420 = CARTESIAN_POINT('',(-15.31885873213,60.49215516717,
    58.867049908887));
#14421 = CARTESIAN_POINT('',(-14.96893929932,60.411218700769,59.2));
#14422 = PCURVE('',#5315,#14423);
#14423 = DEFINITIONAL_REPRESENTATION('',(#14424),#14427);
#14424 = B_SPLINE_CURVE_WITH_KNOTS('',1,(#14425,#14426),.UNSPECIFIED.,
  .F.,.F.,(2,2),(0.,1.469222508299E-03),.PIECEWISE_BEZIER_KNOTS.);
#14425 = CARTESIAN_POINT('',(0.590475614744,1.));
#14426 = CARTESIAN_POINT('',(0.611685627847,-3.907985046681E-14));
#14427 = ( GEOMETRIC_REPRESENTATION_CONTEXT(2) 
PARAMETRIC_REPRESENTATION_CONTEXT() REPRESENTATION_CONTEXT('2D SPACE',''
  ) );
#14428 = PCURVE('',#5343,#14429);
#14429 = DEFINITIONAL_REPRESENTATION('',(#14430),#14435);
#14430 = B_SPLINE_CURVE_WITH_KNOTS('',3,(#14431,#14432,#14433,#14434),
  .UNSPECIFIED.,.F.,.F.,(4,4),(0.,1.469222508299E-03),
  .PIECEWISE_BEZIER_KNOTS.);
#14431 = CARTESIAN_POINT('',(13.110330255582,1.414213562373));
#14432 = CARTESIAN_POINT('',(12.979445683928,0.9422823269));
#14433 = CARTESIAN_POINT('',(12.84674500948,0.470862534445));
#14434 = CARTESIAN_POINT('',(12.712065546008,-3.819167204711E-14));
#14435 = ( GEOMETRIC_REPRESENTATION_CONTEXT(2) 
PARAMETRIC_REPRESENTATION_CONTEXT() REPRESENTATION_CONTEXT('2D SPACE',''
  ) );
#14436 = ORIENTED_EDGE('',*,*,#5298,.F.);
#14437 = ORIENTED_EDGE('',*,*,#14387,.F.);
#14438 = ORIENTED_EDGE('',*,*,#12079,.T.);
#14439 = ADVANCED_FACE('',(#14440),#5343,.T.);
#14440 = FACE_BOUND('',#14441,.T.);
#14441 = EDGE_LOOP('',(#14442,#14463,#14464,#14465));
#14442 = ORIENTED_EDGE('',*,*,#14443,.F.);
#14443 = EDGE_CURVE('',#5328,#12156,#14444,.T.);
#14444 = SURFACE_CURVE('',#14445,(#14449,#14456),.PCURVE_S1.);
#14445 = LINE('',#14446,#14447);
#14446 = CARTESIAN_POINT('',(-16.03853364723,59.739968791517,
    58.038567512937));
#14447 = VECTOR('',#14448,1.);
#14448 = DIRECTION('',(-0.678707105705,0.415912249292,-0.605288084762));
#14449 = PCURVE('',#5343,#14450);
#14450 = DEFINITIONAL_REPRESENTATION('',(#14451),#14455);
#14451 = LINE('',#14452,#14453);
#14452 = CARTESIAN_POINT('',(12.21640125664,1.642513574985));
#14453 = VECTOR('',#14454,1.);
#14454 = DIRECTION('',(0.516964862336,0.856006618613));
#14455 = ( GEOMETRIC_REPRESENTATION_CONTEXT(2) 
PARAMETRIC_REPRESENTATION_CONTEXT() REPRESENTATION_CONTEXT('2D SPACE',''
  ) );
#14456 = PCURVE('',#5371,#14457);
#14457 = DEFINITIONAL_REPRESENTATION('',(#14458),#14462);
#14458 = LINE('',#14459,#14460);
#14459 = CARTESIAN_POINT('',(0.378026314868,-0.228300012612));
#14460 = VECTOR('',#14461,1.);
#14461 = DIRECTION('',(-0.516964862336,-0.856006618613));
#14462 = ( GEOMETRIC_REPRESENTATION_CONTEXT(2) 
PARAMETRIC_REPRESENTATION_CONTEXT() REPRESENTATION_CONTEXT('2D SPACE',''
  ) );
#14463 = ORIENTED_EDGE('',*,*,#5327,.F.);
#14464 = ORIENTED_EDGE('',*,*,#14415,.F.);
#14465 = ORIENTED_EDGE('',*,*,#12178,.F.);
#14466 = ADVANCED_FACE('',(#14467),#5371,.F.);
#14467 = FACE_BOUND('',#14468,.T.);
#14468 = EDGE_LOOP('',(#14469,#14491,#14492,#14493));
#14469 = ORIENTED_EDGE('',*,*,#14470,.T.);
#14470 = EDGE_CURVE('',#12254,#5356,#14471,.T.);
#14471 = SURFACE_CURVE('',#14472,(#14477,#14485),.PCURVE_S1.);
#14472 = B_SPLINE_CURVE_WITH_KNOTS('',3,(#14473,#14474,#14475,#14476),
  .UNSPECIFIED.,.F.,.F.,(4,4),(0.,1.469222508299E-03),
  .PIECEWISE_BEZIER_KNOTS.);
#14473 = CARTESIAN_POINT('',(-16.83882526484,59.310198120316,58.2));
#14474 = CARTESIAN_POINT('',(-16.61122588391,59.033270623654,
    58.533705776857));
#14475 = CARTESIAN_POINT('',(-16.38201104099,58.757248278287,
    58.867049908887));
#14476 = CARTESIAN_POINT('',(-16.15103602321,58.48221216754,59.2));
#14477 = PCURVE('',#5371,#14478);
#14478 = DEFINITIONAL_REPRESENTATION('',(#14479),#14484);
#14479 = B_SPLINE_CURVE_WITH_KNOTS('',3,(#14480,#14481,#14482,#14483),
  .UNSPECIFIED.,.F.,.F.,(4,4),(0.,1.469222508299E-03),
  .PIECEWISE_BEZIER_KNOTS.);
#14480 = CARTESIAN_POINT('',(-0.515902684074,3.552713678801E-15));
#14481 = CARTESIAN_POINT('',(-0.385018112421,0.471931235473));
#14482 = CARTESIAN_POINT('',(-0.252317437972,0.943351027928));
#14483 = CARTESIAN_POINT('',(-0.1176379745,1.414213562373));
#14484 = ( GEOMETRIC_REPRESENTATION_CONTEXT(2) 
PARAMETRIC_REPRESENTATION_CONTEXT() REPRESENTATION_CONTEXT('2D SPACE',''
  ) );
#14485 = PCURVE('',#5400,#14486);
#14486 = DEFINITIONAL_REPRESENTATION('',(#14487),#14490);
#14487 = B_SPLINE_CURVE_WITH_KNOTS('',1,(#14488,#14489),.UNSPECIFIED.,
  .F.,.F.,(2,2),(0.,1.469222508299E-03),.PIECEWISE_BEZIER_KNOTS.);
#14488 = CARTESIAN_POINT('',(0.509081814012,1.));
#14489 = CARTESIAN_POINT('',(0.48787180091,1.59872115546E-14));
#14490 = ( GEOMETRIC_REPRESENTATION_CONTEXT(2) 
PARAMETRIC_REPRESENTATION_CONTEXT() REPRESENTATION_CONTEXT('2D SPACE',''
  ) );
#14491 = ORIENTED_EDGE('',*,*,#5355,.F.);
#14492 = ORIENTED_EDGE('',*,*,#14443,.T.);
#14493 = ORIENTED_EDGE('',*,*,#12276,.F.);
#14494 = ADVANCED_FACE('',(#14495),#5400,.T.);
#14495 = FACE_BOUND('',#14496,.T.);
#14496 = EDGE_LOOP('',(#14497,#14519,#14520,#14521));
#14497 = ORIENTED_EDGE('',*,*,#14498,.T.);
#14498 = EDGE_CURVE('',#12353,#5384,#14499,.T.);
#14499 = SURFACE_CURVE('',#14500,(#14505,#14511),.PCURVE_S1.);
#14500 = B_SPLINE_CURVE_WITH_KNOTS('',3,(#14501,#14502,#14503,#14504),
  .UNSPECIFIED.,.F.,.F.,(4,4),(0.,1.469222508299E-03),
  .PIECEWISE_BEZIER_KNOTS.);
#14501 = CARTESIAN_POINT('',(-17.50128509012,58.010047507745,58.2));
#14502 = CARTESIAN_POINT('',(-17.14346647957,57.988689639161,
    58.533705776857));
#14503 = CARTESIAN_POINT('',(-16.78543060706,57.965492799783,
    58.867049908887));
#14504 = CARTESIAN_POINT('',(-16.4271580103,57.940292254869,59.2));
#14505 = PCURVE('',#5400,#14506);
#14506 = DEFINITIONAL_REPRESENTATION('',(#14507),#14510);
#14507 = B_SPLINE_CURVE_WITH_KNOTS('',1,(#14508,#14509),.UNSPECIFIED.,
  .F.,.F.,(2,2),(0.,1.469222508299E-03),.PIECEWISE_BEZIER_KNOTS.);
#14508 = CARTESIAN_POINT('',(0.433395982065,1.));
#14509 = CARTESIAN_POINT('',(0.454605995167,3.552713678801E-15));
#14510 = ( GEOMETRIC_REPRESENTATION_CONTEXT(2) 
PARAMETRIC_REPRESENTATION_CONTEXT() REPRESENTATION_CONTEXT('2D SPACE',''
  ) );
#14511 = PCURVE('',#5428,#14512);
#14512 = DEFINITIONAL_REPRESENTATION('',(#14513),#14518);
#14513 = B_SPLINE_CURVE_WITH_KNOTS('',3,(#14514,#14515,#14516,#14517),
  .UNSPECIFIED.,.F.,.F.,(4,4),(0.,1.469222508299E-03),
  .PIECEWISE_BEZIER_KNOTS.);
#14514 = CARTESIAN_POINT('',(13.110330255582,1.414213562373));
#14515 = CARTESIAN_POINT('',(12.979445683928,0.9422823269));
#14516 = CARTESIAN_POINT('',(12.84674500948,0.470862534445));
#14517 = CARTESIAN_POINT('',(12.712065546008,-3.730349362741E-14));
#14518 = ( GEOMETRIC_REPRESENTATION_CONTEXT(2) 
PARAMETRIC_REPRESENTATION_CONTEXT() REPRESENTATION_CONTEXT('2D SPACE',''
  ) );
#14519 = ORIENTED_EDGE('',*,*,#5383,.F.);
#14520 = ORIENTED_EDGE('',*,*,#14470,.F.);
#14521 = ORIENTED_EDGE('',*,*,#12375,.T.);
#14522 = ADVANCED_FACE('',(#14523),#5428,.T.);
#14523 = FACE_BOUND('',#14524,.T.);
#14524 = EDGE_LOOP('',(#14525,#14546,#14547,#14548));
#14525 = ORIENTED_EDGE('',*,*,#14526,.F.);
#14526 = EDGE_CURVE('',#5413,#12452,#14527,.T.);
#14527 = SURFACE_CURVE('',#14528,(#14532,#14539),.PCURVE_S1.);
#14528 = LINE('',#14529,#14530);
#14529 = CARTESIAN_POINT('',(-17.37857725644,57.109985126249,
    58.038567512937));
#14530 = VECTOR('',#14531,1.);
#14531 = DIRECTION('',(-0.735414105205,0.304618496337,-0.605288084762));
#14532 = PCURVE('',#5428,#14533);
#14533 = DEFINITIONAL_REPRESENTATION('',(#14534),#14538);
#14534 = LINE('',#14535,#14536);
#14535 = CARTESIAN_POINT('',(12.21640125664,1.642513574985));
#14536 = VECTOR('',#14537,1.);
#14537 = DIRECTION('',(0.516964862336,0.856006618613));
#14538 = ( GEOMETRIC_REPRESENTATION_CONTEXT(2) 
PARAMETRIC_REPRESENTATION_CONTEXT() REPRESENTATION_CONTEXT('2D SPACE',''
  ) );
#14539 = PCURVE('',#5456,#14540);
#14540 = DEFINITIONAL_REPRESENTATION('',(#14541),#14545);
#14541 = LINE('',#14542,#14543);
#14542 = CARTESIAN_POINT('',(0.378026314868,-0.228300012612));
#14543 = VECTOR('',#14544,1.);
#14544 = DIRECTION('',(-0.516964862336,-0.856006618613));
#14545 = ( GEOMETRIC_REPRESENTATION_CONTEXT(2) 
PARAMETRIC_REPRESENTATION_CONTEXT() REPRESENTATION_CONTEXT('2D SPACE',''
  ) );
#14546 = ORIENTED_EDGE('',*,*,#5412,.F.);
#14547 = ORIENTED_EDGE('',*,*,#14498,.F.);
#14548 = ORIENTED_EDGE('',*,*,#12474,.F.);
#14549 = ADVANCED_FACE('',(#14550),#5456,.F.);
#14550 = FACE_BOUND('',#14551,.T.);
#14551 = EDGE_LOOP('',(#14552,#14574,#14575,#14576));
#14552 = ORIENTED_EDGE('',*,*,#14553,.T.);
#14553 = EDGE_CURVE('',#12550,#5441,#14554,.T.);
#14554 = SURFACE_CURVE('',#14555,(#14560,#14568),.PCURVE_S1.);
#14555 = B_SPLINE_CURVE_WITH_KNOTS('',3,(#14556,#14557,#14558,#14559),
  .UNSPECIFIED.,.F.,.F.,(4,4),(0.,1.469222508299E-03),
  .PIECEWISE_BEZIER_KNOTS.);
#14556 = CARTESIAN_POINT('',(-18.10178501119,56.560312454099,58.2));
#14557 = CARTESIAN_POINT('',(-17.83366675153,56.322398781854,
    58.533705776857));
#14558 = CARTESIAN_POINT('',(-17.56409451574,56.085631830923,
    58.867049908887));
#14559 = CARTESIAN_POINT('',(-17.29293805686,55.850114324439,59.2));
#14560 = PCURVE('',#5456,#14561);
#14561 = DEFINITIONAL_REPRESENTATION('',(#14562),#14567);
#14562 = B_SPLINE_CURVE_WITH_KNOTS('',3,(#14563,#14564,#14565,#14566),
  .UNSPECIFIED.,.F.,.F.,(4,4),(0.,1.469222508299E-03),
  .PIECEWISE_BEZIER_KNOTS.);
#14563 = CARTESIAN_POINT('',(-0.515902684074,-1.42108547152E-14));
#14564 = CARTESIAN_POINT('',(-0.38501811242,0.471931235473));
#14565 = CARTESIAN_POINT('',(-0.252317437972,0.943351027928));
#14566 = CARTESIAN_POINT('',(-0.1176379745,1.414213562373));
#14567 = ( GEOMETRIC_REPRESENTATION_CONTEXT(2) 
PARAMETRIC_REPRESENTATION_CONTEXT() REPRESENTATION_CONTEXT('2D SPACE',''
  ) );
#14568 = PCURVE('',#5485,#14569);
#14569 = DEFINITIONAL_REPRESENTATION('',(#14570),#14573);
#14570 = B_SPLINE_CURVE_WITH_KNOTS('',1,(#14571,#14572),.UNSPECIFIED.,
  .F.,.F.,(2,2),(0.,1.469222508299E-03),.PIECEWISE_BEZIER_KNOTS.);
#14571 = CARTESIAN_POINT('',(0.352002181333,1.));
#14572 = CARTESIAN_POINT('',(0.33079216823,5.506706202141E-14));
#14573 = ( GEOMETRIC_REPRESENTATION_CONTEXT(2) 
PARAMETRIC_REPRESENTATION_CONTEXT() REPRESENTATION_CONTEXT('2D SPACE',''
  ) );
#14574 = ORIENTED_EDGE('',*,*,#5440,.F.);
#14575 = ORIENTED_EDGE('',*,*,#14526,.T.);
#14576 = ORIENTED_EDGE('',*,*,#12572,.F.);
#14577 = ADVANCED_FACE('',(#14578),#5485,.T.);
#14578 = FACE_BOUND('',#14579,.T.);
#14579 = EDGE_LOOP('',(#14580,#14602,#14603,#14604));
#14580 = ORIENTED_EDGE('',*,*,#14581,.T.);
#14581 = EDGE_CURVE('',#12649,#5469,#14582,.T.);
#14582 = SURFACE_CURVE('',#14583,(#14588,#14594),.PCURVE_S1.);
#14583 = B_SPLINE_CURVE_WITH_KNOTS('',3,(#14584,#14585,#14586,#14587),
  .UNSPECIFIED.,.F.,.F.,(4,4),(0.,1.469222508299E-03),
  .PIECEWISE_BEZIER_KNOTS.);
#14584 = CARTESIAN_POINT('',(-18.55270049118,55.172537304666,58.2));
#14585 = CARTESIAN_POINT('',(-18.19594611475,55.207417549808,
    58.533705776857));
#14586 = CARTESIAN_POINT('',(-17.8386894728,55.240515452196,
    58.867049908887));
#14587 = CARTESIAN_POINT('',(-17.48088557246,55.271671349821,59.2));
#14588 = PCURVE('',#5485,#14589);
#14589 = DEFINITIONAL_REPRESENTATION('',(#14590),#14593);
#14590 = B_SPLINE_CURVE_WITH_KNOTS('',1,(#14591,#14592),.UNSPECIFIED.,
  .F.,.F.,(2,2),(0.,1.469222508299E-03),.PIECEWISE_BEZIER_KNOTS.);
#14591 = CARTESIAN_POINT('',(0.276316349385,1.));
#14592 = CARTESIAN_POINT('',(0.297526362488,5.151434834261E-14));
#14593 = ( GEOMETRIC_REPRESENTATION_CONTEXT(2) 
PARAMETRIC_REPRESENTATION_CONTEXT() REPRESENTATION_CONTEXT('2D SPACE',''
  ) );
#14594 = PCURVE('',#5513,#14595);
#14595 = DEFINITIONAL_REPRESENTATION('',(#14596),#14601);
#14596 = B_SPLINE_CURVE_WITH_KNOTS('',3,(#14597,#14598,#14599,#14600),
  .UNSPECIFIED.,.F.,.F.,(4,4),(0.,1.469222508299E-03),
  .PIECEWISE_BEZIER_KNOTS.);
#14597 = CARTESIAN_POINT('',(13.110330255582,1.414213562373));
#14598 = CARTESIAN_POINT('',(12.979445683928,0.9422823269));
#14599 = CARTESIAN_POINT('',(12.84674500948,0.470862534445));
#14600 = CARTESIAN_POINT('',(12.712065546008,5.151434834261E-14));
#14601 = ( GEOMETRIC_REPRESENTATION_CONTEXT(2) 
PARAMETRIC_REPRESENTATION_CONTEXT() REPRESENTATION_CONTEXT('2D SPACE',''
  ) );
#14602 = ORIENTED_EDGE('',*,*,#5468,.F.);
#14603 = ORIENTED_EDGE('',*,*,#14553,.F.);
#14604 = ORIENTED_EDGE('',*,*,#12671,.T.);
#14605 = ADVANCED_FACE('',(#14606),#5513,.T.);
#14606 = FACE_BOUND('',#14607,.T.);
#14607 = EDGE_LOOP('',(#14608,#14629,#14630,#14631));
#14608 = ORIENTED_EDGE('',*,*,#14609,.F.);
#14609 = EDGE_CURVE('',#5498,#12748,#14610,.T.);
#14610 = SURFACE_CURVE('',#14611,(#14615,#14622),.PCURVE_S1.);
#14611 = LINE('',#14612,#14613);
#14612 = CARTESIAN_POINT('',(-18.29070261741,54.302751918972,
    58.038567512937));
#14613 = VECTOR('',#14614,1.);
#14614 = DIRECTION('',(-0.774012768736,0.18582402503,-0.605288084762));
#14615 = PCURVE('',#5513,#14616);
#14616 = DEFINITIONAL_REPRESENTATION('',(#14617),#14621);
#14617 = LINE('',#14618,#14619);
#14618 = CARTESIAN_POINT('',(12.21640125664,1.642513574985));
#14619 = VECTOR('',#14620,1.);
#14620 = DIRECTION('',(0.516964862336,0.856006618613));
#14621 = ( GEOMETRIC_REPRESENTATION_CONTEXT(2) 
PARAMETRIC_REPRESENTATION_CONTEXT() REPRESENTATION_CONTEXT('2D SPACE',''
  ) );
#14622 = PCURVE('',#5541,#14623);
#14623 = DEFINITIONAL_REPRESENTATION('',(#14624),#14628);
#14624 = LINE('',#14625,#14626);
#14625 = CARTESIAN_POINT('',(0.378026314868,-0.228300012612));
#14626 = VECTOR('',#14627,1.);
#14627 = DIRECTION('',(-0.516964862336,-0.856006618613));
#14628 = ( GEOMETRIC_REPRESENTATION_CONTEXT(2) 
PARAMETRIC_REPRESENTATION_CONTEXT() REPRESENTATION_CONTEXT('2D SPACE',''
  ) );
#14629 = ORIENTED_EDGE('',*,*,#5497,.F.);
#14630 = ORIENTED_EDGE('',*,*,#14581,.F.);
#14631 = ORIENTED_EDGE('',*,*,#12770,.F.);
#14632 = ADVANCED_FACE('',(#14633),#5541,.F.);
#14633 = FACE_BOUND('',#14634,.T.);
#14634 = EDGE_LOOP('',(#14635,#14657,#14658,#14659));
#14635 = ORIENTED_EDGE('',*,*,#14636,.T.);
#14636 = EDGE_CURVE('',#12846,#5526,#14637,.T.);
#14637 = SURFACE_CURVE('',#14638,(#14643,#14651),.PCURVE_S1.);
#14638 = B_SPLINE_CURVE_WITH_KNOTS('',3,(#14639,#14640,#14641,#14642),
  .UNSPECIFIED.,.F.,.F.,(4,4),(0.,1.469222508299E-03),
  .PIECEWISE_BEZIER_KNOTS.);
#14639 = CARTESIAN_POINT('',(-18.91901873418,53.646712011319,58.2));
#14640 = CARTESIAN_POINT('',(-18.61698355717,53.453670387692,
    58.533705776857));
#14641 = CARTESIAN_POINT('',(-18.31369169163,53.261988819313,
    58.867049908887));
#14642 = CARTESIAN_POINT('',(-18.00903056358,53.07178913974,59.2));
#14643 = PCURVE('',#5541,#14644);
#14644 = DEFINITIONAL_REPRESENTATION('',(#14645),#14650);
#14645 = B_SPLINE_CURVE_WITH_KNOTS('',3,(#14646,#14647,#14648,#14649),
  .UNSPECIFIED.,.F.,.F.,(4,4),(0.,1.469222508299E-03),
  .PIECEWISE_BEZIER_KNOTS.);
#14646 = CARTESIAN_POINT('',(-0.515902684074,7.105427357601E-15));
#14647 = CARTESIAN_POINT('',(-0.38501811242,0.471931235473));
#14648 = CARTESIAN_POINT('',(-0.252317437972,0.943351027928));
#14649 = CARTESIAN_POINT('',(-0.1176379745,1.414213562373));
#14650 = ( GEOMETRIC_REPRESENTATION_CONTEXT(2) 
PARAMETRIC_REPRESENTATION_CONTEXT() REPRESENTATION_CONTEXT('2D SPACE',''
  ) );
#14651 = PCURVE('',#5570,#14652);
#14652 = DEFINITIONAL_REPRESENTATION('',(#14653),#14656);
#14653 = B_SPLINE_CURVE_WITH_KNOTS('',1,(#14654,#14655),.UNSPECIFIED.,
  .F.,.F.,(2,2),(0.,1.469222508299E-03),.PIECEWISE_BEZIER_KNOTS.);
#14654 = CARTESIAN_POINT('',(0.194922548653,1.));
#14655 = CARTESIAN_POINT('',(0.173712535551,7.105427357601E-15));
#14656 = ( GEOMETRIC_REPRESENTATION_CONTEXT(2) 
PARAMETRIC_REPRESENTATION_CONTEXT() REPRESENTATION_CONTEXT('2D SPACE',''
  ) );
#14657 = ORIENTED_EDGE('',*,*,#5525,.F.);
#14658 = ORIENTED_EDGE('',*,*,#14609,.T.);
#14659 = ORIENTED_EDGE('',*,*,#12868,.F.);
#14660 = ADVANCED_FACE('',(#14661),#5570,.T.);
#14661 = FACE_BOUND('',#14662,.T.);
#14662 = EDGE_LOOP('',(#14663,#14664,#14665,#14687));
#14663 = ORIENTED_EDGE('',*,*,#14636,.F.);
#14664 = ORIENTED_EDGE('',*,*,#12895,.T.);
#14665 = ORIENTED_EDGE('',*,*,#14666,.T.);
#14666 = EDGE_CURVE('',#12798,#5554,#14667,.T.);
#14667 = SURFACE_CURVE('',#14668,(#14673,#14679),.PCURVE_S1.);
#14668 = B_SPLINE_CURVE_WITH_KNOTS('',3,(#14669,#14670,#14671,#14672),
  .UNSPECIFIED.,.F.,.F.,(4,4),(0.,1.469222508299E-03),
  .PIECEWISE_BEZIER_KNOTS.);
#14669 = CARTESIAN_POINT('',(-19.14728683326,52.205483954965,58.2));
#14670 = CARTESIAN_POINT('',(-18.8003811677,52.295743446437,
    58.533705776857));
#14671 = CARTESIAN_POINT('',(-18.4527006005,52.384321110389,
    58.867049908887));
#14672 = CARTESIAN_POINT('',(-18.10417571609,52.471066288952,59.2));
#14673 = PCURVE('',#5570,#14674);
#14674 = DEFINITIONAL_REPRESENTATION('',(#14675),#14678);
#14675 = B_SPLINE_CURVE_WITH_KNOTS('',1,(#14676,#14677),.UNSPECIFIED.,
  .F.,.F.,(2,2),(0.,1.469222508299E-03),.PIECEWISE_BEZIER_KNOTS.);
#14676 = CARTESIAN_POINT('',(0.119236716706,1.));
#14677 = CARTESIAN_POINT('',(0.140446729808,-2.6645352591E-14));
#14678 = ( GEOMETRIC_REPRESENTATION_CONTEXT(2) 
PARAMETRIC_REPRESENTATION_CONTEXT() REPRESENTATION_CONTEXT('2D SPACE',''
  ) );
#14679 = PCURVE('',#5598,#14680);
#14680 = DEFINITIONAL_REPRESENTATION('',(#14681),#14686);
#14681 = B_SPLINE_CURVE_WITH_KNOTS('',3,(#14682,#14683,#14684,#14685),
  .UNSPECIFIED.,.F.,.F.,(4,4),(0.,1.469222508299E-03),
  .PIECEWISE_BEZIER_KNOTS.);
#14682 = CARTESIAN_POINT('',(13.110330255582,1.414213562373));
#14683 = CARTESIAN_POINT('',(12.979445683928,0.9422823269));
#14684 = CARTESIAN_POINT('',(12.84674500948,0.470862534445));
#14685 = CARTESIAN_POINT('',(12.712065546008,-4.263256414561E-14));
#14686 = ( GEOMETRIC_REPRESENTATION_CONTEXT(2) 
PARAMETRIC_REPRESENTATION_CONTEXT() REPRESENTATION_CONTEXT('2D SPACE',''
  ) );
#14687 = ORIENTED_EDGE('',*,*,#5553,.F.);
#14688 = ADVANCED_FACE('',(#14689),#5598,.T.);
#14689 = FACE_BOUND('',#14690,.T.);
#14690 = EDGE_LOOP('',(#14691,#14692,#14693,#14714));
#14691 = ORIENTED_EDGE('',*,*,#14666,.F.);
#14692 = ORIENTED_EDGE('',*,*,#12797,.F.);
#14693 = ORIENTED_EDGE('',*,*,#14694,.F.);
#14694 = EDGE_CURVE('',#5583,#12700,#14695,.T.);
#14695 = SURFACE_CURVE('',#14696,(#14700,#14707),.PCURVE_S1.);
#14696 = LINE('',#14697,#14698);
#14697 = CARTESIAN_POINT('',(-18.75245017657,51.38739256792,
    58.038567512937));
#14698 = VECTOR('',#14699,1.);
#14699 = DIRECTION('',(-0.7935526691,6.245394951339E-02,-0.605288084762)
  );
#14700 = PCURVE('',#5598,#14701);
#14701 = DEFINITIONAL_REPRESENTATION('',(#14702),#14706);
#14702 = LINE('',#14703,#14704);
#14703 = CARTESIAN_POINT('',(12.21640125664,1.642513574985));
#14704 = VECTOR('',#14705,1.);
#14705 = DIRECTION('',(0.516964862336,0.856006618613));
#14706 = ( GEOMETRIC_REPRESENTATION_CONTEXT(2) 
PARAMETRIC_REPRESENTATION_CONTEXT() REPRESENTATION_CONTEXT('2D SPACE',''
  ) );
#14707 = PCURVE('',#5626,#14708);
#14708 = DEFINITIONAL_REPRESENTATION('',(#14709),#14713);
#14709 = LINE('',#14710,#14711);
#14710 = CARTESIAN_POINT('',(0.378026314868,-0.228300012612));
#14711 = VECTOR('',#14712,1.);
#14712 = DIRECTION('',(-0.516964862336,-0.856006618613));
#14713 = ( GEOMETRIC_REPRESENTATION_CONTEXT(2) 
PARAMETRIC_REPRESENTATION_CONTEXT() REPRESENTATION_CONTEXT('2D SPACE',''
  ) );
#14714 = ORIENTED_EDGE('',*,*,#5582,.F.);
#14715 = ADVANCED_FACE('',(#14716),#5626,.F.);
#14716 = FACE_BOUND('',#14717,.T.);
#14717 = EDGE_LOOP('',(#14718,#14719,#14720,#14742));
#14718 = ORIENTED_EDGE('',*,*,#14694,.T.);
#14719 = ORIENTED_EDGE('',*,*,#12699,.F.);
#14720 = ORIENTED_EDGE('',*,*,#14721,.T.);
#14721 = EDGE_CURVE('',#12600,#5611,#14722,.T.);
#14722 = SURFACE_CURVE('',#14723,(#14728,#14736),.PCURVE_S1.);
#14723 = B_SPLINE_CURVE_WITH_KNOTS('',3,(#14724,#14725,#14726,#14727),
  .UNSPECIFIED.,.F.,.F.,(4,4),(0.,1.469222508299E-03),
  .PIECEWISE_BEZIER_KNOTS.);
#14724 = CARTESIAN_POINT('',(-19.27040342731,50.641139304563,58.2));
#14725 = CARTESIAN_POINT('',(-18.94188844141,50.497723054996,
    58.533705776857));
#14726 = CARTESIAN_POINT('',(-18.61234499841,50.355846705538,
    58.867049908887));
#14727 = CARTESIAN_POINT('',(-18.28168096928,50.215648200224,59.2));
#14728 = PCURVE('',#5626,#14729);
#14729 = DEFINITIONAL_REPRESENTATION('',(#14730),#14735);
#14730 = B_SPLINE_CURVE_WITH_KNOTS('',3,(#14731,#14732,#14733,#14734),
  .UNSPECIFIED.,.F.,.F.,(4,4),(0.,1.469222508299E-03),
  .PIECEWISE_BEZIER_KNOTS.);
#14731 = CARTESIAN_POINT('',(-0.515902684074,-3.19744231092E-14));
#14732 = CARTESIAN_POINT('',(-0.38501811242,0.471931235473));
#14733 = CARTESIAN_POINT('',(-0.252317437972,0.943351027928));
#14734 = CARTESIAN_POINT('',(-0.1176379745,1.414213562373));
#14735 = ( GEOMETRIC_REPRESENTATION_CONTEXT(2) 
PARAMETRIC_REPRESENTATION_CONTEXT() REPRESENTATION_CONTEXT('2D SPACE',''
  ) );
#14736 = PCURVE('',#5655,#14737);
#14737 = DEFINITIONAL_REPRESENTATION('',(#14738),#14741);
#14738 = B_SPLINE_CURVE_WITH_KNOTS('',1,(#14739,#14740),.UNSPECIFIED.,
  .F.,.F.,(2,2),(0.,1.469222508299E-03),.PIECEWISE_BEZIER_KNOTS.);
#14739 = CARTESIAN_POINT('',(3.784291597359E-02,1.));
#14740 = CARTESIAN_POINT('',(1.663290287113E-02,-3.01980662698E-14));
#14741 = ( GEOMETRIC_REPRESENTATION_CONTEXT(2) 
PARAMETRIC_REPRESENTATION_CONTEXT() REPRESENTATION_CONTEXT('2D SPACE',''
  ) );
#14742 = ORIENTED_EDGE('',*,*,#5610,.F.);
#14743 = ADVANCED_FACE('',(#14744),#5655,.T.);
#14744 = FACE_BOUND('',#14745,.T.);
#14745 = EDGE_LOOP('',(#14746,#14747,#14748,#14770));
#14746 = ORIENTED_EDGE('',*,*,#14721,.F.);
#14747 = ORIENTED_EDGE('',*,*,#12599,.T.);
#14748 = ORIENTED_EDGE('',*,*,#14749,.T.);
#14749 = EDGE_CURVE('',#12502,#5639,#14750,.T.);
#14750 = SURFACE_CURVE('',#14751,(#14756,#14762),.PCURVE_S1.);
#14751 = B_SPLINE_CURVE_WITH_KNOTS('',3,(#14752,#14753,#14754,#14755),
  .UNSPECIFIED.,.F.,.F.,(4,4),(0.,1.469222508299E-03),
  .PIECEWISE_BEZIER_KNOTS.);
#14752 = CARTESIAN_POINT('',(-19.27040342731,49.181946159197,58.2));
#14753 = CARTESIAN_POINT('',(-18.94188844141,49.325362408765,
    58.533705776857));
#14754 = CARTESIAN_POINT('',(-18.61234499841,49.467238758222,
    58.867049908887));
#14755 = CARTESIAN_POINT('',(-18.28168096928,49.607437263537,59.2));
#14756 = PCURVE('',#5655,#14757);
#14757 = DEFINITIONAL_REPRESENTATION('',(#14758),#14761);
#14758 = B_SPLINE_CURVE_WITH_KNOTS('',1,(#14759,#14760),.UNSPECIFIED.,
  .F.,.F.,(2,2),(0.,1.469222508299E-03),.PIECEWISE_BEZIER_KNOTS.);
#14759 = CARTESIAN_POINT('',(-3.784291597359E-02,1.));
#14760 = CARTESIAN_POINT('',(-1.663290287113E-02,-2.84217094304E-14));
#14761 = ( GEOMETRIC_REPRESENTATION_CONTEXT(2) 
PARAMETRIC_REPRESENTATION_CONTEXT() REPRESENTATION_CONTEXT('2D SPACE',''
  ) );
#14762 = PCURVE('',#5683,#14763);
#14763 = DEFINITIONAL_REPRESENTATION('',(#14764),#14769);
#14764 = B_SPLINE_CURVE_WITH_KNOTS('',3,(#14765,#14766,#14767,#14768),
  .UNSPECIFIED.,.F.,.F.,(4,4),(0.,1.469222508299E-03),
  .PIECEWISE_BEZIER_KNOTS.);
#14765 = CARTESIAN_POINT('',(13.110330255582,1.414213562373));
#14766 = CARTESIAN_POINT('',(12.979445683928,0.9422823269));
#14767 = CARTESIAN_POINT('',(12.84674500948,0.470862534445));
#14768 = CARTESIAN_POINT('',(12.712065546008,-3.552713678801E-14));
#14769 = ( GEOMETRIC_REPRESENTATION_CONTEXT(2) 
PARAMETRIC_REPRESENTATION_CONTEXT() REPRESENTATION_CONTEXT('2D SPACE',''
  ) );
#14770 = ORIENTED_EDGE('',*,*,#5638,.F.);
#14771 = ADVANCED_FACE('',(#14772),#5683,.T.);
#14772 = FACE_BOUND('',#14773,.T.);
#14773 = EDGE_LOOP('',(#14774,#14775,#14776,#14797));
#14774 = ORIENTED_EDGE('',*,*,#14749,.F.);
#14775 = ORIENTED_EDGE('',*,*,#12501,.F.);
#14776 = ORIENTED_EDGE('',*,*,#14777,.F.);
#14777 = EDGE_CURVE('',#5668,#12404,#14778,.T.);
#14778 = SURFACE_CURVE('',#14779,(#14783,#14790),.PCURVE_S1.);
#14779 = LINE('',#14780,#14781);
#14780 = CARTESIAN_POINT('',(-18.75245017657,48.43569289584,
    58.038567512937));
#14781 = VECTOR('',#14782,1.);
#14782 = DIRECTION('',(-0.7935526691,-6.245394951338E-02,-0.605288084762
    ));
#14783 = PCURVE('',#5683,#14784);
#14784 = DEFINITIONAL_REPRESENTATION('',(#14785),#14789);
#14785 = LINE('',#14786,#14787);
#14786 = CARTESIAN_POINT('',(12.21640125664,1.642513574985));
#14787 = VECTOR('',#14788,1.);
#14788 = DIRECTION('',(0.516964862336,0.856006618613));
#14789 = ( GEOMETRIC_REPRESENTATION_CONTEXT(2) 
PARAMETRIC_REPRESENTATION_CONTEXT() REPRESENTATION_CONTEXT('2D SPACE',''
  ) );
#14790 = PCURVE('',#5711,#14791);
#14791 = DEFINITIONAL_REPRESENTATION('',(#14792),#14796);
#14792 = LINE('',#14793,#14794);
#14793 = CARTESIAN_POINT('',(0.378026314868,-0.228300012612));
#14794 = VECTOR('',#14795,1.);
#14795 = DIRECTION('',(-0.516964862336,-0.856006618613));
#14796 = ( GEOMETRIC_REPRESENTATION_CONTEXT(2) 
PARAMETRIC_REPRESENTATION_CONTEXT() REPRESENTATION_CONTEXT('2D SPACE',''
  ) );
#14797 = ORIENTED_EDGE('',*,*,#5667,.F.);
#14798 = ADVANCED_FACE('',(#14799),#5711,.F.);
#14799 = FACE_BOUND('',#14800,.T.);
#14800 = EDGE_LOOP('',(#14801,#14802,#14803,#14825));
#14801 = ORIENTED_EDGE('',*,*,#14777,.T.);
#14802 = ORIENTED_EDGE('',*,*,#12403,.F.);
#14803 = ORIENTED_EDGE('',*,*,#14804,.T.);
#14804 = EDGE_CURVE('',#12304,#5696,#14805,.T.);
#14805 = SURFACE_CURVE('',#14806,(#14811,#14819),.PCURVE_S1.);
#14806 = B_SPLINE_CURVE_WITH_KNOTS('',3,(#14807,#14808,#14809,#14810),
  .UNSPECIFIED.,.F.,.F.,(4,4),(0.,1.469222508299E-03),
  .PIECEWISE_BEZIER_KNOTS.);
#14807 = CARTESIAN_POINT('',(-19.14728683326,47.617601508795,58.2));
#14808 = CARTESIAN_POINT('',(-18.8003811677,47.527342017324,
    58.533705776857));
#14809 = CARTESIAN_POINT('',(-18.4527006005,47.438764353371,
    58.867049908887));
#14810 = CARTESIAN_POINT('',(-18.10417571609,47.352019174808,59.2));
#14811 = PCURVE('',#5711,#14812);
#14812 = DEFINITIONAL_REPRESENTATION('',(#14813),#14818);
#14813 = B_SPLINE_CURVE_WITH_KNOTS('',3,(#14814,#14815,#14816,#14817),
  .UNSPECIFIED.,.F.,.F.,(4,4),(0.,1.469222508299E-03),
  .PIECEWISE_BEZIER_KNOTS.);
#14814 = CARTESIAN_POINT('',(-0.515902684074,7.105427357601E-15));
#14815 = CARTESIAN_POINT('',(-0.38501811242,0.471931235473));
#14816 = CARTESIAN_POINT('',(-0.252317437972,0.943351027928));
#14817 = CARTESIAN_POINT('',(-0.1176379745,1.414213562373));
#14818 = ( GEOMETRIC_REPRESENTATION_CONTEXT(2) 
PARAMETRIC_REPRESENTATION_CONTEXT() REPRESENTATION_CONTEXT('2D SPACE',''
  ) );
#14819 = PCURVE('',#5740,#14820);
#14820 = DEFINITIONAL_REPRESENTATION('',(#14821),#14824);
#14821 = B_SPLINE_CURVE_WITH_KNOTS('',1,(#14822,#14823),.UNSPECIFIED.,
  .F.,.F.,(2,2),(0.,1.469222508299E-03),.PIECEWISE_BEZIER_KNOTS.);
#14822 = CARTESIAN_POINT('',(6.163948590474,1.));
#14823 = CARTESIAN_POINT('',(6.142738577371,-1.95399252334E-14));
#14824 = ( GEOMETRIC_REPRESENTATION_CONTEXT(2) 
PARAMETRIC_REPRESENTATION_CONTEXT() REPRESENTATION_CONTEXT('2D SPACE',''
  ) );
#14825 = ORIENTED_EDGE('',*,*,#5695,.F.);
#14826 = ADVANCED_FACE('',(#14827),#5740,.T.);
#14827 = FACE_BOUND('',#14828,.T.);
#14828 = EDGE_LOOP('',(#14829,#14830,#14831,#14853));
#14829 = ORIENTED_EDGE('',*,*,#14804,.F.);
#14830 = ORIENTED_EDGE('',*,*,#12303,.T.);
#14831 = ORIENTED_EDGE('',*,*,#14832,.T.);
#14832 = EDGE_CURVE('',#12206,#5724,#14833,.T.);
#14833 = SURFACE_CURVE('',#14834,(#14839,#14845),.PCURVE_S1.);
#14834 = B_SPLINE_CURVE_WITH_KNOTS('',3,(#14835,#14836,#14837,#14838),
  .UNSPECIFIED.,.F.,.F.,(4,4),(0.,1.469222508299E-03),
  .PIECEWISE_BEZIER_KNOTS.);
#14835 = CARTESIAN_POINT('',(-18.91901873418,46.176373452441,58.2));
#14836 = CARTESIAN_POINT('',(-18.61698355717,46.369415076069,
    58.533705776857));
#14837 = CARTESIAN_POINT('',(-18.31369169163,46.561096644447,
    58.867049908887));
#14838 = CARTESIAN_POINT('',(-18.00903056358,46.75129632402,59.2));
#14839 = PCURVE('',#5740,#14840);
#14840 = DEFINITIONAL_REPRESENTATION('',(#14841),#14844);
#14841 = B_SPLINE_CURVE_WITH_KNOTS('',1,(#14842,#14843),.UNSPECIFIED.,
  .F.,.F.,(2,2),(0.,1.469222508299E-03),.PIECEWISE_BEZIER_KNOTS.);
#14842 = CARTESIAN_POINT('',(6.088262758526,1.));
#14843 = CARTESIAN_POINT('',(6.109472771629,-3.552713678801E-14));
#14844 = ( GEOMETRIC_REPRESENTATION_CONTEXT(2) 
PARAMETRIC_REPRESENTATION_CONTEXT() REPRESENTATION_CONTEXT('2D SPACE',''
  ) );
#14845 = PCURVE('',#5768,#14846);
#14846 = DEFINITIONAL_REPRESENTATION('',(#14847),#14852);
#14847 = B_SPLINE_CURVE_WITH_KNOTS('',3,(#14848,#14849,#14850,#14851),
  .UNSPECIFIED.,.F.,.F.,(4,4),(0.,1.469222508299E-03),
  .PIECEWISE_BEZIER_KNOTS.);
#14848 = CARTESIAN_POINT('',(13.110330255582,1.414213562373));
#14849 = CARTESIAN_POINT('',(12.979445683928,0.9422823269));
#14850 = CARTESIAN_POINT('',(12.84674500948,0.470862534445));
#14851 = CARTESIAN_POINT('',(12.712065546008,-2.13162820728E-14));
#14852 = ( GEOMETRIC_REPRESENTATION_CONTEXT(2) 
PARAMETRIC_REPRESENTATION_CONTEXT() REPRESENTATION_CONTEXT('2D SPACE',''
  ) );
#14853 = ORIENTED_EDGE('',*,*,#5723,.F.);
#14854 = ADVANCED_FACE('',(#14855),#5768,.T.);
#14855 = FACE_BOUND('',#14856,.T.);
#14856 = EDGE_LOOP('',(#14857,#14858,#14859,#14880));
#14857 = ORIENTED_EDGE('',*,*,#14832,.F.);
#14858 = ORIENTED_EDGE('',*,*,#12205,.F.);
#14859 = ORIENTED_EDGE('',*,*,#14860,.F.);
#14860 = EDGE_CURVE('',#5753,#12108,#14861,.T.);
#14861 = SURFACE_CURVE('',#14862,(#14866,#14873),.PCURVE_S1.);
#14862 = LINE('',#14863,#14864);
#14863 = CARTESIAN_POINT('',(-18.29070261741,45.520333544789,
    58.038567512937));
#14864 = VECTOR('',#14865,1.);
#14865 = DIRECTION('',(-0.774012768736,-0.18582402503,-0.605288084762));
#14866 = PCURVE('',#5768,#14867);
#14867 = DEFINITIONAL_REPRESENTATION('',(#14868),#14872);
#14868 = LINE('',#14869,#14870);
#14869 = CARTESIAN_POINT('',(12.21640125664,1.642513574985));
#14870 = VECTOR('',#14871,1.);
#14871 = DIRECTION('',(0.516964862336,0.856006618613));
#14872 = ( GEOMETRIC_REPRESENTATION_CONTEXT(2) 
PARAMETRIC_REPRESENTATION_CONTEXT() REPRESENTATION_CONTEXT('2D SPACE',''
  ) );
#14873 = PCURVE('',#5796,#14874);
#14874 = DEFINITIONAL_REPRESENTATION('',(#14875),#14879);
#14875 = LINE('',#14876,#14877);
#14876 = CARTESIAN_POINT('',(0.378026314868,-0.228300012612));
#14877 = VECTOR('',#14878,1.);
#14878 = DIRECTION('',(-0.516964862336,-0.856006618613));
#14879 = ( GEOMETRIC_REPRESENTATION_CONTEXT(2) 
PARAMETRIC_REPRESENTATION_CONTEXT() REPRESENTATION_CONTEXT('2D SPACE',''
  ) );
#14880 = ORIENTED_EDGE('',*,*,#5752,.F.);
#14881 = ADVANCED_FACE('',(#14882),#5796,.F.);
#14882 = FACE_BOUND('',#14883,.T.);
#14883 = EDGE_LOOP('',(#14884,#14885,#14886,#14908));
#14884 = ORIENTED_EDGE('',*,*,#14860,.T.);
#14885 = ORIENTED_EDGE('',*,*,#12107,.F.);
#14886 = ORIENTED_EDGE('',*,*,#14887,.T.);
#14887 = EDGE_CURVE('',#12008,#5781,#14888,.T.);
#14888 = SURFACE_CURVE('',#14889,(#14894,#14902),.PCURVE_S1.);
#14889 = B_SPLINE_CURVE_WITH_KNOTS('',3,(#14890,#14891,#14892,#14893),
  .UNSPECIFIED.,.F.,.F.,(4,4),(0.,1.469222508299E-03),
  .PIECEWISE_BEZIER_KNOTS.);
#14890 = CARTESIAN_POINT('',(-18.55270049118,44.650548159094,58.2));
#14891 = CARTESIAN_POINT('',(-18.19594611475,44.615667913952,
    58.533705776857));
#14892 = CARTESIAN_POINT('',(-17.8386894728,44.582570011564,
    58.867049908887));
#14893 = CARTESIAN_POINT('',(-17.48088557246,44.55141411394,59.2));
#14894 = PCURVE('',#5796,#14895);
#14895 = DEFINITIONAL_REPRESENTATION('',(#14896),#14901);
#14896 = B_SPLINE_CURVE_WITH_KNOTS('',3,(#14897,#14898,#14899,#14900),
  .UNSPECIFIED.,.F.,.F.,(4,4),(0.,1.469222508299E-03),
  .PIECEWISE_BEZIER_KNOTS.);
#14897 = CARTESIAN_POINT('',(-0.515902684074,3.552713678801E-15));
#14898 = CARTESIAN_POINT('',(-0.38501811242,0.471931235473));
#14899 = CARTESIAN_POINT('',(-0.252317437972,0.943351027928));
#14900 = CARTESIAN_POINT('',(-0.1176379745,1.414213562373));
#14901 = ( GEOMETRIC_REPRESENTATION_CONTEXT(2) 
PARAMETRIC_REPRESENTATION_CONTEXT() REPRESENTATION_CONTEXT('2D SPACE',''
  ) );
#14902 = PCURVE('',#5825,#14903);
#14903 = DEFINITIONAL_REPRESENTATION('',(#14904),#14907);
#14904 = B_SPLINE_CURVE_WITH_KNOTS('',1,(#14905,#14906),.UNSPECIFIED.,
  .F.,.F.,(2,2),(0.,1.469222508299E-03),.PIECEWISE_BEZIER_KNOTS.);
#14905 = CARTESIAN_POINT('',(6.006868957794,1.));
#14906 = CARTESIAN_POINT('',(5.985658944692,6.750155989721E-14));
#14907 = ( GEOMETRIC_REPRESENTATION_CONTEXT(2) 
PARAMETRIC_REPRESENTATION_CONTEXT() REPRESENTATION_CONTEXT('2D SPACE',''
  ) );
#14908 = ORIENTED_EDGE('',*,*,#5780,.F.);
#14909 = ADVANCED_FACE('',(#14910),#5825,.T.);
#14910 = FACE_BOUND('',#14911,.T.);
#14911 = EDGE_LOOP('',(#14912,#14913,#14914,#14936));
#14912 = ORIENTED_EDGE('',*,*,#14887,.F.);
#14913 = ORIENTED_EDGE('',*,*,#12007,.T.);
#14914 = ORIENTED_EDGE('',*,*,#14915,.T.);
#14915 = EDGE_CURVE('',#11910,#5809,#14916,.T.);
#14916 = SURFACE_CURVE('',#14917,(#14922,#14928),.PCURVE_S1.);
#14917 = B_SPLINE_CURVE_WITH_KNOTS('',3,(#14918,#14919,#14920,#14921),
  .UNSPECIFIED.,.F.,.F.,(4,4),(0.,1.469222508299E-03),
  .PIECEWISE_BEZIER_KNOTS.);
#14918 = CARTESIAN_POINT('',(-18.10178501119,43.262773009661,58.2));
#14919 = CARTESIAN_POINT('',(-17.83366675153,43.500686681907,
    58.533705776857));
#14920 = CARTESIAN_POINT('',(-17.56409451574,43.737453632837,
    58.867049908887));
#14921 = CARTESIAN_POINT('',(-17.29293805686,43.972971139321,59.2));
#14922 = PCURVE('',#5825,#14923);
#14923 = DEFINITIONAL_REPRESENTATION('',(#14924),#14927);
#14924 = B_SPLINE_CURVE_WITH_KNOTS('',1,(#14925,#14926),.UNSPECIFIED.,
  .F.,.F.,(2,2),(0.,1.469222508299E-03),.PIECEWISE_BEZIER_KNOTS.);
#14925 = CARTESIAN_POINT('',(5.931183125847,1.));
#14926 = CARTESIAN_POINT('',(5.952393138949,7.105427357601E-14));
#14927 = ( GEOMETRIC_REPRESENTATION_CONTEXT(2) 
PARAMETRIC_REPRESENTATION_CONTEXT() REPRESENTATION_CONTEXT('2D SPACE',''
  ) );
#14928 = PCURVE('',#5853,#14929);
#14929 = DEFINITIONAL_REPRESENTATION('',(#14930),#14935);
#14930 = B_SPLINE_CURVE_WITH_KNOTS('',3,(#14931,#14932,#14933,#14934),
  .UNSPECIFIED.,.F.,.F.,(4,4),(0.,1.469222508299E-03),
  .PIECEWISE_BEZIER_KNOTS.);
#14931 = CARTESIAN_POINT('',(13.110330255582,1.414213562373));
#14932 = CARTESIAN_POINT('',(12.979445683928,0.9422823269));
#14933 = CARTESIAN_POINT('',(12.84674500948,0.470862534445));
#14934 = CARTESIAN_POINT('',(12.712065546008,4.263256414561E-14));
#14935 = ( GEOMETRIC_REPRESENTATION_CONTEXT(2) 
PARAMETRIC_REPRESENTATION_CONTEXT() REPRESENTATION_CONTEXT('2D SPACE',''
  ) );
#14936 = ORIENTED_EDGE('',*,*,#5808,.F.);
#14937 = ADVANCED_FACE('',(#14938),#5853,.T.);
#14938 = FACE_BOUND('',#14939,.T.);
#14939 = EDGE_LOOP('',(#14940,#14941,#14942,#14963));
#14940 = ORIENTED_EDGE('',*,*,#14915,.F.);
#14941 = ORIENTED_EDGE('',*,*,#11909,.F.);
#14942 = ORIENTED_EDGE('',*,*,#14943,.F.);
#14943 = EDGE_CURVE('',#5838,#11812,#14944,.T.);
#14944 = SURFACE_CURVE('',#14945,(#14949,#14956),.PCURVE_S1.);
#14945 = LINE('',#14946,#14947);
#14946 = CARTESIAN_POINT('',(-17.37857725644,42.713100337511,
    58.038567512937));
#14947 = VECTOR('',#14948,1.);
#14948 = DIRECTION('',(-0.735414105205,-0.304618496337,-0.605288084762)
  );
#14949 = PCURVE('',#5853,#14950);
#14950 = DEFINITIONAL_REPRESENTATION('',(#14951),#14955);
#14951 = LINE('',#14952,#14953);
#14952 = CARTESIAN_POINT('',(12.21640125664,1.642513574985));
#14953 = VECTOR('',#14954,1.);
#14954 = DIRECTION('',(0.516964862336,0.856006618613));
#14955 = ( GEOMETRIC_REPRESENTATION_CONTEXT(2) 
PARAMETRIC_REPRESENTATION_CONTEXT() REPRESENTATION_CONTEXT('2D SPACE',''
  ) );
#14956 = PCURVE('',#5881,#14957);
#14957 = DEFINITIONAL_REPRESENTATION('',(#14958),#14962);
#14958 = LINE('',#14959,#14960);
#14959 = CARTESIAN_POINT('',(0.378026314868,-0.228300012612));
#14960 = VECTOR('',#14961,1.);
#14961 = DIRECTION('',(-0.516964862336,-0.856006618613));
#14962 = ( GEOMETRIC_REPRESENTATION_CONTEXT(2) 
PARAMETRIC_REPRESENTATION_CONTEXT() REPRESENTATION_CONTEXT('2D SPACE',''
  ) );
#14963 = ORIENTED_EDGE('',*,*,#5837,.F.);
#14964 = ADVANCED_FACE('',(#14965),#5881,.F.);
#14965 = FACE_BOUND('',#14966,.T.);
#14966 = EDGE_LOOP('',(#14967,#14968,#14969,#14991));
#14967 = ORIENTED_EDGE('',*,*,#14943,.T.);
#14968 = ORIENTED_EDGE('',*,*,#11811,.F.);
#14969 = ORIENTED_EDGE('',*,*,#14970,.T.);
#14970 = EDGE_CURVE('',#11712,#5866,#14971,.T.);
#14971 = SURFACE_CURVE('',#14972,(#14977,#14985),.PCURVE_S1.);
#14972 = B_SPLINE_CURVE_WITH_KNOTS('',3,(#14973,#14974,#14975,#14976),
  .UNSPECIFIED.,.F.,.F.,(4,4),(0.,1.469222508299E-03),
  .PIECEWISE_BEZIER_KNOTS.);
#14973 = CARTESIAN_POINT('',(-17.50128509012,41.813037956015,58.2));
#14974 = CARTESIAN_POINT('',(-17.14346647957,41.8343958246,
    58.533705776857));
#14975 = CARTESIAN_POINT('',(-16.78543060706,41.857592663978,
    58.867049908887));
#14976 = CARTESIAN_POINT('',(-16.4271580103,41.882793208892,59.2));
#14977 = PCURVE('',#5881,#14978);
#14978 = DEFINITIONAL_REPRESENTATION('',(#14979),#14984);
#14979 = B_SPLINE_CURVE_WITH_KNOTS('',3,(#14980,#14981,#14982,#14983),
  .UNSPECIFIED.,.F.,.F.,(4,4),(0.,1.469222508299E-03),
  .PIECEWISE_BEZIER_KNOTS.);
#14980 = CARTESIAN_POINT('',(-0.515902684074,2.13162820728E-14));
#14981 = CARTESIAN_POINT('',(-0.38501811242,0.471931235473));
#14982 = CARTESIAN_POINT('',(-0.252317437972,0.943351027928));
#14983 = CARTESIAN_POINT('',(-0.1176379745,1.414213562373));
#14984 = ( GEOMETRIC_REPRESENTATION_CONTEXT(2) 
PARAMETRIC_REPRESENTATION_CONTEXT() REPRESENTATION_CONTEXT('2D SPACE',''
  ) );
#14985 = PCURVE('',#5910,#14986);
#14986 = DEFINITIONAL_REPRESENTATION('',(#14987),#14990);
#14987 = B_SPLINE_CURVE_WITH_KNOTS('',1,(#14988,#14989),.UNSPECIFIED.,
  .F.,.F.,(2,2),(0.,1.469222508299E-03),.PIECEWISE_BEZIER_KNOTS.);
#14988 = CARTESIAN_POINT('',(5.849789325115,1.));
#14989 = CARTESIAN_POINT('',(5.828579312012,3.37507799486E-14));
#14990 = ( GEOMETRIC_REPRESENTATION_CONTEXT(2) 
PARAMETRIC_REPRESENTATION_CONTEXT() REPRESENTATION_CONTEXT('2D SPACE',''
  ) );
#14991 = ORIENTED_EDGE('',*,*,#5865,.F.);
#14992 = ADVANCED_FACE('',(#14993),#5910,.T.);
#14993 = FACE_BOUND('',#14994,.T.);
#14994 = EDGE_LOOP('',(#14995,#14996,#14997,#15019));
#14995 = ORIENTED_EDGE('',*,*,#14970,.F.);
#14996 = ORIENTED_EDGE('',*,*,#11711,.T.);
#14997 = ORIENTED_EDGE('',*,*,#14998,.T.);
#14998 = EDGE_CURVE('',#11614,#5894,#14999,.T.);
#14999 = SURFACE_CURVE('',#15000,(#15005,#15011),.PCURVE_S1.);
#15000 = B_SPLINE_CURVE_WITH_KNOTS('',3,(#15001,#15002,#15003,#15004),
  .UNSPECIFIED.,.F.,.F.,(4,4),(0.,1.469222508299E-03),
  .PIECEWISE_BEZIER_KNOTS.);
#15001 = CARTESIAN_POINT('',(-16.83882526484,40.512887343444,58.2));
#15002 = CARTESIAN_POINT('',(-16.61122588391,40.789814840106,
    58.533705776857));
#15003 = CARTESIAN_POINT('',(-16.38201104099,41.065837185473,
    58.867049908887));
#15004 = CARTESIAN_POINT('',(-16.15103602321,41.340873296221,59.2));
#15005 = PCURVE('',#5910,#15006);
#15006 = DEFINITIONAL_REPRESENTATION('',(#15007),#15010);
#15007 = B_SPLINE_CURVE_WITH_KNOTS('',1,(#15008,#15009),.UNSPECIFIED.,
  .F.,.F.,(2,2),(0.,1.469222508299E-03),.PIECEWISE_BEZIER_KNOTS.);
#15008 = CARTESIAN_POINT('',(5.774103493168,1.));
#15009 = CARTESIAN_POINT('',(5.79531350627,4.440892098501E-14));
#15010 = ( GEOMETRIC_REPRESENTATION_CONTEXT(2) 
PARAMETRIC_REPRESENTATION_CONTEXT() REPRESENTATION_CONTEXT('2D SPACE',''
  ) );
#15011 = PCURVE('',#5938,#15012);
#15012 = DEFINITIONAL_REPRESENTATION('',(#15013),#15018);
#15013 = B_SPLINE_CURVE_WITH_KNOTS('',3,(#15014,#15015,#15016,#15017),
  .UNSPECIFIED.,.F.,.F.,(4,4),(0.,1.469222508299E-03),
  .PIECEWISE_BEZIER_KNOTS.);
#15014 = CARTESIAN_POINT('',(13.110330255582,1.414213562373));
#15015 = CARTESIAN_POINT('',(12.979445683928,0.9422823269));
#15016 = CARTESIAN_POINT('',(12.84674500948,0.470862534445));
#15017 = CARTESIAN_POINT('',(12.712065546008,-7.105427357601E-15));
#15018 = ( GEOMETRIC_REPRESENTATION_CONTEXT(2) 
PARAMETRIC_REPRESENTATION_CONTEXT() REPRESENTATION_CONTEXT('2D SPACE',''
  ) );
#15019 = ORIENTED_EDGE('',*,*,#5893,.F.);
#15020 = ADVANCED_FACE('',(#15021),#5938,.T.);
#15021 = FACE_BOUND('',#15022,.T.);
#15022 = EDGE_LOOP('',(#15023,#15024,#15025,#15046));
#15023 = ORIENTED_EDGE('',*,*,#14998,.F.);
#15024 = ORIENTED_EDGE('',*,*,#11613,.F.);
#15025 = ORIENTED_EDGE('',*,*,#15026,.F.);
#15026 = EDGE_CURVE('',#5923,#11516,#15027,.T.);
#15027 = SURFACE_CURVE('',#15028,(#15032,#15039),.PCURVE_S1.);
#15028 = LINE('',#15029,#15030);
#15029 = CARTESIAN_POINT('',(-16.03853364723,40.083116672243,
    58.038567512937));
#15030 = VECTOR('',#15031,1.);
#15031 = DIRECTION('',(-0.678707105705,-0.415912249292,-0.605288084762)
  );
#15032 = PCURVE('',#5938,#15033);
#15033 = DEFINITIONAL_REPRESENTATION('',(#15034),#15038);
#15034 = LINE('',#15035,#15036);
#15035 = CARTESIAN_POINT('',(12.21640125664,1.642513574985));
#15036 = VECTOR('',#15037,1.);
#15037 = DIRECTION('',(0.516964862336,0.856006618613));
#15038 = ( GEOMETRIC_REPRESENTATION_CONTEXT(2) 
PARAMETRIC_REPRESENTATION_CONTEXT() REPRESENTATION_CONTEXT('2D SPACE',''
  ) );
#15039 = PCURVE('',#5966,#15040);
#15040 = DEFINITIONAL_REPRESENTATION('',(#15041),#15045);
#15041 = LINE('',#15042,#15043);
#15042 = CARTESIAN_POINT('',(0.378026314868,-0.228300012612));
#15043 = VECTOR('',#15044,1.);
#15044 = DIRECTION('',(-0.516964862336,-0.856006618613));
#15045 = ( GEOMETRIC_REPRESENTATION_CONTEXT(2) 
PARAMETRIC_REPRESENTATION_CONTEXT() REPRESENTATION_CONTEXT('2D SPACE',''
  ) );
#15046 = ORIENTED_EDGE('',*,*,#5922,.F.);
#15047 = ADVANCED_FACE('',(#15048),#5966,.F.);
#15048 = FACE_BOUND('',#15049,.T.);
#15049 = EDGE_LOOP('',(#15050,#15051,#15052,#15074));
#15050 = ORIENTED_EDGE('',*,*,#15026,.T.);
#15051 = ORIENTED_EDGE('',*,*,#11515,.F.);
#15052 = ORIENTED_EDGE('',*,*,#15053,.T.);
#15053 = EDGE_CURVE('',#11416,#5951,#15054,.T.);
#15054 = SURFACE_CURVE('',#15055,(#15060,#15068),.PCURVE_S1.);
#15055 = B_SPLINE_CURVE_WITH_KNOTS('',3,(#15056,#15057,#15058,#15059),
  .UNSPECIFIED.,.F.,.F.,(4,4),(0.,1.469222508299E-03),
  .PIECEWISE_BEZIER_KNOTS.);
#15056 = CARTESIAN_POINT('',(-16.0189299667,39.174939817915,58.2));
#15057 = CARTESIAN_POINT('',(-15.66885780376,39.252009898618,
    58.533705776857));
#15058 = CARTESIAN_POINT('',(-15.31885873213,39.330930296591,
    58.867049908887));
#15059 = CARTESIAN_POINT('',(-14.96893929932,39.411866762992,59.2));
#15060 = PCURVE('',#5966,#15061);
#15061 = DEFINITIONAL_REPRESENTATION('',(#15062),#15067);
#15062 = B_SPLINE_CURVE_WITH_KNOTS('',3,(#15063,#15064,#15065,#15066),
  .UNSPECIFIED.,.F.,.F.,(4,4),(0.,1.469222508299E-03),
  .PIECEWISE_BEZIER_KNOTS.);
#15063 = CARTESIAN_POINT('',(-0.515902684074,-8.437694987151E-14));
#15064 = CARTESIAN_POINT('',(-0.38501811242,0.471931235473));
#15065 = CARTESIAN_POINT('',(-0.252317437972,0.943351027928));
#15066 = CARTESIAN_POINT('',(-0.1176379745,1.414213562373));
#15067 = ( GEOMETRIC_REPRESENTATION_CONTEXT(2) 
PARAMETRIC_REPRESENTATION_CONTEXT() REPRESENTATION_CONTEXT('2D SPACE',''
  ) );
#15068 = PCURVE('',#5995,#15069);
#15069 = DEFINITIONAL_REPRESENTATION('',(#15070),#15073);
#15070 = B_SPLINE_CURVE_WITH_KNOTS('',1,(#15071,#15072),.UNSPECIFIED.,
  .F.,.F.,(2,2),(0.,1.469222508299E-03),.PIECEWISE_BEZIER_KNOTS.);
#15071 = CARTESIAN_POINT('',(5.692709692435,1.));
#15072 = CARTESIAN_POINT('',(5.671499679333,-2.84217094304E-14));
#15073 = ( GEOMETRIC_REPRESENTATION_CONTEXT(2) 
PARAMETRIC_REPRESENTATION_CONTEXT() REPRESENTATION_CONTEXT('2D SPACE',''
  ) );
#15074 = ORIENTED_EDGE('',*,*,#5950,.F.);
#15075 = ADVANCED_FACE('',(#15076),#5995,.T.);
#15076 = FACE_BOUND('',#15077,.T.);
#15077 = EDGE_LOOP('',(#15078,#15079,#15080,#15102));
#15078 = ORIENTED_EDGE('',*,*,#15053,.F.);
#15079 = ORIENTED_EDGE('',*,*,#11415,.T.);
#15080 = ORIENTED_EDGE('',*,*,#15081,.T.);
#15081 = EDGE_CURVE('',#11318,#5979,#15082,.T.);
#15082 = SURFACE_CURVE('',#15083,(#15088,#15094),.PCURVE_S1.);
#15083 = B_SPLINE_CURVE_WITH_KNOTS('',3,(#15084,#15085,#15086,#15087),
  .UNSPECIFIED.,.F.,.F.,(4,4),(0.,1.469222508299E-03),
  .PIECEWISE_BEZIER_KNOTS.);
#15084 = CARTESIAN_POINT('',(-15.16123775561,37.994427765239,58.2));
#15085 = CARTESIAN_POINT('',(-14.97976150554,38.303550212281,
    58.533705776857));
#15086 = CARTESIAN_POINT('',(-14.79654808563,38.612031365875,
    58.867049908887));
#15087 = CARTESIAN_POINT('',(-14.61144188045,38.919813779047,59.2));
#15088 = PCURVE('',#5995,#15089);
#15089 = DEFINITIONAL_REPRESENTATION('',(#15090),#15093);
#15090 = B_SPLINE_CURVE_WITH_KNOTS('',1,(#15091,#15092),.UNSPECIFIED.,
  .F.,.F.,(2,2),(0.,1.469222508299E-03),.PIECEWISE_BEZIER_KNOTS.);
#15091 = CARTESIAN_POINT('',(5.617023860488,1.));
#15092 = CARTESIAN_POINT('',(5.63823387359,7.105427357601E-15));
#15093 = ( GEOMETRIC_REPRESENTATION_CONTEXT(2) 
PARAMETRIC_REPRESENTATION_CONTEXT() REPRESENTATION_CONTEXT('2D SPACE',''
  ) );
#15094 = PCURVE('',#6023,#15095);
#15095 = DEFINITIONAL_REPRESENTATION('',(#15096),#15101);
#15096 = B_SPLINE_CURVE_WITH_KNOTS('',3,(#15097,#15098,#15099,#15100),
  .UNSPECIFIED.,.F.,.F.,(4,4),(0.,1.469222508299E-03),
  .PIECEWISE_BEZIER_KNOTS.);
#15097 = CARTESIAN_POINT('',(13.110330255582,1.414213562373));
#15098 = CARTESIAN_POINT('',(12.979445683928,0.9422823269));
#15099 = CARTESIAN_POINT('',(12.84674500948,0.470862534445));
#15100 = CARTESIAN_POINT('',(12.712065546008,-3.19744231092E-14));
#15101 = ( GEOMETRIC_REPRESENTATION_CONTEXT(2) 
PARAMETRIC_REPRESENTATION_CONTEXT() REPRESENTATION_CONTEXT('2D SPACE',''
  ) );
#15102 = ORIENTED_EDGE('',*,*,#5978,.F.);
#15103 = ADVANCED_FACE('',(#15104),#6023,.T.);
#15104 = FACE_BOUND('',#15105,.T.);
#15105 = EDGE_LOOP('',(#15106,#15107,#15108,#15129));
#15106 = ORIENTED_EDGE('',*,*,#15081,.F.);
#15107 = ORIENTED_EDGE('',*,*,#11317,.F.);
#15108 = ORIENTED_EDGE('',*,*,#15109,.F.);
#15109 = EDGE_CURVE('',#6008,#11220,#15110,.T.);
#15110 = SURFACE_CURVE('',#15111,(#15115,#15122),.PCURVE_S1.);
#15111 = LINE('',#15112,#15113);
#15112 = CARTESIAN_POINT('',(-14.30356811079,37.69514147524,
    58.038567512937));
#15113 = VECTOR('',#15114,1.);
#15114 = DIRECTION('',(-0.605288084762,-0.516964862336,-0.605288084762)
  );
#15115 = PCURVE('',#6023,#15116);
#15116 = DEFINITIONAL_REPRESENTATION('',(#15117),#15121);
#15117 = LINE('',#15118,#15119);
#15118 = CARTESIAN_POINT('',(12.21640125664,1.642513574985));
#15119 = VECTOR('',#15120,1.);
#15120 = DIRECTION('',(0.516964862336,0.856006618613));
#15121 = ( GEOMETRIC_REPRESENTATION_CONTEXT(2) 
PARAMETRIC_REPRESENTATION_CONTEXT() REPRESENTATION_CONTEXT('2D SPACE',''
  ) );
#15122 = PCURVE('',#6051,#15123);
#15123 = DEFINITIONAL_REPRESENTATION('',(#15124),#15128);
#15124 = LINE('',#15125,#15126);
#15125 = CARTESIAN_POINT('',(0.378026314868,-0.228300012612));
#15126 = VECTOR('',#15127,1.);
#15127 = DIRECTION('',(-0.516964862336,-0.856006618613));
#15128 = ( GEOMETRIC_REPRESENTATION_CONTEXT(2) 
PARAMETRIC_REPRESENTATION_CONTEXT() REPRESENTATION_CONTEXT('2D SPACE',''
  ) );
#15129 = ORIENTED_EDGE('',*,*,#6007,.F.);
#15130 = ADVANCED_FACE('',(#15131),#6051,.F.);
#15131 = FACE_BOUND('',#15132,.T.);
#15132 = EDGE_LOOP('',(#15133,#15134,#15135,#15157));
#15133 = ORIENTED_EDGE('',*,*,#15109,.T.);
#15134 = ORIENTED_EDGE('',*,*,#11219,.F.);
#15135 = ORIENTED_EDGE('',*,*,#15136,.T.);
#15136 = EDGE_CURVE('',#11120,#6036,#15137,.T.);
#15137 = SURFACE_CURVE('',#15138,(#15143,#15151),.PCURVE_S1.);
#15138 = B_SPLINE_CURVE_WITH_KNOTS('',3,(#15139,#15140,#15141,#15142),
  .UNSPECIFIED.,.F.,.F.,(4,4),(0.,1.469222508299E-03),
  .PIECEWISE_BEZIER_KNOTS.);
#15139 = CARTESIAN_POINT('',(-14.14213562373,36.801212476298,58.2));
#15140 = CARTESIAN_POINT('',(-13.80842984687,36.932097047952,
    58.533705776857));
#15141 = CARTESIAN_POINT('',(-13.47508571484,37.0647977224,
    58.867049908887));
#15142 = CARTESIAN_POINT('',(-13.14213562373,37.199477185872,59.2));
#15143 = PCURVE('',#6051,#15144);
#15144 = DEFINITIONAL_REPRESENTATION('',(#15145),#15150);
#15145 = B_SPLINE_CURVE_WITH_KNOTS('',3,(#15146,#15147,#15148,#15149),
  .UNSPECIFIED.,.F.,.F.,(4,4),(0.,1.469222508299E-03),
  .PIECEWISE_BEZIER_KNOTS.);
#15146 = CARTESIAN_POINT('',(-0.515902684074,8.881784197001E-16));
#15147 = CARTESIAN_POINT('',(-0.38501811242,0.471931235473));
#15148 = CARTESIAN_POINT('',(-0.252317437972,0.943351027928));
#15149 = CARTESIAN_POINT('',(-0.1176379745,1.414213562373));
#15150 = ( GEOMETRIC_REPRESENTATION_CONTEXT(2) 
PARAMETRIC_REPRESENTATION_CONTEXT() REPRESENTATION_CONTEXT('2D SPACE',''
  ) );
#15151 = PCURVE('',#6080,#15152);
#15152 = DEFINITIONAL_REPRESENTATION('',(#15153),#15156);
#15153 = B_SPLINE_CURVE_WITH_KNOTS('',1,(#15154,#15155),.UNSPECIFIED.,
  .F.,.F.,(2,2),(0.,1.469222508299E-03),.PIECEWISE_BEZIER_KNOTS.);
#15154 = CARTESIAN_POINT('',(5.535630059756,1.));
#15155 = CARTESIAN_POINT('',(5.514420046653,2.6645352591E-14));
#15156 = ( GEOMETRIC_REPRESENTATION_CONTEXT(2) 
PARAMETRIC_REPRESENTATION_CONTEXT() REPRESENTATION_CONTEXT('2D SPACE',''
  ) );
#15157 = ORIENTED_EDGE('',*,*,#6035,.F.);
#15158 = ADVANCED_FACE('',(#15159),#6080,.T.);
#15159 = FACE_BOUND('',#15160,.T.);
#15160 = EDGE_LOOP('',(#15161,#15162,#15163,#15185));
#15161 = ORIENTED_EDGE('',*,*,#15136,.F.);
#15162 = ORIENTED_EDGE('',*,*,#11119,.T.);
#15163 = ORIENTED_EDGE('',*,*,#15164,.T.);
#15164 = EDGE_CURVE('',#11022,#6064,#15165,.T.);
#15165 = SURFACE_CURVE('',#15166,(#15171,#15177),.PCURVE_S1.);
#15166 = B_SPLINE_CURVE_WITH_KNOTS('',3,(#15167,#15168,#15169,#15170),
  .UNSPECIFIED.,.F.,.F.,(4,4),(0.,1.469222508299E-03),
  .PIECEWISE_BEZIER_KNOTS.);
#15167 = CARTESIAN_POINT('',(-13.11033025558,35.769407108149,58.2));
#15168 = CARTESIAN_POINT('',(-12.97944568392,36.103112885006,
    58.533705776857));
#15169 = CARTESIAN_POINT('',(-12.84674500948,36.436457017037,
    58.867049908887));
#15170 = CARTESIAN_POINT('',(-12.712065546,36.769407108149,59.2));
#15171 = PCURVE('',#6080,#15172);
#15172 = DEFINITIONAL_REPRESENTATION('',(#15173),#15176);
#15173 = B_SPLINE_CURVE_WITH_KNOTS('',1,(#15174,#15175),.UNSPECIFIED.,
  .F.,.F.,(2,2),(0.,1.469222508299E-03),.PIECEWISE_BEZIER_KNOTS.);
#15174 = CARTESIAN_POINT('',(5.459944227809,1.));
#15175 = CARTESIAN_POINT('',(5.481154240911,2.6645352591E-14));
#15176 = ( GEOMETRIC_REPRESENTATION_CONTEXT(2) 
PARAMETRIC_REPRESENTATION_CONTEXT() REPRESENTATION_CONTEXT('2D SPACE',''
  ) );
#15177 = PCURVE('',#6108,#15178);
#15178 = DEFINITIONAL_REPRESENTATION('',(#15179),#15184);
#15179 = B_SPLINE_CURVE_WITH_KNOTS('',3,(#15180,#15181,#15182,#15183),
  .UNSPECIFIED.,.F.,.F.,(4,4),(0.,1.469222508299E-03),
  .PIECEWISE_BEZIER_KNOTS.);
#15180 = CARTESIAN_POINT('',(13.110330255582,1.414213562373));
#15181 = CARTESIAN_POINT('',(12.979445683928,0.9422823269));
#15182 = CARTESIAN_POINT('',(12.84674500948,0.470862534445));
#15183 = CARTESIAN_POINT('',(12.712065546008,0.));
#15184 = ( GEOMETRIC_REPRESENTATION_CONTEXT(2) 
PARAMETRIC_REPRESENTATION_CONTEXT() REPRESENTATION_CONTEXT('2D SPACE',''
  ) );
#15185 = ORIENTED_EDGE('',*,*,#6063,.F.);
#15186 = ADVANCED_FACE('',(#15187),#6108,.T.);
#15187 = FACE_BOUND('',#15188,.T.);
#15188 = EDGE_LOOP('',(#15189,#15190,#15191,#15212));
#15189 = ORIENTED_EDGE('',*,*,#15164,.F.);
#15190 = ORIENTED_EDGE('',*,*,#11021,.F.);
#15191 = ORIENTED_EDGE('',*,*,#15192,.F.);
#15192 = EDGE_CURVE('',#6093,#10924,#15193,.T.);
#15193 = SURFACE_CURVE('',#15194,(#15198,#15205),.PCURVE_S1.);
#15194 = LINE('',#15195,#15196);
#15195 = CARTESIAN_POINT('',(-12.21640125664,35.607974621086,
    58.038567512937));
#15196 = VECTOR('',#15197,1.);
#15197 = DIRECTION('',(-0.516964862336,-0.605288084762,-0.605288084762)
  );
#15198 = PCURVE('',#6108,#15199);
#15199 = DEFINITIONAL_REPRESENTATION('',(#15200),#15204);
#15200 = LINE('',#15201,#15202);
#15201 = CARTESIAN_POINT('',(12.21640125664,1.642513574985));
#15202 = VECTOR('',#15203,1.);
#15203 = DIRECTION('',(0.516964862336,0.856006618613));
#15204 = ( GEOMETRIC_REPRESENTATION_CONTEXT(2) 
PARAMETRIC_REPRESENTATION_CONTEXT() REPRESENTATION_CONTEXT('2D SPACE',''
  ) );
#15205 = PCURVE('',#6136,#15206);
#15206 = DEFINITIONAL_REPRESENTATION('',(#15207),#15211);
#15207 = LINE('',#15208,#15209);
#15208 = CARTESIAN_POINT('',(0.378026314868,-0.228300012612));
#15209 = VECTOR('',#15210,1.);
#15210 = DIRECTION('',(-0.516964862336,-0.856006618613));
#15211 = ( GEOMETRIC_REPRESENTATION_CONTEXT(2) 
PARAMETRIC_REPRESENTATION_CONTEXT() REPRESENTATION_CONTEXT('2D SPACE',''
  ) );
#15212 = ORIENTED_EDGE('',*,*,#6092,.F.);
#15213 = ADVANCED_FACE('',(#15214),#6136,.F.);
#15214 = FACE_BOUND('',#15215,.T.);
#15215 = EDGE_LOOP('',(#15216,#15217,#15218,#15240));
#15216 = ORIENTED_EDGE('',*,*,#15192,.T.);
#15217 = ORIENTED_EDGE('',*,*,#10923,.F.);
#15218 = ORIENTED_EDGE('',*,*,#15219,.T.);
#15219 = EDGE_CURVE('',#10824,#6121,#15220,.T.);
#15220 = SURFACE_CURVE('',#15221,(#15226,#15234),.PCURVE_S1.);
#15221 = B_SPLINE_CURVE_WITH_KNOTS('',3,(#15222,#15223,#15224,#15225),
  .UNSPECIFIED.,.F.,.F.,(4,4),(0.,1.469222508299E-03),
  .PIECEWISE_BEZIER_KNOTS.);
#15222 = CARTESIAN_POINT('',(-11.91711496664,34.750304976265,58.2));
#15223 = CARTESIAN_POINT('',(-11.6079925196,34.931781226335,
    58.533705776857));
#15224 = CARTESIAN_POINT('',(-11.299511366,35.114994646245,
    58.867049908887));
#15225 = CARTESIAN_POINT('',(-10.99172895283,35.300100851423,59.2));
#15226 = PCURVE('',#6136,#15227);
#15227 = DEFINITIONAL_REPRESENTATION('',(#15228),#15233);
#15228 = B_SPLINE_CURVE_WITH_KNOTS('',3,(#15229,#15230,#15231,#15232),
  .UNSPECIFIED.,.F.,.F.,(4,4),(0.,1.469222508299E-03),
  .PIECEWISE_BEZIER_KNOTS.);
#15229 = CARTESIAN_POINT('',(-0.515902684074,-7.727152251391E-14));
#15230 = CARTESIAN_POINT('',(-0.385018112421,0.471931235473));
#15231 = CARTESIAN_POINT('',(-0.252317437972,0.943351027928));
#15232 = CARTESIAN_POINT('',(-0.1176379745,1.414213562373));
#15233 = ( GEOMETRIC_REPRESENTATION_CONTEXT(2) 
PARAMETRIC_REPRESENTATION_CONTEXT() REPRESENTATION_CONTEXT('2D SPACE',''
  ) );
#15234 = PCURVE('',#6165,#15235);
#15235 = DEFINITIONAL_REPRESENTATION('',(#15236),#15239);
#15236 = B_SPLINE_CURVE_WITH_KNOTS('',1,(#15237,#15238),.UNSPECIFIED.,
  .F.,.F.,(2,2),(0.,1.469222508299E-03),.PIECEWISE_BEZIER_KNOTS.);
#15237 = CARTESIAN_POINT('',(5.378550427076,1.));
#15238 = CARTESIAN_POINT('',(5.357340413974,1.06581410364E-14));
#15239 = ( GEOMETRIC_REPRESENTATION_CONTEXT(2) 
PARAMETRIC_REPRESENTATION_CONTEXT() REPRESENTATION_CONTEXT('2D SPACE',''
  ) );
#15240 = ORIENTED_EDGE('',*,*,#6120,.F.);
#15241 = ADVANCED_FACE('',(#15242),#6165,.T.);
#15242 = FACE_BOUND('',#15243,.T.);
#15243 = EDGE_LOOP('',(#15244,#15245,#15246,#15268));
#15244 = ORIENTED_EDGE('',*,*,#15219,.F.);
#15245 = ORIENTED_EDGE('',*,*,#10823,.T.);
#15246 = ORIENTED_EDGE('',*,*,#15247,.T.);
#15247 = EDGE_CURVE('',#10726,#6149,#15248,.T.);
#15248 = SURFACE_CURVE('',#15249,(#15254,#15260),.PCURVE_S1.);
#15249 = B_SPLINE_CURVE_WITH_KNOTS('',3,(#15250,#15251,#15252,#15253),
  .UNSPECIFIED.,.F.,.F.,(4,4),(0.,1.469222508299E-03),
  .PIECEWISE_BEZIER_KNOTS.);
#15250 = CARTESIAN_POINT('',(-10.73660291396,33.892612765173,58.2));
#15251 = CARTESIAN_POINT('',(-10.65953283326,34.242684928112,
    58.533705776857));
#15252 = CARTESIAN_POINT('',(-10.58061243528,34.592683999743,
    58.867049908887));
#15253 = CARTESIAN_POINT('',(-10.49967596888,34.942603432555,59.2));
#15254 = PCURVE('',#6165,#15255);
#15255 = DEFINITIONAL_REPRESENTATION('',(#15256),#15259);
#15256 = B_SPLINE_CURVE_WITH_KNOTS('',1,(#15257,#15258),.UNSPECIFIED.,
  .F.,.F.,(2,2),(0.,1.469222508299E-03),.PIECEWISE_BEZIER_KNOTS.);
#15257 = CARTESIAN_POINT('',(5.302864595129,1.));
#15258 = CARTESIAN_POINT('',(5.324074608232,-2.48689957516E-14));
#15259 = ( GEOMETRIC_REPRESENTATION_CONTEXT(2) 
PARAMETRIC_REPRESENTATION_CONTEXT() REPRESENTATION_CONTEXT('2D SPACE',''
  ) );
#15260 = PCURVE('',#6193,#15261);
#15261 = DEFINITIONAL_REPRESENTATION('',(#15262),#15267);
#15262 = B_SPLINE_CURVE_WITH_KNOTS('',3,(#15263,#15264,#15265,#15266),
  .UNSPECIFIED.,.F.,.F.,(4,4),(0.,1.469222508299E-03),
  .PIECEWISE_BEZIER_KNOTS.);
#15263 = CARTESIAN_POINT('',(13.110330255582,1.414213562373));
#15264 = CARTESIAN_POINT('',(12.979445683928,0.9422823269));
#15265 = CARTESIAN_POINT('',(12.84674500948,0.470862534445));
#15266 = CARTESIAN_POINT('',(12.712065546008,-4.618527782441E-14));
#15267 = ( GEOMETRIC_REPRESENTATION_CONTEXT(2) 
PARAMETRIC_REPRESENTATION_CONTEXT() REPRESENTATION_CONTEXT('2D SPACE',''
  ) );
#15268 = ORIENTED_EDGE('',*,*,#6148,.F.);
#15269 = ADVANCED_FACE('',(#15270),#6193,.T.);
#15270 = FACE_BOUND('',#15271,.T.);
#15271 = EDGE_LOOP('',(#15272,#15273,#15274,#15295));
#15272 = ORIENTED_EDGE('',*,*,#15247,.F.);
#15273 = ORIENTED_EDGE('',*,*,#10725,.F.);
#15274 = ORIENTED_EDGE('',*,*,#15275,.F.);
#15275 = EDGE_CURVE('',#6178,#10628,#15276,.T.);
#15276 = SURFACE_CURVE('',#15277,(#15281,#15288),.PCURVE_S1.);
#15277 = LINE('',#15278,#15279);
#15278 = CARTESIAN_POINT('',(-9.828426059637,33.873009084641,
    58.038567512937));
#15279 = VECTOR('',#15280,1.);
#15280 = DIRECTION('',(-0.415912249292,-0.678707105705,-0.605288084762)
  );
#15281 = PCURVE('',#6193,#15282);
#15282 = DEFINITIONAL_REPRESENTATION('',(#15283),#15287);
#15283 = LINE('',#15284,#15285);
#15284 = CARTESIAN_POINT('',(12.21640125664,1.642513574985));
#15285 = VECTOR('',#15286,1.);
#15286 = DIRECTION('',(0.516964862336,0.856006618613));
#15287 = ( GEOMETRIC_REPRESENTATION_CONTEXT(2) 
PARAMETRIC_REPRESENTATION_CONTEXT() REPRESENTATION_CONTEXT('2D SPACE',''
  ) );
#15288 = PCURVE('',#6221,#15289);
#15289 = DEFINITIONAL_REPRESENTATION('',(#15290),#15294);
#15290 = LINE('',#15291,#15292);
#15291 = CARTESIAN_POINT('',(0.378026314868,-0.228300012612));
#15292 = VECTOR('',#15293,1.);
#15293 = DIRECTION('',(-0.516964862336,-0.856006618613));
#15294 = ( GEOMETRIC_REPRESENTATION_CONTEXT(2) 
PARAMETRIC_REPRESENTATION_CONTEXT() REPRESENTATION_CONTEXT('2D SPACE',''
  ) );
#15295 = ORIENTED_EDGE('',*,*,#6177,.F.);
#15296 = ADVANCED_FACE('',(#15297),#6221,.F.);
#15297 = FACE_BOUND('',#15298,.T.);
#15298 = EDGE_LOOP('',(#15299,#15300,#15301,#15323));
#15299 = ORIENTED_EDGE('',*,*,#15275,.T.);
#15300 = ORIENTED_EDGE('',*,*,#10627,.F.);
#15301 = ORIENTED_EDGE('',*,*,#15302,.T.);
#15302 = EDGE_CURVE('',#10528,#6206,#15303,.T.);
#15303 = SURFACE_CURVE('',#15304,(#15309,#15317),.PCURVE_S1.);
#15304 = B_SPLINE_CURVE_WITH_KNOTS('',3,(#15305,#15306,#15307,#15308),
  .UNSPECIFIED.,.F.,.F.,(4,4),(0.,1.469222508299E-03),
  .PIECEWISE_BEZIER_KNOTS.);
#15305 = CARTESIAN_POINT('',(-9.398655388436,33.072717467039,58.2));
#15306 = CARTESIAN_POINT('',(-9.121727891774,33.300316847963,
    58.533705776857));
#15307 = CARTESIAN_POINT('',(-8.845705546407,33.529531690886,
    58.867049908887));
#15308 = CARTESIAN_POINT('',(-8.570669435659,33.760506708665,59.2));
#15309 = PCURVE('',#6221,#15310);
#15310 = DEFINITIONAL_REPRESENTATION('',(#15311),#15316);
#15311 = B_SPLINE_CURVE_WITH_KNOTS('',3,(#15312,#15313,#15314,#15315),
  .UNSPECIFIED.,.F.,.F.,(4,4),(0.,1.469222508299E-03),
  .PIECEWISE_BEZIER_KNOTS.);
#15312 = CARTESIAN_POINT('',(-0.515902684074,-8.881784197001E-15));
#15313 = CARTESIAN_POINT('',(-0.385018112421,0.471931235473));
#15314 = CARTESIAN_POINT('',(-0.252317437972,0.943351027928));
#15315 = CARTESIAN_POINT('',(-0.1176379745,1.414213562373));
#15316 = ( GEOMETRIC_REPRESENTATION_CONTEXT(2) 
PARAMETRIC_REPRESENTATION_CONTEXT() REPRESENTATION_CONTEXT('2D SPACE',''
  ) );
#15317 = PCURVE('',#6250,#15318);
#15318 = DEFINITIONAL_REPRESENTATION('',(#15319),#15322);
#15319 = B_SPLINE_CURVE_WITH_KNOTS('',1,(#15320,#15321),.UNSPECIFIED.,
  .F.,.F.,(2,2),(0.,1.469222508299E-03),.PIECEWISE_BEZIER_KNOTS.);
#15320 = CARTESIAN_POINT('',(5.221470794397,1.));
#15321 = CARTESIAN_POINT('',(5.200260781294,2.6645352591E-14));
#15322 = ( GEOMETRIC_REPRESENTATION_CONTEXT(2) 
PARAMETRIC_REPRESENTATION_CONTEXT() REPRESENTATION_CONTEXT('2D SPACE',''
  ) );
#15323 = ORIENTED_EDGE('',*,*,#6205,.F.);
#15324 = ADVANCED_FACE('',(#15325),#6250,.T.);
#15325 = FACE_BOUND('',#15326,.T.);
#15326 = EDGE_LOOP('',(#15327,#15328,#15329,#15351));
#15327 = ORIENTED_EDGE('',*,*,#15302,.F.);
#15328 = ORIENTED_EDGE('',*,*,#10527,.T.);
#15329 = ORIENTED_EDGE('',*,*,#15330,.T.);
#15330 = EDGE_CURVE('',#10430,#6234,#15331,.T.);
#15331 = SURFACE_CURVE('',#15332,(#15337,#15343),.PCURVE_S1.);
#15332 = B_SPLINE_CURVE_WITH_KNOTS('',3,(#15333,#15334,#15335,#15336),
  .UNSPECIFIED.,.F.,.F.,(4,4),(0.,1.469222508299E-03),
  .PIECEWISE_BEZIER_KNOTS.);
#15333 = CARTESIAN_POINT('',(-8.098504775865,32.410257641758,58.2));
#15334 = CARTESIAN_POINT('',(-8.077146907281,32.768076252305,
    58.533705776857));
#15335 = CARTESIAN_POINT('',(-8.053950067903,33.126112124811,
    58.867049908887));
#15336 = CARTESIAN_POINT('',(-8.028749522988,33.484384721572,59.2));
#15337 = PCURVE('',#6250,#15338);
#15338 = DEFINITIONAL_REPRESENTATION('',(#15339),#15342);
#15339 = B_SPLINE_CURVE_WITH_KNOTS('',1,(#15340,#15341),.UNSPECIFIED.,
  .F.,.F.,(2,2),(0.,1.469222508299E-03),.PIECEWISE_BEZIER_KNOTS.);
#15340 = CARTESIAN_POINT('',(5.14578496245,1.));
#15341 = CARTESIAN_POINT('',(5.166994975552,1.42108547152E-14));
#15342 = ( GEOMETRIC_REPRESENTATION_CONTEXT(2) 
PARAMETRIC_REPRESENTATION_CONTEXT() REPRESENTATION_CONTEXT('2D SPACE',''
  ) );
#15343 = PCURVE('',#6278,#15344);
#15344 = DEFINITIONAL_REPRESENTATION('',(#15345),#15350);
#15345 = B_SPLINE_CURVE_WITH_KNOTS('',3,(#15346,#15347,#15348,#15349),
  .UNSPECIFIED.,.F.,.F.,(4,4),(0.,1.469222508299E-03),
  .PIECEWISE_BEZIER_KNOTS.);
#15346 = CARTESIAN_POINT('',(13.110330255582,1.414213562373));
#15347 = CARTESIAN_POINT('',(12.979445683928,0.9422823269));
#15348 = CARTESIAN_POINT('',(12.84674500948,0.470862534445));
#15349 = CARTESIAN_POINT('',(12.712065546008,-1.06581410364E-14));
#15350 = ( GEOMETRIC_REPRESENTATION_CONTEXT(2) 
PARAMETRIC_REPRESENTATION_CONTEXT() REPRESENTATION_CONTEXT('2D SPACE',''
  ) );
#15351 = ORIENTED_EDGE('',*,*,#6233,.F.);
#15352 = ADVANCED_FACE('',(#15353),#6278,.T.);
#15353 = FACE_BOUND('',#15354,.T.);
#15354 = EDGE_LOOP('',(#15355,#15356,#15357,#15378));
#15355 = ORIENTED_EDGE('',*,*,#15330,.F.);
#15356 = ORIENTED_EDGE('',*,*,#10429,.F.);
#15357 = ORIENTED_EDGE('',*,*,#15358,.F.);
#15358 = EDGE_CURVE('',#6263,#10332,#15359,.T.);
#15359 = SURFACE_CURVE('',#15360,(#15364,#15371),.PCURVE_S1.);
#15360 = LINE('',#15361,#15362);
#15361 = CARTESIAN_POINT('',(-7.198442394369,32.532965475433,
    58.038567512937));
#15362 = VECTOR('',#15363,1.);
#15363 = DIRECTION('',(-0.304618496337,-0.735414105205,-0.605288084762)
  );
#15364 = PCURVE('',#6278,#15365);
#15365 = DEFINITIONAL_REPRESENTATION('',(#15366),#15370);
#15366 = LINE('',#15367,#15368);
#15367 = CARTESIAN_POINT('',(12.21640125664,1.642513574985));
#15368 = VECTOR('',#15369,1.);
#15369 = DIRECTION('',(0.516964862336,0.856006618613));
#15370 = ( GEOMETRIC_REPRESENTATION_CONTEXT(2) 
PARAMETRIC_REPRESENTATION_CONTEXT() REPRESENTATION_CONTEXT('2D SPACE',''
  ) );
#15371 = PCURVE('',#6306,#15372);
#15372 = DEFINITIONAL_REPRESENTATION('',(#15373),#15377);
#15373 = LINE('',#15374,#15375);
#15374 = CARTESIAN_POINT('',(0.378026314868,-0.228300012612));
#15375 = VECTOR('',#15376,1.);
#15376 = DIRECTION('',(-0.516964862336,-0.856006618613));
#15377 = ( GEOMETRIC_REPRESENTATION_CONTEXT(2) 
PARAMETRIC_REPRESENTATION_CONTEXT() REPRESENTATION_CONTEXT('2D SPACE',''
  ) );
#15378 = ORIENTED_EDGE('',*,*,#6262,.F.);
#15379 = ADVANCED_FACE('',(#15380),#6306,.F.);
#15380 = FACE_BOUND('',#15381,.T.);
#15381 = EDGE_LOOP('',(#15382,#15383,#15384,#15406));
#15382 = ORIENTED_EDGE('',*,*,#15358,.T.);
#15383 = ORIENTED_EDGE('',*,*,#10331,.F.);
#15384 = ORIENTED_EDGE('',*,*,#15385,.T.);
#15385 = EDGE_CURVE('',#10232,#6291,#15386,.T.);
#15386 = SURFACE_CURVE('',#15387,(#15392,#15400),.PCURVE_S1.);
#15387 = B_SPLINE_CURVE_WITH_KNOTS('',3,(#15388,#15389,#15390,#15391),
  .UNSPECIFIED.,.F.,.F.,(4,4),(0.,1.469222508299E-03),
  .PIECEWISE_BEZIER_KNOTS.);
#15388 = CARTESIAN_POINT('',(-6.648769722219,31.80975772069,58.2));
#15389 = CARTESIAN_POINT('',(-6.410856049973,32.077875980351,
    58.533705776857));
#15390 = CARTESIAN_POINT('',(-6.174089099043,32.347448216134,
    58.867049908887));
#15391 = CARTESIAN_POINT('',(-5.938571592559,32.618604675015,59.2));
#15392 = PCURVE('',#6306,#15393);
#15393 = DEFINITIONAL_REPRESENTATION('',(#15394),#15399);
#15394 = B_SPLINE_CURVE_WITH_KNOTS('',3,(#15395,#15396,#15397,#15398),
  .UNSPECIFIED.,.F.,.F.,(4,4),(0.,1.469222508299E-03),
  .PIECEWISE_BEZIER_KNOTS.);
#15395 = CARTESIAN_POINT('',(-0.515902684074,-1.42108547152E-14));
#15396 = CARTESIAN_POINT('',(-0.38501811242,0.471931235473));
#15397 = CARTESIAN_POINT('',(-0.252317437972,0.943351027928));
#15398 = CARTESIAN_POINT('',(-0.1176379745,1.414213562373));
#15399 = ( GEOMETRIC_REPRESENTATION_CONTEXT(2) 
PARAMETRIC_REPRESENTATION_CONTEXT() REPRESENTATION_CONTEXT('2D SPACE',''
  ) );
#15400 = PCURVE('',#6335,#15401);
#15401 = DEFINITIONAL_REPRESENTATION('',(#15402),#15405);
#15402 = B_SPLINE_CURVE_WITH_KNOTS('',1,(#15403,#15404),.UNSPECIFIED.,
  .F.,.F.,(2,2),(0.,1.469222508299E-03),.PIECEWISE_BEZIER_KNOTS.);
#15403 = CARTESIAN_POINT('',(5.064391161717,1.));
#15404 = CARTESIAN_POINT('',(5.043181148615,1.42108547152E-14));
#15405 = ( GEOMETRIC_REPRESENTATION_CONTEXT(2) 
PARAMETRIC_REPRESENTATION_CONTEXT() REPRESENTATION_CONTEXT('2D SPACE',''
  ) );
#15406 = ORIENTED_EDGE('',*,*,#6290,.F.);
#15407 = ADVANCED_FACE('',(#15408),#6335,.T.);
#15408 = FACE_BOUND('',#15409,.T.);
#15409 = EDGE_LOOP('',(#15410,#15411,#15412,#15434));
#15410 = ORIENTED_EDGE('',*,*,#15385,.F.);
#15411 = ORIENTED_EDGE('',*,*,#10231,.T.);
#15412 = ORIENTED_EDGE('',*,*,#15413,.T.);
#15413 = EDGE_CURVE('',#10134,#6319,#15414,.T.);
#15414 = SURFACE_CURVE('',#15415,(#15420,#15426),.PCURVE_S1.);
#15415 = B_SPLINE_CURVE_WITH_KNOTS('',3,(#15416,#15417,#15418,#15419),
  .UNSPECIFIED.,.F.,.F.,(4,4),(0.,1.469222508299E-03),
  .PIECEWISE_BEZIER_KNOTS.);
#15416 = CARTESIAN_POINT('',(-5.260994572786,31.358842240697,58.2));
#15417 = CARTESIAN_POINT('',(-5.295874817928,31.715596617129,
    58.533705776857));
#15418 = CARTESIAN_POINT('',(-5.328972720316,32.072853259077,
    58.867049908887));
#15419 = CARTESIAN_POINT('',(-5.36012861794,32.430657159414,59.2));
#15420 = PCURVE('',#6335,#15421);
#15421 = DEFINITIONAL_REPRESENTATION('',(#15422),#15425);
#15422 = B_SPLINE_CURVE_WITH_KNOTS('',1,(#15423,#15424),.UNSPECIFIED.,
  .F.,.F.,(2,2),(0.,1.469222508299E-03),.PIECEWISE_BEZIER_KNOTS.);
#15423 = CARTESIAN_POINT('',(4.98870532977,1.));
#15424 = CARTESIAN_POINT('',(5.009915342873,5.861977570021E-14));
#15425 = ( GEOMETRIC_REPRESENTATION_CONTEXT(2) 
PARAMETRIC_REPRESENTATION_CONTEXT() REPRESENTATION_CONTEXT('2D SPACE',''
  ) );
#15426 = PCURVE('',#6363,#15427);
#15427 = DEFINITIONAL_REPRESENTATION('',(#15428),#15433);
#15428 = B_SPLINE_CURVE_WITH_KNOTS('',3,(#15429,#15430,#15431,#15432),
  .UNSPECIFIED.,.F.,.F.,(4,4),(0.,1.469222508299E-03),
  .PIECEWISE_BEZIER_KNOTS.);
#15429 = CARTESIAN_POINT('',(13.110330255582,1.414213562373));
#15430 = CARTESIAN_POINT('',(12.979445683928,0.9422823269));
#15431 = CARTESIAN_POINT('',(12.84674500948,0.470862534445));
#15432 = CARTESIAN_POINT('',(12.712065546008,7.283063041541E-14));
#15433 = ( GEOMETRIC_REPRESENTATION_CONTEXT(2) 
PARAMETRIC_REPRESENTATION_CONTEXT() REPRESENTATION_CONTEXT('2D SPACE',''
  ) );
#15434 = ORIENTED_EDGE('',*,*,#6318,.F.);
#15435 = ADVANCED_FACE('',(#15436),#6363,.T.);
#15436 = FACE_BOUND('',#15437,.T.);
#15437 = EDGE_LOOP('',(#15438,#15439,#15440,#15461));
#15438 = ORIENTED_EDGE('',*,*,#15413,.F.);
#15439 = ORIENTED_EDGE('',*,*,#10133,.F.);
#15440 = ORIENTED_EDGE('',*,*,#15441,.F.);
#15441 = EDGE_CURVE('',#6348,#10036,#15442,.T.);
#15442 = SURFACE_CURVE('',#15443,(#15447,#15454),.PCURVE_S1.);
#15443 = LINE('',#15444,#15445);
#15444 = CARTESIAN_POINT('',(-4.391209187091,31.620840114469,
    58.038567512937));
#15445 = VECTOR('',#15446,1.);
#15446 = DIRECTION('',(-0.18582402503,-0.774012768736,-0.605288084762));
#15447 = PCURVE('',#6363,#15448);
#15448 = DEFINITIONAL_REPRESENTATION('',(#15449),#15453);
#15449 = LINE('',#15450,#15451);
#15450 = CARTESIAN_POINT('',(12.21640125664,1.642513574985));
#15451 = VECTOR('',#15452,1.);
#15452 = DIRECTION('',(0.516964862336,0.856006618613));
#15453 = ( GEOMETRIC_REPRESENTATION_CONTEXT(2) 
PARAMETRIC_REPRESENTATION_CONTEXT() REPRESENTATION_CONTEXT('2D SPACE',''
  ) );
#15454 = PCURVE('',#6391,#15455);
#15455 = DEFINITIONAL_REPRESENTATION('',(#15456),#15460);
#15456 = LINE('',#15457,#15458);
#15457 = CARTESIAN_POINT('',(0.378026314868,-0.228300012612));
#15458 = VECTOR('',#15459,1.);
#15459 = DIRECTION('',(-0.516964862336,-0.856006618613));
#15460 = ( GEOMETRIC_REPRESENTATION_CONTEXT(2) 
PARAMETRIC_REPRESENTATION_CONTEXT() REPRESENTATION_CONTEXT('2D SPACE',''
  ) );
#15461 = ORIENTED_EDGE('',*,*,#6347,.F.);
#15462 = ADVANCED_FACE('',(#15463),#6391,.F.);
#15463 = FACE_BOUND('',#15464,.T.);
#15464 = EDGE_LOOP('',(#15465,#15466,#15467,#15489));
#15465 = ORIENTED_EDGE('',*,*,#15441,.T.);
#15466 = ORIENTED_EDGE('',*,*,#10035,.F.);
#15467 = ORIENTED_EDGE('',*,*,#15468,.T.);
#15468 = EDGE_CURVE('',#9936,#6376,#15469,.T.);
#15469 = SURFACE_CURVE('',#15470,(#15475,#15483),.PCURVE_S1.);
#15470 = B_SPLINE_CURVE_WITH_KNOTS('',3,(#15471,#15472,#15473,#15474),
  .UNSPECIFIED.,.F.,.F.,(4,4),(0.,1.469222508299E-03),
  .PIECEWISE_BEZIER_KNOTS.);
#15471 = CARTESIAN_POINT('',(-3.735169279439,30.992523997697,58.2));
#15472 = CARTESIAN_POINT('',(-3.542127655811,31.294559174708,
    58.533705776857));
#15473 = CARTESIAN_POINT('',(-3.350446087433,31.597851040247,
    58.867049908887));
#15474 = CARTESIAN_POINT('',(-3.16024640786,31.902512168295,59.2));
#15475 = PCURVE('',#6391,#15476);
#15476 = DEFINITIONAL_REPRESENTATION('',(#15477),#15482);
#15477 = B_SPLINE_CURVE_WITH_KNOTS('',3,(#15478,#15479,#15480,#15481),
  .UNSPECIFIED.,.F.,.F.,(4,4),(0.,1.469222508299E-03),
  .PIECEWISE_BEZIER_KNOTS.);
#15478 = CARTESIAN_POINT('',(-0.515902684074,7.105427357601E-15));
#15479 = CARTESIAN_POINT('',(-0.38501811242,0.471931235473));
#15480 = CARTESIAN_POINT('',(-0.252317437972,0.943351027928));
#15481 = CARTESIAN_POINT('',(-0.1176379745,1.414213562373));
#15482 = ( GEOMETRIC_REPRESENTATION_CONTEXT(2) 
PARAMETRIC_REPRESENTATION_CONTEXT() REPRESENTATION_CONTEXT('2D SPACE',''
  ) );
#15483 = PCURVE('',#6420,#15484);
#15484 = DEFINITIONAL_REPRESENTATION('',(#15485),#15488);
#15485 = B_SPLINE_CURVE_WITH_KNOTS('',1,(#15486,#15487),.UNSPECIFIED.,
  .F.,.F.,(2,2),(0.,1.469222508299E-03),.PIECEWISE_BEZIER_KNOTS.);
#15486 = CARTESIAN_POINT('',(4.907311529038,1.));
#15487 = CARTESIAN_POINT('',(4.886101515935,-2.6645352591E-14));
#15488 = ( GEOMETRIC_REPRESENTATION_CONTEXT(2) 
PARAMETRIC_REPRESENTATION_CONTEXT() REPRESENTATION_CONTEXT('2D SPACE',''
  ) );
#15489 = ORIENTED_EDGE('',*,*,#6375,.F.);
#15490 = ADVANCED_FACE('',(#15491),#6420,.T.);
#15491 = FACE_BOUND('',#15492,.T.);
#15492 = EDGE_LOOP('',(#15493,#15494,#15495,#15517));
#15493 = ORIENTED_EDGE('',*,*,#15468,.F.);
#15494 = ORIENTED_EDGE('',*,*,#9935,.T.);
#15495 = ORIENTED_EDGE('',*,*,#15496,.T.);
#15496 = EDGE_CURVE('',#9838,#6404,#15497,.T.);
#15497 = SURFACE_CURVE('',#15498,(#15503,#15509),.PCURVE_S1.);
#15498 = B_SPLINE_CURVE_WITH_KNOTS('',3,(#15499,#15500,#15501,#15502),
  .UNSPECIFIED.,.F.,.F.,(4,4),(0.,1.469222508299E-03),
  .PIECEWISE_BEZIER_KNOTS.);
#15499 = CARTESIAN_POINT('',(-2.293941223085,30.764255898611,58.2));
#15500 = CARTESIAN_POINT('',(-2.384200714557,31.11116156418,
    58.533705776857));
#15501 = CARTESIAN_POINT('',(-2.472778378509,31.458842131378,
    58.867049908887));
#15502 = CARTESIAN_POINT('',(-2.559523557072,31.807367015783,59.2));
#15503 = PCURVE('',#6420,#15504);
#15504 = DEFINITIONAL_REPRESENTATION('',(#15505),#15508);
#15505 = B_SPLINE_CURVE_WITH_KNOTS('',1,(#15506,#15507),.UNSPECIFIED.,
  .F.,.F.,(2,2),(0.,1.469222508299E-03),.PIECEWISE_BEZIER_KNOTS.);
#15506 = CARTESIAN_POINT('',(4.831625697091,1.));
#15507 = CARTESIAN_POINT('',(4.852835710193,-1.06581410364E-14));
#15508 = ( GEOMETRIC_REPRESENTATION_CONTEXT(2) 
PARAMETRIC_REPRESENTATION_CONTEXT() REPRESENTATION_CONTEXT('2D SPACE',''
  ) );
#15509 = PCURVE('',#6448,#15510);
#15510 = DEFINITIONAL_REPRESENTATION('',(#15511),#15516);
#15511 = B_SPLINE_CURVE_WITH_KNOTS('',3,(#15512,#15513,#15514,#15515),
  .UNSPECIFIED.,.F.,.F.,(4,4),(0.,1.469222508299E-03),
  .PIECEWISE_BEZIER_KNOTS.);
#15512 = CARTESIAN_POINT('',(13.110330255582,1.414213562373));
#15513 = CARTESIAN_POINT('',(12.979445683928,0.9422823269));
#15514 = CARTESIAN_POINT('',(12.84674500948,0.470862534445));
#15515 = CARTESIAN_POINT('',(12.712065546008,5.329070518201E-15));
#15516 = ( GEOMETRIC_REPRESENTATION_CONTEXT(2) 
PARAMETRIC_REPRESENTATION_CONTEXT() REPRESENTATION_CONTEXT('2D SPACE',''
  ) );
#15517 = ORIENTED_EDGE('',*,*,#6403,.F.);
#15518 = ADVANCED_FACE('',(#15519),#6448,.T.);
#15519 = FACE_BOUND('',#15520,.T.);
#15520 = EDGE_LOOP('',(#15521,#15522,#15523,#15544));
#15521 = ORIENTED_EDGE('',*,*,#15496,.F.);
#15522 = ORIENTED_EDGE('',*,*,#9837,.F.);
#15523 = ORIENTED_EDGE('',*,*,#15524,.F.);
#15524 = EDGE_CURVE('',#6433,#9740,#15525,.T.);
#15525 = SURFACE_CURVE('',#15526,(#15530,#15537),.PCURVE_S1.);
#15526 = LINE('',#15527,#15528);
#15527 = CARTESIAN_POINT('',(-1.47584983604,31.159092555308,
    58.038567512937));
#15528 = VECTOR('',#15529,1.);
#15529 = DIRECTION('',(-6.245394951339E-02,-0.7935526691,-0.605288084762
    ));
#15530 = PCURVE('',#6448,#15531);
#15531 = DEFINITIONAL_REPRESENTATION('',(#15532),#15536);
#15532 = LINE('',#15533,#15534);
#15533 = CARTESIAN_POINT('',(12.21640125664,1.642513574985));
#15534 = VECTOR('',#15535,1.);
#15535 = DIRECTION('',(0.516964862336,0.856006618613));
#15536 = ( GEOMETRIC_REPRESENTATION_CONTEXT(2) 
PARAMETRIC_REPRESENTATION_CONTEXT() REPRESENTATION_CONTEXT('2D SPACE',''
  ) );
#15537 = PCURVE('',#6476,#15538);
#15538 = DEFINITIONAL_REPRESENTATION('',(#15539),#15543);
#15539 = LINE('',#15540,#15541);
#15540 = CARTESIAN_POINT('',(0.378026314868,-0.228300012612));
#15541 = VECTOR('',#15542,1.);
#15542 = DIRECTION('',(-0.516964862336,-0.856006618613));
#15543 = ( GEOMETRIC_REPRESENTATION_CONTEXT(2) 
PARAMETRIC_REPRESENTATION_CONTEXT() REPRESENTATION_CONTEXT('2D SPACE',''
  ) );
#15544 = ORIENTED_EDGE('',*,*,#6432,.F.);
#15545 = ADVANCED_FACE('',(#15546),#6476,.F.);
#15546 = FACE_BOUND('',#15547,.T.);
#15547 = EDGE_LOOP('',(#15548,#15549,#15550,#15572));
#15548 = ORIENTED_EDGE('',*,*,#15524,.T.);
#15549 = ORIENTED_EDGE('',*,*,#9739,.F.);
#15550 = ORIENTED_EDGE('',*,*,#15551,.T.);
#15551 = EDGE_CURVE('',#9640,#6461,#15552,.T.);
#15552 = SURFACE_CURVE('',#15553,(#15558,#15566),.PCURVE_S1.);
#15553 = B_SPLINE_CURVE_WITH_KNOTS('',3,(#15554,#15555,#15556,#15557),
  .UNSPECIFIED.,.F.,.F.,(4,4),(0.,1.469222508299E-03),
  .PIECEWISE_BEZIER_KNOTS.);
#15554 = CARTESIAN_POINT('',(-0.729596572683,30.641139304563,58.2));
#15555 = CARTESIAN_POINT('',(-0.586180323115,30.969654290468,
    58.533705776857));
#15556 = CARTESIAN_POINT('',(-0.444303973658,31.299197733466,
    58.867049908887));
#15557 = CARTESIAN_POINT('',(-0.304105468344,31.629861762597,59.2));
#15558 = PCURVE('',#6476,#15559);
#15559 = DEFINITIONAL_REPRESENTATION('',(#15560),#15565);
#15560 = B_SPLINE_CURVE_WITH_KNOTS('',3,(#15561,#15562,#15563,#15564),
  .UNSPECIFIED.,.F.,.F.,(4,4),(0.,1.469222508299E-03),
  .PIECEWISE_BEZIER_KNOTS.);
#15561 = CARTESIAN_POINT('',(-0.515902684074,-3.37507799486E-14));
#15562 = CARTESIAN_POINT('',(-0.38501811242,0.471931235473));
#15563 = CARTESIAN_POINT('',(-0.252317437972,0.943351027928));
#15564 = CARTESIAN_POINT('',(-0.1176379745,1.414213562373));
#15565 = ( GEOMETRIC_REPRESENTATION_CONTEXT(2) 
PARAMETRIC_REPRESENTATION_CONTEXT() REPRESENTATION_CONTEXT('2D SPACE',''
  ) );
#15566 = PCURVE('',#6505,#15567);
#15567 = DEFINITIONAL_REPRESENTATION('',(#15568),#15571);
#15568 = B_SPLINE_CURVE_WITH_KNOTS('',1,(#15569,#15570),.UNSPECIFIED.,
  .F.,.F.,(2,2),(0.,1.469222508299E-03),.PIECEWISE_BEZIER_KNOTS.);
#15569 = CARTESIAN_POINT('',(4.750231896358,1.));
#15570 = CARTESIAN_POINT('',(4.729021883256,-4.440892098501E-14));
#15571 = ( GEOMETRIC_REPRESENTATION_CONTEXT(2) 
PARAMETRIC_REPRESENTATION_CONTEXT() REPRESENTATION_CONTEXT('2D SPACE',''
  ) );
#15572 = ORIENTED_EDGE('',*,*,#6460,.F.);
#15573 = ADVANCED_FACE('',(#15574),#6505,.T.);
#15574 = FACE_BOUND('',#15575,.T.);
#15575 = EDGE_LOOP('',(#15576,#15577,#15578,#15600));
#15576 = ORIENTED_EDGE('',*,*,#15551,.F.);
#15577 = ORIENTED_EDGE('',*,*,#9639,.T.);
#15578 = ORIENTED_EDGE('',*,*,#15579,.T.);
#15579 = EDGE_CURVE('',#9542,#6489,#15580,.T.);
#15580 = SURFACE_CURVE('',#15581,(#15586,#15592),.PCURVE_S1.);
#15581 = B_SPLINE_CURVE_WITH_KNOTS('',3,(#15582,#15583,#15584,#15585),
  .UNSPECIFIED.,.F.,.F.,(4,4),(0.,1.469222508299E-03),
  .PIECEWISE_BEZIER_KNOTS.);
#15582 = CARTESIAN_POINT('',(0.729596572683,30.641139304563,58.2));
#15583 = CARTESIAN_POINT('',(0.586180323115,30.969654290468,
    58.533705776857));
#15584 = CARTESIAN_POINT('',(0.444303973658,31.299197733466,
    58.867049908887));
#15585 = CARTESIAN_POINT('',(0.304105468344,31.629861762597,59.2));
#15586 = PCURVE('',#6505,#15587);
#15587 = DEFINITIONAL_REPRESENTATION('',(#15588),#15591);
#15588 = B_SPLINE_CURVE_WITH_KNOTS('',1,(#15589,#15590),.UNSPECIFIED.,
  .F.,.F.,(2,2),(0.,1.469222508299E-03),.PIECEWISE_BEZIER_KNOTS.);
#15589 = CARTESIAN_POINT('',(4.674546064411,1.));
#15590 = CARTESIAN_POINT('',(4.695756077514,-4.440892098501E-14));
#15591 = ( GEOMETRIC_REPRESENTATION_CONTEXT(2) 
PARAMETRIC_REPRESENTATION_CONTEXT() REPRESENTATION_CONTEXT('2D SPACE',''
  ) );
#15592 = PCURVE('',#6533,#15593);
#15593 = DEFINITIONAL_REPRESENTATION('',(#15594),#15599);
#15594 = B_SPLINE_CURVE_WITH_KNOTS('',3,(#15595,#15596,#15597,#15598),
  .UNSPECIFIED.,.F.,.F.,(4,4),(0.,1.469222508299E-03),
  .PIECEWISE_BEZIER_KNOTS.);
#15595 = CARTESIAN_POINT('',(13.110330255582,1.414213562373));
#15596 = CARTESIAN_POINT('',(12.979445683928,0.9422823269));
#15597 = CARTESIAN_POINT('',(12.84674500948,0.470862534445));
#15598 = CARTESIAN_POINT('',(12.712065546008,-2.48689957516E-14));
#15599 = ( GEOMETRIC_REPRESENTATION_CONTEXT(2) 
PARAMETRIC_REPRESENTATION_CONTEXT() REPRESENTATION_CONTEXT('2D SPACE',''
  ) );
#15600 = ORIENTED_EDGE('',*,*,#6488,.F.);
#15601 = ADVANCED_FACE('',(#15602),#6533,.T.);
#15602 = FACE_BOUND('',#15603,.T.);
#15603 = EDGE_LOOP('',(#15604,#15605,#15606,#15627));
#15604 = ORIENTED_EDGE('',*,*,#15579,.F.);
#15605 = ORIENTED_EDGE('',*,*,#9541,.F.);
#15606 = ORIENTED_EDGE('',*,*,#15607,.F.);
#15607 = EDGE_CURVE('',#6518,#9444,#15608,.T.);
#15608 = SURFACE_CURVE('',#15609,(#15613,#15620),.PCURVE_S1.);
#15609 = LINE('',#15610,#15611);
#15610 = CARTESIAN_POINT('',(1.47584983604,31.159092555308,
    58.038567512937));
#15611 = VECTOR('',#15612,1.);
#15612 = DIRECTION('',(6.245394951338E-02,-0.7935526691,-0.605288084762)
  );
#15613 = PCURVE('',#6533,#15614);
#15614 = DEFINITIONAL_REPRESENTATION('',(#15615),#15619);
#15615 = LINE('',#15616,#15617);
#15616 = CARTESIAN_POINT('',(12.21640125664,1.642513574985));
#15617 = VECTOR('',#15618,1.);
#15618 = DIRECTION('',(0.516964862336,0.856006618613));
#15619 = ( GEOMETRIC_REPRESENTATION_CONTEXT(2) 
PARAMETRIC_REPRESENTATION_CONTEXT() REPRESENTATION_CONTEXT('2D SPACE',''
  ) );
#15620 = PCURVE('',#6561,#15621);
#15621 = DEFINITIONAL_REPRESENTATION('',(#15622),#15626);
#15622 = LINE('',#15623,#15624);
#15623 = CARTESIAN_POINT('',(0.378026314868,-0.228300012612));
#15624 = VECTOR('',#15625,1.);
#15625 = DIRECTION('',(-0.516964862336,-0.856006618613));
#15626 = ( GEOMETRIC_REPRESENTATION_CONTEXT(2) 
PARAMETRIC_REPRESENTATION_CONTEXT() REPRESENTATION_CONTEXT('2D SPACE',''
  ) );
#15627 = ORIENTED_EDGE('',*,*,#6517,.F.);
#15628 = ADVANCED_FACE('',(#15629),#6561,.F.);
#15629 = FACE_BOUND('',#15630,.T.);
#15630 = EDGE_LOOP('',(#15631,#15632,#15633,#15655));
#15631 = ORIENTED_EDGE('',*,*,#15607,.T.);
#15632 = ORIENTED_EDGE('',*,*,#9443,.F.);
#15633 = ORIENTED_EDGE('',*,*,#15634,.T.);
#15634 = EDGE_CURVE('',#9344,#6546,#15635,.T.);
#15635 = SURFACE_CURVE('',#15636,(#15641,#15649),.PCURVE_S1.);
#15636 = B_SPLINE_CURVE_WITH_KNOTS('',3,(#15637,#15638,#15639,#15640),
  .UNSPECIFIED.,.F.,.F.,(4,4),(0.,1.469222508299E-03),
  .PIECEWISE_BEZIER_KNOTS.);
#15637 = CARTESIAN_POINT('',(2.293941223085,30.764255898611,58.2));
#15638 = CARTESIAN_POINT('',(2.384200714557,31.11116156418,
    58.533705776857));
#15639 = CARTESIAN_POINT('',(2.472778378509,31.458842131378,
    58.867049908887));
#15640 = CARTESIAN_POINT('',(2.559523557072,31.807367015783,59.2));
#15641 = PCURVE('',#6561,#15642);
#15642 = DEFINITIONAL_REPRESENTATION('',(#15643),#15648);
#15643 = B_SPLINE_CURVE_WITH_KNOTS('',3,(#15644,#15645,#15646,#15647),
  .UNSPECIFIED.,.F.,.F.,(4,4),(0.,1.469222508299E-03),
  .PIECEWISE_BEZIER_KNOTS.);
#15644 = CARTESIAN_POINT('',(-0.515902684074,5.329070518201E-15));
#15645 = CARTESIAN_POINT('',(-0.38501811242,0.471931235473));
#15646 = CARTESIAN_POINT('',(-0.252317437972,0.943351027928));
#15647 = CARTESIAN_POINT('',(-0.1176379745,1.414213562373));
#15648 = ( GEOMETRIC_REPRESENTATION_CONTEXT(2) 
PARAMETRIC_REPRESENTATION_CONTEXT() REPRESENTATION_CONTEXT('2D SPACE',''
  ) );
#15649 = PCURVE('',#6590,#15650);
#15650 = DEFINITIONAL_REPRESENTATION('',(#15651),#15654);
#15651 = B_SPLINE_CURVE_WITH_KNOTS('',1,(#15652,#15653),.UNSPECIFIED.,
  .F.,.F.,(2,2),(0.,1.469222508299E-03),.PIECEWISE_BEZIER_KNOTS.);
#15652 = CARTESIAN_POINT('',(4.593152263679,1.));
#15653 = CARTESIAN_POINT('',(4.571942250576,-1.24344978758E-14));
#15654 = ( GEOMETRIC_REPRESENTATION_CONTEXT(2) 
PARAMETRIC_REPRESENTATION_CONTEXT() REPRESENTATION_CONTEXT('2D SPACE',''
  ) );
#15655 = ORIENTED_EDGE('',*,*,#6545,.F.);
#15656 = ADVANCED_FACE('',(#15657),#6590,.T.);
#15657 = FACE_BOUND('',#15658,.T.);
#15658 = EDGE_LOOP('',(#15659,#15660,#15661,#15683));
#15659 = ORIENTED_EDGE('',*,*,#15634,.F.);
#15660 = ORIENTED_EDGE('',*,*,#9343,.T.);
#15661 = ORIENTED_EDGE('',*,*,#15662,.T.);
#15662 = EDGE_CURVE('',#9246,#6574,#15663,.T.);
#15663 = SURFACE_CURVE('',#15664,(#15669,#15675),.PCURVE_S1.);
#15664 = B_SPLINE_CURVE_WITH_KNOTS('',3,(#15665,#15666,#15667,#15668),
  .UNSPECIFIED.,.F.,.F.,(4,4),(0.,1.469222508299E-03),
  .PIECEWISE_BEZIER_KNOTS.);
#15665 = CARTESIAN_POINT('',(3.735169279439,30.992523997697,58.2));
#15666 = CARTESIAN_POINT('',(3.542127655811,31.294559174708,
    58.533705776857));
#15667 = CARTESIAN_POINT('',(3.350446087433,31.597851040247,
    58.867049908887));
#15668 = CARTESIAN_POINT('',(3.16024640786,31.902512168295,59.2));
#15669 = PCURVE('',#6590,#15670);
#15670 = DEFINITIONAL_REPRESENTATION('',(#15671),#15674);
#15671 = B_SPLINE_CURVE_WITH_KNOTS('',1,(#15672,#15673),.UNSPECIFIED.,
  .F.,.F.,(2,2),(0.,1.469222508299E-03),.PIECEWISE_BEZIER_KNOTS.);
#15672 = CARTESIAN_POINT('',(4.517466431732,1.));
#15673 = CARTESIAN_POINT('',(4.538676444834,-2.84217094304E-14));
#15674 = ( GEOMETRIC_REPRESENTATION_CONTEXT(2) 
PARAMETRIC_REPRESENTATION_CONTEXT() REPRESENTATION_CONTEXT('2D SPACE',''
  ) );
#15675 = PCURVE('',#6618,#15676);
#15676 = DEFINITIONAL_REPRESENTATION('',(#15677),#15682);
#15677 = B_SPLINE_CURVE_WITH_KNOTS('',3,(#15678,#15679,#15680,#15681),
  .UNSPECIFIED.,.F.,.F.,(4,4),(0.,1.469222508299E-03),
  .PIECEWISE_BEZIER_KNOTS.);
#15678 = CARTESIAN_POINT('',(13.110330255582,1.414213562373));
#15679 = CARTESIAN_POINT('',(12.979445683928,0.9422823269));
#15680 = CARTESIAN_POINT('',(12.84674500948,0.470862534445));
#15681 = CARTESIAN_POINT('',(12.712065546008,-2.22044604925E-15));
#15682 = ( GEOMETRIC_REPRESENTATION_CONTEXT(2) 
PARAMETRIC_REPRESENTATION_CONTEXT() REPRESENTATION_CONTEXT('2D SPACE',''
  ) );
#15683 = ORIENTED_EDGE('',*,*,#6573,.F.);
#15684 = ADVANCED_FACE('',(#15685),#6618,.T.);
#15685 = FACE_BOUND('',#15686,.T.);
#15686 = EDGE_LOOP('',(#15687,#15688,#15689,#15710));
#15687 = ORIENTED_EDGE('',*,*,#15662,.F.);
#15688 = ORIENTED_EDGE('',*,*,#9245,.F.);
#15689 = ORIENTED_EDGE('',*,*,#15690,.F.);
#15690 = EDGE_CURVE('',#6603,#9148,#15691,.T.);
#15691 = SURFACE_CURVE('',#15692,(#15696,#15703),.PCURVE_S1.);
#15692 = LINE('',#15693,#15694);
#15693 = CARTESIAN_POINT('',(4.391209187091,31.620840114469,
    58.038567512937));
#15694 = VECTOR('',#15695,1.);
#15695 = DIRECTION('',(0.18582402503,-0.774012768736,-0.605288084762));
#15696 = PCURVE('',#6618,#15697);
#15697 = DEFINITIONAL_REPRESENTATION('',(#15698),#15702);
#15698 = LINE('',#15699,#15700);
#15699 = CARTESIAN_POINT('',(12.21640125664,1.642513574985));
#15700 = VECTOR('',#15701,1.);
#15701 = DIRECTION('',(0.516964862336,0.856006618613));
#15702 = ( GEOMETRIC_REPRESENTATION_CONTEXT(2) 
PARAMETRIC_REPRESENTATION_CONTEXT() REPRESENTATION_CONTEXT('2D SPACE',''
  ) );
#15703 = PCURVE('',#6646,#15704);
#15704 = DEFINITIONAL_REPRESENTATION('',(#15705),#15709);
#15705 = LINE('',#15706,#15707);
#15706 = CARTESIAN_POINT('',(0.378026314868,-0.228300012612));
#15707 = VECTOR('',#15708,1.);
#15708 = DIRECTION('',(-0.516964862336,-0.856006618613));
#15709 = ( GEOMETRIC_REPRESENTATION_CONTEXT(2) 
PARAMETRIC_REPRESENTATION_CONTEXT() REPRESENTATION_CONTEXT('2D SPACE',''
  ) );
#15710 = ORIENTED_EDGE('',*,*,#6602,.F.);
#15711 = ADVANCED_FACE('',(#15712),#6646,.F.);
#15712 = FACE_BOUND('',#15713,.T.);
#15713 = EDGE_LOOP('',(#15714,#15715,#15716,#15738));
#15714 = ORIENTED_EDGE('',*,*,#15690,.T.);
#15715 = ORIENTED_EDGE('',*,*,#9147,.F.);
#15716 = ORIENTED_EDGE('',*,*,#15717,.T.);
#15717 = EDGE_CURVE('',#9048,#6631,#15718,.T.);
#15718 = SURFACE_CURVE('',#15719,(#15724,#15732),.PCURVE_S1.);
#15719 = B_SPLINE_CURVE_WITH_KNOTS('',3,(#15720,#15721,#15722,#15723),
  .UNSPECIFIED.,.F.,.F.,(4,4),(0.,1.469222508299E-03),
  .PIECEWISE_BEZIER_KNOTS.);
#15720 = CARTESIAN_POINT('',(5.260994572786,31.358842240697,58.2));
#15721 = CARTESIAN_POINT('',(5.295874817928,31.715596617129,
    58.533705776857));
#15722 = CARTESIAN_POINT('',(5.328972720316,32.072853259077,
    58.867049908887));
#15723 = CARTESIAN_POINT('',(5.360128617941,32.430657159414,59.2));
#15724 = PCURVE('',#6646,#15725);
#15725 = DEFINITIONAL_REPRESENTATION('',(#15726),#15731);
#15726 = B_SPLINE_CURVE_WITH_KNOTS('',3,(#15727,#15728,#15729,#15730),
  .UNSPECIFIED.,.F.,.F.,(4,4),(0.,1.469222508299E-03),
  .PIECEWISE_BEZIER_KNOTS.);
#15727 = CARTESIAN_POINT('',(-0.515902684074,0.));
#15728 = CARTESIAN_POINT('',(-0.38501811242,0.471931235473));
#15729 = CARTESIAN_POINT('',(-0.252317437972,0.943351027928));
#15730 = CARTESIAN_POINT('',(-0.1176379745,1.414213562373));
#15731 = ( GEOMETRIC_REPRESENTATION_CONTEXT(2) 
PARAMETRIC_REPRESENTATION_CONTEXT() REPRESENTATION_CONTEXT('2D SPACE',''
  ) );
#15732 = PCURVE('',#6675,#15733);
#15733 = DEFINITIONAL_REPRESENTATION('',(#15734),#15737);
#15734 = B_SPLINE_CURVE_WITH_KNOTS('',1,(#15735,#15736),.UNSPECIFIED.,
  .F.,.F.,(2,2),(0.,1.469222508299E-03),.PIECEWISE_BEZIER_KNOTS.);
#15735 = CARTESIAN_POINT('',(4.436072630999,1.));
#15736 = CARTESIAN_POINT('',(4.414862617897,6.750155989721E-14));
#15737 = ( GEOMETRIC_REPRESENTATION_CONTEXT(2) 
PARAMETRIC_REPRESENTATION_CONTEXT() REPRESENTATION_CONTEXT('2D SPACE',''
  ) );
#15738 = ORIENTED_EDGE('',*,*,#6630,.F.);
#15739 = ADVANCED_FACE('',(#15740),#6675,.T.);
#15740 = FACE_BOUND('',#15741,.T.);
#15741 = EDGE_LOOP('',(#15742,#15743,#15744,#15766));
#15742 = ORIENTED_EDGE('',*,*,#15717,.F.);
#15743 = ORIENTED_EDGE('',*,*,#9047,.T.);
#15744 = ORIENTED_EDGE('',*,*,#15745,.T.);
#15745 = EDGE_CURVE('',#8950,#6659,#15746,.T.);
#15746 = SURFACE_CURVE('',#15747,(#15752,#15758),.PCURVE_S1.);
#15747 = B_SPLINE_CURVE_WITH_KNOTS('',3,(#15748,#15749,#15750,#15751),
  .UNSPECIFIED.,.F.,.F.,(4,4),(0.,1.469222508299E-03),
  .PIECEWISE_BEZIER_KNOTS.);
#15748 = CARTESIAN_POINT('',(6.648769722219,31.80975772069,58.2));
#15749 = CARTESIAN_POINT('',(6.410856049974,32.077875980351,
    58.533705776857));
#15750 = CARTESIAN_POINT('',(6.174089099043,32.347448216134,
    58.867049908887));
#15751 = CARTESIAN_POINT('',(5.938571592559,32.618604675015,59.2));
#15752 = PCURVE('',#6675,#15753);
#15753 = DEFINITIONAL_REPRESENTATION('',(#15754),#15757);
#15754 = B_SPLINE_CURVE_WITH_KNOTS('',1,(#15755,#15756),.UNSPECIFIED.,
  .F.,.F.,(2,2),(0.,1.469222508299E-03),.PIECEWISE_BEZIER_KNOTS.);
#15755 = CARTESIAN_POINT('',(4.360386799052,1.));
#15756 = CARTESIAN_POINT('',(4.381596812155,7.105427357601E-14));
#15757 = ( GEOMETRIC_REPRESENTATION_CONTEXT(2) 
PARAMETRIC_REPRESENTATION_CONTEXT() REPRESENTATION_CONTEXT('2D SPACE',''
  ) );
#15758 = PCURVE('',#6703,#15759);
#15759 = DEFINITIONAL_REPRESENTATION('',(#15760),#15765);
#15760 = B_SPLINE_CURVE_WITH_KNOTS('',3,(#15761,#15762,#15763,#15764),
  .UNSPECIFIED.,.F.,.F.,(4,4),(0.,1.469222508299E-03),
  .PIECEWISE_BEZIER_KNOTS.);
#15761 = CARTESIAN_POINT('',(13.110330255582,1.414213562373));
#15762 = CARTESIAN_POINT('',(12.979445683928,0.9422823269));
#15763 = CARTESIAN_POINT('',(12.84674500948,0.470862534445));
#15764 = CARTESIAN_POINT('',(12.712065546008,4.973799150321E-14));
#15765 = ( GEOMETRIC_REPRESENTATION_CONTEXT(2) 
PARAMETRIC_REPRESENTATION_CONTEXT() REPRESENTATION_CONTEXT('2D SPACE',''
  ) );
#15766 = ORIENTED_EDGE('',*,*,#6658,.F.);
#15767 = ADVANCED_FACE('',(#15768),#6703,.T.);
#15768 = FACE_BOUND('',#15769,.T.);
#15769 = EDGE_LOOP('',(#15770,#15771,#15772,#15793));
#15770 = ORIENTED_EDGE('',*,*,#15745,.F.);
#15771 = ORIENTED_EDGE('',*,*,#8949,.F.);
#15772 = ORIENTED_EDGE('',*,*,#15773,.F.);
#15773 = EDGE_CURVE('',#6688,#8852,#15774,.T.);
#15774 = SURFACE_CURVE('',#15775,(#15779,#15786),.PCURVE_S1.);
#15775 = LINE('',#15776,#15777);
#15776 = CARTESIAN_POINT('',(7.198442394369,32.532965475433,
    58.038567512937));
#15777 = VECTOR('',#15778,1.);
#15778 = DIRECTION('',(0.304618496337,-0.735414105205,-0.605288084762));
#15779 = PCURVE('',#6703,#15780);
#15780 = DEFINITIONAL_REPRESENTATION('',(#15781),#15785);
#15781 = LINE('',#15782,#15783);
#15782 = CARTESIAN_POINT('',(12.21640125664,1.642513574985));
#15783 = VECTOR('',#15784,1.);
#15784 = DIRECTION('',(0.516964862336,0.856006618613));
#15785 = ( GEOMETRIC_REPRESENTATION_CONTEXT(2) 
PARAMETRIC_REPRESENTATION_CONTEXT() REPRESENTATION_CONTEXT('2D SPACE',''
  ) );
#15786 = PCURVE('',#6731,#15787);
#15787 = DEFINITIONAL_REPRESENTATION('',(#15788),#15792);
#15788 = LINE('',#15789,#15790);
#15789 = CARTESIAN_POINT('',(0.378026314868,-0.228300012612));
#15790 = VECTOR('',#15791,1.);
#15791 = DIRECTION('',(-0.516964862336,-0.856006618613));
#15792 = ( GEOMETRIC_REPRESENTATION_CONTEXT(2) 
PARAMETRIC_REPRESENTATION_CONTEXT() REPRESENTATION_CONTEXT('2D SPACE',''
  ) );
#15793 = ORIENTED_EDGE('',*,*,#6687,.F.);
#15794 = ADVANCED_FACE('',(#15795),#6731,.F.);
#15795 = FACE_BOUND('',#15796,.T.);
#15796 = EDGE_LOOP('',(#15797,#15798,#15799,#15821));
#15797 = ORIENTED_EDGE('',*,*,#15773,.T.);
#15798 = ORIENTED_EDGE('',*,*,#8851,.F.);
#15799 = ORIENTED_EDGE('',*,*,#15800,.T.);
#15800 = EDGE_CURVE('',#8752,#6716,#15801,.T.);
#15801 = SURFACE_CURVE('',#15802,(#15807,#15815),.PCURVE_S1.);
#15802 = B_SPLINE_CURVE_WITH_KNOTS('',3,(#15803,#15804,#15805,#15806),
  .UNSPECIFIED.,.F.,.F.,(4,4),(0.,1.469222508299E-03),
  .PIECEWISE_BEZIER_KNOTS.);
#15803 = CARTESIAN_POINT('',(8.098504775865,32.410257641758,58.2));
#15804 = CARTESIAN_POINT('',(8.077146907281,32.768076252305,
    58.533705776857));
#15805 = CARTESIAN_POINT('',(8.053950067903,33.126112124811,
    58.867049908887));
#15806 = CARTESIAN_POINT('',(8.028749522988,33.484384721572,59.2));
#15807 = PCURVE('',#6731,#15808);
#15808 = DEFINITIONAL_REPRESENTATION('',(#15809),#15814);
#15809 = B_SPLINE_CURVE_WITH_KNOTS('',3,(#15810,#15811,#15812,#15813),
  .UNSPECIFIED.,.F.,.F.,(4,4),(0.,1.469222508299E-03),
  .PIECEWISE_BEZIER_KNOTS.);
#15810 = CARTESIAN_POINT('',(-0.515902684074,1.7763568394E-14));
#15811 = CARTESIAN_POINT('',(-0.38501811242,0.471931235473));
#15812 = CARTESIAN_POINT('',(-0.252317437972,0.943351027928));
#15813 = CARTESIAN_POINT('',(-0.1176379745,1.414213562373));
#15814 = ( GEOMETRIC_REPRESENTATION_CONTEXT(2) 
PARAMETRIC_REPRESENTATION_CONTEXT() REPRESENTATION_CONTEXT('2D SPACE',''
  ) );
#15815 = PCURVE('',#6760,#15816);
#15816 = DEFINITIONAL_REPRESENTATION('',(#15817),#15820);
#15817 = B_SPLINE_CURVE_WITH_KNOTS('',1,(#15818,#15819),.UNSPECIFIED.,
  .F.,.F.,(2,2),(0.,1.469222508299E-03),.PIECEWISE_BEZIER_KNOTS.);
#15818 = CARTESIAN_POINT('',(4.27899299832,1.));
#15819 = CARTESIAN_POINT('',(4.257782985217,2.13162820728E-14));
#15820 = ( GEOMETRIC_REPRESENTATION_CONTEXT(2) 
PARAMETRIC_REPRESENTATION_CONTEXT() REPRESENTATION_CONTEXT('2D SPACE',''
  ) );
#15821 = ORIENTED_EDGE('',*,*,#6715,.F.);
#15822 = ADVANCED_FACE('',(#15823),#6760,.T.);
#15823 = FACE_BOUND('',#15824,.T.);
#15824 = EDGE_LOOP('',(#15825,#15826,#15827,#15849));
#15825 = ORIENTED_EDGE('',*,*,#15800,.F.);
#15826 = ORIENTED_EDGE('',*,*,#8751,.T.);
#15827 = ORIENTED_EDGE('',*,*,#15828,.T.);
#15828 = EDGE_CURVE('',#8654,#6744,#15829,.T.);
#15829 = SURFACE_CURVE('',#15830,(#15835,#15841),.PCURVE_S1.);
#15830 = B_SPLINE_CURVE_WITH_KNOTS('',3,(#15831,#15832,#15833,#15834),
  .UNSPECIFIED.,.F.,.F.,(4,4),(0.,1.469222508299E-03),
  .PIECEWISE_BEZIER_KNOTS.);
#15831 = CARTESIAN_POINT('',(9.398655388436,33.072717467039,58.2));
#15832 = CARTESIAN_POINT('',(9.121727891774,33.300316847963,
    58.533705776857));
#15833 = CARTESIAN_POINT('',(8.845705546407,33.529531690886,
    58.867049908887));
#15834 = CARTESIAN_POINT('',(8.570669435659,33.760506708665,59.2));
#15835 = PCURVE('',#6760,#15836);
#15836 = DEFINITIONAL_REPRESENTATION('',(#15837),#15840);
#15837 = B_SPLINE_CURVE_WITH_KNOTS('',1,(#15838,#15839),.UNSPECIFIED.,
  .F.,.F.,(2,2),(0.,1.469222508299E-03),.PIECEWISE_BEZIER_KNOTS.);
#15838 = CARTESIAN_POINT('',(4.203307166373,1.));
#15839 = CARTESIAN_POINT('',(4.224517179475,3.730349362741E-14));
#15840 = ( GEOMETRIC_REPRESENTATION_CONTEXT(2) 
PARAMETRIC_REPRESENTATION_CONTEXT() REPRESENTATION_CONTEXT('2D SPACE',''
  ) );
#15841 = PCURVE('',#6788,#15842);
#15842 = DEFINITIONAL_REPRESENTATION('',(#15843),#15848);
#15843 = B_SPLINE_CURVE_WITH_KNOTS('',3,(#15844,#15845,#15846,#15847),
  .UNSPECIFIED.,.F.,.F.,(4,4),(0.,1.469222508299E-03),
  .PIECEWISE_BEZIER_KNOTS.);
#15844 = CARTESIAN_POINT('',(13.110330255582,1.414213562373));
#15845 = CARTESIAN_POINT('',(12.979445683928,0.9422823269));
#15846 = CARTESIAN_POINT('',(12.84674500948,0.470862534445));
#15847 = CARTESIAN_POINT('',(12.712065546008,-1.7763568394E-15));
#15848 = ( GEOMETRIC_REPRESENTATION_CONTEXT(2) 
PARAMETRIC_REPRESENTATION_CONTEXT() REPRESENTATION_CONTEXT('2D SPACE',''
  ) );
#15849 = ORIENTED_EDGE('',*,*,#6743,.F.);
#15850 = ADVANCED_FACE('',(#15851),#6788,.T.);
#15851 = FACE_BOUND('',#15852,.T.);
#15852 = EDGE_LOOP('',(#15853,#15854,#15855,#15876));
#15853 = ORIENTED_EDGE('',*,*,#15828,.F.);
#15854 = ORIENTED_EDGE('',*,*,#8653,.F.);
#15855 = ORIENTED_EDGE('',*,*,#15856,.F.);
#15856 = EDGE_CURVE('',#6773,#8556,#15857,.T.);
#15857 = SURFACE_CURVE('',#15858,(#15862,#15869),.PCURVE_S1.);
#15858 = LINE('',#15859,#15860);
#15859 = CARTESIAN_POINT('',(9.828426059637,33.873009084641,
    58.038567512937));
#15860 = VECTOR('',#15861,1.);
#15861 = DIRECTION('',(0.415912249292,-0.678707105705,-0.605288084762));
#15862 = PCURVE('',#6788,#15863);
#15863 = DEFINITIONAL_REPRESENTATION('',(#15864),#15868);
#15864 = LINE('',#15865,#15866);
#15865 = CARTESIAN_POINT('',(12.21640125664,1.642513574985));
#15866 = VECTOR('',#15867,1.);
#15867 = DIRECTION('',(0.516964862336,0.856006618613));
#15868 = ( GEOMETRIC_REPRESENTATION_CONTEXT(2) 
PARAMETRIC_REPRESENTATION_CONTEXT() REPRESENTATION_CONTEXT('2D SPACE',''
  ) );
#15869 = PCURVE('',#6816,#15870);
#15870 = DEFINITIONAL_REPRESENTATION('',(#15871),#15875);
#15871 = LINE('',#15872,#15873);
#15872 = CARTESIAN_POINT('',(0.378026314868,-0.228300012612));
#15873 = VECTOR('',#15874,1.);
#15874 = DIRECTION('',(-0.516964862336,-0.856006618613));
#15875 = ( GEOMETRIC_REPRESENTATION_CONTEXT(2) 
PARAMETRIC_REPRESENTATION_CONTEXT() REPRESENTATION_CONTEXT('2D SPACE',''
  ) );
#15876 = ORIENTED_EDGE('',*,*,#6772,.F.);
#15877 = ADVANCED_FACE('',(#15878),#6816,.F.);
#15878 = FACE_BOUND('',#15879,.T.);
#15879 = EDGE_LOOP('',(#15880,#15881,#15882,#15904));
#15880 = ORIENTED_EDGE('',*,*,#15856,.T.);
#15881 = ORIENTED_EDGE('',*,*,#8555,.F.);
#15882 = ORIENTED_EDGE('',*,*,#15883,.T.);
#15883 = EDGE_CURVE('',#8456,#6801,#15884,.T.);
#15884 = SURFACE_CURVE('',#15885,(#15890,#15898),.PCURVE_S1.);
#15885 = B_SPLINE_CURVE_WITH_KNOTS('',3,(#15886,#15887,#15888,#15889),
  .UNSPECIFIED.,.F.,.F.,(4,4),(0.,1.469222508299E-03),
  .PIECEWISE_BEZIER_KNOTS.);
#15886 = CARTESIAN_POINT('',(10.736602913965,33.892612765173,58.2));
#15887 = CARTESIAN_POINT('',(10.659532833263,34.242684928112,
    58.533705776857));
#15888 = CARTESIAN_POINT('',(10.58061243529,34.592683999743,
    58.867049908887));
#15889 = CARTESIAN_POINT('',(10.499675968888,34.942603432555,59.2));
#15890 = PCURVE('',#6816,#15891);
#15891 = DEFINITIONAL_REPRESENTATION('',(#15892),#15897);
#15892 = B_SPLINE_CURVE_WITH_KNOTS('',3,(#15893,#15894,#15895,#15896),
  .UNSPECIFIED.,.F.,.F.,(4,4),(0.,1.469222508299E-03),
  .PIECEWISE_BEZIER_KNOTS.);
#15893 = CARTESIAN_POINT('',(-0.515902684074,-8.348877145181E-14));
#15894 = CARTESIAN_POINT('',(-0.38501811242,0.471931235473));
#15895 = CARTESIAN_POINT('',(-0.252317437972,0.943351027928));
#15896 = CARTESIAN_POINT('',(-0.1176379745,1.414213562373));
#15897 = ( GEOMETRIC_REPRESENTATION_CONTEXT(2) 
PARAMETRIC_REPRESENTATION_CONTEXT() REPRESENTATION_CONTEXT('2D SPACE',''
  ) );
#15898 = PCURVE('',#6845,#15899);
#15899 = DEFINITIONAL_REPRESENTATION('',(#15900),#15903);
#15900 = B_SPLINE_CURVE_WITH_KNOTS('',1,(#15901,#15902),.UNSPECIFIED.,
  .F.,.F.,(2,2),(0.,1.469222508299E-03),.PIECEWISE_BEZIER_KNOTS.);
#15901 = CARTESIAN_POINT('',(4.12191336564,1.));
#15902 = CARTESIAN_POINT('',(4.100703352538,-2.48689957516E-14));
#15903 = ( GEOMETRIC_REPRESENTATION_CONTEXT(2) 
PARAMETRIC_REPRESENTATION_CONTEXT() REPRESENTATION_CONTEXT('2D SPACE',''
  ) );
#15904 = ORIENTED_EDGE('',*,*,#6800,.F.);
#15905 = ADVANCED_FACE('',(#15906),#6845,.T.);
#15906 = FACE_BOUND('',#15907,.T.);
#15907 = EDGE_LOOP('',(#15908,#15909,#15910,#15932));
#15908 = ORIENTED_EDGE('',*,*,#15883,.F.);
#15909 = ORIENTED_EDGE('',*,*,#8455,.T.);
#15910 = ORIENTED_EDGE('',*,*,#15911,.T.);
#15911 = EDGE_CURVE('',#8358,#6829,#15912,.T.);
#15912 = SURFACE_CURVE('',#15913,(#15918,#15924),.PCURVE_S1.);
#15913 = B_SPLINE_CURVE_WITH_KNOTS('',3,(#15914,#15915,#15916,#15917),
  .UNSPECIFIED.,.F.,.F.,(4,4),(0.,1.469222508299E-03),
  .PIECEWISE_BEZIER_KNOTS.);
#15914 = CARTESIAN_POINT('',(11.917114966641,34.750304976265,58.2));
#15915 = CARTESIAN_POINT('',(11.6079925196,34.931781226335,
    58.533705776857));
#15916 = CARTESIAN_POINT('',(11.299511366005,35.114994646245,
    58.867049908887));
#15917 = CARTESIAN_POINT('',(10.991728952833,35.300100851423,59.2));
#15918 = PCURVE('',#6845,#15919);
#15919 = DEFINITIONAL_REPRESENTATION('',(#15920),#15923);
#15920 = B_SPLINE_CURVE_WITH_KNOTS('',1,(#15921,#15922),.UNSPECIFIED.,
  .F.,.F.,(2,2),(0.,1.469222508299E-03),.PIECEWISE_BEZIER_KNOTS.);
#15921 = CARTESIAN_POINT('',(4.046227533693,1.));
#15922 = CARTESIAN_POINT('',(4.067437546796,1.06581410364E-14));
#15923 = ( GEOMETRIC_REPRESENTATION_CONTEXT(2) 
PARAMETRIC_REPRESENTATION_CONTEXT() REPRESENTATION_CONTEXT('2D SPACE',''
  ) );
#15924 = PCURVE('',#6873,#15925);
#15925 = DEFINITIONAL_REPRESENTATION('',(#15926),#15931);
#15926 = B_SPLINE_CURVE_WITH_KNOTS('',3,(#15927,#15928,#15929,#15930),
  .UNSPECIFIED.,.F.,.F.,(4,4),(0.,1.469222508299E-03),
  .PIECEWISE_BEZIER_KNOTS.);
#15927 = CARTESIAN_POINT('',(13.110330255582,1.414213562373));
#15928 = CARTESIAN_POINT('',(12.979445683928,0.9422823269));
#15929 = CARTESIAN_POINT('',(12.84674500948,0.470862534445));
#15930 = CARTESIAN_POINT('',(12.712065546008,-1.86517468137E-14));
#15931 = ( GEOMETRIC_REPRESENTATION_CONTEXT(2) 
PARAMETRIC_REPRESENTATION_CONTEXT() REPRESENTATION_CONTEXT('2D SPACE',''
  ) );
#15932 = ORIENTED_EDGE('',*,*,#6828,.F.);
#15933 = ADVANCED_FACE('',(#15934),#6873,.T.);
#15934 = FACE_BOUND('',#15935,.T.);
#15935 = EDGE_LOOP('',(#15936,#15937,#15938,#15959));
#15936 = ORIENTED_EDGE('',*,*,#15911,.F.);
#15937 = ORIENTED_EDGE('',*,*,#8357,.F.);
#15938 = ORIENTED_EDGE('',*,*,#15939,.F.);
#15939 = EDGE_CURVE('',#6858,#8260,#15940,.T.);
#15940 = SURFACE_CURVE('',#15941,(#15945,#15952),.PCURVE_S1.);
#15941 = LINE('',#15942,#15943);
#15942 = CARTESIAN_POINT('',(12.21640125664,35.607974621086,
    58.038567512937));
#15943 = VECTOR('',#15944,1.);
#15944 = DIRECTION('',(0.516964862336,-0.605288084762,-0.605288084762));
#15945 = PCURVE('',#6873,#15946);
#15946 = DEFINITIONAL_REPRESENTATION('',(#15947),#15951);
#15947 = LINE('',#15948,#15949);
#15948 = CARTESIAN_POINT('',(12.21640125664,1.642513574985));
#15949 = VECTOR('',#15950,1.);
#15950 = DIRECTION('',(0.516964862336,0.856006618613));
#15951 = ( GEOMETRIC_REPRESENTATION_CONTEXT(2) 
PARAMETRIC_REPRESENTATION_CONTEXT() REPRESENTATION_CONTEXT('2D SPACE',''
  ) );
#15952 = PCURVE('',#6901,#15953);
#15953 = DEFINITIONAL_REPRESENTATION('',(#15954),#15958);
#15954 = LINE('',#15955,#15956);
#15955 = CARTESIAN_POINT('',(0.378026314868,-0.228300012612));
#15956 = VECTOR('',#15957,1.);
#15957 = DIRECTION('',(-0.516964862336,-0.856006618613));
#15958 = ( GEOMETRIC_REPRESENTATION_CONTEXT(2) 
PARAMETRIC_REPRESENTATION_CONTEXT() REPRESENTATION_CONTEXT('2D SPACE',''
  ) );
#15959 = ORIENTED_EDGE('',*,*,#6857,.F.);
#15960 = ADVANCED_FACE('',(#15961),#6901,.F.);
#15961 = FACE_BOUND('',#15962,.T.);
#15962 = EDGE_LOOP('',(#15963,#15964,#15965,#15987));
#15963 = ORIENTED_EDGE('',*,*,#15939,.T.);
#15964 = ORIENTED_EDGE('',*,*,#8259,.F.);
#15965 = ORIENTED_EDGE('',*,*,#15966,.T.);
#15966 = EDGE_CURVE('',#8160,#6886,#15967,.T.);
#15967 = SURFACE_CURVE('',#15968,(#15973,#15981),.PCURVE_S1.);
#15968 = B_SPLINE_CURVE_WITH_KNOTS('',3,(#15969,#15970,#15971,#15972),
  .UNSPECIFIED.,.F.,.F.,(4,4),(0.,1.469222508299E-03),
  .PIECEWISE_BEZIER_KNOTS.);
#15969 = CARTESIAN_POINT('',(13.110330255582,35.769407108149,58.2));
#15970 = CARTESIAN_POINT('',(12.979445683928,36.103112885006,
    58.533705776857));
#15971 = CARTESIAN_POINT('',(12.84674500948,36.436457017037,
    58.867049908887));
#15972 = CARTESIAN_POINT('',(12.712065546008,36.769407108149,59.2));
#15973 = PCURVE('',#6901,#15974);
#15974 = DEFINITIONAL_REPRESENTATION('',(#15975),#15980);
#15975 = B_SPLINE_CURVE_WITH_KNOTS('',3,(#15976,#15977,#15978,#15979),
  .UNSPECIFIED.,.F.,.F.,(4,4),(0.,1.469222508299E-03),
  .PIECEWISE_BEZIER_KNOTS.);
#15976 = CARTESIAN_POINT('',(-0.515902684074,3.552713678801E-15));
#15977 = CARTESIAN_POINT('',(-0.38501811242,0.471931235473));
#15978 = CARTESIAN_POINT('',(-0.252317437972,0.943351027928));
#15979 = CARTESIAN_POINT('',(-0.1176379745,1.414213562373));
#15980 = ( GEOMETRIC_REPRESENTATION_CONTEXT(2) 
PARAMETRIC_REPRESENTATION_CONTEXT() REPRESENTATION_CONTEXT('2D SPACE',''
  ) );
#15981 = PCURVE('',#6930,#15982);
#15982 = DEFINITIONAL_REPRESENTATION('',(#15983),#15986);
#15983 = B_SPLINE_CURVE_WITH_KNOTS('',1,(#15984,#15985),.UNSPECIFIED.,
  .F.,.F.,(2,2),(0.,1.469222508299E-03),.PIECEWISE_BEZIER_KNOTS.);
#15984 = CARTESIAN_POINT('',(3.964833732961,1.));
#15985 = CARTESIAN_POINT('',(3.943623719858,-1.7763568394E-15));
#15986 = ( GEOMETRIC_REPRESENTATION_CONTEXT(2) 
PARAMETRIC_REPRESENTATION_CONTEXT() REPRESENTATION_CONTEXT('2D SPACE',''
  ) );
#15987 = ORIENTED_EDGE('',*,*,#6885,.F.);
#15988 = ADVANCED_FACE('',(#15989),#6930,.T.);
#15989 = FACE_BOUND('',#15990,.T.);
#15990 = EDGE_LOOP('',(#15991,#15992,#15993,#16015));
#15991 = ORIENTED_EDGE('',*,*,#15966,.F.);
#15992 = ORIENTED_EDGE('',*,*,#8159,.T.);
#15993 = ORIENTED_EDGE('',*,*,#15994,.T.);
#15994 = EDGE_CURVE('',#8062,#6914,#15995,.T.);
#15995 = SURFACE_CURVE('',#15996,(#16001,#16007),.PCURVE_S1.);
#15996 = B_SPLINE_CURVE_WITH_KNOTS('',3,(#15997,#15998,#15999,#16000),
  .UNSPECIFIED.,.F.,.F.,(4,4),(0.,1.469222508299E-03),
  .PIECEWISE_BEZIER_KNOTS.);
#15997 = CARTESIAN_POINT('',(14.142135623731,36.801212476298,58.2));
#15998 = CARTESIAN_POINT('',(13.808429846874,36.932097047952,
    58.533705776857));
#15999 = CARTESIAN_POINT('',(13.475085714844,37.0647977224,
    58.867049908887));
#16000 = CARTESIAN_POINT('',(13.142135623731,37.199477185872,59.2));
#16001 = PCURVE('',#6930,#16002);
#16002 = DEFINITIONAL_REPRESENTATION('',(#16003),#16006);
#16003 = B_SPLINE_CURVE_WITH_KNOTS('',1,(#16004,#16005),.UNSPECIFIED.,
  .F.,.F.,(2,2),(0.,1.469222508299E-03),.PIECEWISE_BEZIER_KNOTS.);
#16004 = CARTESIAN_POINT('',(3.889147901014,1.));
#16005 = CARTESIAN_POINT('',(3.910357914116,-1.7763568394E-15));
#16006 = ( GEOMETRIC_REPRESENTATION_CONTEXT(2) 
PARAMETRIC_REPRESENTATION_CONTEXT() REPRESENTATION_CONTEXT('2D SPACE',''
  ) );
#16007 = PCURVE('',#6958,#16008);
#16008 = DEFINITIONAL_REPRESENTATION('',(#16009),#16014);
#16009 = B_SPLINE_CURVE_WITH_KNOTS('',3,(#16010,#16011,#16012,#16013),
  .UNSPECIFIED.,.F.,.F.,(4,4),(0.,1.469222508299E-03),
  .PIECEWISE_BEZIER_KNOTS.);
#16010 = CARTESIAN_POINT('',(13.110330255582,1.414213562373));
#16011 = CARTESIAN_POINT('',(12.979445683928,0.9422823269));
#16012 = CARTESIAN_POINT('',(12.84674500948,0.470862534445));
#16013 = CARTESIAN_POINT('',(12.712065546008,1.7763568394E-15));
#16014 = ( GEOMETRIC_REPRESENTATION_CONTEXT(2) 
PARAMETRIC_REPRESENTATION_CONTEXT() REPRESENTATION_CONTEXT('2D SPACE',''
  ) );
#16015 = ORIENTED_EDGE('',*,*,#6913,.F.);
#16016 = ADVANCED_FACE('',(#16017),#6958,.T.);
#16017 = FACE_BOUND('',#16018,.T.);
#16018 = EDGE_LOOP('',(#16019,#16020,#16021,#16042));
#16019 = ORIENTED_EDGE('',*,*,#15994,.F.);
#16020 = ORIENTED_EDGE('',*,*,#8061,.F.);
#16021 = ORIENTED_EDGE('',*,*,#16022,.F.);
#16022 = EDGE_CURVE('',#6943,#7964,#16023,.T.);
#16023 = SURFACE_CURVE('',#16024,(#16028,#16035),.PCURVE_S1.);
#16024 = LINE('',#16025,#16026);
#16025 = CARTESIAN_POINT('',(14.303568110794,37.69514147524,
    58.038567512937));
#16026 = VECTOR('',#16027,1.);
#16027 = DIRECTION('',(0.605288084762,-0.516964862336,-0.605288084762));
#16028 = PCURVE('',#6958,#16029);
#16029 = DEFINITIONAL_REPRESENTATION('',(#16030),#16034);
#16030 = LINE('',#16031,#16032);
#16031 = CARTESIAN_POINT('',(12.21640125664,1.642513574985));
#16032 = VECTOR('',#16033,1.);
#16033 = DIRECTION('',(0.516964862336,0.856006618613));
#16034 = ( GEOMETRIC_REPRESENTATION_CONTEXT(2) 
PARAMETRIC_REPRESENTATION_CONTEXT() REPRESENTATION_CONTEXT('2D SPACE',''
  ) );
#16035 = PCURVE('',#6986,#16036);
#16036 = DEFINITIONAL_REPRESENTATION('',(#16037),#16041);
#16037 = LINE('',#16038,#16039);
#16038 = CARTESIAN_POINT('',(0.378026314868,-0.228300012612));
#16039 = VECTOR('',#16040,1.);
#16040 = DIRECTION('',(-0.516964862336,-0.856006618613));
#16041 = ( GEOMETRIC_REPRESENTATION_CONTEXT(2) 
PARAMETRIC_REPRESENTATION_CONTEXT() REPRESENTATION_CONTEXT('2D SPACE',''
  ) );
#16042 = ORIENTED_EDGE('',*,*,#6942,.F.);
#16043 = ADVANCED_FACE('',(#16044),#6986,.F.);
#16044 = FACE_BOUND('',#16045,.T.);
#16045 = EDGE_LOOP('',(#16046,#16047,#16048,#16070));
#16046 = ORIENTED_EDGE('',*,*,#16022,.T.);
#16047 = ORIENTED_EDGE('',*,*,#7963,.F.);
#16048 = ORIENTED_EDGE('',*,*,#16049,.T.);
#16049 = EDGE_CURVE('',#7864,#6971,#16050,.T.);
#16050 = SURFACE_CURVE('',#16051,(#16056,#16064),.PCURVE_S1.);
#16051 = B_SPLINE_CURVE_WITH_KNOTS('',3,(#16052,#16053,#16054,#16055),
  .UNSPECIFIED.,.F.,.F.,(4,4),(0.,1.469222508299E-03),
  .PIECEWISE_BEZIER_KNOTS.);
#16052 = CARTESIAN_POINT('',(15.161237755615,37.994427765239,58.2));
#16053 = CARTESIAN_POINT('',(14.979761505545,38.303550212281,
    58.533705776857));
#16054 = CARTESIAN_POINT('',(14.796548085635,38.612031365875,
    58.867049908887));
#16055 = CARTESIAN_POINT('',(14.611441880458,38.919813779047,59.2));
#16056 = PCURVE('',#6986,#16057);
#16057 = DEFINITIONAL_REPRESENTATION('',(#16058),#16063);
#16058 = B_SPLINE_CURVE_WITH_KNOTS('',3,(#16059,#16060,#16061,#16062),
  .UNSPECIFIED.,.F.,.F.,(4,4),(0.,1.469222508299E-03),
  .PIECEWISE_BEZIER_KNOTS.);
#16059 = CARTESIAN_POINT('',(-0.515902684074,-7.815970093361E-14));
#16060 = CARTESIAN_POINT('',(-0.385018112421,0.471931235473));
#16061 = CARTESIAN_POINT('',(-0.252317437972,0.943351027928));
#16062 = CARTESIAN_POINT('',(-0.1176379745,1.414213562373));
#16063 = ( GEOMETRIC_REPRESENTATION_CONTEXT(2) 
PARAMETRIC_REPRESENTATION_CONTEXT() REPRESENTATION_CONTEXT('2D SPACE',''
  ) );
#16064 = PCURVE('',#7015,#16065);
#16065 = DEFINITIONAL_REPRESENTATION('',(#16066),#16069);
#16066 = B_SPLINE_CURVE_WITH_KNOTS('',1,(#16067,#16068),.UNSPECIFIED.,
  .F.,.F.,(2,2),(0.,1.469222508299E-03),.PIECEWISE_BEZIER_KNOTS.);
#16067 = CARTESIAN_POINT('',(3.807754100281,1.));
#16068 = CARTESIAN_POINT('',(3.786544087179,7.105427357601E-15));
#16069 = ( GEOMETRIC_REPRESENTATION_CONTEXT(2) 
PARAMETRIC_REPRESENTATION_CONTEXT() REPRESENTATION_CONTEXT('2D SPACE',''
  ) );
#16070 = ORIENTED_EDGE('',*,*,#6970,.F.);
#16071 = ADVANCED_FACE('',(#16072),#7015,.T.);
#16072 = FACE_BOUND('',#16073,.T.);
#16073 = EDGE_LOOP('',(#16074,#16075,#16076,#16098));
#16074 = ORIENTED_EDGE('',*,*,#16049,.F.);
#16075 = ORIENTED_EDGE('',*,*,#7863,.T.);
#16076 = ORIENTED_EDGE('',*,*,#16077,.T.);
#16077 = EDGE_CURVE('',#7766,#6999,#16078,.T.);
#16078 = SURFACE_CURVE('',#16079,(#16084,#16090),.PCURVE_S1.);
#16079 = B_SPLINE_CURVE_WITH_KNOTS('',3,(#16080,#16081,#16082,#16083),
  .UNSPECIFIED.,.F.,.F.,(4,4),(0.,1.469222508299E-03),
  .PIECEWISE_BEZIER_KNOTS.);
#16080 = CARTESIAN_POINT('',(16.018929966707,39.174939817915,58.2));
#16081 = CARTESIAN_POINT('',(15.668857803768,39.252009898618,
    58.533705776857));
#16082 = CARTESIAN_POINT('',(15.318858732137,39.330930296591,
    58.867049908887));
#16083 = CARTESIAN_POINT('',(14.968939299325,39.411866762992,59.2));
#16084 = PCURVE('',#7015,#16085);
#16085 = DEFINITIONAL_REPRESENTATION('',(#16086),#16089);
#16086 = B_SPLINE_CURVE_WITH_KNOTS('',1,(#16087,#16088),.UNSPECIFIED.,
  .F.,.F.,(2,2),(0.,1.469222508299E-03),.PIECEWISE_BEZIER_KNOTS.);
#16087 = CARTESIAN_POINT('',(3.732068268334,1.));
#16088 = CARTESIAN_POINT('',(3.753278281437,-2.84217094304E-14));
#16089 = ( GEOMETRIC_REPRESENTATION_CONTEXT(2) 
PARAMETRIC_REPRESENTATION_CONTEXT() REPRESENTATION_CONTEXT('2D SPACE',''
  ) );
#16090 = PCURVE('',#7043,#16091);
#16091 = DEFINITIONAL_REPRESENTATION('',(#16092),#16097);
#16092 = B_SPLINE_CURVE_WITH_KNOTS('',3,(#16093,#16094,#16095,#16096),
  .UNSPECIFIED.,.F.,.F.,(4,4),(0.,1.469222508299E-03),
  .PIECEWISE_BEZIER_KNOTS.);
#16093 = CARTESIAN_POINT('',(13.110330255582,1.414213562373));
#16094 = CARTESIAN_POINT('',(12.979445683928,0.9422823269));
#16095 = CARTESIAN_POINT('',(12.84674500948,0.470862534445));
#16096 = CARTESIAN_POINT('',(12.712065546008,1.95399252334E-14));
#16097 = ( GEOMETRIC_REPRESENTATION_CONTEXT(2) 
PARAMETRIC_REPRESENTATION_CONTEXT() REPRESENTATION_CONTEXT('2D SPACE',''
  ) );
#16098 = ORIENTED_EDGE('',*,*,#6998,.F.);
#16099 = ADVANCED_FACE('',(#16100),#7043,.T.);
#16100 = FACE_BOUND('',#16101,.T.);
#16101 = EDGE_LOOP('',(#16102,#16103,#16104,#16125));
#16102 = ORIENTED_EDGE('',*,*,#16077,.F.);
#16103 = ORIENTED_EDGE('',*,*,#7765,.F.);
#16104 = ORIENTED_EDGE('',*,*,#16105,.F.);
#16105 = EDGE_CURVE('',#7028,#7668,#16106,.T.);
#16106 = SURFACE_CURVE('',#16107,(#16111,#16118),.PCURVE_S1.);
#16107 = LINE('',#16108,#16109);
#16108 = CARTESIAN_POINT('',(16.038533647239,40.083116672243,
    58.038567512937));
#16109 = VECTOR('',#16110,1.);
#16110 = DIRECTION('',(0.678707105705,-0.415912249292,-0.605288084762));
#16111 = PCURVE('',#7043,#16112);
#16112 = DEFINITIONAL_REPRESENTATION('',(#16113),#16117);
#16113 = LINE('',#16114,#16115);
#16114 = CARTESIAN_POINT('',(12.21640125664,1.642513574985));
#16115 = VECTOR('',#16116,1.);
#16116 = DIRECTION('',(0.516964862336,0.856006618613));
#16117 = ( GEOMETRIC_REPRESENTATION_CONTEXT(2) 
PARAMETRIC_REPRESENTATION_CONTEXT() REPRESENTATION_CONTEXT('2D SPACE',''
  ) );
#16118 = PCURVE('',#7071,#16119);
#16119 = DEFINITIONAL_REPRESENTATION('',(#16120),#16124);
#16120 = LINE('',#16121,#16122);
#16121 = CARTESIAN_POINT('',(0.378026314868,-0.228300012612));
#16122 = VECTOR('',#16123,1.);
#16123 = DIRECTION('',(-0.516964862336,-0.856006618613));
#16124 = ( GEOMETRIC_REPRESENTATION_CONTEXT(2) 
PARAMETRIC_REPRESENTATION_CONTEXT() REPRESENTATION_CONTEXT('2D SPACE',''
  ) );
#16125 = ORIENTED_EDGE('',*,*,#7027,.F.);
#16126 = ADVANCED_FACE('',(#16127),#7071,.F.);
#16127 = FACE_BOUND('',#16128,.T.);
#16128 = EDGE_LOOP('',(#16129,#16130,#16131,#16153));
#16129 = ORIENTED_EDGE('',*,*,#16105,.T.);
#16130 = ORIENTED_EDGE('',*,*,#7667,.F.);
#16131 = ORIENTED_EDGE('',*,*,#16132,.T.);
#16132 = EDGE_CURVE('',#7568,#7056,#16133,.T.);
#16133 = SURFACE_CURVE('',#16134,(#16139,#16147),.PCURVE_S1.);
#16134 = B_SPLINE_CURVE_WITH_KNOTS('',3,(#16135,#16136,#16137,#16138),
  .UNSPECIFIED.,.F.,.F.,(4,4),(0.,1.469222508299E-03),
  .PIECEWISE_BEZIER_KNOTS.);
#16135 = CARTESIAN_POINT('',(16.838825264841,40.512887343444,58.2));
#16136 = CARTESIAN_POINT('',(16.611225883917,40.789814840106,
    58.533705776857));
#16137 = CARTESIAN_POINT('',(16.382011040994,41.065837185473,
    58.867049908887));
#16138 = CARTESIAN_POINT('',(16.151036023215,41.340873296221,59.2));
#16139 = PCURVE('',#7071,#16140);
#16140 = DEFINITIONAL_REPRESENTATION('',(#16141),#16146);
#16141 = B_SPLINE_CURVE_WITH_KNOTS('',3,(#16142,#16143,#16144,#16145),
  .UNSPECIFIED.,.F.,.F.,(4,4),(0.,1.469222508299E-03),
  .PIECEWISE_BEZIER_KNOTS.);
#16142 = CARTESIAN_POINT('',(-0.515902684074,0.));
#16143 = CARTESIAN_POINT('',(-0.385018112421,0.471931235473));
#16144 = CARTESIAN_POINT('',(-0.252317437972,0.943351027928));
#16145 = CARTESIAN_POINT('',(-0.1176379745,1.414213562373));
#16146 = ( GEOMETRIC_REPRESENTATION_CONTEXT(2) 
PARAMETRIC_REPRESENTATION_CONTEXT() REPRESENTATION_CONTEXT('2D SPACE',''
  ) );
#16147 = PCURVE('',#7100,#16148);
#16148 = DEFINITIONAL_REPRESENTATION('',(#16149),#16152);
#16149 = B_SPLINE_CURVE_WITH_KNOTS('',1,(#16150,#16151),.UNSPECIFIED.,
  .F.,.F.,(2,2),(0.,1.469222508299E-03),.PIECEWISE_BEZIER_KNOTS.);
#16150 = CARTESIAN_POINT('',(3.650674467602,1.));
#16151 = CARTESIAN_POINT('',(3.629464454499,4.618527782441E-14));
#16152 = ( GEOMETRIC_REPRESENTATION_CONTEXT(2) 
PARAMETRIC_REPRESENTATION_CONTEXT() REPRESENTATION_CONTEXT('2D SPACE',''
  ) );
#16153 = ORIENTED_EDGE('',*,*,#7055,.F.);
#16154 = ADVANCED_FACE('',(#16155),#7100,.T.);
#16155 = FACE_BOUND('',#16156,.T.);
#16156 = EDGE_LOOP('',(#16157,#16158,#16159,#16181));
#16157 = ORIENTED_EDGE('',*,*,#16132,.F.);
#16158 = ORIENTED_EDGE('',*,*,#7567,.T.);
#16159 = ORIENTED_EDGE('',*,*,#16160,.T.);
#16160 = EDGE_CURVE('',#7470,#7084,#16161,.T.);
#16161 = SURFACE_CURVE('',#16162,(#16167,#16173),.PCURVE_S1.);
#16162 = B_SPLINE_CURVE_WITH_KNOTS('',3,(#16163,#16164,#16165,#16166),
  .UNSPECIFIED.,.F.,.F.,(4,4),(0.,1.469222508299E-03),
  .PIECEWISE_BEZIER_KNOTS.);
#16163 = CARTESIAN_POINT('',(17.501285090122,41.813037956015,58.2));
#16164 = CARTESIAN_POINT('',(17.143466479575,41.8343958246,
    58.533705776857));
#16165 = CARTESIAN_POINT('',(16.785430607069,41.857592663978,
    58.867049908887));
#16166 = CARTESIAN_POINT('',(16.427158010309,41.882793208892,59.2));
#16167 = PCURVE('',#7100,#16168);
#16168 = DEFINITIONAL_REPRESENTATION('',(#16169),#16172);
#16169 = B_SPLINE_CURVE_WITH_KNOTS('',1,(#16170,#16171),.UNSPECIFIED.,
  .F.,.F.,(2,2),(0.,1.469222508299E-03),.PIECEWISE_BEZIER_KNOTS.);
#16170 = CARTESIAN_POINT('',(3.574988635655,1.));
#16171 = CARTESIAN_POINT('',(3.596198648757,3.730349362741E-14));
#16172 = ( GEOMETRIC_REPRESENTATION_CONTEXT(2) 
PARAMETRIC_REPRESENTATION_CONTEXT() REPRESENTATION_CONTEXT('2D SPACE',''
  ) );
#16173 = PCURVE('',#7128,#16174);
#16174 = DEFINITIONAL_REPRESENTATION('',(#16175),#16180);
#16175 = B_SPLINE_CURVE_WITH_KNOTS('',3,(#16176,#16177,#16178,#16179),
  .UNSPECIFIED.,.F.,.F.,(4,4),(0.,1.469222508299E-03),
  .PIECEWISE_BEZIER_KNOTS.);
#16176 = CARTESIAN_POINT('',(13.110330255582,1.414213562373));
#16177 = CARTESIAN_POINT('',(12.979445683928,0.9422823269));
#16178 = CARTESIAN_POINT('',(12.84674500948,0.470862534445));
#16179 = CARTESIAN_POINT('',(12.712065546008,-2.48689957516E-14));
#16180 = ( GEOMETRIC_REPRESENTATION_CONTEXT(2) 
PARAMETRIC_REPRESENTATION_CONTEXT() REPRESENTATION_CONTEXT('2D SPACE',''
  ) );
#16181 = ORIENTED_EDGE('',*,*,#7083,.F.);
#16182 = ADVANCED_FACE('',(#16183),#7128,.T.);
#16183 = FACE_BOUND('',#16184,.T.);
#16184 = EDGE_LOOP('',(#16185,#16186,#16187,#16208));
#16185 = ORIENTED_EDGE('',*,*,#16160,.F.);
#16186 = ORIENTED_EDGE('',*,*,#7469,.F.);
#16187 = ORIENTED_EDGE('',*,*,#16188,.F.);
#16188 = EDGE_CURVE('',#7113,#7372,#16189,.T.);
#16189 = SURFACE_CURVE('',#16190,(#16194,#16201),.PCURVE_S1.);
#16190 = LINE('',#16191,#16192);
#16191 = CARTESIAN_POINT('',(17.378577256447,42.713100337511,
    58.038567512937));
#16192 = VECTOR('',#16193,1.);
#16193 = DIRECTION('',(0.735414105205,-0.304618496337,-0.605288084762));
#16194 = PCURVE('',#7128,#16195);
#16195 = DEFINITIONAL_REPRESENTATION('',(#16196),#16200);
#16196 = LINE('',#16197,#16198);
#16197 = CARTESIAN_POINT('',(12.21640125664,1.642513574985));
#16198 = VECTOR('',#16199,1.);
#16199 = DIRECTION('',(0.516964862336,0.856006618613));
#16200 = ( GEOMETRIC_REPRESENTATION_CONTEXT(2) 
PARAMETRIC_REPRESENTATION_CONTEXT() REPRESENTATION_CONTEXT('2D SPACE',''
  ) );
#16201 = PCURVE('',#7156,#16202);
#16202 = DEFINITIONAL_REPRESENTATION('',(#16203),#16207);
#16203 = LINE('',#16204,#16205);
#16204 = CARTESIAN_POINT('',(0.378026314868,-0.228300012612));
#16205 = VECTOR('',#16206,1.);
#16206 = DIRECTION('',(-0.516964862336,-0.856006618613));
#16207 = ( GEOMETRIC_REPRESENTATION_CONTEXT(2) 
PARAMETRIC_REPRESENTATION_CONTEXT() REPRESENTATION_CONTEXT('2D SPACE',''
  ) );
#16208 = ORIENTED_EDGE('',*,*,#7112,.F.);
#16209 = ADVANCED_FACE('',(#16210),#7156,.F.);
#16210 = FACE_BOUND('',#16211,.T.);
#16211 = EDGE_LOOP('',(#16212,#16213,#16214,#16236));
#16212 = ORIENTED_EDGE('',*,*,#16188,.T.);
#16213 = ORIENTED_EDGE('',*,*,#7371,.F.);
#16214 = ORIENTED_EDGE('',*,*,#16215,.T.);
#16215 = EDGE_CURVE('',#7272,#7141,#16216,.T.);
#16216 = SURFACE_CURVE('',#16217,(#16222,#16230),.PCURVE_S1.);
#16217 = B_SPLINE_CURVE_WITH_KNOTS('',3,(#16218,#16219,#16220,#16221),
  .UNSPECIFIED.,.F.,.F.,(4,4),(0.,1.469222508299E-03),
  .PIECEWISE_BEZIER_KNOTS.);
#16218 = CARTESIAN_POINT('',(18.10178501119,43.262773009661,58.2));
#16219 = CARTESIAN_POINT('',(17.83366675153,43.500686681907,
    58.533705776857));
#16220 = CARTESIAN_POINT('',(17.564094515746,43.737453632837,
    58.867049908887));
#16221 = CARTESIAN_POINT('',(17.292938056866,43.972971139321,59.2));
#16222 = PCURVE('',#7156,#16223);
#16223 = DEFINITIONAL_REPRESENTATION('',(#16224),#16229);
#16224 = B_SPLINE_CURVE_WITH_KNOTS('',3,(#16225,#16226,#16227,#16228),
  .UNSPECIFIED.,.F.,.F.,(4,4),(0.,1.469222508299E-03),
  .PIECEWISE_BEZIER_KNOTS.);
#16225 = CARTESIAN_POINT('',(-0.515902684074,-8.881784197001E-15));
#16226 = CARTESIAN_POINT('',(-0.38501811242,0.471931235473));
#16227 = CARTESIAN_POINT('',(-0.252317437972,0.943351027928));
#16228 = CARTESIAN_POINT('',(-0.1176379745,1.414213562373));
#16229 = ( GEOMETRIC_REPRESENTATION_CONTEXT(2) 
PARAMETRIC_REPRESENTATION_CONTEXT() REPRESENTATION_CONTEXT('2D SPACE',''
  ) );
#16230 = PCURVE('',#7185,#16231);
#16231 = DEFINITIONAL_REPRESENTATION('',(#16232),#16235);
#16232 = B_SPLINE_CURVE_WITH_KNOTS('',1,(#16233,#16234),.UNSPECIFIED.,
  .F.,.F.,(2,2),(0.,1.469222508299E-03),.PIECEWISE_BEZIER_KNOTS.);
#16233 = CARTESIAN_POINT('',(3.493594834922,1.));
#16234 = CARTESIAN_POINT('',(3.47238482182,2.84217094304E-14));
#16235 = ( GEOMETRIC_REPRESENTATION_CONTEXT(2) 
PARAMETRIC_REPRESENTATION_CONTEXT() REPRESENTATION_CONTEXT('2D SPACE',''
  ) );
#16236 = ORIENTED_EDGE('',*,*,#7140,.F.);
#16237 = ADVANCED_FACE('',(#16238),#7185,.T.);
#16238 = FACE_BOUND('',#16239,.T.);
#16239 = EDGE_LOOP('',(#16240,#16241,#16242,#16243));
#16240 = ORIENTED_EDGE('',*,*,#16215,.F.);
#16241 = ORIENTED_EDGE('',*,*,#7271,.T.);
#16242 = ORIENTED_EDGE('',*,*,#13005,.T.);
#16243 = ORIENTED_EDGE('',*,*,#7168,.F.);
#16244 = ADVANCED_FACE('',(#16245,#16248),#12960,.F.);
#16245 = FACE_BOUND('',#16246,.F.);
#16246 = EDGE_LOOP('',(#16247));
#16247 = ORIENTED_EDGE('',*,*,#12945,.T.);
#16248 = FACE_BOUND('',#16249,.F.);
#16249 = EDGE_LOOP('',(#16250));
#16250 = ORIENTED_EDGE('',*,*,#16251,.T.);
#16251 = EDGE_CURVE('',#16252,#16252,#16254,.T.);
#16252 = VERTEX_POINT('',#16253);
#16253 = CARTESIAN_POINT('',(6.5,49.91154273188,45.5));
#16254 = SURFACE_CURVE('',#16255,(#16260,#16271),.PCURVE_S1.);
#16255 = CIRCLE('',#16256,6.5);
#16256 = AXIS2_PLACEMENT_3D('',#16257,#16258,#16259);
#16257 = CARTESIAN_POINT('',(3.136380044566E-15,49.91154273188,45.5));
#16258 = DIRECTION('',(-5.947623346206E-16,-1.110223024625E-16,-1.));
#16259 = DIRECTION('',(-1.,9.42935300772E-31,5.947623346206E-16));
#16260 = PCURVE('',#12960,#16261);
#16261 = DEFINITIONAL_REPRESENTATION('',(#16262),#16270);
#16262 = ( BOUNDED_CURVE() B_SPLINE_CURVE(2,(#16263,#16264,#16265,#16266
    ,#16267,#16268,#16269),.UNSPECIFIED.,.T.,.F.) 
B_SPLINE_CURVE_WITH_KNOTS((1,2,2,2,2,1),(-2.094395102393,0.,
    2.094395102393,4.188790204786,6.28318530718,8.377580409573),
.UNSPECIFIED.) CURVE() GEOMETRIC_REPRESENTATION_ITEM() 
RATIONAL_B_SPLINE_CURVE((1.,0.5,1.,0.5,1.,0.5,1.)) REPRESENTATION_ITEM(
  '') );
#16263 = CARTESIAN_POINT('',(-6.5,-1.572681198709E-04));
#16264 = CARTESIAN_POINT('',(-6.5,11.258172981078));
#16265 = CARTESIAN_POINT('',(3.25,5.629007856479));
#16266 = CARTESIAN_POINT('',(13.,-1.572681198693E-04));
#16267 = CARTESIAN_POINT('',(3.25,-5.629322392719));
#16268 = CARTESIAN_POINT('',(-6.5,-11.25848751731));
#16269 = CARTESIAN_POINT('',(-6.5,-1.572681198709E-04));
#16270 = ( GEOMETRIC_REPRESENTATION_CONTEXT(2) 
PARAMETRIC_REPRESENTATION_CONTEXT() REPRESENTATION_CONTEXT('2D SPACE',''
  ) );
#16271 = PCURVE('',#16272,#16277);
#16272 = CYLINDRICAL_SURFACE('',#16273,6.5);
#16273 = AXIS2_PLACEMENT_3D('',#16274,#16275,#16276);
#16274 = CARTESIAN_POINT('',(3.552713678801E-15,49.91154273188,46.2));
#16275 = DIRECTION('',(-5.947623346206E-16,-1.110223024625E-16,-1.));
#16276 = DIRECTION('',(-1.,9.42935300772E-31,5.947623346206E-16));
#16277 = DEFINITIONAL_REPRESENTATION('',(#16278),#16282);
#16278 = LINE('',#16279,#16280);
#16279 = CARTESIAN_POINT('',(0.,0.7));
#16280 = VECTOR('',#16281,1.);
#16281 = DIRECTION('',(1.,0.));
#16282 = ( GEOMETRIC_REPRESENTATION_CONTEXT(2) 
PARAMETRIC_REPRESENTATION_CONTEXT() REPRESENTATION_CONTEXT('2D SPACE',''
  ) );
#16283 = ADVANCED_FACE('',(#16284,#16287),#13050,.T.);
#16284 = FACE_BOUND('',#16285,.T.);
#16285 = EDGE_LOOP('',(#16286));
#16286 = ORIENTED_EDGE('',*,*,#13033,.T.);
#16287 = FACE_BOUND('',#16288,.T.);
#16288 = EDGE_LOOP('',(#16289));
#16289 = ORIENTED_EDGE('',*,*,#16290,.F.);
#16290 = EDGE_CURVE('',#16291,#16291,#16293,.T.);
#16291 = VERTEX_POINT('',#16292);
#16292 = CARTESIAN_POINT('',(12.5,49.91154273188,58.4));
#16293 = SURFACE_CURVE('',#16294,(#16299,#16306),.PCURVE_S1.);
#16294 = CIRCLE('',#16295,12.5);
#16295 = AXIS2_PLACEMENT_3D('',#16296,#16297,#16298);
#16296 = CARTESIAN_POINT('',(1.15463194561E-14,49.91154273188,58.4));
#16297 = DIRECTION('',(5.947623346206E-16,1.110223024625E-16,1.));
#16298 = DIRECTION('',(1.,-9.42935300772E-31,-5.947623346206E-16));
#16299 = PCURVE('',#13050,#16300);
#16300 = DEFINITIONAL_REPRESENTATION('',(#16301),#16305);
#16301 = CIRCLE('',#16302,12.5);
#16302 = AXIS2_PLACEMENT_2D('',#16303,#16304);
#16303 = CARTESIAN_POINT('',(0.,0.));
#16304 = DIRECTION('',(1.,-1.417484439069E-31));
#16305 = ( GEOMETRIC_REPRESENTATION_CONTEXT(2) 
PARAMETRIC_REPRESENTATION_CONTEXT() REPRESENTATION_CONTEXT('2D SPACE',''
  ) );
#16306 = PCURVE('',#16307,#16312);
#16307 = CYLINDRICAL_SURFACE('',#16308,12.5);
#16308 = AXIS2_PLACEMENT_3D('',#16309,#16310,#16311);
#16309 = CARTESIAN_POINT('',(1.15463194561E-14,49.91154273188,58.4));
#16310 = DIRECTION('',(5.947623346206E-16,1.110223024625E-16,1.));
#16311 = DIRECTION('',(1.,-9.42935300772E-31,-5.947623346206E-16));
#16312 = DEFINITIONAL_REPRESENTATION('',(#16313),#16317);
#16313 = LINE('',#16314,#16315);
#16314 = CARTESIAN_POINT('',(0.,0.));
#16315 = VECTOR('',#16316,1.);
#16316 = DIRECTION('',(1.,0.));
#16317 = ( GEOMETRIC_REPRESENTATION_CONTEXT(2) 
PARAMETRIC_REPRESENTATION_CONTEXT() REPRESENTATION_CONTEXT('2D SPACE',''
  ) );
#16318 = ADVANCED_FACE('',(#16319),#16272,.F.);
#16319 = FACE_BOUND('',#16320,.F.);
#16320 = EDGE_LOOP('',(#16321,#16343,#16370,#16371));
#16321 = ORIENTED_EDGE('',*,*,#16322,.F.);
#16322 = EDGE_CURVE('',#16323,#16252,#16325,.T.);
#16323 = VERTEX_POINT('',#16324);
#16324 = CARTESIAN_POINT('',(6.5,49.91154273188,46.2));
#16325 = SEAM_CURVE('',#16326,(#16329,#16336),.PCURVE_S1.);
#16326 = B_SPLINE_CURVE_WITH_KNOTS('',1,(#16327,#16328),.UNSPECIFIED.,
  .F.,.F.,(2,2),(0.,7.),.PIECEWISE_BEZIER_KNOTS.);
#16327 = CARTESIAN_POINT('',(6.5,49.91154273188,46.2));
#16328 = CARTESIAN_POINT('',(6.5,49.91154273188,39.2));
#16329 = PCURVE('',#16272,#16330);
#16330 = DEFINITIONAL_REPRESENTATION('',(#16331),#16335);
#16331 = LINE('',#16332,#16333);
#16332 = CARTESIAN_POINT('',(3.14159265359,0.));
#16333 = VECTOR('',#16334,1.);
#16334 = DIRECTION('',(0.,1.));
#16335 = ( GEOMETRIC_REPRESENTATION_CONTEXT(2) 
PARAMETRIC_REPRESENTATION_CONTEXT() REPRESENTATION_CONTEXT('2D SPACE',''
  ) );
#16336 = PCURVE('',#16272,#16337);
#16337 = DEFINITIONAL_REPRESENTATION('',(#16338),#16342);
#16338 = LINE('',#16339,#16340);
#16339 = CARTESIAN_POINT('',(9.424777960769,0.));
#16340 = VECTOR('',#16341,1.);
#16341 = DIRECTION('',(0.,1.));
#16342 = ( GEOMETRIC_REPRESENTATION_CONTEXT(2) 
PARAMETRIC_REPRESENTATION_CONTEXT() REPRESENTATION_CONTEXT('2D SPACE',''
  ) );
#16343 = ORIENTED_EDGE('',*,*,#16344,.F.);
#16344 = EDGE_CURVE('',#16323,#16323,#16345,.T.);
#16345 = SURFACE_CURVE('',#16346,(#16351,#16358),.PCURVE_S1.);
#16346 = CIRCLE('',#16347,6.5);
#16347 = AXIS2_PLACEMENT_3D('',#16348,#16349,#16350);
#16348 = CARTESIAN_POINT('',(3.552713678801E-15,49.91154273188,46.2));
#16349 = DIRECTION('',(5.947623346206E-16,1.110223024625E-16,1.));
#16350 = DIRECTION('',(1.,-9.42935300772E-31,-5.947623346206E-16));
#16351 = PCURVE('',#16272,#16352);
#16352 = DEFINITIONAL_REPRESENTATION('',(#16353),#16357);
#16353 = LINE('',#16354,#16355);
#16354 = CARTESIAN_POINT('',(9.424777960769,0.));
#16355 = VECTOR('',#16356,1.);
#16356 = DIRECTION('',(-1.,0.));
#16357 = ( GEOMETRIC_REPRESENTATION_CONTEXT(2) 
PARAMETRIC_REPRESENTATION_CONTEXT() REPRESENTATION_CONTEXT('2D SPACE',''
  ) );
#16358 = PCURVE('',#16359,#16364);
#16359 = PLANE('',#16360);
#16360 = AXIS2_PLACEMENT_3D('',#16361,#16362,#16363);
#16361 = CARTESIAN_POINT('',(3.552713678801E-15,49.91154273188,46.2));
#16362 = DIRECTION('',(5.947623346206E-16,1.110223024625E-16,1.));
#16363 = DIRECTION('',(1.,-9.42935300772E-31,-5.947623346206E-16));
#16364 = DEFINITIONAL_REPRESENTATION('',(#16365),#16369);
#16365 = CIRCLE('',#16366,6.5);
#16366 = AXIS2_PLACEMENT_2D('',#16367,#16368);
#16367 = CARTESIAN_POINT('',(0.,0.));
#16368 = DIRECTION('',(1.,-1.417484439069E-31));
#16369 = ( GEOMETRIC_REPRESENTATION_CONTEXT(2) 
PARAMETRIC_REPRESENTATION_CONTEXT() REPRESENTATION_CONTEXT('2D SPACE',''
  ) );
#16370 = ORIENTED_EDGE('',*,*,#16322,.T.);
#16371 = ORIENTED_EDGE('',*,*,#16251,.F.);
#16372 = ADVANCED_FACE('',(#16373),#16307,.T.);
#16373 = FACE_BOUND('',#16374,.T.);
#16374 = EDGE_LOOP('',(#16375,#16376,#16398,#16425));
#16375 = ORIENTED_EDGE('',*,*,#16290,.T.);
#16376 = ORIENTED_EDGE('',*,*,#16377,.T.);
#16377 = EDGE_CURVE('',#16291,#16378,#16380,.T.);
#16378 = VERTEX_POINT('',#16379);
#16379 = CARTESIAN_POINT('',(12.5,49.91154273188,59.2));
#16380 = SEAM_CURVE('',#16381,(#16384,#16391),.PCURVE_S1.);
#16381 = B_SPLINE_CURVE_WITH_KNOTS('',1,(#16382,#16383),.UNSPECIFIED.,
  .F.,.F.,(2,2),(0.,0.8),.PIECEWISE_BEZIER_KNOTS.);
#16382 = CARTESIAN_POINT('',(12.5,49.91154273188,58.4));
#16383 = CARTESIAN_POINT('',(12.5,49.91154273188,59.2));
#16384 = PCURVE('',#16307,#16385);
#16385 = DEFINITIONAL_REPRESENTATION('',(#16386),#16390);
#16386 = LINE('',#16387,#16388);
#16387 = CARTESIAN_POINT('',(6.28318530718,0.));
#16388 = VECTOR('',#16389,1.);
#16389 = DIRECTION('',(0.,1.));
#16390 = ( GEOMETRIC_REPRESENTATION_CONTEXT(2) 
PARAMETRIC_REPRESENTATION_CONTEXT() REPRESENTATION_CONTEXT('2D SPACE',''
  ) );
#16391 = PCURVE('',#16307,#16392);
#16392 = DEFINITIONAL_REPRESENTATION('',(#16393),#16397);
#16393 = LINE('',#16394,#16395);
#16394 = CARTESIAN_POINT('',(0.,0.));
#16395 = VECTOR('',#16396,1.);
#16396 = DIRECTION('',(0.,1.));
#16397 = ( GEOMETRIC_REPRESENTATION_CONTEXT(2) 
PARAMETRIC_REPRESENTATION_CONTEXT() REPRESENTATION_CONTEXT('2D SPACE',''
  ) );
#16398 = ORIENTED_EDGE('',*,*,#16399,.F.);
#16399 = EDGE_CURVE('',#16378,#16378,#16400,.T.);
#16400 = SURFACE_CURVE('',#16401,(#16406,#16413),.PCURVE_S1.);
#16401 = CIRCLE('',#16402,12.5);
#16402 = AXIS2_PLACEMENT_3D('',#16403,#16404,#16405);
#16403 = CARTESIAN_POINT('',(1.15463194561E-14,49.91154273188,59.2));
#16404 = DIRECTION('',(5.947623346206E-16,1.110223024625E-16,1.));
#16405 = DIRECTION('',(1.,-9.42935300772E-31,-5.947623346206E-16));
#16406 = PCURVE('',#16307,#16407);
#16407 = DEFINITIONAL_REPRESENTATION('',(#16408),#16412);
#16408 = LINE('',#16409,#16410);
#16409 = CARTESIAN_POINT('',(0.,0.8));
#16410 = VECTOR('',#16411,1.);
#16411 = DIRECTION('',(1.,0.));
#16412 = ( GEOMETRIC_REPRESENTATION_CONTEXT(2) 
PARAMETRIC_REPRESENTATION_CONTEXT() REPRESENTATION_CONTEXT('2D SPACE',''
  ) );
#16413 = PCURVE('',#16414,#16419);
#16414 = PLANE('',#16415);
#16415 = AXIS2_PLACEMENT_3D('',#16416,#16417,#16418);
#16416 = CARTESIAN_POINT('',(1.15463194561E-14,49.91154273188,59.2));
#16417 = DIRECTION('',(5.947623346206E-16,1.110223024625E-16,1.));
#16418 = DIRECTION('',(1.,-9.42935300772E-31,-5.947623346206E-16));
#16419 = DEFINITIONAL_REPRESENTATION('',(#16420),#16424);
#16420 = CIRCLE('',#16421,12.5);
#16421 = AXIS2_PLACEMENT_2D('',#16422,#16423);
#16422 = CARTESIAN_POINT('',(0.,0.));
#16423 = DIRECTION('',(1.,-1.417484439069E-31));
#16424 = ( GEOMETRIC_REPRESENTATION_CONTEXT(2) 
PARAMETRIC_REPRESENTATION_CONTEXT() REPRESENTATION_CONTEXT('2D SPACE',''
  ) );
#16425 = ORIENTED_EDGE('',*,*,#16377,.F.);
#16426 = ADVANCED_FACE('',(#16427,#16430),#16359,.F.);
#16427 = FACE_BOUND('',#16428,.F.);
#16428 = EDGE_LOOP('',(#16429));
#16429 = ORIENTED_EDGE('',*,*,#16344,.T.);
#16430 = FACE_BOUND('',#16431,.F.);
#16431 = EDGE_LOOP('',(#16432));
#16432 = ORIENTED_EDGE('',*,*,#16433,.F.);
#16433 = EDGE_CURVE('',#16434,#16434,#16436,.T.);
#16434 = VERTEX_POINT('',#16435);
#16435 = CARTESIAN_POINT('',(3.5,49.9117,46.2));
#16436 = SURFACE_CURVE('',#16437,(#16442,#16449),.PCURVE_S1.);
#16437 = CIRCLE('',#16438,3.5);
#16438 = AXIS2_PLACEMENT_3D('',#16439,#16440,#16441);
#16439 = CARTESIAN_POINT('',(0.,49.9117,46.2));
#16440 = DIRECTION('',(0.,0.,1.));
#16441 = DIRECTION('',(1.,0.,-0.));
#16442 = PCURVE('',#16359,#16443);
#16443 = DEFINITIONAL_REPRESENTATION('',(#16444),#16448);
#16444 = CIRCLE('',#16445,3.5);
#16445 = AXIS2_PLACEMENT_2D('',#16446,#16447);
#16446 = CARTESIAN_POINT('',(-3.552713678801E-15,1.572681198709E-04));
#16447 = DIRECTION('',(1.,6.902532920684E-31));
#16448 = ( GEOMETRIC_REPRESENTATION_CONTEXT(2) 
PARAMETRIC_REPRESENTATION_CONTEXT() REPRESENTATION_CONTEXT('2D SPACE',''
  ) );
#16449 = PCURVE('',#16450,#16455);
#16450 = CYLINDRICAL_SURFACE('',#16451,3.5);
#16451 = AXIS2_PLACEMENT_3D('',#16452,#16453,#16454);
#16452 = CARTESIAN_POINT('',(0.,49.9117,45.4));
#16453 = DIRECTION('',(0.,0.,1.));
#16454 = DIRECTION('',(1.,0.,-0.));
#16455 = DEFINITIONAL_REPRESENTATION('',(#16456),#16460);
#16456 = LINE('',#16457,#16458);
#16457 = CARTESIAN_POINT('',(0.,0.8));
#16458 = VECTOR('',#16459,1.);
#16459 = DIRECTION('',(1.,0.));
#16460 = ( GEOMETRIC_REPRESENTATION_CONTEXT(2) 
PARAMETRIC_REPRESENTATION_CONTEXT() REPRESENTATION_CONTEXT('2D SPACE',''
  ) );
#16461 = ADVANCED_FACE('',(#16462,#16493),#16414,.T.);
#16462 = FACE_BOUND('',#16463,.T.);
#16463 = EDGE_LOOP('',(#16464));
#16464 = ORIENTED_EDGE('',*,*,#16465,.F.);
#16465 = EDGE_CURVE('',#16466,#16466,#16468,.T.);
#16466 = VERTEX_POINT('',#16467);
#16467 = CARTESIAN_POINT('',(10.8,49.91154273188,59.2));
#16468 = SURFACE_CURVE('',#16469,(#16474,#16481),.PCURVE_S1.);
#16469 = CIRCLE('',#16470,10.8);
#16470 = AXIS2_PLACEMENT_3D('',#16471,#16472,#16473);
#16471 = CARTESIAN_POINT('',(1.15463194561E-14,49.91154273188,59.2));
#16472 = DIRECTION('',(5.947623346206E-16,1.110223024625E-16,1.));
#16473 = DIRECTION('',(1.,-9.42935300772E-31,-5.947623346206E-16));
#16474 = PCURVE('',#16414,#16475);
#16475 = DEFINITIONAL_REPRESENTATION('',(#16476),#16480);
#16476 = CIRCLE('',#16477,10.8);
#16477 = AXIS2_PLACEMENT_2D('',#16478,#16479);
#16478 = CARTESIAN_POINT('',(0.,0.));
#16479 = DIRECTION('',(1.,-1.417484439069E-31));
#16480 = ( GEOMETRIC_REPRESENTATION_CONTEXT(2) 
PARAMETRIC_REPRESENTATION_CONTEXT() REPRESENTATION_CONTEXT('2D SPACE',''
  ) );
#16481 = PCURVE('',#16482,#16487);
#16482 = CYLINDRICAL_SURFACE('',#16483,10.8);
#16483 = AXIS2_PLACEMENT_3D('',#16484,#16485,#16486);
#16484 = CARTESIAN_POINT('',(1.15463194561E-14,49.91154273188,58.4));
#16485 = DIRECTION('',(5.947623346206E-16,1.110223024625E-16,1.));
#16486 = DIRECTION('',(1.,-9.42935300772E-31,-5.947623346206E-16));
#16487 = DEFINITIONAL_REPRESENTATION('',(#16488),#16492);
#16488 = LINE('',#16489,#16490);
#16489 = CARTESIAN_POINT('',(0.,0.8));
#16490 = VECTOR('',#16491,1.);
#16491 = DIRECTION('',(1.,0.));
#16492 = ( GEOMETRIC_REPRESENTATION_CONTEXT(2) 
PARAMETRIC_REPRESENTATION_CONTEXT() REPRESENTATION_CONTEXT('2D SPACE',''
  ) );
#16493 = FACE_BOUND('',#16494,.T.);
#16494 = EDGE_LOOP('',(#16495));
#16495 = ORIENTED_EDGE('',*,*,#16399,.T.);
#16496 = ADVANCED_FACE('',(#16497),#16450,.T.);
#16497 = FACE_BOUND('',#16498,.T.);
#16498 = EDGE_LOOP('',(#16499,#16522,#16523,#16524));
#16499 = ORIENTED_EDGE('',*,*,#16500,.T.);
#16500 = EDGE_CURVE('',#16501,#16434,#16503,.T.);
#16501 = VERTEX_POINT('',#16502);
#16502 = CARTESIAN_POINT('',(3.5,49.9117,45.5));
#16503 = SEAM_CURVE('',#16504,(#16508,#16515),.PCURVE_S1.);
#16504 = LINE('',#16505,#16506);
#16505 = CARTESIAN_POINT('',(3.5,49.9117,45.4));
#16506 = VECTOR('',#16507,1.);
#16507 = DIRECTION('',(0.,0.,1.));
#16508 = PCURVE('',#16450,#16509);
#16509 = DEFINITIONAL_REPRESENTATION('',(#16510),#16514);
#16510 = LINE('',#16511,#16512);
#16511 = CARTESIAN_POINT('',(6.28318530718,-0.));
#16512 = VECTOR('',#16513,1.);
#16513 = DIRECTION('',(0.,1.));
#16514 = ( GEOMETRIC_REPRESENTATION_CONTEXT(2) 
PARAMETRIC_REPRESENTATION_CONTEXT() REPRESENTATION_CONTEXT('2D SPACE',''
  ) );
#16515 = PCURVE('',#16450,#16516);
#16516 = DEFINITIONAL_REPRESENTATION('',(#16517),#16521);
#16517 = LINE('',#16518,#16519);
#16518 = CARTESIAN_POINT('',(0.,-0.));
#16519 = VECTOR('',#16520,1.);
#16520 = DIRECTION('',(0.,1.));
#16521 = ( GEOMETRIC_REPRESENTATION_CONTEXT(2) 
PARAMETRIC_REPRESENTATION_CONTEXT() REPRESENTATION_CONTEXT('2D SPACE',''
  ) );
#16522 = ORIENTED_EDGE('',*,*,#16433,.F.);
#16523 = ORIENTED_EDGE('',*,*,#16500,.F.);
#16524 = ORIENTED_EDGE('',*,*,#16525,.T.);
#16525 = EDGE_CURVE('',#16501,#16501,#16526,.T.);
#16526 = SURFACE_CURVE('',#16527,(#16532,#16539),.PCURVE_S1.);
#16527 = CIRCLE('',#16528,3.5);
#16528 = AXIS2_PLACEMENT_3D('',#16529,#16530,#16531);
#16529 = CARTESIAN_POINT('',(0.,49.9117,45.5));
#16530 = DIRECTION('',(0.,0.,1.));
#16531 = DIRECTION('',(1.,0.,-0.));
#16532 = PCURVE('',#16450,#16533);
#16533 = DEFINITIONAL_REPRESENTATION('',(#16534),#16538);
#16534 = LINE('',#16535,#16536);
#16535 = CARTESIAN_POINT('',(0.,0.1));
#16536 = VECTOR('',#16537,1.);
#16537 = DIRECTION('',(1.,0.));
#16538 = ( GEOMETRIC_REPRESENTATION_CONTEXT(2) 
PARAMETRIC_REPRESENTATION_CONTEXT() REPRESENTATION_CONTEXT('2D SPACE',''
  ) );
#16539 = PCURVE('',#16540,#16545);
#16540 = PLANE('',#16541);
#16541 = AXIS2_PLACEMENT_3D('',#16542,#16543,#16544);
#16542 = CARTESIAN_POINT('',(0.,49.9117,45.5));
#16543 = DIRECTION('',(0.,0.,1.));
#16544 = DIRECTION('',(1.,0.,-0.));
#16545 = DEFINITIONAL_REPRESENTATION('',(#16546),#16550);
#16546 = CIRCLE('',#16547,3.5);
#16547 = AXIS2_PLACEMENT_2D('',#16548,#16549);
#16548 = CARTESIAN_POINT('',(0.,0.));
#16549 = DIRECTION('',(1.,0.));
#16550 = ( GEOMETRIC_REPRESENTATION_CONTEXT(2) 
PARAMETRIC_REPRESENTATION_CONTEXT() REPRESENTATION_CONTEXT('2D SPACE',''
  ) );
#16551 = ADVANCED_FACE('',(#16552),#16482,.F.);
#16552 = FACE_BOUND('',#16553,.F.);
#16553 = EDGE_LOOP('',(#16554,#16583,#16603,#16604));
#16554 = ORIENTED_EDGE('',*,*,#16555,.T.);
#16555 = EDGE_CURVE('',#16556,#16556,#16558,.T.);
#16556 = VERTEX_POINT('',#16557);
#16557 = CARTESIAN_POINT('',(10.8,49.91154273188,58.4));
#16558 = SURFACE_CURVE('',#16559,(#16564,#16571),.PCURVE_S1.);
#16559 = CIRCLE('',#16560,10.8);
#16560 = AXIS2_PLACEMENT_3D('',#16561,#16562,#16563);
#16561 = CARTESIAN_POINT('',(1.15463194561E-14,49.91154273188,58.4));
#16562 = DIRECTION('',(5.947623346206E-16,1.110223024625E-16,1.));
#16563 = DIRECTION('',(1.,-9.42935300772E-31,-5.947623346206E-16));
#16564 = PCURVE('',#16482,#16565);
#16565 = DEFINITIONAL_REPRESENTATION('',(#16566),#16570);
#16566 = LINE('',#16567,#16568);
#16567 = CARTESIAN_POINT('',(0.,0.));
#16568 = VECTOR('',#16569,1.);
#16569 = DIRECTION('',(1.,0.));
#16570 = ( GEOMETRIC_REPRESENTATION_CONTEXT(2) 
PARAMETRIC_REPRESENTATION_CONTEXT() REPRESENTATION_CONTEXT('2D SPACE',''
  ) );
#16571 = PCURVE('',#16572,#16577);
#16572 = PLANE('',#16573);
#16573 = AXIS2_PLACEMENT_3D('',#16574,#16575,#16576);
#16574 = CARTESIAN_POINT('',(1.15463194561E-14,49.91154273188,58.4));
#16575 = DIRECTION('',(5.947623346206E-16,1.110223024625E-16,1.));
#16576 = DIRECTION('',(1.,-9.42935300772E-31,-5.947623346206E-16));
#16577 = DEFINITIONAL_REPRESENTATION('',(#16578),#16582);
#16578 = CIRCLE('',#16579,10.8);
#16579 = AXIS2_PLACEMENT_2D('',#16580,#16581);
#16580 = CARTESIAN_POINT('',(0.,0.));
#16581 = DIRECTION('',(1.,-1.417484439069E-31));
#16582 = ( GEOMETRIC_REPRESENTATION_CONTEXT(2) 
PARAMETRIC_REPRESENTATION_CONTEXT() REPRESENTATION_CONTEXT('2D SPACE',''
  ) );
#16583 = ORIENTED_EDGE('',*,*,#16584,.T.);
#16584 = EDGE_CURVE('',#16556,#16466,#16585,.T.);
#16585 = SEAM_CURVE('',#16586,(#16589,#16596),.PCURVE_S1.);
#16586 = B_SPLINE_CURVE_WITH_KNOTS('',1,(#16587,#16588),.UNSPECIFIED.,
  .F.,.F.,(2,2),(0.,0.8),.PIECEWISE_BEZIER_KNOTS.);
#16587 = CARTESIAN_POINT('',(10.8,49.91154273188,58.4));
#16588 = CARTESIAN_POINT('',(10.8,49.91154273188,59.2));
#16589 = PCURVE('',#16482,#16590);
#16590 = DEFINITIONAL_REPRESENTATION('',(#16591),#16595);
#16591 = LINE('',#16592,#16593);
#16592 = CARTESIAN_POINT('',(6.28318530718,0.));
#16593 = VECTOR('',#16594,1.);
#16594 = DIRECTION('',(0.,1.));
#16595 = ( GEOMETRIC_REPRESENTATION_CONTEXT(2) 
PARAMETRIC_REPRESENTATION_CONTEXT() REPRESENTATION_CONTEXT('2D SPACE',''
  ) );
#16596 = PCURVE('',#16482,#16597);
#16597 = DEFINITIONAL_REPRESENTATION('',(#16598),#16602);
#16598 = LINE('',#16599,#16600);
#16599 = CARTESIAN_POINT('',(0.,0.));
#16600 = VECTOR('',#16601,1.);
#16601 = DIRECTION('',(0.,1.));
#16602 = ( GEOMETRIC_REPRESENTATION_CONTEXT(2) 
PARAMETRIC_REPRESENTATION_CONTEXT() REPRESENTATION_CONTEXT('2D SPACE',''
  ) );
#16603 = ORIENTED_EDGE('',*,*,#16465,.F.);
#16604 = ORIENTED_EDGE('',*,*,#16584,.F.);
#16605 = ADVANCED_FACE('',(#16606,#16609),#16540,.F.);
#16606 = FACE_BOUND('',#16607,.F.);
#16607 = EDGE_LOOP('',(#16608));
#16608 = ORIENTED_EDGE('',*,*,#16525,.T.);
#16609 = FACE_BOUND('',#16610,.F.);
#16610 = EDGE_LOOP('',(#16611,#16642));
#16611 = ORIENTED_EDGE('',*,*,#16612,.F.);
#16612 = EDGE_CURVE('',#16613,#16615,#16617,.T.);
#16613 = VERTEX_POINT('',#16614);
#16614 = CARTESIAN_POINT('',(-1.457669683062,47.175790810154,45.5));
#16615 = VERTEX_POINT('',#16616);
#16616 = CARTESIAN_POINT('',(-1.457669683062,52.647609189846,45.5));
#16617 = SURFACE_CURVE('',#16618,(#16623,#16630),.PCURVE_S1.);
#16618 = CIRCLE('',#16619,3.1);
#16619 = AXIS2_PLACEMENT_3D('',#16620,#16621,#16622);
#16620 = CARTESIAN_POINT('',(0.,49.9117,45.5));
#16621 = DIRECTION('',(0.,0.,1.));
#16622 = DIRECTION('',(-0.470216026794,-0.882551351563,0.));
#16623 = PCURVE('',#16540,#16624);
#16624 = DEFINITIONAL_REPRESENTATION('',(#16625),#16629);
#16625 = CIRCLE('',#16626,3.1);
#16626 = AXIS2_PLACEMENT_2D('',#16627,#16628);
#16627 = CARTESIAN_POINT('',(0.,0.));
#16628 = DIRECTION('',(-0.470216026794,-0.882551351563));
#16629 = ( GEOMETRIC_REPRESENTATION_CONTEXT(2) 
PARAMETRIC_REPRESENTATION_CONTEXT() REPRESENTATION_CONTEXT('2D SPACE',''
  ) );
#16630 = PCURVE('',#16631,#16636);
#16631 = CYLINDRICAL_SURFACE('',#16632,3.1);
#16632 = AXIS2_PLACEMENT_3D('',#16633,#16634,#16635);
#16633 = CARTESIAN_POINT('',(0.,49.9117,45.4));
#16634 = DIRECTION('',(0.,0.,1.));
#16635 = DIRECTION('',(1.,0.,-0.));
#16636 = DEFINITIONAL_REPRESENTATION('',(#16637),#16641);
#16637 = LINE('',#16638,#16639);
#16638 = CARTESIAN_POINT('',(4.222853443002,0.1));
#16639 = VECTOR('',#16640,1.);
#16640 = DIRECTION('',(1.,0.));
#16641 = ( GEOMETRIC_REPRESENTATION_CONTEXT(2) 
PARAMETRIC_REPRESENTATION_CONTEXT() REPRESENTATION_CONTEXT('2D SPACE',''
  ) );
#16642 = ORIENTED_EDGE('',*,*,#16643,.T.);
#16643 = EDGE_CURVE('',#16613,#16615,#16644,.T.);
#16644 = SURFACE_CURVE('',#16645,(#16649,#16655),.PCURVE_S1.);
#16645 = LINE('',#16646,#16647);
#16646 = CARTESIAN_POINT('',(-1.457669683062,47.8617,45.5));
#16647 = VECTOR('',#16648,1.);
#16648 = DIRECTION('',(-0.,1.,0.));
#16649 = PCURVE('',#16540,#16650);
#16650 = DEFINITIONAL_REPRESENTATION('',(#16651),#16654);
#16651 = B_SPLINE_CURVE_WITH_KNOTS('',1,(#16652,#16653),.UNSPECIFIED.,
  .F.,.F.,(2,2),(-0.685909189846,4.785909189846),
  .PIECEWISE_BEZIER_KNOTS.);
#16652 = CARTESIAN_POINT('',(-1.457669683062,-2.735909189846));
#16653 = CARTESIAN_POINT('',(-1.457669683062,2.735909189846));
#16654 = ( GEOMETRIC_REPRESENTATION_CONTEXT(2) 
PARAMETRIC_REPRESENTATION_CONTEXT() REPRESENTATION_CONTEXT('2D SPACE',''
  ) );
#16655 = PCURVE('',#16656,#16661);
#16656 = PLANE('',#16657);
#16657 = AXIS2_PLACEMENT_3D('',#16658,#16659,#16660);
#16658 = CARTESIAN_POINT('',(-1.457669683062,45.8117,45.4));
#16659 = DIRECTION('',(1.,0.,-0.));
#16660 = DIRECTION('',(0.,0.,1.));
#16661 = DEFINITIONAL_REPRESENTATION('',(#16662),#16665);
#16662 = B_SPLINE_CURVE_WITH_KNOTS('',1,(#16663,#16664),.UNSPECIFIED.,
  .F.,.F.,(2,2),(-0.685909189846,4.785909189846),
  .PIECEWISE_BEZIER_KNOTS.);
#16663 = CARTESIAN_POINT('',(0.1,-1.364090810154));
#16664 = CARTESIAN_POINT('',(0.1,-6.835909189846));
#16665 = ( GEOMETRIC_REPRESENTATION_CONTEXT(2) 
PARAMETRIC_REPRESENTATION_CONTEXT() REPRESENTATION_CONTEXT('2D SPACE',''
  ) );
#16666 = ADVANCED_FACE('',(#16667,#16670),#16572,.T.);
#16667 = FACE_BOUND('',#16668,.T.);
#16668 = EDGE_LOOP('',(#16669));
#16669 = ORIENTED_EDGE('',*,*,#16555,.T.);
#16670 = FACE_BOUND('',#16671,.T.);
#16671 = EDGE_LOOP('',(#16672));
#16672 = ORIENTED_EDGE('',*,*,#16673,.F.);
#16673 = EDGE_CURVE('',#16674,#16674,#16676,.T.);
#16674 = VERTEX_POINT('',#16675);
#16675 = CARTESIAN_POINT('',(10.,49.91154273188,58.4));
#16676 = SURFACE_CURVE('',#16677,(#16682,#16689),.PCURVE_S1.);
#16677 = CIRCLE('',#16678,10.);
#16678 = AXIS2_PLACEMENT_3D('',#16679,#16680,#16681);
#16679 = CARTESIAN_POINT('',(1.15463194561E-14,49.91154273188,58.4));
#16680 = DIRECTION('',(5.947623346206E-16,1.110223024625E-16,1.));
#16681 = DIRECTION('',(1.,-9.42935300772E-31,-5.947623346206E-16));
#16682 = PCURVE('',#16572,#16683);
#16683 = DEFINITIONAL_REPRESENTATION('',(#16684),#16688);
#16684 = CIRCLE('',#16685,10.);
#16685 = AXIS2_PLACEMENT_2D('',#16686,#16687);
#16686 = CARTESIAN_POINT('',(0.,0.));
#16687 = DIRECTION('',(1.,-1.417484439069E-31));
#16688 = ( GEOMETRIC_REPRESENTATION_CONTEXT(2) 
PARAMETRIC_REPRESENTATION_CONTEXT() REPRESENTATION_CONTEXT('2D SPACE',''
  ) );
#16689 = PCURVE('',#16690,#16695);
#16690 = CYLINDRICAL_SURFACE('',#16691,10.);
#16691 = AXIS2_PLACEMENT_3D('',#16692,#16693,#16694);
#16692 = CARTESIAN_POINT('',(1.15463194561E-14,49.91154273188,58.4));
#16693 = DIRECTION('',(5.947623346206E-16,1.110223024625E-16,1.));
#16694 = DIRECTION('',(1.,-9.42935300772E-31,-5.947623346206E-16));
#16695 = DEFINITIONAL_REPRESENTATION('',(#16696),#16700);
#16696 = LINE('',#16697,#16698);
#16697 = CARTESIAN_POINT('',(0.,0.));
#16698 = VECTOR('',#16699,1.);
#16699 = DIRECTION('',(1.,0.));
#16700 = ( GEOMETRIC_REPRESENTATION_CONTEXT(2) 
PARAMETRIC_REPRESENTATION_CONTEXT() REPRESENTATION_CONTEXT('2D SPACE',''
  ) );
#16701 = ADVANCED_FACE('',(#16702),#16631,.F.);
#16702 = FACE_BOUND('',#16703,.F.);
#16703 = EDGE_LOOP('',(#16704,#16705,#16726,#16755));
#16704 = ORIENTED_EDGE('',*,*,#16612,.T.);
#16705 = ORIENTED_EDGE('',*,*,#16706,.T.);
#16706 = EDGE_CURVE('',#16615,#16707,#16709,.T.);
#16707 = VERTEX_POINT('',#16708);
#16708 = CARTESIAN_POINT('',(-1.457669683062,52.647609189846,55.75));
#16709 = SURFACE_CURVE('',#16710,(#16714,#16720),.PCURVE_S1.);
#16710 = LINE('',#16711,#16712);
#16711 = CARTESIAN_POINT('',(-1.457669683062,52.647609189846,45.4));
#16712 = VECTOR('',#16713,1.);
#16713 = DIRECTION('',(0.,0.,1.));
#16714 = PCURVE('',#16631,#16715);
#16715 = DEFINITIONAL_REPRESENTATION('',(#16716),#16719);
#16716 = B_SPLINE_CURVE_WITH_KNOTS('',1,(#16717,#16718),.UNSPECIFIED.,
  .F.,.F.,(2,2),(0.1,10.35),.PIECEWISE_BEZIER_KNOTS.);
#16717 = CARTESIAN_POINT('',(8.343517171357,0.1));
#16718 = CARTESIAN_POINT('',(8.343517171357,10.35));
#16719 = ( GEOMETRIC_REPRESENTATION_CONTEXT(2) 
PARAMETRIC_REPRESENTATION_CONTEXT() REPRESENTATION_CONTEXT('2D SPACE',''
  ) );
#16720 = PCURVE('',#16656,#16721);
#16721 = DEFINITIONAL_REPRESENTATION('',(#16722),#16725);
#16722 = B_SPLINE_CURVE_WITH_KNOTS('',1,(#16723,#16724),.UNSPECIFIED.,
  .F.,.F.,(2,2),(-5.999999999062E-07,10.3500006),
  .PIECEWISE_BEZIER_KNOTS.);
#16723 = CARTESIAN_POINT('',(-5.999999999062E-07,-6.835909189846));
#16724 = CARTESIAN_POINT('',(10.3500006,-6.835909189846));
#16725 = ( GEOMETRIC_REPRESENTATION_CONTEXT(2) 
PARAMETRIC_REPRESENTATION_CONTEXT() REPRESENTATION_CONTEXT('2D SPACE',''
  ) );
#16726 = ORIENTED_EDGE('',*,*,#16727,.F.);
#16727 = EDGE_CURVE('',#16728,#16707,#16730,.T.);
#16728 = VERTEX_POINT('',#16729);
#16729 = CARTESIAN_POINT('',(-1.457669683062,47.175790810154,55.75));
#16730 = SURFACE_CURVE('',#16731,(#16736,#16743),.PCURVE_S1.);
#16731 = CIRCLE('',#16732,3.1);
#16732 = AXIS2_PLACEMENT_3D('',#16733,#16734,#16735);
#16733 = CARTESIAN_POINT('',(0.,49.9117,55.75));
#16734 = DIRECTION('',(0.,0.,1.));
#16735 = DIRECTION('',(-0.470216026794,-0.882551351563,0.));
#16736 = PCURVE('',#16631,#16737);
#16737 = DEFINITIONAL_REPRESENTATION('',(#16738),#16742);
#16738 = LINE('',#16739,#16740);
#16739 = CARTESIAN_POINT('',(4.222853443002,10.35));
#16740 = VECTOR('',#16741,1.);
#16741 = DIRECTION('',(1.,0.));
#16742 = ( GEOMETRIC_REPRESENTATION_CONTEXT(2) 
PARAMETRIC_REPRESENTATION_CONTEXT() REPRESENTATION_CONTEXT('2D SPACE',''
  ) );
#16743 = PCURVE('',#16744,#16749);
#16744 = PLANE('',#16745);
#16745 = AXIS2_PLACEMENT_3D('',#16746,#16747,#16748);
#16746 = CARTESIAN_POINT('',(0.,49.9117,55.75));
#16747 = DIRECTION('',(0.,0.,1.));
#16748 = DIRECTION('',(1.,0.,-0.));
#16749 = DEFINITIONAL_REPRESENTATION('',(#16750),#16754);
#16750 = CIRCLE('',#16751,3.1);
#16751 = AXIS2_PLACEMENT_2D('',#16752,#16753);
#16752 = CARTESIAN_POINT('',(0.,0.));
#16753 = DIRECTION('',(-0.470216026794,-0.882551351563));
#16754 = ( GEOMETRIC_REPRESENTATION_CONTEXT(2) 
PARAMETRIC_REPRESENTATION_CONTEXT() REPRESENTATION_CONTEXT('2D SPACE',''
  ) );
#16755 = ORIENTED_EDGE('',*,*,#16756,.F.);
#16756 = EDGE_CURVE('',#16613,#16728,#16757,.T.);
#16757 = SURFACE_CURVE('',#16758,(#16762,#16768),.PCURVE_S1.);
#16758 = LINE('',#16759,#16760);
#16759 = CARTESIAN_POINT('',(-1.457669683062,47.175790810154,45.4));
#16760 = VECTOR('',#16761,1.);
#16761 = DIRECTION('',(0.,0.,1.));
#16762 = PCURVE('',#16631,#16763);
#16763 = DEFINITIONAL_REPRESENTATION('',(#16764),#16767);
#16764 = B_SPLINE_CURVE_WITH_KNOTS('',1,(#16765,#16766),.UNSPECIFIED.,
  .F.,.F.,(2,2),(0.1,10.35),.PIECEWISE_BEZIER_KNOTS.);
#16765 = CARTESIAN_POINT('',(4.222853443002,0.1));
#16766 = CARTESIAN_POINT('',(4.222853443002,10.35));
#16767 = ( GEOMETRIC_REPRESENTATION_CONTEXT(2) 
PARAMETRIC_REPRESENTATION_CONTEXT() REPRESENTATION_CONTEXT('2D SPACE',''
  ) );
#16768 = PCURVE('',#16656,#16769);
#16769 = DEFINITIONAL_REPRESENTATION('',(#16770),#16773);
#16770 = B_SPLINE_CURVE_WITH_KNOTS('',1,(#16771,#16772),.UNSPECIFIED.,
  .F.,.F.,(2,2),(-5.999999999062E-07,10.3500006),
  .PIECEWISE_BEZIER_KNOTS.);
#16771 = CARTESIAN_POINT('',(-5.999999999062E-07,-1.364090810154));
#16772 = CARTESIAN_POINT('',(10.3500006,-1.364090810154));
#16773 = ( GEOMETRIC_REPRESENTATION_CONTEXT(2) 
PARAMETRIC_REPRESENTATION_CONTEXT() REPRESENTATION_CONTEXT('2D SPACE',''
  ) );
#16774 = ADVANCED_FACE('',(#16775),#16656,.T.);
#16775 = FACE_BOUND('',#16776,.T.);
#16776 = EDGE_LOOP('',(#16777,#16798,#16799,#16800));
#16777 = ORIENTED_EDGE('',*,*,#16778,.F.);
#16778 = EDGE_CURVE('',#16728,#16707,#16779,.T.);
#16779 = SURFACE_CURVE('',#16780,(#16784,#16791),.PCURVE_S1.);
#16780 = LINE('',#16781,#16782);
#16781 = CARTESIAN_POINT('',(-1.457669683062,45.8117,55.75));
#16782 = VECTOR('',#16783,1.);
#16783 = DIRECTION('',(-0.,1.,0.));
#16784 = PCURVE('',#16656,#16785);
#16785 = DEFINITIONAL_REPRESENTATION('',(#16786),#16790);
#16786 = LINE('',#16787,#16788);
#16787 = CARTESIAN_POINT('',(10.35,0.));
#16788 = VECTOR('',#16789,1.);
#16789 = DIRECTION('',(0.,-1.));
#16790 = ( GEOMETRIC_REPRESENTATION_CONTEXT(2) 
PARAMETRIC_REPRESENTATION_CONTEXT() REPRESENTATION_CONTEXT('2D SPACE',''
  ) );
#16791 = PCURVE('',#16744,#16792);
#16792 = DEFINITIONAL_REPRESENTATION('',(#16793),#16797);
#16793 = LINE('',#16794,#16795);
#16794 = CARTESIAN_POINT('',(-1.457669683062,-4.1));
#16795 = VECTOR('',#16796,1.);
#16796 = DIRECTION('',(0.,1.));
#16797 = ( GEOMETRIC_REPRESENTATION_CONTEXT(2) 
PARAMETRIC_REPRESENTATION_CONTEXT() REPRESENTATION_CONTEXT('2D SPACE',''
  ) );
#16798 = ORIENTED_EDGE('',*,*,#16756,.F.);
#16799 = ORIENTED_EDGE('',*,*,#16643,.T.);
#16800 = ORIENTED_EDGE('',*,*,#16706,.T.);
#16801 = ADVANCED_FACE('',(#16802),#16690,.T.);
#16802 = FACE_BOUND('',#16803,.T.);
#16803 = EDGE_LOOP('',(#16804,#16805,#16827,#16854));
#16804 = ORIENTED_EDGE('',*,*,#16673,.T.);
#16805 = ORIENTED_EDGE('',*,*,#16806,.T.);
#16806 = EDGE_CURVE('',#16674,#16807,#16809,.T.);
#16807 = VERTEX_POINT('',#16808);
#16808 = CARTESIAN_POINT('',(10.,49.91154273188,59.2));
#16809 = SEAM_CURVE('',#16810,(#16813,#16820),.PCURVE_S1.);
#16810 = B_SPLINE_CURVE_WITH_KNOTS('',1,(#16811,#16812),.UNSPECIFIED.,
  .F.,.F.,(2,2),(0.,0.8),.PIECEWISE_BEZIER_KNOTS.);
#16811 = CARTESIAN_POINT('',(10.,49.91154273188,58.4));
#16812 = CARTESIAN_POINT('',(10.,49.91154273188,59.2));
#16813 = PCURVE('',#16690,#16814);
#16814 = DEFINITIONAL_REPRESENTATION('',(#16815),#16819);
#16815 = LINE('',#16816,#16817);
#16816 = CARTESIAN_POINT('',(6.28318530718,0.));
#16817 = VECTOR('',#16818,1.);
#16818 = DIRECTION('',(0.,1.));
#16819 = ( GEOMETRIC_REPRESENTATION_CONTEXT(2) 
PARAMETRIC_REPRESENTATION_CONTEXT() REPRESENTATION_CONTEXT('2D SPACE',''
  ) );
#16820 = PCURVE('',#16690,#16821);
#16821 = DEFINITIONAL_REPRESENTATION('',(#16822),#16826);
#16822 = LINE('',#16823,#16824);
#16823 = CARTESIAN_POINT('',(0.,0.));
#16824 = VECTOR('',#16825,1.);
#16825 = DIRECTION('',(0.,1.));
#16826 = ( GEOMETRIC_REPRESENTATION_CONTEXT(2) 
PARAMETRIC_REPRESENTATION_CONTEXT() REPRESENTATION_CONTEXT('2D SPACE',''
  ) );
#16827 = ORIENTED_EDGE('',*,*,#16828,.F.);
#16828 = EDGE_CURVE('',#16807,#16807,#16829,.T.);
#16829 = SURFACE_CURVE('',#16830,(#16835,#16842),.PCURVE_S1.);
#16830 = CIRCLE('',#16831,10.);
#16831 = AXIS2_PLACEMENT_3D('',#16832,#16833,#16834);
#16832 = CARTESIAN_POINT('',(1.15463194561E-14,49.91154273188,59.2));
#16833 = DIRECTION('',(5.947623346206E-16,1.110223024625E-16,1.));
#16834 = DIRECTION('',(1.,-9.42935300772E-31,-5.947623346206E-16));
#16835 = PCURVE('',#16690,#16836);
#16836 = DEFINITIONAL_REPRESENTATION('',(#16837),#16841);
#16837 = LINE('',#16838,#16839);
#16838 = CARTESIAN_POINT('',(0.,0.8));
#16839 = VECTOR('',#16840,1.);
#16840 = DIRECTION('',(1.,0.));
#16841 = ( GEOMETRIC_REPRESENTATION_CONTEXT(2) 
PARAMETRIC_REPRESENTATION_CONTEXT() REPRESENTATION_CONTEXT('2D SPACE',''
  ) );
#16842 = PCURVE('',#16843,#16848);
#16843 = PLANE('',#16844);
#16844 = AXIS2_PLACEMENT_3D('',#16845,#16846,#16847);
#16845 = CARTESIAN_POINT('',(1.15463194561E-14,49.91154273188,59.2));
#16846 = DIRECTION('',(5.947623346206E-16,1.110223024625E-16,1.));
#16847 = DIRECTION('',(1.,-9.42935300772E-31,-5.947623346206E-16));
#16848 = DEFINITIONAL_REPRESENTATION('',(#16849),#16853);
#16849 = CIRCLE('',#16850,10.);
#16850 = AXIS2_PLACEMENT_2D('',#16851,#16852);
#16851 = CARTESIAN_POINT('',(0.,0.));
#16852 = DIRECTION('',(1.,-1.417484439069E-31));
#16853 = ( GEOMETRIC_REPRESENTATION_CONTEXT(2) 
PARAMETRIC_REPRESENTATION_CONTEXT() REPRESENTATION_CONTEXT('2D SPACE',''
  ) );
#16854 = ORIENTED_EDGE('',*,*,#16806,.F.);
#16855 = ADVANCED_FACE('',(#16856),#16744,.F.);
#16856 = FACE_BOUND('',#16857,.F.);
#16857 = EDGE_LOOP('',(#16858,#16859));
#16858 = ORIENTED_EDGE('',*,*,#16727,.T.);
#16859 = ORIENTED_EDGE('',*,*,#16778,.F.);
#16860 = ADVANCED_FACE('',(#16861),#16843,.T.);
#16861 = FACE_BOUND('',#16862,.T.);
#16862 = EDGE_LOOP('',(#16863));
#16863 = ORIENTED_EDGE('',*,*,#16828,.T.);
#16864 = ( GEOMETRIC_REPRESENTATION_CONTEXT(3) 
GLOBAL_UNCERTAINTY_ASSIGNED_CONTEXT((#16868)) 
GLOBAL_UNIT_ASSIGNED_CONTEXT((#16865,#16866,#16867)) 
REPRESENTATION_CONTEXT('Context #1',
  '3D Context with UNIT and UNCERTAINTY') );
#16865 = ( LENGTH_UNIT() NAMED_UNIT(*) SI_UNIT(.MILLI.,.METRE.) );
#16866 = ( NAMED_UNIT(*) PLANE_ANGLE_UNIT() SI_UNIT($,.RADIAN.) );
#16867 = ( NAMED_UNIT(*) SI_UNIT($,.STERADIAN.) SOLID_ANGLE_UNIT() );
#16868 = UNCERTAINTY_MEASURE_WITH_UNIT(LENGTH_MEASURE(1.E-03),#16865,
  'distance_accuracy_value','confusion accuracy');
#16869 = PRODUCT_RELATED_PRODUCT_CATEGORY('part',$,(#7));
ENDSEC;
END-ISO-10303-21;
