ISO-10303-21;
HEADER;
FILE_DESCRIPTION(('Open CASCADE Model'),'2;1');
FILE_NAME('Open CASCADE Shape Model','2026-09-15T10:54:29',('Author'),(
    'Open CASCADE'),'Open CASCADE STEP processor 7.8','Open CASCADE 7.8'
  ,'Unknown');
FILE_SCHEMA(('AUTOMOTIVE_DESIGN { 1 0 10303 214 1 1 1 1 }'));
ENDSEC;
DATA;
#1 = APPLICATION_PROTOCOL_DEFINITION('international standard',
  'automotive_design',2000,#2);
#2 = APPLICATION_CONTEXT(
  'core data for automotive mechanical design processes');
#3 = SHAPE_DEFINITION_REPRESENTATION(#4,#10);
#4 = PRODUCT_DEFINITION_SHAPE('','',#5);
#5 = PRODUCT_DEFINITION('design','',#6,#9);
#6 = PRODUCT_DEFINITION_FORMATION('','',#7);
#7 = PRODUCT('Open CASCADE STEP translator 7.8 1',
  'Open CASCADE STEP translator 7.8 1','',(#8));
#8 = PRODUCT_CONTEXT('',#2,'mechanical');
#9 = PRODUCT_DEFINITION_CONTEXT('part definition',#2,'design');
#10 = ADVANCED_BREP_SHAPE_REPRESENTATION('',(#11,#15),#7059);
#11 = AXIS2_PLACEMENT_3D('',#12,#13,#14);
#12 = CARTESIAN_POINT('',(0.,0.,0.));
#13 = DIRECTION('',(0.,0.,1.));
#14 = DIRECTION('',(1.,0.,-0.));
#15 = MANIFOLD_SOLID_BREP('',#16);
#16 = CLOSED_SHELL('',(#17,#516,#642,#692,#739,#789,#883,#932,#1035,
    #1151,#1357,#1462,#1556,#1641,#1740,#1840,#2009,#2104,#2131,#2441,
    #2546,#2573,#2600,#2627,#2740,#2818,#2873,#2918,#2991,#3018,#3368,
    #3395,#3449,#3476,#3483,#3510,#3537,#3615,#3669,#3725,#3778,#3828,
    #3882,#3937,#3969,#3976,#4052,#4101,#4150,#4177,#4184,#4191,#4267,
    #4317,#4366,#4416,#4465,#4515,#4564,#4592,#4671,#4860,#5050,#5122,
    #5173,#5392,#5491,#5626,#5633,#5864,#5935,#5963,#6012,#6112,#6373,
    #6400,#6447,#6681,#6709,#6780,#6830,#6879,#6907,#6955,#6962,#6990,
    #7018,#7025,#7052));
#17 = ADVANCED_FACE('',(#18),#32,.T.);
#18 = FACE_BOUND('',#19,.T.);
#19 = EDGE_LOOP('',(#20,#53,#79,#105,#133,#162,#190,#219,#247,#276,#304,
    #333,#356,#382,#408,#434,#463,#489));
#20 = ORIENTED_EDGE('',*,*,#21,.T.);
#21 = EDGE_CURVE('',#22,#24,#26,.T.);
#22 = VERTEX_POINT('',#23);
#23 = CARTESIAN_POINT('',(4.9,71.120508075689,5.05));
#24 = VERTEX_POINT('',#25);
#25 = CARTESIAN_POINT('',(4.9,71.120508075689,3.));
#26 = SURFACE_CURVE('',#27,(#31,#42),.PCURVE_S1.);
#27 = LINE('',#28,#29);
#28 = CARTESIAN_POINT('',(4.9,71.120508075689,10.225));
#29 = VECTOR('',#30,1.);
#30 = DIRECTION('',(-0.,-1.110223024625E-16,-1.));
#31 = PCURVE('',#32,#37);
#32 = PLANE('',#33);
#33 = AXIS2_PLACEMENT_3D('',#34,#35,#36);
#34 = CARTESIAN_POINT('',(0.,71.120508075689,19.));
#35 = DIRECTION('',(0.,-1.,1.110223024625E-16));
#36 = DIRECTION('',(1.,0.,0.));
#37 = DEFINITIONAL_REPRESENTATION('',(#38),#41);
#38 = B_SPLINE_CURVE_WITH_KNOTS('',1,(#39,#40),.UNSPECIFIED.,.F.,.F.,(2,
    2),(5.175,7.775),.PIECEWISE_BEZIER_KNOTS.);
#39 = CARTESIAN_POINT('',(4.9,-13.95));
#40 = CARTESIAN_POINT('',(4.9,-16.55));
#41 = ( GEOMETRIC_REPRESENTATION_CONTEXT(2) 
PARAMETRIC_REPRESENTATION_CONTEXT() REPRESENTATION_CONTEXT('2D SPACE',''
  ) );
#42 = PCURVE('',#43,#48);
#43 = PLANE('',#44);
#44 = AXIS2_PLACEMENT_3D('',#45,#46,#47);
#45 = CARTESIAN_POINT('',(4.9,76.,1.45));
#46 = DIRECTION('',(-1.,0.,0.));
#47 = DIRECTION('',(0.,0.,1.));
#48 = DEFINITIONAL_REPRESENTATION('',(#49),#52);
#49 = B_SPLINE_CURVE_WITH_KNOTS('',1,(#50,#51),.UNSPECIFIED.,.F.,.F.,(2,
    2),(5.175,7.775),.PIECEWISE_BEZIER_KNOTS.);
#50 = CARTESIAN_POINT('',(3.6,-4.879491924311));
#51 = CARTESIAN_POINT('',(1.,-4.879491924311));
#52 = ( GEOMETRIC_REPRESENTATION_CONTEXT(2) 
PARAMETRIC_REPRESENTATION_CONTEXT() REPRESENTATION_CONTEXT('2D SPACE',''
  ) );
#53 = ORIENTED_EDGE('',*,*,#54,.F.);
#54 = EDGE_CURVE('',#55,#24,#57,.T.);
#55 = VERTEX_POINT('',#56);
#56 = CARTESIAN_POINT('',(9.2,71.120508075689,3.));
#57 = SURFACE_CURVE('',#58,(#62,#68),.PCURVE_S1.);
#58 = LINE('',#59,#60);
#59 = CARTESIAN_POINT('',(-4.6,71.120508075689,3.));
#60 = VECTOR('',#61,1.);
#61 = DIRECTION('',(-1.,0.,0.));
#62 = PCURVE('',#32,#63);
#63 = DEFINITIONAL_REPRESENTATION('',(#64),#67);
#64 = B_SPLINE_CURVE_WITH_KNOTS('',1,(#65,#66),.UNSPECIFIED.,.F.,.F.,(2,
    2),(-13.8,4.6),.PIECEWISE_BEZIER_KNOTS.);
#65 = CARTESIAN_POINT('',(9.2,-16.));
#66 = CARTESIAN_POINT('',(-9.2,-16.));
#67 = ( GEOMETRIC_REPRESENTATION_CONTEXT(2) 
PARAMETRIC_REPRESENTATION_CONTEXT() REPRESENTATION_CONTEXT('2D SPACE',''
  ) );
#68 = PCURVE('',#69,#74);
#69 = PLANE('',#70);
#70 = AXIS2_PLACEMENT_3D('',#71,#72,#73);
#71 = CARTESIAN_POINT('',(-9.2,49.7,3.));
#72 = DIRECTION('',(0.,0.,1.));
#73 = DIRECTION('',(1.,0.,-0.));
#74 = DEFINITIONAL_REPRESENTATION('',(#75),#78);
#75 = B_SPLINE_CURVE_WITH_KNOTS('',1,(#76,#77),.UNSPECIFIED.,.F.,.F.,(2,
    2),(-13.8,4.6),.PIECEWISE_BEZIER_KNOTS.);
#76 = CARTESIAN_POINT('',(18.4,21.420508075689));
#77 = CARTESIAN_POINT('',(0.,21.420508075689));
#78 = ( GEOMETRIC_REPRESENTATION_CONTEXT(2) 
PARAMETRIC_REPRESENTATION_CONTEXT() REPRESENTATION_CONTEXT('2D SPACE',''
  ) );
#79 = ORIENTED_EDGE('',*,*,#80,.F.);
#80 = EDGE_CURVE('',#81,#55,#83,.T.);
#81 = VERTEX_POINT('',#82);
#82 = CARTESIAN_POINT('',(9.2,71.120508075689,2.));
#83 = SURFACE_CURVE('',#84,(#88,#94),.PCURVE_S1.);
#84 = LINE('',#85,#86);
#85 = CARTESIAN_POINT('',(9.2,71.120508075689,9.9));
#86 = VECTOR('',#87,1.);
#87 = DIRECTION('',(0.,1.110223024625E-16,1.));
#88 = PCURVE('',#32,#89);
#89 = DEFINITIONAL_REPRESENTATION('',(#90),#93);
#90 = B_SPLINE_CURVE_WITH_KNOTS('',1,(#91,#92),.UNSPECIFIED.,.F.,.F.,(2,
    2),(-7.9,-6.9),.PIECEWISE_BEZIER_KNOTS.);
#91 = CARTESIAN_POINT('',(9.2,-17.));
#92 = CARTESIAN_POINT('',(9.2,-16.));
#93 = ( GEOMETRIC_REPRESENTATION_CONTEXT(2) 
PARAMETRIC_REPRESENTATION_CONTEXT() REPRESENTATION_CONTEXT('2D SPACE',''
  ) );
#94 = PCURVE('',#95,#100);
#95 = PLANE('',#96);
#96 = AXIS2_PLACEMENT_3D('',#97,#98,#99);
#97 = CARTESIAN_POINT('',(9.2,49.7,0.8));
#98 = DIRECTION('',(1.,0.,-0.));
#99 = DIRECTION('',(0.,0.,1.));
#100 = DEFINITIONAL_REPRESENTATION('',(#101),#104);
#101 = B_SPLINE_CURVE_WITH_KNOTS('',1,(#102,#103),.UNSPECIFIED.,.F.,.F.,
  (2,2),(-7.9,-6.9),.PIECEWISE_BEZIER_KNOTS.);
#102 = CARTESIAN_POINT('',(1.2,-21.42050807568));
#103 = CARTESIAN_POINT('',(2.2,-21.42050807568));
#104 = ( GEOMETRIC_REPRESENTATION_CONTEXT(2) 
PARAMETRIC_REPRESENTATION_CONTEXT() REPRESENTATION_CONTEXT('2D SPACE',''
  ) );
#105 = ORIENTED_EDGE('',*,*,#106,.F.);
#106 = EDGE_CURVE('',#107,#81,#109,.T.);
#107 = VERTEX_POINT('',#108);
#108 = CARTESIAN_POINT('',(17.5,71.120508075689,2.));
#109 = SURFACE_CURVE('',#110,(#114,#121),.PCURVE_S1.);
#110 = LINE('',#111,#112);
#111 = CARTESIAN_POINT('',(4.440892098501E-15,71.120508075689,2.));
#112 = VECTOR('',#113,1.);
#113 = DIRECTION('',(-1.,3.944304526105E-31,5.947623346206E-16));
#114 = PCURVE('',#32,#115);
#115 = DEFINITIONAL_REPRESENTATION('',(#116),#120);
#116 = LINE('',#117,#118);
#117 = CARTESIAN_POINT('',(4.440892098501E-15,-17.));
#118 = VECTOR('',#119,1.);
#119 = DIRECTION('',(-1.,5.947623346206E-16));
#120 = ( GEOMETRIC_REPRESENTATION_CONTEXT(2) 
PARAMETRIC_REPRESENTATION_CONTEXT() REPRESENTATION_CONTEXT('2D SPACE',''
  ) );
#121 = PCURVE('',#122,#127);
#122 = PLANE('',#123);
#123 = AXIS2_PLACEMENT_3D('',#124,#125,#126);
#124 = CARTESIAN_POINT('',(4.440892098501E-15,17.320508075689,2.));
#125 = DIRECTION('',(-5.947623346206E-16,-1.110223024625E-16,-1.));
#126 = DIRECTION('',(0.,1.,-1.110223024625E-16));
#127 = DEFINITIONAL_REPRESENTATION('',(#128),#132);
#128 = LINE('',#129,#130);
#129 = CARTESIAN_POINT('',(53.8,4.226040563684E-30));
#130 = VECTOR('',#131,1.);
#131 = DIRECTION('',(3.283985688029E-31,-1.));
#132 = ( GEOMETRIC_REPRESENTATION_CONTEXT(2) 
PARAMETRIC_REPRESENTATION_CONTEXT() REPRESENTATION_CONTEXT('2D SPACE',''
  ) );
#133 = ORIENTED_EDGE('',*,*,#134,.T.);
#134 = EDGE_CURVE('',#107,#135,#137,.T.);
#135 = VERTEX_POINT('',#136);
#136 = CARTESIAN_POINT('',(22.5,71.120508075689,7.));
#137 = SURFACE_CURVE('',#138,(#143,#150),.PCURVE_S1.);
#138 = CIRCLE('',#139,5.);
#139 = AXIS2_PLACEMENT_3D('',#140,#141,#142);
#140 = CARTESIAN_POINT('',(17.5,71.120508075689,7.));
#141 = DIRECTION('',(0.,-1.,1.110223024625E-16));
#142 = DIRECTION('',(0.,-1.110223024625E-16,-1.));
#143 = PCURVE('',#32,#144);
#144 = DEFINITIONAL_REPRESENTATION('',(#145),#149);
#145 = CIRCLE('',#146,5.);
#146 = AXIS2_PLACEMENT_2D('',#147,#148);
#147 = CARTESIAN_POINT('',(17.5,-12.));
#148 = DIRECTION('',(0.,-1.));
#149 = ( GEOMETRIC_REPRESENTATION_CONTEXT(2) 
PARAMETRIC_REPRESENTATION_CONTEXT() REPRESENTATION_CONTEXT('2D SPACE',''
  ) );
#150 = PCURVE('',#151,#156);
#151 = CYLINDRICAL_SURFACE('',#152,5.);
#152 = AXIS2_PLACEMENT_3D('',#153,#154,#155);
#153 = CARTESIAN_POINT('',(17.5,17.320508075689,7.));
#154 = DIRECTION('',(0.,1.,-1.110223024625E-16));
#155 = DIRECTION('',(0.,1.110223024625E-16,1.));
#156 = DEFINITIONAL_REPRESENTATION('',(#157),#161);
#157 = LINE('',#158,#159);
#158 = CARTESIAN_POINT('',(3.14159265359,53.8));
#159 = VECTOR('',#160,1.);
#160 = DIRECTION('',(-1.,4.52345554697E-15));
#161 = ( GEOMETRIC_REPRESENTATION_CONTEXT(2) 
PARAMETRIC_REPRESENTATION_CONTEXT() REPRESENTATION_CONTEXT('2D SPACE',''
  ) );
#162 = ORIENTED_EDGE('',*,*,#163,.F.);
#163 = EDGE_CURVE('',#164,#135,#166,.T.);
#164 = VERTEX_POINT('',#165);
#165 = CARTESIAN_POINT('',(22.5,71.120508075689,31.));
#166 = SURFACE_CURVE('',#167,(#171,#178),.PCURVE_S1.);
#167 = LINE('',#168,#169);
#168 = CARTESIAN_POINT('',(22.5,71.120508075689,26.454482671904));
#169 = VECTOR('',#170,1.);
#170 = DIRECTION('',(-5.007715329124E-16,-1.110223024625E-16,-1.));
#171 = PCURVE('',#32,#172);
#172 = DEFINITIONAL_REPRESENTATION('',(#173),#177);
#173 = LINE('',#174,#175);
#174 = CARTESIAN_POINT('',(22.5,7.454482671904));
#175 = VECTOR('',#176,1.);
#176 = DIRECTION('',(-5.007715329124E-16,-1.));
#177 = ( GEOMETRIC_REPRESENTATION_CONTEXT(2) 
PARAMETRIC_REPRESENTATION_CONTEXT() REPRESENTATION_CONTEXT('2D SPACE',''
  ) );
#178 = PCURVE('',#179,#184);
#179 = PLANE('',#180);
#180 = AXIS2_PLACEMENT_3D('',#181,#182,#183);
#181 = CARTESIAN_POINT('',(22.5,9.5,26.454482671904));
#182 = DIRECTION('',(1.,-2.891205793295E-16,-5.007715329124E-16));
#183 = DIRECTION('',(-5.782411586589E-16,-0.5,-0.866025403784));
#184 = DEFINITIONAL_REPRESENTATION('',(#185),#189);
#185 = LINE('',#186,#187);
#186 = CARTESIAN_POINT('',(-30.81025403784,53.364925387651));
#187 = VECTOR('',#188,1.);
#188 = DIRECTION('',(0.866025403784,0.5));
#189 = ( GEOMETRIC_REPRESENTATION_CONTEXT(2) 
PARAMETRIC_REPRESENTATION_CONTEXT() REPRESENTATION_CONTEXT('2D SPACE',''
  ) );
#190 = ORIENTED_EDGE('',*,*,#191,.T.);
#191 = EDGE_CURVE('',#164,#192,#194,.T.);
#192 = VERTEX_POINT('',#193);
#193 = CARTESIAN_POINT('',(17.5,71.120508075689,36.));
#194 = SURFACE_CURVE('',#195,(#200,#207),.PCURVE_S1.);
#195 = CIRCLE('',#196,5.);
#196 = AXIS2_PLACEMENT_3D('',#197,#198,#199);
#197 = CARTESIAN_POINT('',(17.5,71.120508075689,31.));
#198 = DIRECTION('',(0.,-1.,1.110223024625E-16));
#199 = DIRECTION('',(0.,-1.110223024625E-16,-1.));
#200 = PCURVE('',#32,#201);
#201 = DEFINITIONAL_REPRESENTATION('',(#202),#206);
#202 = CIRCLE('',#203,5.);
#203 = AXIS2_PLACEMENT_2D('',#204,#205);
#204 = CARTESIAN_POINT('',(17.5,12.));
#205 = DIRECTION('',(0.,-1.));
#206 = ( GEOMETRIC_REPRESENTATION_CONTEXT(2) 
PARAMETRIC_REPRESENTATION_CONTEXT() REPRESENTATION_CONTEXT('2D SPACE',''
  ) );
#207 = PCURVE('',#208,#213);
#208 = CYLINDRICAL_SURFACE('',#209,5.);
#209 = AXIS2_PLACEMENT_3D('',#210,#211,#212);
#210 = CARTESIAN_POINT('',(17.5,17.320508075689,31.));
#211 = DIRECTION('',(0.,1.,-1.110223024625E-16));
#212 = DIRECTION('',(0.,1.110223024625E-16,1.));
#213 = DEFINITIONAL_REPRESENTATION('',(#214),#218);
#214 = LINE('',#215,#216);
#215 = CARTESIAN_POINT('',(3.14159265359,53.8));
#216 = VECTOR('',#217,1.);
#217 = DIRECTION('',(-1.,9.046911093941E-15));
#218 = ( GEOMETRIC_REPRESENTATION_CONTEXT(2) 
PARAMETRIC_REPRESENTATION_CONTEXT() REPRESENTATION_CONTEXT('2D SPACE',''
  ) );
#219 = ORIENTED_EDGE('',*,*,#220,.F.);
#220 = EDGE_CURVE('',#221,#192,#223,.T.);
#221 = VERTEX_POINT('',#222);
#222 = CARTESIAN_POINT('',(-17.5,71.120508075689,36.));
#223 = SURFACE_CURVE('',#224,(#228,#235),.PCURVE_S1.);
#224 = LINE('',#225,#226);
#225 = CARTESIAN_POINT('',(-8.881784197001E-16,71.120508075689,36.));
#226 = VECTOR('',#227,1.);
#227 = DIRECTION('',(1.,-8.874685183736E-31,-5.947623346206E-16));
#228 = PCURVE('',#32,#229);
#229 = DEFINITIONAL_REPRESENTATION('',(#230),#234);
#230 = LINE('',#231,#232);
#231 = CARTESIAN_POINT('',(-8.881784197001E-16,17.));
#232 = VECTOR('',#233,1.);
#233 = DIRECTION('',(1.,-5.947623346206E-16));
#234 = ( GEOMETRIC_REPRESENTATION_CONTEXT(2) 
PARAMETRIC_REPRESENTATION_CONTEXT() REPRESENTATION_CONTEXT('2D SPACE',''
  ) );
#235 = PCURVE('',#236,#241);
#236 = PLANE('',#237);
#237 = AXIS2_PLACEMENT_3D('',#238,#239,#240);
#238 = CARTESIAN_POINT('',(-8.881784197001E-16,17.320508075689,36.));
#239 = DIRECTION('',(5.947623346206E-16,1.110223024625E-16,1.));
#240 = DIRECTION('',(0.,-1.,1.110223024625E-16));
#241 = DEFINITIONAL_REPRESENTATION('',(#242),#246);
#242 = LINE('',#243,#244);
#243 = CARTESIAN_POINT('',(-53.8,3.169530422763E-30));
#244 = VECTOR('',#245,1.);
#245 = DIRECTION('',(8.214366345661E-31,1.));
#246 = ( GEOMETRIC_REPRESENTATION_CONTEXT(2) 
PARAMETRIC_REPRESENTATION_CONTEXT() REPRESENTATION_CONTEXT('2D SPACE',''
  ) );
#247 = ORIENTED_EDGE('',*,*,#248,.T.);
#248 = EDGE_CURVE('',#221,#249,#251,.T.);
#249 = VERTEX_POINT('',#250);
#250 = CARTESIAN_POINT('',(-22.5,71.120508075689,31.));
#251 = SURFACE_CURVE('',#252,(#257,#264),.PCURVE_S1.);
#252 = CIRCLE('',#253,5.);
#253 = AXIS2_PLACEMENT_3D('',#254,#255,#256);
#254 = CARTESIAN_POINT('',(-17.5,71.120508075689,31.));
#255 = DIRECTION('',(0.,-1.,1.110223024625E-16));
#256 = DIRECTION('',(0.,-1.110223024625E-16,-1.));
#257 = PCURVE('',#32,#258);
#258 = DEFINITIONAL_REPRESENTATION('',(#259),#263);
#259 = CIRCLE('',#260,5.);
#260 = AXIS2_PLACEMENT_2D('',#261,#262);
#261 = CARTESIAN_POINT('',(-17.5,12.));
#262 = DIRECTION('',(0.,-1.));
#263 = ( GEOMETRIC_REPRESENTATION_CONTEXT(2) 
PARAMETRIC_REPRESENTATION_CONTEXT() REPRESENTATION_CONTEXT('2D SPACE',''
  ) );
#264 = PCURVE('',#265,#270);
#265 = CYLINDRICAL_SURFACE('',#266,5.);
#266 = AXIS2_PLACEMENT_3D('',#267,#268,#269);
#267 = CARTESIAN_POINT('',(-17.5,17.320508075689,31.));
#268 = DIRECTION('',(0.,1.,-1.110223024625E-16));
#269 = DIRECTION('',(0.,1.110223024625E-16,1.));
#270 = DEFINITIONAL_REPRESENTATION('',(#271),#275);
#271 = LINE('',#272,#273);
#272 = CARTESIAN_POINT('',(9.424777960769,53.8));
#273 = VECTOR('',#274,1.);
#274 = DIRECTION('',(-1.,0.));
#275 = ( GEOMETRIC_REPRESENTATION_CONTEXT(2) 
PARAMETRIC_REPRESENTATION_CONTEXT() REPRESENTATION_CONTEXT('2D SPACE',''
  ) );
#276 = ORIENTED_EDGE('',*,*,#277,.F.);
#277 = EDGE_CURVE('',#278,#249,#280,.T.);
#278 = VERTEX_POINT('',#279);
#279 = CARTESIAN_POINT('',(-22.5,71.120508075689,7.));
#280 = SURFACE_CURVE('',#281,(#285,#292),.PCURVE_S1.);
#281 = LINE('',#282,#283);
#282 = CARTESIAN_POINT('',(-22.5,71.120508075689,26.454482671904));
#283 = VECTOR('',#284,1.);
#284 = DIRECTION('',(5.007715329124E-16,1.110223024625E-16,1.));
#285 = PCURVE('',#32,#286);
#286 = DEFINITIONAL_REPRESENTATION('',(#287),#291);
#287 = LINE('',#288,#289);
#288 = CARTESIAN_POINT('',(-22.5,7.454482671904));
#289 = VECTOR('',#290,1.);
#290 = DIRECTION('',(5.007715329124E-16,1.));
#291 = ( GEOMETRIC_REPRESENTATION_CONTEXT(2) 
PARAMETRIC_REPRESENTATION_CONTEXT() REPRESENTATION_CONTEXT('2D SPACE',''
  ) );
#292 = PCURVE('',#293,#298);
#293 = PLANE('',#294);
#294 = AXIS2_PLACEMENT_3D('',#295,#296,#297);
#295 = CARTESIAN_POINT('',(-22.5,9.5,26.454482671904));
#296 = DIRECTION('',(-1.,2.891205793295E-16,5.007715329124E-16));
#297 = DIRECTION('',(5.782411586589E-16,0.5,0.866025403784));
#298 = DEFINITIONAL_REPRESENTATION('',(#299),#303);
#299 = LINE('',#300,#301);
#300 = CARTESIAN_POINT('',(30.810254037844,53.364925387651));
#301 = VECTOR('',#302,1.);
#302 = DIRECTION('',(0.866025403784,-0.5));
#303 = ( GEOMETRIC_REPRESENTATION_CONTEXT(2) 
PARAMETRIC_REPRESENTATION_CONTEXT() REPRESENTATION_CONTEXT('2D SPACE',''
  ) );
#304 = ORIENTED_EDGE('',*,*,#305,.T.);
#305 = EDGE_CURVE('',#278,#306,#308,.T.);
#306 = VERTEX_POINT('',#307);
#307 = CARTESIAN_POINT('',(-17.5,71.120508075689,2.));
#308 = SURFACE_CURVE('',#309,(#314,#321),.PCURVE_S1.);
#309 = CIRCLE('',#310,5.);
#310 = AXIS2_PLACEMENT_3D('',#311,#312,#313);
#311 = CARTESIAN_POINT('',(-17.5,71.120508075689,7.));
#312 = DIRECTION('',(0.,-1.,1.110223024625E-16));
#313 = DIRECTION('',(0.,-1.110223024625E-16,-1.));
#314 = PCURVE('',#32,#315);
#315 = DEFINITIONAL_REPRESENTATION('',(#316),#320);
#316 = CIRCLE('',#317,5.);
#317 = AXIS2_PLACEMENT_2D('',#318,#319);
#318 = CARTESIAN_POINT('',(-17.5,-12.));
#319 = DIRECTION('',(0.,-1.));
#320 = ( GEOMETRIC_REPRESENTATION_CONTEXT(2) 
PARAMETRIC_REPRESENTATION_CONTEXT() REPRESENTATION_CONTEXT('2D SPACE',''
  ) );
#321 = PCURVE('',#322,#327);
#322 = CYLINDRICAL_SURFACE('',#323,5.);
#323 = AXIS2_PLACEMENT_3D('',#324,#325,#326);
#324 = CARTESIAN_POINT('',(-17.5,17.320508075689,7.));
#325 = DIRECTION('',(0.,1.,-1.110223024625E-16));
#326 = DIRECTION('',(0.,1.110223024625E-16,1.));
#327 = DEFINITIONAL_REPRESENTATION('',(#328),#332);
#328 = LINE('',#329,#330);
#329 = CARTESIAN_POINT('',(9.424777960769,53.8));
#330 = VECTOR('',#331,1.);
#331 = DIRECTION('',(-1.,-4.52345554697E-15));
#332 = ( GEOMETRIC_REPRESENTATION_CONTEXT(2) 
PARAMETRIC_REPRESENTATION_CONTEXT() REPRESENTATION_CONTEXT('2D SPACE',''
  ) );
#333 = ORIENTED_EDGE('',*,*,#334,.F.);
#334 = EDGE_CURVE('',#335,#306,#337,.T.);
#335 = VERTEX_POINT('',#336);
#336 = CARTESIAN_POINT('',(-9.2,71.120508075689,2.));
#337 = SURFACE_CURVE('',#338,(#342,#349),.PCURVE_S1.);
#338 = LINE('',#339,#340);
#339 = CARTESIAN_POINT('',(4.440892098501E-15,71.120508075689,2.));
#340 = VECTOR('',#341,1.);
#341 = DIRECTION('',(-1.,3.944304526105E-31,5.947623346206E-16));
#342 = PCURVE('',#32,#343);
#343 = DEFINITIONAL_REPRESENTATION('',(#344),#348);
#344 = LINE('',#345,#346);
#345 = CARTESIAN_POINT('',(4.440892098501E-15,-17.));
#346 = VECTOR('',#347,1.);
#347 = DIRECTION('',(-1.,5.947623346206E-16));
#348 = ( GEOMETRIC_REPRESENTATION_CONTEXT(2) 
PARAMETRIC_REPRESENTATION_CONTEXT() REPRESENTATION_CONTEXT('2D SPACE',''
  ) );
#349 = PCURVE('',#122,#350);
#350 = DEFINITIONAL_REPRESENTATION('',(#351),#355);
#351 = LINE('',#352,#353);
#352 = CARTESIAN_POINT('',(53.8,4.226040563684E-30));
#353 = VECTOR('',#354,1.);
#354 = DIRECTION('',(3.283985688029E-31,-1.));
#355 = ( GEOMETRIC_REPRESENTATION_CONTEXT(2) 
PARAMETRIC_REPRESENTATION_CONTEXT() REPRESENTATION_CONTEXT('2D SPACE',''
  ) );
#356 = ORIENTED_EDGE('',*,*,#357,.T.);
#357 = EDGE_CURVE('',#335,#358,#360,.T.);
#358 = VERTEX_POINT('',#359);
#359 = CARTESIAN_POINT('',(-9.2,71.120508075689,3.));
#360 = SURFACE_CURVE('',#361,(#365,#371),.PCURVE_S1.);
#361 = LINE('',#362,#363);
#362 = CARTESIAN_POINT('',(-9.2,71.120508075689,9.9));
#363 = VECTOR('',#364,1.);
#364 = DIRECTION('',(0.,1.110223024625E-16,1.));
#365 = PCURVE('',#32,#366);
#366 = DEFINITIONAL_REPRESENTATION('',(#367),#370);
#367 = B_SPLINE_CURVE_WITH_KNOTS('',1,(#368,#369),.UNSPECIFIED.,.F.,.F.,
  (2,2),(-7.9,-6.9),.PIECEWISE_BEZIER_KNOTS.);
#368 = CARTESIAN_POINT('',(-9.2,-17.));
#369 = CARTESIAN_POINT('',(-9.2,-16.));
#370 = ( GEOMETRIC_REPRESENTATION_CONTEXT(2) 
PARAMETRIC_REPRESENTATION_CONTEXT() REPRESENTATION_CONTEXT('2D SPACE',''
  ) );
#371 = PCURVE('',#372,#377);
#372 = PLANE('',#373);
#373 = AXIS2_PLACEMENT_3D('',#374,#375,#376);
#374 = CARTESIAN_POINT('',(-9.2,49.7,0.8));
#375 = DIRECTION('',(1.,0.,-0.));
#376 = DIRECTION('',(0.,0.,1.));
#377 = DEFINITIONAL_REPRESENTATION('',(#378),#381);
#378 = B_SPLINE_CURVE_WITH_KNOTS('',1,(#379,#380),.UNSPECIFIED.,.F.,.F.,
  (2,2),(-7.9,-6.9),.PIECEWISE_BEZIER_KNOTS.);
#379 = CARTESIAN_POINT('',(1.2,-21.42050807568));
#380 = CARTESIAN_POINT('',(2.2,-21.42050807568));
#381 = ( GEOMETRIC_REPRESENTATION_CONTEXT(2) 
PARAMETRIC_REPRESENTATION_CONTEXT() REPRESENTATION_CONTEXT('2D SPACE',''
  ) );
#382 = ORIENTED_EDGE('',*,*,#383,.F.);
#383 = EDGE_CURVE('',#384,#358,#386,.T.);
#384 = VERTEX_POINT('',#385);
#385 = CARTESIAN_POINT('',(-4.9,71.120508075689,3.));
#386 = SURFACE_CURVE('',#387,(#391,#397),.PCURVE_S1.);
#387 = LINE('',#388,#389);
#388 = CARTESIAN_POINT('',(-4.6,71.120508075689,3.));
#389 = VECTOR('',#390,1.);
#390 = DIRECTION('',(-1.,0.,0.));
#391 = PCURVE('',#32,#392);
#392 = DEFINITIONAL_REPRESENTATION('',(#393),#396);
#393 = B_SPLINE_CURVE_WITH_KNOTS('',1,(#394,#395),.UNSPECIFIED.,.F.,.F.,
  (2,2),(-13.8,4.6),.PIECEWISE_BEZIER_KNOTS.);
#394 = CARTESIAN_POINT('',(9.2,-16.));
#395 = CARTESIAN_POINT('',(-9.2,-16.));
#396 = ( GEOMETRIC_REPRESENTATION_CONTEXT(2) 
PARAMETRIC_REPRESENTATION_CONTEXT() REPRESENTATION_CONTEXT('2D SPACE',''
  ) );
#397 = PCURVE('',#398,#403);
#398 = PLANE('',#399);
#399 = AXIS2_PLACEMENT_3D('',#400,#401,#402);
#400 = CARTESIAN_POINT('',(-9.2,49.7,3.));
#401 = DIRECTION('',(0.,0.,1.));
#402 = DIRECTION('',(1.,0.,-0.));
#403 = DEFINITIONAL_REPRESENTATION('',(#404),#407);
#404 = B_SPLINE_CURVE_WITH_KNOTS('',1,(#405,#406),.UNSPECIFIED.,.F.,.F.,
  (2,2),(-13.8,4.6),.PIECEWISE_BEZIER_KNOTS.);
#405 = CARTESIAN_POINT('',(18.4,21.420508075689));
#406 = CARTESIAN_POINT('',(0.,21.420508075689));
#407 = ( GEOMETRIC_REPRESENTATION_CONTEXT(2) 
PARAMETRIC_REPRESENTATION_CONTEXT() REPRESENTATION_CONTEXT('2D SPACE',''
  ) );
#408 = ORIENTED_EDGE('',*,*,#409,.T.);
#409 = EDGE_CURVE('',#384,#410,#412,.T.);
#410 = VERTEX_POINT('',#411);
#411 = CARTESIAN_POINT('',(-4.9,71.120508075689,5.05));
#412 = SURFACE_CURVE('',#413,(#417,#423),.PCURVE_S1.);
#413 = LINE('',#414,#415);
#414 = CARTESIAN_POINT('',(-4.9,71.120508075689,12.525));
#415 = VECTOR('',#416,1.);
#416 = DIRECTION('',(-0.,1.110223024625E-16,1.));
#417 = PCURVE('',#32,#418);
#418 = DEFINITIONAL_REPRESENTATION('',(#419),#422);
#419 = B_SPLINE_CURVE_WITH_KNOTS('',1,(#420,#421),.UNSPECIFIED.,.F.,.F.,
  (2,2),(-10.075,-7.475),.PIECEWISE_BEZIER_KNOTS.);
#420 = CARTESIAN_POINT('',(-4.9,-16.55));
#421 = CARTESIAN_POINT('',(-4.9,-13.95));
#422 = ( GEOMETRIC_REPRESENTATION_CONTEXT(2) 
PARAMETRIC_REPRESENTATION_CONTEXT() REPRESENTATION_CONTEXT('2D SPACE',''
  ) );
#423 = PCURVE('',#424,#429);
#424 = PLANE('',#425);
#425 = AXIS2_PLACEMENT_3D('',#426,#427,#428);
#426 = CARTESIAN_POINT('',(-4.9,76.,6.05));
#427 = DIRECTION('',(1.,0.,0.));
#428 = DIRECTION('',(0.,0.,-1.));
#429 = DEFINITIONAL_REPRESENTATION('',(#430),#433);
#430 = B_SPLINE_CURVE_WITH_KNOTS('',1,(#431,#432),.UNSPECIFIED.,.F.,.F.,
  (2,2),(-10.075,-7.475),.PIECEWISE_BEZIER_KNOTS.);
#431 = CARTESIAN_POINT('',(3.6,-4.879491924311));
#432 = CARTESIAN_POINT('',(1.,-4.879491924311));
#433 = ( GEOMETRIC_REPRESENTATION_CONTEXT(2) 
PARAMETRIC_REPRESENTATION_CONTEXT() REPRESENTATION_CONTEXT('2D SPACE',''
  ) );
#434 = ORIENTED_EDGE('',*,*,#435,.F.);
#435 = EDGE_CURVE('',#436,#410,#438,.T.);
#436 = VERTEX_POINT('',#437);
#437 = CARTESIAN_POINT('',(-3.9,71.120508075689,6.05));
#438 = SURFACE_CURVE('',#439,(#444,#451),.PCURVE_S1.);
#439 = CIRCLE('',#440,1.);
#440 = AXIS2_PLACEMENT_3D('',#441,#442,#443);
#441 = CARTESIAN_POINT('',(-3.9,71.120508075689,5.05));
#442 = DIRECTION('',(0.,-1.,0.));
#443 = DIRECTION('',(-0.,0.,1.));
#444 = PCURVE('',#32,#445);
#445 = DEFINITIONAL_REPRESENTATION('',(#446),#450);
#446 = CIRCLE('',#447,1.);
#447 = AXIS2_PLACEMENT_2D('',#448,#449);
#448 = CARTESIAN_POINT('',(-3.9,-13.95));
#449 = DIRECTION('',(0.,1.));
#450 = ( GEOMETRIC_REPRESENTATION_CONTEXT(2) 
PARAMETRIC_REPRESENTATION_CONTEXT() REPRESENTATION_CONTEXT('2D SPACE',''
  ) );
#451 = PCURVE('',#452,#457);
#452 = CYLINDRICAL_SURFACE('',#453,1.);
#453 = AXIS2_PLACEMENT_3D('',#454,#455,#456);
#454 = CARTESIAN_POINT('',(-3.9,76.,5.05));
#455 = DIRECTION('',(0.,-1.,0.));
#456 = DIRECTION('',(-0.,0.,1.));
#457 = DEFINITIONAL_REPRESENTATION('',(#458),#462);
#458 = LINE('',#459,#460);
#459 = CARTESIAN_POINT('',(0.,4.879491924311));
#460 = VECTOR('',#461,1.);
#461 = DIRECTION('',(1.,0.));
#462 = ( GEOMETRIC_REPRESENTATION_CONTEXT(2) 
PARAMETRIC_REPRESENTATION_CONTEXT() REPRESENTATION_CONTEXT('2D SPACE',''
  ) );
#463 = ORIENTED_EDGE('',*,*,#464,.T.);
#464 = EDGE_CURVE('',#436,#465,#467,.T.);
#465 = VERTEX_POINT('',#466);
#466 = CARTESIAN_POINT('',(3.9,71.120508075689,6.05));
#467 = SURFACE_CURVE('',#468,(#472,#478),.PCURVE_S1.);
#468 = LINE('',#469,#470);
#469 = CARTESIAN_POINT('',(2.45,71.120508075689,6.05));
#470 = VECTOR('',#471,1.);
#471 = DIRECTION('',(1.,0.,-0.));
#472 = PCURVE('',#32,#473);
#473 = DEFINITIONAL_REPRESENTATION('',(#474),#477);
#474 = B_SPLINE_CURVE_WITH_KNOTS('',1,(#475,#476),.UNSPECIFIED.,.F.,.F.,
  (2,2),(-6.35,1.45),.PIECEWISE_BEZIER_KNOTS.);
#475 = CARTESIAN_POINT('',(-3.9,-12.95));
#476 = CARTESIAN_POINT('',(3.9,-12.95));
#477 = ( GEOMETRIC_REPRESENTATION_CONTEXT(2) 
PARAMETRIC_REPRESENTATION_CONTEXT() REPRESENTATION_CONTEXT('2D SPACE',''
  ) );
#478 = PCURVE('',#479,#484);
#479 = PLANE('',#480);
#480 = AXIS2_PLACEMENT_3D('',#481,#482,#483);
#481 = CARTESIAN_POINT('',(4.9,76.,6.05));
#482 = DIRECTION('',(-0.,-0.,-1.));
#483 = DIRECTION('',(-1.,0.,0.));
#484 = DEFINITIONAL_REPRESENTATION('',(#485),#488);
#485 = B_SPLINE_CURVE_WITH_KNOTS('',1,(#486,#487),.UNSPECIFIED.,.F.,.F.,
  (2,2),(-6.35,1.45),.PIECEWISE_BEZIER_KNOTS.);
#486 = CARTESIAN_POINT('',(8.8,-4.879491924311));
#487 = CARTESIAN_POINT('',(1.,-4.879491924311));
#488 = ( GEOMETRIC_REPRESENTATION_CONTEXT(2) 
PARAMETRIC_REPRESENTATION_CONTEXT() REPRESENTATION_CONTEXT('2D SPACE',''
  ) );
#489 = ORIENTED_EDGE('',*,*,#490,.F.);
#490 = EDGE_CURVE('',#22,#465,#491,.T.);
#491 = SURFACE_CURVE('',#492,(#497,#504),.PCURVE_S1.);
#492 = CIRCLE('',#493,1.);
#493 = AXIS2_PLACEMENT_3D('',#494,#495,#496);
#494 = CARTESIAN_POINT('',(3.9,71.120508075689,5.05));
#495 = DIRECTION('',(0.,-1.,0.));
#496 = DIRECTION('',(1.,0.,0.));
#497 = PCURVE('',#32,#498);
#498 = DEFINITIONAL_REPRESENTATION('',(#499),#503);
#499 = CIRCLE('',#500,1.);
#500 = AXIS2_PLACEMENT_2D('',#501,#502);
#501 = CARTESIAN_POINT('',(3.9,-13.95));
#502 = DIRECTION('',(1.,0.));
#503 = ( GEOMETRIC_REPRESENTATION_CONTEXT(2) 
PARAMETRIC_REPRESENTATION_CONTEXT() REPRESENTATION_CONTEXT('2D SPACE',''
  ) );
#504 = PCURVE('',#505,#510);
#505 = CYLINDRICAL_SURFACE('',#506,1.);
#506 = AXIS2_PLACEMENT_3D('',#507,#508,#509);
#507 = CARTESIAN_POINT('',(3.9,76.,5.05));
#508 = DIRECTION('',(0.,-1.,0.));
#509 = DIRECTION('',(1.,0.,-0.));
#510 = DEFINITIONAL_REPRESENTATION('',(#511),#515);
#511 = LINE('',#512,#513);
#512 = CARTESIAN_POINT('',(0.,4.879491924311));
#513 = VECTOR('',#514,1.);
#514 = DIRECTION('',(1.,0.));
#515 = ( GEOMETRIC_REPRESENTATION_CONTEXT(2) 
PARAMETRIC_REPRESENTATION_CONTEXT() REPRESENTATION_CONTEXT('2D SPACE',''
  ) );
#516 = ADVANCED_FACE('',(#517),#43,.T.);
#517 = FACE_BOUND('',#518,.T.);
#518 = EDGE_LOOP('',(#519,#547,#575,#601,#620,#621));
#519 = ORIENTED_EDGE('',*,*,#520,.T.);
#520 = EDGE_CURVE('',#521,#523,#525,.T.);
#521 = VERTEX_POINT('',#522);
#522 = CARTESIAN_POINT('',(4.9,72.320508075689,5.05));
#523 = VERTEX_POINT('',#524);
#524 = CARTESIAN_POINT('',(4.9,72.320508075689,2.45));
#525 = SURFACE_CURVE('',#526,(#530,#536),.PCURVE_S1.);
#526 = LINE('',#527,#528);
#527 = CARTESIAN_POINT('',(4.9,72.320508075689,10.225));
#528 = VECTOR('',#529,1.);
#529 = DIRECTION('',(-0.,-1.110223024625E-16,-1.));
#530 = PCURVE('',#43,#531);
#531 = DEFINITIONAL_REPRESENTATION('',(#532),#535);
#532 = B_SPLINE_CURVE_WITH_KNOTS('',1,(#533,#534),.UNSPECIFIED.,.F.,.F.,
  (2,2),(5.175,7.775),.PIECEWISE_BEZIER_KNOTS.);
#533 = CARTESIAN_POINT('',(3.6,-3.679491924311));
#534 = CARTESIAN_POINT('',(1.,-3.679491924311));
#535 = ( GEOMETRIC_REPRESENTATION_CONTEXT(2) 
PARAMETRIC_REPRESENTATION_CONTEXT() REPRESENTATION_CONTEXT('2D SPACE',''
  ) );
#536 = PCURVE('',#537,#542);
#537 = PLANE('',#538);
#538 = AXIS2_PLACEMENT_3D('',#539,#540,#541);
#539 = CARTESIAN_POINT('',(0.,72.320508075689,19.));
#540 = DIRECTION('',(0.,-1.,1.110223024625E-16));
#541 = DIRECTION('',(1.,0.,0.));
#542 = DEFINITIONAL_REPRESENTATION('',(#543),#546);
#543 = B_SPLINE_CURVE_WITH_KNOTS('',1,(#544,#545),.UNSPECIFIED.,.F.,.F.,
  (2,2),(5.175,7.775),.PIECEWISE_BEZIER_KNOTS.);
#544 = CARTESIAN_POINT('',(4.9,-13.95));
#545 = CARTESIAN_POINT('',(4.9,-16.55));
#546 = ( GEOMETRIC_REPRESENTATION_CONTEXT(2) 
PARAMETRIC_REPRESENTATION_CONTEXT() REPRESENTATION_CONTEXT('2D SPACE',''
  ) );
#547 = ORIENTED_EDGE('',*,*,#548,.T.);
#548 = EDGE_CURVE('',#523,#549,#551,.T.);
#549 = VERTEX_POINT('',#550);
#550 = CARTESIAN_POINT('',(4.9,71.15,2.45));
#551 = SURFACE_CURVE('',#552,(#556,#563),.PCURVE_S1.);
#552 = LINE('',#553,#554);
#553 = CARTESIAN_POINT('',(4.9,76.,2.45));
#554 = VECTOR('',#555,1.);
#555 = DIRECTION('',(0.,-1.,0.));
#556 = PCURVE('',#43,#557);
#557 = DEFINITIONAL_REPRESENTATION('',(#558),#562);
#558 = LINE('',#559,#560);
#559 = CARTESIAN_POINT('',(1.,0.));
#560 = VECTOR('',#561,1.);
#561 = DIRECTION('',(0.,-1.));
#562 = ( GEOMETRIC_REPRESENTATION_CONTEXT(2) 
PARAMETRIC_REPRESENTATION_CONTEXT() REPRESENTATION_CONTEXT('2D SPACE',''
  ) );
#563 = PCURVE('',#564,#569);
#564 = CYLINDRICAL_SURFACE('',#565,1.);
#565 = AXIS2_PLACEMENT_3D('',#566,#567,#568);
#566 = CARTESIAN_POINT('',(3.9,76.,2.45));
#567 = DIRECTION('',(0.,-1.,0.));
#568 = DIRECTION('',(0.,-0.,-1.));
#569 = DEFINITIONAL_REPRESENTATION('',(#570),#574);
#570 = LINE('',#571,#572);
#571 = CARTESIAN_POINT('',(1.570796326795,0.));
#572 = VECTOR('',#573,1.);
#573 = DIRECTION('',(0.,1.));
#574 = ( GEOMETRIC_REPRESENTATION_CONTEXT(2) 
PARAMETRIC_REPRESENTATION_CONTEXT() REPRESENTATION_CONTEXT('2D SPACE',''
  ) );
#575 = ORIENTED_EDGE('',*,*,#576,.T.);
#576 = EDGE_CURVE('',#549,#577,#579,.T.);
#577 = VERTEX_POINT('',#578);
#578 = CARTESIAN_POINT('',(4.9,71.15,3.));
#579 = SURFACE_CURVE('',#580,(#584,#590),.PCURVE_S1.);
#580 = LINE('',#581,#582);
#581 = CARTESIAN_POINT('',(4.9,71.15,1.125));
#582 = VECTOR('',#583,1.);
#583 = DIRECTION('',(0.,0.,1.));
#584 = PCURVE('',#43,#585);
#585 = DEFINITIONAL_REPRESENTATION('',(#586),#589);
#586 = B_SPLINE_CURVE_WITH_KNOTS('',1,(#587,#588),.UNSPECIFIED.,.F.,.F.,
  (2,2),(1.325,1.875),.PIECEWISE_BEZIER_KNOTS.);
#587 = CARTESIAN_POINT('',(1.,-4.85));
#588 = CARTESIAN_POINT('',(1.55,-4.85));
#589 = ( GEOMETRIC_REPRESENTATION_CONTEXT(2) 
PARAMETRIC_REPRESENTATION_CONTEXT() REPRESENTATION_CONTEXT('2D SPACE',''
  ) );
#590 = PCURVE('',#591,#596);
#591 = PLANE('',#592);
#592 = AXIS2_PLACEMENT_3D('',#593,#594,#595);
#593 = CARTESIAN_POINT('',(-9.2,71.15,0.8));
#594 = DIRECTION('',(-0.,1.,0.));
#595 = DIRECTION('',(0.,0.,1.));
#596 = DEFINITIONAL_REPRESENTATION('',(#597),#600);
#597 = B_SPLINE_CURVE_WITH_KNOTS('',1,(#598,#599),.UNSPECIFIED.,.F.,.F.,
  (2,2),(1.325,1.875),.PIECEWISE_BEZIER_KNOTS.);
#598 = CARTESIAN_POINT('',(1.65,14.1));
#599 = CARTESIAN_POINT('',(2.2,14.1));
#600 = ( GEOMETRIC_REPRESENTATION_CONTEXT(2) 
PARAMETRIC_REPRESENTATION_CONTEXT() REPRESENTATION_CONTEXT('2D SPACE',''
  ) );
#601 = ORIENTED_EDGE('',*,*,#602,.T.);
#602 = EDGE_CURVE('',#577,#24,#603,.T.);
#603 = SURFACE_CURVE('',#604,(#608,#614),.PCURVE_S1.);
#604 = LINE('',#605,#606);
#605 = CARTESIAN_POINT('',(4.9,62.85,3.));
#606 = VECTOR('',#607,1.);
#607 = DIRECTION('',(0.,-1.,0.));
#608 = PCURVE('',#43,#609);
#609 = DEFINITIONAL_REPRESENTATION('',(#610),#613);
#610 = B_SPLINE_CURVE_WITH_KNOTS('',1,(#611,#612),.UNSPECIFIED.,.F.,.F.,
  (2,2),(-8.3,-8.270508075689),.PIECEWISE_BEZIER_KNOTS.);
#611 = CARTESIAN_POINT('',(1.55,-4.85));
#612 = CARTESIAN_POINT('',(1.55,-4.879491924311));
#613 = ( GEOMETRIC_REPRESENTATION_CONTEXT(2) 
PARAMETRIC_REPRESENTATION_CONTEXT() REPRESENTATION_CONTEXT('2D SPACE',''
  ) );
#614 = PCURVE('',#69,#615);
#615 = DEFINITIONAL_REPRESENTATION('',(#616),#619);
#616 = B_SPLINE_CURVE_WITH_KNOTS('',1,(#617,#618),.UNSPECIFIED.,.F.,.F.,
  (2,2),(-8.3,-8.270508075689),.PIECEWISE_BEZIER_KNOTS.);
#617 = CARTESIAN_POINT('',(14.1,21.45));
#618 = CARTESIAN_POINT('',(14.1,21.420508075689));
#619 = ( GEOMETRIC_REPRESENTATION_CONTEXT(2) 
PARAMETRIC_REPRESENTATION_CONTEXT() REPRESENTATION_CONTEXT('2D SPACE',''
  ) );
#620 = ORIENTED_EDGE('',*,*,#21,.F.);
#621 = ORIENTED_EDGE('',*,*,#622,.F.);
#622 = EDGE_CURVE('',#521,#22,#623,.T.);
#623 = SURFACE_CURVE('',#624,(#628,#635),.PCURVE_S1.);
#624 = LINE('',#625,#626);
#625 = CARTESIAN_POINT('',(4.9,76.,5.05));
#626 = VECTOR('',#627,1.);
#627 = DIRECTION('',(0.,-1.,0.));
#628 = PCURVE('',#43,#629);
#629 = DEFINITIONAL_REPRESENTATION('',(#630),#634);
#630 = LINE('',#631,#632);
#631 = CARTESIAN_POINT('',(3.6,0.));
#632 = VECTOR('',#633,1.);
#633 = DIRECTION('',(0.,-1.));
#634 = ( GEOMETRIC_REPRESENTATION_CONTEXT(2) 
PARAMETRIC_REPRESENTATION_CONTEXT() REPRESENTATION_CONTEXT('2D SPACE',''
  ) );
#635 = PCURVE('',#505,#636);
#636 = DEFINITIONAL_REPRESENTATION('',(#637),#641);
#637 = LINE('',#638,#639);
#638 = CARTESIAN_POINT('',(0.,0.));
#639 = VECTOR('',#640,1.);
#640 = DIRECTION('',(0.,1.));
#641 = ( GEOMETRIC_REPRESENTATION_CONTEXT(2) 
PARAMETRIC_REPRESENTATION_CONTEXT() REPRESENTATION_CONTEXT('2D SPACE',''
  ) );
#642 = ADVANCED_FACE('',(#643),#505,.F.);
#643 = FACE_BOUND('',#644,.F.);
#644 = EDGE_LOOP('',(#645,#646,#670,#691));
#645 = ORIENTED_EDGE('',*,*,#622,.F.);
#646 = ORIENTED_EDGE('',*,*,#647,.T.);
#647 = EDGE_CURVE('',#521,#648,#650,.T.);
#648 = VERTEX_POINT('',#649);
#649 = CARTESIAN_POINT('',(3.9,72.320508075689,6.05));
#650 = SURFACE_CURVE('',#651,(#656,#663),.PCURVE_S1.);
#651 = CIRCLE('',#652,1.);
#652 = AXIS2_PLACEMENT_3D('',#653,#654,#655);
#653 = CARTESIAN_POINT('',(3.9,72.320508075689,5.05));
#654 = DIRECTION('',(0.,-1.,0.));
#655 = DIRECTION('',(1.,0.,0.));
#656 = PCURVE('',#505,#657);
#657 = DEFINITIONAL_REPRESENTATION('',(#658),#662);
#658 = LINE('',#659,#660);
#659 = CARTESIAN_POINT('',(0.,3.679491924311));
#660 = VECTOR('',#661,1.);
#661 = DIRECTION('',(1.,0.));
#662 = ( GEOMETRIC_REPRESENTATION_CONTEXT(2) 
PARAMETRIC_REPRESENTATION_CONTEXT() REPRESENTATION_CONTEXT('2D SPACE',''
  ) );
#663 = PCURVE('',#537,#664);
#664 = DEFINITIONAL_REPRESENTATION('',(#665),#669);
#665 = CIRCLE('',#666,1.);
#666 = AXIS2_PLACEMENT_2D('',#667,#668);
#667 = CARTESIAN_POINT('',(3.9,-13.95));
#668 = DIRECTION('',(1.,0.));
#669 = ( GEOMETRIC_REPRESENTATION_CONTEXT(2) 
PARAMETRIC_REPRESENTATION_CONTEXT() REPRESENTATION_CONTEXT('2D SPACE',''
  ) );
#670 = ORIENTED_EDGE('',*,*,#671,.T.);
#671 = EDGE_CURVE('',#648,#465,#672,.T.);
#672 = SURFACE_CURVE('',#673,(#677,#684),.PCURVE_S1.);
#673 = LINE('',#674,#675);
#674 = CARTESIAN_POINT('',(3.9,76.,6.05));
#675 = VECTOR('',#676,1.);
#676 = DIRECTION('',(0.,-1.,0.));
#677 = PCURVE('',#505,#678);
#678 = DEFINITIONAL_REPRESENTATION('',(#679),#683);
#679 = LINE('',#680,#681);
#680 = CARTESIAN_POINT('',(1.570796326795,0.));
#681 = VECTOR('',#682,1.);
#682 = DIRECTION('',(0.,1.));
#683 = ( GEOMETRIC_REPRESENTATION_CONTEXT(2) 
PARAMETRIC_REPRESENTATION_CONTEXT() REPRESENTATION_CONTEXT('2D SPACE',''
  ) );
#684 = PCURVE('',#479,#685);
#685 = DEFINITIONAL_REPRESENTATION('',(#686),#690);
#686 = LINE('',#687,#688);
#687 = CARTESIAN_POINT('',(1.,0.));
#688 = VECTOR('',#689,1.);
#689 = DIRECTION('',(0.,-1.));
#690 = ( GEOMETRIC_REPRESENTATION_CONTEXT(2) 
PARAMETRIC_REPRESENTATION_CONTEXT() REPRESENTATION_CONTEXT('2D SPACE',''
  ) );
#691 = ORIENTED_EDGE('',*,*,#490,.F.);
#692 = ADVANCED_FACE('',(#693),#479,.T.);
#693 = FACE_BOUND('',#694,.T.);
#694 = EDGE_LOOP('',(#695,#716,#717,#718));
#695 = ORIENTED_EDGE('',*,*,#696,.T.);
#696 = EDGE_CURVE('',#697,#648,#699,.T.);
#697 = VERTEX_POINT('',#698);
#698 = CARTESIAN_POINT('',(-3.9,72.320508075689,6.05));
#699 = SURFACE_CURVE('',#700,(#704,#710),.PCURVE_S1.);
#700 = LINE('',#701,#702);
#701 = CARTESIAN_POINT('',(2.45,72.320508075689,6.05));
#702 = VECTOR('',#703,1.);
#703 = DIRECTION('',(1.,0.,-0.));
#704 = PCURVE('',#479,#705);
#705 = DEFINITIONAL_REPRESENTATION('',(#706),#709);
#706 = B_SPLINE_CURVE_WITH_KNOTS('',1,(#707,#708),.UNSPECIFIED.,.F.,.F.,
  (2,2),(-6.35,1.45),.PIECEWISE_BEZIER_KNOTS.);
#707 = CARTESIAN_POINT('',(8.8,-3.679491924311));
#708 = CARTESIAN_POINT('',(1.,-3.679491924311));
#709 = ( GEOMETRIC_REPRESENTATION_CONTEXT(2) 
PARAMETRIC_REPRESENTATION_CONTEXT() REPRESENTATION_CONTEXT('2D SPACE',''
  ) );
#710 = PCURVE('',#537,#711);
#711 = DEFINITIONAL_REPRESENTATION('',(#712),#715);
#712 = B_SPLINE_CURVE_WITH_KNOTS('',1,(#713,#714),.UNSPECIFIED.,.F.,.F.,
  (2,2),(-6.35,1.45),.PIECEWISE_BEZIER_KNOTS.);
#713 = CARTESIAN_POINT('',(-3.9,-12.95));
#714 = CARTESIAN_POINT('',(3.9,-12.95));
#715 = ( GEOMETRIC_REPRESENTATION_CONTEXT(2) 
PARAMETRIC_REPRESENTATION_CONTEXT() REPRESENTATION_CONTEXT('2D SPACE',''
  ) );
#716 = ORIENTED_EDGE('',*,*,#671,.T.);
#717 = ORIENTED_EDGE('',*,*,#464,.F.);
#718 = ORIENTED_EDGE('',*,*,#719,.F.);
#719 = EDGE_CURVE('',#697,#436,#720,.T.);
#720 = SURFACE_CURVE('',#721,(#725,#732),.PCURVE_S1.);
#721 = LINE('',#722,#723);
#722 = CARTESIAN_POINT('',(-3.9,76.,6.05));
#723 = VECTOR('',#724,1.);
#724 = DIRECTION('',(0.,-1.,0.));
#725 = PCURVE('',#479,#726);
#726 = DEFINITIONAL_REPRESENTATION('',(#727),#731);
#727 = LINE('',#728,#729);
#728 = CARTESIAN_POINT('',(8.8,0.));
#729 = VECTOR('',#730,1.);
#730 = DIRECTION('',(0.,-1.));
#731 = ( GEOMETRIC_REPRESENTATION_CONTEXT(2) 
PARAMETRIC_REPRESENTATION_CONTEXT() REPRESENTATION_CONTEXT('2D SPACE',''
  ) );
#732 = PCURVE('',#452,#733);
#733 = DEFINITIONAL_REPRESENTATION('',(#734),#738);
#734 = LINE('',#735,#736);
#735 = CARTESIAN_POINT('',(0.,0.));
#736 = VECTOR('',#737,1.);
#737 = DIRECTION('',(0.,1.));
#738 = ( GEOMETRIC_REPRESENTATION_CONTEXT(2) 
PARAMETRIC_REPRESENTATION_CONTEXT() REPRESENTATION_CONTEXT('2D SPACE',''
  ) );
#739 = ADVANCED_FACE('',(#740),#452,.F.);
#740 = FACE_BOUND('',#741,.F.);
#741 = EDGE_LOOP('',(#742,#743,#767,#788));
#742 = ORIENTED_EDGE('',*,*,#719,.F.);
#743 = ORIENTED_EDGE('',*,*,#744,.T.);
#744 = EDGE_CURVE('',#697,#745,#747,.T.);
#745 = VERTEX_POINT('',#746);
#746 = CARTESIAN_POINT('',(-4.9,72.320508075689,5.05));
#747 = SURFACE_CURVE('',#748,(#753,#760),.PCURVE_S1.);
#748 = CIRCLE('',#749,1.);
#749 = AXIS2_PLACEMENT_3D('',#750,#751,#752);
#750 = CARTESIAN_POINT('',(-3.9,72.320508075689,5.05));
#751 = DIRECTION('',(0.,-1.,0.));
#752 = DIRECTION('',(-0.,0.,1.));
#753 = PCURVE('',#452,#754);
#754 = DEFINITIONAL_REPRESENTATION('',(#755),#759);
#755 = LINE('',#756,#757);
#756 = CARTESIAN_POINT('',(0.,3.679491924311));
#757 = VECTOR('',#758,1.);
#758 = DIRECTION('',(1.,0.));
#759 = ( GEOMETRIC_REPRESENTATION_CONTEXT(2) 
PARAMETRIC_REPRESENTATION_CONTEXT() REPRESENTATION_CONTEXT('2D SPACE',''
  ) );
#760 = PCURVE('',#537,#761);
#761 = DEFINITIONAL_REPRESENTATION('',(#762),#766);
#762 = CIRCLE('',#763,1.);
#763 = AXIS2_PLACEMENT_2D('',#764,#765);
#764 = CARTESIAN_POINT('',(-3.9,-13.95));
#765 = DIRECTION('',(0.,1.));
#766 = ( GEOMETRIC_REPRESENTATION_CONTEXT(2) 
PARAMETRIC_REPRESENTATION_CONTEXT() REPRESENTATION_CONTEXT('2D SPACE',''
  ) );
#767 = ORIENTED_EDGE('',*,*,#768,.T.);
#768 = EDGE_CURVE('',#745,#410,#769,.T.);
#769 = SURFACE_CURVE('',#770,(#774,#781),.PCURVE_S1.);
#770 = LINE('',#771,#772);
#771 = CARTESIAN_POINT('',(-4.9,76.,5.05));
#772 = VECTOR('',#773,1.);
#773 = DIRECTION('',(0.,-1.,0.));
#774 = PCURVE('',#452,#775);
#775 = DEFINITIONAL_REPRESENTATION('',(#776),#780);
#776 = LINE('',#777,#778);
#777 = CARTESIAN_POINT('',(1.570796326795,0.));
#778 = VECTOR('',#779,1.);
#779 = DIRECTION('',(0.,1.));
#780 = ( GEOMETRIC_REPRESENTATION_CONTEXT(2) 
PARAMETRIC_REPRESENTATION_CONTEXT() REPRESENTATION_CONTEXT('2D SPACE',''
  ) );
#781 = PCURVE('',#424,#782);
#782 = DEFINITIONAL_REPRESENTATION('',(#783),#787);
#783 = LINE('',#784,#785);
#784 = CARTESIAN_POINT('',(1.,0.));
#785 = VECTOR('',#786,1.);
#786 = DIRECTION('',(0.,-1.));
#787 = ( GEOMETRIC_REPRESENTATION_CONTEXT(2) 
PARAMETRIC_REPRESENTATION_CONTEXT() REPRESENTATION_CONTEXT('2D SPACE',''
  ) );
#788 = ORIENTED_EDGE('',*,*,#435,.F.);
#789 = ADVANCED_FACE('',(#790),#424,.T.);
#790 = FACE_BOUND('',#791,.T.);
#791 = EDGE_LOOP('',(#792,#813,#814,#815,#836,#857));
#792 = ORIENTED_EDGE('',*,*,#793,.T.);
#793 = EDGE_CURVE('',#794,#745,#796,.T.);
#794 = VERTEX_POINT('',#795);
#795 = CARTESIAN_POINT('',(-4.9,72.320508075689,2.45));
#796 = SURFACE_CURVE('',#797,(#801,#807),.PCURVE_S1.);
#797 = LINE('',#798,#799);
#798 = CARTESIAN_POINT('',(-4.9,72.320508075689,12.525));
#799 = VECTOR('',#800,1.);
#800 = DIRECTION('',(-0.,1.110223024625E-16,1.));
#801 = PCURVE('',#424,#802);
#802 = DEFINITIONAL_REPRESENTATION('',(#803),#806);
#803 = B_SPLINE_CURVE_WITH_KNOTS('',1,(#804,#805),.UNSPECIFIED.,.F.,.F.,
  (2,2),(-10.075,-7.475),.PIECEWISE_BEZIER_KNOTS.);
#804 = CARTESIAN_POINT('',(3.6,-3.679491924311));
#805 = CARTESIAN_POINT('',(1.,-3.679491924311));
#806 = ( GEOMETRIC_REPRESENTATION_CONTEXT(2) 
PARAMETRIC_REPRESENTATION_CONTEXT() REPRESENTATION_CONTEXT('2D SPACE',''
  ) );
#807 = PCURVE('',#537,#808);
#808 = DEFINITIONAL_REPRESENTATION('',(#809),#812);
#809 = B_SPLINE_CURVE_WITH_KNOTS('',1,(#810,#811),.UNSPECIFIED.,.F.,.F.,
  (2,2),(-10.075,-7.475),.PIECEWISE_BEZIER_KNOTS.);
#810 = CARTESIAN_POINT('',(-4.9,-16.55));
#811 = CARTESIAN_POINT('',(-4.9,-13.95));
#812 = ( GEOMETRIC_REPRESENTATION_CONTEXT(2) 
PARAMETRIC_REPRESENTATION_CONTEXT() REPRESENTATION_CONTEXT('2D SPACE',''
  ) );
#813 = ORIENTED_EDGE('',*,*,#768,.T.);
#814 = ORIENTED_EDGE('',*,*,#409,.F.);
#815 = ORIENTED_EDGE('',*,*,#816,.T.);
#816 = EDGE_CURVE('',#384,#817,#819,.T.);
#817 = VERTEX_POINT('',#818);
#818 = CARTESIAN_POINT('',(-4.9,71.15,3.));
#819 = SURFACE_CURVE('',#820,(#824,#830),.PCURVE_S1.);
#820 = LINE('',#821,#822);
#821 = CARTESIAN_POINT('',(-4.9,62.85,3.));
#822 = VECTOR('',#823,1.);
#823 = DIRECTION('',(0.,1.,0.));
#824 = PCURVE('',#424,#825);
#825 = DEFINITIONAL_REPRESENTATION('',(#826),#829);
#826 = B_SPLINE_CURVE_WITH_KNOTS('',1,(#827,#828),.UNSPECIFIED.,.F.,.F.,
  (2,2),(8.270508075689,8.3),.PIECEWISE_BEZIER_KNOTS.);
#827 = CARTESIAN_POINT('',(3.05,-4.879491924311));
#828 = CARTESIAN_POINT('',(3.05,-4.85));
#829 = ( GEOMETRIC_REPRESENTATION_CONTEXT(2) 
PARAMETRIC_REPRESENTATION_CONTEXT() REPRESENTATION_CONTEXT('2D SPACE',''
  ) );
#830 = PCURVE('',#398,#831);
#831 = DEFINITIONAL_REPRESENTATION('',(#832),#835);
#832 = B_SPLINE_CURVE_WITH_KNOTS('',1,(#833,#834),.UNSPECIFIED.,.F.,.F.,
  (2,2),(8.270508075689,8.3),.PIECEWISE_BEZIER_KNOTS.);
#833 = CARTESIAN_POINT('',(4.3,21.420508075689));
#834 = CARTESIAN_POINT('',(4.3,21.45));
#835 = ( GEOMETRIC_REPRESENTATION_CONTEXT(2) 
PARAMETRIC_REPRESENTATION_CONTEXT() REPRESENTATION_CONTEXT('2D SPACE',''
  ) );
#836 = ORIENTED_EDGE('',*,*,#837,.T.);
#837 = EDGE_CURVE('',#817,#838,#840,.T.);
#838 = VERTEX_POINT('',#839);
#839 = CARTESIAN_POINT('',(-4.9,71.15,2.45));
#840 = SURFACE_CURVE('',#841,(#845,#851),.PCURVE_S1.);
#841 = LINE('',#842,#843);
#842 = CARTESIAN_POINT('',(-4.9,71.15,3.425));
#843 = VECTOR('',#844,1.);
#844 = DIRECTION('',(0.,0.,-1.));
#845 = PCURVE('',#424,#846);
#846 = DEFINITIONAL_REPRESENTATION('',(#847),#850);
#847 = B_SPLINE_CURVE_WITH_KNOTS('',1,(#848,#849),.UNSPECIFIED.,.F.,.F.,
  (2,2),(0.425,0.975),.PIECEWISE_BEZIER_KNOTS.);
#848 = CARTESIAN_POINT('',(3.05,-4.85));
#849 = CARTESIAN_POINT('',(3.6,-4.85));
#850 = ( GEOMETRIC_REPRESENTATION_CONTEXT(2) 
PARAMETRIC_REPRESENTATION_CONTEXT() REPRESENTATION_CONTEXT('2D SPACE',''
  ) );
#851 = PCURVE('',#591,#852);
#852 = DEFINITIONAL_REPRESENTATION('',(#853),#856);
#853 = B_SPLINE_CURVE_WITH_KNOTS('',1,(#854,#855),.UNSPECIFIED.,.F.,.F.,
  (2,2),(0.425,0.975),.PIECEWISE_BEZIER_KNOTS.);
#854 = CARTESIAN_POINT('',(2.2,4.3));
#855 = CARTESIAN_POINT('',(1.65,4.3));
#856 = ( GEOMETRIC_REPRESENTATION_CONTEXT(2) 
PARAMETRIC_REPRESENTATION_CONTEXT() REPRESENTATION_CONTEXT('2D SPACE',''
  ) );
#857 = ORIENTED_EDGE('',*,*,#858,.F.);
#858 = EDGE_CURVE('',#794,#838,#859,.T.);
#859 = SURFACE_CURVE('',#860,(#864,#871),.PCURVE_S1.);
#860 = LINE('',#861,#862);
#861 = CARTESIAN_POINT('',(-4.9,76.,2.45));
#862 = VECTOR('',#863,1.);
#863 = DIRECTION('',(0.,-1.,0.));
#864 = PCURVE('',#424,#865);
#865 = DEFINITIONAL_REPRESENTATION('',(#866),#870);
#866 = LINE('',#867,#868);
#867 = CARTESIAN_POINT('',(3.6,0.));
#868 = VECTOR('',#869,1.);
#869 = DIRECTION('',(0.,-1.));
#870 = ( GEOMETRIC_REPRESENTATION_CONTEXT(2) 
PARAMETRIC_REPRESENTATION_CONTEXT() REPRESENTATION_CONTEXT('2D SPACE',''
  ) );
#871 = PCURVE('',#872,#877);
#872 = CYLINDRICAL_SURFACE('',#873,1.);
#873 = AXIS2_PLACEMENT_3D('',#874,#875,#876);
#874 = CARTESIAN_POINT('',(-3.9,76.,2.45));
#875 = DIRECTION('',(0.,-1.,0.));
#876 = DIRECTION('',(0.,-0.,-1.));
#877 = DEFINITIONAL_REPRESENTATION('',(#878),#882);
#878 = LINE('',#879,#880);
#879 = CARTESIAN_POINT('',(-1.570796326795,0.));
#880 = VECTOR('',#881,1.);
#881 = DIRECTION('',(-0.,1.));
#882 = ( GEOMETRIC_REPRESENTATION_CONTEXT(2) 
PARAMETRIC_REPRESENTATION_CONTEXT() REPRESENTATION_CONTEXT('2D SPACE',''
  ) );
#883 = ADVANCED_FACE('',(#884),#398,.F.);
#884 = FACE_BOUND('',#885,.F.);
#885 = EDGE_LOOP('',(#886,#909,#910,#911));
#886 = ORIENTED_EDGE('',*,*,#887,.F.);
#887 = EDGE_CURVE('',#358,#888,#890,.T.);
#888 = VERTEX_POINT('',#889);
#889 = CARTESIAN_POINT('',(-9.2,71.15,3.));
#890 = SURFACE_CURVE('',#891,(#895,#902),.PCURVE_S1.);
#891 = LINE('',#892,#893);
#892 = CARTESIAN_POINT('',(-9.2,49.7,3.));
#893 = VECTOR('',#894,1.);
#894 = DIRECTION('',(-0.,1.,0.));
#895 = PCURVE('',#398,#896);
#896 = DEFINITIONAL_REPRESENTATION('',(#897),#901);
#897 = LINE('',#898,#899);
#898 = CARTESIAN_POINT('',(0.,0.));
#899 = VECTOR('',#900,1.);
#900 = DIRECTION('',(0.,1.));
#901 = ( GEOMETRIC_REPRESENTATION_CONTEXT(2) 
PARAMETRIC_REPRESENTATION_CONTEXT() REPRESENTATION_CONTEXT('2D SPACE',''
  ) );
#902 = PCURVE('',#372,#903);
#903 = DEFINITIONAL_REPRESENTATION('',(#904),#908);
#904 = LINE('',#905,#906);
#905 = CARTESIAN_POINT('',(2.2,0.));
#906 = VECTOR('',#907,1.);
#907 = DIRECTION('',(0.,-1.));
#908 = ( GEOMETRIC_REPRESENTATION_CONTEXT(2) 
PARAMETRIC_REPRESENTATION_CONTEXT() REPRESENTATION_CONTEXT('2D SPACE',''
  ) );
#909 = ORIENTED_EDGE('',*,*,#383,.F.);
#910 = ORIENTED_EDGE('',*,*,#816,.T.);
#911 = ORIENTED_EDGE('',*,*,#912,.F.);
#912 = EDGE_CURVE('',#888,#817,#913,.T.);
#913 = SURFACE_CURVE('',#914,(#918,#925),.PCURVE_S1.);
#914 = LINE('',#915,#916);
#915 = CARTESIAN_POINT('',(-9.2,71.15,3.));
#916 = VECTOR('',#917,1.);
#917 = DIRECTION('',(1.,0.,-0.));
#918 = PCURVE('',#398,#919);
#919 = DEFINITIONAL_REPRESENTATION('',(#920),#924);
#920 = LINE('',#921,#922);
#921 = CARTESIAN_POINT('',(0.,21.45));
#922 = VECTOR('',#923,1.);
#923 = DIRECTION('',(1.,0.));
#924 = ( GEOMETRIC_REPRESENTATION_CONTEXT(2) 
PARAMETRIC_REPRESENTATION_CONTEXT() REPRESENTATION_CONTEXT('2D SPACE',''
  ) );
#925 = PCURVE('',#591,#926);
#926 = DEFINITIONAL_REPRESENTATION('',(#927),#931);
#927 = LINE('',#928,#929);
#928 = CARTESIAN_POINT('',(2.2,0.));
#929 = VECTOR('',#930,1.);
#930 = DIRECTION('',(0.,1.));
#931 = ( GEOMETRIC_REPRESENTATION_CONTEXT(2) 
PARAMETRIC_REPRESENTATION_CONTEXT() REPRESENTATION_CONTEXT('2D SPACE',''
  ) );
#932 = ADVANCED_FACE('',(#933),#372,.T.);
#933 = FACE_BOUND('',#934,.T.);
#934 = EDGE_LOOP('',(#935,#965,#993,#1014,#1015,#1016));
#935 = ORIENTED_EDGE('',*,*,#936,.F.);
#936 = EDGE_CURVE('',#937,#939,#941,.T.);
#937 = VERTEX_POINT('',#938);
#938 = CARTESIAN_POINT('',(-9.2,49.7,0.8));
#939 = VERTEX_POINT('',#940);
#940 = CARTESIAN_POINT('',(-9.2,49.7,2.));
#941 = SURFACE_CURVE('',#942,(#946,#953),.PCURVE_S1.);
#942 = LINE('',#943,#944);
#943 = CARTESIAN_POINT('',(-9.2,49.7,0.8));
#944 = VECTOR('',#945,1.);
#945 = DIRECTION('',(0.,0.,1.));
#946 = PCURVE('',#372,#947);
#947 = DEFINITIONAL_REPRESENTATION('',(#948),#952);
#948 = LINE('',#949,#950);
#949 = CARTESIAN_POINT('',(0.,0.));
#950 = VECTOR('',#951,1.);
#951 = DIRECTION('',(1.,0.));
#952 = ( GEOMETRIC_REPRESENTATION_CONTEXT(2) 
PARAMETRIC_REPRESENTATION_CONTEXT() REPRESENTATION_CONTEXT('2D SPACE',''
  ) );
#953 = PCURVE('',#954,#959);
#954 = PLANE('',#955);
#955 = AXIS2_PLACEMENT_3D('',#956,#957,#958);
#956 = CARTESIAN_POINT('',(-9.2,49.7,0.8));
#957 = DIRECTION('',(-0.,1.,0.));
#958 = DIRECTION('',(0.,0.,1.));
#959 = DEFINITIONAL_REPRESENTATION('',(#960),#964);
#960 = LINE('',#961,#962);
#961 = CARTESIAN_POINT('',(0.,0.));
#962 = VECTOR('',#963,1.);
#963 = DIRECTION('',(1.,0.));
#964 = ( GEOMETRIC_REPRESENTATION_CONTEXT(2) 
PARAMETRIC_REPRESENTATION_CONTEXT() REPRESENTATION_CONTEXT('2D SPACE',''
  ) );
#965 = ORIENTED_EDGE('',*,*,#966,.T.);
#966 = EDGE_CURVE('',#937,#967,#969,.T.);
#967 = VERTEX_POINT('',#968);
#968 = CARTESIAN_POINT('',(-9.2,71.15,0.8));
#969 = SURFACE_CURVE('',#970,(#974,#981),.PCURVE_S1.);
#970 = LINE('',#971,#972);
#971 = CARTESIAN_POINT('',(-9.2,49.7,0.8));
#972 = VECTOR('',#973,1.);
#973 = DIRECTION('',(-0.,1.,0.));
#974 = PCURVE('',#372,#975);
#975 = DEFINITIONAL_REPRESENTATION('',(#976),#980);
#976 = LINE('',#977,#978);
#977 = CARTESIAN_POINT('',(0.,0.));
#978 = VECTOR('',#979,1.);
#979 = DIRECTION('',(0.,-1.));
#980 = ( GEOMETRIC_REPRESENTATION_CONTEXT(2) 
PARAMETRIC_REPRESENTATION_CONTEXT() REPRESENTATION_CONTEXT('2D SPACE',''
  ) );
#981 = PCURVE('',#982,#987);
#982 = PLANE('',#983);
#983 = AXIS2_PLACEMENT_3D('',#984,#985,#986);
#984 = CARTESIAN_POINT('',(-9.2,49.7,0.8));
#985 = DIRECTION('',(0.,0.,1.));
#986 = DIRECTION('',(1.,0.,-0.));
#987 = DEFINITIONAL_REPRESENTATION('',(#988),#992);
#988 = LINE('',#989,#990);
#989 = CARTESIAN_POINT('',(0.,0.));
#990 = VECTOR('',#991,1.);
#991 = DIRECTION('',(0.,1.));
#992 = ( GEOMETRIC_REPRESENTATION_CONTEXT(2) 
PARAMETRIC_REPRESENTATION_CONTEXT() REPRESENTATION_CONTEXT('2D SPACE',''
  ) );
#993 = ORIENTED_EDGE('',*,*,#994,.T.);
#994 = EDGE_CURVE('',#967,#888,#995,.T.);
#995 = SURFACE_CURVE('',#996,(#1000,#1007),.PCURVE_S1.);
#996 = LINE('',#997,#998);
#997 = CARTESIAN_POINT('',(-9.2,71.15,0.8));
#998 = VECTOR('',#999,1.);
#999 = DIRECTION('',(0.,0.,1.));
#1000 = PCURVE('',#372,#1001);
#1001 = DEFINITIONAL_REPRESENTATION('',(#1002),#1006);
#1002 = LINE('',#1003,#1004);
#1003 = CARTESIAN_POINT('',(0.,-21.45));
#1004 = VECTOR('',#1005,1.);
#1005 = DIRECTION('',(1.,0.));
#1006 = ( GEOMETRIC_REPRESENTATION_CONTEXT(2) 
PARAMETRIC_REPRESENTATION_CONTEXT() REPRESENTATION_CONTEXT('2D SPACE',''
  ) );
#1007 = PCURVE('',#591,#1008);
#1008 = DEFINITIONAL_REPRESENTATION('',(#1009),#1013);
#1009 = LINE('',#1010,#1011);
#1010 = CARTESIAN_POINT('',(0.,0.));
#1011 = VECTOR('',#1012,1.);
#1012 = DIRECTION('',(1.,0.));
#1013 = ( GEOMETRIC_REPRESENTATION_CONTEXT(2) 
PARAMETRIC_REPRESENTATION_CONTEXT() REPRESENTATION_CONTEXT('2D SPACE',''
  ) );
#1014 = ORIENTED_EDGE('',*,*,#887,.F.);
#1015 = ORIENTED_EDGE('',*,*,#357,.F.);
#1016 = ORIENTED_EDGE('',*,*,#1017,.T.);
#1017 = EDGE_CURVE('',#335,#939,#1018,.T.);
#1018 = SURFACE_CURVE('',#1019,(#1023,#1029),.PCURVE_S1.);
#1019 = LINE('',#1020,#1021);
#1020 = CARTESIAN_POINT('',(-9.2,33.510254037844,2.));
#1021 = VECTOR('',#1022,1.);
#1022 = DIRECTION('',(0.,-1.,1.110223024625E-16));
#1023 = PCURVE('',#372,#1024);
#1024 = DEFINITIONAL_REPRESENTATION('',(#1025),#1028);
#1025 = B_SPLINE_CURVE_WITH_KNOTS('',1,(#1026,#1027),.UNSPECIFIED.,.F.,
  .F.,(2,2),(-37.63974596215,-16.18974596215),.PIECEWISE_BEZIER_KNOTS.);
#1026 = CARTESIAN_POINT('',(1.2,-21.45));
#1027 = CARTESIAN_POINT('',(1.2,0.));
#1028 = ( GEOMETRIC_REPRESENTATION_CONTEXT(2) 
PARAMETRIC_REPRESENTATION_CONTEXT() REPRESENTATION_CONTEXT('2D SPACE',''
  ) );
#1029 = PCURVE('',#122,#1030);
#1030 = DEFINITIONAL_REPRESENTATION('',(#1031),#1034);
#1031 = B_SPLINE_CURVE_WITH_KNOTS('',1,(#1032,#1033),.UNSPECIFIED.,.F.,
  .F.,(2,2),(-37.63974596215,-16.18974596215),.PIECEWISE_BEZIER_KNOTS.);
#1032 = CARTESIAN_POINT('',(53.829491924311,-9.2));
#1033 = CARTESIAN_POINT('',(32.379491924311,-9.2));
#1034 = ( GEOMETRIC_REPRESENTATION_CONTEXT(2) 
PARAMETRIC_REPRESENTATION_CONTEXT() REPRESENTATION_CONTEXT('2D SPACE',''
  ) );
#1035 = ADVANCED_FACE('',(#1036),#122,.F.);
#1036 = FACE_BOUND('',#1037,.F.);
#1037 = EDGE_LOOP('',(#1038,#1059,#1060,#1083,#1109,#1130,#1131,#1132));
#1038 = ORIENTED_EDGE('',*,*,#1039,.F.);
#1039 = EDGE_CURVE('',#81,#1040,#1042,.T.);
#1040 = VERTEX_POINT('',#1041);
#1041 = CARTESIAN_POINT('',(9.2,49.7,2.));
#1042 = SURFACE_CURVE('',#1043,(#1047,#1053),.PCURVE_S1.);
#1043 = LINE('',#1044,#1045);
#1044 = CARTESIAN_POINT('',(9.2,33.510254037844,2.));
#1045 = VECTOR('',#1046,1.);
#1046 = DIRECTION('',(0.,-1.,1.110223024625E-16));
#1047 = PCURVE('',#122,#1048);
#1048 = DEFINITIONAL_REPRESENTATION('',(#1049),#1052);
#1049 = B_SPLINE_CURVE_WITH_KNOTS('',1,(#1050,#1051),.UNSPECIFIED.,.F.,
  .F.,(2,2),(-37.63974596215,-16.18974596215),.PIECEWISE_BEZIER_KNOTS.);
#1050 = CARTESIAN_POINT('',(53.829491924311,9.2));
#1051 = CARTESIAN_POINT('',(32.379491924311,9.2));
#1052 = ( GEOMETRIC_REPRESENTATION_CONTEXT(2) 
PARAMETRIC_REPRESENTATION_CONTEXT() REPRESENTATION_CONTEXT('2D SPACE',''
  ) );
#1053 = PCURVE('',#95,#1054);
#1054 = DEFINITIONAL_REPRESENTATION('',(#1055),#1058);
#1055 = B_SPLINE_CURVE_WITH_KNOTS('',1,(#1056,#1057),.UNSPECIFIED.,.F.,
  .F.,(2,2),(-37.63974596215,-16.18974596215),.PIECEWISE_BEZIER_KNOTS.);
#1056 = CARTESIAN_POINT('',(1.2,-21.45));
#1057 = CARTESIAN_POINT('',(1.2,0.));
#1058 = ( GEOMETRIC_REPRESENTATION_CONTEXT(2) 
PARAMETRIC_REPRESENTATION_CONTEXT() REPRESENTATION_CONTEXT('2D SPACE',''
  ) );
#1059 = ORIENTED_EDGE('',*,*,#106,.F.);
#1060 = ORIENTED_EDGE('',*,*,#1061,.F.);
#1061 = EDGE_CURVE('',#1062,#107,#1064,.T.);
#1062 = VERTEX_POINT('',#1063);
#1063 = CARTESIAN_POINT('',(17.5,48.,2.));
#1064 = SURFACE_CURVE('',#1065,(#1069,#1076),.PCURVE_S1.);
#1065 = LINE('',#1066,#1067);
#1066 = CARTESIAN_POINT('',(17.5,17.320508075689,2.));
#1067 = VECTOR('',#1068,1.);
#1068 = DIRECTION('',(0.,1.,-1.110223024625E-16));
#1069 = PCURVE('',#122,#1070);
#1070 = DEFINITIONAL_REPRESENTATION('',(#1071),#1075);
#1071 = LINE('',#1072,#1073);
#1072 = CARTESIAN_POINT('',(1.183291357832E-30,17.5));
#1073 = VECTOR('',#1074,1.);
#1074 = DIRECTION('',(1.,6.603188380756E-32));
#1075 = ( GEOMETRIC_REPRESENTATION_CONTEXT(2) 
PARAMETRIC_REPRESENTATION_CONTEXT() REPRESENTATION_CONTEXT('2D SPACE',''
  ) );
#1076 = PCURVE('',#151,#1077);
#1077 = DEFINITIONAL_REPRESENTATION('',(#1078),#1082);
#1078 = LINE('',#1079,#1080);
#1079 = CARTESIAN_POINT('',(3.14159265359,-2.6645352591E-15));
#1080 = VECTOR('',#1081,1.);
#1081 = DIRECTION('',(0.,1.));
#1082 = ( GEOMETRIC_REPRESENTATION_CONTEXT(2) 
PARAMETRIC_REPRESENTATION_CONTEXT() REPRESENTATION_CONTEXT('2D SPACE',''
  ) );
#1083 = ORIENTED_EDGE('',*,*,#1084,.F.);
#1084 = EDGE_CURVE('',#1085,#1062,#1087,.T.);
#1085 = VERTEX_POINT('',#1086);
#1086 = CARTESIAN_POINT('',(-17.5,48.,2.));
#1087 = SURFACE_CURVE('',#1088,(#1092,#1098),.PCURVE_S1.);
#1088 = LINE('',#1089,#1090);
#1089 = CARTESIAN_POINT('',(-9.,48.,2.));
#1090 = VECTOR('',#1091,1.);
#1091 = DIRECTION('',(1.,0.,-5.947623346206E-16));
#1092 = PCURVE('',#122,#1093);
#1093 = DEFINITIONAL_REPRESENTATION('',(#1094),#1097);
#1094 = B_SPLINE_CURVE_WITH_KNOTS('',1,(#1095,#1096),.UNSPECIFIED.,.F.,
  .F.,(2,2),(-8.5,26.5),.PIECEWISE_BEZIER_KNOTS.);
#1095 = CARTESIAN_POINT('',(30.679491924311,-17.5));
#1096 = CARTESIAN_POINT('',(30.679491924311,17.5));
#1097 = ( GEOMETRIC_REPRESENTATION_CONTEXT(2) 
PARAMETRIC_REPRESENTATION_CONTEXT() REPRESENTATION_CONTEXT('2D SPACE',''
  ) );
#1098 = PCURVE('',#1099,#1104);
#1099 = PLANE('',#1100);
#1100 = AXIS2_PLACEMENT_3D('',#1101,#1102,#1103);
#1101 = CARTESIAN_POINT('',(-18.,48.,-3.8));
#1102 = DIRECTION('',(-0.,1.,0.));
#1103 = DIRECTION('',(0.,0.,1.));
#1104 = DEFINITIONAL_REPRESENTATION('',(#1105),#1108);
#1105 = B_SPLINE_CURVE_WITH_KNOTS('',1,(#1106,#1107),.UNSPECIFIED.,.F.,
  .F.,(2,2),(-8.5,26.5),.PIECEWISE_BEZIER_KNOTS.);
#1106 = CARTESIAN_POINT('',(5.8,0.5));
#1107 = CARTESIAN_POINT('',(5.8,35.5));
#1108 = ( GEOMETRIC_REPRESENTATION_CONTEXT(2) 
PARAMETRIC_REPRESENTATION_CONTEXT() REPRESENTATION_CONTEXT('2D SPACE',''
  ) );
#1109 = ORIENTED_EDGE('',*,*,#1110,.T.);
#1110 = EDGE_CURVE('',#1085,#306,#1111,.T.);
#1111 = SURFACE_CURVE('',#1112,(#1116,#1123),.PCURVE_S1.);
#1112 = LINE('',#1113,#1114);
#1113 = CARTESIAN_POINT('',(-17.5,17.320508075689,2.));
#1114 = VECTOR('',#1115,1.);
#1115 = DIRECTION('',(0.,1.,-1.110223024625E-16));
#1116 = PCURVE('',#122,#1117);
#1117 = DEFINITIONAL_REPRESENTATION('',(#1118),#1122);
#1118 = LINE('',#1119,#1120);
#1119 = CARTESIAN_POINT('',(-1.183291357832E-30,-17.5));
#1120 = VECTOR('',#1121,1.);
#1121 = DIRECTION('',(1.,6.603188380756E-32));
#1122 = ( GEOMETRIC_REPRESENTATION_CONTEXT(2) 
PARAMETRIC_REPRESENTATION_CONTEXT() REPRESENTATION_CONTEXT('2D SPACE',''
  ) );
#1123 = PCURVE('',#322,#1124);
#1124 = DEFINITIONAL_REPRESENTATION('',(#1125),#1129);
#1125 = LINE('',#1126,#1127);
#1126 = CARTESIAN_POINT('',(3.14159265359,-2.6645352591E-15));
#1127 = VECTOR('',#1128,1.);
#1128 = DIRECTION('',(0.,1.));
#1129 = ( GEOMETRIC_REPRESENTATION_CONTEXT(2) 
PARAMETRIC_REPRESENTATION_CONTEXT() REPRESENTATION_CONTEXT('2D SPACE',''
  ) );
#1130 = ORIENTED_EDGE('',*,*,#334,.F.);
#1131 = ORIENTED_EDGE('',*,*,#1017,.T.);
#1132 = ORIENTED_EDGE('',*,*,#1133,.T.);
#1133 = EDGE_CURVE('',#939,#1040,#1134,.T.);
#1134 = SURFACE_CURVE('',#1135,(#1139,#1145),.PCURVE_S1.);
#1135 = LINE('',#1136,#1137);
#1136 = CARTESIAN_POINT('',(-4.6,49.7,2.));
#1137 = VECTOR('',#1138,1.);
#1138 = DIRECTION('',(1.,0.,-5.947623346206E-16));
#1139 = PCURVE('',#122,#1140);
#1140 = DEFINITIONAL_REPRESENTATION('',(#1141),#1144);
#1141 = B_SPLINE_CURVE_WITH_KNOTS('',1,(#1142,#1143),.UNSPECIFIED.,.F.,
  .F.,(2,2),(-4.6,13.8),.PIECEWISE_BEZIER_KNOTS.);
#1142 = CARTESIAN_POINT('',(32.379491924311,-9.2));
#1143 = CARTESIAN_POINT('',(32.379491924311,9.2));
#1144 = ( GEOMETRIC_REPRESENTATION_CONTEXT(2) 
PARAMETRIC_REPRESENTATION_CONTEXT() REPRESENTATION_CONTEXT('2D SPACE',''
  ) );
#1145 = PCURVE('',#954,#1146);
#1146 = DEFINITIONAL_REPRESENTATION('',(#1147),#1150);
#1147 = B_SPLINE_CURVE_WITH_KNOTS('',1,(#1148,#1149),.UNSPECIFIED.,.F.,
  .F.,(2,2),(-4.6,13.8),.PIECEWISE_BEZIER_KNOTS.);
#1148 = CARTESIAN_POINT('',(1.2,0.));
#1149 = CARTESIAN_POINT('',(1.2,18.4));
#1150 = ( GEOMETRIC_REPRESENTATION_CONTEXT(2) 
PARAMETRIC_REPRESENTATION_CONTEXT() REPRESENTATION_CONTEXT('2D SPACE',''
  ) );
#1151 = ADVANCED_FACE('',(#1152),#322,.F.);
#1152 = FACE_BOUND('',#1153,.F.);
#1153 = EDGE_LOOP('',(#1154,#1229,#1250,#1251,#1252,#1276,#1302,#1331));
#1154 = ORIENTED_EDGE('',*,*,#1155,.T.);
#1155 = EDGE_CURVE('',#1156,#1158,#1160,.T.);
#1156 = VERTEX_POINT('',#1157);
#1157 = CARTESIAN_POINT('',(-17.5,17.856406460551,2.));
#1158 = VERTEX_POINT('',#1159);
#1159 = CARTESIAN_POINT('',(-22.5,19.196152422707,7.));
#1160 = SURFACE_CURVE('',#1161,(#1166,#1195),.PCURVE_S1.);
#1161 = ELLIPSE('',#1162,5.17638090205,5.);
#1162 = AXIS2_PLACEMENT_3D('',#1163,#1164,#1165);
#1163 = CARTESIAN_POINT('',(-17.5,19.196152422707,7.));
#1164 = DIRECTION('',(0.,0.965925826289,-0.258819045103));
#1165 = DIRECTION('',(0.,-0.258819045103,-0.965925826289));
#1166 = PCURVE('',#322,#1167);
#1167 = DEFINITIONAL_REPRESENTATION('',(#1168),#1194);
#1168 = B_SPLINE_CURVE_WITH_KNOTS('',3,(#1169,#1170,#1171,#1172,#1173,
    #1174,#1175,#1176,#1177,#1178,#1179,#1180,#1181,#1182,#1183,#1184,
    #1185,#1186,#1187,#1188,#1189,#1190,#1191,#1192,#1193),
  .UNSPECIFIED.,.F.,.F.,(4,1,1,1,1,1,1,1,1,1,1,1,1,1,1,1,1,1,1,1,1,1,4),
  (0.,7.139983303613E-02,0.142799666072,0.214199499108,0.285599332145,
    0.356999165181,0.428398998217,0.499798831253,0.571198664289,
    0.642598497325,0.713998330361,0.785398163397,0.856797996434,
    0.92819782947,0.999597662506,1.070997495542,1.142397328578,
    1.213797161614,1.28519699465,1.356596827687,1.427996660723,
    1.499396493759,1.570796326795),.QUASI_UNIFORM_KNOTS.);
#1169 = CARTESIAN_POINT('',(3.14159265359,0.535898384862));
#1170 = CARTESIAN_POINT('',(3.165392597935,0.535895495626));
#1171 = CARTESIAN_POINT('',(3.212992486626,0.53817733957));
#1172 = CARTESIAN_POINT('',(3.284392319662,0.548407492218));
#1173 = CARTESIAN_POINT('',(3.355792152698,0.565403093575));
#1174 = CARTESIAN_POINT('',(3.427191985734,0.589074806882));
#1175 = CARTESIAN_POINT('',(3.49859181877,0.619302738303));
#1176 = CARTESIAN_POINT('',(3.569991651807,0.655932657145));
#1177 = CARTESIAN_POINT('',(3.641391484843,0.69877795828));
#1178 = CARTESIAN_POINT('',(3.712791317879,0.747620297794));
#1179 = CARTESIAN_POINT('',(3.784191150915,0.802210790094));
#1180 = CARTESIAN_POINT('',(3.855590983951,0.862271253533));
#1181 = CARTESIAN_POINT('',(3.926990816987,0.927495634029));
#1182 = CARTESIAN_POINT('',(3.998390650023,0.997551563014));
#1183 = CARTESIAN_POINT('',(4.06979048306,1.072082051558));
#1184 = CARTESIAN_POINT('',(4.141190316096,1.150707309348));
#1185 = CARTESIAN_POINT('',(4.212590149132,1.233026680181));
#1186 = CARTESIAN_POINT('',(4.283989982168,1.318620683083));
#1187 = CARTESIAN_POINT('',(4.355389815204,1.407053151866));
#1188 = CARTESIAN_POINT('',(4.42678964824,1.497873450344));
#1189 = CARTESIAN_POINT('',(4.498189481276,1.590618796248));
#1190 = CARTESIAN_POINT('',(4.569589314312,1.684816516534));
#1191 = CARTESIAN_POINT('',(4.640989147349,1.779986840134));
#1192 = CARTESIAN_POINT('',(4.688589036039,1.84375821953));
#1193 = CARTESIAN_POINT('',(4.712388980385,1.875644347018));
#1194 = ( GEOMETRIC_REPRESENTATION_CONTEXT(2) 
PARAMETRIC_REPRESENTATION_CONTEXT() REPRESENTATION_CONTEXT('2D SPACE',''
  ) );
#1195 = PCURVE('',#1196,#1201);
#1196 = CYLINDRICAL_SURFACE('',#1197,5.);
#1197 = AXIS2_PLACEMENT_3D('',#1198,#1199,#1200);
#1198 = CARTESIAN_POINT('',(-17.5,3.5,16.062177826491));
#1199 = DIRECTION('',(0.,0.866025403784,-0.5));
#1200 = DIRECTION('',(0.,0.5,0.866025403784));
#1201 = DEFINITIONAL_REPRESENTATION('',(#1202),#1228);
#1202 = B_SPLINE_CURVE_WITH_KNOTS('',3,(#1203,#1204,#1205,#1206,#1207,
    #1208,#1209,#1210,#1211,#1212,#1213,#1214,#1215,#1216,#1217,#1218,
    #1219,#1220,#1221,#1222,#1223,#1224,#1225,#1226,#1227),
  .UNSPECIFIED.,.F.,.F.,(4,1,1,1,1,1,1,1,1,1,1,1,1,1,1,1,1,1,1,1,1,1,4),
  (0.,7.139983303613E-02,0.142799666072,0.214199499108,0.285599332145,
    0.356999165181,0.428398998217,0.499798831253,0.571198664289,
    0.642598497325,0.713998330361,0.785398163397,0.856797996434,
    0.92819782947,0.999597662506,1.070997495542,1.142397328578,
    1.213797161614,1.28519699465,1.356596827687,1.427996660723,
    1.499396493759,1.570796326795),.QUASI_UNIFORM_KNOTS.);
#1203 = CARTESIAN_POINT('',(3.14159265359,19.464101615138));
#1204 = CARTESIAN_POINT('',(3.165392597935,19.464104504374));
#1205 = CARTESIAN_POINT('',(3.212992486626,19.46182266043));
#1206 = CARTESIAN_POINT('',(3.284392319662,19.451592507782));
#1207 = CARTESIAN_POINT('',(3.355792152698,19.434596906425));
#1208 = CARTESIAN_POINT('',(3.427191985734,19.410925193118));
#1209 = CARTESIAN_POINT('',(3.49859181877,19.380697261697));
#1210 = CARTESIAN_POINT('',(3.569991651807,19.344067342854));
#1211 = CARTESIAN_POINT('',(3.641391484843,19.30122204172));
#1212 = CARTESIAN_POINT('',(3.712791317879,19.252379702206));
#1213 = CARTESIAN_POINT('',(3.784191150915,19.197789209906));
#1214 = CARTESIAN_POINT('',(3.855590983951,19.137728746467));
#1215 = CARTESIAN_POINT('',(3.926990816987,19.072504365971));
#1216 = CARTESIAN_POINT('',(3.998390650023,19.002448436986));
#1217 = CARTESIAN_POINT('',(4.06979048306,18.927917948442));
#1218 = CARTESIAN_POINT('',(4.141190316096,18.849292690652));
#1219 = CARTESIAN_POINT('',(4.212590149132,18.766973319819));
#1220 = CARTESIAN_POINT('',(4.283989982168,18.681379316917));
#1221 = CARTESIAN_POINT('',(4.355389815204,18.592946848134));
#1222 = CARTESIAN_POINT('',(4.42678964824,18.502126549656));
#1223 = CARTESIAN_POINT('',(4.498189481276,18.409381203752));
#1224 = CARTESIAN_POINT('',(4.569589314312,18.315183483466));
#1225 = CARTESIAN_POINT('',(4.640989147349,18.220013159866));
#1226 = CARTESIAN_POINT('',(4.688589036039,18.15624178047));
#1227 = CARTESIAN_POINT('',(4.712388980385,18.124355652982));
#1228 = ( GEOMETRIC_REPRESENTATION_CONTEXT(2) 
PARAMETRIC_REPRESENTATION_CONTEXT() REPRESENTATION_CONTEXT('2D SPACE',''
  ) );
#1229 = ORIENTED_EDGE('',*,*,#1230,.T.);
#1230 = EDGE_CURVE('',#1158,#278,#1231,.T.);
#1231 = SURFACE_CURVE('',#1232,(#1236,#1243),.PCURVE_S1.);
#1232 = LINE('',#1233,#1234);
#1233 = CARTESIAN_POINT('',(-22.5,17.320508075689,7.));
#1234 = VECTOR('',#1235,1.);
#1235 = DIRECTION('',(0.,1.,-1.110223024625E-16));
#1236 = PCURVE('',#322,#1237);
#1237 = DEFINITIONAL_REPRESENTATION('',(#1238),#1242);
#1238 = LINE('',#1239,#1240);
#1239 = CARTESIAN_POINT('',(4.712388980385,0.));
#1240 = VECTOR('',#1241,1.);
#1241 = DIRECTION('',(0.,1.));
#1242 = ( GEOMETRIC_REPRESENTATION_CONTEXT(2) 
PARAMETRIC_REPRESENTATION_CONTEXT() REPRESENTATION_CONTEXT('2D SPACE',''
  ) );
#1243 = PCURVE('',#293,#1244);
#1244 = DEFINITIONAL_REPRESENTATION('',(#1245),#1249);
#1245 = LINE('',#1246,#1247);
#1246 = CARTESIAN_POINT('',(-12.9378221735,16.5));
#1247 = VECTOR('',#1248,1.);
#1248 = DIRECTION('',(0.5,0.866025403784));
#1249 = ( GEOMETRIC_REPRESENTATION_CONTEXT(2) 
PARAMETRIC_REPRESENTATION_CONTEXT() REPRESENTATION_CONTEXT('2D SPACE',''
  ) );
#1250 = ORIENTED_EDGE('',*,*,#305,.T.);
#1251 = ORIENTED_EDGE('',*,*,#1110,.F.);
#1252 = ORIENTED_EDGE('',*,*,#1253,.T.);
#1253 = EDGE_CURVE('',#1085,#1254,#1256,.T.);
#1254 = VERTEX_POINT('',#1255);
#1255 = CARTESIAN_POINT('',(-18.,48.,2.025062814467));
#1256 = SURFACE_CURVE('',#1257,(#1262,#1269),.PCURVE_S1.);
#1257 = CIRCLE('',#1258,5.);
#1258 = AXIS2_PLACEMENT_3D('',#1259,#1260,#1261);
#1259 = CARTESIAN_POINT('',(-17.5,48.,7.));
#1260 = DIRECTION('',(0.,1.,-1.110223024625E-16));
#1261 = DIRECTION('',(0.,1.110223024625E-16,1.));
#1262 = PCURVE('',#322,#1263);
#1263 = DEFINITIONAL_REPRESENTATION('',(#1264),#1268);
#1264 = LINE('',#1265,#1266);
#1265 = CARTESIAN_POINT('',(0.,30.679491924311));
#1266 = VECTOR('',#1267,1.);
#1267 = DIRECTION('',(1.,0.));
#1268 = ( GEOMETRIC_REPRESENTATION_CONTEXT(2) 
PARAMETRIC_REPRESENTATION_CONTEXT() REPRESENTATION_CONTEXT('2D SPACE',''
  ) );
#1269 = PCURVE('',#1099,#1270);
#1270 = DEFINITIONAL_REPRESENTATION('',(#1271),#1275);
#1271 = CIRCLE('',#1272,5.);
#1272 = AXIS2_PLACEMENT_2D('',#1273,#1274);
#1273 = CARTESIAN_POINT('',(10.8,0.5));
#1274 = DIRECTION('',(1.,0.));
#1275 = ( GEOMETRIC_REPRESENTATION_CONTEXT(2) 
PARAMETRIC_REPRESENTATION_CONTEXT() REPRESENTATION_CONTEXT('2D SPACE',''
  ) );
#1276 = ORIENTED_EDGE('',*,*,#1277,.F.);
#1277 = EDGE_CURVE('',#1278,#1254,#1280,.T.);
#1278 = VERTEX_POINT('',#1279);
#1279 = CARTESIAN_POINT('',(-18.,28.,2.025062814467));
#1280 = SURFACE_CURVE('',#1281,(#1285,#1291),.PCURVE_S1.);
#1281 = LINE('',#1282,#1283);
#1282 = CARTESIAN_POINT('',(-18.,17.320508075689,2.025062814467));
#1283 = VECTOR('',#1284,1.);
#1284 = DIRECTION('',(0.,1.,-1.110223024625E-16));
#1285 = PCURVE('',#322,#1286);
#1286 = DEFINITIONAL_REPRESENTATION('',(#1287),#1290);
#1287 = B_SPLINE_CURVE_WITH_KNOTS('',1,(#1288,#1289),.UNSPECIFIED.,.F.,
  .F.,(2,2),(8.679491924311,32.679491924311),.PIECEWISE_BEZIER_KNOTS.);
#1288 = CARTESIAN_POINT('',(3.241760074751,8.679491924311));
#1289 = CARTESIAN_POINT('',(3.241760074751,32.679491924311));
#1290 = ( GEOMETRIC_REPRESENTATION_CONTEXT(2) 
PARAMETRIC_REPRESENTATION_CONTEXT() REPRESENTATION_CONTEXT('2D SPACE',''
  ) );
#1291 = PCURVE('',#1292,#1297);
#1292 = PLANE('',#1293);
#1293 = AXIS2_PLACEMENT_3D('',#1294,#1295,#1296);
#1294 = CARTESIAN_POINT('',(-18.,28.,-3.8));
#1295 = DIRECTION('',(1.,0.,-0.));
#1296 = DIRECTION('',(0.,0.,1.));
#1297 = DEFINITIONAL_REPRESENTATION('',(#1298),#1301);
#1298 = B_SPLINE_CURVE_WITH_KNOTS('',1,(#1299,#1300),.UNSPECIFIED.,.F.,
  .F.,(2,2),(8.679491924311,32.679491924311),.PIECEWISE_BEZIER_KNOTS.);
#1299 = CARTESIAN_POINT('',(5.825062814467,2.));
#1300 = CARTESIAN_POINT('',(5.825062814467,-22.));
#1301 = ( GEOMETRIC_REPRESENTATION_CONTEXT(2) 
PARAMETRIC_REPRESENTATION_CONTEXT() REPRESENTATION_CONTEXT('2D SPACE',''
  ) );
#1302 = ORIENTED_EDGE('',*,*,#1303,.F.);
#1303 = EDGE_CURVE('',#1304,#1278,#1306,.T.);
#1304 = VERTEX_POINT('',#1305);
#1305 = CARTESIAN_POINT('',(-17.5,28.,2.));
#1306 = SURFACE_CURVE('',#1307,(#1312,#1319),.PCURVE_S1.);
#1307 = CIRCLE('',#1308,5.);
#1308 = AXIS2_PLACEMENT_3D('',#1309,#1310,#1311);
#1309 = CARTESIAN_POINT('',(-17.5,28.,7.));
#1310 = DIRECTION('',(0.,1.,-1.110223024625E-16));
#1311 = DIRECTION('',(0.,1.110223024625E-16,1.));
#1312 = PCURVE('',#322,#1313);
#1313 = DEFINITIONAL_REPRESENTATION('',(#1314),#1318);
#1314 = LINE('',#1315,#1316);
#1315 = CARTESIAN_POINT('',(0.,10.679491924311));
#1316 = VECTOR('',#1317,1.);
#1317 = DIRECTION('',(1.,0.));
#1318 = ( GEOMETRIC_REPRESENTATION_CONTEXT(2) 
PARAMETRIC_REPRESENTATION_CONTEXT() REPRESENTATION_CONTEXT('2D SPACE',''
  ) );
#1319 = PCURVE('',#1320,#1325);
#1320 = PLANE('',#1321);
#1321 = AXIS2_PLACEMENT_3D('',#1322,#1323,#1324);
#1322 = CARTESIAN_POINT('',(-18.,28.,-3.8));
#1323 = DIRECTION('',(-0.,1.,0.));
#1324 = DIRECTION('',(0.,0.,1.));
#1325 = DEFINITIONAL_REPRESENTATION('',(#1326),#1330);
#1326 = CIRCLE('',#1327,5.);
#1327 = AXIS2_PLACEMENT_2D('',#1328,#1329);
#1328 = CARTESIAN_POINT('',(10.8,0.5));
#1329 = DIRECTION('',(1.,0.));
#1330 = ( GEOMETRIC_REPRESENTATION_CONTEXT(2) 
PARAMETRIC_REPRESENTATION_CONTEXT() REPRESENTATION_CONTEXT('2D SPACE',''
  ) );
#1331 = ORIENTED_EDGE('',*,*,#1332,.F.);
#1332 = EDGE_CURVE('',#1156,#1304,#1333,.T.);
#1333 = SURFACE_CURVE('',#1334,(#1338,#1345),.PCURVE_S1.);
#1334 = LINE('',#1335,#1336);
#1335 = CARTESIAN_POINT('',(-17.5,17.320508075689,2.));
#1336 = VECTOR('',#1337,1.);
#1337 = DIRECTION('',(0.,1.,-1.110223024625E-16));
#1338 = PCURVE('',#322,#1339);
#1339 = DEFINITIONAL_REPRESENTATION('',(#1340),#1344);
#1340 = LINE('',#1341,#1342);
#1341 = CARTESIAN_POINT('',(3.14159265359,-2.6645352591E-15));
#1342 = VECTOR('',#1343,1.);
#1343 = DIRECTION('',(0.,1.));
#1344 = ( GEOMETRIC_REPRESENTATION_CONTEXT(2) 
PARAMETRIC_REPRESENTATION_CONTEXT() REPRESENTATION_CONTEXT('2D SPACE',''
  ) );
#1345 = PCURVE('',#1346,#1351);
#1346 = PLANE('',#1347);
#1347 = AXIS2_PLACEMENT_3D('',#1348,#1349,#1350);
#1348 = CARTESIAN_POINT('',(4.440892098501E-15,17.320508075689,2.));
#1349 = DIRECTION('',(-5.947623346206E-16,-1.110223024625E-16,-1.));
#1350 = DIRECTION('',(0.,1.,-1.110223024625E-16));
#1351 = DEFINITIONAL_REPRESENTATION('',(#1352),#1356);
#1352 = LINE('',#1353,#1354);
#1353 = CARTESIAN_POINT('',(-1.183291357832E-30,-17.5));
#1354 = VECTOR('',#1355,1.);
#1355 = DIRECTION('',(1.,6.603188380756E-32));
#1356 = ( GEOMETRIC_REPRESENTATION_CONTEXT(2) 
PARAMETRIC_REPRESENTATION_CONTEXT() REPRESENTATION_CONTEXT('2D SPACE',''
  ) );
#1357 = ADVANCED_FACE('',(#1358),#293,.F.);
#1358 = FACE_BOUND('',#1359,.T.);
#1359 = EDGE_LOOP('',(#1360,#1390,#1411,#1412,#1413,#1436));
#1360 = ORIENTED_EDGE('',*,*,#1361,.T.);
#1361 = EDGE_CURVE('',#1362,#1364,#1366,.T.);
#1362 = VERTEX_POINT('',#1363);
#1363 = CARTESIAN_POINT('',(-22.5,16.799038105677,36.096787517318));
#1364 = VERTEX_POINT('',#1365);
#1365 = CARTESIAN_POINT('',(-22.5,4.799038105677,15.312177826491));
#1366 = SURFACE_CURVE('',#1367,(#1371,#1378),.PCURVE_S1.);
#1367 = LINE('',#1368,#1369);
#1368 = CARTESIAN_POINT('',(-22.5,10.799038105677,25.704482671904));
#1369 = VECTOR('',#1370,1.);
#1370 = DIRECTION('',(0.,-0.5,-0.866025403784));
#1371 = PCURVE('',#293,#1372);
#1372 = DEFINITIONAL_REPRESENTATION('',(#1373),#1377);
#1373 = LINE('',#1374,#1375);
#1374 = CARTESIAN_POINT('',(1.576516694968E-14,1.5));
#1375 = VECTOR('',#1376,1.);
#1376 = DIRECTION('',(-1.,0.));
#1377 = ( GEOMETRIC_REPRESENTATION_CONTEXT(2) 
PARAMETRIC_REPRESENTATION_CONTEXT() REPRESENTATION_CONTEXT('2D SPACE',''
  ) );
#1378 = PCURVE('',#1379,#1384);
#1379 = PLANE('',#1380);
#1380 = AXIS2_PLACEMENT_3D('',#1381,#1382,#1383);
#1381 = CARTESIAN_POINT('',(0.,10.799038105677,25.704482671904));
#1382 = DIRECTION('',(0.,-0.866025403784,0.5));
#1383 = DIRECTION('',(1.,0.,0.));
#1384 = DEFINITIONAL_REPRESENTATION('',(#1385),#1389);
#1385 = LINE('',#1386,#1387);
#1386 = CARTESIAN_POINT('',(-22.5,1.316752711072E-14));
#1387 = VECTOR('',#1388,1.);
#1388 = DIRECTION('',(0.,-1.));
#1389 = ( GEOMETRIC_REPRESENTATION_CONTEXT(2) 
PARAMETRIC_REPRESENTATION_CONTEXT() REPRESENTATION_CONTEXT('2D SPACE',''
  ) );
#1390 = ORIENTED_EDGE('',*,*,#1391,.T.);
#1391 = EDGE_CURVE('',#1364,#1158,#1392,.T.);
#1392 = SURFACE_CURVE('',#1393,(#1397,#1404),.PCURVE_S1.);
#1393 = LINE('',#1394,#1395);
#1394 = CARTESIAN_POINT('',(-22.5,3.5,16.062177826491));
#1395 = VECTOR('',#1396,1.);
#1396 = DIRECTION('',(0.,0.866025403784,-0.5));
#1397 = PCURVE('',#293,#1398);
#1398 = DEFINITIONAL_REPRESENTATION('',(#1399),#1403);
#1399 = LINE('',#1400,#1401);
#1400 = CARTESIAN_POINT('',(-12.,0.));
#1401 = VECTOR('',#1402,1.);
#1402 = DIRECTION('',(0.,1.));
#1403 = ( GEOMETRIC_REPRESENTATION_CONTEXT(2) 
PARAMETRIC_REPRESENTATION_CONTEXT() REPRESENTATION_CONTEXT('2D SPACE',''
  ) );
#1404 = PCURVE('',#1196,#1405);
#1405 = DEFINITIONAL_REPRESENTATION('',(#1406),#1410);
#1406 = LINE('',#1407,#1408);
#1407 = CARTESIAN_POINT('',(4.712388980385,0.));
#1408 = VECTOR('',#1409,1.);
#1409 = DIRECTION('',(0.,1.));
#1410 = ( GEOMETRIC_REPRESENTATION_CONTEXT(2) 
PARAMETRIC_REPRESENTATION_CONTEXT() REPRESENTATION_CONTEXT('2D SPACE',''
  ) );
#1411 = ORIENTED_EDGE('',*,*,#1230,.T.);
#1412 = ORIENTED_EDGE('',*,*,#277,.T.);
#1413 = ORIENTED_EDGE('',*,*,#1414,.F.);
#1414 = EDGE_CURVE('',#1415,#249,#1417,.T.);
#1415 = VERTEX_POINT('',#1416);
#1416 = CARTESIAN_POINT('',(-22.5,25.626933041054,31.));
#1417 = SURFACE_CURVE('',#1418,(#1422,#1429),.PCURVE_S1.);
#1418 = LINE('',#1419,#1420);
#1419 = CARTESIAN_POINT('',(-22.5,17.320508075689,31.));
#1420 = VECTOR('',#1421,1.);
#1421 = DIRECTION('',(0.,1.,-1.110223024625E-16));
#1422 = PCURVE('',#293,#1423);
#1423 = DEFINITIONAL_REPRESENTATION('',(#1424),#1428);
#1424 = LINE('',#1425,#1426);
#1425 = CARTESIAN_POINT('',(7.846787517318,4.5));
#1426 = VECTOR('',#1427,1.);
#1427 = DIRECTION('',(0.5,0.866025403784));
#1428 = ( GEOMETRIC_REPRESENTATION_CONTEXT(2) 
PARAMETRIC_REPRESENTATION_CONTEXT() REPRESENTATION_CONTEXT('2D SPACE',''
  ) );
#1429 = PCURVE('',#265,#1430);
#1430 = DEFINITIONAL_REPRESENTATION('',(#1431),#1435);
#1431 = LINE('',#1432,#1433);
#1432 = CARTESIAN_POINT('',(4.712388980385,-1.06581410364E-14));
#1433 = VECTOR('',#1434,1.);
#1434 = DIRECTION('',(1.952316165577E-17,1.));
#1435 = ( GEOMETRIC_REPRESENTATION_CONTEXT(2) 
PARAMETRIC_REPRESENTATION_CONTEXT() REPRESENTATION_CONTEXT('2D SPACE',''
  ) );
#1436 = ORIENTED_EDGE('',*,*,#1437,.F.);
#1437 = EDGE_CURVE('',#1362,#1415,#1438,.T.);
#1438 = SURFACE_CURVE('',#1439,(#1443,#1450),.PCURVE_S1.);
#1439 = LINE('',#1440,#1441);
#1440 = CARTESIAN_POINT('',(-22.5,15.5,36.846787517318));
#1441 = VECTOR('',#1442,1.);
#1442 = DIRECTION('',(0.,0.866025403784,-0.5));
#1443 = PCURVE('',#293,#1444);
#1444 = DEFINITIONAL_REPRESENTATION('',(#1445),#1449);
#1445 = LINE('',#1446,#1447);
#1446 = CARTESIAN_POINT('',(12.,8.881784197001E-16));
#1447 = VECTOR('',#1448,1.);
#1448 = DIRECTION('',(0.,1.));
#1449 = ( GEOMETRIC_REPRESENTATION_CONTEXT(2) 
PARAMETRIC_REPRESENTATION_CONTEXT() REPRESENTATION_CONTEXT('2D SPACE',''
  ) );
#1450 = PCURVE('',#1451,#1456);
#1451 = CYLINDRICAL_SURFACE('',#1452,5.);
#1452 = AXIS2_PLACEMENT_3D('',#1453,#1454,#1455);
#1453 = CARTESIAN_POINT('',(-17.5,15.5,36.846787517318));
#1454 = DIRECTION('',(0.,0.866025403784,-0.5));
#1455 = DIRECTION('',(0.,0.5,0.866025403784));
#1456 = DEFINITIONAL_REPRESENTATION('',(#1457),#1461);
#1457 = LINE('',#1458,#1459);
#1458 = CARTESIAN_POINT('',(4.712388980385,0.));
#1459 = VECTOR('',#1460,1.);
#1460 = DIRECTION('',(0.,1.));
#1461 = ( GEOMETRIC_REPRESENTATION_CONTEXT(2) 
PARAMETRIC_REPRESENTATION_CONTEXT() REPRESENTATION_CONTEXT('2D SPACE',''
  ) );
#1462 = ADVANCED_FACE('',(#1463),#265,.F.);
#1463 = FACE_BOUND('',#1464,.F.);
#1464 = EDGE_LOOP('',(#1465,#1488,#1489,#1490));
#1465 = ORIENTED_EDGE('',*,*,#1466,.T.);
#1466 = EDGE_CURVE('',#1467,#221,#1469,.T.);
#1467 = VERTEX_POINT('',#1468);
#1468 = CARTESIAN_POINT('',(-17.5,26.966679003209,36.));
#1469 = SURFACE_CURVE('',#1470,(#1474,#1481),.PCURVE_S1.);
#1470 = LINE('',#1471,#1472);
#1471 = CARTESIAN_POINT('',(-17.5,17.320508075689,36.));
#1472 = VECTOR('',#1473,1.);
#1473 = DIRECTION('',(0.,1.,-1.110223024625E-16));
#1474 = PCURVE('',#265,#1475);
#1475 = DEFINITIONAL_REPRESENTATION('',(#1476),#1480);
#1476 = LINE('',#1477,#1478);
#1477 = CARTESIAN_POINT('',(6.28318530718,-1.24344978758E-14));
#1478 = VECTOR('',#1479,1.);
#1479 = DIRECTION('',(0.,1.));
#1480 = ( GEOMETRIC_REPRESENTATION_CONTEXT(2) 
PARAMETRIC_REPRESENTATION_CONTEXT() REPRESENTATION_CONTEXT('2D SPACE',''
  ) );
#1481 = PCURVE('',#236,#1482);
#1482 = DEFINITIONAL_REPRESENTATION('',(#1483),#1487);
#1483 = LINE('',#1484,#1485);
#1484 = CARTESIAN_POINT('',(1.183291357832E-30,-17.5));
#1485 = VECTOR('',#1486,1.);
#1486 = DIRECTION('',(-1.,6.603188380756E-32));
#1487 = ( GEOMETRIC_REPRESENTATION_CONTEXT(2) 
PARAMETRIC_REPRESENTATION_CONTEXT() REPRESENTATION_CONTEXT('2D SPACE',''
  ) );
#1488 = ORIENTED_EDGE('',*,*,#248,.T.);
#1489 = ORIENTED_EDGE('',*,*,#1414,.F.);
#1490 = ORIENTED_EDGE('',*,*,#1491,.T.);
#1491 = EDGE_CURVE('',#1415,#1467,#1492,.T.);
#1492 = SURFACE_CURVE('',#1493,(#1498,#1527),.PCURVE_S1.);
#1493 = ELLIPSE('',#1494,5.17638090205,5.);
#1494 = AXIS2_PLACEMENT_3D('',#1495,#1496,#1497);
#1495 = CARTESIAN_POINT('',(-17.5,25.626933041054,31.));
#1496 = DIRECTION('',(0.,0.965925826289,-0.258819045103));
#1497 = DIRECTION('',(0.,0.258819045103,0.965925826289));
#1498 = PCURVE('',#265,#1499);
#1499 = DEFINITIONAL_REPRESENTATION('',(#1500),#1526);
#1500 = B_SPLINE_CURVE_WITH_KNOTS('',3,(#1501,#1502,#1503,#1504,#1505,
    #1506,#1507,#1508,#1509,#1510,#1511,#1512,#1513,#1514,#1515,#1516,
    #1517,#1518,#1519,#1520,#1521,#1522,#1523,#1524,#1525),
  .UNSPECIFIED.,.F.,.F.,(4,1,1,1,1,1,1,1,1,1,1,1,1,1,1,1,1,1,1,1,1,1,4),
  (4.712388980385,4.783788813421,4.855188646457,4.926588479493,
    4.997988312529,5.069388145565,5.140787978601,5.212187811638,
    5.283587644674,5.35498747771,5.426387310746,5.497787143782,
    5.569186976818,5.640586809854,5.711986642891,5.783386475927,
    5.854786308963,5.926186141999,5.997585975035,6.068985808071,
    6.140385641107,6.211785474143,6.28318530718),.QUASI_UNIFORM_KNOTS.);
#1501 = CARTESIAN_POINT('',(4.712388980385,8.306424965365));
#1502 = CARTESIAN_POINT('',(4.73618892473,8.338311092853));
#1503 = CARTESIAN_POINT('',(4.783788813421,8.402082472248));
#1504 = CARTESIAN_POINT('',(4.855188646457,8.497252795849));
#1505 = CARTESIAN_POINT('',(4.926588479493,8.591450516135));
#1506 = CARTESIAN_POINT('',(4.997988312529,8.684195862038));
#1507 = CARTESIAN_POINT('',(5.069388145565,8.775016160516));
#1508 = CARTESIAN_POINT('',(5.140787978601,8.8634486293));
#1509 = CARTESIAN_POINT('',(5.212187811638,8.949042632202));
#1510 = CARTESIAN_POINT('',(5.283587644674,9.031362003035));
#1511 = CARTESIAN_POINT('',(5.35498747771,9.109987260824));
#1512 = CARTESIAN_POINT('',(5.426387310746,9.184517749369));
#1513 = CARTESIAN_POINT('',(5.497787143782,9.254573678354));
#1514 = CARTESIAN_POINT('',(5.569186976818,9.319798058849));
#1515 = CARTESIAN_POINT('',(5.640586809854,9.379858522289));
#1516 = CARTESIAN_POINT('',(5.711986642891,9.434449014589));
#1517 = CARTESIAN_POINT('',(5.783386475927,9.483291354103));
#1518 = CARTESIAN_POINT('',(5.854786308963,9.526136655237));
#1519 = CARTESIAN_POINT('',(5.926186141999,9.56276657408));
#1520 = CARTESIAN_POINT('',(5.997585975035,9.5929945055));
#1521 = CARTESIAN_POINT('',(6.068985808071,9.616666218808));
#1522 = CARTESIAN_POINT('',(6.140385641107,9.633661820165));
#1523 = CARTESIAN_POINT('',(6.211785474143,9.643891972813));
#1524 = CARTESIAN_POINT('',(6.259385362834,9.646173816757));
#1525 = CARTESIAN_POINT('',(6.28318530718,9.64617092752));
#1526 = ( GEOMETRIC_REPRESENTATION_CONTEXT(2) 
PARAMETRIC_REPRESENTATION_CONTEXT() REPRESENTATION_CONTEXT('2D SPACE',''
  ) );
#1527 = PCURVE('',#1451,#1528);
#1528 = DEFINITIONAL_REPRESENTATION('',(#1529),#1555);
#1529 = B_SPLINE_CURVE_WITH_KNOTS('',3,(#1530,#1531,#1532,#1533,#1534,
    #1535,#1536,#1537,#1538,#1539,#1540,#1541,#1542,#1543,#1544,#1545,
    #1546,#1547,#1548,#1549,#1550,#1551,#1552,#1553,#1554),
  .UNSPECIFIED.,.F.,.F.,(4,1,1,1,1,1,1,1,1,1,1,1,1,1,1,1,1,1,1,1,1,1,4),
  (4.712388980385,4.783788813421,4.855188646457,4.926588479493,
    4.997988312529,5.069388145565,5.140787978601,5.212187811638,
    5.283587644674,5.35498747771,5.426387310746,5.497787143782,
    5.569186976818,5.640586809854,5.711986642891,5.783386475927,
    5.854786308963,5.926186141999,5.997585975035,6.068985808071,
    6.140385641107,6.211785474143,6.28318530718),.QUASI_UNIFORM_KNOTS.);
#1530 = CARTESIAN_POINT('',(4.712388980385,11.693575034635));
#1531 = CARTESIAN_POINT('',(4.73618892473,11.661688907147));
#1532 = CARTESIAN_POINT('',(4.783788813421,11.597917527752));
#1533 = CARTESIAN_POINT('',(4.855188646457,11.502747204151));
#1534 = CARTESIAN_POINT('',(4.926588479493,11.408549483865));
#1535 = CARTESIAN_POINT('',(4.997988312529,11.315804137962));
#1536 = CARTESIAN_POINT('',(5.069388145565,11.224983839483));
#1537 = CARTESIAN_POINT('',(5.140787978601,11.1365513707));
#1538 = CARTESIAN_POINT('',(5.212187811638,11.050957367798));
#1539 = CARTESIAN_POINT('',(5.283587644674,10.968637996965));
#1540 = CARTESIAN_POINT('',(5.35498747771,10.890012739176));
#1541 = CARTESIAN_POINT('',(5.426387310746,10.815482250631));
#1542 = CARTESIAN_POINT('',(5.497787143782,10.745426321646));
#1543 = CARTESIAN_POINT('',(5.569186976818,10.680201941151));
#1544 = CARTESIAN_POINT('',(5.640586809854,10.620141477711));
#1545 = CARTESIAN_POINT('',(5.711986642891,10.565550985411));
#1546 = CARTESIAN_POINT('',(5.783386475927,10.516708645897));
#1547 = CARTESIAN_POINT('',(5.854786308963,10.473863344763));
#1548 = CARTESIAN_POINT('',(5.926186141999,10.43723342592));
#1549 = CARTESIAN_POINT('',(5.997585975035,10.4070054945));
#1550 = CARTESIAN_POINT('',(6.068985808071,10.383333781192));
#1551 = CARTESIAN_POINT('',(6.140385641107,10.366338179835));
#1552 = CARTESIAN_POINT('',(6.211785474143,10.356108027187));
#1553 = CARTESIAN_POINT('',(6.259385362834,10.353826183243));
#1554 = CARTESIAN_POINT('',(6.28318530718,10.35382907248));
#1555 = ( GEOMETRIC_REPRESENTATION_CONTEXT(2) 
PARAMETRIC_REPRESENTATION_CONTEXT() REPRESENTATION_CONTEXT('2D SPACE',''
  ) );
#1556 = ADVANCED_FACE('',(#1557,#1588),#236,.F.);
#1557 = FACE_BOUND('',#1558,.T.);
#1558 = EDGE_LOOP('',(#1559));
#1559 = ORIENTED_EDGE('',*,*,#1560,.T.);
#1560 = EDGE_CURVE('',#1561,#1561,#1563,.T.);
#1561 = VERTEX_POINT('',#1562);
#1562 = CARTESIAN_POINT('',(-8.881784197001E-16,46.31154273188,36.));
#1563 = SURFACE_CURVE('',#1564,(#1569,#1576),.PCURVE_S1.);
#1564 = CIRCLE('',#1565,3.6);
#1565 = AXIS2_PLACEMENT_3D('',#1566,#1567,#1568);
#1566 = CARTESIAN_POINT('',(-8.881784197001E-16,49.91154273188,36.));
#1567 = DIRECTION('',(5.947623346206E-16,1.110223024625E-16,1.));
#1568 = DIRECTION('',(0.,-1.,1.110223024625E-16));
#1569 = PCURVE('',#236,#1570);
#1570 = DEFINITIONAL_REPRESENTATION('',(#1571),#1575);
#1571 = CIRCLE('',#1572,3.6);
#1572 = AXIS2_PLACEMENT_2D('',#1573,#1574);
#1573 = CARTESIAN_POINT('',(-32.59103465619,2.113020281842E-30));
#1574 = DIRECTION('',(1.,-6.603188380756E-32));
#1575 = ( GEOMETRIC_REPRESENTATION_CONTEXT(2) 
PARAMETRIC_REPRESENTATION_CONTEXT() REPRESENTATION_CONTEXT('2D SPACE',''
  ) );
#1576 = PCURVE('',#1577,#1582);
#1577 = CYLINDRICAL_SURFACE('',#1578,3.6);
#1578 = AXIS2_PLACEMENT_3D('',#1579,#1580,#1581);
#1579 = CARTESIAN_POINT('',(-2.22044604925E-14,49.91154273188,
    -2.000000000027E-03));
#1580 = DIRECTION('',(5.947623346206E-16,1.110223024625E-16,1.));
#1581 = DIRECTION('',(0.,-1.,1.110223024625E-16));
#1582 = DEFINITIONAL_REPRESENTATION('',(#1583),#1587);
#1583 = LINE('',#1584,#1585);
#1584 = CARTESIAN_POINT('',(0.,36.002));
#1585 = VECTOR('',#1586,1.);
#1586 = DIRECTION('',(1.,0.));
#1587 = ( GEOMETRIC_REPRESENTATION_CONTEXT(2) 
PARAMETRIC_REPRESENTATION_CONTEXT() REPRESENTATION_CONTEXT('2D SPACE',''
  ) );
#1588 = FACE_BOUND('',#1589,.T.);
#1589 = EDGE_LOOP('',(#1590,#1618,#1619,#1620));
#1590 = ORIENTED_EDGE('',*,*,#1591,.T.);
#1591 = EDGE_CURVE('',#1592,#1467,#1594,.T.);
#1592 = VERTEX_POINT('',#1593);
#1593 = CARTESIAN_POINT('',(17.5,26.966679003209,36.));
#1594 = SURFACE_CURVE('',#1595,(#1599,#1606),.PCURVE_S1.);
#1595 = LINE('',#1596,#1597);
#1596 = CARTESIAN_POINT('',(0.,26.966679003209,36.));
#1597 = VECTOR('',#1598,1.);
#1598 = DIRECTION('',(-1.,1.5936608725E-16,5.947623346206E-16));
#1599 = PCURVE('',#236,#1600);
#1600 = DEFINITIONAL_REPRESENTATION('',(#1601),#1605);
#1601 = LINE('',#1602,#1603);
#1602 = CARTESIAN_POINT('',(-9.64617092752,8.881784197001E-16));
#1603 = VECTOR('',#1604,1.);
#1604 = DIRECTION('',(-1.5936608725E-16,-1.));
#1605 = ( GEOMETRIC_REPRESENTATION_CONTEXT(2) 
PARAMETRIC_REPRESENTATION_CONTEXT() REPRESENTATION_CONTEXT('2D SPACE',''
  ) );
#1606 = PCURVE('',#1607,#1612);
#1607 = PLANE('',#1608);
#1608 = AXIS2_PLACEMENT_3D('',#1609,#1610,#1611);
#1609 = CARTESIAN_POINT('',(-8.881784197001E-16,18.,41.17691453624));
#1610 = DIRECTION('',(5.947623346206E-16,0.5,0.866025403784));
#1611 = DIRECTION('',(1.,-2.973811673103E-16,-5.150792909956E-16));
#1612 = DEFINITIONAL_REPRESENTATION('',(#1613),#1617);
#1613 = LINE('',#1614,#1615);
#1614 = CARTESIAN_POINT('',(8.881784197001E-16,10.35382907248));
#1615 = VECTOR('',#1616,1.);
#1616 = DIRECTION('',(-1.,-1.5936608725E-16));
#1617 = ( GEOMETRIC_REPRESENTATION_CONTEXT(2) 
PARAMETRIC_REPRESENTATION_CONTEXT() REPRESENTATION_CONTEXT('2D SPACE',''
  ) );
#1618 = ORIENTED_EDGE('',*,*,#1466,.T.);
#1619 = ORIENTED_EDGE('',*,*,#220,.T.);
#1620 = ORIENTED_EDGE('',*,*,#1621,.T.);
#1621 = EDGE_CURVE('',#192,#1592,#1622,.T.);
#1622 = SURFACE_CURVE('',#1623,(#1627,#1634),.PCURVE_S1.);
#1623 = LINE('',#1624,#1625);
#1624 = CARTESIAN_POINT('',(17.5,17.320508075689,36.));
#1625 = VECTOR('',#1626,1.);
#1626 = DIRECTION('',(0.,-1.,1.110223024625E-16));
#1627 = PCURVE('',#236,#1628);
#1628 = DEFINITIONAL_REPRESENTATION('',(#1629),#1633);
#1629 = LINE('',#1630,#1631);
#1630 = CARTESIAN_POINT('',(-2.48689957516E-14,17.5));
#1631 = VECTOR('',#1632,1.);
#1632 = DIRECTION('',(1.,-6.603188380756E-32));
#1633 = ( GEOMETRIC_REPRESENTATION_CONTEXT(2) 
PARAMETRIC_REPRESENTATION_CONTEXT() REPRESENTATION_CONTEXT('2D SPACE',''
  ) );
#1634 = PCURVE('',#208,#1635);
#1635 = DEFINITIONAL_REPRESENTATION('',(#1636),#1640);
#1636 = LINE('',#1637,#1638);
#1637 = CARTESIAN_POINT('',(0.,2.13162820728E-14));
#1638 = VECTOR('',#1639,1.);
#1639 = DIRECTION('',(0.,-1.));
#1640 = ( GEOMETRIC_REPRESENTATION_CONTEXT(2) 
PARAMETRIC_REPRESENTATION_CONTEXT() REPRESENTATION_CONTEXT('2D SPACE',''
  ) );
#1641 = ADVANCED_FACE('',(#1642),#208,.F.);
#1642 = FACE_BOUND('',#1643,.F.);
#1643 = EDGE_LOOP('',(#1644,#1667,#1668,#1669));
#1644 = ORIENTED_EDGE('',*,*,#1645,.T.);
#1645 = EDGE_CURVE('',#1646,#164,#1648,.T.);
#1646 = VERTEX_POINT('',#1647);
#1647 = CARTESIAN_POINT('',(22.5,25.626933041054,31.));
#1648 = SURFACE_CURVE('',#1649,(#1653,#1660),.PCURVE_S1.);
#1649 = LINE('',#1650,#1651);
#1650 = CARTESIAN_POINT('',(22.5,17.320508075689,31.));
#1651 = VECTOR('',#1652,1.);
#1652 = DIRECTION('',(0.,1.,-1.110223024625E-16));
#1653 = PCURVE('',#208,#1654);
#1654 = DEFINITIONAL_REPRESENTATION('',(#1655),#1659);
#1655 = LINE('',#1656,#1657);
#1656 = CARTESIAN_POINT('',(1.570796326795,-5.329070518201E-15));
#1657 = VECTOR('',#1658,1.);
#1658 = DIRECTION('',(-9.761580827885E-18,1.));
#1659 = ( GEOMETRIC_REPRESENTATION_CONTEXT(2) 
PARAMETRIC_REPRESENTATION_CONTEXT() REPRESENTATION_CONTEXT('2D SPACE',''
  ) );
#1660 = PCURVE('',#179,#1661);
#1661 = DEFINITIONAL_REPRESENTATION('',(#1662),#1666);
#1662 = LINE('',#1663,#1664);
#1663 = CARTESIAN_POINT('',(-7.846787517318,4.5));
#1664 = VECTOR('',#1665,1.);
#1665 = DIRECTION('',(-0.5,0.866025403784));
#1666 = ( GEOMETRIC_REPRESENTATION_CONTEXT(2) 
PARAMETRIC_REPRESENTATION_CONTEXT() REPRESENTATION_CONTEXT('2D SPACE',''
  ) );
#1667 = ORIENTED_EDGE('',*,*,#191,.T.);
#1668 = ORIENTED_EDGE('',*,*,#1621,.T.);
#1669 = ORIENTED_EDGE('',*,*,#1670,.T.);
#1670 = EDGE_CURVE('',#1592,#1646,#1671,.T.);
#1671 = SURFACE_CURVE('',#1672,(#1677,#1706),.PCURVE_S1.);
#1672 = ELLIPSE('',#1673,5.17638090205,5.);
#1673 = AXIS2_PLACEMENT_3D('',#1674,#1675,#1676);
#1674 = CARTESIAN_POINT('',(17.5,25.626933041054,31.));
#1675 = DIRECTION('',(0.,0.965925826289,-0.258819045103));
#1676 = DIRECTION('',(0.,0.258819045103,0.965925826289));
#1677 = PCURVE('',#208,#1678);
#1678 = DEFINITIONAL_REPRESENTATION('',(#1679),#1705);
#1679 = B_SPLINE_CURVE_WITH_KNOTS('',3,(#1680,#1681,#1682,#1683,#1684,
    #1685,#1686,#1687,#1688,#1689,#1690,#1691,#1692,#1693,#1694,#1695,
    #1696,#1697,#1698,#1699,#1700,#1701,#1702,#1703,#1704),
  .UNSPECIFIED.,.F.,.F.,(4,1,1,1,1,1,1,1,1,1,1,1,1,1,1,1,1,1,1,1,1,1,4),
  (0.,7.139983303613E-02,0.142799666072,0.214199499108,0.285599332145,
    0.356999165181,0.428398998217,0.499798831253,0.571198664289,
    0.642598497325,0.713998330361,0.785398163397,0.856797996434,
    0.92819782947,0.999597662506,1.070997495542,1.142397328578,
    1.213797161614,1.28519699465,1.356596827687,1.427996660723,
    1.499396493759,1.570796326795),.QUASI_UNIFORM_KNOTS.);
#1680 = CARTESIAN_POINT('',(0.,9.64617092752));
#1681 = CARTESIAN_POINT('',(2.379994434538E-02,9.646173816757));
#1682 = CARTESIAN_POINT('',(7.139983303613E-02,9.643891972813));
#1683 = CARTESIAN_POINT('',(0.142799666072,9.633661820165));
#1684 = CARTESIAN_POINT('',(0.214199499108,9.616666218808));
#1685 = CARTESIAN_POINT('',(0.285599332145,9.5929945055));
#1686 = CARTESIAN_POINT('',(0.356999165181,9.56276657408));
#1687 = CARTESIAN_POINT('',(0.428398998217,9.526136655237));
#1688 = CARTESIAN_POINT('',(0.499798831253,9.483291354103));
#1689 = CARTESIAN_POINT('',(0.571198664289,9.434449014589));
#1690 = CARTESIAN_POINT('',(0.642598497325,9.379858522289));
#1691 = CARTESIAN_POINT('',(0.713998330361,9.319798058849));
#1692 = CARTESIAN_POINT('',(0.785398163397,9.254573678354));
#1693 = CARTESIAN_POINT('',(0.856797996434,9.184517749369));
#1694 = CARTESIAN_POINT('',(0.92819782947,9.109987260824));
#1695 = CARTESIAN_POINT('',(0.999597662506,9.031362003035));
#1696 = CARTESIAN_POINT('',(1.070997495542,8.949042632202));
#1697 = CARTESIAN_POINT('',(1.142397328578,8.8634486293));
#1698 = CARTESIAN_POINT('',(1.213797161614,8.775016160517));
#1699 = CARTESIAN_POINT('',(1.28519699465,8.684195862038));
#1700 = CARTESIAN_POINT('',(1.356596827687,8.591450516135));
#1701 = CARTESIAN_POINT('',(1.427996660723,8.497252795849));
#1702 = CARTESIAN_POINT('',(1.499396493759,8.402082472248));
#1703 = CARTESIAN_POINT('',(1.54699638245,8.338311092853));
#1704 = CARTESIAN_POINT('',(1.570796326795,8.306424965365));
#1705 = ( GEOMETRIC_REPRESENTATION_CONTEXT(2) 
PARAMETRIC_REPRESENTATION_CONTEXT() REPRESENTATION_CONTEXT('2D SPACE',''
  ) );
#1706 = PCURVE('',#1707,#1712);
#1707 = CYLINDRICAL_SURFACE('',#1708,5.);
#1708 = AXIS2_PLACEMENT_3D('',#1709,#1710,#1711);
#1709 = CARTESIAN_POINT('',(17.5,15.5,36.846787517318));
#1710 = DIRECTION('',(0.,0.866025403784,-0.5));
#1711 = DIRECTION('',(0.,0.5,0.866025403784));
#1712 = DEFINITIONAL_REPRESENTATION('',(#1713),#1739);
#1713 = B_SPLINE_CURVE_WITH_KNOTS('',3,(#1714,#1715,#1716,#1717,#1718,
    #1719,#1720,#1721,#1722,#1723,#1724,#1725,#1726,#1727,#1728,#1729,
    #1730,#1731,#1732,#1733,#1734,#1735,#1736,#1737,#1738),
  .UNSPECIFIED.,.F.,.F.,(4,1,1,1,1,1,1,1,1,1,1,1,1,1,1,1,1,1,1,1,1,1,4),
  (0.,7.139983303613E-02,0.142799666072,0.214199499108,0.285599332145,
    0.356999165181,0.428398998217,0.499798831253,0.571198664289,
    0.642598497325,0.713998330361,0.785398163397,0.856797996434,
    0.92819782947,0.999597662506,1.070997495542,1.142397328578,
    1.213797161614,1.28519699465,1.356596827687,1.427996660723,
    1.499396493759,1.570796326795),.QUASI_UNIFORM_KNOTS.);
#1714 = CARTESIAN_POINT('',(0.,10.35382907248));
#1715 = CARTESIAN_POINT('',(2.379994434538E-02,10.353826183243));
#1716 = CARTESIAN_POINT('',(7.139983303613E-02,10.356108027187));
#1717 = CARTESIAN_POINT('',(0.142799666072,10.366338179835));
#1718 = CARTESIAN_POINT('',(0.214199499108,10.383333781192));
#1719 = CARTESIAN_POINT('',(0.285599332145,10.4070054945));
#1720 = CARTESIAN_POINT('',(0.356999165181,10.43723342592));
#1721 = CARTESIAN_POINT('',(0.428398998217,10.473863344763));
#1722 = CARTESIAN_POINT('',(0.499798831253,10.516708645897));
#1723 = CARTESIAN_POINT('',(0.571198664289,10.565550985411));
#1724 = CARTESIAN_POINT('',(0.642598497325,10.620141477711));
#1725 = CARTESIAN_POINT('',(0.713998330361,10.680201941151));
#1726 = CARTESIAN_POINT('',(0.785398163397,10.745426321646));
#1727 = CARTESIAN_POINT('',(0.856797996434,10.815482250631));
#1728 = CARTESIAN_POINT('',(0.92819782947,10.890012739176));
#1729 = CARTESIAN_POINT('',(0.999597662506,10.968637996965));
#1730 = CARTESIAN_POINT('',(1.070997495542,11.050957367798));
#1731 = CARTESIAN_POINT('',(1.142397328578,11.1365513707));
#1732 = CARTESIAN_POINT('',(1.213797161614,11.224983839483));
#1733 = CARTESIAN_POINT('',(1.28519699465,11.315804137962));
#1734 = CARTESIAN_POINT('',(1.356596827687,11.408549483865));
#1735 = CARTESIAN_POINT('',(1.427996660723,11.502747204151));
#1736 = CARTESIAN_POINT('',(1.499396493759,11.597917527752));
#1737 = CARTESIAN_POINT('',(1.54699638245,11.661688907147));
#1738 = CARTESIAN_POINT('',(1.570796326795,11.693575034635));
#1739 = ( GEOMETRIC_REPRESENTATION_CONTEXT(2) 
PARAMETRIC_REPRESENTATION_CONTEXT() REPRESENTATION_CONTEXT('2D SPACE',''
  ) );
#1740 = ADVANCED_FACE('',(#1741),#179,.F.);
#1741 = FACE_BOUND('',#1742,.T.);
#1742 = EDGE_LOOP('',(#1743,#1768,#1789,#1790,#1791,#1814));
#1743 = ORIENTED_EDGE('',*,*,#1744,.F.);
#1744 = EDGE_CURVE('',#1745,#1747,#1749,.T.);
#1745 = VERTEX_POINT('',#1746);
#1746 = CARTESIAN_POINT('',(22.5,16.799038105677,36.096787517318));
#1747 = VERTEX_POINT('',#1748);
#1748 = CARTESIAN_POINT('',(22.5,4.799038105677,15.312177826491));
#1749 = SURFACE_CURVE('',#1750,(#1754,#1761),.PCURVE_S1.);
#1750 = LINE('',#1751,#1752);
#1751 = CARTESIAN_POINT('',(22.5,10.799038105677,25.704482671904));
#1752 = VECTOR('',#1753,1.);
#1753 = DIRECTION('',(0.,-0.5,-0.866025403784));
#1754 = PCURVE('',#179,#1755);
#1755 = DEFINITIONAL_REPRESENTATION('',(#1756),#1760);
#1756 = LINE('',#1757,#1758);
#1757 = CARTESIAN_POINT('',(3.219646771413E-15,1.5));
#1758 = VECTOR('',#1759,1.);
#1759 = DIRECTION('',(1.,0.));
#1760 = ( GEOMETRIC_REPRESENTATION_CONTEXT(2) 
PARAMETRIC_REPRESENTATION_CONTEXT() REPRESENTATION_CONTEXT('2D SPACE',''
  ) );
#1761 = PCURVE('',#1379,#1762);
#1762 = DEFINITIONAL_REPRESENTATION('',(#1763),#1767);
#1763 = LINE('',#1764,#1765);
#1764 = CARTESIAN_POINT('',(22.5,-6.391467286721E-15));
#1765 = VECTOR('',#1766,1.);
#1766 = DIRECTION('',(0.,-1.));
#1767 = ( GEOMETRIC_REPRESENTATION_CONTEXT(2) 
PARAMETRIC_REPRESENTATION_CONTEXT() REPRESENTATION_CONTEXT('2D SPACE',''
  ) );
#1768 = ORIENTED_EDGE('',*,*,#1769,.T.);
#1769 = EDGE_CURVE('',#1745,#1646,#1770,.T.);
#1770 = SURFACE_CURVE('',#1771,(#1775,#1782),.PCURVE_S1.);
#1771 = LINE('',#1772,#1773);
#1772 = CARTESIAN_POINT('',(22.5,15.5,36.846787517318));
#1773 = VECTOR('',#1774,1.);
#1774 = DIRECTION('',(0.,0.866025403784,-0.5));
#1775 = PCURVE('',#179,#1776);
#1776 = DEFINITIONAL_REPRESENTATION('',(#1777),#1781);
#1777 = LINE('',#1778,#1779);
#1778 = CARTESIAN_POINT('',(-12.,8.881784197001E-16));
#1779 = VECTOR('',#1780,1.);
#1780 = DIRECTION('',(0.,1.));
#1781 = ( GEOMETRIC_REPRESENTATION_CONTEXT(2) 
PARAMETRIC_REPRESENTATION_CONTEXT() REPRESENTATION_CONTEXT('2D SPACE',''
  ) );
#1782 = PCURVE('',#1707,#1783);
#1783 = DEFINITIONAL_REPRESENTATION('',(#1784),#1788);
#1784 = LINE('',#1785,#1786);
#1785 = CARTESIAN_POINT('',(1.570796326795,0.));
#1786 = VECTOR('',#1787,1.);
#1787 = DIRECTION('',(0.,1.));
#1788 = ( GEOMETRIC_REPRESENTATION_CONTEXT(2) 
PARAMETRIC_REPRESENTATION_CONTEXT() REPRESENTATION_CONTEXT('2D SPACE',''
  ) );
#1789 = ORIENTED_EDGE('',*,*,#1645,.T.);
#1790 = ORIENTED_EDGE('',*,*,#163,.T.);
#1791 = ORIENTED_EDGE('',*,*,#1792,.F.);
#1792 = EDGE_CURVE('',#1793,#135,#1795,.T.);
#1793 = VERTEX_POINT('',#1794);
#1794 = CARTESIAN_POINT('',(22.5,19.196152422707,7.));
#1795 = SURFACE_CURVE('',#1796,(#1800,#1807),.PCURVE_S1.);
#1796 = LINE('',#1797,#1798);
#1797 = CARTESIAN_POINT('',(22.5,17.320508075689,7.));
#1798 = VECTOR('',#1799,1.);
#1799 = DIRECTION('',(0.,1.,-1.110223024625E-16));
#1800 = PCURVE('',#179,#1801);
#1801 = DEFINITIONAL_REPRESENTATION('',(#1802),#1806);
#1802 = LINE('',#1803,#1804);
#1803 = CARTESIAN_POINT('',(12.937822173509,16.5));
#1804 = VECTOR('',#1805,1.);
#1805 = DIRECTION('',(-0.5,0.866025403784));
#1806 = ( GEOMETRIC_REPRESENTATION_CONTEXT(2) 
PARAMETRIC_REPRESENTATION_CONTEXT() REPRESENTATION_CONTEXT('2D SPACE',''
  ) );
#1807 = PCURVE('',#151,#1808);
#1808 = DEFINITIONAL_REPRESENTATION('',(#1809),#1813);
#1809 = LINE('',#1810,#1811);
#1810 = CARTESIAN_POINT('',(1.570796326795,0.));
#1811 = VECTOR('',#1812,1.);
#1812 = DIRECTION('',(0.,1.));
#1813 = ( GEOMETRIC_REPRESENTATION_CONTEXT(2) 
PARAMETRIC_REPRESENTATION_CONTEXT() REPRESENTATION_CONTEXT('2D SPACE',''
  ) );
#1814 = ORIENTED_EDGE('',*,*,#1815,.F.);
#1815 = EDGE_CURVE('',#1747,#1793,#1816,.T.);
#1816 = SURFACE_CURVE('',#1817,(#1821,#1828),.PCURVE_S1.);
#1817 = LINE('',#1818,#1819);
#1818 = CARTESIAN_POINT('',(22.5,3.5,16.062177826491));
#1819 = VECTOR('',#1820,1.);
#1820 = DIRECTION('',(0.,0.866025403784,-0.5));
#1821 = PCURVE('',#179,#1822);
#1822 = DEFINITIONAL_REPRESENTATION('',(#1823),#1827);
#1823 = LINE('',#1824,#1825);
#1824 = CARTESIAN_POINT('',(12.,0.));
#1825 = VECTOR('',#1826,1.);
#1826 = DIRECTION('',(0.,1.));
#1827 = ( GEOMETRIC_REPRESENTATION_CONTEXT(2) 
PARAMETRIC_REPRESENTATION_CONTEXT() REPRESENTATION_CONTEXT('2D SPACE',''
  ) );
#1828 = PCURVE('',#1829,#1834);
#1829 = CYLINDRICAL_SURFACE('',#1830,5.);
#1830 = AXIS2_PLACEMENT_3D('',#1831,#1832,#1833);
#1831 = CARTESIAN_POINT('',(17.5,3.5,16.062177826491));
#1832 = DIRECTION('',(0.,0.866025403784,-0.5));
#1833 = DIRECTION('',(0.,0.5,0.866025403784));
#1834 = DEFINITIONAL_REPRESENTATION('',(#1835),#1839);
#1835 = LINE('',#1836,#1837);
#1836 = CARTESIAN_POINT('',(1.570796326795,0.));
#1837 = VECTOR('',#1838,1.);
#1838 = DIRECTION('',(0.,1.));
#1839 = ( GEOMETRIC_REPRESENTATION_CONTEXT(2) 
PARAMETRIC_REPRESENTATION_CONTEXT() REPRESENTATION_CONTEXT('2D SPACE',''
  ) );
#1840 = ADVANCED_FACE('',(#1841),#151,.F.);
#1841 = FACE_BOUND('',#1842,.F.);
#1842 = EDGE_LOOP('',(#1843,#1911,#1934,#1958,#1984,#2006,#2007,#2008));
#1843 = ORIENTED_EDGE('',*,*,#1844,.T.);
#1844 = EDGE_CURVE('',#1793,#1845,#1847,.T.);
#1845 = VERTEX_POINT('',#1846);
#1846 = CARTESIAN_POINT('',(17.5,17.856406460551,2.));
#1847 = SURFACE_CURVE('',#1848,(#1853,#1882),.PCURVE_S1.);
#1848 = ELLIPSE('',#1849,5.17638090205,5.);
#1849 = AXIS2_PLACEMENT_3D('',#1850,#1851,#1852);
#1850 = CARTESIAN_POINT('',(17.5,19.196152422707,7.));
#1851 = DIRECTION('',(0.,0.965925826289,-0.258819045103));
#1852 = DIRECTION('',(0.,-0.258819045103,-0.965925826289));
#1853 = PCURVE('',#151,#1854);
#1854 = DEFINITIONAL_REPRESENTATION('',(#1855),#1881);
#1855 = B_SPLINE_CURVE_WITH_KNOTS('',3,(#1856,#1857,#1858,#1859,#1860,
    #1861,#1862,#1863,#1864,#1865,#1866,#1867,#1868,#1869,#1870,#1871,
    #1872,#1873,#1874,#1875,#1876,#1877,#1878,#1879,#1880),
  .UNSPECIFIED.,.F.,.F.,(4,1,1,1,1,1,1,1,1,1,1,1,1,1,1,1,1,1,1,1,1,1,4),
  (4.712388980385,4.783788813421,4.855188646457,4.926588479493,
    4.997988312529,5.069388145565,5.140787978601,5.212187811638,
    5.283587644674,5.35498747771,5.426387310746,5.497787143782,
    5.569186976818,5.640586809854,5.711986642891,5.783386475927,
    5.854786308963,5.926186141999,5.997585975035,6.068985808071,
    6.140385641107,6.211785474143,6.28318530718),.QUASI_UNIFORM_KNOTS.);
#1856 = CARTESIAN_POINT('',(1.570796326795,1.875644347018));
#1857 = CARTESIAN_POINT('',(1.59459627114,1.84375821953));
#1858 = CARTESIAN_POINT('',(1.642196159831,1.779986840134));
#1859 = CARTESIAN_POINT('',(1.713595992867,1.684816516534));
#1860 = CARTESIAN_POINT('',(1.784995825903,1.590618796248));
#1861 = CARTESIAN_POINT('',(1.856395658939,1.497873450344));
#1862 = CARTESIAN_POINT('',(1.927795491976,1.407053151866));
#1863 = CARTESIAN_POINT('',(1.999195325012,1.318620683083));
#1864 = CARTESIAN_POINT('',(2.070595158048,1.233026680181));
#1865 = CARTESIAN_POINT('',(2.141994991084,1.150707309348));
#1866 = CARTESIAN_POINT('',(2.21339482412,1.072082051558));
#1867 = CARTESIAN_POINT('',(2.284794657156,0.997551563014));
#1868 = CARTESIAN_POINT('',(2.356194490192,0.927495634029));
#1869 = CARTESIAN_POINT('',(2.427594323228,0.862271253533));
#1870 = CARTESIAN_POINT('',(2.498994156265,0.802210790094));
#1871 = CARTESIAN_POINT('',(2.570393989301,0.747620297794));
#1872 = CARTESIAN_POINT('',(2.641793822337,0.69877795828));
#1873 = CARTESIAN_POINT('',(2.713193655373,0.655932657145));
#1874 = CARTESIAN_POINT('',(2.784593488409,0.619302738303));
#1875 = CARTESIAN_POINT('',(2.855993321445,0.589074806882));
#1876 = CARTESIAN_POINT('',(2.927393154481,0.565403093575));
#1877 = CARTESIAN_POINT('',(2.998792987518,0.548407492218));
#1878 = CARTESIAN_POINT('',(3.070192820554,0.53817733957));
#1879 = CARTESIAN_POINT('',(3.117792709244,0.535895495626));
#1880 = CARTESIAN_POINT('',(3.14159265359,0.535898384862));
#1881 = ( GEOMETRIC_REPRESENTATION_CONTEXT(2) 
PARAMETRIC_REPRESENTATION_CONTEXT() REPRESENTATION_CONTEXT('2D SPACE',''
  ) );
#1882 = PCURVE('',#1829,#1883);
#1883 = DEFINITIONAL_REPRESENTATION('',(#1884),#1910);
#1884 = B_SPLINE_CURVE_WITH_KNOTS('',3,(#1885,#1886,#1887,#1888,#1889,
    #1890,#1891,#1892,#1893,#1894,#1895,#1896,#1897,#1898,#1899,#1900,
    #1901,#1902,#1903,#1904,#1905,#1906,#1907,#1908,#1909),
  .UNSPECIFIED.,.F.,.F.,(4,1,1,1,1,1,1,1,1,1,1,1,1,1,1,1,1,1,1,1,1,1,4),
  (4.712388980385,4.783788813421,4.855188646457,4.926588479493,
    4.997988312529,5.069388145565,5.140787978601,5.212187811638,
    5.283587644674,5.35498747771,5.426387310746,5.497787143782,
    5.569186976818,5.640586809854,5.711986642891,5.783386475927,
    5.854786308963,5.926186141999,5.997585975035,6.068985808071,
    6.140385641107,6.211785474143,6.28318530718),.QUASI_UNIFORM_KNOTS.);
#1885 = CARTESIAN_POINT('',(1.570796326795,18.124355652982));
#1886 = CARTESIAN_POINT('',(1.59459627114,18.15624178047));
#1887 = CARTESIAN_POINT('',(1.642196159831,18.220013159865));
#1888 = CARTESIAN_POINT('',(1.713595992867,18.315183483466));
#1889 = CARTESIAN_POINT('',(1.784995825903,18.409381203752));
#1890 = CARTESIAN_POINT('',(1.856395658939,18.502126549656));
#1891 = CARTESIAN_POINT('',(1.927795491976,18.592946848134));
#1892 = CARTESIAN_POINT('',(1.999195325012,18.681379316917));
#1893 = CARTESIAN_POINT('',(2.070595158048,18.766973319819));
#1894 = CARTESIAN_POINT('',(2.141994991084,18.849292690652));
#1895 = CARTESIAN_POINT('',(2.21339482412,18.927917948442));
#1896 = CARTESIAN_POINT('',(2.284794657156,19.002448436986));
#1897 = CARTESIAN_POINT('',(2.356194490192,19.072504365971));
#1898 = CARTESIAN_POINT('',(2.427594323228,19.137728746467));
#1899 = CARTESIAN_POINT('',(2.498994156265,19.197789209906));
#1900 = CARTESIAN_POINT('',(2.570393989301,19.252379702206));
#1901 = CARTESIAN_POINT('',(2.641793822337,19.30122204172));
#1902 = CARTESIAN_POINT('',(2.713193655373,19.344067342854));
#1903 = CARTESIAN_POINT('',(2.784593488409,19.380697261697));
#1904 = CARTESIAN_POINT('',(2.855993321445,19.410925193118));
#1905 = CARTESIAN_POINT('',(2.927393154481,19.434596906425));
#1906 = CARTESIAN_POINT('',(2.998792987518,19.451592507782));
#1907 = CARTESIAN_POINT('',(3.070192820554,19.46182266043));
#1908 = CARTESIAN_POINT('',(3.117792709244,19.464104504374));
#1909 = CARTESIAN_POINT('',(3.14159265359,19.464101615138));
#1910 = ( GEOMETRIC_REPRESENTATION_CONTEXT(2) 
PARAMETRIC_REPRESENTATION_CONTEXT() REPRESENTATION_CONTEXT('2D SPACE',''
  ) );
#1911 = ORIENTED_EDGE('',*,*,#1912,.T.);
#1912 = EDGE_CURVE('',#1845,#1913,#1915,.T.);
#1913 = VERTEX_POINT('',#1914);
#1914 = CARTESIAN_POINT('',(17.5,28.,2.));
#1915 = SURFACE_CURVE('',#1916,(#1920,#1927),.PCURVE_S1.);
#1916 = LINE('',#1917,#1918);
#1917 = CARTESIAN_POINT('',(17.5,17.320508075689,2.));
#1918 = VECTOR('',#1919,1.);
#1919 = DIRECTION('',(0.,1.,-1.110223024625E-16));
#1920 = PCURVE('',#151,#1921);
#1921 = DEFINITIONAL_REPRESENTATION('',(#1922),#1926);
#1922 = LINE('',#1923,#1924);
#1923 = CARTESIAN_POINT('',(3.14159265359,-2.6645352591E-15));
#1924 = VECTOR('',#1925,1.);
#1925 = DIRECTION('',(0.,1.));
#1926 = ( GEOMETRIC_REPRESENTATION_CONTEXT(2) 
PARAMETRIC_REPRESENTATION_CONTEXT() REPRESENTATION_CONTEXT('2D SPACE',''
  ) );
#1927 = PCURVE('',#1346,#1928);
#1928 = DEFINITIONAL_REPRESENTATION('',(#1929),#1933);
#1929 = LINE('',#1930,#1931);
#1930 = CARTESIAN_POINT('',(1.183291357832E-30,17.5));
#1931 = VECTOR('',#1932,1.);
#1932 = DIRECTION('',(1.,6.603188380756E-32));
#1933 = ( GEOMETRIC_REPRESENTATION_CONTEXT(2) 
PARAMETRIC_REPRESENTATION_CONTEXT() REPRESENTATION_CONTEXT('2D SPACE',''
  ) );
#1934 = ORIENTED_EDGE('',*,*,#1935,.F.);
#1935 = EDGE_CURVE('',#1936,#1913,#1938,.T.);
#1936 = VERTEX_POINT('',#1937);
#1937 = CARTESIAN_POINT('',(18.,28.,2.025062814467));
#1938 = SURFACE_CURVE('',#1939,(#1944,#1951),.PCURVE_S1.);
#1939 = CIRCLE('',#1940,5.);
#1940 = AXIS2_PLACEMENT_3D('',#1941,#1942,#1943);
#1941 = CARTESIAN_POINT('',(17.5,28.,7.));
#1942 = DIRECTION('',(0.,1.,-1.110223024625E-16));
#1943 = DIRECTION('',(0.,1.110223024625E-16,1.));
#1944 = PCURVE('',#151,#1945);
#1945 = DEFINITIONAL_REPRESENTATION('',(#1946),#1950);
#1946 = LINE('',#1947,#1948);
#1947 = CARTESIAN_POINT('',(0.,10.679491924311));
#1948 = VECTOR('',#1949,1.);
#1949 = DIRECTION('',(1.,0.));
#1950 = ( GEOMETRIC_REPRESENTATION_CONTEXT(2) 
PARAMETRIC_REPRESENTATION_CONTEXT() REPRESENTATION_CONTEXT('2D SPACE',''
  ) );
#1951 = PCURVE('',#1320,#1952);
#1952 = DEFINITIONAL_REPRESENTATION('',(#1953),#1957);
#1953 = CIRCLE('',#1954,5.);
#1954 = AXIS2_PLACEMENT_2D('',#1955,#1956);
#1955 = CARTESIAN_POINT('',(10.8,35.5));
#1956 = DIRECTION('',(1.,0.));
#1957 = ( GEOMETRIC_REPRESENTATION_CONTEXT(2) 
PARAMETRIC_REPRESENTATION_CONTEXT() REPRESENTATION_CONTEXT('2D SPACE',''
  ) );
#1958 = ORIENTED_EDGE('',*,*,#1959,.T.);
#1959 = EDGE_CURVE('',#1936,#1960,#1962,.T.);
#1960 = VERTEX_POINT('',#1961);
#1961 = CARTESIAN_POINT('',(18.,48.,2.025062814467));
#1962 = SURFACE_CURVE('',#1963,(#1967,#1973),.PCURVE_S1.);
#1963 = LINE('',#1964,#1965);
#1964 = CARTESIAN_POINT('',(18.,17.320508075689,2.025062814467));
#1965 = VECTOR('',#1966,1.);
#1966 = DIRECTION('',(0.,1.,-1.110223024625E-16));
#1967 = PCURVE('',#151,#1968);
#1968 = DEFINITIONAL_REPRESENTATION('',(#1969),#1972);
#1969 = B_SPLINE_CURVE_WITH_KNOTS('',1,(#1970,#1971),.UNSPECIFIED.,.F.,
  .F.,(2,2),(8.679491924311,32.679491924311),.PIECEWISE_BEZIER_KNOTS.);
#1970 = CARTESIAN_POINT('',(3.041425232428,8.679491924311));
#1971 = CARTESIAN_POINT('',(3.041425232428,32.679491924311));
#1972 = ( GEOMETRIC_REPRESENTATION_CONTEXT(2) 
PARAMETRIC_REPRESENTATION_CONTEXT() REPRESENTATION_CONTEXT('2D SPACE',''
  ) );
#1973 = PCURVE('',#1974,#1979);
#1974 = PLANE('',#1975);
#1975 = AXIS2_PLACEMENT_3D('',#1976,#1977,#1978);
#1976 = CARTESIAN_POINT('',(18.,28.,-3.8));
#1977 = DIRECTION('',(1.,0.,-0.));
#1978 = DIRECTION('',(0.,0.,1.));
#1979 = DEFINITIONAL_REPRESENTATION('',(#1980),#1983);
#1980 = B_SPLINE_CURVE_WITH_KNOTS('',1,(#1981,#1982),.UNSPECIFIED.,.F.,
  .F.,(2,2),(8.679491924311,32.679491924311),.PIECEWISE_BEZIER_KNOTS.);
#1981 = CARTESIAN_POINT('',(5.825062814467,2.));
#1982 = CARTESIAN_POINT('',(5.825062814467,-22.));
#1983 = ( GEOMETRIC_REPRESENTATION_CONTEXT(2) 
PARAMETRIC_REPRESENTATION_CONTEXT() REPRESENTATION_CONTEXT('2D SPACE',''
  ) );
#1984 = ORIENTED_EDGE('',*,*,#1985,.T.);
#1985 = EDGE_CURVE('',#1960,#1062,#1986,.T.);
#1986 = SURFACE_CURVE('',#1987,(#1992,#1999),.PCURVE_S1.);
#1987 = CIRCLE('',#1988,5.);
#1988 = AXIS2_PLACEMENT_3D('',#1989,#1990,#1991);
#1989 = CARTESIAN_POINT('',(17.5,48.,7.));
#1990 = DIRECTION('',(0.,1.,-1.110223024625E-16));
#1991 = DIRECTION('',(0.,1.110223024625E-16,1.));
#1992 = PCURVE('',#151,#1993);
#1993 = DEFINITIONAL_REPRESENTATION('',(#1994),#1998);
#1994 = LINE('',#1995,#1996);
#1995 = CARTESIAN_POINT('',(0.,30.679491924311));
#1996 = VECTOR('',#1997,1.);
#1997 = DIRECTION('',(1.,0.));
#1998 = ( GEOMETRIC_REPRESENTATION_CONTEXT(2) 
PARAMETRIC_REPRESENTATION_CONTEXT() REPRESENTATION_CONTEXT('2D SPACE',''
  ) );
#1999 = PCURVE('',#1099,#2000);
#2000 = DEFINITIONAL_REPRESENTATION('',(#2001),#2005);
#2001 = CIRCLE('',#2002,5.);
#2002 = AXIS2_PLACEMENT_2D('',#2003,#2004);
#2003 = CARTESIAN_POINT('',(10.8,35.5));
#2004 = DIRECTION('',(1.,0.));
#2005 = ( GEOMETRIC_REPRESENTATION_CONTEXT(2) 
PARAMETRIC_REPRESENTATION_CONTEXT() REPRESENTATION_CONTEXT('2D SPACE',''
  ) );
#2006 = ORIENTED_EDGE('',*,*,#1061,.T.);
#2007 = ORIENTED_EDGE('',*,*,#134,.T.);
#2008 = ORIENTED_EDGE('',*,*,#1792,.F.);
#2009 = ADVANCED_FACE('',(#2010),#95,.F.);
#2010 = FACE_BOUND('',#2011,.F.);
#2011 = EDGE_LOOP('',(#2012,#2035,#2058,#2081,#2102,#2103));
#2012 = ORIENTED_EDGE('',*,*,#2013,.F.);
#2013 = EDGE_CURVE('',#2014,#1040,#2016,.T.);
#2014 = VERTEX_POINT('',#2015);
#2015 = CARTESIAN_POINT('',(9.2,49.7,0.8));
#2016 = SURFACE_CURVE('',#2017,(#2021,#2028),.PCURVE_S1.);
#2017 = LINE('',#2018,#2019);
#2018 = CARTESIAN_POINT('',(9.2,49.7,0.8));
#2019 = VECTOR('',#2020,1.);
#2020 = DIRECTION('',(0.,0.,1.));
#2021 = PCURVE('',#95,#2022);
#2022 = DEFINITIONAL_REPRESENTATION('',(#2023),#2027);
#2023 = LINE('',#2024,#2025);
#2024 = CARTESIAN_POINT('',(0.,0.));
#2025 = VECTOR('',#2026,1.);
#2026 = DIRECTION('',(1.,0.));
#2027 = ( GEOMETRIC_REPRESENTATION_CONTEXT(2) 
PARAMETRIC_REPRESENTATION_CONTEXT() REPRESENTATION_CONTEXT('2D SPACE',''
  ) );
#2028 = PCURVE('',#954,#2029);
#2029 = DEFINITIONAL_REPRESENTATION('',(#2030),#2034);
#2030 = LINE('',#2031,#2032);
#2031 = CARTESIAN_POINT('',(0.,18.4));
#2032 = VECTOR('',#2033,1.);
#2033 = DIRECTION('',(1.,0.));
#2034 = ( GEOMETRIC_REPRESENTATION_CONTEXT(2) 
PARAMETRIC_REPRESENTATION_CONTEXT() REPRESENTATION_CONTEXT('2D SPACE',''
  ) );
#2035 = ORIENTED_EDGE('',*,*,#2036,.T.);
#2036 = EDGE_CURVE('',#2014,#2037,#2039,.T.);
#2037 = VERTEX_POINT('',#2038);
#2038 = CARTESIAN_POINT('',(9.2,71.15,0.8));
#2039 = SURFACE_CURVE('',#2040,(#2044,#2051),.PCURVE_S1.);
#2040 = LINE('',#2041,#2042);
#2041 = CARTESIAN_POINT('',(9.2,49.7,0.8));
#2042 = VECTOR('',#2043,1.);
#2043 = DIRECTION('',(-0.,1.,0.));
#2044 = PCURVE('',#95,#2045);
#2045 = DEFINITIONAL_REPRESENTATION('',(#2046),#2050);
#2046 = LINE('',#2047,#2048);
#2047 = CARTESIAN_POINT('',(0.,0.));
#2048 = VECTOR('',#2049,1.);
#2049 = DIRECTION('',(0.,-1.));
#2050 = ( GEOMETRIC_REPRESENTATION_CONTEXT(2) 
PARAMETRIC_REPRESENTATION_CONTEXT() REPRESENTATION_CONTEXT('2D SPACE',''
  ) );
#2051 = PCURVE('',#982,#2052);
#2052 = DEFINITIONAL_REPRESENTATION('',(#2053),#2057);
#2053 = LINE('',#2054,#2055);
#2054 = CARTESIAN_POINT('',(18.4,0.));
#2055 = VECTOR('',#2056,1.);
#2056 = DIRECTION('',(0.,1.));
#2057 = ( GEOMETRIC_REPRESENTATION_CONTEXT(2) 
PARAMETRIC_REPRESENTATION_CONTEXT() REPRESENTATION_CONTEXT('2D SPACE',''
  ) );
#2058 = ORIENTED_EDGE('',*,*,#2059,.T.);
#2059 = EDGE_CURVE('',#2037,#2060,#2062,.T.);
#2060 = VERTEX_POINT('',#2061);
#2061 = CARTESIAN_POINT('',(9.2,71.15,3.));
#2062 = SURFACE_CURVE('',#2063,(#2067,#2074),.PCURVE_S1.);
#2063 = LINE('',#2064,#2065);
#2064 = CARTESIAN_POINT('',(9.2,71.15,0.8));
#2065 = VECTOR('',#2066,1.);
#2066 = DIRECTION('',(0.,0.,1.));
#2067 = PCURVE('',#95,#2068);
#2068 = DEFINITIONAL_REPRESENTATION('',(#2069),#2073);
#2069 = LINE('',#2070,#2071);
#2070 = CARTESIAN_POINT('',(0.,-21.45));
#2071 = VECTOR('',#2072,1.);
#2072 = DIRECTION('',(1.,0.));
#2073 = ( GEOMETRIC_REPRESENTATION_CONTEXT(2) 
PARAMETRIC_REPRESENTATION_CONTEXT() REPRESENTATION_CONTEXT('2D SPACE',''
  ) );
#2074 = PCURVE('',#591,#2075);
#2075 = DEFINITIONAL_REPRESENTATION('',(#2076),#2080);
#2076 = LINE('',#2077,#2078);
#2077 = CARTESIAN_POINT('',(0.,18.4));
#2078 = VECTOR('',#2079,1.);
#2079 = DIRECTION('',(1.,0.));
#2080 = ( GEOMETRIC_REPRESENTATION_CONTEXT(2) 
PARAMETRIC_REPRESENTATION_CONTEXT() REPRESENTATION_CONTEXT('2D SPACE',''
  ) );
#2081 = ORIENTED_EDGE('',*,*,#2082,.F.);
#2082 = EDGE_CURVE('',#55,#2060,#2083,.T.);
#2083 = SURFACE_CURVE('',#2084,(#2088,#2095),.PCURVE_S1.);
#2084 = LINE('',#2085,#2086);
#2085 = CARTESIAN_POINT('',(9.2,49.7,3.));
#2086 = VECTOR('',#2087,1.);
#2087 = DIRECTION('',(-0.,1.,0.));
#2088 = PCURVE('',#95,#2089);
#2089 = DEFINITIONAL_REPRESENTATION('',(#2090),#2094);
#2090 = LINE('',#2091,#2092);
#2091 = CARTESIAN_POINT('',(2.2,0.));
#2092 = VECTOR('',#2093,1.);
#2093 = DIRECTION('',(0.,-1.));
#2094 = ( GEOMETRIC_REPRESENTATION_CONTEXT(2) 
PARAMETRIC_REPRESENTATION_CONTEXT() REPRESENTATION_CONTEXT('2D SPACE',''
  ) );
#2095 = PCURVE('',#69,#2096);
#2096 = DEFINITIONAL_REPRESENTATION('',(#2097),#2101);
#2097 = LINE('',#2098,#2099);
#2098 = CARTESIAN_POINT('',(18.4,0.));
#2099 = VECTOR('',#2100,1.);
#2100 = DIRECTION('',(0.,1.));
#2101 = ( GEOMETRIC_REPRESENTATION_CONTEXT(2) 
PARAMETRIC_REPRESENTATION_CONTEXT() REPRESENTATION_CONTEXT('2D SPACE',''
  ) );
#2102 = ORIENTED_EDGE('',*,*,#80,.F.);
#2103 = ORIENTED_EDGE('',*,*,#1039,.T.);
#2104 = ADVANCED_FACE('',(#2105),#69,.F.);
#2105 = FACE_BOUND('',#2106,.F.);
#2106 = EDGE_LOOP('',(#2107,#2108,#2109,#2130));
#2107 = ORIENTED_EDGE('',*,*,#54,.F.);
#2108 = ORIENTED_EDGE('',*,*,#2082,.T.);
#2109 = ORIENTED_EDGE('',*,*,#2110,.F.);
#2110 = EDGE_CURVE('',#577,#2060,#2111,.T.);
#2111 = SURFACE_CURVE('',#2112,(#2116,#2123),.PCURVE_S1.);
#2112 = LINE('',#2113,#2114);
#2113 = CARTESIAN_POINT('',(-9.2,71.15,3.));
#2114 = VECTOR('',#2115,1.);
#2115 = DIRECTION('',(1.,0.,-0.));
#2116 = PCURVE('',#69,#2117);
#2117 = DEFINITIONAL_REPRESENTATION('',(#2118),#2122);
#2118 = LINE('',#2119,#2120);
#2119 = CARTESIAN_POINT('',(0.,21.45));
#2120 = VECTOR('',#2121,1.);
#2121 = DIRECTION('',(1.,0.));
#2122 = ( GEOMETRIC_REPRESENTATION_CONTEXT(2) 
PARAMETRIC_REPRESENTATION_CONTEXT() REPRESENTATION_CONTEXT('2D SPACE',''
  ) );
#2123 = PCURVE('',#591,#2124);
#2124 = DEFINITIONAL_REPRESENTATION('',(#2125),#2129);
#2125 = LINE('',#2126,#2127);
#2126 = CARTESIAN_POINT('',(2.2,0.));
#2127 = VECTOR('',#2128,1.);
#2128 = DIRECTION('',(0.,1.));
#2129 = ( GEOMETRIC_REPRESENTATION_CONTEXT(2) 
PARAMETRIC_REPRESENTATION_CONTEXT() REPRESENTATION_CONTEXT('2D SPACE',''
  ) );
#2130 = ORIENTED_EDGE('',*,*,#602,.T.);
#2131 = ADVANCED_FACE('',(#2132,#2362),#537,.F.);
#2132 = FACE_BOUND('',#2133,.F.);
#2133 = EDGE_LOOP('',(#2134,#2164,#2193,#2221,#2250,#2278,#2307,#2335));
#2134 = ORIENTED_EDGE('',*,*,#2135,.F.);
#2135 = EDGE_CURVE('',#2136,#2138,#2140,.T.);
#2136 = VERTEX_POINT('',#2137);
#2137 = CARTESIAN_POINT('',(-23.5,72.320508075689,1.));
#2138 = VERTEX_POINT('',#2139);
#2139 = CARTESIAN_POINT('',(-23.5,72.320508075689,31.));
#2140 = SURFACE_CURVE('',#2141,(#2145,#2152),.PCURVE_S1.);
#2141 = LINE('',#2142,#2143);
#2142 = CARTESIAN_POINT('',(-23.5,72.320508075689,1.));
#2143 = VECTOR('',#2144,1.);
#2144 = DIRECTION('',(0.,-9.473903143468E-16,1.));
#2145 = PCURVE('',#537,#2146);
#2146 = DEFINITIONAL_REPRESENTATION('',(#2147),#2151);
#2147 = LINE('',#2148,#2149);
#2148 = CARTESIAN_POINT('',(-23.5,-18.));
#2149 = VECTOR('',#2150,1.);
#2150 = DIRECTION('',(0.,1.));
#2151 = ( GEOMETRIC_REPRESENTATION_CONTEXT(2) 
PARAMETRIC_REPRESENTATION_CONTEXT() REPRESENTATION_CONTEXT('2D SPACE',''
  ) );
#2152 = PCURVE('',#2153,#2158);
#2153 = CYLINDRICAL_SURFACE('',#2154,1.);
#2154 = AXIS2_PLACEMENT_3D('',#2155,#2156,#2157);
#2155 = CARTESIAN_POINT('',(-23.5,71.320508075689,19.));
#2156 = DIRECTION('',(-5.007715329124E-16,-1.110223024625E-16,-1.));
#2157 = DIRECTION('',(-2.465190328816E-32,1.,-1.110223024625E-16));
#2158 = DEFINITIONAL_REPRESENTATION('',(#2159),#2163);
#2159 = LINE('',#2160,#2161);
#2160 = CARTESIAN_POINT('',(6.28318530718,18.));
#2161 = VECTOR('',#2162,1.);
#2162 = DIRECTION('',(0.,-1.));
#2163 = ( GEOMETRIC_REPRESENTATION_CONTEXT(2) 
PARAMETRIC_REPRESENTATION_CONTEXT() REPRESENTATION_CONTEXT('2D SPACE',''
  ) );
#2164 = ORIENTED_EDGE('',*,*,#2165,.T.);
#2165 = EDGE_CURVE('',#2136,#2166,#2168,.T.);
#2166 = VERTEX_POINT('',#2167);
#2167 = CARTESIAN_POINT('',(-17.5,72.320508075689,-5.));
#2168 = SURFACE_CURVE('',#2169,(#2174,#2181),.PCURVE_S1.);
#2169 = CIRCLE('',#2170,6.);
#2170 = AXIS2_PLACEMENT_3D('',#2171,#2172,#2173);
#2171 = CARTESIAN_POINT('',(-17.5,72.320508075689,1.));
#2172 = DIRECTION('',(0.,-1.,1.110223024625E-16));
#2173 = DIRECTION('',(0.,-1.110223024625E-16,-1.));
#2174 = PCURVE('',#537,#2175);
#2175 = DEFINITIONAL_REPRESENTATION('',(#2176),#2180);
#2176 = CIRCLE('',#2177,6.);
#2177 = AXIS2_PLACEMENT_2D('',#2178,#2179);
#2178 = CARTESIAN_POINT('',(-17.5,-18.));
#2179 = DIRECTION('',(0.,-1.));
#2180 = ( GEOMETRIC_REPRESENTATION_CONTEXT(2) 
PARAMETRIC_REPRESENTATION_CONTEXT() REPRESENTATION_CONTEXT('2D SPACE',''
  ) );
#2181 = PCURVE('',#2182,#2187);
#2182 = TOROIDAL_SURFACE('',#2183,6.,1.);
#2183 = AXIS2_PLACEMENT_3D('',#2184,#2185,#2186);
#2184 = CARTESIAN_POINT('',(-17.5,71.320508075689,1.));
#2185 = DIRECTION('',(0.,-1.,1.110223024625E-16));
#2186 = DIRECTION('',(0.,-1.110223024625E-16,-1.));
#2187 = DEFINITIONAL_REPRESENTATION('',(#2188),#2192);
#2188 = LINE('',#2189,#2190);
#2189 = CARTESIAN_POINT('',(4.440892098501E-15,4.712388980385));
#2190 = VECTOR('',#2191,1.);
#2191 = DIRECTION('',(1.,2.261727773485E-14));
#2192 = ( GEOMETRIC_REPRESENTATION_CONTEXT(2) 
PARAMETRIC_REPRESENTATION_CONTEXT() REPRESENTATION_CONTEXT('2D SPACE',''
  ) );
#2193 = ORIENTED_EDGE('',*,*,#2194,.F.);
#2194 = EDGE_CURVE('',#2195,#2166,#2197,.T.);
#2195 = VERTEX_POINT('',#2196);
#2196 = CARTESIAN_POINT('',(17.5,72.320508075689,-5.));
#2197 = SURFACE_CURVE('',#2198,(#2202,#2209),.PCURVE_S1.);
#2198 = LINE('',#2199,#2200);
#2199 = CARTESIAN_POINT('',(-17.5,72.320508075689,-5.));
#2200 = VECTOR('',#2201,1.);
#2201 = DIRECTION('',(-1.,3.944304526105E-31,5.947623346206E-16));
#2202 = PCURVE('',#537,#2203);
#2203 = DEFINITIONAL_REPRESENTATION('',(#2204),#2208);
#2204 = LINE('',#2205,#2206);
#2205 = CARTESIAN_POINT('',(-17.5,-24.));
#2206 = VECTOR('',#2207,1.);
#2207 = DIRECTION('',(-1.,5.947623346206E-16));
#2208 = ( GEOMETRIC_REPRESENTATION_CONTEXT(2) 
PARAMETRIC_REPRESENTATION_CONTEXT() REPRESENTATION_CONTEXT('2D SPACE',''
  ) );
#2209 = PCURVE('',#2210,#2215);
#2210 = CYLINDRICAL_SURFACE('',#2211,1.);
#2211 = AXIS2_PLACEMENT_3D('',#2212,#2213,#2214);
#2212 = CARTESIAN_POINT('',(-1.06581410364E-14,71.320508075689,-5.));
#2213 = DIRECTION('',(1.,-3.944304526105E-31,-5.947623346206E-16));
#2214 = DIRECTION('',(-5.150792909956E-16,-0.5,-0.866025403784));
#2215 = DEFINITIONAL_REPRESENTATION('',(#2216),#2220);
#2216 = LINE('',#2217,#2218);
#2217 = CARTESIAN_POINT('',(2.094395102393,-17.5));
#2218 = VECTOR('',#2219,1.);
#2219 = DIRECTION('',(2.030122102172E-16,-1.));
#2220 = ( GEOMETRIC_REPRESENTATION_CONTEXT(2) 
PARAMETRIC_REPRESENTATION_CONTEXT() REPRESENTATION_CONTEXT('2D SPACE',''
  ) );
#2221 = ORIENTED_EDGE('',*,*,#2222,.T.);
#2222 = EDGE_CURVE('',#2195,#2223,#2225,.T.);
#2223 = VERTEX_POINT('',#2224);
#2224 = CARTESIAN_POINT('',(23.5,72.320508075689,1.));
#2225 = SURFACE_CURVE('',#2226,(#2231,#2238),.PCURVE_S1.);
#2226 = CIRCLE('',#2227,6.);
#2227 = AXIS2_PLACEMENT_3D('',#2228,#2229,#2230);
#2228 = CARTESIAN_POINT('',(17.5,72.320508075689,1.));
#2229 = DIRECTION('',(0.,-1.,1.110223024625E-16));
#2230 = DIRECTION('',(0.,-1.110223024625E-16,-1.));
#2231 = PCURVE('',#537,#2232);
#2232 = DEFINITIONAL_REPRESENTATION('',(#2233),#2237);
#2233 = CIRCLE('',#2234,6.);
#2234 = AXIS2_PLACEMENT_2D('',#2235,#2236);
#2235 = CARTESIAN_POINT('',(17.5,-18.));
#2236 = DIRECTION('',(0.,-1.));
#2237 = ( GEOMETRIC_REPRESENTATION_CONTEXT(2) 
PARAMETRIC_REPRESENTATION_CONTEXT() REPRESENTATION_CONTEXT('2D SPACE',''
  ) );
#2238 = PCURVE('',#2239,#2244);
#2239 = TOROIDAL_SURFACE('',#2240,6.,1.);
#2240 = AXIS2_PLACEMENT_3D('',#2241,#2242,#2243);
#2241 = CARTESIAN_POINT('',(17.5,71.320508075689,1.));
#2242 = DIRECTION('',(0.,-1.,1.110223024625E-16));
#2243 = DIRECTION('',(0.,-1.110223024625E-16,-1.));
#2244 = DEFINITIONAL_REPRESENTATION('',(#2245),#2249);
#2245 = LINE('',#2246,#2247);
#2246 = CARTESIAN_POINT('',(0.,4.712388980385));
#2247 = VECTOR('',#2248,1.);
#2248 = DIRECTION('',(1.,-2.261727773485E-14));
#2249 = ( GEOMETRIC_REPRESENTATION_CONTEXT(2) 
PARAMETRIC_REPRESENTATION_CONTEXT() REPRESENTATION_CONTEXT('2D SPACE',''
  ) );
#2250 = ORIENTED_EDGE('',*,*,#2251,.F.);
#2251 = EDGE_CURVE('',#2252,#2223,#2254,.T.);
#2252 = VERTEX_POINT('',#2253);
#2253 = CARTESIAN_POINT('',(23.5,72.320508075689,31.));
#2254 = SURFACE_CURVE('',#2255,(#2259,#2266),.PCURVE_S1.);
#2255 = LINE('',#2256,#2257);
#2256 = CARTESIAN_POINT('',(23.5,72.320508075689,31.));
#2257 = VECTOR('',#2258,1.);
#2258 = DIRECTION('',(0.,9.473903143468E-16,-1.));
#2259 = PCURVE('',#537,#2260);
#2260 = DEFINITIONAL_REPRESENTATION('',(#2261),#2265);
#2261 = LINE('',#2262,#2263);
#2262 = CARTESIAN_POINT('',(23.5,12.));
#2263 = VECTOR('',#2264,1.);
#2264 = DIRECTION('',(0.,-1.));
#2265 = ( GEOMETRIC_REPRESENTATION_CONTEXT(2) 
PARAMETRIC_REPRESENTATION_CONTEXT() REPRESENTATION_CONTEXT('2D SPACE',''
  ) );
#2266 = PCURVE('',#2267,#2272);
#2267 = CYLINDRICAL_SURFACE('',#2268,1.);
#2268 = AXIS2_PLACEMENT_3D('',#2269,#2270,#2271);
#2269 = CARTESIAN_POINT('',(23.5,71.320508075689,19.));
#2270 = DIRECTION('',(5.007715329124E-16,1.110223024625E-16,1.));
#2271 = DIRECTION('',(2.465190328816E-32,-1.,1.110223024625E-16));
#2272 = DEFINITIONAL_REPRESENTATION('',(#2273),#2277);
#2273 = LINE('',#2274,#2275);
#2274 = CARTESIAN_POINT('',(9.424777960769,12.));
#2275 = VECTOR('',#2276,1.);
#2276 = DIRECTION('',(0.,-1.));
#2277 = ( GEOMETRIC_REPRESENTATION_CONTEXT(2) 
PARAMETRIC_REPRESENTATION_CONTEXT() REPRESENTATION_CONTEXT('2D SPACE',''
  ) );
#2278 = ORIENTED_EDGE('',*,*,#2279,.T.);
#2279 = EDGE_CURVE('',#2252,#2280,#2282,.T.);
#2280 = VERTEX_POINT('',#2281);
#2281 = CARTESIAN_POINT('',(17.5,72.320508075689,37.));
#2282 = SURFACE_CURVE('',#2283,(#2288,#2295),.PCURVE_S1.);
#2283 = CIRCLE('',#2284,6.);
#2284 = AXIS2_PLACEMENT_3D('',#2285,#2286,#2287);
#2285 = CARTESIAN_POINT('',(17.5,72.320508075689,31.));
#2286 = DIRECTION('',(0.,-1.,1.110223024625E-16));
#2287 = DIRECTION('',(0.,-1.110223024625E-16,-1.));
#2288 = PCURVE('',#537,#2289);
#2289 = DEFINITIONAL_REPRESENTATION('',(#2290),#2294);
#2290 = CIRCLE('',#2291,6.);
#2291 = AXIS2_PLACEMENT_2D('',#2292,#2293);
#2292 = CARTESIAN_POINT('',(17.5,12.));
#2293 = DIRECTION('',(0.,-1.));
#2294 = ( GEOMETRIC_REPRESENTATION_CONTEXT(2) 
PARAMETRIC_REPRESENTATION_CONTEXT() REPRESENTATION_CONTEXT('2D SPACE',''
  ) );
#2295 = PCURVE('',#2296,#2301);
#2296 = TOROIDAL_SURFACE('',#2297,6.,1.);
#2297 = AXIS2_PLACEMENT_3D('',#2298,#2299,#2300);
#2298 = CARTESIAN_POINT('',(17.5,71.320508075689,31.));
#2299 = DIRECTION('',(0.,-1.,1.110223024625E-16));
#2300 = DIRECTION('',(0.,-1.110223024625E-16,-1.));
#2301 = DEFINITIONAL_REPRESENTATION('',(#2302),#2306);
#2302 = LINE('',#2303,#2304);
#2303 = CARTESIAN_POINT('',(-4.662936703426E-15,4.712388980385));
#2304 = VECTOR('',#2305,1.);
#2305 = DIRECTION('',(1.,-1.809382218788E-14));
#2306 = ( GEOMETRIC_REPRESENTATION_CONTEXT(2) 
PARAMETRIC_REPRESENTATION_CONTEXT() REPRESENTATION_CONTEXT('2D SPACE',''
  ) );
#2307 = ORIENTED_EDGE('',*,*,#2308,.F.);
#2308 = EDGE_CURVE('',#2309,#2280,#2311,.T.);
#2309 = VERTEX_POINT('',#2310);
#2310 = CARTESIAN_POINT('',(-17.5,72.320508075689,37.));
#2311 = SURFACE_CURVE('',#2312,(#2316,#2323),.PCURVE_S1.);
#2312 = LINE('',#2313,#2314);
#2313 = CARTESIAN_POINT('',(17.5,72.320508075689,37.));
#2314 = VECTOR('',#2315,1.);
#2315 = DIRECTION('',(1.,-8.874685183736E-31,-5.947623346206E-16));
#2316 = PCURVE('',#537,#2317);
#2317 = DEFINITIONAL_REPRESENTATION('',(#2318),#2322);
#2318 = LINE('',#2319,#2320);
#2319 = CARTESIAN_POINT('',(17.5,18.));
#2320 = VECTOR('',#2321,1.);
#2321 = DIRECTION('',(1.,-5.947623346206E-16));
#2322 = ( GEOMETRIC_REPRESENTATION_CONTEXT(2) 
PARAMETRIC_REPRESENTATION_CONTEXT() REPRESENTATION_CONTEXT('2D SPACE',''
  ) );
#2323 = PCURVE('',#2324,#2329);
#2324 = CYLINDRICAL_SURFACE('',#2325,1.);
#2325 = AXIS2_PLACEMENT_3D('',#2326,#2327,#2328);
#2326 = CARTESIAN_POINT('',(1.06581410364E-14,71.320508075689,37.));
#2327 = DIRECTION('',(-1.,3.944304526105E-31,5.947623346206E-16));
#2328 = DIRECTION('',(5.150792909956E-16,0.5,0.866025403784));
#2329 = DEFINITIONAL_REPRESENTATION('',(#2330),#2334);
#2330 = LINE('',#2331,#2332);
#2331 = CARTESIAN_POINT('',(1.047197551197,-17.5));
#2332 = VECTOR('',#2333,1.);
#2333 = DIRECTION('',(7.612957883144E-17,-1.));
#2334 = ( GEOMETRIC_REPRESENTATION_CONTEXT(2) 
PARAMETRIC_REPRESENTATION_CONTEXT() REPRESENTATION_CONTEXT('2D SPACE',''
  ) );
#2335 = ORIENTED_EDGE('',*,*,#2336,.T.);
#2336 = EDGE_CURVE('',#2309,#2138,#2337,.T.);
#2337 = SURFACE_CURVE('',#2338,(#2343,#2350),.PCURVE_S1.);
#2338 = CIRCLE('',#2339,6.);
#2339 = AXIS2_PLACEMENT_3D('',#2340,#2341,#2342);
#2340 = CARTESIAN_POINT('',(-17.5,72.320508075689,31.));
#2341 = DIRECTION('',(0.,-1.,1.110223024625E-16));
#2342 = DIRECTION('',(0.,-1.110223024625E-16,-1.));
#2343 = PCURVE('',#537,#2344);
#2344 = DEFINITIONAL_REPRESENTATION('',(#2345),#2349);
#2345 = CIRCLE('',#2346,6.);
#2346 = AXIS2_PLACEMENT_2D('',#2347,#2348);
#2347 = CARTESIAN_POINT('',(-17.5,12.));
#2348 = DIRECTION('',(0.,-1.));
#2349 = ( GEOMETRIC_REPRESENTATION_CONTEXT(2) 
PARAMETRIC_REPRESENTATION_CONTEXT() REPRESENTATION_CONTEXT('2D SPACE',''
  ) );
#2350 = PCURVE('',#2351,#2356);
#2351 = TOROIDAL_SURFACE('',#2352,6.,1.);
#2352 = AXIS2_PLACEMENT_3D('',#2353,#2354,#2355);
#2353 = CARTESIAN_POINT('',(-17.5,71.320508075689,31.));
#2354 = DIRECTION('',(0.,-1.,1.110223024625E-16));
#2355 = DIRECTION('',(0.,-1.110223024625E-16,-1.));
#2356 = DEFINITIONAL_REPRESENTATION('',(#2357),#2361);
#2357 = LINE('',#2358,#2359);
#2358 = CARTESIAN_POINT('',(0.,4.712388980385));
#2359 = VECTOR('',#2360,1.);
#2360 = DIRECTION('',(1.,1.809382218788E-14));
#2361 = ( GEOMETRIC_REPRESENTATION_CONTEXT(2) 
PARAMETRIC_REPRESENTATION_CONTEXT() REPRESENTATION_CONTEXT('2D SPACE',''
  ) );
#2362 = FACE_BOUND('',#2363,.F.);
#2363 = EDGE_LOOP('',(#2364,#2388,#2414,#2436,#2437,#2438,#2439,#2440));
#2364 = ORIENTED_EDGE('',*,*,#2365,.F.);
#2365 = EDGE_CURVE('',#2366,#523,#2368,.T.);
#2366 = VERTEX_POINT('',#2367);
#2367 = CARTESIAN_POINT('',(3.9,72.320508075689,1.45));
#2368 = SURFACE_CURVE('',#2369,(#2374,#2381),.PCURVE_S1.);
#2369 = CIRCLE('',#2370,1.);
#2370 = AXIS2_PLACEMENT_3D('',#2371,#2372,#2373);
#2371 = CARTESIAN_POINT('',(3.9,72.320508075689,2.45));
#2372 = DIRECTION('',(0.,-1.,0.));
#2373 = DIRECTION('',(0.,-0.,-1.));
#2374 = PCURVE('',#537,#2375);
#2375 = DEFINITIONAL_REPRESENTATION('',(#2376),#2380);
#2376 = CIRCLE('',#2377,1.);
#2377 = AXIS2_PLACEMENT_2D('',#2378,#2379);
#2378 = CARTESIAN_POINT('',(3.9,-16.55));
#2379 = DIRECTION('',(0.,-1.));
#2380 = ( GEOMETRIC_REPRESENTATION_CONTEXT(2) 
PARAMETRIC_REPRESENTATION_CONTEXT() REPRESENTATION_CONTEXT('2D SPACE',''
  ) );
#2381 = PCURVE('',#564,#2382);
#2382 = DEFINITIONAL_REPRESENTATION('',(#2383),#2387);
#2383 = LINE('',#2384,#2385);
#2384 = CARTESIAN_POINT('',(0.,3.679491924311));
#2385 = VECTOR('',#2386,1.);
#2386 = DIRECTION('',(1.,0.));
#2387 = ( GEOMETRIC_REPRESENTATION_CONTEXT(2) 
PARAMETRIC_REPRESENTATION_CONTEXT() REPRESENTATION_CONTEXT('2D SPACE',''
  ) );
#2388 = ORIENTED_EDGE('',*,*,#2389,.T.);
#2389 = EDGE_CURVE('',#2366,#2390,#2392,.T.);
#2390 = VERTEX_POINT('',#2391);
#2391 = CARTESIAN_POINT('',(-3.9,72.320508075689,1.45));
#2392 = SURFACE_CURVE('',#2393,(#2397,#2403),.PCURVE_S1.);
#2393 = LINE('',#2394,#2395);
#2394 = CARTESIAN_POINT('',(-2.45,72.320508075689,1.45));
#2395 = VECTOR('',#2396,1.);
#2396 = DIRECTION('',(-1.,-0.,0.));
#2397 = PCURVE('',#537,#2398);
#2398 = DEFINITIONAL_REPRESENTATION('',(#2399),#2402);
#2399 = B_SPLINE_CURVE_WITH_KNOTS('',1,(#2400,#2401),.UNSPECIFIED.,.F.,
  .F.,(2,2),(-6.35,1.45),.PIECEWISE_BEZIER_KNOTS.);
#2400 = CARTESIAN_POINT('',(3.9,-17.55));
#2401 = CARTESIAN_POINT('',(-3.9,-17.55));
#2402 = ( GEOMETRIC_REPRESENTATION_CONTEXT(2) 
PARAMETRIC_REPRESENTATION_CONTEXT() REPRESENTATION_CONTEXT('2D SPACE',''
  ) );
#2403 = PCURVE('',#2404,#2409);
#2404 = PLANE('',#2405);
#2405 = AXIS2_PLACEMENT_3D('',#2406,#2407,#2408);
#2406 = CARTESIAN_POINT('',(-4.9,76.,1.45));
#2407 = DIRECTION('',(-0.,0.,1.));
#2408 = DIRECTION('',(1.,0.,0.));
#2409 = DEFINITIONAL_REPRESENTATION('',(#2410),#2413);
#2410 = B_SPLINE_CURVE_WITH_KNOTS('',1,(#2411,#2412),.UNSPECIFIED.,.F.,
  .F.,(2,2),(-6.35,1.45),.PIECEWISE_BEZIER_KNOTS.);
#2411 = CARTESIAN_POINT('',(8.8,-3.679491924311));
#2412 = CARTESIAN_POINT('',(1.,-3.679491924311));
#2413 = ( GEOMETRIC_REPRESENTATION_CONTEXT(2) 
PARAMETRIC_REPRESENTATION_CONTEXT() REPRESENTATION_CONTEXT('2D SPACE',''
  ) );
#2414 = ORIENTED_EDGE('',*,*,#2415,.F.);
#2415 = EDGE_CURVE('',#794,#2390,#2416,.T.);
#2416 = SURFACE_CURVE('',#2417,(#2422,#2429),.PCURVE_S1.);
#2417 = CIRCLE('',#2418,1.);
#2418 = AXIS2_PLACEMENT_3D('',#2419,#2420,#2421);
#2419 = CARTESIAN_POINT('',(-3.9,72.320508075689,2.45));
#2420 = DIRECTION('',(0.,-1.,0.));
#2421 = DIRECTION('',(0.,-0.,-1.));
#2422 = PCURVE('',#537,#2423);
#2423 = DEFINITIONAL_REPRESENTATION('',(#2424),#2428);
#2424 = CIRCLE('',#2425,1.);
#2425 = AXIS2_PLACEMENT_2D('',#2426,#2427);
#2426 = CARTESIAN_POINT('',(-3.9,-16.55));
#2427 = DIRECTION('',(0.,-1.));
#2428 = ( GEOMETRIC_REPRESENTATION_CONTEXT(2) 
PARAMETRIC_REPRESENTATION_CONTEXT() REPRESENTATION_CONTEXT('2D SPACE',''
  ) );
#2429 = PCURVE('',#872,#2430);
#2430 = DEFINITIONAL_REPRESENTATION('',(#2431),#2435);
#2431 = LINE('',#2432,#2433);
#2432 = CARTESIAN_POINT('',(-6.28318530718,3.679491924311));
#2433 = VECTOR('',#2434,1.);
#2434 = DIRECTION('',(1.,-0.));
#2435 = ( GEOMETRIC_REPRESENTATION_CONTEXT(2) 
PARAMETRIC_REPRESENTATION_CONTEXT() REPRESENTATION_CONTEXT('2D SPACE',''
  ) );
#2436 = ORIENTED_EDGE('',*,*,#793,.T.);
#2437 = ORIENTED_EDGE('',*,*,#744,.F.);
#2438 = ORIENTED_EDGE('',*,*,#696,.T.);
#2439 = ORIENTED_EDGE('',*,*,#647,.F.);
#2440 = ORIENTED_EDGE('',*,*,#520,.T.);
#2441 = ADVANCED_FACE('',(#2442),#591,.F.);
#2442 = FACE_BOUND('',#2443,.F.);
#2443 = EDGE_LOOP('',(#2444,#2445,#2446,#2467,#2468,#2469,#2470,#2498,
    #2519,#2545));
#2444 = ORIENTED_EDGE('',*,*,#2110,.T.);
#2445 = ORIENTED_EDGE('',*,*,#2059,.F.);
#2446 = ORIENTED_EDGE('',*,*,#2447,.F.);
#2447 = EDGE_CURVE('',#967,#2037,#2448,.T.);
#2448 = SURFACE_CURVE('',#2449,(#2453,#2460),.PCURVE_S1.);
#2449 = LINE('',#2450,#2451);
#2450 = CARTESIAN_POINT('',(-9.2,71.15,0.8));
#2451 = VECTOR('',#2452,1.);
#2452 = DIRECTION('',(1.,0.,-0.));
#2453 = PCURVE('',#591,#2454);
#2454 = DEFINITIONAL_REPRESENTATION('',(#2455),#2459);
#2455 = LINE('',#2456,#2457);
#2456 = CARTESIAN_POINT('',(0.,0.));
#2457 = VECTOR('',#2458,1.);
#2458 = DIRECTION('',(0.,1.));
#2459 = ( GEOMETRIC_REPRESENTATION_CONTEXT(2) 
PARAMETRIC_REPRESENTATION_CONTEXT() REPRESENTATION_CONTEXT('2D SPACE',''
  ) );
#2460 = PCURVE('',#982,#2461);
#2461 = DEFINITIONAL_REPRESENTATION('',(#2462),#2466);
#2462 = LINE('',#2463,#2464);
#2463 = CARTESIAN_POINT('',(0.,21.45));
#2464 = VECTOR('',#2465,1.);
#2465 = DIRECTION('',(1.,0.));
#2466 = ( GEOMETRIC_REPRESENTATION_CONTEXT(2) 
PARAMETRIC_REPRESENTATION_CONTEXT() REPRESENTATION_CONTEXT('2D SPACE',''
  ) );
#2467 = ORIENTED_EDGE('',*,*,#994,.T.);
#2468 = ORIENTED_EDGE('',*,*,#912,.T.);
#2469 = ORIENTED_EDGE('',*,*,#837,.T.);
#2470 = ORIENTED_EDGE('',*,*,#2471,.T.);
#2471 = EDGE_CURVE('',#838,#2472,#2474,.T.);
#2472 = VERTEX_POINT('',#2473);
#2473 = CARTESIAN_POINT('',(-3.9,71.15,1.45));
#2474 = SURFACE_CURVE('',#2475,(#2480,#2491),.PCURVE_S1.);
#2475 = CIRCLE('',#2476,1.);
#2476 = AXIS2_PLACEMENT_3D('',#2477,#2478,#2479);
#2477 = CARTESIAN_POINT('',(-3.9,71.15,2.45));
#2478 = DIRECTION('',(0.,-1.,0.));
#2479 = DIRECTION('',(0.,-0.,-1.));
#2480 = PCURVE('',#591,#2481);
#2481 = DEFINITIONAL_REPRESENTATION('',(#2482),#2490);
#2482 = ( BOUNDED_CURVE() B_SPLINE_CURVE(2,(#2483,#2484,#2485,#2486,
#2487,#2488,#2489),.UNSPECIFIED.,.T.,.F.) B_SPLINE_CURVE_WITH_KNOTS((1,2
    ,2,2,2,1),(-2.094395102393,0.,2.094395102393,4.188790204786,
6.28318530718,8.377580409573),.UNSPECIFIED.) CURVE() 
GEOMETRIC_REPRESENTATION_ITEM() RATIONAL_B_SPLINE_CURVE((1.,0.5,1.,0.5,
1.,0.5,1.)) REPRESENTATION_ITEM('') );
#2483 = CARTESIAN_POINT('',(0.65,5.3));
#2484 = CARTESIAN_POINT('',(0.65,7.032050807569));
#2485 = CARTESIAN_POINT('',(2.15,6.166025403784));
#2486 = CARTESIAN_POINT('',(3.65,5.3));
#2487 = CARTESIAN_POINT('',(2.15,4.433974596216));
#2488 = CARTESIAN_POINT('',(0.65,3.567949192431));
#2489 = CARTESIAN_POINT('',(0.65,5.3));
#2490 = ( GEOMETRIC_REPRESENTATION_CONTEXT(2) 
PARAMETRIC_REPRESENTATION_CONTEXT() REPRESENTATION_CONTEXT('2D SPACE',''
  ) );
#2491 = PCURVE('',#872,#2492);
#2492 = DEFINITIONAL_REPRESENTATION('',(#2493),#2497);
#2493 = LINE('',#2494,#2495);
#2494 = CARTESIAN_POINT('',(-6.28318530718,4.85));
#2495 = VECTOR('',#2496,1.);
#2496 = DIRECTION('',(1.,-0.));
#2497 = ( GEOMETRIC_REPRESENTATION_CONTEXT(2) 
PARAMETRIC_REPRESENTATION_CONTEXT() REPRESENTATION_CONTEXT('2D SPACE',''
  ) );
#2498 = ORIENTED_EDGE('',*,*,#2499,.T.);
#2499 = EDGE_CURVE('',#2472,#2500,#2502,.T.);
#2500 = VERTEX_POINT('',#2501);
#2501 = CARTESIAN_POINT('',(3.9,71.15,1.45));
#2502 = SURFACE_CURVE('',#2503,(#2507,#2513),.PCURVE_S1.);
#2503 = LINE('',#2504,#2505);
#2504 = CARTESIAN_POINT('',(-7.05,71.15,1.45));
#2505 = VECTOR('',#2506,1.);
#2506 = DIRECTION('',(1.,0.,0.));
#2507 = PCURVE('',#591,#2508);
#2508 = DEFINITIONAL_REPRESENTATION('',(#2509),#2512);
#2509 = B_SPLINE_CURVE_WITH_KNOTS('',1,(#2510,#2511),.UNSPECIFIED.,.F.,
  .F.,(2,2),(3.15,10.95),.PIECEWISE_BEZIER_KNOTS.);
#2510 = CARTESIAN_POINT('',(0.65,5.3));
#2511 = CARTESIAN_POINT('',(0.65,13.1));
#2512 = ( GEOMETRIC_REPRESENTATION_CONTEXT(2) 
PARAMETRIC_REPRESENTATION_CONTEXT() REPRESENTATION_CONTEXT('2D SPACE',''
  ) );
#2513 = PCURVE('',#2404,#2514);
#2514 = DEFINITIONAL_REPRESENTATION('',(#2515),#2518);
#2515 = B_SPLINE_CURVE_WITH_KNOTS('',1,(#2516,#2517),.UNSPECIFIED.,.F.,
  .F.,(2,2),(3.15,10.95),.PIECEWISE_BEZIER_KNOTS.);
#2516 = CARTESIAN_POINT('',(1.,-4.85));
#2517 = CARTESIAN_POINT('',(8.8,-4.85));
#2518 = ( GEOMETRIC_REPRESENTATION_CONTEXT(2) 
PARAMETRIC_REPRESENTATION_CONTEXT() REPRESENTATION_CONTEXT('2D SPACE',''
  ) );
#2519 = ORIENTED_EDGE('',*,*,#2520,.T.);
#2520 = EDGE_CURVE('',#2500,#549,#2521,.T.);
#2521 = SURFACE_CURVE('',#2522,(#2527,#2538),.PCURVE_S1.);
#2522 = CIRCLE('',#2523,1.);
#2523 = AXIS2_PLACEMENT_3D('',#2524,#2525,#2526);
#2524 = CARTESIAN_POINT('',(3.9,71.15,2.45));
#2525 = DIRECTION('',(0.,-1.,0.));
#2526 = DIRECTION('',(0.,-0.,-1.));
#2527 = PCURVE('',#591,#2528);
#2528 = DEFINITIONAL_REPRESENTATION('',(#2529),#2537);
#2529 = ( BOUNDED_CURVE() B_SPLINE_CURVE(2,(#2530,#2531,#2532,#2533,
#2534,#2535,#2536),.UNSPECIFIED.,.T.,.F.) B_SPLINE_CURVE_WITH_KNOTS((1,2
    ,2,2,2,1),(-2.094395102393,0.,2.094395102393,4.188790204786,
6.28318530718,8.377580409573),.UNSPECIFIED.) CURVE() 
GEOMETRIC_REPRESENTATION_ITEM() RATIONAL_B_SPLINE_CURVE((1.,0.5,1.,0.5,
1.,0.5,1.)) REPRESENTATION_ITEM('') );
#2530 = CARTESIAN_POINT('',(0.65,13.1));
#2531 = CARTESIAN_POINT('',(0.65,14.832050807569));
#2532 = CARTESIAN_POINT('',(2.15,13.966025403784));
#2533 = CARTESIAN_POINT('',(3.65,13.1));
#2534 = CARTESIAN_POINT('',(2.15,12.233974596216));
#2535 = CARTESIAN_POINT('',(0.65,11.367949192431));
#2536 = CARTESIAN_POINT('',(0.65,13.1));
#2537 = ( GEOMETRIC_REPRESENTATION_CONTEXT(2) 
PARAMETRIC_REPRESENTATION_CONTEXT() REPRESENTATION_CONTEXT('2D SPACE',''
  ) );
#2538 = PCURVE('',#564,#2539);
#2539 = DEFINITIONAL_REPRESENTATION('',(#2540),#2544);
#2540 = LINE('',#2541,#2542);
#2541 = CARTESIAN_POINT('',(0.,4.85));
#2542 = VECTOR('',#2543,1.);
#2543 = DIRECTION('',(1.,0.));
#2544 = ( GEOMETRIC_REPRESENTATION_CONTEXT(2) 
PARAMETRIC_REPRESENTATION_CONTEXT() REPRESENTATION_CONTEXT('2D SPACE',''
  ) );
#2545 = ORIENTED_EDGE('',*,*,#576,.T.);
#2546 = ADVANCED_FACE('',(#2547),#564,.F.);
#2547 = FACE_BOUND('',#2548,.F.);
#2548 = EDGE_LOOP('',(#2549,#2570,#2571,#2572));
#2549 = ORIENTED_EDGE('',*,*,#2550,.F.);
#2550 = EDGE_CURVE('',#2366,#2500,#2551,.T.);
#2551 = SURFACE_CURVE('',#2552,(#2556,#2563),.PCURVE_S1.);
#2552 = LINE('',#2553,#2554);
#2553 = CARTESIAN_POINT('',(3.9,76.,1.45));
#2554 = VECTOR('',#2555,1.);
#2555 = DIRECTION('',(0.,-1.,0.));
#2556 = PCURVE('',#564,#2557);
#2557 = DEFINITIONAL_REPRESENTATION('',(#2558),#2562);
#2558 = LINE('',#2559,#2560);
#2559 = CARTESIAN_POINT('',(0.,0.));
#2560 = VECTOR('',#2561,1.);
#2561 = DIRECTION('',(0.,1.));
#2562 = ( GEOMETRIC_REPRESENTATION_CONTEXT(2) 
PARAMETRIC_REPRESENTATION_CONTEXT() REPRESENTATION_CONTEXT('2D SPACE',''
  ) );
#2563 = PCURVE('',#2404,#2564);
#2564 = DEFINITIONAL_REPRESENTATION('',(#2565),#2569);
#2565 = LINE('',#2566,#2567);
#2566 = CARTESIAN_POINT('',(8.8,0.));
#2567 = VECTOR('',#2568,1.);
#2568 = DIRECTION('',(0.,-1.));
#2569 = ( GEOMETRIC_REPRESENTATION_CONTEXT(2) 
PARAMETRIC_REPRESENTATION_CONTEXT() REPRESENTATION_CONTEXT('2D SPACE',''
  ) );
#2570 = ORIENTED_EDGE('',*,*,#2365,.T.);
#2571 = ORIENTED_EDGE('',*,*,#548,.T.);
#2572 = ORIENTED_EDGE('',*,*,#2520,.F.);
#2573 = ADVANCED_FACE('',(#2574),#872,.F.);
#2574 = FACE_BOUND('',#2575,.T.);
#2575 = EDGE_LOOP('',(#2576,#2597,#2598,#2599));
#2576 = ORIENTED_EDGE('',*,*,#2577,.F.);
#2577 = EDGE_CURVE('',#2390,#2472,#2578,.T.);
#2578 = SURFACE_CURVE('',#2579,(#2583,#2590),.PCURVE_S1.);
#2579 = LINE('',#2580,#2581);
#2580 = CARTESIAN_POINT('',(-3.9,76.,1.45));
#2581 = VECTOR('',#2582,1.);
#2582 = DIRECTION('',(0.,-1.,0.));
#2583 = PCURVE('',#872,#2584);
#2584 = DEFINITIONAL_REPRESENTATION('',(#2585),#2589);
#2585 = LINE('',#2586,#2587);
#2586 = CARTESIAN_POINT('',(-0.,0.));
#2587 = VECTOR('',#2588,1.);
#2588 = DIRECTION('',(-0.,1.));
#2589 = ( GEOMETRIC_REPRESENTATION_CONTEXT(2) 
PARAMETRIC_REPRESENTATION_CONTEXT() REPRESENTATION_CONTEXT('2D SPACE',''
  ) );
#2590 = PCURVE('',#2404,#2591);
#2591 = DEFINITIONAL_REPRESENTATION('',(#2592),#2596);
#2592 = LINE('',#2593,#2594);
#2593 = CARTESIAN_POINT('',(1.,0.));
#2594 = VECTOR('',#2595,1.);
#2595 = DIRECTION('',(0.,-1.));
#2596 = ( GEOMETRIC_REPRESENTATION_CONTEXT(2) 
PARAMETRIC_REPRESENTATION_CONTEXT() REPRESENTATION_CONTEXT('2D SPACE',''
  ) );
#2597 = ORIENTED_EDGE('',*,*,#2415,.F.);
#2598 = ORIENTED_EDGE('',*,*,#858,.T.);
#2599 = ORIENTED_EDGE('',*,*,#2471,.T.);
#2600 = ADVANCED_FACE('',(#2601),#954,.T.);
#2601 = FACE_BOUND('',#2602,.T.);
#2602 = EDGE_LOOP('',(#2603,#2604,#2625,#2626));
#2603 = ORIENTED_EDGE('',*,*,#2013,.F.);
#2604 = ORIENTED_EDGE('',*,*,#2605,.F.);
#2605 = EDGE_CURVE('',#937,#2014,#2606,.T.);
#2606 = SURFACE_CURVE('',#2607,(#2611,#2618),.PCURVE_S1.);
#2607 = LINE('',#2608,#2609);
#2608 = CARTESIAN_POINT('',(-9.2,49.7,0.8));
#2609 = VECTOR('',#2610,1.);
#2610 = DIRECTION('',(1.,0.,-0.));
#2611 = PCURVE('',#954,#2612);
#2612 = DEFINITIONAL_REPRESENTATION('',(#2613),#2617);
#2613 = LINE('',#2614,#2615);
#2614 = CARTESIAN_POINT('',(0.,0.));
#2615 = VECTOR('',#2616,1.);
#2616 = DIRECTION('',(0.,1.));
#2617 = ( GEOMETRIC_REPRESENTATION_CONTEXT(2) 
PARAMETRIC_REPRESENTATION_CONTEXT() REPRESENTATION_CONTEXT('2D SPACE',''
  ) );
#2618 = PCURVE('',#982,#2619);
#2619 = DEFINITIONAL_REPRESENTATION('',(#2620),#2624);
#2620 = LINE('',#2621,#2622);
#2621 = CARTESIAN_POINT('',(0.,0.));
#2622 = VECTOR('',#2623,1.);
#2623 = DIRECTION('',(1.,0.));
#2624 = ( GEOMETRIC_REPRESENTATION_CONTEXT(2) 
PARAMETRIC_REPRESENTATION_CONTEXT() REPRESENTATION_CONTEXT('2D SPACE',''
  ) );
#2625 = ORIENTED_EDGE('',*,*,#936,.T.);
#2626 = ORIENTED_EDGE('',*,*,#1133,.T.);
#2627 = ADVANCED_FACE('',(#2628,#2634),#982,.T.);
#2628 = FACE_BOUND('',#2629,.T.);
#2629 = EDGE_LOOP('',(#2630,#2631,#2632,#2633));
#2630 = ORIENTED_EDGE('',*,*,#966,.F.);
#2631 = ORIENTED_EDGE('',*,*,#2605,.T.);
#2632 = ORIENTED_EDGE('',*,*,#2036,.T.);
#2633 = ORIENTED_EDGE('',*,*,#2447,.F.);
#2634 = FACE_BOUND('',#2635,.T.);
#2635 = EDGE_LOOP('',(#2636,#2664,#2690,#2716));
#2636 = ORIENTED_EDGE('',*,*,#2637,.T.);
#2637 = EDGE_CURVE('',#2638,#2640,#2642,.T.);
#2638 = VERTEX_POINT('',#2639);
#2639 = CARTESIAN_POINT('',(6.7,50.5,0.8));
#2640 = VERTEX_POINT('',#2641);
#2641 = CARTESIAN_POINT('',(-6.7,50.5,0.8));
#2642 = SURFACE_CURVE('',#2643,(#2647,#2653),.PCURVE_S1.);
#2643 = LINE('',#2644,#2645);
#2644 = CARTESIAN_POINT('',(-7.95,50.5,0.8));
#2645 = VECTOR('',#2646,1.);
#2646 = DIRECTION('',(-1.,-0.,0.));
#2647 = PCURVE('',#982,#2648);
#2648 = DEFINITIONAL_REPRESENTATION('',(#2649),#2652);
#2649 = B_SPLINE_CURVE_WITH_KNOTS('',1,(#2650,#2651),.UNSPECIFIED.,.F.,
  .F.,(2,2),(-14.65,-1.25),.PIECEWISE_BEZIER_KNOTS.);
#2650 = CARTESIAN_POINT('',(15.9,0.8));
#2651 = CARTESIAN_POINT('',(2.5,0.8));
#2652 = ( GEOMETRIC_REPRESENTATION_CONTEXT(2) 
PARAMETRIC_REPRESENTATION_CONTEXT() REPRESENTATION_CONTEXT('2D SPACE',''
  ) );
#2653 = PCURVE('',#2654,#2659);
#2654 = PLANE('',#2655);
#2655 = AXIS2_PLACEMENT_3D('',#2656,#2657,#2658);
#2656 = CARTESIAN_POINT('',(-6.7,50.5,0.79));
#2657 = DIRECTION('',(-0.,1.,0.));
#2658 = DIRECTION('',(0.,0.,1.));
#2659 = DEFINITIONAL_REPRESENTATION('',(#2660),#2663);
#2660 = B_SPLINE_CURVE_WITH_KNOTS('',1,(#2661,#2662),.UNSPECIFIED.,.F.,
  .F.,(2,2),(-14.65,-1.25),.PIECEWISE_BEZIER_KNOTS.);
#2661 = CARTESIAN_POINT('',(1.E-02,13.4));
#2662 = CARTESIAN_POINT('',(1.E-02,0.));
#2663 = ( GEOMETRIC_REPRESENTATION_CONTEXT(2) 
PARAMETRIC_REPRESENTATION_CONTEXT() REPRESENTATION_CONTEXT('2D SPACE',''
  ) );
#2664 = ORIENTED_EDGE('',*,*,#2665,.T.);
#2665 = EDGE_CURVE('',#2640,#2666,#2668,.T.);
#2666 = VERTEX_POINT('',#2667);
#2667 = CARTESIAN_POINT('',(-6.7,68.,0.8));
#2668 = SURFACE_CURVE('',#2669,(#2673,#2679),.PCURVE_S1.);
#2669 = LINE('',#2670,#2671);
#2670 = CARTESIAN_POINT('',(-6.7,50.1,0.8));
#2671 = VECTOR('',#2672,1.);
#2672 = DIRECTION('',(-0.,1.,0.));
#2673 = PCURVE('',#982,#2674);
#2674 = DEFINITIONAL_REPRESENTATION('',(#2675),#2678);
#2675 = B_SPLINE_CURVE_WITH_KNOTS('',1,(#2676,#2677),.UNSPECIFIED.,.F.,
  .F.,(2,2),(0.4,17.9),.PIECEWISE_BEZIER_KNOTS.);
#2676 = CARTESIAN_POINT('',(2.5,0.8));
#2677 = CARTESIAN_POINT('',(2.5,18.3));
#2678 = ( GEOMETRIC_REPRESENTATION_CONTEXT(2) 
PARAMETRIC_REPRESENTATION_CONTEXT() REPRESENTATION_CONTEXT('2D SPACE',''
  ) );
#2679 = PCURVE('',#2680,#2685);
#2680 = PLANE('',#2681);
#2681 = AXIS2_PLACEMENT_3D('',#2682,#2683,#2684);
#2682 = CARTESIAN_POINT('',(-6.7,50.5,0.79));
#2683 = DIRECTION('',(1.,0.,-0.));
#2684 = DIRECTION('',(0.,0.,1.));
#2685 = DEFINITIONAL_REPRESENTATION('',(#2686),#2689);
#2686 = B_SPLINE_CURVE_WITH_KNOTS('',1,(#2687,#2688),.UNSPECIFIED.,.F.,
  .F.,(2,2),(0.4,17.9),.PIECEWISE_BEZIER_KNOTS.);
#2687 = CARTESIAN_POINT('',(1.E-02,0.));
#2688 = CARTESIAN_POINT('',(1.E-02,-17.5));
#2689 = ( GEOMETRIC_REPRESENTATION_CONTEXT(2) 
PARAMETRIC_REPRESENTATION_CONTEXT() REPRESENTATION_CONTEXT('2D SPACE',''
  ) );
#2690 = ORIENTED_EDGE('',*,*,#2691,.F.);
#2691 = EDGE_CURVE('',#2692,#2666,#2694,.T.);
#2692 = VERTEX_POINT('',#2693);
#2693 = CARTESIAN_POINT('',(6.7,68.,0.8));
#2694 = SURFACE_CURVE('',#2695,(#2699,#2705),.PCURVE_S1.);
#2695 = LINE('',#2696,#2697);
#2696 = CARTESIAN_POINT('',(-7.95,68.,0.8));
#2697 = VECTOR('',#2698,1.);
#2698 = DIRECTION('',(-1.,-0.,0.));
#2699 = PCURVE('',#982,#2700);
#2700 = DEFINITIONAL_REPRESENTATION('',(#2701),#2704);
#2701 = B_SPLINE_CURVE_WITH_KNOTS('',1,(#2702,#2703),.UNSPECIFIED.,.F.,
  .F.,(2,2),(-14.65,-1.25),.PIECEWISE_BEZIER_KNOTS.);
#2702 = CARTESIAN_POINT('',(15.9,18.3));
#2703 = CARTESIAN_POINT('',(2.5,18.3));
#2704 = ( GEOMETRIC_REPRESENTATION_CONTEXT(2) 
PARAMETRIC_REPRESENTATION_CONTEXT() REPRESENTATION_CONTEXT('2D SPACE',''
  ) );
#2705 = PCURVE('',#2706,#2711);
#2706 = PLANE('',#2707);
#2707 = AXIS2_PLACEMENT_3D('',#2708,#2709,#2710);
#2708 = CARTESIAN_POINT('',(-6.7,68.,0.79));
#2709 = DIRECTION('',(-0.,1.,0.));
#2710 = DIRECTION('',(0.,0.,1.));
#2711 = DEFINITIONAL_REPRESENTATION('',(#2712),#2715);
#2712 = B_SPLINE_CURVE_WITH_KNOTS('',1,(#2713,#2714),.UNSPECIFIED.,.F.,
  .F.,(2,2),(-14.65,-1.25),.PIECEWISE_BEZIER_KNOTS.);
#2713 = CARTESIAN_POINT('',(1.E-02,13.4));
#2714 = CARTESIAN_POINT('',(1.E-02,0.));
#2715 = ( GEOMETRIC_REPRESENTATION_CONTEXT(2) 
PARAMETRIC_REPRESENTATION_CONTEXT() REPRESENTATION_CONTEXT('2D SPACE',''
  ) );
#2716 = ORIENTED_EDGE('',*,*,#2717,.F.);
#2717 = EDGE_CURVE('',#2638,#2692,#2718,.T.);
#2718 = SURFACE_CURVE('',#2719,(#2723,#2729),.PCURVE_S1.);
#2719 = LINE('',#2720,#2721);
#2720 = CARTESIAN_POINT('',(6.7,50.1,0.8));
#2721 = VECTOR('',#2722,1.);
#2722 = DIRECTION('',(-0.,1.,0.));
#2723 = PCURVE('',#982,#2724);
#2724 = DEFINITIONAL_REPRESENTATION('',(#2725),#2728);
#2725 = B_SPLINE_CURVE_WITH_KNOTS('',1,(#2726,#2727),.UNSPECIFIED.,.F.,
  .F.,(2,2),(0.4,17.9),.PIECEWISE_BEZIER_KNOTS.);
#2726 = CARTESIAN_POINT('',(15.9,0.8));
#2727 = CARTESIAN_POINT('',(15.9,18.3));
#2728 = ( GEOMETRIC_REPRESENTATION_CONTEXT(2) 
PARAMETRIC_REPRESENTATION_CONTEXT() REPRESENTATION_CONTEXT('2D SPACE',''
  ) );
#2729 = PCURVE('',#2730,#2735);
#2730 = PLANE('',#2731);
#2731 = AXIS2_PLACEMENT_3D('',#2732,#2733,#2734);
#2732 = CARTESIAN_POINT('',(6.7,50.5,0.79));
#2733 = DIRECTION('',(1.,0.,-0.));
#2734 = DIRECTION('',(0.,0.,1.));
#2735 = DEFINITIONAL_REPRESENTATION('',(#2736),#2739);
#2736 = B_SPLINE_CURVE_WITH_KNOTS('',1,(#2737,#2738),.UNSPECIFIED.,.F.,
  .F.,(2,2),(0.4,17.9),.PIECEWISE_BEZIER_KNOTS.);
#2737 = CARTESIAN_POINT('',(1.E-02,0.));
#2738 = CARTESIAN_POINT('',(1.E-02,-17.5));
#2739 = ( GEOMETRIC_REPRESENTATION_CONTEXT(2) 
PARAMETRIC_REPRESENTATION_CONTEXT() REPRESENTATION_CONTEXT('2D SPACE',''
  ) );
#2740 = ADVANCED_FACE('',(#2741),#1099,.F.);
#2741 = FACE_BOUND('',#2742,.F.);
#2742 = EDGE_LOOP('',(#2743,#2766,#2794,#2815,#2816,#2817));
#2743 = ORIENTED_EDGE('',*,*,#2744,.F.);
#2744 = EDGE_CURVE('',#2745,#1960,#2747,.T.);
#2745 = VERTEX_POINT('',#2746);
#2746 = CARTESIAN_POINT('',(18.,48.,-3.8));
#2747 = SURFACE_CURVE('',#2748,(#2752,#2759),.PCURVE_S1.);
#2748 = LINE('',#2749,#2750);
#2749 = CARTESIAN_POINT('',(18.,48.,-3.8));
#2750 = VECTOR('',#2751,1.);
#2751 = DIRECTION('',(0.,0.,1.));
#2752 = PCURVE('',#1099,#2753);
#2753 = DEFINITIONAL_REPRESENTATION('',(#2754),#2758);
#2754 = LINE('',#2755,#2756);
#2755 = CARTESIAN_POINT('',(0.,36.));
#2756 = VECTOR('',#2757,1.);
#2757 = DIRECTION('',(1.,0.));
#2758 = ( GEOMETRIC_REPRESENTATION_CONTEXT(2) 
PARAMETRIC_REPRESENTATION_CONTEXT() REPRESENTATION_CONTEXT('2D SPACE',''
  ) );
#2759 = PCURVE('',#1974,#2760);
#2760 = DEFINITIONAL_REPRESENTATION('',(#2761),#2765);
#2761 = LINE('',#2762,#2763);
#2762 = CARTESIAN_POINT('',(0.,-20.));
#2763 = VECTOR('',#2764,1.);
#2764 = DIRECTION('',(1.,0.));
#2765 = ( GEOMETRIC_REPRESENTATION_CONTEXT(2) 
PARAMETRIC_REPRESENTATION_CONTEXT() REPRESENTATION_CONTEXT('2D SPACE',''
  ) );
#2766 = ORIENTED_EDGE('',*,*,#2767,.F.);
#2767 = EDGE_CURVE('',#2768,#2745,#2770,.T.);
#2768 = VERTEX_POINT('',#2769);
#2769 = CARTESIAN_POINT('',(-18.,48.,-3.8));
#2770 = SURFACE_CURVE('',#2771,(#2775,#2782),.PCURVE_S1.);
#2771 = LINE('',#2772,#2773);
#2772 = CARTESIAN_POINT('',(-18.,48.,-3.8));
#2773 = VECTOR('',#2774,1.);
#2774 = DIRECTION('',(1.,0.,-0.));
#2775 = PCURVE('',#1099,#2776);
#2776 = DEFINITIONAL_REPRESENTATION('',(#2777),#2781);
#2777 = LINE('',#2778,#2779);
#2778 = CARTESIAN_POINT('',(0.,0.));
#2779 = VECTOR('',#2780,1.);
#2780 = DIRECTION('',(0.,1.));
#2781 = ( GEOMETRIC_REPRESENTATION_CONTEXT(2) 
PARAMETRIC_REPRESENTATION_CONTEXT() REPRESENTATION_CONTEXT('2D SPACE',''
  ) );
#2782 = PCURVE('',#2783,#2788);
#2783 = PLANE('',#2784);
#2784 = AXIS2_PLACEMENT_3D('',#2785,#2786,#2787);
#2785 = CARTESIAN_POINT('',(-18.,28.,-3.8));
#2786 = DIRECTION('',(0.,0.,1.));
#2787 = DIRECTION('',(1.,0.,-0.));
#2788 = DEFINITIONAL_REPRESENTATION('',(#2789),#2793);
#2789 = LINE('',#2790,#2791);
#2790 = CARTESIAN_POINT('',(0.,20.));
#2791 = VECTOR('',#2792,1.);
#2792 = DIRECTION('',(1.,0.));
#2793 = ( GEOMETRIC_REPRESENTATION_CONTEXT(2) 
PARAMETRIC_REPRESENTATION_CONTEXT() REPRESENTATION_CONTEXT('2D SPACE',''
  ) );
#2794 = ORIENTED_EDGE('',*,*,#2795,.T.);
#2795 = EDGE_CURVE('',#2768,#1254,#2796,.T.);
#2796 = SURFACE_CURVE('',#2797,(#2801,#2808),.PCURVE_S1.);
#2797 = LINE('',#2798,#2799);
#2798 = CARTESIAN_POINT('',(-18.,48.,-3.8));
#2799 = VECTOR('',#2800,1.);
#2800 = DIRECTION('',(0.,0.,1.));
#2801 = PCURVE('',#1099,#2802);
#2802 = DEFINITIONAL_REPRESENTATION('',(#2803),#2807);
#2803 = LINE('',#2804,#2805);
#2804 = CARTESIAN_POINT('',(0.,0.));
#2805 = VECTOR('',#2806,1.);
#2806 = DIRECTION('',(1.,0.));
#2807 = ( GEOMETRIC_REPRESENTATION_CONTEXT(2) 
PARAMETRIC_REPRESENTATION_CONTEXT() REPRESENTATION_CONTEXT('2D SPACE',''
  ) );
#2808 = PCURVE('',#1292,#2809);
#2809 = DEFINITIONAL_REPRESENTATION('',(#2810),#2814);
#2810 = LINE('',#2811,#2812);
#2811 = CARTESIAN_POINT('',(0.,-20.));
#2812 = VECTOR('',#2813,1.);
#2813 = DIRECTION('',(1.,0.));
#2814 = ( GEOMETRIC_REPRESENTATION_CONTEXT(2) 
PARAMETRIC_REPRESENTATION_CONTEXT() REPRESENTATION_CONTEXT('2D SPACE',''
  ) );
#2815 = ORIENTED_EDGE('',*,*,#1253,.F.);
#2816 = ORIENTED_EDGE('',*,*,#1084,.T.);
#2817 = ORIENTED_EDGE('',*,*,#1985,.F.);
#2818 = ADVANCED_FACE('',(#2819),#1196,.F.);
#2819 = FACE_BOUND('',#2820,.F.);
#2820 = EDGE_LOOP('',(#2821,#2822,#2823,#2851));
#2821 = ORIENTED_EDGE('',*,*,#1391,.T.);
#2822 = ORIENTED_EDGE('',*,*,#1155,.F.);
#2823 = ORIENTED_EDGE('',*,*,#2824,.F.);
#2824 = EDGE_CURVE('',#2825,#1156,#2827,.T.);
#2825 = VERTEX_POINT('',#2826);
#2826 = CARTESIAN_POINT('',(-17.5,2.299038105677,10.982050807569));
#2827 = SURFACE_CURVE('',#2828,(#2832,#2839),.PCURVE_S1.);
#2828 = LINE('',#2829,#2830);
#2829 = CARTESIAN_POINT('',(-17.5,1.,11.732050807569));
#2830 = VECTOR('',#2831,1.);
#2831 = DIRECTION('',(0.,0.866025403784,-0.5));
#2832 = PCURVE('',#1196,#2833);
#2833 = DEFINITIONAL_REPRESENTATION('',(#2834),#2838);
#2834 = LINE('',#2835,#2836);
#2835 = CARTESIAN_POINT('',(3.14159265359,0.));
#2836 = VECTOR('',#2837,1.);
#2837 = DIRECTION('',(0.,1.));
#2838 = ( GEOMETRIC_REPRESENTATION_CONTEXT(2) 
PARAMETRIC_REPRESENTATION_CONTEXT() REPRESENTATION_CONTEXT('2D SPACE',''
  ) );
#2839 = PCURVE('',#2840,#2845);
#2840 = PLANE('',#2841);
#2841 = AXIS2_PLACEMENT_3D('',#2842,#2843,#2844);
#2842 = CARTESIAN_POINT('',(4.440892098501E-15,1.,11.732050807569));
#2843 = DIRECTION('',(-5.947623346206E-16,-0.5,-0.866025403784));
#2844 = DIRECTION('',(-1.,2.973811673103E-16,5.150792909956E-16));
#2845 = DEFINITIONAL_REPRESENTATION('',(#2846),#2850);
#2846 = LINE('',#2847,#2848);
#2847 = CARTESIAN_POINT('',(17.5,1.742183488199E-16));
#2848 = VECTOR('',#2849,1.);
#2849 = DIRECTION('',(0.,1.));
#2850 = ( GEOMETRIC_REPRESENTATION_CONTEXT(2) 
PARAMETRIC_REPRESENTATION_CONTEXT() REPRESENTATION_CONTEXT('2D SPACE',''
  ) );
#2851 = ORIENTED_EDGE('',*,*,#2852,.F.);
#2852 = EDGE_CURVE('',#1364,#2825,#2853,.T.);
#2853 = SURFACE_CURVE('',#2854,(#2859,#2866),.PCURVE_S1.);
#2854 = CIRCLE('',#2855,5.);
#2855 = AXIS2_PLACEMENT_3D('',#2856,#2857,#2858);
#2856 = CARTESIAN_POINT('',(-17.5,4.799038105677,15.312177826491));
#2857 = DIRECTION('',(0.,-0.866025403784,0.5));
#2858 = DIRECTION('',(0.,-0.5,-0.866025403784));
#2859 = PCURVE('',#1196,#2860);
#2860 = DEFINITIONAL_REPRESENTATION('',(#2861),#2865);
#2861 = LINE('',#2862,#2863);
#2862 = CARTESIAN_POINT('',(9.424777960769,1.5));
#2863 = VECTOR('',#2864,1.);
#2864 = DIRECTION('',(-1.,0.));
#2865 = ( GEOMETRIC_REPRESENTATION_CONTEXT(2) 
PARAMETRIC_REPRESENTATION_CONTEXT() REPRESENTATION_CONTEXT('2D SPACE',''
  ) );
#2866 = PCURVE('',#1379,#2867);
#2867 = DEFINITIONAL_REPRESENTATION('',(#2868),#2872);
#2868 = CIRCLE('',#2869,5.);
#2869 = AXIS2_PLACEMENT_2D('',#2870,#2871);
#2870 = CARTESIAN_POINT('',(-17.5,-12.));
#2871 = DIRECTION('',(0.,-1.));
#2872 = ( GEOMETRIC_REPRESENTATION_CONTEXT(2) 
PARAMETRIC_REPRESENTATION_CONTEXT() REPRESENTATION_CONTEXT('2D SPACE',''
  ) );
#2873 = ADVANCED_FACE('',(#2874),#1346,.F.);
#2874 = FACE_BOUND('',#2875,.F.);
#2875 = EDGE_LOOP('',(#2876,#2895,#2896,#2917));
#2876 = ORIENTED_EDGE('',*,*,#2877,.T.);
#2877 = EDGE_CURVE('',#1304,#1913,#2878,.T.);
#2878 = SURFACE_CURVE('',#2879,(#2883,#2889),.PCURVE_S1.);
#2879 = LINE('',#2880,#2881);
#2880 = CARTESIAN_POINT('',(-9.,28.,2.));
#2881 = VECTOR('',#2882,1.);
#2882 = DIRECTION('',(1.,0.,-5.947623346206E-16));
#2883 = PCURVE('',#1346,#2884);
#2884 = DEFINITIONAL_REPRESENTATION('',(#2885),#2888);
#2885 = B_SPLINE_CURVE_WITH_KNOTS('',1,(#2886,#2887),.UNSPECIFIED.,.F.,
  .F.,(2,2),(-8.5,26.5),.PIECEWISE_BEZIER_KNOTS.);
#2886 = CARTESIAN_POINT('',(10.679491924311,-17.5));
#2887 = CARTESIAN_POINT('',(10.679491924311,17.5));
#2888 = ( GEOMETRIC_REPRESENTATION_CONTEXT(2) 
PARAMETRIC_REPRESENTATION_CONTEXT() REPRESENTATION_CONTEXT('2D SPACE',''
  ) );
#2889 = PCURVE('',#1320,#2890);
#2890 = DEFINITIONAL_REPRESENTATION('',(#2891),#2894);
#2891 = B_SPLINE_CURVE_WITH_KNOTS('',1,(#2892,#2893),.UNSPECIFIED.,.F.,
  .F.,(2,2),(-8.5,26.5),.PIECEWISE_BEZIER_KNOTS.);
#2892 = CARTESIAN_POINT('',(5.8,0.5));
#2893 = CARTESIAN_POINT('',(5.8,35.5));
#2894 = ( GEOMETRIC_REPRESENTATION_CONTEXT(2) 
PARAMETRIC_REPRESENTATION_CONTEXT() REPRESENTATION_CONTEXT('2D SPACE',''
  ) );
#2895 = ORIENTED_EDGE('',*,*,#1912,.F.);
#2896 = ORIENTED_EDGE('',*,*,#2897,.T.);
#2897 = EDGE_CURVE('',#1845,#1156,#2898,.T.);
#2898 = SURFACE_CURVE('',#2899,(#2903,#2910),.PCURVE_S1.);
#2899 = LINE('',#2900,#2901);
#2900 = CARTESIAN_POINT('',(4.440892098501E-15,17.856406460551,2.));
#2901 = VECTOR('',#2902,1.);
#2902 = DIRECTION('',(-1.,1.5936608725E-16,5.947623346206E-16));
#2903 = PCURVE('',#1346,#2904);
#2904 = DEFINITIONAL_REPRESENTATION('',(#2905),#2909);
#2905 = LINE('',#2906,#2907);
#2906 = CARTESIAN_POINT('',(0.535898384862,0.));
#2907 = VECTOR('',#2908,1.);
#2908 = DIRECTION('',(1.5936608725E-16,-1.));
#2909 = ( GEOMETRIC_REPRESENTATION_CONTEXT(2) 
PARAMETRIC_REPRESENTATION_CONTEXT() REPRESENTATION_CONTEXT('2D SPACE',''
  ) );
#2910 = PCURVE('',#2840,#2911);
#2911 = DEFINITIONAL_REPRESENTATION('',(#2912),#2916);
#2912 = LINE('',#2913,#2914);
#2913 = CARTESIAN_POINT('',(0.,19.464101615138));
#2914 = VECTOR('',#2915,1.);
#2915 = DIRECTION('',(1.,-1.5936608725E-16));
#2916 = ( GEOMETRIC_REPRESENTATION_CONTEXT(2) 
PARAMETRIC_REPRESENTATION_CONTEXT() REPRESENTATION_CONTEXT('2D SPACE',''
  ) );
#2917 = ORIENTED_EDGE('',*,*,#1332,.T.);
#2918 = ADVANCED_FACE('',(#2919),#1320,.T.);
#2919 = FACE_BOUND('',#2920,.T.);
#2920 = EDGE_LOOP('',(#2921,#2944,#2967,#2988,#2989,#2990));
#2921 = ORIENTED_EDGE('',*,*,#2922,.F.);
#2922 = EDGE_CURVE('',#2923,#1936,#2925,.T.);
#2923 = VERTEX_POINT('',#2924);
#2924 = CARTESIAN_POINT('',(18.,28.,-3.8));
#2925 = SURFACE_CURVE('',#2926,(#2930,#2937),.PCURVE_S1.);
#2926 = LINE('',#2927,#2928);
#2927 = CARTESIAN_POINT('',(18.,28.,-3.8));
#2928 = VECTOR('',#2929,1.);
#2929 = DIRECTION('',(0.,0.,1.));
#2930 = PCURVE('',#1320,#2931);
#2931 = DEFINITIONAL_REPRESENTATION('',(#2932),#2936);
#2932 = LINE('',#2933,#2934);
#2933 = CARTESIAN_POINT('',(0.,36.));
#2934 = VECTOR('',#2935,1.);
#2935 = DIRECTION('',(1.,0.));
#2936 = ( GEOMETRIC_REPRESENTATION_CONTEXT(2) 
PARAMETRIC_REPRESENTATION_CONTEXT() REPRESENTATION_CONTEXT('2D SPACE',''
  ) );
#2937 = PCURVE('',#1974,#2938);
#2938 = DEFINITIONAL_REPRESENTATION('',(#2939),#2943);
#2939 = LINE('',#2940,#2941);
#2940 = CARTESIAN_POINT('',(0.,0.));
#2941 = VECTOR('',#2942,1.);
#2942 = DIRECTION('',(1.,0.));
#2943 = ( GEOMETRIC_REPRESENTATION_CONTEXT(2) 
PARAMETRIC_REPRESENTATION_CONTEXT() REPRESENTATION_CONTEXT('2D SPACE',''
  ) );
#2944 = ORIENTED_EDGE('',*,*,#2945,.F.);
#2945 = EDGE_CURVE('',#2946,#2923,#2948,.T.);
#2946 = VERTEX_POINT('',#2947);
#2947 = CARTESIAN_POINT('',(-18.,28.,-3.8));
#2948 = SURFACE_CURVE('',#2949,(#2953,#2960),.PCURVE_S1.);
#2949 = LINE('',#2950,#2951);
#2950 = CARTESIAN_POINT('',(-18.,28.,-3.8));
#2951 = VECTOR('',#2952,1.);
#2952 = DIRECTION('',(1.,0.,-0.));
#2953 = PCURVE('',#1320,#2954);
#2954 = DEFINITIONAL_REPRESENTATION('',(#2955),#2959);
#2955 = LINE('',#2956,#2957);
#2956 = CARTESIAN_POINT('',(0.,0.));
#2957 = VECTOR('',#2958,1.);
#2958 = DIRECTION('',(0.,1.));
#2959 = ( GEOMETRIC_REPRESENTATION_CONTEXT(2) 
PARAMETRIC_REPRESENTATION_CONTEXT() REPRESENTATION_CONTEXT('2D SPACE',''
  ) );
#2960 = PCURVE('',#2783,#2961);
#2961 = DEFINITIONAL_REPRESENTATION('',(#2962),#2966);
#2962 = LINE('',#2963,#2964);
#2963 = CARTESIAN_POINT('',(0.,0.));
#2964 = VECTOR('',#2965,1.);
#2965 = DIRECTION('',(1.,0.));
#2966 = ( GEOMETRIC_REPRESENTATION_CONTEXT(2) 
PARAMETRIC_REPRESENTATION_CONTEXT() REPRESENTATION_CONTEXT('2D SPACE',''
  ) );
#2967 = ORIENTED_EDGE('',*,*,#2968,.T.);
#2968 = EDGE_CURVE('',#2946,#1278,#2969,.T.);
#2969 = SURFACE_CURVE('',#2970,(#2974,#2981),.PCURVE_S1.);
#2970 = LINE('',#2971,#2972);
#2971 = CARTESIAN_POINT('',(-18.,28.,-3.8));
#2972 = VECTOR('',#2973,1.);
#2973 = DIRECTION('',(0.,0.,1.));
#2974 = PCURVE('',#1320,#2975);
#2975 = DEFINITIONAL_REPRESENTATION('',(#2976),#2980);
#2976 = LINE('',#2977,#2978);
#2977 = CARTESIAN_POINT('',(0.,0.));
#2978 = VECTOR('',#2979,1.);
#2979 = DIRECTION('',(1.,0.));
#2980 = ( GEOMETRIC_REPRESENTATION_CONTEXT(2) 
PARAMETRIC_REPRESENTATION_CONTEXT() REPRESENTATION_CONTEXT('2D SPACE',''
  ) );
#2981 = PCURVE('',#1292,#2982);
#2982 = DEFINITIONAL_REPRESENTATION('',(#2983),#2987);
#2983 = LINE('',#2984,#2985);
#2984 = CARTESIAN_POINT('',(0.,0.));
#2985 = VECTOR('',#2986,1.);
#2986 = DIRECTION('',(1.,0.));
#2987 = ( GEOMETRIC_REPRESENTATION_CONTEXT(2) 
PARAMETRIC_REPRESENTATION_CONTEXT() REPRESENTATION_CONTEXT('2D SPACE',''
  ) );
#2988 = ORIENTED_EDGE('',*,*,#1303,.F.);
#2989 = ORIENTED_EDGE('',*,*,#2877,.T.);
#2990 = ORIENTED_EDGE('',*,*,#1935,.F.);
#2991 = ADVANCED_FACE('',(#2992),#1292,.T.);
#2992 = FACE_BOUND('',#2993,.T.);
#2993 = EDGE_LOOP('',(#2994,#2995,#3016,#3017));
#2994 = ORIENTED_EDGE('',*,*,#2968,.F.);
#2995 = ORIENTED_EDGE('',*,*,#2996,.T.);
#2996 = EDGE_CURVE('',#2946,#2768,#2997,.T.);
#2997 = SURFACE_CURVE('',#2998,(#3002,#3009),.PCURVE_S1.);
#2998 = LINE('',#2999,#3000);
#2999 = CARTESIAN_POINT('',(-18.,28.,-3.8));
#3000 = VECTOR('',#3001,1.);
#3001 = DIRECTION('',(-0.,1.,0.));
#3002 = PCURVE('',#1292,#3003);
#3003 = DEFINITIONAL_REPRESENTATION('',(#3004),#3008);
#3004 = LINE('',#3005,#3006);
#3005 = CARTESIAN_POINT('',(0.,0.));
#3006 = VECTOR('',#3007,1.);
#3007 = DIRECTION('',(0.,-1.));
#3008 = ( GEOMETRIC_REPRESENTATION_CONTEXT(2) 
PARAMETRIC_REPRESENTATION_CONTEXT() REPRESENTATION_CONTEXT('2D SPACE',''
  ) );
#3009 = PCURVE('',#2783,#3010);
#3010 = DEFINITIONAL_REPRESENTATION('',(#3011),#3015);
#3011 = LINE('',#3012,#3013);
#3012 = CARTESIAN_POINT('',(0.,0.));
#3013 = VECTOR('',#3014,1.);
#3014 = DIRECTION('',(0.,1.));
#3015 = ( GEOMETRIC_REPRESENTATION_CONTEXT(2) 
PARAMETRIC_REPRESENTATION_CONTEXT() REPRESENTATION_CONTEXT('2D SPACE',''
  ) );
#3016 = ORIENTED_EDGE('',*,*,#2795,.T.);
#3017 = ORIENTED_EDGE('',*,*,#1277,.F.);
#3018 = ADVANCED_FACE('',(#3019,#3138),#1379,.T.);
#3019 = FACE_BOUND('',#3020,.T.);
#3020 = EDGE_LOOP('',(#3021,#3045,#3046,#3070,#3091,#3092,#3093,#3117));
#3021 = ORIENTED_EDGE('',*,*,#3022,.F.);
#3022 = EDGE_CURVE('',#1745,#3023,#3025,.T.);
#3023 = VERTEX_POINT('',#3024);
#3024 = CARTESIAN_POINT('',(17.5,19.299038105677,40.42691453624));
#3025 = SURFACE_CURVE('',#3026,(#3031,#3038),.PCURVE_S1.);
#3026 = CIRCLE('',#3027,5.);
#3027 = AXIS2_PLACEMENT_3D('',#3028,#3029,#3030);
#3028 = CARTESIAN_POINT('',(17.5,16.799038105677,36.096787517318));
#3029 = DIRECTION('',(0.,-0.866025403784,0.5));
#3030 = DIRECTION('',(0.,-0.5,-0.866025403784));
#3031 = PCURVE('',#1379,#3032);
#3032 = DEFINITIONAL_REPRESENTATION('',(#3033),#3037);
#3033 = CIRCLE('',#3034,5.);
#3034 = AXIS2_PLACEMENT_2D('',#3035,#3036);
#3035 = CARTESIAN_POINT('',(17.5,12.));
#3036 = DIRECTION('',(0.,-1.));
#3037 = ( GEOMETRIC_REPRESENTATION_CONTEXT(2) 
PARAMETRIC_REPRESENTATION_CONTEXT() REPRESENTATION_CONTEXT('2D SPACE',''
  ) );
#3038 = PCURVE('',#1707,#3039);
#3039 = DEFINITIONAL_REPRESENTATION('',(#3040),#3044);
#3040 = LINE('',#3041,#3042);
#3041 = CARTESIAN_POINT('',(3.14159265359,1.5));
#3042 = VECTOR('',#3043,1.);
#3043 = DIRECTION('',(-1.,0.));
#3044 = ( GEOMETRIC_REPRESENTATION_CONTEXT(2) 
PARAMETRIC_REPRESENTATION_CONTEXT() REPRESENTATION_CONTEXT('2D SPACE',''
  ) );
#3045 = ORIENTED_EDGE('',*,*,#1744,.T.);
#3046 = ORIENTED_EDGE('',*,*,#3047,.F.);
#3047 = EDGE_CURVE('',#3048,#1747,#3050,.T.);
#3048 = VERTEX_POINT('',#3049);
#3049 = CARTESIAN_POINT('',(17.5,2.299038105677,10.982050807569));
#3050 = SURFACE_CURVE('',#3051,(#3056,#3063),.PCURVE_S1.);
#3051 = CIRCLE('',#3052,5.);
#3052 = AXIS2_PLACEMENT_3D('',#3053,#3054,#3055);
#3053 = CARTESIAN_POINT('',(17.5,4.799038105677,15.312177826491));
#3054 = DIRECTION('',(0.,-0.866025403784,0.5));
#3055 = DIRECTION('',(0.,-0.5,-0.866025403784));
#3056 = PCURVE('',#1379,#3057);
#3057 = DEFINITIONAL_REPRESENTATION('',(#3058),#3062);
#3058 = CIRCLE('',#3059,5.);
#3059 = AXIS2_PLACEMENT_2D('',#3060,#3061);
#3060 = CARTESIAN_POINT('',(17.5,-12.));
#3061 = DIRECTION('',(0.,-1.));
#3062 = ( GEOMETRIC_REPRESENTATION_CONTEXT(2) 
PARAMETRIC_REPRESENTATION_CONTEXT() REPRESENTATION_CONTEXT('2D SPACE',''
  ) );
#3063 = PCURVE('',#1829,#3064);
#3064 = DEFINITIONAL_REPRESENTATION('',(#3065),#3069);
#3065 = LINE('',#3066,#3067);
#3066 = CARTESIAN_POINT('',(3.14159265359,1.5));
#3067 = VECTOR('',#3068,1.);
#3068 = DIRECTION('',(-1.,0.));
#3069 = ( GEOMETRIC_REPRESENTATION_CONTEXT(2) 
PARAMETRIC_REPRESENTATION_CONTEXT() REPRESENTATION_CONTEXT('2D SPACE',''
  ) );
#3070 = ORIENTED_EDGE('',*,*,#3071,.T.);
#3071 = EDGE_CURVE('',#3048,#2825,#3072,.T.);
#3072 = SURFACE_CURVE('',#3073,(#3077,#3084),.PCURVE_S1.);
#3073 = LINE('',#3074,#3075);
#3074 = CARTESIAN_POINT('',(-3.552713678801E-15,2.299038105677,
    10.982050807569));
#3075 = VECTOR('',#3076,1.);
#3076 = DIRECTION('',(-1.,2.973811673103E-16,5.150792909956E-16));
#3077 = PCURVE('',#1379,#3078);
#3078 = DEFINITIONAL_REPRESENTATION('',(#3079),#3083);
#3079 = LINE('',#3080,#3081);
#3080 = CARTESIAN_POINT('',(-3.552713678801E-15,-17.));
#3081 = VECTOR('',#3082,1.);
#3082 = DIRECTION('',(-1.,5.947623346206E-16));
#3083 = ( GEOMETRIC_REPRESENTATION_CONTEXT(2) 
PARAMETRIC_REPRESENTATION_CONTEXT() REPRESENTATION_CONTEXT('2D SPACE',''
  ) );
#3084 = PCURVE('',#2840,#3085);
#3085 = DEFINITIONAL_REPRESENTATION('',(#3086),#3090);
#3086 = LINE('',#3087,#3088);
#3087 = CARTESIAN_POINT('',(7.993605777301E-15,1.5));
#3088 = VECTOR('',#3089,1.);
#3089 = DIRECTION('',(1.,0.));
#3090 = ( GEOMETRIC_REPRESENTATION_CONTEXT(2) 
PARAMETRIC_REPRESENTATION_CONTEXT() REPRESENTATION_CONTEXT('2D SPACE',''
  ) );
#3091 = ORIENTED_EDGE('',*,*,#2852,.F.);
#3092 = ORIENTED_EDGE('',*,*,#1361,.F.);
#3093 = ORIENTED_EDGE('',*,*,#3094,.F.);
#3094 = EDGE_CURVE('',#3095,#1362,#3097,.T.);
#3095 = VERTEX_POINT('',#3096);
#3096 = CARTESIAN_POINT('',(-17.5,19.299038105677,40.42691453624));
#3097 = SURFACE_CURVE('',#3098,(#3103,#3110),.PCURVE_S1.);
#3098 = CIRCLE('',#3099,5.);
#3099 = AXIS2_PLACEMENT_3D('',#3100,#3101,#3102);
#3100 = CARTESIAN_POINT('',(-17.5,16.799038105677,36.096787517318));
#3101 = DIRECTION('',(0.,-0.866025403784,0.5));
#3102 = DIRECTION('',(0.,-0.5,-0.866025403784));
#3103 = PCURVE('',#1379,#3104);
#3104 = DEFINITIONAL_REPRESENTATION('',(#3105),#3109);
#3105 = CIRCLE('',#3106,5.);
#3106 = AXIS2_PLACEMENT_2D('',#3107,#3108);
#3107 = CARTESIAN_POINT('',(-17.5,12.));
#3108 = DIRECTION('',(0.,-1.));
#3109 = ( GEOMETRIC_REPRESENTATION_CONTEXT(2) 
PARAMETRIC_REPRESENTATION_CONTEXT() REPRESENTATION_CONTEXT('2D SPACE',''
  ) );
#3110 = PCURVE('',#1451,#3111);
#3111 = DEFINITIONAL_REPRESENTATION('',(#3112),#3116);
#3112 = LINE('',#3113,#3114);
#3113 = CARTESIAN_POINT('',(9.424777960769,1.5));
#3114 = VECTOR('',#3115,1.);
#3115 = DIRECTION('',(-1.,0.));
#3116 = ( GEOMETRIC_REPRESENTATION_CONTEXT(2) 
PARAMETRIC_REPRESENTATION_CONTEXT() REPRESENTATION_CONTEXT('2D SPACE',''
  ) );
#3117 = ORIENTED_EDGE('',*,*,#3118,.F.);
#3118 = EDGE_CURVE('',#3023,#3095,#3119,.T.);
#3119 = SURFACE_CURVE('',#3120,(#3124,#3131),.PCURVE_S1.);
#3120 = LINE('',#3121,#3122);
#3121 = CARTESIAN_POINT('',(3.552713678801E-15,19.299038105677,
    40.42691453624));
#3122 = VECTOR('',#3123,1.);
#3123 = DIRECTION('',(-1.,2.973811673103E-16,5.150792909956E-16));
#3124 = PCURVE('',#1379,#3125);
#3125 = DEFINITIONAL_REPRESENTATION('',(#3126),#3130);
#3126 = LINE('',#3127,#3128);
#3127 = CARTESIAN_POINT('',(3.552713678801E-15,17.));
#3128 = VECTOR('',#3129,1.);
#3129 = DIRECTION('',(-1.,5.947623346206E-16));
#3130 = ( GEOMETRIC_REPRESENTATION_CONTEXT(2) 
PARAMETRIC_REPRESENTATION_CONTEXT() REPRESENTATION_CONTEXT('2D SPACE',''
  ) );
#3131 = PCURVE('',#1607,#3132);
#3132 = DEFINITIONAL_REPRESENTATION('',(#3133),#3137);
#3133 = LINE('',#3134,#3135);
#3134 = CARTESIAN_POINT('',(4.440892098501E-15,1.5));
#3135 = VECTOR('',#3136,1.);
#3136 = DIRECTION('',(-1.,0.));
#3137 = ( GEOMETRIC_REPRESENTATION_CONTEXT(2) 
PARAMETRIC_REPRESENTATION_CONTEXT() REPRESENTATION_CONTEXT('2D SPACE',''
  ) );
#3138 = FACE_BOUND('',#3139,.T.);
#3139 = EDGE_LOOP('',(#3140,#3170,#3199,#3227,#3256,#3284,#3313,#3341));
#3140 = ORIENTED_EDGE('',*,*,#3141,.T.);
#3141 = EDGE_CURVE('',#3142,#3144,#3146,.T.);
#3142 = VERTEX_POINT('',#3143);
#3143 = CARTESIAN_POINT('',(-23.3,16.799038105677,36.096787517318));
#3144 = VERTEX_POINT('',#3145);
#3145 = CARTESIAN_POINT('',(-23.3,4.799038105677,15.312177826491));
#3146 = SURFACE_CURVE('',#3147,(#3151,#3158),.PCURVE_S1.);
#3147 = LINE('',#3148,#3149);
#3148 = CARTESIAN_POINT('',(-23.3,10.799038105677,25.704482671904));
#3149 = VECTOR('',#3150,1.);
#3150 = DIRECTION('',(-5.782411586589E-16,-0.5,-0.866025403784));
#3151 = PCURVE('',#1379,#3152);
#3152 = DEFINITIONAL_REPRESENTATION('',(#3153),#3157);
#3153 = LINE('',#3154,#3155);
#3154 = CARTESIAN_POINT('',(-23.3,-2.30755522366E-15));
#3155 = VECTOR('',#3156,1.);
#3156 = DIRECTION('',(-5.782411586589E-16,-1.));
#3157 = ( GEOMETRIC_REPRESENTATION_CONTEXT(2) 
PARAMETRIC_REPRESENTATION_CONTEXT() REPRESENTATION_CONTEXT('2D SPACE',''
  ) );
#3158 = PCURVE('',#3159,#3164);
#3159 = PLANE('',#3160);
#3160 = AXIS2_PLACEMENT_3D('',#3161,#3162,#3163);
#3161 = CARTESIAN_POINT('',(-23.3,10.799038105677,25.704482671904));
#3162 = DIRECTION('',(-1.,2.891205793295E-16,5.007715329124E-16));
#3163 = DIRECTION('',(5.782411586589E-16,0.5,0.866025403784));
#3164 = DEFINITIONAL_REPRESENTATION('',(#3165),#3169);
#3165 = LINE('',#3166,#3167);
#3166 = CARTESIAN_POINT('',(0.,0.));
#3167 = VECTOR('',#3168,1.);
#3168 = DIRECTION('',(-1.,0.));
#3169 = ( GEOMETRIC_REPRESENTATION_CONTEXT(2) 
PARAMETRIC_REPRESENTATION_CONTEXT() REPRESENTATION_CONTEXT('2D SPACE',''
  ) );
#3170 = ORIENTED_EDGE('',*,*,#3171,.T.);
#3171 = EDGE_CURVE('',#3144,#3172,#3174,.T.);
#3172 = VERTEX_POINT('',#3173);
#3173 = CARTESIAN_POINT('',(-17.5,1.899038105677,10.289230484541));
#3174 = SURFACE_CURVE('',#3175,(#3180,#3187),.PCURVE_S1.);
#3175 = CIRCLE('',#3176,5.8);
#3176 = AXIS2_PLACEMENT_3D('',#3177,#3178,#3179);
#3177 = CARTESIAN_POINT('',(-17.5,4.799038105677,15.312177826491));
#3178 = DIRECTION('',(0.,-0.866025403784,0.5));
#3179 = DIRECTION('',(0.,-0.5,-0.866025403784));
#3180 = PCURVE('',#1379,#3181);
#3181 = DEFINITIONAL_REPRESENTATION('',(#3182),#3186);
#3182 = CIRCLE('',#3183,5.8);
#3183 = AXIS2_PLACEMENT_2D('',#3184,#3185);
#3184 = CARTESIAN_POINT('',(-17.5,-12.));
#3185 = DIRECTION('',(0.,-1.));
#3186 = ( GEOMETRIC_REPRESENTATION_CONTEXT(2) 
PARAMETRIC_REPRESENTATION_CONTEXT() REPRESENTATION_CONTEXT('2D SPACE',''
  ) );
#3187 = PCURVE('',#3188,#3193);
#3188 = CYLINDRICAL_SURFACE('',#3189,5.8);
#3189 = AXIS2_PLACEMENT_3D('',#3190,#3191,#3192);
#3190 = CARTESIAN_POINT('',(-17.5,4.799038105677,15.312177826491));
#3191 = DIRECTION('',(0.,-0.866025403784,0.5));
#3192 = DIRECTION('',(0.,-0.5,-0.866025403784));
#3193 = DEFINITIONAL_REPRESENTATION('',(#3194),#3198);
#3194 = LINE('',#3195,#3196);
#3195 = CARTESIAN_POINT('',(0.,0.));
#3196 = VECTOR('',#3197,1.);
#3197 = DIRECTION('',(1.,0.));
#3198 = ( GEOMETRIC_REPRESENTATION_CONTEXT(2) 
PARAMETRIC_REPRESENTATION_CONTEXT() REPRESENTATION_CONTEXT('2D SPACE',''
  ) );
#3199 = ORIENTED_EDGE('',*,*,#3200,.F.);
#3200 = EDGE_CURVE('',#3201,#3172,#3203,.T.);
#3201 = VERTEX_POINT('',#3202);
#3202 = CARTESIAN_POINT('',(17.5,1.899038105677,10.289230484541));
#3203 = SURFACE_CURVE('',#3204,(#3208,#3215),.PCURVE_S1.);
#3204 = LINE('',#3205,#3206);
#3205 = CARTESIAN_POINT('',(3.552713678801E-15,1.899038105677,
    10.289230484541));
#3206 = VECTOR('',#3207,1.);
#3207 = DIRECTION('',(-1.,2.973811673103E-16,5.150792909956E-16));
#3208 = PCURVE('',#1379,#3209);
#3209 = DEFINITIONAL_REPRESENTATION('',(#3210),#3214);
#3210 = LINE('',#3211,#3212);
#3211 = CARTESIAN_POINT('',(3.552713678801E-15,-17.8));
#3212 = VECTOR('',#3213,1.);
#3213 = DIRECTION('',(-1.,5.947623346206E-16));
#3214 = ( GEOMETRIC_REPRESENTATION_CONTEXT(2) 
PARAMETRIC_REPRESENTATION_CONTEXT() REPRESENTATION_CONTEXT('2D SPACE',''
  ) );
#3215 = PCURVE('',#3216,#3221);
#3216 = PLANE('',#3217);
#3217 = AXIS2_PLACEMENT_3D('',#3218,#3219,#3220);
#3218 = CARTESIAN_POINT('',(3.552713678801E-15,1.899038105677,
    10.289230484541));
#3219 = DIRECTION('',(5.947623346206E-16,0.5,0.866025403784));
#3220 = DIRECTION('',(1.,-2.973811673103E-16,-5.150792909956E-16));
#3221 = DEFINITIONAL_REPRESENTATION('',(#3222),#3226);
#3222 = LINE('',#3223,#3224);
#3223 = CARTESIAN_POINT('',(0.,0.));
#3224 = VECTOR('',#3225,1.);
#3225 = DIRECTION('',(-1.,0.));
#3226 = ( GEOMETRIC_REPRESENTATION_CONTEXT(2) 
PARAMETRIC_REPRESENTATION_CONTEXT() REPRESENTATION_CONTEXT('2D SPACE',''
  ) );
#3227 = ORIENTED_EDGE('',*,*,#3228,.T.);
#3228 = EDGE_CURVE('',#3201,#3229,#3231,.T.);
#3229 = VERTEX_POINT('',#3230);
#3230 = CARTESIAN_POINT('',(23.3,4.799038105677,15.312177826491));
#3231 = SURFACE_CURVE('',#3232,(#3237,#3244),.PCURVE_S1.);
#3232 = CIRCLE('',#3233,5.8);
#3233 = AXIS2_PLACEMENT_3D('',#3234,#3235,#3236);
#3234 = CARTESIAN_POINT('',(17.5,4.799038105677,15.312177826491));
#3235 = DIRECTION('',(0.,-0.866025403784,0.5));
#3236 = DIRECTION('',(0.,-0.5,-0.866025403784));
#3237 = PCURVE('',#1379,#3238);
#3238 = DEFINITIONAL_REPRESENTATION('',(#3239),#3243);
#3239 = CIRCLE('',#3240,5.8);
#3240 = AXIS2_PLACEMENT_2D('',#3241,#3242);
#3241 = CARTESIAN_POINT('',(17.5,-12.));
#3242 = DIRECTION('',(0.,-1.));
#3243 = ( GEOMETRIC_REPRESENTATION_CONTEXT(2) 
PARAMETRIC_REPRESENTATION_CONTEXT() REPRESENTATION_CONTEXT('2D SPACE',''
  ) );
#3244 = PCURVE('',#3245,#3250);
#3245 = CYLINDRICAL_SURFACE('',#3246,5.8);
#3246 = AXIS2_PLACEMENT_3D('',#3247,#3248,#3249);
#3247 = CARTESIAN_POINT('',(17.5,4.799038105677,15.312177826491));
#3248 = DIRECTION('',(0.,-0.866025403784,0.5));
#3249 = DIRECTION('',(0.,-0.5,-0.866025403784));
#3250 = DEFINITIONAL_REPRESENTATION('',(#3251),#3255);
#3251 = LINE('',#3252,#3253);
#3252 = CARTESIAN_POINT('',(0.,0.));
#3253 = VECTOR('',#3254,1.);
#3254 = DIRECTION('',(1.,0.));
#3255 = ( GEOMETRIC_REPRESENTATION_CONTEXT(2) 
PARAMETRIC_REPRESENTATION_CONTEXT() REPRESENTATION_CONTEXT('2D SPACE',''
  ) );
#3256 = ORIENTED_EDGE('',*,*,#3257,.F.);
#3257 = EDGE_CURVE('',#3258,#3229,#3260,.T.);
#3258 = VERTEX_POINT('',#3259);
#3259 = CARTESIAN_POINT('',(23.3,16.799038105677,36.096787517318));
#3260 = SURFACE_CURVE('',#3261,(#3265,#3272),.PCURVE_S1.);
#3261 = LINE('',#3262,#3263);
#3262 = CARTESIAN_POINT('',(23.3,10.799038105677,25.704482671904));
#3263 = VECTOR('',#3264,1.);
#3264 = DIRECTION('',(-5.782411586589E-16,-0.5,-0.866025403784));
#3265 = PCURVE('',#1379,#3266);
#3266 = DEFINITIONAL_REPRESENTATION('',(#3267),#3271);
#3267 = LINE('',#3268,#3269);
#3268 = CARTESIAN_POINT('',(23.3,-2.30755522366E-15));
#3269 = VECTOR('',#3270,1.);
#3270 = DIRECTION('',(-5.782411586589E-16,-1.));
#3271 = ( GEOMETRIC_REPRESENTATION_CONTEXT(2) 
PARAMETRIC_REPRESENTATION_CONTEXT() REPRESENTATION_CONTEXT('2D SPACE',''
  ) );
#3272 = PCURVE('',#3273,#3278);
#3273 = PLANE('',#3274);
#3274 = AXIS2_PLACEMENT_3D('',#3275,#3276,#3277);
#3275 = CARTESIAN_POINT('',(23.3,10.799038105677,25.704482671904));
#3276 = DIRECTION('',(-1.,2.891205793295E-16,5.007715329124E-16));
#3277 = DIRECTION('',(5.782411586589E-16,0.5,0.866025403784));
#3278 = DEFINITIONAL_REPRESENTATION('',(#3279),#3283);
#3279 = LINE('',#3280,#3281);
#3280 = CARTESIAN_POINT('',(0.,0.));
#3281 = VECTOR('',#3282,1.);
#3282 = DIRECTION('',(-1.,0.));
#3283 = ( GEOMETRIC_REPRESENTATION_CONTEXT(2) 
PARAMETRIC_REPRESENTATION_CONTEXT() REPRESENTATION_CONTEXT('2D SPACE',''
  ) );
#3284 = ORIENTED_EDGE('',*,*,#3285,.T.);
#3285 = EDGE_CURVE('',#3258,#3286,#3288,.T.);
#3286 = VERTEX_POINT('',#3287);
#3287 = CARTESIAN_POINT('',(17.5,19.699038105677,41.119734859267));
#3288 = SURFACE_CURVE('',#3289,(#3294,#3301),.PCURVE_S1.);
#3289 = CIRCLE('',#3290,5.8);
#3290 = AXIS2_PLACEMENT_3D('',#3291,#3292,#3293);
#3291 = CARTESIAN_POINT('',(17.5,16.799038105677,36.096787517318));
#3292 = DIRECTION('',(0.,-0.866025403784,0.5));
#3293 = DIRECTION('',(0.,-0.5,-0.866025403784));
#3294 = PCURVE('',#1379,#3295);
#3295 = DEFINITIONAL_REPRESENTATION('',(#3296),#3300);
#3296 = CIRCLE('',#3297,5.8);
#3297 = AXIS2_PLACEMENT_2D('',#3298,#3299);
#3298 = CARTESIAN_POINT('',(17.5,12.));
#3299 = DIRECTION('',(0.,-1.));
#3300 = ( GEOMETRIC_REPRESENTATION_CONTEXT(2) 
PARAMETRIC_REPRESENTATION_CONTEXT() REPRESENTATION_CONTEXT('2D SPACE',''
  ) );
#3301 = PCURVE('',#3302,#3307);
#3302 = CYLINDRICAL_SURFACE('',#3303,5.8);
#3303 = AXIS2_PLACEMENT_3D('',#3304,#3305,#3306);
#3304 = CARTESIAN_POINT('',(17.5,16.799038105677,36.096787517318));
#3305 = DIRECTION('',(0.,-0.866025403784,0.5));
#3306 = DIRECTION('',(0.,-0.5,-0.866025403784));
#3307 = DEFINITIONAL_REPRESENTATION('',(#3308),#3312);
#3308 = LINE('',#3309,#3310);
#3309 = CARTESIAN_POINT('',(0.,0.));
#3310 = VECTOR('',#3311,1.);
#3311 = DIRECTION('',(1.,0.));
#3312 = ( GEOMETRIC_REPRESENTATION_CONTEXT(2) 
PARAMETRIC_REPRESENTATION_CONTEXT() REPRESENTATION_CONTEXT('2D SPACE',''
  ) );
#3313 = ORIENTED_EDGE('',*,*,#3314,.T.);
#3314 = EDGE_CURVE('',#3286,#3315,#3317,.T.);
#3315 = VERTEX_POINT('',#3316);
#3316 = CARTESIAN_POINT('',(-17.5,19.699038105677,41.119734859267));
#3317 = SURFACE_CURVE('',#3318,(#3322,#3329),.PCURVE_S1.);
#3318 = LINE('',#3319,#3320);
#3319 = CARTESIAN_POINT('',(0.,19.699038105677,41.119734859267));
#3320 = VECTOR('',#3321,1.);
#3321 = DIRECTION('',(-1.,2.973811673103E-16,5.150792909956E-16));
#3322 = PCURVE('',#1379,#3323);
#3323 = DEFINITIONAL_REPRESENTATION('',(#3324),#3328);
#3324 = LINE('',#3325,#3326);
#3325 = CARTESIAN_POINT('',(0.,17.8));
#3326 = VECTOR('',#3327,1.);
#3327 = DIRECTION('',(-1.,5.947623346206E-16));
#3328 = ( GEOMETRIC_REPRESENTATION_CONTEXT(2) 
PARAMETRIC_REPRESENTATION_CONTEXT() REPRESENTATION_CONTEXT('2D SPACE',''
  ) );
#3329 = PCURVE('',#3330,#3335);
#3330 = PLANE('',#3331);
#3331 = AXIS2_PLACEMENT_3D('',#3332,#3333,#3334);
#3332 = CARTESIAN_POINT('',(0.,19.699038105677,41.119734859267));
#3333 = DIRECTION('',(5.947623346206E-16,0.5,0.866025403784));
#3334 = DIRECTION('',(1.,-2.973811673103E-16,-5.150792909956E-16));
#3335 = DEFINITIONAL_REPRESENTATION('',(#3336),#3340);
#3336 = LINE('',#3337,#3338);
#3337 = CARTESIAN_POINT('',(0.,0.));
#3338 = VECTOR('',#3339,1.);
#3339 = DIRECTION('',(-1.,4.930380657631E-32));
#3340 = ( GEOMETRIC_REPRESENTATION_CONTEXT(2) 
PARAMETRIC_REPRESENTATION_CONTEXT() REPRESENTATION_CONTEXT('2D SPACE',''
  ) );
#3341 = ORIENTED_EDGE('',*,*,#3342,.T.);
#3342 = EDGE_CURVE('',#3315,#3142,#3343,.T.);
#3343 = SURFACE_CURVE('',#3344,(#3349,#3356),.PCURVE_S1.);
#3344 = CIRCLE('',#3345,5.8);
#3345 = AXIS2_PLACEMENT_3D('',#3346,#3347,#3348);
#3346 = CARTESIAN_POINT('',(-17.5,16.799038105677,36.096787517318));
#3347 = DIRECTION('',(0.,-0.866025403784,0.5));
#3348 = DIRECTION('',(0.,-0.5,-0.866025403784));
#3349 = PCURVE('',#1379,#3350);
#3350 = DEFINITIONAL_REPRESENTATION('',(#3351),#3355);
#3351 = CIRCLE('',#3352,5.8);
#3352 = AXIS2_PLACEMENT_2D('',#3353,#3354);
#3353 = CARTESIAN_POINT('',(-17.5,12.));
#3354 = DIRECTION('',(0.,-1.));
#3355 = ( GEOMETRIC_REPRESENTATION_CONTEXT(2) 
PARAMETRIC_REPRESENTATION_CONTEXT() REPRESENTATION_CONTEXT('2D SPACE',''
  ) );
#3356 = PCURVE('',#3357,#3362);
#3357 = CYLINDRICAL_SURFACE('',#3358,5.8);
#3358 = AXIS2_PLACEMENT_3D('',#3359,#3360,#3361);
#3359 = CARTESIAN_POINT('',(-17.5,16.799038105677,36.096787517318));
#3360 = DIRECTION('',(0.,-0.866025403784,0.5));
#3361 = DIRECTION('',(0.,-0.5,-0.866025403784));
#3362 = DEFINITIONAL_REPRESENTATION('',(#3363),#3367);
#3363 = LINE('',#3364,#3365);
#3364 = CARTESIAN_POINT('',(0.,0.));
#3365 = VECTOR('',#3366,1.);
#3366 = DIRECTION('',(1.,0.));
#3367 = ( GEOMETRIC_REPRESENTATION_CONTEXT(2) 
PARAMETRIC_REPRESENTATION_CONTEXT() REPRESENTATION_CONTEXT('2D SPACE',''
  ) );
#3368 = ADVANCED_FACE('',(#3369),#1451,.F.);
#3369 = FACE_BOUND('',#3370,.F.);
#3370 = EDGE_LOOP('',(#3371,#3392,#3393,#3394));
#3371 = ORIENTED_EDGE('',*,*,#3372,.T.);
#3372 = EDGE_CURVE('',#3095,#1467,#3373,.T.);
#3373 = SURFACE_CURVE('',#3374,(#3378,#3385),.PCURVE_S1.);
#3374 = LINE('',#3375,#3376);
#3375 = CARTESIAN_POINT('',(-17.5,18.,41.17691453624));
#3376 = VECTOR('',#3377,1.);
#3377 = DIRECTION('',(0.,0.866025403784,-0.5));
#3378 = PCURVE('',#1451,#3379);
#3379 = DEFINITIONAL_REPRESENTATION('',(#3380),#3384);
#3380 = LINE('',#3381,#3382);
#3381 = CARTESIAN_POINT('',(6.28318530718,0.));
#3382 = VECTOR('',#3383,1.);
#3383 = DIRECTION('',(0.,1.));
#3384 = ( GEOMETRIC_REPRESENTATION_CONTEXT(2) 
PARAMETRIC_REPRESENTATION_CONTEXT() REPRESENTATION_CONTEXT('2D SPACE',''
  ) );
#3385 = PCURVE('',#1607,#3386);
#3386 = DEFINITIONAL_REPRESENTATION('',(#3387),#3391);
#3387 = LINE('',#3388,#3389);
#3388 = CARTESIAN_POINT('',(-17.5,-2.252330219987E-15));
#3389 = VECTOR('',#3390,1.);
#3390 = DIRECTION('',(0.,1.));
#3391 = ( GEOMETRIC_REPRESENTATION_CONTEXT(2) 
PARAMETRIC_REPRESENTATION_CONTEXT() REPRESENTATION_CONTEXT('2D SPACE',''
  ) );
#3392 = ORIENTED_EDGE('',*,*,#1491,.F.);
#3393 = ORIENTED_EDGE('',*,*,#1437,.F.);
#3394 = ORIENTED_EDGE('',*,*,#3094,.F.);
#3395 = ADVANCED_FACE('',(#3396),#1577,.F.);
#3396 = FACE_BOUND('',#3397,.F.);
#3397 = EDGE_LOOP('',(#3398,#3399,#3421,#3448));
#3398 = ORIENTED_EDGE('',*,*,#1560,.T.);
#3399 = ORIENTED_EDGE('',*,*,#3400,.T.);
#3400 = EDGE_CURVE('',#1561,#3401,#3403,.T.);
#3401 = VERTEX_POINT('',#3402);
#3402 = CARTESIAN_POINT('',(0.,46.31154273188,38.));
#3403 = SEAM_CURVE('',#3404,(#3407,#3414),.PCURVE_S1.);
#3404 = B_SPLINE_CURVE_WITH_KNOTS('',1,(#3405,#3406),.UNSPECIFIED.,.F.,
  .F.,(2,2),(36.002,38.002),.PIECEWISE_BEZIER_KNOTS.);
#3405 = CARTESIAN_POINT('',(-8.881784197001E-16,46.31154273188,36.));
#3406 = CARTESIAN_POINT('',(0.,46.31154273188,38.));
#3407 = PCURVE('',#1577,#3408);
#3408 = DEFINITIONAL_REPRESENTATION('',(#3409),#3413);
#3409 = LINE('',#3410,#3411);
#3410 = CARTESIAN_POINT('',(6.28318530718,0.));
#3411 = VECTOR('',#3412,1.);
#3412 = DIRECTION('',(0.,1.));
#3413 = ( GEOMETRIC_REPRESENTATION_CONTEXT(2) 
PARAMETRIC_REPRESENTATION_CONTEXT() REPRESENTATION_CONTEXT('2D SPACE',''
  ) );
#3414 = PCURVE('',#1577,#3415);
#3415 = DEFINITIONAL_REPRESENTATION('',(#3416),#3420);
#3416 = LINE('',#3417,#3418);
#3417 = CARTESIAN_POINT('',(0.,0.));
#3418 = VECTOR('',#3419,1.);
#3419 = DIRECTION('',(0.,1.));
#3420 = ( GEOMETRIC_REPRESENTATION_CONTEXT(2) 
PARAMETRIC_REPRESENTATION_CONTEXT() REPRESENTATION_CONTEXT('2D SPACE',''
  ) );
#3421 = ORIENTED_EDGE('',*,*,#3422,.F.);
#3422 = EDGE_CURVE('',#3401,#3401,#3423,.T.);
#3423 = SURFACE_CURVE('',#3424,(#3429,#3436),.PCURVE_S1.);
#3424 = CIRCLE('',#3425,3.6);
#3425 = AXIS2_PLACEMENT_3D('',#3426,#3427,#3428);
#3426 = CARTESIAN_POINT('',(0.,49.91154273188,38.));
#3427 = DIRECTION('',(5.947623346206E-16,1.110223024625E-16,1.));
#3428 = DIRECTION('',(0.,-1.,1.110223024625E-16));
#3429 = PCURVE('',#1577,#3430);
#3430 = DEFINITIONAL_REPRESENTATION('',(#3431),#3435);
#3431 = LINE('',#3432,#3433);
#3432 = CARTESIAN_POINT('',(0.,38.002));
#3433 = VECTOR('',#3434,1.);
#3434 = DIRECTION('',(1.,0.));
#3435 = ( GEOMETRIC_REPRESENTATION_CONTEXT(2) 
PARAMETRIC_REPRESENTATION_CONTEXT() REPRESENTATION_CONTEXT('2D SPACE',''
  ) );
#3436 = PCURVE('',#3437,#3442);
#3437 = PLANE('',#3438);
#3438 = AXIS2_PLACEMENT_3D('',#3439,#3440,#3441);
#3439 = CARTESIAN_POINT('',(0.,17.320508075689,38.));
#3440 = DIRECTION('',(5.947623346206E-16,1.110223024625E-16,1.));
#3441 = DIRECTION('',(0.,-1.,1.110223024625E-16));
#3442 = DEFINITIONAL_REPRESENTATION('',(#3443),#3447);
#3443 = CIRCLE('',#3444,3.6);
#3444 = AXIS2_PLACEMENT_2D('',#3445,#3446);
#3445 = CARTESIAN_POINT('',(-32.59103465619,2.113020281842E-30));
#3446 = DIRECTION('',(1.,-6.603188380756E-32));
#3447 = ( GEOMETRIC_REPRESENTATION_CONTEXT(2) 
PARAMETRIC_REPRESENTATION_CONTEXT() REPRESENTATION_CONTEXT('2D SPACE',''
  ) );
#3448 = ORIENTED_EDGE('',*,*,#3400,.F.);
#3449 = ADVANCED_FACE('',(#3450),#1607,.F.);
#3450 = FACE_BOUND('',#3451,.T.);
#3451 = EDGE_LOOP('',(#3452,#3453,#3454,#3455));
#3452 = ORIENTED_EDGE('',*,*,#3118,.T.);
#3453 = ORIENTED_EDGE('',*,*,#3372,.T.);
#3454 = ORIENTED_EDGE('',*,*,#1591,.F.);
#3455 = ORIENTED_EDGE('',*,*,#3456,.F.);
#3456 = EDGE_CURVE('',#3023,#1592,#3457,.T.);
#3457 = SURFACE_CURVE('',#3458,(#3462,#3469),.PCURVE_S1.);
#3458 = LINE('',#3459,#3460);
#3459 = CARTESIAN_POINT('',(17.5,18.,41.17691453624));
#3460 = VECTOR('',#3461,1.);
#3461 = DIRECTION('',(0.,0.866025403784,-0.5));
#3462 = PCURVE('',#1607,#3463);
#3463 = DEFINITIONAL_REPRESENTATION('',(#3464),#3468);
#3464 = LINE('',#3465,#3466);
#3465 = CARTESIAN_POINT('',(17.5,2.252330219987E-15));
#3466 = VECTOR('',#3467,1.);
#3467 = DIRECTION('',(0.,1.));
#3468 = ( GEOMETRIC_REPRESENTATION_CONTEXT(2) 
PARAMETRIC_REPRESENTATION_CONTEXT() REPRESENTATION_CONTEXT('2D SPACE',''
  ) );
#3469 = PCURVE('',#1707,#3470);
#3470 = DEFINITIONAL_REPRESENTATION('',(#3471),#3475);
#3471 = LINE('',#3472,#3473);
#3472 = CARTESIAN_POINT('',(0.,0.));
#3473 = VECTOR('',#3474,1.);
#3474 = DIRECTION('',(0.,1.));
#3475 = ( GEOMETRIC_REPRESENTATION_CONTEXT(2) 
PARAMETRIC_REPRESENTATION_CONTEXT() REPRESENTATION_CONTEXT('2D SPACE',''
  ) );
#3476 = ADVANCED_FACE('',(#3477),#1707,.F.);
#3477 = FACE_BOUND('',#3478,.F.);
#3478 = EDGE_LOOP('',(#3479,#3480,#3481,#3482));
#3479 = ORIENTED_EDGE('',*,*,#1769,.T.);
#3480 = ORIENTED_EDGE('',*,*,#1670,.F.);
#3481 = ORIENTED_EDGE('',*,*,#3456,.F.);
#3482 = ORIENTED_EDGE('',*,*,#3022,.F.);
#3483 = ADVANCED_FACE('',(#3484),#1829,.F.);
#3484 = FACE_BOUND('',#3485,.F.);
#3485 = EDGE_LOOP('',(#3486,#3507,#3508,#3509));
#3486 = ORIENTED_EDGE('',*,*,#3487,.T.);
#3487 = EDGE_CURVE('',#3048,#1845,#3488,.T.);
#3488 = SURFACE_CURVE('',#3489,(#3493,#3500),.PCURVE_S1.);
#3489 = LINE('',#3490,#3491);
#3490 = CARTESIAN_POINT('',(17.5,1.,11.732050807569));
#3491 = VECTOR('',#3492,1.);
#3492 = DIRECTION('',(0.,0.866025403784,-0.5));
#3493 = PCURVE('',#1829,#3494);
#3494 = DEFINITIONAL_REPRESENTATION('',(#3495),#3499);
#3495 = LINE('',#3496,#3497);
#3496 = CARTESIAN_POINT('',(3.14159265359,0.));
#3497 = VECTOR('',#3498,1.);
#3498 = DIRECTION('',(0.,1.));
#3499 = ( GEOMETRIC_REPRESENTATION_CONTEXT(2) 
PARAMETRIC_REPRESENTATION_CONTEXT() REPRESENTATION_CONTEXT('2D SPACE',''
  ) );
#3500 = PCURVE('',#2840,#3501);
#3501 = DEFINITIONAL_REPRESENTATION('',(#3502),#3506);
#3502 = LINE('',#3503,#3504);
#3503 = CARTESIAN_POINT('',(-17.5,-1.742183488199E-16));
#3504 = VECTOR('',#3505,1.);
#3505 = DIRECTION('',(0.,1.));
#3506 = ( GEOMETRIC_REPRESENTATION_CONTEXT(2) 
PARAMETRIC_REPRESENTATION_CONTEXT() REPRESENTATION_CONTEXT('2D SPACE',''
  ) );
#3507 = ORIENTED_EDGE('',*,*,#1844,.F.);
#3508 = ORIENTED_EDGE('',*,*,#1815,.F.);
#3509 = ORIENTED_EDGE('',*,*,#3047,.F.);
#3510 = ADVANCED_FACE('',(#3511),#1974,.F.);
#3511 = FACE_BOUND('',#3512,.F.);
#3512 = EDGE_LOOP('',(#3513,#3514,#3535,#3536));
#3513 = ORIENTED_EDGE('',*,*,#2922,.F.);
#3514 = ORIENTED_EDGE('',*,*,#3515,.T.);
#3515 = EDGE_CURVE('',#2923,#2745,#3516,.T.);
#3516 = SURFACE_CURVE('',#3517,(#3521,#3528),.PCURVE_S1.);
#3517 = LINE('',#3518,#3519);
#3518 = CARTESIAN_POINT('',(18.,28.,-3.8));
#3519 = VECTOR('',#3520,1.);
#3520 = DIRECTION('',(-0.,1.,0.));
#3521 = PCURVE('',#1974,#3522);
#3522 = DEFINITIONAL_REPRESENTATION('',(#3523),#3527);
#3523 = LINE('',#3524,#3525);
#3524 = CARTESIAN_POINT('',(0.,0.));
#3525 = VECTOR('',#3526,1.);
#3526 = DIRECTION('',(0.,-1.));
#3527 = ( GEOMETRIC_REPRESENTATION_CONTEXT(2) 
PARAMETRIC_REPRESENTATION_CONTEXT() REPRESENTATION_CONTEXT('2D SPACE',''
  ) );
#3528 = PCURVE('',#2783,#3529);
#3529 = DEFINITIONAL_REPRESENTATION('',(#3530),#3534);
#3530 = LINE('',#3531,#3532);
#3531 = CARTESIAN_POINT('',(36.,0.));
#3532 = VECTOR('',#3533,1.);
#3533 = DIRECTION('',(0.,1.));
#3534 = ( GEOMETRIC_REPRESENTATION_CONTEXT(2) 
PARAMETRIC_REPRESENTATION_CONTEXT() REPRESENTATION_CONTEXT('2D SPACE',''
  ) );
#3535 = ORIENTED_EDGE('',*,*,#2744,.T.);
#3536 = ORIENTED_EDGE('',*,*,#1959,.F.);
#3537 = ADVANCED_FACE('',(#3538),#2153,.T.);
#3538 = FACE_BOUND('',#3539,.T.);
#3539 = EDGE_LOOP('',(#3540,#3564,#3565,#3589));
#3540 = ORIENTED_EDGE('',*,*,#3541,.T.);
#3541 = EDGE_CURVE('',#3542,#2138,#3544,.T.);
#3542 = VERTEX_POINT('',#3543);
#3543 = CARTESIAN_POINT('',(-24.5,71.320508075689,31.));
#3544 = SURFACE_CURVE('',#3545,(#3550,#3557),.PCURVE_S1.);
#3545 = CIRCLE('',#3546,1.);
#3546 = AXIS2_PLACEMENT_3D('',#3547,#3548,#3549);
#3547 = CARTESIAN_POINT('',(-23.5,71.320508075689,31.));
#3548 = DIRECTION('',(0.,4.440892098501E-16,-1.));
#3549 = DIRECTION('',(0.,1.,4.440892098501E-16));
#3550 = PCURVE('',#2153,#3551);
#3551 = DEFINITIONAL_REPRESENTATION('',(#3552),#3556);
#3552 = LINE('',#3553,#3554);
#3553 = CARTESIAN_POINT('',(-2.84217094304E-14,-12.));
#3554 = VECTOR('',#3555,1.);
#3555 = DIRECTION('',(1.,0.));
#3556 = ( GEOMETRIC_REPRESENTATION_CONTEXT(2) 
PARAMETRIC_REPRESENTATION_CONTEXT() REPRESENTATION_CONTEXT('2D SPACE',''
  ) );
#3557 = PCURVE('',#2351,#3558);
#3558 = DEFINITIONAL_REPRESENTATION('',(#3559),#3563);
#3559 = LINE('',#3560,#3561);
#3560 = CARTESIAN_POINT('',(4.712388980385,10.995574287564));
#3561 = VECTOR('',#3562,1.);
#3562 = DIRECTION('',(0.,-1.));
#3563 = ( GEOMETRIC_REPRESENTATION_CONTEXT(2) 
PARAMETRIC_REPRESENTATION_CONTEXT() REPRESENTATION_CONTEXT('2D SPACE',''
  ) );
#3564 = ORIENTED_EDGE('',*,*,#2135,.F.);
#3565 = ORIENTED_EDGE('',*,*,#3566,.F.);
#3566 = EDGE_CURVE('',#3567,#2136,#3569,.T.);
#3567 = VERTEX_POINT('',#3568);
#3568 = CARTESIAN_POINT('',(-24.5,71.320508075689,1.));
#3569 = SURFACE_CURVE('',#3570,(#3575,#3582),.PCURVE_S1.);
#3570 = CIRCLE('',#3571,1.);
#3571 = AXIS2_PLACEMENT_3D('',#3572,#3573,#3574);
#3572 = CARTESIAN_POINT('',(-23.5,71.320508075689,1.));
#3573 = DIRECTION('',(0.,-1.110223024625E-16,-1.));
#3574 = DIRECTION('',(0.,1.,-1.110223024625E-16));
#3575 = PCURVE('',#2153,#3576);
#3576 = DEFINITIONAL_REPRESENTATION('',(#3577),#3581);
#3577 = LINE('',#3578,#3579);
#3578 = CARTESIAN_POINT('',(-0.,18.));
#3579 = VECTOR('',#3580,1.);
#3580 = DIRECTION('',(1.,-0.));
#3581 = ( GEOMETRIC_REPRESENTATION_CONTEXT(2) 
PARAMETRIC_REPRESENTATION_CONTEXT() REPRESENTATION_CONTEXT('2D SPACE',''
  ) );
#3582 = PCURVE('',#2182,#3583);
#3583 = DEFINITIONAL_REPRESENTATION('',(#3584),#3588);
#3584 = LINE('',#3585,#3586);
#3585 = CARTESIAN_POINT('',(4.712388980385,10.995574287564));
#3586 = VECTOR('',#3587,1.);
#3587 = DIRECTION('',(-5.654319433713E-16,-1.));
#3588 = ( GEOMETRIC_REPRESENTATION_CONTEXT(2) 
PARAMETRIC_REPRESENTATION_CONTEXT() REPRESENTATION_CONTEXT('2D SPACE',''
  ) );
#3589 = ORIENTED_EDGE('',*,*,#3590,.T.);
#3590 = EDGE_CURVE('',#3567,#3542,#3591,.T.);
#3591 = SURFACE_CURVE('',#3592,(#3596,#3603),.PCURVE_S1.);
#3592 = LINE('',#3593,#3594);
#3593 = CARTESIAN_POINT('',(-24.5,71.320508075689,1.));
#3594 = VECTOR('',#3595,1.);
#3595 = DIRECTION('',(0.,-4.736951571734E-16,1.));
#3596 = PCURVE('',#2153,#3597);
#3597 = DEFINITIONAL_REPRESENTATION('',(#3598),#3602);
#3598 = LINE('',#3599,#3600);
#3599 = CARTESIAN_POINT('',(4.712388980385,18.));
#3600 = VECTOR('',#3601,1.);
#3601 = DIRECTION('',(0.,-1.));
#3602 = ( GEOMETRIC_REPRESENTATION_CONTEXT(2) 
PARAMETRIC_REPRESENTATION_CONTEXT() REPRESENTATION_CONTEXT('2D SPACE',''
  ) );
#3603 = PCURVE('',#3604,#3609);
#3604 = PLANE('',#3605);
#3605 = AXIS2_PLACEMENT_3D('',#3606,#3607,#3608);
#3606 = CARTESIAN_POINT('',(-24.5,9.5,26.454482671904));
#3607 = DIRECTION('',(-1.,2.891205793295E-16,5.007715329124E-16));
#3608 = DIRECTION('',(5.782411586589E-16,0.5,0.866025403784));
#3609 = DEFINITIONAL_REPRESENTATION('',(#3610),#3614);
#3610 = LINE('',#3611,#3612);
#3611 = CARTESIAN_POINT('',(8.866025403784,66.26537180436));
#3612 = VECTOR('',#3613,1.);
#3613 = DIRECTION('',(0.866025403784,-0.5));
#3614 = ( GEOMETRIC_REPRESENTATION_CONTEXT(2) 
PARAMETRIC_REPRESENTATION_CONTEXT() REPRESENTATION_CONTEXT('2D SPACE',''
  ) );
#3615 = ADVANCED_FACE('',(#3616),#2182,.T.);
#3616 = FACE_BOUND('',#3617,.T.);
#3617 = EDGE_LOOP('',(#3618,#3641,#3667,#3668));
#3618 = ORIENTED_EDGE('',*,*,#3619,.T.);
#3619 = EDGE_CURVE('',#2166,#3620,#3622,.T.);
#3620 = VERTEX_POINT('',#3621);
#3621 = CARTESIAN_POINT('',(-17.5,71.320508075689,-6.));
#3622 = SURFACE_CURVE('',#3623,(#3628,#3634),.PCURVE_S1.);
#3623 = CIRCLE('',#3624,1.);
#3624 = AXIS2_PLACEMENT_3D('',#3625,#3626,#3627);
#3625 = CARTESIAN_POINT('',(-17.5,71.320508075689,-5.));
#3626 = DIRECTION('',(-1.,0.,0.));
#3627 = DIRECTION('',(0.,0.5,0.866025403784));
#3628 = PCURVE('',#2182,#3629);
#3629 = DEFINITIONAL_REPRESENTATION('',(#3630),#3633);
#3630 = B_SPLINE_CURVE_WITH_KNOTS('',1,(#3631,#3632),.UNSPECIFIED.,.F.,
  .F.,(2,2),(1.047197551197,2.617993877991),.PIECEWISE_BEZIER_KNOTS.);
#3631 = CARTESIAN_POINT('',(6.28318530718,4.712388980385));
#3632 = CARTESIAN_POINT('',(6.28318530718,6.28318530718));
#3633 = ( GEOMETRIC_REPRESENTATION_CONTEXT(2) 
PARAMETRIC_REPRESENTATION_CONTEXT() REPRESENTATION_CONTEXT('2D SPACE',''
  ) );
#3634 = PCURVE('',#2210,#3635);
#3635 = DEFINITIONAL_REPRESENTATION('',(#3636),#3640);
#3636 = LINE('',#3637,#3638);
#3637 = CARTESIAN_POINT('',(3.14159265359,-17.5));
#3638 = VECTOR('',#3639,1.);
#3639 = DIRECTION('',(-1.,0.));
#3640 = ( GEOMETRIC_REPRESENTATION_CONTEXT(2) 
PARAMETRIC_REPRESENTATION_CONTEXT() REPRESENTATION_CONTEXT('2D SPACE',''
  ) );
#3641 = ORIENTED_EDGE('',*,*,#3642,.F.);
#3642 = EDGE_CURVE('',#3567,#3620,#3643,.T.);
#3643 = SURFACE_CURVE('',#3644,(#3649,#3655),.PCURVE_S1.);
#3644 = CIRCLE('',#3645,7.);
#3645 = AXIS2_PLACEMENT_3D('',#3646,#3647,#3648);
#3646 = CARTESIAN_POINT('',(-17.5,71.320508075689,1.));
#3647 = DIRECTION('',(0.,-1.,1.110223024625E-16));
#3648 = DIRECTION('',(0.,-1.110223024625E-16,-1.));
#3649 = PCURVE('',#2182,#3650);
#3650 = DEFINITIONAL_REPRESENTATION('',(#3651),#3654);
#3651 = B_SPLINE_CURVE_WITH_KNOTS('',1,(#3652,#3653),.UNSPECIFIED.,.F.,
  .F.,(2,2),(4.712388980385,6.28318530718),.PIECEWISE_BEZIER_KNOTS.);
#3652 = CARTESIAN_POINT('',(4.712388980385,6.28318530718));
#3653 = CARTESIAN_POINT('',(6.28318530718,6.28318530718));
#3654 = ( GEOMETRIC_REPRESENTATION_CONTEXT(2) 
PARAMETRIC_REPRESENTATION_CONTEXT() REPRESENTATION_CONTEXT('2D SPACE',''
  ) );
#3655 = PCURVE('',#3656,#3661);
#3656 = CYLINDRICAL_SURFACE('',#3657,7.);
#3657 = AXIS2_PLACEMENT_3D('',#3658,#3659,#3660);
#3658 = CARTESIAN_POINT('',(-17.5,17.320508075689,1.));
#3659 = DIRECTION('',(0.,1.,-1.110223024625E-16));
#3660 = DIRECTION('',(0.,1.110223024625E-16,1.));
#3661 = DEFINITIONAL_REPRESENTATION('',(#3662),#3666);
#3662 = LINE('',#3663,#3664);
#3663 = CARTESIAN_POINT('',(9.424777960769,54.));
#3664 = VECTOR('',#3665,1.);
#3665 = DIRECTION('',(-1.,4.52345554697E-15));
#3666 = ( GEOMETRIC_REPRESENTATION_CONTEXT(2) 
PARAMETRIC_REPRESENTATION_CONTEXT() REPRESENTATION_CONTEXT('2D SPACE',''
  ) );
#3667 = ORIENTED_EDGE('',*,*,#3566,.T.);
#3668 = ORIENTED_EDGE('',*,*,#2165,.T.);
#3669 = ADVANCED_FACE('',(#3670),#2351,.T.);
#3670 = FACE_BOUND('',#3671,.T.);
#3671 = EDGE_LOOP('',(#3672,#3696,#3697,#3698));
#3672 = ORIENTED_EDGE('',*,*,#3673,.T.);
#3673 = EDGE_CURVE('',#3674,#2309,#3676,.T.);
#3674 = VERTEX_POINT('',#3675);
#3675 = CARTESIAN_POINT('',(-17.5,71.320508075689,38.));
#3676 = SURFACE_CURVE('',#3677,(#3682,#3689),.PCURVE_S1.);
#3677 = CIRCLE('',#3678,1.);
#3678 = AXIS2_PLACEMENT_3D('',#3679,#3680,#3681);
#3679 = CARTESIAN_POINT('',(-17.5,71.320508075689,37.));
#3680 = DIRECTION('',(-1.,0.,0.));
#3681 = DIRECTION('',(0.,0.5,0.866025403784));
#3682 = PCURVE('',#2351,#3683);
#3683 = DEFINITIONAL_REPRESENTATION('',(#3684),#3688);
#3684 = LINE('',#3685,#3686);
#3685 = CARTESIAN_POINT('',(3.14159265359,12.042771838761));
#3686 = VECTOR('',#3687,1.);
#3687 = DIRECTION('',(0.,-1.));
#3688 = ( GEOMETRIC_REPRESENTATION_CONTEXT(2) 
PARAMETRIC_REPRESENTATION_CONTEXT() REPRESENTATION_CONTEXT('2D SPACE',''
  ) );
#3689 = PCURVE('',#2324,#3690);
#3690 = DEFINITIONAL_REPRESENTATION('',(#3691),#3695);
#3691 = LINE('',#3692,#3693);
#3692 = CARTESIAN_POINT('',(-6.28318530718,17.5));
#3693 = VECTOR('',#3694,1.);
#3694 = DIRECTION('',(1.,0.));
#3695 = ( GEOMETRIC_REPRESENTATION_CONTEXT(2) 
PARAMETRIC_REPRESENTATION_CONTEXT() REPRESENTATION_CONTEXT('2D SPACE',''
  ) );
#3696 = ORIENTED_EDGE('',*,*,#2336,.T.);
#3697 = ORIENTED_EDGE('',*,*,#3541,.F.);
#3698 = ORIENTED_EDGE('',*,*,#3699,.F.);
#3699 = EDGE_CURVE('',#3674,#3542,#3700,.T.);
#3700 = SURFACE_CURVE('',#3701,(#3706,#3713),.PCURVE_S1.);
#3701 = CIRCLE('',#3702,7.);
#3702 = AXIS2_PLACEMENT_3D('',#3703,#3704,#3705);
#3703 = CARTESIAN_POINT('',(-17.5,71.320508075689,31.));
#3704 = DIRECTION('',(0.,-1.,1.110223024625E-16));
#3705 = DIRECTION('',(0.,-1.110223024625E-16,-1.));
#3706 = PCURVE('',#2351,#3707);
#3707 = DEFINITIONAL_REPRESENTATION('',(#3708),#3712);
#3708 = LINE('',#3709,#3710);
#3709 = CARTESIAN_POINT('',(0.,6.28318530718));
#3710 = VECTOR('',#3711,1.);
#3711 = DIRECTION('',(1.,0.));
#3712 = ( GEOMETRIC_REPRESENTATION_CONTEXT(2) 
PARAMETRIC_REPRESENTATION_CONTEXT() REPRESENTATION_CONTEXT('2D SPACE',''
  ) );
#3713 = PCURVE('',#3714,#3719);
#3714 = CYLINDRICAL_SURFACE('',#3715,7.);
#3715 = AXIS2_PLACEMENT_3D('',#3716,#3717,#3718);
#3716 = CARTESIAN_POINT('',(-17.5,17.320508075689,31.));
#3717 = DIRECTION('',(0.,1.,-1.110223024625E-16));
#3718 = DIRECTION('',(0.,1.110223024625E-16,1.));
#3719 = DEFINITIONAL_REPRESENTATION('',(#3720),#3724);
#3720 = LINE('',#3721,#3722);
#3721 = CARTESIAN_POINT('',(9.424777960769,54.));
#3722 = VECTOR('',#3723,1.);
#3723 = DIRECTION('',(-1.,0.));
#3724 = ( GEOMETRIC_REPRESENTATION_CONTEXT(2) 
PARAMETRIC_REPRESENTATION_CONTEXT() REPRESENTATION_CONTEXT('2D SPACE',''
  ) );
#3725 = ADVANCED_FACE('',(#3726),#2210,.T.);
#3726 = FACE_BOUND('',#3727,.T.);
#3727 = EDGE_LOOP('',(#3728,#3751,#3776,#3777));
#3728 = ORIENTED_EDGE('',*,*,#3729,.T.);
#3729 = EDGE_CURVE('',#2195,#3730,#3732,.T.);
#3730 = VERTEX_POINT('',#3731);
#3731 = CARTESIAN_POINT('',(17.5,71.320508075689,-6.));
#3732 = SURFACE_CURVE('',#3733,(#3738,#3744),.PCURVE_S1.);
#3733 = CIRCLE('',#3734,1.);
#3734 = AXIS2_PLACEMENT_3D('',#3735,#3736,#3737);
#3735 = CARTESIAN_POINT('',(17.5,71.320508075689,-5.));
#3736 = DIRECTION('',(-1.,0.,0.));
#3737 = DIRECTION('',(0.,0.5,0.866025403784));
#3738 = PCURVE('',#2210,#3739);
#3739 = DEFINITIONAL_REPRESENTATION('',(#3740),#3743);
#3740 = B_SPLINE_CURVE_WITH_KNOTS('',1,(#3741,#3742),.UNSPECIFIED.,.F.,
  .F.,(2,2),(1.047197551197,2.617993877991),.PIECEWISE_BEZIER_KNOTS.);
#3741 = CARTESIAN_POINT('',(2.094395102393,17.5));
#3742 = CARTESIAN_POINT('',(0.523598775598,17.5));
#3743 = ( GEOMETRIC_REPRESENTATION_CONTEXT(2) 
PARAMETRIC_REPRESENTATION_CONTEXT() REPRESENTATION_CONTEXT('2D SPACE',''
  ) );
#3744 = PCURVE('',#2239,#3745);
#3745 = DEFINITIONAL_REPRESENTATION('',(#3746),#3750);
#3746 = LINE('',#3747,#3748);
#3747 = CARTESIAN_POINT('',(0.,3.665191429188));
#3748 = VECTOR('',#3749,1.);
#3749 = DIRECTION('',(0.,1.));
#3750 = ( GEOMETRIC_REPRESENTATION_CONTEXT(2) 
PARAMETRIC_REPRESENTATION_CONTEXT() REPRESENTATION_CONTEXT('2D SPACE',''
  ) );
#3751 = ORIENTED_EDGE('',*,*,#3752,.T.);
#3752 = EDGE_CURVE('',#3730,#3620,#3753,.T.);
#3753 = SURFACE_CURVE('',#3754,(#3758,#3764),.PCURVE_S1.);
#3754 = LINE('',#3755,#3756);
#3755 = CARTESIAN_POINT('',(17.5,71.320508075689,-6.));
#3756 = VECTOR('',#3757,1.);
#3757 = DIRECTION('',(-1.,3.944304526105E-31,5.947623346206E-16));
#3758 = PCURVE('',#2210,#3759);
#3759 = DEFINITIONAL_REPRESENTATION('',(#3760),#3763);
#3760 = B_SPLINE_CURVE_WITH_KNOTS('',1,(#3761,#3762),.UNSPECIFIED.,.F.,
  .F.,(2,2),(0.,35.),.PIECEWISE_BEZIER_KNOTS.);
#3761 = CARTESIAN_POINT('',(0.523598775598,17.5));
#3762 = CARTESIAN_POINT('',(0.523598775598,-17.5));
#3763 = ( GEOMETRIC_REPRESENTATION_CONTEXT(2) 
PARAMETRIC_REPRESENTATION_CONTEXT() REPRESENTATION_CONTEXT('2D SPACE',''
  ) );
#3764 = PCURVE('',#3765,#3770);
#3765 = PLANE('',#3766);
#3766 = AXIS2_PLACEMENT_3D('',#3767,#3768,#3769);
#3767 = CARTESIAN_POINT('',(3.552713678801E-15,17.320508075689,-6.));
#3768 = DIRECTION('',(-5.947623346206E-16,-1.110223024625E-16,-1.));
#3769 = DIRECTION('',(0.,1.,-1.110223024625E-16));
#3770 = DEFINITIONAL_REPRESENTATION('',(#3771),#3775);
#3771 = LINE('',#3772,#3773);
#3772 = CARTESIAN_POINT('',(54.,17.5));
#3773 = VECTOR('',#3774,1.);
#3774 = DIRECTION('',(3.283985688029E-31,-1.));
#3775 = ( GEOMETRIC_REPRESENTATION_CONTEXT(2) 
PARAMETRIC_REPRESENTATION_CONTEXT() REPRESENTATION_CONTEXT('2D SPACE',''
  ) );
#3776 = ORIENTED_EDGE('',*,*,#3619,.F.);
#3777 = ORIENTED_EDGE('',*,*,#2194,.F.);
#3778 = ADVANCED_FACE('',(#3779),#2324,.T.);
#3779 = FACE_BOUND('',#3780,.T.);
#3780 = EDGE_LOOP('',(#3781,#3805,#3806,#3807));
#3781 = ORIENTED_EDGE('',*,*,#3782,.T.);
#3782 = EDGE_CURVE('',#3783,#2280,#3785,.T.);
#3783 = VERTEX_POINT('',#3784);
#3784 = CARTESIAN_POINT('',(17.5,71.320508075689,38.));
#3785 = SURFACE_CURVE('',#3786,(#3791,#3798),.PCURVE_S1.);
#3786 = CIRCLE('',#3787,1.);
#3787 = AXIS2_PLACEMENT_3D('',#3788,#3789,#3790);
#3788 = CARTESIAN_POINT('',(17.5,71.320508075689,37.));
#3789 = DIRECTION('',(-1.,0.,0.));
#3790 = DIRECTION('',(0.,0.5,0.866025403784));
#3791 = PCURVE('',#2324,#3792);
#3792 = DEFINITIONAL_REPRESENTATION('',(#3793),#3797);
#3793 = LINE('',#3794,#3795);
#3794 = CARTESIAN_POINT('',(-6.28318530718,-17.5));
#3795 = VECTOR('',#3796,1.);
#3796 = DIRECTION('',(1.,0.));
#3797 = ( GEOMETRIC_REPRESENTATION_CONTEXT(2) 
PARAMETRIC_REPRESENTATION_CONTEXT() REPRESENTATION_CONTEXT('2D SPACE',''
  ) );
#3798 = PCURVE('',#2296,#3799);
#3799 = DEFINITIONAL_REPRESENTATION('',(#3800),#3804);
#3800 = LINE('',#3801,#3802);
#3801 = CARTESIAN_POINT('',(3.14159265359,12.042771838761));
#3802 = VECTOR('',#3803,1.);
#3803 = DIRECTION('',(0.,-1.));
#3804 = ( GEOMETRIC_REPRESENTATION_CONTEXT(2) 
PARAMETRIC_REPRESENTATION_CONTEXT() REPRESENTATION_CONTEXT('2D SPACE',''
  ) );
#3805 = ORIENTED_EDGE('',*,*,#2308,.F.);
#3806 = ORIENTED_EDGE('',*,*,#3673,.F.);
#3807 = ORIENTED_EDGE('',*,*,#3808,.T.);
#3808 = EDGE_CURVE('',#3674,#3783,#3809,.T.);
#3809 = SURFACE_CURVE('',#3810,(#3814,#3821),.PCURVE_S1.);
#3810 = LINE('',#3811,#3812);
#3811 = CARTESIAN_POINT('',(-17.5,71.320508075689,38.));
#3812 = VECTOR('',#3813,1.);
#3813 = DIRECTION('',(1.,-3.944304526105E-31,-5.947623346206E-16));
#3814 = PCURVE('',#2324,#3815);
#3815 = DEFINITIONAL_REPRESENTATION('',(#3816),#3820);
#3816 = LINE('',#3817,#3818);
#3817 = CARTESIAN_POINT('',(-0.523598775598,17.5));
#3818 = VECTOR('',#3819,1.);
#3819 = DIRECTION('',(-2.791417890486E-16,-1.));
#3820 = ( GEOMETRIC_REPRESENTATION_CONTEXT(2) 
PARAMETRIC_REPRESENTATION_CONTEXT() REPRESENTATION_CONTEXT('2D SPACE',''
  ) );
#3821 = PCURVE('',#3437,#3822);
#3822 = DEFINITIONAL_REPRESENTATION('',(#3823),#3827);
#3823 = LINE('',#3824,#3825);
#3824 = CARTESIAN_POINT('',(-54.,-17.5));
#3825 = VECTOR('',#3826,1.);
#3826 = DIRECTION('',(3.283985688029E-31,1.));
#3827 = ( GEOMETRIC_REPRESENTATION_CONTEXT(2) 
PARAMETRIC_REPRESENTATION_CONTEXT() REPRESENTATION_CONTEXT('2D SPACE',''
  ) );
#3828 = ADVANCED_FACE('',(#3829),#2239,.T.);
#3829 = FACE_BOUND('',#3830,.T.);
#3830 = EDGE_LOOP('',(#3831,#3854,#3880,#3881));
#3831 = ORIENTED_EDGE('',*,*,#3832,.T.);
#3832 = EDGE_CURVE('',#2223,#3833,#3835,.T.);
#3833 = VERTEX_POINT('',#3834);
#3834 = CARTESIAN_POINT('',(24.5,71.320508075689,1.));
#3835 = SURFACE_CURVE('',#3836,(#3841,#3848),.PCURVE_S1.);
#3836 = CIRCLE('',#3837,1.);
#3837 = AXIS2_PLACEMENT_3D('',#3838,#3839,#3840);
#3838 = CARTESIAN_POINT('',(23.5,71.320508075689,1.));
#3839 = DIRECTION('',(6.009258394949E-15,-1.110223024625E-16,-1.));
#3840 = DIRECTION('',(-3.155443620884E-30,1.,-1.110223024625E-16));
#3841 = PCURVE('',#2239,#3842);
#3842 = DEFINITIONAL_REPRESENTATION('',(#3843),#3847);
#3843 = LINE('',#3844,#3845);
#3844 = CARTESIAN_POINT('',(1.570796326795,4.712388980385));
#3845 = VECTOR('',#3846,1.);
#3846 = DIRECTION('',(2.827159716856E-16,1.));
#3847 = ( GEOMETRIC_REPRESENTATION_CONTEXT(2) 
PARAMETRIC_REPRESENTATION_CONTEXT() REPRESENTATION_CONTEXT('2D SPACE',''
  ) );
#3848 = PCURVE('',#2267,#3849);
#3849 = DEFINITIONAL_REPRESENTATION('',(#3850),#3853);
#3850 = B_SPLINE_CURVE_WITH_KNOTS('',1,(#3851,#3852),.UNSPECIFIED.,.F.,
  .F.,(2,2),(0.,1.570796326795),.PIECEWISE_BEZIER_KNOTS.);
#3851 = CARTESIAN_POINT('',(9.424777960769,-18.));
#3852 = CARTESIAN_POINT('',(7.853981633974,-18.));
#3853 = ( GEOMETRIC_REPRESENTATION_CONTEXT(2) 
PARAMETRIC_REPRESENTATION_CONTEXT() REPRESENTATION_CONTEXT('2D SPACE',''
  ) );
#3854 = ORIENTED_EDGE('',*,*,#3855,.F.);
#3855 = EDGE_CURVE('',#3730,#3833,#3856,.T.);
#3856 = SURFACE_CURVE('',#3857,(#3862,#3868),.PCURVE_S1.);
#3857 = CIRCLE('',#3858,7.);
#3858 = AXIS2_PLACEMENT_3D('',#3859,#3860,#3861);
#3859 = CARTESIAN_POINT('',(17.5,71.320508075689,1.));
#3860 = DIRECTION('',(0.,-1.,1.110223024625E-16));
#3861 = DIRECTION('',(0.,-1.110223024625E-16,-1.));
#3862 = PCURVE('',#2239,#3863);
#3863 = DEFINITIONAL_REPRESENTATION('',(#3864),#3867);
#3864 = B_SPLINE_CURVE_WITH_KNOTS('',1,(#3865,#3866),.UNSPECIFIED.,.F.,
  .F.,(2,2),(0.,1.570796326795),.PIECEWISE_BEZIER_KNOTS.);
#3865 = CARTESIAN_POINT('',(0.,6.28318530718));
#3866 = CARTESIAN_POINT('',(1.570796326795,6.28318530718));
#3867 = ( GEOMETRIC_REPRESENTATION_CONTEXT(2) 
PARAMETRIC_REPRESENTATION_CONTEXT() REPRESENTATION_CONTEXT('2D SPACE',''
  ) );
#3868 = PCURVE('',#3869,#3874);
#3869 = CYLINDRICAL_SURFACE('',#3870,7.);
#3870 = AXIS2_PLACEMENT_3D('',#3871,#3872,#3873);
#3871 = CARTESIAN_POINT('',(17.5,17.320508075689,1.));
#3872 = DIRECTION('',(0.,1.,-1.110223024625E-16));
#3873 = DIRECTION('',(0.,1.110223024625E-16,1.));
#3874 = DEFINITIONAL_REPRESENTATION('',(#3875),#3879);
#3875 = LINE('',#3876,#3877);
#3876 = CARTESIAN_POINT('',(3.14159265359,54.));
#3877 = VECTOR('',#3878,1.);
#3878 = DIRECTION('',(-1.,-4.52345554697E-15));
#3879 = ( GEOMETRIC_REPRESENTATION_CONTEXT(2) 
PARAMETRIC_REPRESENTATION_CONTEXT() REPRESENTATION_CONTEXT('2D SPACE',''
  ) );
#3880 = ORIENTED_EDGE('',*,*,#3729,.F.);
#3881 = ORIENTED_EDGE('',*,*,#2222,.T.);
#3882 = ADVANCED_FACE('',(#3883),#2296,.T.);
#3883 = FACE_BOUND('',#3884,.T.);
#3884 = EDGE_LOOP('',(#3885,#3886,#3915,#3936));
#3885 = ORIENTED_EDGE('',*,*,#3782,.F.);
#3886 = ORIENTED_EDGE('',*,*,#3887,.F.);
#3887 = EDGE_CURVE('',#3888,#3783,#3890,.T.);
#3888 = VERTEX_POINT('',#3889);
#3889 = CARTESIAN_POINT('',(24.5,71.320508075689,31.));
#3890 = SURFACE_CURVE('',#3891,(#3896,#3903),.PCURVE_S1.);
#3891 = CIRCLE('',#3892,7.);
#3892 = AXIS2_PLACEMENT_3D('',#3893,#3894,#3895);
#3893 = CARTESIAN_POINT('',(17.5,71.320508075689,31.));
#3894 = DIRECTION('',(0.,-1.,1.110223024625E-16));
#3895 = DIRECTION('',(0.,-1.110223024625E-16,-1.));
#3896 = PCURVE('',#2296,#3897);
#3897 = DEFINITIONAL_REPRESENTATION('',(#3898),#3902);
#3898 = LINE('',#3899,#3900);
#3899 = CARTESIAN_POINT('',(0.,6.28318530718));
#3900 = VECTOR('',#3901,1.);
#3901 = DIRECTION('',(1.,0.));
#3902 = ( GEOMETRIC_REPRESENTATION_CONTEXT(2) 
PARAMETRIC_REPRESENTATION_CONTEXT() REPRESENTATION_CONTEXT('2D SPACE',''
  ) );
#3903 = PCURVE('',#3904,#3909);
#3904 = CYLINDRICAL_SURFACE('',#3905,7.);
#3905 = AXIS2_PLACEMENT_3D('',#3906,#3907,#3908);
#3906 = CARTESIAN_POINT('',(17.5,17.320508075689,31.));
#3907 = DIRECTION('',(0.,1.,-1.110223024625E-16));
#3908 = DIRECTION('',(0.,1.110223024625E-16,1.));
#3909 = DEFINITIONAL_REPRESENTATION('',(#3910),#3914);
#3910 = LINE('',#3911,#3912);
#3911 = CARTESIAN_POINT('',(3.14159265359,54.));
#3912 = VECTOR('',#3913,1.);
#3913 = DIRECTION('',(-1.,0.));
#3914 = ( GEOMETRIC_REPRESENTATION_CONTEXT(2) 
PARAMETRIC_REPRESENTATION_CONTEXT() REPRESENTATION_CONTEXT('2D SPACE',''
  ) );
#3915 = ORIENTED_EDGE('',*,*,#3916,.F.);
#3916 = EDGE_CURVE('',#2252,#3888,#3917,.T.);
#3917 = SURFACE_CURVE('',#3918,(#3923,#3930),.PCURVE_S1.);
#3918 = CIRCLE('',#3919,1.);
#3919 = AXIS2_PLACEMENT_3D('',#3920,#3921,#3922);
#3920 = CARTESIAN_POINT('',(23.5,71.320508075689,31.));
#3921 = DIRECTION('',(0.,4.440892098501E-16,-1.));
#3922 = DIRECTION('',(0.,1.,4.440892098501E-16));
#3923 = PCURVE('',#2296,#3924);
#3924 = DEFINITIONAL_REPRESENTATION('',(#3925),#3929);
#3925 = LINE('',#3926,#3927);
#3926 = CARTESIAN_POINT('',(1.570796326795,4.712388980385));
#3927 = VECTOR('',#3928,1.);
#3928 = DIRECTION('',(0.,1.));
#3929 = ( GEOMETRIC_REPRESENTATION_CONTEXT(2) 
PARAMETRIC_REPRESENTATION_CONTEXT() REPRESENTATION_CONTEXT('2D SPACE',''
  ) );
#3930 = PCURVE('',#2267,#3931);
#3931 = DEFINITIONAL_REPRESENTATION('',(#3932),#3935);
#3932 = B_SPLINE_CURVE_WITH_KNOTS('',1,(#3933,#3934),.UNSPECIFIED.,.F.,
  .F.,(2,2),(0.,1.570796326795),.PIECEWISE_BEZIER_KNOTS.);
#3933 = CARTESIAN_POINT('',(9.424777960769,12.));
#3934 = CARTESIAN_POINT('',(7.853981633974,12.));
#3935 = ( GEOMETRIC_REPRESENTATION_CONTEXT(2) 
PARAMETRIC_REPRESENTATION_CONTEXT() REPRESENTATION_CONTEXT('2D SPACE',''
  ) );
#3936 = ORIENTED_EDGE('',*,*,#2279,.T.);
#3937 = ADVANCED_FACE('',(#3938),#2267,.T.);
#3938 = FACE_BOUND('',#3939,.T.);
#3939 = EDGE_LOOP('',(#3940,#3941,#3967,#3968));
#3940 = ORIENTED_EDGE('',*,*,#3916,.T.);
#3941 = ORIENTED_EDGE('',*,*,#3942,.T.);
#3942 = EDGE_CURVE('',#3888,#3833,#3943,.T.);
#3943 = SURFACE_CURVE('',#3944,(#3948,#3955),.PCURVE_S1.);
#3944 = LINE('',#3945,#3946);
#3945 = CARTESIAN_POINT('',(24.5,71.320508075689,31.));
#3946 = VECTOR('',#3947,1.);
#3947 = DIRECTION('',(0.,4.736951571734E-16,-1.));
#3948 = PCURVE('',#2267,#3949);
#3949 = DEFINITIONAL_REPRESENTATION('',(#3950),#3954);
#3950 = LINE('',#3951,#3952);
#3951 = CARTESIAN_POINT('',(7.853981633974,12.));
#3952 = VECTOR('',#3953,1.);
#3953 = DIRECTION('',(0.,-1.));
#3954 = ( GEOMETRIC_REPRESENTATION_CONTEXT(2) 
PARAMETRIC_REPRESENTATION_CONTEXT() REPRESENTATION_CONTEXT('2D SPACE',''
  ) );
#3955 = PCURVE('',#3956,#3961);
#3956 = PLANE('',#3957);
#3957 = AXIS2_PLACEMENT_3D('',#3958,#3959,#3960);
#3958 = CARTESIAN_POINT('',(24.5,9.5,26.454482671904));
#3959 = DIRECTION('',(1.,-2.891205793295E-16,-5.007715329124E-16));
#3960 = DIRECTION('',(-5.782411586589E-16,-0.5,-0.866025403784));
#3961 = DEFINITIONAL_REPRESENTATION('',(#3962),#3966);
#3962 = LINE('',#3963,#3964);
#3963 = CARTESIAN_POINT('',(-34.84678751731,51.26537180436));
#3964 = VECTOR('',#3965,1.);
#3965 = DIRECTION('',(0.866025403784,0.5));
#3966 = ( GEOMETRIC_REPRESENTATION_CONTEXT(2) 
PARAMETRIC_REPRESENTATION_CONTEXT() REPRESENTATION_CONTEXT('2D SPACE',''
  ) );
#3967 = ORIENTED_EDGE('',*,*,#3832,.F.);
#3968 = ORIENTED_EDGE('',*,*,#2251,.F.);
#3969 = ADVANCED_FACE('',(#3970),#2404,.T.);
#3970 = FACE_BOUND('',#3971,.T.);
#3971 = EDGE_LOOP('',(#3972,#3973,#3974,#3975));
#3972 = ORIENTED_EDGE('',*,*,#2389,.T.);
#3973 = ORIENTED_EDGE('',*,*,#2577,.T.);
#3974 = ORIENTED_EDGE('',*,*,#2499,.T.);
#3975 = ORIENTED_EDGE('',*,*,#2550,.F.);
#3976 = ADVANCED_FACE('',(#3977),#2654,.F.);
#3977 = FACE_BOUND('',#3978,.F.);
#3978 = EDGE_LOOP('',(#3979,#4002,#4003,#4026));
#3979 = ORIENTED_EDGE('',*,*,#3980,.F.);
#3980 = EDGE_CURVE('',#2638,#3981,#3983,.T.);
#3981 = VERTEX_POINT('',#3982);
#3982 = CARTESIAN_POINT('',(6.7,50.5,1.09));
#3983 = SURFACE_CURVE('',#3984,(#3988,#3995),.PCURVE_S1.);
#3984 = LINE('',#3985,#3986);
#3985 = CARTESIAN_POINT('',(6.7,50.5,0.79));
#3986 = VECTOR('',#3987,1.);
#3987 = DIRECTION('',(0.,0.,1.));
#3988 = PCURVE('',#2654,#3989);
#3989 = DEFINITIONAL_REPRESENTATION('',(#3990),#3994);
#3990 = LINE('',#3991,#3992);
#3991 = CARTESIAN_POINT('',(0.,13.4));
#3992 = VECTOR('',#3993,1.);
#3993 = DIRECTION('',(1.,0.));
#3994 = ( GEOMETRIC_REPRESENTATION_CONTEXT(2) 
PARAMETRIC_REPRESENTATION_CONTEXT() REPRESENTATION_CONTEXT('2D SPACE',''
  ) );
#3995 = PCURVE('',#2730,#3996);
#3996 = DEFINITIONAL_REPRESENTATION('',(#3997),#4001);
#3997 = LINE('',#3998,#3999);
#3998 = CARTESIAN_POINT('',(0.,0.));
#3999 = VECTOR('',#4000,1.);
#4000 = DIRECTION('',(1.,0.));
#4001 = ( GEOMETRIC_REPRESENTATION_CONTEXT(2) 
PARAMETRIC_REPRESENTATION_CONTEXT() REPRESENTATION_CONTEXT('2D SPACE',''
  ) );
#4002 = ORIENTED_EDGE('',*,*,#2637,.T.);
#4003 = ORIENTED_EDGE('',*,*,#4004,.T.);
#4004 = EDGE_CURVE('',#2640,#4005,#4007,.T.);
#4005 = VERTEX_POINT('',#4006);
#4006 = CARTESIAN_POINT('',(-6.7,50.5,1.09));
#4007 = SURFACE_CURVE('',#4008,(#4012,#4019),.PCURVE_S1.);
#4008 = LINE('',#4009,#4010);
#4009 = CARTESIAN_POINT('',(-6.7,50.5,0.79));
#4010 = VECTOR('',#4011,1.);
#4011 = DIRECTION('',(0.,0.,1.));
#4012 = PCURVE('',#2654,#4013);
#4013 = DEFINITIONAL_REPRESENTATION('',(#4014),#4018);
#4014 = LINE('',#4015,#4016);
#4015 = CARTESIAN_POINT('',(0.,0.));
#4016 = VECTOR('',#4017,1.);
#4017 = DIRECTION('',(1.,0.));
#4018 = ( GEOMETRIC_REPRESENTATION_CONTEXT(2) 
PARAMETRIC_REPRESENTATION_CONTEXT() REPRESENTATION_CONTEXT('2D SPACE',''
  ) );
#4019 = PCURVE('',#2680,#4020);
#4020 = DEFINITIONAL_REPRESENTATION('',(#4021),#4025);
#4021 = LINE('',#4022,#4023);
#4022 = CARTESIAN_POINT('',(0.,0.));
#4023 = VECTOR('',#4024,1.);
#4024 = DIRECTION('',(1.,0.));
#4025 = ( GEOMETRIC_REPRESENTATION_CONTEXT(2) 
PARAMETRIC_REPRESENTATION_CONTEXT() REPRESENTATION_CONTEXT('2D SPACE',''
  ) );
#4026 = ORIENTED_EDGE('',*,*,#4027,.T.);
#4027 = EDGE_CURVE('',#4005,#3981,#4028,.T.);
#4028 = SURFACE_CURVE('',#4029,(#4033,#4040),.PCURVE_S1.);
#4029 = LINE('',#4030,#4031);
#4030 = CARTESIAN_POINT('',(-6.7,50.5,1.09));
#4031 = VECTOR('',#4032,1.);
#4032 = DIRECTION('',(1.,0.,-0.));
#4033 = PCURVE('',#2654,#4034);
#4034 = DEFINITIONAL_REPRESENTATION('',(#4035),#4039);
#4035 = LINE('',#4036,#4037);
#4036 = CARTESIAN_POINT('',(0.3,0.));
#4037 = VECTOR('',#4038,1.);
#4038 = DIRECTION('',(0.,1.));
#4039 = ( GEOMETRIC_REPRESENTATION_CONTEXT(2) 
PARAMETRIC_REPRESENTATION_CONTEXT() REPRESENTATION_CONTEXT('2D SPACE',''
  ) );
#4040 = PCURVE('',#4041,#4046);
#4041 = PLANE('',#4042);
#4042 = AXIS2_PLACEMENT_3D('',#4043,#4044,#4045);
#4043 = CARTESIAN_POINT('',(-6.7,50.5,1.09));
#4044 = DIRECTION('',(0.,0.,1.));
#4045 = DIRECTION('',(1.,0.,-0.));
#4046 = DEFINITIONAL_REPRESENTATION('',(#4047),#4051);
#4047 = LINE('',#4048,#4049);
#4048 = CARTESIAN_POINT('',(0.,0.));
#4049 = VECTOR('',#4050,1.);
#4050 = DIRECTION('',(1.,0.));
#4051 = ( GEOMETRIC_REPRESENTATION_CONTEXT(2) 
PARAMETRIC_REPRESENTATION_CONTEXT() REPRESENTATION_CONTEXT('2D SPACE',''
  ) );
#4052 = ADVANCED_FACE('',(#4053),#2730,.T.);
#4053 = FACE_BOUND('',#4054,.T.);
#4054 = EDGE_LOOP('',(#4055,#4056,#4057,#4080));
#4055 = ORIENTED_EDGE('',*,*,#3980,.F.);
#4056 = ORIENTED_EDGE('',*,*,#2717,.T.);
#4057 = ORIENTED_EDGE('',*,*,#4058,.T.);
#4058 = EDGE_CURVE('',#2692,#4059,#4061,.T.);
#4059 = VERTEX_POINT('',#4060);
#4060 = CARTESIAN_POINT('',(6.7,68.,1.09));
#4061 = SURFACE_CURVE('',#4062,(#4066,#4073),.PCURVE_S1.);
#4062 = LINE('',#4063,#4064);
#4063 = CARTESIAN_POINT('',(6.7,68.,0.79));
#4064 = VECTOR('',#4065,1.);
#4065 = DIRECTION('',(0.,0.,1.));
#4066 = PCURVE('',#2730,#4067);
#4067 = DEFINITIONAL_REPRESENTATION('',(#4068),#4072);
#4068 = LINE('',#4069,#4070);
#4069 = CARTESIAN_POINT('',(0.,-17.5));
#4070 = VECTOR('',#4071,1.);
#4071 = DIRECTION('',(1.,0.));
#4072 = ( GEOMETRIC_REPRESENTATION_CONTEXT(2) 
PARAMETRIC_REPRESENTATION_CONTEXT() REPRESENTATION_CONTEXT('2D SPACE',''
  ) );
#4073 = PCURVE('',#2706,#4074);
#4074 = DEFINITIONAL_REPRESENTATION('',(#4075),#4079);
#4075 = LINE('',#4076,#4077);
#4076 = CARTESIAN_POINT('',(0.,13.4));
#4077 = VECTOR('',#4078,1.);
#4078 = DIRECTION('',(1.,0.));
#4079 = ( GEOMETRIC_REPRESENTATION_CONTEXT(2) 
PARAMETRIC_REPRESENTATION_CONTEXT() REPRESENTATION_CONTEXT('2D SPACE',''
  ) );
#4080 = ORIENTED_EDGE('',*,*,#4081,.F.);
#4081 = EDGE_CURVE('',#3981,#4059,#4082,.T.);
#4082 = SURFACE_CURVE('',#4083,(#4087,#4094),.PCURVE_S1.);
#4083 = LINE('',#4084,#4085);
#4084 = CARTESIAN_POINT('',(6.7,50.5,1.09));
#4085 = VECTOR('',#4086,1.);
#4086 = DIRECTION('',(-0.,1.,0.));
#4087 = PCURVE('',#2730,#4088);
#4088 = DEFINITIONAL_REPRESENTATION('',(#4089),#4093);
#4089 = LINE('',#4090,#4091);
#4090 = CARTESIAN_POINT('',(0.3,0.));
#4091 = VECTOR('',#4092,1.);
#4092 = DIRECTION('',(0.,-1.));
#4093 = ( GEOMETRIC_REPRESENTATION_CONTEXT(2) 
PARAMETRIC_REPRESENTATION_CONTEXT() REPRESENTATION_CONTEXT('2D SPACE',''
  ) );
#4094 = PCURVE('',#4041,#4095);
#4095 = DEFINITIONAL_REPRESENTATION('',(#4096),#4100);
#4096 = LINE('',#4097,#4098);
#4097 = CARTESIAN_POINT('',(13.4,0.));
#4098 = VECTOR('',#4099,1.);
#4099 = DIRECTION('',(0.,1.));
#4100 = ( GEOMETRIC_REPRESENTATION_CONTEXT(2) 
PARAMETRIC_REPRESENTATION_CONTEXT() REPRESENTATION_CONTEXT('2D SPACE',''
  ) );
#4101 = ADVANCED_FACE('',(#4102),#2706,.T.);
#4102 = FACE_BOUND('',#4103,.T.);
#4103 = EDGE_LOOP('',(#4104,#4105,#4106,#4129));
#4104 = ORIENTED_EDGE('',*,*,#4058,.F.);
#4105 = ORIENTED_EDGE('',*,*,#2691,.T.);
#4106 = ORIENTED_EDGE('',*,*,#4107,.T.);
#4107 = EDGE_CURVE('',#2666,#4108,#4110,.T.);
#4108 = VERTEX_POINT('',#4109);
#4109 = CARTESIAN_POINT('',(-6.7,68.,1.09));
#4110 = SURFACE_CURVE('',#4111,(#4115,#4122),.PCURVE_S1.);
#4111 = LINE('',#4112,#4113);
#4112 = CARTESIAN_POINT('',(-6.7,68.,0.79));
#4113 = VECTOR('',#4114,1.);
#4114 = DIRECTION('',(0.,0.,1.));
#4115 = PCURVE('',#2706,#4116);
#4116 = DEFINITIONAL_REPRESENTATION('',(#4117),#4121);
#4117 = LINE('',#4118,#4119);
#4118 = CARTESIAN_POINT('',(0.,0.));
#4119 = VECTOR('',#4120,1.);
#4120 = DIRECTION('',(1.,0.));
#4121 = ( GEOMETRIC_REPRESENTATION_CONTEXT(2) 
PARAMETRIC_REPRESENTATION_CONTEXT() REPRESENTATION_CONTEXT('2D SPACE',''
  ) );
#4122 = PCURVE('',#2680,#4123);
#4123 = DEFINITIONAL_REPRESENTATION('',(#4124),#4128);
#4124 = LINE('',#4125,#4126);
#4125 = CARTESIAN_POINT('',(0.,-17.5));
#4126 = VECTOR('',#4127,1.);
#4127 = DIRECTION('',(1.,0.));
#4128 = ( GEOMETRIC_REPRESENTATION_CONTEXT(2) 
PARAMETRIC_REPRESENTATION_CONTEXT() REPRESENTATION_CONTEXT('2D SPACE',''
  ) );
#4129 = ORIENTED_EDGE('',*,*,#4130,.T.);
#4130 = EDGE_CURVE('',#4108,#4059,#4131,.T.);
#4131 = SURFACE_CURVE('',#4132,(#4136,#4143),.PCURVE_S1.);
#4132 = LINE('',#4133,#4134);
#4133 = CARTESIAN_POINT('',(-6.7,68.,1.09));
#4134 = VECTOR('',#4135,1.);
#4135 = DIRECTION('',(1.,0.,-0.));
#4136 = PCURVE('',#2706,#4137);
#4137 = DEFINITIONAL_REPRESENTATION('',(#4138),#4142);
#4138 = LINE('',#4139,#4140);
#4139 = CARTESIAN_POINT('',(0.3,0.));
#4140 = VECTOR('',#4141,1.);
#4141 = DIRECTION('',(0.,1.));
#4142 = ( GEOMETRIC_REPRESENTATION_CONTEXT(2) 
PARAMETRIC_REPRESENTATION_CONTEXT() REPRESENTATION_CONTEXT('2D SPACE',''
  ) );
#4143 = PCURVE('',#4041,#4144);
#4144 = DEFINITIONAL_REPRESENTATION('',(#4145),#4149);
#4145 = LINE('',#4146,#4147);
#4146 = CARTESIAN_POINT('',(0.,17.5));
#4147 = VECTOR('',#4148,1.);
#4148 = DIRECTION('',(1.,0.));
#4149 = ( GEOMETRIC_REPRESENTATION_CONTEXT(2) 
PARAMETRIC_REPRESENTATION_CONTEXT() REPRESENTATION_CONTEXT('2D SPACE',''
  ) );
#4150 = ADVANCED_FACE('',(#4151),#2680,.F.);
#4151 = FACE_BOUND('',#4152,.F.);
#4152 = EDGE_LOOP('',(#4153,#4154,#4155,#4156));
#4153 = ORIENTED_EDGE('',*,*,#4004,.F.);
#4154 = ORIENTED_EDGE('',*,*,#2665,.T.);
#4155 = ORIENTED_EDGE('',*,*,#4107,.T.);
#4156 = ORIENTED_EDGE('',*,*,#4157,.F.);
#4157 = EDGE_CURVE('',#4005,#4108,#4158,.T.);
#4158 = SURFACE_CURVE('',#4159,(#4163,#4170),.PCURVE_S1.);
#4159 = LINE('',#4160,#4161);
#4160 = CARTESIAN_POINT('',(-6.7,50.5,1.09));
#4161 = VECTOR('',#4162,1.);
#4162 = DIRECTION('',(-0.,1.,0.));
#4163 = PCURVE('',#2680,#4164);
#4164 = DEFINITIONAL_REPRESENTATION('',(#4165),#4169);
#4165 = LINE('',#4166,#4167);
#4166 = CARTESIAN_POINT('',(0.3,0.));
#4167 = VECTOR('',#4168,1.);
#4168 = DIRECTION('',(0.,-1.));
#4169 = ( GEOMETRIC_REPRESENTATION_CONTEXT(2) 
PARAMETRIC_REPRESENTATION_CONTEXT() REPRESENTATION_CONTEXT('2D SPACE',''
  ) );
#4170 = PCURVE('',#4041,#4171);
#4171 = DEFINITIONAL_REPRESENTATION('',(#4172),#4176);
#4172 = LINE('',#4173,#4174);
#4173 = CARTESIAN_POINT('',(0.,0.));
#4174 = VECTOR('',#4175,1.);
#4175 = DIRECTION('',(0.,1.));
#4176 = ( GEOMETRIC_REPRESENTATION_CONTEXT(2) 
PARAMETRIC_REPRESENTATION_CONTEXT() REPRESENTATION_CONTEXT('2D SPACE',''
  ) );
#4177 = ADVANCED_FACE('',(#4178),#2783,.T.);
#4178 = FACE_BOUND('',#4179,.T.);
#4179 = EDGE_LOOP('',(#4180,#4181,#4182,#4183));
#4180 = ORIENTED_EDGE('',*,*,#2996,.F.);
#4181 = ORIENTED_EDGE('',*,*,#2945,.T.);
#4182 = ORIENTED_EDGE('',*,*,#3515,.T.);
#4183 = ORIENTED_EDGE('',*,*,#2767,.F.);
#4184 = ADVANCED_FACE('',(#4185),#2840,.F.);
#4185 = FACE_BOUND('',#4186,.T.);
#4186 = EDGE_LOOP('',(#4187,#4188,#4189,#4190));
#4187 = ORIENTED_EDGE('',*,*,#3071,.F.);
#4188 = ORIENTED_EDGE('',*,*,#3487,.T.);
#4189 = ORIENTED_EDGE('',*,*,#2897,.T.);
#4190 = ORIENTED_EDGE('',*,*,#2824,.F.);
#4191 = ADVANCED_FACE('',(#4192),#3159,.F.);
#4192 = FACE_BOUND('',#4193,.T.);
#4193 = EDGE_LOOP('',(#4194,#4224,#4245,#4246));
#4194 = ORIENTED_EDGE('',*,*,#4195,.T.);
#4195 = EDGE_CURVE('',#4196,#4198,#4200,.T.);
#4196 = VERTEX_POINT('',#4197);
#4197 = CARTESIAN_POINT('',(-23.3,15.5,36.846787517318));
#4198 = VERTEX_POINT('',#4199);
#4199 = CARTESIAN_POINT('',(-23.3,3.5,16.062177826491));
#4200 = SURFACE_CURVE('',#4201,(#4205,#4212),.PCURVE_S1.);
#4201 = LINE('',#4202,#4203);
#4202 = CARTESIAN_POINT('',(-23.3,9.5,26.454482671904));
#4203 = VECTOR('',#4204,1.);
#4204 = DIRECTION('',(-5.782411586589E-16,-0.5,-0.866025403784));
#4205 = PCURVE('',#3159,#4206);
#4206 = DEFINITIONAL_REPRESENTATION('',(#4207),#4211);
#4207 = LINE('',#4208,#4209);
#4208 = CARTESIAN_POINT('',(1.110223024625E-16,-1.5));
#4209 = VECTOR('',#4210,1.);
#4210 = DIRECTION('',(-1.,0.));
#4211 = ( GEOMETRIC_REPRESENTATION_CONTEXT(2) 
PARAMETRIC_REPRESENTATION_CONTEXT() REPRESENTATION_CONTEXT('2D SPACE',''
  ) );
#4212 = PCURVE('',#4213,#4218);
#4213 = PLANE('',#4214);
#4214 = AXIS2_PLACEMENT_3D('',#4215,#4216,#4217);
#4215 = CARTESIAN_POINT('',(0.,9.5,26.454482671904));
#4216 = DIRECTION('',(0.,-0.866025403784,0.5));
#4217 = DIRECTION('',(1.,0.,0.));
#4218 = DEFINITIONAL_REPRESENTATION('',(#4219),#4223);
#4219 = LINE('',#4220,#4221);
#4220 = CARTESIAN_POINT('',(-23.3,-2.30755522366E-15));
#4221 = VECTOR('',#4222,1.);
#4222 = DIRECTION('',(-5.782411586589E-16,-1.));
#4223 = ( GEOMETRIC_REPRESENTATION_CONTEXT(2) 
PARAMETRIC_REPRESENTATION_CONTEXT() REPRESENTATION_CONTEXT('2D SPACE',''
  ) );
#4224 = ORIENTED_EDGE('',*,*,#4225,.F.);
#4225 = EDGE_CURVE('',#3144,#4198,#4226,.T.);
#4226 = SURFACE_CURVE('',#4227,(#4231,#4238),.PCURVE_S1.);
#4227 = LINE('',#4228,#4229);
#4228 = CARTESIAN_POINT('',(-23.3,4.799038105677,15.312177826491));
#4229 = VECTOR('',#4230,1.);
#4230 = DIRECTION('',(0.,-0.866025403784,0.5));
#4231 = PCURVE('',#3159,#4232);
#4232 = DEFINITIONAL_REPRESENTATION('',(#4233),#4237);
#4233 = LINE('',#4234,#4235);
#4234 = CARTESIAN_POINT('',(-12.,0.));
#4235 = VECTOR('',#4236,1.);
#4236 = DIRECTION('',(0.,-1.));
#4237 = ( GEOMETRIC_REPRESENTATION_CONTEXT(2) 
PARAMETRIC_REPRESENTATION_CONTEXT() REPRESENTATION_CONTEXT('2D SPACE',''
  ) );
#4238 = PCURVE('',#3188,#4239);
#4239 = DEFINITIONAL_REPRESENTATION('',(#4240),#4244);
#4240 = LINE('',#4241,#4242);
#4241 = CARTESIAN_POINT('',(4.712388980385,0.));
#4242 = VECTOR('',#4243,1.);
#4243 = DIRECTION('',(0.,1.));
#4244 = ( GEOMETRIC_REPRESENTATION_CONTEXT(2) 
PARAMETRIC_REPRESENTATION_CONTEXT() REPRESENTATION_CONTEXT('2D SPACE',''
  ) );
#4245 = ORIENTED_EDGE('',*,*,#3141,.F.);
#4246 = ORIENTED_EDGE('',*,*,#4247,.T.);
#4247 = EDGE_CURVE('',#3142,#4196,#4248,.T.);
#4248 = SURFACE_CURVE('',#4249,(#4253,#4260),.PCURVE_S1.);
#4249 = LINE('',#4250,#4251);
#4250 = CARTESIAN_POINT('',(-23.3,16.799038105677,36.096787517318));
#4251 = VECTOR('',#4252,1.);
#4252 = DIRECTION('',(0.,-0.866025403784,0.5));
#4253 = PCURVE('',#3159,#4254);
#4254 = DEFINITIONAL_REPRESENTATION('',(#4255),#4259);
#4255 = LINE('',#4256,#4257);
#4256 = CARTESIAN_POINT('',(12.,8.881784197001E-16));
#4257 = VECTOR('',#4258,1.);
#4258 = DIRECTION('',(0.,-1.));
#4259 = ( GEOMETRIC_REPRESENTATION_CONTEXT(2) 
PARAMETRIC_REPRESENTATION_CONTEXT() REPRESENTATION_CONTEXT('2D SPACE',''
  ) );
#4260 = PCURVE('',#3357,#4261);
#4261 = DEFINITIONAL_REPRESENTATION('',(#4262),#4266);
#4262 = LINE('',#4263,#4264);
#4263 = CARTESIAN_POINT('',(4.712388980385,0.));
#4264 = VECTOR('',#4265,1.);
#4265 = DIRECTION('',(0.,1.));
#4266 = ( GEOMETRIC_REPRESENTATION_CONTEXT(2) 
PARAMETRIC_REPRESENTATION_CONTEXT() REPRESENTATION_CONTEXT('2D SPACE',''
  ) );
#4267 = ADVANCED_FACE('',(#4268),#3188,.F.);
#4268 = FACE_BOUND('',#4269,.F.);
#4269 = EDGE_LOOP('',(#4270,#4271,#4272,#4295));
#4270 = ORIENTED_EDGE('',*,*,#4225,.F.);
#4271 = ORIENTED_EDGE('',*,*,#3171,.T.);
#4272 = ORIENTED_EDGE('',*,*,#4273,.T.);
#4273 = EDGE_CURVE('',#3172,#4274,#4276,.T.);
#4274 = VERTEX_POINT('',#4275);
#4275 = CARTESIAN_POINT('',(-17.5,0.6,11.039230484541));
#4276 = SURFACE_CURVE('',#4277,(#4281,#4288),.PCURVE_S1.);
#4277 = LINE('',#4278,#4279);
#4278 = CARTESIAN_POINT('',(-17.5,1.899038105677,10.289230484541));
#4279 = VECTOR('',#4280,1.);
#4280 = DIRECTION('',(0.,-0.866025403784,0.5));
#4281 = PCURVE('',#3188,#4282);
#4282 = DEFINITIONAL_REPRESENTATION('',(#4283),#4287);
#4283 = LINE('',#4284,#4285);
#4284 = CARTESIAN_POINT('',(6.28318530718,0.));
#4285 = VECTOR('',#4286,1.);
#4286 = DIRECTION('',(0.,1.));
#4287 = ( GEOMETRIC_REPRESENTATION_CONTEXT(2) 
PARAMETRIC_REPRESENTATION_CONTEXT() REPRESENTATION_CONTEXT('2D SPACE',''
  ) );
#4288 = PCURVE('',#3216,#4289);
#4289 = DEFINITIONAL_REPRESENTATION('',(#4290),#4294);
#4290 = LINE('',#4291,#4292);
#4291 = CARTESIAN_POINT('',(-17.5,1.742183488199E-16));
#4292 = VECTOR('',#4293,1.);
#4293 = DIRECTION('',(0.,-1.));
#4294 = ( GEOMETRIC_REPRESENTATION_CONTEXT(2) 
PARAMETRIC_REPRESENTATION_CONTEXT() REPRESENTATION_CONTEXT('2D SPACE',''
  ) );
#4295 = ORIENTED_EDGE('',*,*,#4296,.F.);
#4296 = EDGE_CURVE('',#4198,#4274,#4297,.T.);
#4297 = SURFACE_CURVE('',#4298,(#4303,#4310),.PCURVE_S1.);
#4298 = CIRCLE('',#4299,5.8);
#4299 = AXIS2_PLACEMENT_3D('',#4300,#4301,#4302);
#4300 = CARTESIAN_POINT('',(-17.5,3.5,16.062177826491));
#4301 = DIRECTION('',(0.,-0.866025403784,0.5));
#4302 = DIRECTION('',(0.,-0.5,-0.866025403784));
#4303 = PCURVE('',#3188,#4304);
#4304 = DEFINITIONAL_REPRESENTATION('',(#4305),#4309);
#4305 = LINE('',#4306,#4307);
#4306 = CARTESIAN_POINT('',(0.,1.5));
#4307 = VECTOR('',#4308,1.);
#4308 = DIRECTION('',(1.,0.));
#4309 = ( GEOMETRIC_REPRESENTATION_CONTEXT(2) 
PARAMETRIC_REPRESENTATION_CONTEXT() REPRESENTATION_CONTEXT('2D SPACE',''
  ) );
#4310 = PCURVE('',#4213,#4311);
#4311 = DEFINITIONAL_REPRESENTATION('',(#4312),#4316);
#4312 = CIRCLE('',#4313,5.8);
#4313 = AXIS2_PLACEMENT_2D('',#4314,#4315);
#4314 = CARTESIAN_POINT('',(-17.5,-12.));
#4315 = DIRECTION('',(0.,-1.));
#4316 = ( GEOMETRIC_REPRESENTATION_CONTEXT(2) 
PARAMETRIC_REPRESENTATION_CONTEXT() REPRESENTATION_CONTEXT('2D SPACE',''
  ) );
#4317 = ADVANCED_FACE('',(#4318),#3216,.T.);
#4318 = FACE_BOUND('',#4319,.T.);
#4319 = EDGE_LOOP('',(#4320,#4343,#4364,#4365));
#4320 = ORIENTED_EDGE('',*,*,#4321,.F.);
#4321 = EDGE_CURVE('',#4322,#4274,#4324,.T.);
#4322 = VERTEX_POINT('',#4323);
#4323 = CARTESIAN_POINT('',(17.5,0.6,11.039230484541));
#4324 = SURFACE_CURVE('',#4325,(#4329,#4336),.PCURVE_S1.);
#4325 = LINE('',#4326,#4327);
#4326 = CARTESIAN_POINT('',(3.552713678801E-15,0.6,11.039230484541));
#4327 = VECTOR('',#4328,1.);
#4328 = DIRECTION('',(-1.,2.973811673103E-16,5.150792909956E-16));
#4329 = PCURVE('',#3216,#4330);
#4330 = DEFINITIONAL_REPRESENTATION('',(#4331),#4335);
#4331 = LINE('',#4332,#4333);
#4332 = CARTESIAN_POINT('',(-9.860761315263E-32,-1.5));
#4333 = VECTOR('',#4334,1.);
#4334 = DIRECTION('',(-1.,0.));
#4335 = ( GEOMETRIC_REPRESENTATION_CONTEXT(2) 
PARAMETRIC_REPRESENTATION_CONTEXT() REPRESENTATION_CONTEXT('2D SPACE',''
  ) );
#4336 = PCURVE('',#4213,#4337);
#4337 = DEFINITIONAL_REPRESENTATION('',(#4338),#4342);
#4338 = LINE('',#4339,#4340);
#4339 = CARTESIAN_POINT('',(3.552713678801E-15,-17.8));
#4340 = VECTOR('',#4341,1.);
#4341 = DIRECTION('',(-1.,5.947623346206E-16));
#4342 = ( GEOMETRIC_REPRESENTATION_CONTEXT(2) 
PARAMETRIC_REPRESENTATION_CONTEXT() REPRESENTATION_CONTEXT('2D SPACE',''
  ) );
#4343 = ORIENTED_EDGE('',*,*,#4344,.F.);
#4344 = EDGE_CURVE('',#3201,#4322,#4345,.T.);
#4345 = SURFACE_CURVE('',#4346,(#4350,#4357),.PCURVE_S1.);
#4346 = LINE('',#4347,#4348);
#4347 = CARTESIAN_POINT('',(17.5,1.899038105677,10.289230484541));
#4348 = VECTOR('',#4349,1.);
#4349 = DIRECTION('',(0.,-0.866025403784,0.5));
#4350 = PCURVE('',#3216,#4351);
#4351 = DEFINITIONAL_REPRESENTATION('',(#4352),#4356);
#4352 = LINE('',#4353,#4354);
#4353 = CARTESIAN_POINT('',(17.5,-1.742183488199E-16));
#4354 = VECTOR('',#4355,1.);
#4355 = DIRECTION('',(0.,-1.));
#4356 = ( GEOMETRIC_REPRESENTATION_CONTEXT(2) 
PARAMETRIC_REPRESENTATION_CONTEXT() REPRESENTATION_CONTEXT('2D SPACE',''
  ) );
#4357 = PCURVE('',#3245,#4358);
#4358 = DEFINITIONAL_REPRESENTATION('',(#4359),#4363);
#4359 = LINE('',#4360,#4361);
#4360 = CARTESIAN_POINT('',(0.,0.));
#4361 = VECTOR('',#4362,1.);
#4362 = DIRECTION('',(0.,1.));
#4363 = ( GEOMETRIC_REPRESENTATION_CONTEXT(2) 
PARAMETRIC_REPRESENTATION_CONTEXT() REPRESENTATION_CONTEXT('2D SPACE',''
  ) );
#4364 = ORIENTED_EDGE('',*,*,#3200,.T.);
#4365 = ORIENTED_EDGE('',*,*,#4273,.T.);
#4366 = ADVANCED_FACE('',(#4367),#3245,.F.);
#4367 = FACE_BOUND('',#4368,.F.);
#4368 = EDGE_LOOP('',(#4369,#4370,#4371,#4394));
#4369 = ORIENTED_EDGE('',*,*,#4344,.F.);
#4370 = ORIENTED_EDGE('',*,*,#3228,.T.);
#4371 = ORIENTED_EDGE('',*,*,#4372,.T.);
#4372 = EDGE_CURVE('',#3229,#4373,#4375,.T.);
#4373 = VERTEX_POINT('',#4374);
#4374 = CARTESIAN_POINT('',(23.3,3.5,16.062177826491));
#4375 = SURFACE_CURVE('',#4376,(#4380,#4387),.PCURVE_S1.);
#4376 = LINE('',#4377,#4378);
#4377 = CARTESIAN_POINT('',(23.3,4.799038105677,15.312177826491));
#4378 = VECTOR('',#4379,1.);
#4379 = DIRECTION('',(0.,-0.866025403784,0.5));
#4380 = PCURVE('',#3245,#4381);
#4381 = DEFINITIONAL_REPRESENTATION('',(#4382),#4386);
#4382 = LINE('',#4383,#4384);
#4383 = CARTESIAN_POINT('',(1.570796326795,0.));
#4384 = VECTOR('',#4385,1.);
#4385 = DIRECTION('',(0.,1.));
#4386 = ( GEOMETRIC_REPRESENTATION_CONTEXT(2) 
PARAMETRIC_REPRESENTATION_CONTEXT() REPRESENTATION_CONTEXT('2D SPACE',''
  ) );
#4387 = PCURVE('',#3273,#4388);
#4388 = DEFINITIONAL_REPRESENTATION('',(#4389),#4393);
#4389 = LINE('',#4390,#4391);
#4390 = CARTESIAN_POINT('',(-12.,0.));
#4391 = VECTOR('',#4392,1.);
#4392 = DIRECTION('',(0.,-1.));
#4393 = ( GEOMETRIC_REPRESENTATION_CONTEXT(2) 
PARAMETRIC_REPRESENTATION_CONTEXT() REPRESENTATION_CONTEXT('2D SPACE',''
  ) );
#4394 = ORIENTED_EDGE('',*,*,#4395,.F.);
#4395 = EDGE_CURVE('',#4322,#4373,#4396,.T.);
#4396 = SURFACE_CURVE('',#4397,(#4402,#4409),.PCURVE_S1.);
#4397 = CIRCLE('',#4398,5.8);
#4398 = AXIS2_PLACEMENT_3D('',#4399,#4400,#4401);
#4399 = CARTESIAN_POINT('',(17.5,3.5,16.062177826491));
#4400 = DIRECTION('',(0.,-0.866025403784,0.5));
#4401 = DIRECTION('',(0.,-0.5,-0.866025403784));
#4402 = PCURVE('',#3245,#4403);
#4403 = DEFINITIONAL_REPRESENTATION('',(#4404),#4408);
#4404 = LINE('',#4405,#4406);
#4405 = CARTESIAN_POINT('',(0.,1.5));
#4406 = VECTOR('',#4407,1.);
#4407 = DIRECTION('',(1.,0.));
#4408 = ( GEOMETRIC_REPRESENTATION_CONTEXT(2) 
PARAMETRIC_REPRESENTATION_CONTEXT() REPRESENTATION_CONTEXT('2D SPACE',''
  ) );
#4409 = PCURVE('',#4213,#4410);
#4410 = DEFINITIONAL_REPRESENTATION('',(#4411),#4415);
#4411 = CIRCLE('',#4412,5.8);
#4412 = AXIS2_PLACEMENT_2D('',#4413,#4414);
#4413 = CARTESIAN_POINT('',(17.5,-12.));
#4414 = DIRECTION('',(0.,-1.));
#4415 = ( GEOMETRIC_REPRESENTATION_CONTEXT(2) 
PARAMETRIC_REPRESENTATION_CONTEXT() REPRESENTATION_CONTEXT('2D SPACE',''
  ) );
#4416 = ADVANCED_FACE('',(#4417),#3273,.T.);
#4417 = FACE_BOUND('',#4418,.T.);
#4418 = EDGE_LOOP('',(#4419,#4442,#4463,#4464));
#4419 = ORIENTED_EDGE('',*,*,#4420,.F.);
#4420 = EDGE_CURVE('',#4421,#4373,#4423,.T.);
#4421 = VERTEX_POINT('',#4422);
#4422 = CARTESIAN_POINT('',(23.3,15.5,36.846787517318));
#4423 = SURFACE_CURVE('',#4424,(#4428,#4435),.PCURVE_S1.);
#4424 = LINE('',#4425,#4426);
#4425 = CARTESIAN_POINT('',(23.3,9.5,26.454482671904));
#4426 = VECTOR('',#4427,1.);
#4427 = DIRECTION('',(-5.782411586589E-16,-0.5,-0.866025403784));
#4428 = PCURVE('',#3273,#4429);
#4429 = DEFINITIONAL_REPRESENTATION('',(#4430),#4434);
#4430 = LINE('',#4431,#4432);
#4431 = CARTESIAN_POINT('',(1.110223024625E-16,-1.5));
#4432 = VECTOR('',#4433,1.);
#4433 = DIRECTION('',(-1.,0.));
#4434 = ( GEOMETRIC_REPRESENTATION_CONTEXT(2) 
PARAMETRIC_REPRESENTATION_CONTEXT() REPRESENTATION_CONTEXT('2D SPACE',''
  ) );
#4435 = PCURVE('',#4213,#4436);
#4436 = DEFINITIONAL_REPRESENTATION('',(#4437),#4441);
#4437 = LINE('',#4438,#4439);
#4438 = CARTESIAN_POINT('',(23.3,-2.30755522366E-15));
#4439 = VECTOR('',#4440,1.);
#4440 = DIRECTION('',(-5.782411586589E-16,-1.));
#4441 = ( GEOMETRIC_REPRESENTATION_CONTEXT(2) 
PARAMETRIC_REPRESENTATION_CONTEXT() REPRESENTATION_CONTEXT('2D SPACE',''
  ) );
#4442 = ORIENTED_EDGE('',*,*,#4443,.F.);
#4443 = EDGE_CURVE('',#3258,#4421,#4444,.T.);
#4444 = SURFACE_CURVE('',#4445,(#4449,#4456),.PCURVE_S1.);
#4445 = LINE('',#4446,#4447);
#4446 = CARTESIAN_POINT('',(23.3,16.799038105677,36.096787517318));
#4447 = VECTOR('',#4448,1.);
#4448 = DIRECTION('',(0.,-0.866025403784,0.5));
#4449 = PCURVE('',#3273,#4450);
#4450 = DEFINITIONAL_REPRESENTATION('',(#4451),#4455);
#4451 = LINE('',#4452,#4453);
#4452 = CARTESIAN_POINT('',(12.,8.881784197001E-16));
#4453 = VECTOR('',#4454,1.);
#4454 = DIRECTION('',(0.,-1.));
#4455 = ( GEOMETRIC_REPRESENTATION_CONTEXT(2) 
PARAMETRIC_REPRESENTATION_CONTEXT() REPRESENTATION_CONTEXT('2D SPACE',''
  ) );
#4456 = PCURVE('',#3302,#4457);
#4457 = DEFINITIONAL_REPRESENTATION('',(#4458),#4462);
#4458 = LINE('',#4459,#4460);
#4459 = CARTESIAN_POINT('',(1.570796326795,0.));
#4460 = VECTOR('',#4461,1.);
#4461 = DIRECTION('',(0.,1.));
#4462 = ( GEOMETRIC_REPRESENTATION_CONTEXT(2) 
PARAMETRIC_REPRESENTATION_CONTEXT() REPRESENTATION_CONTEXT('2D SPACE',''
  ) );
#4463 = ORIENTED_EDGE('',*,*,#3257,.T.);
#4464 = ORIENTED_EDGE('',*,*,#4372,.T.);
#4465 = ADVANCED_FACE('',(#4466),#3302,.F.);
#4466 = FACE_BOUND('',#4467,.F.);
#4467 = EDGE_LOOP('',(#4468,#4469,#4470,#4493));
#4468 = ORIENTED_EDGE('',*,*,#4443,.F.);
#4469 = ORIENTED_EDGE('',*,*,#3285,.T.);
#4470 = ORIENTED_EDGE('',*,*,#4471,.T.);
#4471 = EDGE_CURVE('',#3286,#4472,#4474,.T.);
#4472 = VERTEX_POINT('',#4473);
#4473 = CARTESIAN_POINT('',(17.5,18.4,41.869734859267));
#4474 = SURFACE_CURVE('',#4475,(#4479,#4486),.PCURVE_S1.);
#4475 = LINE('',#4476,#4477);
#4476 = CARTESIAN_POINT('',(17.5,19.699038105677,41.119734859267));
#4477 = VECTOR('',#4478,1.);
#4478 = DIRECTION('',(0.,-0.866025403784,0.5));
#4479 = PCURVE('',#3302,#4480);
#4480 = DEFINITIONAL_REPRESENTATION('',(#4481),#4485);
#4481 = LINE('',#4482,#4483);
#4482 = CARTESIAN_POINT('',(3.14159265359,0.));
#4483 = VECTOR('',#4484,1.);
#4484 = DIRECTION('',(0.,1.));
#4485 = ( GEOMETRIC_REPRESENTATION_CONTEXT(2) 
PARAMETRIC_REPRESENTATION_CONTEXT() REPRESENTATION_CONTEXT('2D SPACE',''
  ) );
#4486 = PCURVE('',#3330,#4487);
#4487 = DEFINITIONAL_REPRESENTATION('',(#4488),#4492);
#4488 = LINE('',#4489,#4490);
#4489 = CARTESIAN_POINT('',(17.5,2.252330219987E-15));
#4490 = VECTOR('',#4491,1.);
#4491 = DIRECTION('',(0.,-1.));
#4492 = ( GEOMETRIC_REPRESENTATION_CONTEXT(2) 
PARAMETRIC_REPRESENTATION_CONTEXT() REPRESENTATION_CONTEXT('2D SPACE',''
  ) );
#4493 = ORIENTED_EDGE('',*,*,#4494,.F.);
#4494 = EDGE_CURVE('',#4421,#4472,#4495,.T.);
#4495 = SURFACE_CURVE('',#4496,(#4501,#4508),.PCURVE_S1.);
#4496 = CIRCLE('',#4497,5.8);
#4497 = AXIS2_PLACEMENT_3D('',#4498,#4499,#4500);
#4498 = CARTESIAN_POINT('',(17.5,15.5,36.846787517318));
#4499 = DIRECTION('',(0.,-0.866025403784,0.5));
#4500 = DIRECTION('',(0.,-0.5,-0.866025403784));
#4501 = PCURVE('',#3302,#4502);
#4502 = DEFINITIONAL_REPRESENTATION('',(#4503),#4507);
#4503 = LINE('',#4504,#4505);
#4504 = CARTESIAN_POINT('',(0.,1.5));
#4505 = VECTOR('',#4506,1.);
#4506 = DIRECTION('',(1.,0.));
#4507 = ( GEOMETRIC_REPRESENTATION_CONTEXT(2) 
PARAMETRIC_REPRESENTATION_CONTEXT() REPRESENTATION_CONTEXT('2D SPACE',''
  ) );
#4508 = PCURVE('',#4213,#4509);
#4509 = DEFINITIONAL_REPRESENTATION('',(#4510),#4514);
#4510 = CIRCLE('',#4511,5.8);
#4511 = AXIS2_PLACEMENT_2D('',#4512,#4513);
#4512 = CARTESIAN_POINT('',(17.5,12.));
#4513 = DIRECTION('',(0.,-1.));
#4514 = ( GEOMETRIC_REPRESENTATION_CONTEXT(2) 
PARAMETRIC_REPRESENTATION_CONTEXT() REPRESENTATION_CONTEXT('2D SPACE',''
  ) );
#4515 = ADVANCED_FACE('',(#4516),#3330,.F.);
#4516 = FACE_BOUND('',#4517,.T.);
#4517 = EDGE_LOOP('',(#4518,#4541,#4562,#4563));
#4518 = ORIENTED_EDGE('',*,*,#4519,.T.);
#4519 = EDGE_CURVE('',#4472,#4520,#4522,.T.);
#4520 = VERTEX_POINT('',#4521);
#4521 = CARTESIAN_POINT('',(-17.5,18.4,41.869734859267));
#4522 = SURFACE_CURVE('',#4523,(#4527,#4534),.PCURVE_S1.);
#4523 = LINE('',#4524,#4525);
#4524 = CARTESIAN_POINT('',(0.,18.4,41.869734859267));
#4525 = VECTOR('',#4526,1.);
#4526 = DIRECTION('',(-1.,2.973811673103E-16,5.150792909956E-16));
#4527 = PCURVE('',#3330,#4528);
#4528 = DEFINITIONAL_REPRESENTATION('',(#4529),#4533);
#4529 = LINE('',#4530,#4531);
#4530 = CARTESIAN_POINT('',(-9.860761315263E-32,-1.5));
#4531 = VECTOR('',#4532,1.);
#4532 = DIRECTION('',(-1.,4.930380657631E-32));
#4533 = ( GEOMETRIC_REPRESENTATION_CONTEXT(2) 
PARAMETRIC_REPRESENTATION_CONTEXT() REPRESENTATION_CONTEXT('2D SPACE',''
  ) );
#4534 = PCURVE('',#4213,#4535);
#4535 = DEFINITIONAL_REPRESENTATION('',(#4536),#4540);
#4536 = LINE('',#4537,#4538);
#4537 = CARTESIAN_POINT('',(0.,17.8));
#4538 = VECTOR('',#4539,1.);
#4539 = DIRECTION('',(-1.,5.947623346206E-16));
#4540 = ( GEOMETRIC_REPRESENTATION_CONTEXT(2) 
PARAMETRIC_REPRESENTATION_CONTEXT() REPRESENTATION_CONTEXT('2D SPACE',''
  ) );
#4541 = ORIENTED_EDGE('',*,*,#4542,.F.);
#4542 = EDGE_CURVE('',#3315,#4520,#4543,.T.);
#4543 = SURFACE_CURVE('',#4544,(#4548,#4555),.PCURVE_S1.);
#4544 = LINE('',#4545,#4546);
#4545 = CARTESIAN_POINT('',(-17.5,19.699038105677,41.119734859267));
#4546 = VECTOR('',#4547,1.);
#4547 = DIRECTION('',(0.,-0.866025403784,0.5));
#4548 = PCURVE('',#3330,#4549);
#4549 = DEFINITIONAL_REPRESENTATION('',(#4550),#4554);
#4550 = LINE('',#4551,#4552);
#4551 = CARTESIAN_POINT('',(-17.5,-2.252330219987E-15));
#4552 = VECTOR('',#4553,1.);
#4553 = DIRECTION('',(0.,-1.));
#4554 = ( GEOMETRIC_REPRESENTATION_CONTEXT(2) 
PARAMETRIC_REPRESENTATION_CONTEXT() REPRESENTATION_CONTEXT('2D SPACE',''
  ) );
#4555 = PCURVE('',#3357,#4556);
#4556 = DEFINITIONAL_REPRESENTATION('',(#4557),#4561);
#4557 = LINE('',#4558,#4559);
#4558 = CARTESIAN_POINT('',(3.14159265359,0.));
#4559 = VECTOR('',#4560,1.);
#4560 = DIRECTION('',(0.,1.));
#4561 = ( GEOMETRIC_REPRESENTATION_CONTEXT(2) 
PARAMETRIC_REPRESENTATION_CONTEXT() REPRESENTATION_CONTEXT('2D SPACE',''
  ) );
#4562 = ORIENTED_EDGE('',*,*,#3314,.F.);
#4563 = ORIENTED_EDGE('',*,*,#4471,.T.);
#4564 = ADVANCED_FACE('',(#4565),#3357,.F.);
#4565 = FACE_BOUND('',#4566,.F.);
#4566 = EDGE_LOOP('',(#4567,#4568,#4569,#4570));
#4567 = ORIENTED_EDGE('',*,*,#4542,.F.);
#4568 = ORIENTED_EDGE('',*,*,#3342,.T.);
#4569 = ORIENTED_EDGE('',*,*,#4247,.T.);
#4570 = ORIENTED_EDGE('',*,*,#4571,.F.);
#4571 = EDGE_CURVE('',#4520,#4196,#4572,.T.);
#4572 = SURFACE_CURVE('',#4573,(#4578,#4585),.PCURVE_S1.);
#4573 = CIRCLE('',#4574,5.8);
#4574 = AXIS2_PLACEMENT_3D('',#4575,#4576,#4577);
#4575 = CARTESIAN_POINT('',(-17.5,15.5,36.846787517318));
#4576 = DIRECTION('',(0.,-0.866025403784,0.5));
#4577 = DIRECTION('',(0.,-0.5,-0.866025403784));
#4578 = PCURVE('',#3357,#4579);
#4579 = DEFINITIONAL_REPRESENTATION('',(#4580),#4584);
#4580 = LINE('',#4581,#4582);
#4581 = CARTESIAN_POINT('',(0.,1.5));
#4582 = VECTOR('',#4583,1.);
#4583 = DIRECTION('',(1.,0.));
#4584 = ( GEOMETRIC_REPRESENTATION_CONTEXT(2) 
PARAMETRIC_REPRESENTATION_CONTEXT() REPRESENTATION_CONTEXT('2D SPACE',''
  ) );
#4585 = PCURVE('',#4213,#4586);
#4586 = DEFINITIONAL_REPRESENTATION('',(#4587),#4591);
#4587 = CIRCLE('',#4588,5.8);
#4588 = AXIS2_PLACEMENT_2D('',#4589,#4590);
#4589 = CARTESIAN_POINT('',(-17.5,12.));
#4590 = DIRECTION('',(0.,-1.));
#4591 = ( GEOMETRIC_REPRESENTATION_CONTEXT(2) 
PARAMETRIC_REPRESENTATION_CONTEXT() REPRESENTATION_CONTEXT('2D SPACE',''
  ) );
#4592 = ADVANCED_FACE('',(#4593,#4596),#3437,.T.);
#4593 = FACE_BOUND('',#4594,.T.);
#4594 = EDGE_LOOP('',(#4595));
#4595 = ORIENTED_EDGE('',*,*,#3422,.F.);
#4596 = FACE_BOUND('',#4597,.T.);
#4597 = EDGE_LOOP('',(#4598,#4621,#4622,#4645));
#4598 = ORIENTED_EDGE('',*,*,#4599,.T.);
#4599 = EDGE_CURVE('',#4600,#3783,#4602,.T.);
#4600 = VERTEX_POINT('',#4601);
#4601 = CARTESIAN_POINT('',(17.5,27.502577388071,38.));
#4602 = SURFACE_CURVE('',#4603,(#4607,#4614),.PCURVE_S1.);
#4603 = LINE('',#4604,#4605);
#4604 = CARTESIAN_POINT('',(17.5,17.320508075689,38.));
#4605 = VECTOR('',#4606,1.);
#4606 = DIRECTION('',(0.,1.,-1.110223024625E-16));
#4607 = PCURVE('',#3437,#4608);
#4608 = DEFINITIONAL_REPRESENTATION('',(#4609),#4613);
#4609 = LINE('',#4610,#4611);
#4610 = CARTESIAN_POINT('',(-7.105427357601E-15,17.5));
#4611 = VECTOR('',#4612,1.);
#4612 = DIRECTION('',(-1.,6.603188380756E-32));
#4613 = ( GEOMETRIC_REPRESENTATION_CONTEXT(2) 
PARAMETRIC_REPRESENTATION_CONTEXT() REPRESENTATION_CONTEXT('2D SPACE',''
  ) );
#4614 = PCURVE('',#3904,#4615);
#4615 = DEFINITIONAL_REPRESENTATION('',(#4616),#4620);
#4616 = LINE('',#4617,#4618);
#4617 = CARTESIAN_POINT('',(0.,3.552713678801E-14));
#4618 = VECTOR('',#4619,1.);
#4619 = DIRECTION('',(0.,1.));
#4620 = ( GEOMETRIC_REPRESENTATION_CONTEXT(2) 
PARAMETRIC_REPRESENTATION_CONTEXT() REPRESENTATION_CONTEXT('2D SPACE',''
  ) );
#4621 = ORIENTED_EDGE('',*,*,#3808,.F.);
#4622 = ORIENTED_EDGE('',*,*,#4623,.F.);
#4623 = EDGE_CURVE('',#4624,#3674,#4626,.T.);
#4624 = VERTEX_POINT('',#4625);
#4625 = CARTESIAN_POINT('',(-17.5,27.502577388071,38.));
#4626 = SURFACE_CURVE('',#4627,(#4631,#4638),.PCURVE_S1.);
#4627 = LINE('',#4628,#4629);
#4628 = CARTESIAN_POINT('',(-17.5,17.320508075689,38.));
#4629 = VECTOR('',#4630,1.);
#4630 = DIRECTION('',(0.,1.,-1.110223024625E-16));
#4631 = PCURVE('',#3437,#4632);
#4632 = DEFINITIONAL_REPRESENTATION('',(#4633),#4637);
#4633 = LINE('',#4634,#4635);
#4634 = CARTESIAN_POINT('',(1.183291357832E-30,-17.5));
#4635 = VECTOR('',#4636,1.);
#4636 = DIRECTION('',(-1.,6.603188380756E-32));
#4637 = ( GEOMETRIC_REPRESENTATION_CONTEXT(2) 
PARAMETRIC_REPRESENTATION_CONTEXT() REPRESENTATION_CONTEXT('2D SPACE',''
  ) );
#4638 = PCURVE('',#3714,#4639);
#4639 = DEFINITIONAL_REPRESENTATION('',(#4640),#4644);
#4640 = LINE('',#4641,#4642);
#4641 = CARTESIAN_POINT('',(6.28318530718,1.42108547152E-14));
#4642 = VECTOR('',#4643,1.);
#4643 = DIRECTION('',(0.,1.));
#4644 = ( GEOMETRIC_REPRESENTATION_CONTEXT(2) 
PARAMETRIC_REPRESENTATION_CONTEXT() REPRESENTATION_CONTEXT('2D SPACE',''
  ) );
#4645 = ORIENTED_EDGE('',*,*,#4646,.F.);
#4646 = EDGE_CURVE('',#4600,#4624,#4647,.T.);
#4647 = SURFACE_CURVE('',#4648,(#4652,#4659),.PCURVE_S1.);
#4648 = LINE('',#4649,#4650);
#4649 = CARTESIAN_POINT('',(-1.7763568394E-15,27.502577388071,38.));
#4650 = VECTOR('',#4651,1.);
#4651 = DIRECTION('',(-1.,1.5936608725E-16,5.947623346206E-16));
#4652 = PCURVE('',#3437,#4653);
#4653 = DEFINITIONAL_REPRESENTATION('',(#4654),#4658);
#4654 = LINE('',#4655,#4656);
#4655 = CARTESIAN_POINT('',(-10.18206931238,-1.7763568394E-15));
#4656 = VECTOR('',#4657,1.);
#4657 = DIRECTION('',(-1.5936608725E-16,-1.));
#4658 = ( GEOMETRIC_REPRESENTATION_CONTEXT(2) 
PARAMETRIC_REPRESENTATION_CONTEXT() REPRESENTATION_CONTEXT('2D SPACE',''
  ) );
#4659 = PCURVE('',#4660,#4665);
#4660 = PLANE('',#4661);
#4661 = AXIS2_PLACEMENT_3D('',#4662,#4663,#4664);
#4662 = CARTESIAN_POINT('',(0.,19.,42.908965343809));
#4663 = DIRECTION('',(5.947623346206E-16,0.5,0.866025403784));
#4664 = DIRECTION('',(1.,-2.973811673103E-16,-5.150792909956E-16));
#4665 = DEFINITIONAL_REPRESENTATION('',(#4666),#4670);
#4666 = LINE('',#4667,#4668);
#4667 = CARTESIAN_POINT('',(-1.7763568394E-15,9.817930687617));
#4668 = VECTOR('',#4669,1.);
#4669 = DIRECTION('',(-1.,-1.5936608725E-16));
#4670 = ( GEOMETRIC_REPRESENTATION_CONTEXT(2) 
PARAMETRIC_REPRESENTATION_CONTEXT() REPRESENTATION_CONTEXT('2D SPACE',''
  ) );
#4671 = ADVANCED_FACE('',(#4672),#3604,.T.);
#4672 = FACE_BOUND('',#4673,.T.);
#4673 = EDGE_LOOP('',(#4674,#4704,#4725,#4726,#4749,#4775,#4806,#4834));
#4674 = ORIENTED_EDGE('',*,*,#4675,.T.);
#4675 = EDGE_CURVE('',#4676,#4678,#4680,.T.);
#4676 = VERTEX_POINT('',#4677);
#4677 = CARTESIAN_POINT('',(-24.5,16.366025403784,36.346787517318));
#4678 = VERTEX_POINT('',#4679);
#4679 = CARTESIAN_POINT('',(-24.5,25.626933041054,31.));
#4680 = SURFACE_CURVE('',#4681,(#4685,#4692),.PCURVE_S1.);
#4681 = LINE('',#4682,#4683);
#4682 = CARTESIAN_POINT('',(-24.5,15.5,36.846787517318));
#4683 = VECTOR('',#4684,1.);
#4684 = DIRECTION('',(0.,0.866025403784,-0.5));
#4685 = PCURVE('',#3604,#4686);
#4686 = DEFINITIONAL_REPRESENTATION('',(#4687),#4691);
#4687 = LINE('',#4688,#4689);
#4688 = CARTESIAN_POINT('',(12.,8.881784197001E-16));
#4689 = VECTOR('',#4690,1.);
#4690 = DIRECTION('',(0.,1.));
#4691 = ( GEOMETRIC_REPRESENTATION_CONTEXT(2) 
PARAMETRIC_REPRESENTATION_CONTEXT() REPRESENTATION_CONTEXT('2D SPACE',''
  ) );
#4692 = PCURVE('',#4693,#4698);
#4693 = CYLINDRICAL_SURFACE('',#4694,7.);
#4694 = AXIS2_PLACEMENT_3D('',#4695,#4696,#4697);
#4695 = CARTESIAN_POINT('',(-17.5,15.5,36.846787517318));
#4696 = DIRECTION('',(0.,0.866025403784,-0.5));
#4697 = DIRECTION('',(0.,0.5,0.866025403784));
#4698 = DEFINITIONAL_REPRESENTATION('',(#4699),#4703);
#4699 = LINE('',#4700,#4701);
#4700 = CARTESIAN_POINT('',(4.712388980385,0.));
#4701 = VECTOR('',#4702,1.);
#4702 = DIRECTION('',(0.,1.));
#4703 = ( GEOMETRIC_REPRESENTATION_CONTEXT(2) 
PARAMETRIC_REPRESENTATION_CONTEXT() REPRESENTATION_CONTEXT('2D SPACE',''
  ) );
#4704 = ORIENTED_EDGE('',*,*,#4705,.T.);
#4705 = EDGE_CURVE('',#4678,#3542,#4706,.T.);
#4706 = SURFACE_CURVE('',#4707,(#4711,#4718),.PCURVE_S1.);
#4707 = LINE('',#4708,#4709);
#4708 = CARTESIAN_POINT('',(-24.5,17.320508075689,31.));
#4709 = VECTOR('',#4710,1.);
#4710 = DIRECTION('',(0.,1.,-1.110223024625E-16));
#4711 = PCURVE('',#3604,#4712);
#4712 = DEFINITIONAL_REPRESENTATION('',(#4713),#4717);
#4713 = LINE('',#4714,#4715);
#4714 = CARTESIAN_POINT('',(7.846787517318,4.5));
#4715 = VECTOR('',#4716,1.);
#4716 = DIRECTION('',(0.5,0.866025403784));
#4717 = ( GEOMETRIC_REPRESENTATION_CONTEXT(2) 
PARAMETRIC_REPRESENTATION_CONTEXT() REPRESENTATION_CONTEXT('2D SPACE',''
  ) );
#4718 = PCURVE('',#3714,#4719);
#4719 = DEFINITIONAL_REPRESENTATION('',(#4720),#4724);
#4720 = LINE('',#4721,#4722);
#4721 = CARTESIAN_POINT('',(4.712388980385,-1.06581410364E-14));
#4722 = VECTOR('',#4723,1.);
#4723 = DIRECTION('',(0.,1.));
#4724 = ( GEOMETRIC_REPRESENTATION_CONTEXT(2) 
PARAMETRIC_REPRESENTATION_CONTEXT() REPRESENTATION_CONTEXT('2D SPACE',''
  ) );
#4725 = ORIENTED_EDGE('',*,*,#3590,.F.);
#4726 = ORIENTED_EDGE('',*,*,#4727,.F.);
#4727 = EDGE_CURVE('',#4728,#3567,#4730,.T.);
#4728 = VERTEX_POINT('',#4729);
#4729 = CARTESIAN_POINT('',(-24.5,28.839858577231,1.));
#4730 = SURFACE_CURVE('',#4731,(#4735,#4742),.PCURVE_S1.);
#4731 = LINE('',#4732,#4733);
#4732 = CARTESIAN_POINT('',(-24.5,17.320508075689,1.));
#4733 = VECTOR('',#4734,1.);
#4734 = DIRECTION('',(0.,1.,-1.110223024625E-16));
#4735 = PCURVE('',#3604,#4736);
#4736 = DEFINITIONAL_REPRESENTATION('',(#4737),#4741);
#4737 = LINE('',#4738,#4739);
#4738 = CARTESIAN_POINT('',(-18.13397459621,19.5));
#4739 = VECTOR('',#4740,1.);
#4740 = DIRECTION('',(0.5,0.866025403784));
#4741 = ( GEOMETRIC_REPRESENTATION_CONTEXT(2) 
PARAMETRIC_REPRESENTATION_CONTEXT() REPRESENTATION_CONTEXT('2D SPACE',''
  ) );
#4742 = PCURVE('',#3656,#4743);
#4743 = DEFINITIONAL_REPRESENTATION('',(#4744),#4748);
#4744 = LINE('',#4745,#4746);
#4745 = CARTESIAN_POINT('',(4.712388980385,0.));
#4746 = VECTOR('',#4747,1.);
#4747 = DIRECTION('',(0.,1.));
#4748 = ( GEOMETRIC_REPRESENTATION_CONTEXT(2) 
PARAMETRIC_REPRESENTATION_CONTEXT() REPRESENTATION_CONTEXT('2D SPACE',''
  ) );
#4749 = ORIENTED_EDGE('',*,*,#4750,.F.);
#4750 = EDGE_CURVE('',#4751,#4728,#4753,.T.);
#4751 = VERTEX_POINT('',#4752);
#4752 = CARTESIAN_POINT('',(-24.5,19.196152422707,6.567796344301));
#4753 = SURFACE_CURVE('',#4754,(#4758,#4764),.PCURVE_S1.);
#4754 = LINE('',#4755,#4756);
#4755 = CARTESIAN_POINT('',(-24.5,-14.00765774841,25.738025084717));
#4756 = VECTOR('',#4757,1.);
#4757 = DIRECTION('',(0.,0.866025403784,-0.5));
#4758 = PCURVE('',#3604,#4759);
#4759 = DEFINITIONAL_REPRESENTATION('',(#4760),#4763);
#4760 = B_SPLINE_CURVE_WITH_KNOTS('',1,(#4761,#4762),.UNSPECIFIED.,.F.,
  .F.,(2,2),(14.473462819564,92.791908984796),.PIECEWISE_BEZIER_KNOTS.);
#4761 = CARTESIAN_POINT('',(-12.37429934544,-5.526537180436));
#4762 = CARTESIAN_POINT('',(-12.37429934544,72.791908984796));
#4763 = ( GEOMETRIC_REPRESENTATION_CONTEXT(2) 
PARAMETRIC_REPRESENTATION_CONTEXT() REPRESENTATION_CONTEXT('2D SPACE',''
  ) );
#4764 = PCURVE('',#4765,#4770);
#4765 = CYLINDRICAL_SURFACE('',#4766,7.01);
#4766 = AXIS2_PLACEMENT_3D('',#4767,#4768,#4769);
#4767 = CARTESIAN_POINT('',(-17.5,-13.82050807568,26.062177826491));
#4768 = DIRECTION('',(0.,0.866025403784,-0.5));
#4769 = DIRECTION('',(-1.,0.,0.));
#4770 = DEFINITIONAL_REPRESENTATION('',(#4771),#4774);
#4771 = B_SPLINE_CURVE_WITH_KNOTS('',1,(#4772,#4773),.UNSPECIFIED.,.F.,
  .F.,(2,2),(14.473462819564,92.791908984796),.PIECEWISE_BEZIER_KNOTS.);
#4772 = CARTESIAN_POINT('',(-5.342046085413E-02,14.473462819564));
#4773 = CARTESIAN_POINT('',(-5.342046085413E-02,92.791908984796));
#4774 = ( GEOMETRIC_REPRESENTATION_CONTEXT(2) 
PARAMETRIC_REPRESENTATION_CONTEXT() REPRESENTATION_CONTEXT('2D SPACE',''
  ) );
#4775 = ORIENTED_EDGE('',*,*,#4776,.F.);
#4776 = EDGE_CURVE('',#4777,#4751,#4779,.T.);
#4777 = VERTEX_POINT('',#4778);
#4778 = CARTESIAN_POINT('',(-24.5,19.196152422707,7.));
#4779 = SURFACE_CURVE('',#4780,(#4784,#4791),.PCURVE_S1.);
#4780 = LINE('',#4781,#4782);
#4781 = CARTESIAN_POINT('',(-24.5,19.196152422707,7.));
#4782 = VECTOR('',#4783,1.);
#4783 = DIRECTION('',(0.,0.,-1.));
#4784 = PCURVE('',#3604,#4785);
#4785 = DEFINITIONAL_REPRESENTATION('',(#4786),#4790);
#4786 = LINE('',#4787,#4788);
#4787 = CARTESIAN_POINT('',(-12.,18.124355652982));
#4788 = VECTOR('',#4789,1.);
#4789 = DIRECTION('',(-0.866025403784,0.5));
#4790 = ( GEOMETRIC_REPRESENTATION_CONTEXT(2) 
PARAMETRIC_REPRESENTATION_CONTEXT() REPRESENTATION_CONTEXT('2D SPACE',''
  ) );
#4791 = PCURVE('',#4792,#4800);
#4792 = SURFACE_OF_LINEAR_EXTRUSION('',#4793,#4798);
#4793 = ELLIPSE('',#4794,7.246933262871,7.);
#4794 = AXIS2_PLACEMENT_3D('',#4795,#4796,#4797);
#4795 = CARTESIAN_POINT('',(-17.5,19.196152422707,7.));
#4796 = DIRECTION('',(0.,0.965925826289,-0.258819045103));
#4797 = DIRECTION('',(0.,-0.258819045103,-0.965925826289));
#4798 = VECTOR('',#4799,1.);
#4799 = DIRECTION('',(-0.,-0.,1.));
#4800 = DEFINITIONAL_REPRESENTATION('',(#4801),#4805);
#4801 = LINE('',#4802,#4803);
#4802 = CARTESIAN_POINT('',(1.570796326795,0.));
#4803 = VECTOR('',#4804,1.);
#4804 = DIRECTION('',(0.,-1.));
#4805 = ( GEOMETRIC_REPRESENTATION_CONTEXT(2) 
PARAMETRIC_REPRESENTATION_CONTEXT() REPRESENTATION_CONTEXT('2D SPACE',''
  ) );
#4806 = ORIENTED_EDGE('',*,*,#4807,.F.);
#4807 = EDGE_CURVE('',#4808,#4777,#4810,.T.);
#4808 = VERTEX_POINT('',#4809);
#4809 = CARTESIAN_POINT('',(-24.5,4.366025403784,15.562177826491));
#4810 = SURFACE_CURVE('',#4811,(#4815,#4822),.PCURVE_S1.);
#4811 = LINE('',#4812,#4813);
#4812 = CARTESIAN_POINT('',(-24.5,3.5,16.062177826491));
#4813 = VECTOR('',#4814,1.);
#4814 = DIRECTION('',(0.,0.866025403784,-0.5));
#4815 = PCURVE('',#3604,#4816);
#4816 = DEFINITIONAL_REPRESENTATION('',(#4817),#4821);
#4817 = LINE('',#4818,#4819);
#4818 = CARTESIAN_POINT('',(-12.,0.));
#4819 = VECTOR('',#4820,1.);
#4820 = DIRECTION('',(0.,1.));
#4821 = ( GEOMETRIC_REPRESENTATION_CONTEXT(2) 
PARAMETRIC_REPRESENTATION_CONTEXT() REPRESENTATION_CONTEXT('2D SPACE',''
  ) );
#4822 = PCURVE('',#4823,#4828);
#4823 = CYLINDRICAL_SURFACE('',#4824,7.);
#4824 = AXIS2_PLACEMENT_3D('',#4825,#4826,#4827);
#4825 = CARTESIAN_POINT('',(-17.5,3.5,16.062177826491));
#4826 = DIRECTION('',(0.,0.866025403784,-0.5));
#4827 = DIRECTION('',(0.,0.5,0.866025403784));
#4828 = DEFINITIONAL_REPRESENTATION('',(#4829),#4833);
#4829 = LINE('',#4830,#4831);
#4830 = CARTESIAN_POINT('',(4.712388980385,0.));
#4831 = VECTOR('',#4832,1.);
#4832 = DIRECTION('',(0.,1.));
#4833 = ( GEOMETRIC_REPRESENTATION_CONTEXT(2) 
PARAMETRIC_REPRESENTATION_CONTEXT() REPRESENTATION_CONTEXT('2D SPACE',''
  ) );
#4834 = ORIENTED_EDGE('',*,*,#4835,.T.);
#4835 = EDGE_CURVE('',#4808,#4676,#4836,.T.);
#4836 = SURFACE_CURVE('',#4837,(#4841,#4848),.PCURVE_S1.);
#4837 = LINE('',#4838,#4839);
#4838 = CARTESIAN_POINT('',(-24.5,10.366025403784,25.954482671904));
#4839 = VECTOR('',#4840,1.);
#4840 = DIRECTION('',(5.782411586589E-16,0.5,0.866025403784));
#4841 = PCURVE('',#3604,#4842);
#4842 = DEFINITIONAL_REPRESENTATION('',(#4843),#4847);
#4843 = LINE('',#4844,#4845);
#4844 = CARTESIAN_POINT('',(-6.661338147751E-16,1.));
#4845 = VECTOR('',#4846,1.);
#4846 = DIRECTION('',(1.,0.));
#4847 = ( GEOMETRIC_REPRESENTATION_CONTEXT(2) 
PARAMETRIC_REPRESENTATION_CONTEXT() REPRESENTATION_CONTEXT('2D SPACE',''
  ) );
#4848 = PCURVE('',#4849,#4854);
#4849 = CYLINDRICAL_SURFACE('',#4850,1.);
#4850 = AXIS2_PLACEMENT_3D('',#4851,#4852,#4853);
#4851 = CARTESIAN_POINT('',(-23.5,10.366025403784,25.954482671904));
#4852 = DIRECTION('',(5.782411586589E-16,0.5,0.866025403784));
#4853 = DIRECTION('',(1.,-2.891205793295E-16,-5.007715329124E-16));
#4854 = DEFINITIONAL_REPRESENTATION('',(#4855),#4859);
#4855 = LINE('',#4856,#4857);
#4856 = CARTESIAN_POINT('',(3.14159265359,0.));
#4857 = VECTOR('',#4858,1.);
#4858 = DIRECTION('',(0.,1.));
#4859 = ( GEOMETRIC_REPRESENTATION_CONTEXT(2) 
PARAMETRIC_REPRESENTATION_CONTEXT() REPRESENTATION_CONTEXT('2D SPACE',''
  ) );
#4860 = ADVANCED_FACE('',(#4861),#3656,.T.);
#4861 = FACE_BOUND('',#4862,.T.);
#4862 = EDGE_LOOP('',(#4863,#5027,#5028,#5029));
#4863 = ORIENTED_EDGE('',*,*,#4864,.T.);
#4864 = EDGE_CURVE('',#4865,#4728,#4867,.T.);
#4865 = VERTEX_POINT('',#4866);
#4866 = CARTESIAN_POINT('',(-17.5,27.692812921102,-6.));
#4867 = SURFACE_CURVE('',#4868,(#4919,#4973),.PCURVE_S1.);
#4868 = B_SPLINE_CURVE_WITH_KNOTS('',7,(#4869,#4870,#4871,#4872,#4873,
    #4874,#4875,#4876,#4877,#4878,#4879,#4880,#4881,#4882,#4883,#4884,
    #4885,#4886,#4887,#4888,#4889,#4890,#4891,#4892,#4893,#4894,#4895,
    #4896,#4897,#4898,#4899,#4900,#4901,#4902,#4903,#4904,#4905,#4906,
    #4907,#4908,#4909,#4910,#4911,#4912,#4913,#4914,#4915,#4916,#4917,
    #4918),.UNSPECIFIED.,.F.,.F.,(8,6,6,6,6,6,6,6,8),(0.,0.253645434483,
    0.385506426539,0.549168111377,0.716423360538,0.803401434445,
    0.873585501431,0.917485009004,1.),.UNSPECIFIED.);
#4869 = CARTESIAN_POINT('',(-17.5,27.692812921102,-6.));
#4870 = CARTESIAN_POINT('',(-17.93470372263,27.692812921102,-6.));
#4871 = CARTESIAN_POINT('',(-18.3692503382,27.701162111704,
    -5.968505474385));
#4872 = CARTESIAN_POINT('',(-18.80044812822,27.717849228836,
    -5.905557310182));
#4873 = CARTESIAN_POINT('',(-19.2251352769,27.742727660273,
    -5.811691182712));
#4874 = CARTESIAN_POINT('',(-19.64025867616,27.775518757078,
    -5.687920346947));
#4875 = CARTESIAN_POINT('',(-20.04295273065,27.815815145043,
    -5.53571842886));
#4876 = CARTESIAN_POINT('',(-20.63215125389,27.887657405199,
    -5.264094189198));
#4877 = CARTESIAN_POINT('',(-20.82966789351,27.914120653349,
    -5.163999564303));
#4878 = CARTESIAN_POINT('',(-21.02285814152,27.942407376634,
    -5.056955182965));
#4879 = CARTESIAN_POINT('',(-21.21142969974,27.972446049729,
    -4.943214928794));
#4880 = CARTESIAN_POINT('',(-21.39510803451,28.004159746933,
    -4.823049588482));
#4881 = CARTESIAN_POINT('',(-21.57363649925,28.037465863169,
    -4.696746712154));
#4882 = CARTESIAN_POINT('',(-21.961672286,28.115480868906,
    -4.400607161783));
#4883 = CARTESIAN_POINT('',(-22.16826167166,28.161001769865,
    -4.227621818992));
#4884 = CARTESIAN_POINT('',(-22.3661658283,28.208682888997,
    -4.046179142571));
#4885 = CARTESIAN_POINT('',(-22.55504173434,28.258363208892,
    -3.856817345833));
#4886 = CARTESIAN_POINT('',(-22.73458233605,28.309871694412,
    -3.660086936696));
#4887 = CARTESIAN_POINT('',(-22.90451675137,28.363022643494,
    -3.456549496197));
#4888 = CARTESIAN_POINT('',(-23.22821941765,28.473398044746,
    -3.032397373903));
#4889 = CARTESIAN_POINT('',(-23.38154729637,28.530684931387,
    -2.811510547246));
#4890 = CARTESIAN_POINT('',(-23.52440579364,28.589269731302,
    -2.584646055016));
#4891 = CARTESIAN_POINT('',(-23.65662235552,28.648935974207,
    -2.352333944193));
#4892 = CARTESIAN_POINT('',(-23.77804763422,28.709408617859,
    -2.115091572199));
#4893 = CARTESIAN_POINT('',(-23.88854450501,28.770382385827,
    -1.87344338293));
#4894 = CARTESIAN_POINT('',(-24.0397142128,28.862928191077,
    -1.500223273099));
#4895 = CARTESIAN_POINT('',(-24.08840227574,28.894538750909,
    -1.371592625109));
#4896 = CARTESIAN_POINT('',(-24.13409671642,28.926043964374,
    -1.241985339754));
#4897 = CARTESIAN_POINT('',(-24.17681846344,28.957359342793,
    -1.111366374323));
#4898 = CARTESIAN_POINT('',(-24.21655325685,28.98836107403,
    -0.979752909137));
#4899 = CARTESIAN_POINT('',(-24.25325411855,29.018832108678,
    -0.847267743323));
#4900 = CARTESIAN_POINT('',(-24.31398808501,29.07219266993,
    -0.606808303925));
#4901 = CARTESIAN_POINT('',(-24.33868246507,29.095043414605,
    -0.500689774251));
#4902 = CARTESIAN_POINT('',(-24.3615082175,29.117154356553,
    -0.394110955976));
#4903 = CARTESIAN_POINT('',(-24.38264400526,29.138483359831,
    -0.286029034079));
#4904 = CARTESIAN_POINT('',(-24.40190867128,29.15857277603,
    -0.17656488403));
#4905 = CARTESIAN_POINT('',(-24.41906256843,29.176426219247,
    -6.697508634173E-02));
#4906 = CARTESIAN_POINT('',(-24.4433194705,29.199415772914,
    0.108397023874));
#4907 = CARTESIAN_POINT('',(-24.4519052656,29.206929172114,
    0.176116182819));
#4908 = CARTESIAN_POINT('',(-24.45972173307,29.212725997118,
    0.243957407349));
#4909 = CARTESIAN_POINT('',(-24.46670540356,29.216240061749,
    0.311449970985));
#4910 = CARTESIAN_POINT('',(-24.47281803187,29.216715697664,
    0.377945642737));
#4911 = CARTESIAN_POINT('',(-24.47807287288,29.213205090088,0.4428079412
    ));
#4912 = CARTESIAN_POINT('',(-24.4908777456,29.188338642979,
    0.623658025297));
#4913 = CARTESIAN_POINT('',(-24.49526872329,29.15615900656,
    0.718736161545));
#4914 = CARTESIAN_POINT('',(-24.49770677277,29.108561576393,
    0.795869364461));
#4915 = CARTESIAN_POINT('',(-24.49908985744,29.047368012997,
    0.860461331166));
#4916 = CARTESIAN_POINT('',(-24.49976395274,28.977143645116,
    0.91566339614));
#4917 = CARTESIAN_POINT('',(-24.5,28.904919664564,0.962436963715));
#4918 = CARTESIAN_POINT('',(-24.5,28.839858577231,1.));
#4919 = PCURVE('',#3656,#4920);
#4920 = DEFINITIONAL_REPRESENTATION('',(#4921),#4972);
#4921 = B_SPLINE_CURVE_WITH_KNOTS('',7,(#4922,#4923,#4924,#4925,#4926,
    #4927,#4928,#4929,#4930,#4931,#4932,#4933,#4934,#4935,#4936,#4937,
    #4938,#4939,#4940,#4941,#4942,#4943,#4944,#4945,#4946,#4947,#4948,
    #4949,#4950,#4951,#4952,#4953,#4954,#4955,#4956,#4957,#4958,#4959,
    #4960,#4961,#4962,#4963,#4964,#4965,#4966,#4967,#4968,#4969,#4970,
    #4971),.UNSPECIFIED.,.F.,.F.,(8,6,6,6,6,6,6,6,8),(0.,0.253645434483,
    0.385506426539,0.549168111377,0.716423360538,0.803401434445,
    0.873585501431,0.917485009004,1.),.UNSPECIFIED.);
#4922 = CARTESIAN_POINT('',(3.14159265359,10.372304845413));
#4923 = CARTESIAN_POINT('',(3.203693185395,10.372304845413));
#4924 = CARTESIAN_POINT('',(3.265771294691,10.380654036015));
#4925 = CARTESIAN_POINT('',(3.327762136188,10.397341153147));
#4926 = CARTESIAN_POINT('',(3.389603860276,10.422219584584));
#4927 = CARTESIAN_POINT('',(3.45123289285,10.455010681389));
#4928 = CARTESIAN_POINT('',(3.512579215124,10.495307069355));
#4929 = CARTESIAN_POINT('',(3.60526417938,10.56714932951));
#4930 = CARTESIAN_POINT('',(3.63687546416,10.59361257766));
#4931 = CARTESIAN_POINT('',(3.668393157134,10.621899300946));
#4932 = CARTESIAN_POINT('',(3.699814852946,10.65193797404));
#4933 = CARTESIAN_POINT('',(3.731137805157,10.683651671244));
#4934 = CARTESIAN_POINT('',(3.762358649844,10.71695778748));
#4935 = CARTESIAN_POINT('',(3.832091435021,10.794972793218));
#4936 = CARTESIAN_POINT('',(3.870544900434,10.840493694177));
#4937 = CARTESIAN_POINT('',(3.908839084692,10.888174813308));
#4938 = CARTESIAN_POINT('',(3.94697886659,10.937855133203));
#4939 = CARTESIAN_POINT('',(3.984968355207,10.989363618723));
#4940 = CARTESIAN_POINT('',(4.022810800644,11.042514567805));
#4941 = CARTESIAN_POINT('',(4.099033947673,11.152889969057));
#4942 = CARTESIAN_POINT('',(4.137407383488,11.210176855698));
#4943 = CARTESIAN_POINT('',(4.17564568965,11.268761655613));
#4944 = CARTESIAN_POINT('',(4.21376378973,11.328427898518));
#4945 = CARTESIAN_POINT('',(4.251777262068,11.388900542171));
#4946 = CARTESIAN_POINT('',(4.289699470746,11.449874310138));
#4947 = CARTESIAN_POINT('',(4.347224182549,11.542420115389));
#4948 = CARTESIAN_POINT('',(4.366867093681,11.57403067522));
#4949 = CARTESIAN_POINT('',(4.386491247467,11.605535888685));
#4950 = CARTESIAN_POINT('',(4.406114560716,11.636851267104));
#4951 = CARTESIAN_POINT('',(4.425746406572,11.667852998341));
#4952 = CARTESIAN_POINT('',(4.445380509066,11.698324032989));
#4953 = CARTESIAN_POINT('',(4.480810623283,11.751684594241));
#4954 = CARTESIAN_POINT('',(4.496372721642,11.774535338916));
#4955 = CARTESIAN_POINT('',(4.511939709072,11.796646280864));
#4956 = CARTESIAN_POINT('',(4.527667638942,11.817975284142));
#4957 = CARTESIAN_POINT('',(4.5435410916,11.838064700341));
#4958 = CARTESIAN_POINT('',(4.559384895676,11.855918143558));
#4959 = CARTESIAN_POINT('',(4.584676571462,11.878907697225));
#4960 = CARTESIAN_POINT('',(4.594427561698,11.886421096425));
#4961 = CARTESIAN_POINT('',(4.604182241059,11.892217921429));
#4962 = CARTESIAN_POINT('',(4.613874378271,11.89573198606));
#4963 = CARTESIAN_POINT('',(4.623412875787,11.896207621975));
#4964 = CARTESIAN_POINT('',(4.632708805368,11.892697014399));
#4965 = CARTESIAN_POINT('',(4.658609210252,11.86783056729));
#4966 = CARTESIAN_POINT('',(4.67220220698,11.835650930871));
#4967 = CARTESIAN_POINT('',(4.68322608696,11.788053500704));
#4968 = CARTESIAN_POINT('',(4.692454544255,11.726859937308));
#4969 = CARTESIAN_POINT('',(4.700340917489,11.656635569427));
#4970 = CARTESIAN_POINT('',(4.707022832344,11.584411588875));
#4971 = CARTESIAN_POINT('',(4.712388980385,11.519350501542));
#4972 = ( GEOMETRIC_REPRESENTATION_CONTEXT(2) 
PARAMETRIC_REPRESENTATION_CONTEXT() REPRESENTATION_CONTEXT('2D SPACE',''
  ) );
#4973 = PCURVE('',#4765,#4974);
#4974 = DEFINITIONAL_REPRESENTATION('',(#4975),#5026);
#4975 = B_SPLINE_CURVE_WITH_KNOTS('',7,(#4976,#4977,#4978,#4979,#4980,
    #4981,#4982,#4983,#4984,#4985,#4986,#4987,#4988,#4989,#4990,#4991,
    #4992,#4993,#4994,#4995,#4996,#4997,#4998,#4999,#5000,#5001,#5002,
    #5003,#5004,#5005,#5006,#5007,#5008,#5009,#5010,#5011,#5012,#5013,
    #5014,#5015,#5016,#5017,#5018,#5019,#5020,#5021,#5022,#5023,#5024,
    #5025),.UNSPECIFIED.,.F.,.F.,(8,6,6,6,6,6,6,6,8),(0.,0.253645434483,
    0.385506426539,0.549168111377,0.716423360538,0.803401434445,
    0.873585501431,0.917485009004,1.),.UNSPECIFIED.);
#4976 = CARTESIAN_POINT('',(-1.570796326795,51.982679491924));
#4977 = CARTESIAN_POINT('',(-1.50878438348,51.982679491924));
#4978 = CARTESIAN_POINT('',(-1.446794825503,51.974162840279));
#4979 = CARTESIAN_POINT('',(-1.384893537831,51.95714022553));
#4980 = CARTESIAN_POINT('',(-1.32314337419,51.931752515426));
#4981 = CARTESIAN_POINT('',(-1.261609022882,51.898265020394));
#4982 = CARTESIAN_POINT('',(-1.200361872606,51.85706175701));
#4983 = CARTESIAN_POINT('',(-1.107837153639,51.783466859538));
#4984 = CARTESIAN_POINT('',(-1.076282385769,51.756337392256));
#4985 = CARTESIAN_POINT('',(-1.044823188946,51.727312222542));
#4986 = CARTESIAN_POINT('',(-1.013462274655,51.696456349452));
#4987 = CARTESIAN_POINT('',(-0.982202751375,51.663838546723));
#4988 = CARTESIAN_POINT('',(-0.951048424366,51.62953105132));
#4989 = CARTESIAN_POINT('',(-0.881472858158,51.54902425298));
#4990 = CARTESIAN_POINT('',(-0.843112033876,51.501953838218));
#4991 = CARTESIAN_POINT('',(-0.804917226524,51.452525560456));
#4992 = CARTESIAN_POINT('',(-0.766884833903,51.400869081185));
#4993 = CARTESIAN_POINT('',(-0.729012493853,51.347111533586));
#4994 = CARTESIAN_POINT('',(-0.691299530418,51.291372885477));
#4995 = CARTESIAN_POINT('',(-0.615370727208,51.174884725767));
#4996 = CARTESIAN_POINT('',(-0.577162875846,51.114053211574));
#4997 = CARTESIAN_POINT('',(-0.539111314642,51.051356890462));
#4998 = CARTESIAN_POINT('',(-0.501206493152,50.986873317154));
#4999 = CARTESIAN_POINT('',(-0.463442623447,50.920622976794));
#5000 = CARTESIAN_POINT('',(-0.42581814801,50.852603714184));
#5001 = CARTESIAN_POINT('',(-0.368868207028,50.746140677628));
#5002 = CARTESIAN_POINT('',(-0.34944355693,50.709200901475));
#5003 = CARTESIAN_POINT('',(-0.330063779561,50.67168157401));
#5004 = CARTESIAN_POINT('',(-0.310717674812,50.633492004535));
#5005 = CARTESIAN_POINT('',(-0.291404386947,50.594533558754));
#5006 = CARTESIAN_POINT('',(-0.27214333128,50.554679665932));
#5007 = CARTESIAN_POINT('',(-0.237528788732,50.480661547838));
#5008 = CARTESIAN_POINT('',(-0.222376347225,50.447391608385));
#5009 = CARTESIAN_POINT('',(-0.207280585135,50.413250836676));
#5010 = CARTESIAN_POINT('',(-0.192108507132,50.377681334403));
#5011 = CARTESIAN_POINT('',(-0.176905866583,50.340347204154));
#5012 = CARTESIAN_POINT('',(-0.161894782198,50.301013840681));
#5013 = CARTESIAN_POINT('',(-0.138333803862,50.23323732307));
#5014 = CARTESIAN_POINT('',(-0.129348419081,50.205884538174));
#5015 = CARTESIAN_POINT('',(-0.120484161272,50.176984123624));
#5016 = CARTESIAN_POINT('',(-0.11183861608,50.146281111047));
#5017 = CARTESIAN_POINT('',(-0.103544344352,50.113445187956));
#5018 = CARTESIAN_POINT('',(-9.574567721406E-02,50.077973763381));
#5019 = CARTESIAN_POINT('',(-7.50958899843E-02,49.966013746435));
#5020 = CARTESIAN_POINT('',(-6.562668302785E-02,49.890606295687));
#5021 = CARTESIAN_POINT('',(-5.94819249316E-02,49.810819110549));
#5022 = CARTESIAN_POINT('',(-5.586188839544E-02,49.725527946748));
#5023 = CARTESIAN_POINT('',(-5.40483077816E-02,49.637110827711));
#5024 = CARTESIAN_POINT('',(-5.342046085415E-02,49.551176242003));
#5025 = CARTESIAN_POINT('',(-5.342046085415E-02,49.476050169433));
#5026 = ( GEOMETRIC_REPRESENTATION_CONTEXT(2) 
PARAMETRIC_REPRESENTATION_CONTEXT() REPRESENTATION_CONTEXT('2D SPACE',''
  ) );
#5027 = ORIENTED_EDGE('',*,*,#4727,.T.);
#5028 = ORIENTED_EDGE('',*,*,#3642,.T.);
#5029 = ORIENTED_EDGE('',*,*,#5030,.F.);
#5030 = EDGE_CURVE('',#4865,#3620,#5031,.T.);
#5031 = SURFACE_CURVE('',#5032,(#5036,#5043),.PCURVE_S1.);
#5032 = LINE('',#5033,#5034);
#5033 = CARTESIAN_POINT('',(-17.5,17.320508075689,-6.));
#5034 = VECTOR('',#5035,1.);
#5035 = DIRECTION('',(0.,1.,-1.110223024625E-16));
#5036 = PCURVE('',#3656,#5037);
#5037 = DEFINITIONAL_REPRESENTATION('',(#5038),#5042);
#5038 = LINE('',#5039,#5040);
#5039 = CARTESIAN_POINT('',(3.14159265359,-1.15463194561E-14));
#5040 = VECTOR('',#5041,1.);
#5041 = DIRECTION('',(0.,1.));
#5042 = ( GEOMETRIC_REPRESENTATION_CONTEXT(2) 
PARAMETRIC_REPRESENTATION_CONTEXT() REPRESENTATION_CONTEXT('2D SPACE',''
  ) );
#5043 = PCURVE('',#3765,#5044);
#5044 = DEFINITIONAL_REPRESENTATION('',(#5045),#5049);
#5045 = LINE('',#5046,#5047);
#5046 = CARTESIAN_POINT('',(-1.183291357832E-30,-17.5));
#5047 = VECTOR('',#5048,1.);
#5048 = DIRECTION('',(1.,6.603188380756E-32));
#5049 = ( GEOMETRIC_REPRESENTATION_CONTEXT(2) 
PARAMETRIC_REPRESENTATION_CONTEXT() REPRESENTATION_CONTEXT('2D SPACE',''
  ) );
#5050 = ADVANCED_FACE('',(#5051),#3714,.T.);
#5051 = FACE_BOUND('',#5052,.T.);
#5052 = EDGE_LOOP('',(#5053,#5054,#5055,#5056));
#5053 = ORIENTED_EDGE('',*,*,#4623,.T.);
#5054 = ORIENTED_EDGE('',*,*,#3699,.T.);
#5055 = ORIENTED_EDGE('',*,*,#4705,.F.);
#5056 = ORIENTED_EDGE('',*,*,#5057,.T.);
#5057 = EDGE_CURVE('',#4678,#4624,#5058,.T.);
#5058 = SURFACE_CURVE('',#5059,(#5064,#5093),.PCURVE_S1.);
#5059 = ELLIPSE('',#5060,7.246933262871,7.);
#5060 = AXIS2_PLACEMENT_3D('',#5061,#5062,#5063);
#5061 = CARTESIAN_POINT('',(-17.5,25.626933041054,31.));
#5062 = DIRECTION('',(0.,0.965925826289,-0.258819045103));
#5063 = DIRECTION('',(0.,-0.258819045103,-0.965925826289));
#5064 = PCURVE('',#3714,#5065);
#5065 = DEFINITIONAL_REPRESENTATION('',(#5066),#5092);
#5066 = B_SPLINE_CURVE_WITH_KNOTS('',3,(#5067,#5068,#5069,#5070,#5071,
    #5072,#5073,#5074,#5075,#5076,#5077,#5078,#5079,#5080,#5081,#5082,
    #5083,#5084,#5085,#5086,#5087,#5088,#5089,#5090,#5091),
  .UNSPECIFIED.,.F.,.F.,(4,1,1,1,1,1,1,1,1,1,1,1,1,1,1,1,1,1,1,1,1,1,4),
  (1.570796326795,1.642196159831,1.713595992867,1.784995825903,
    1.856395658939,1.927795491976,1.999195325012,2.070595158048,
    2.141994991084,2.21339482412,2.284794657156,2.356194490192,
    2.427594323228,2.498994156265,2.570393989301,2.641793822337,
    2.713193655373,2.784593488409,2.855993321445,2.927393154481,
    2.998792987518,3.070192820554,3.14159265359),.QUASI_UNIFORM_KNOTS.);
#5067 = CARTESIAN_POINT('',(4.712388980385,8.306424965365));
#5068 = CARTESIAN_POINT('',(4.73618892473,8.351065543848));
#5069 = CARTESIAN_POINT('',(4.783788813421,8.440345475002));
#5070 = CARTESIAN_POINT('',(4.855188646457,8.573583928042));
#5071 = CARTESIAN_POINT('',(4.926588479493,8.705460736443));
#5072 = CARTESIAN_POINT('',(4.997988312529,8.835304220708));
#5073 = CARTESIAN_POINT('',(5.069388145565,8.962452638577));
#5074 = CARTESIAN_POINT('',(5.140787978601,9.086258094874));
#5075 = CARTESIAN_POINT('',(5.212187811638,9.206089698936));
#5076 = CARTESIAN_POINT('',(5.283587644674,9.321336818103));
#5077 = CARTESIAN_POINT('',(5.35498747771,9.431412179008));
#5078 = CARTESIAN_POINT('',(5.426387310746,9.53575486297));
#5079 = CARTESIAN_POINT('',(5.497787143782,9.63383316355));
#5080 = CARTESIAN_POINT('',(5.569186976818,9.725147296243));
#5081 = CARTESIAN_POINT('',(5.640586809854,9.809231945058));
#5082 = CARTESIAN_POINT('',(5.711986642891,9.885658634278));
#5083 = CARTESIAN_POINT('',(5.783386475927,9.954037909598));
#5084 = CARTESIAN_POINT('',(5.854786308963,10.014021331186));
#5085 = CARTESIAN_POINT('',(5.926186141999,10.065303217566));
#5086 = CARTESIAN_POINT('',(5.997585975035,10.107622321555));
#5087 = CARTESIAN_POINT('',(6.068985808071,10.140762720185));
#5088 = CARTESIAN_POINT('',(6.140385641107,10.164556562085));
#5089 = CARTESIAN_POINT('',(6.211785474143,10.178878775792));
#5090 = CARTESIAN_POINT('',(6.259385362834,10.182073357314));
#5091 = CARTESIAN_POINT('',(6.28318530718,10.182069312383));
#5092 = ( GEOMETRIC_REPRESENTATION_CONTEXT(2) 
PARAMETRIC_REPRESENTATION_CONTEXT() REPRESENTATION_CONTEXT('2D SPACE',''
  ) );
#5093 = PCURVE('',#4693,#5094);
#5094 = DEFINITIONAL_REPRESENTATION('',(#5095),#5121);
#5095 = B_SPLINE_CURVE_WITH_KNOTS('',3,(#5096,#5097,#5098,#5099,#5100,
    #5101,#5102,#5103,#5104,#5105,#5106,#5107,#5108,#5109,#5110,#5111,
    #5112,#5113,#5114,#5115,#5116,#5117,#5118,#5119,#5120),
  .UNSPECIFIED.,.F.,.F.,(4,1,1,1,1,1,1,1,1,1,1,1,1,1,1,1,1,1,1,1,1,1,4),
  (1.570796326795,1.642196159831,1.713595992867,1.784995825903,
    1.856395658939,1.927795491976,1.999195325012,2.070595158048,
    2.141994991084,2.21339482412,2.284794657156,2.356194490192,
    2.427594323228,2.498994156265,2.570393989301,2.641793822337,
    2.713193655373,2.784593488409,2.855993321445,2.927393154481,
    2.998792987518,3.070192820554,3.14159265359),.QUASI_UNIFORM_KNOTS.);
#5096 = CARTESIAN_POINT('',(4.712388980385,11.693575034635));
#5097 = CARTESIAN_POINT('',(4.73618892473,11.648934456152));
#5098 = CARTESIAN_POINT('',(4.783788813421,11.559654524998));
#5099 = CARTESIAN_POINT('',(4.855188646457,11.426416071958));
#5100 = CARTESIAN_POINT('',(4.926588479493,11.294539263557));
#5101 = CARTESIAN_POINT('',(4.997988312529,11.164695779292));
#5102 = CARTESIAN_POINT('',(5.069388145565,11.037547361423));
#5103 = CARTESIAN_POINT('',(5.140787978601,10.913741905126));
#5104 = CARTESIAN_POINT('',(5.212187811638,10.793910301064));
#5105 = CARTESIAN_POINT('',(5.283587644674,10.678663181897));
#5106 = CARTESIAN_POINT('',(5.35498747771,10.568587820992));
#5107 = CARTESIAN_POINT('',(5.426387310746,10.46424513703));
#5108 = CARTESIAN_POINT('',(5.497787143782,10.36616683645));
#5109 = CARTESIAN_POINT('',(5.569186976818,10.274852703757));
#5110 = CARTESIAN_POINT('',(5.640586809854,10.190768054942));
#5111 = CARTESIAN_POINT('',(5.711986642891,10.114341365722));
#5112 = CARTESIAN_POINT('',(5.783386475927,10.045962090402));
#5113 = CARTESIAN_POINT('',(5.854786308963,9.985978668814));
#5114 = CARTESIAN_POINT('',(5.926186141999,9.934696782434));
#5115 = CARTESIAN_POINT('',(5.997585975035,9.892377678445));
#5116 = CARTESIAN_POINT('',(6.068985808071,9.859237279815));
#5117 = CARTESIAN_POINT('',(6.140385641107,9.835443437915));
#5118 = CARTESIAN_POINT('',(6.211785474143,9.821121224208));
#5119 = CARTESIAN_POINT('',(6.259385362834,9.817926642686));
#5120 = CARTESIAN_POINT('',(6.28318530718,9.817930687617));
#5121 = ( GEOMETRIC_REPRESENTATION_CONTEXT(2) 
PARAMETRIC_REPRESENTATION_CONTEXT() REPRESENTATION_CONTEXT('2D SPACE',''
  ) );
#5122 = ADVANCED_FACE('',(#5123),#3765,.T.);
#5123 = FACE_BOUND('',#5124,.T.);
#5124 = EDGE_LOOP('',(#5125,#5151,#5152,#5153));
#5125 = ORIENTED_EDGE('',*,*,#5126,.F.);
#5126 = EDGE_CURVE('',#4865,#5127,#5129,.T.);
#5127 = VERTEX_POINT('',#5128);
#5128 = CARTESIAN_POINT('',(17.5,27.692812921102,-6.));
#5129 = SURFACE_CURVE('',#5130,(#5134,#5140),.PCURVE_S1.);
#5130 = LINE('',#5131,#5132);
#5131 = CARTESIAN_POINT('',(-12.255,27.692812921102,-6.));
#5132 = VECTOR('',#5133,1.);
#5133 = DIRECTION('',(1.,1.030158581991E-15,-5.947623346206E-16));
#5134 = PCURVE('',#3765,#5135);
#5135 = DEFINITIONAL_REPRESENTATION('',(#5136),#5139);
#5136 = B_SPLINE_CURVE_WITH_KNOTS('',1,(#5137,#5138),.UNSPECIFIED.,.F.,
  .F.,(2,2),(-5.245,29.755),.PIECEWISE_BEZIER_KNOTS.);
#5137 = CARTESIAN_POINT('',(10.372304845413,-17.5));
#5138 = CARTESIAN_POINT('',(10.372304845413,17.5));
#5139 = ( GEOMETRIC_REPRESENTATION_CONTEXT(2) 
PARAMETRIC_REPRESENTATION_CONTEXT() REPRESENTATION_CONTEXT('2D SPACE',''
  ) );
#5140 = PCURVE('',#5141,#5146);
#5141 = PLANE('',#5142);
#5142 = AXIS2_PLACEMENT_3D('',#5143,#5144,#5145);
#5143 = CARTESIAN_POINT('',(-24.51,-17.32550807568,19.991339745962));
#5144 = DIRECTION('',(0.,0.5,0.866025403784));
#5145 = DIRECTION('',(1.,0.,0.));
#5146 = DEFINITIONAL_REPRESENTATION('',(#5147),#5150);
#5147 = B_SPLINE_CURVE_WITH_KNOTS('',1,(#5148,#5149),.UNSPECIFIED.,.F.,
  .F.,(2,2),(-5.245,29.755),.PIECEWISE_BEZIER_KNOTS.);
#5148 = CARTESIAN_POINT('',(7.01,51.982679491924));
#5149 = CARTESIAN_POINT('',(42.01,51.982679491924));
#5150 = ( GEOMETRIC_REPRESENTATION_CONTEXT(2) 
PARAMETRIC_REPRESENTATION_CONTEXT() REPRESENTATION_CONTEXT('2D SPACE',''
  ) );
#5151 = ORIENTED_EDGE('',*,*,#5030,.T.);
#5152 = ORIENTED_EDGE('',*,*,#3752,.F.);
#5153 = ORIENTED_EDGE('',*,*,#5154,.F.);
#5154 = EDGE_CURVE('',#5127,#3730,#5155,.T.);
#5155 = SURFACE_CURVE('',#5156,(#5160,#5167),.PCURVE_S1.);
#5156 = LINE('',#5157,#5158);
#5157 = CARTESIAN_POINT('',(17.5,17.320508075689,-6.));
#5158 = VECTOR('',#5159,1.);
#5159 = DIRECTION('',(0.,1.,-1.110223024625E-16));
#5160 = PCURVE('',#3765,#5161);
#5161 = DEFINITIONAL_REPRESENTATION('',(#5162),#5166);
#5162 = LINE('',#5163,#5164);
#5163 = CARTESIAN_POINT('',(1.183291357832E-30,17.5));
#5164 = VECTOR('',#5165,1.);
#5165 = DIRECTION('',(1.,6.603188380756E-32));
#5166 = ( GEOMETRIC_REPRESENTATION_CONTEXT(2) 
PARAMETRIC_REPRESENTATION_CONTEXT() REPRESENTATION_CONTEXT('2D SPACE',''
  ) );
#5167 = PCURVE('',#3869,#5168);
#5168 = DEFINITIONAL_REPRESENTATION('',(#5169),#5172);
#5169 = B_SPLINE_CURVE_WITH_KNOTS('',1,(#5170,#5171),.UNSPECIFIED.,.F.,
  .F.,(2,2),(0.,54.),.PIECEWISE_BEZIER_KNOTS.);
#5170 = CARTESIAN_POINT('',(3.14159265359,-1.15463194561E-14));
#5171 = CARTESIAN_POINT('',(3.14159265359,54.));
#5172 = ( GEOMETRIC_REPRESENTATION_CONTEXT(2) 
PARAMETRIC_REPRESENTATION_CONTEXT() REPRESENTATION_CONTEXT('2D SPACE',''
  ) );
#5173 = ADVANCED_FACE('',(#5174),#3869,.T.);
#5174 = FACE_BOUND('',#5175,.T.);
#5175 = EDGE_LOOP('',(#5176,#5369,#5370,#5371));
#5176 = ORIENTED_EDGE('',*,*,#5177,.T.);
#5177 = EDGE_CURVE('',#5178,#5127,#5180,.T.);
#5178 = VERTEX_POINT('',#5179);
#5179 = CARTESIAN_POINT('',(24.5,28.839858577231,1.));
#5180 = SURFACE_CURVE('',#5181,(#5240,#5302),.PCURVE_S1.);
#5181 = B_SPLINE_CURVE_WITH_KNOTS('',8,(#5182,#5183,#5184,#5185,#5186,
    #5187,#5188,#5189,#5190,#5191,#5192,#5193,#5194,#5195,#5196,#5197,
    #5198,#5199,#5200,#5201,#5202,#5203,#5204,#5205,#5206,#5207,#5208,
    #5209,#5210,#5211,#5212,#5213,#5214,#5215,#5216,#5217,#5218,#5219,
    #5220,#5221,#5222,#5223,#5224,#5225,#5226,#5227,#5228,#5229,#5230,
    #5231,#5232,#5233,#5234,#5235,#5236,#5237,#5238,#5239),
  .UNSPECIFIED.,.F.,.F.,(9,7,7,7,7,7,7,7,9),(0.,4.030758221437E-02,
    7.764588005281E-02,0.140177328108,0.265442821738,0.436931565242,
    0.604735785638,0.739934387514,1.),.UNSPECIFIED.);
#5182 = CARTESIAN_POINT('',(24.5,28.839858577231,1.));
#5183 = CARTESIAN_POINT('',(24.5,28.911754499948,0.958490869666));
#5184 = CARTESIAN_POINT('',(24.49971854974,28.972310542661,
    0.917452496743));
#5185 = CARTESIAN_POINT('',(24.499167951279,29.022623885218,
    0.876505315988));
#5186 = CARTESIAN_POINT('',(24.49834025993,29.063882821136,
    0.835315003154));
#5187 = CARTESIAN_POINT('',(24.497232887373,29.097236834186,
    0.79391794486));
#5188 = CARTESIAN_POINT('',(24.495824129205,29.123899184842,
    0.752367300171));
#5189 = CARTESIAN_POINT('',(24.494169930913,29.145059117136,
    0.711409540665));
#5190 = CARTESIAN_POINT('',(24.49043128931,29.177561220275,
    0.632131836939));
#5191 = CARTESIAN_POINT('',(24.488289721607,29.190359344901,
    0.591770388324));
#5192 = CARTESIAN_POINT('',(24.485756085075,29.200307665599,
    0.549180152305));
#5193 = CARTESIAN_POINT('',(24.482782449532,29.207497186006,
    0.504478463424));
#5194 = CARTESIAN_POINT('',(24.479330966476,29.21211732641,
    0.457948929321));
#5195 = CARTESIAN_POINT('',(24.475390963419,29.21444492597,
    0.410097385407));
#5196 = CARTESIAN_POINT('',(24.471003457261,29.2148331735,0.361705212538
    ));
#5197 = CARTESIAN_POINT('',(24.458404502897,29.211803492591,
    0.233785882172));
#5198 = CARTESIAN_POINT('',(24.449273779103,29.205560674279,
    0.151868389244));
#5199 = CARTESIAN_POINT('',(24.438907279983,29.196199741271,
    6.910501550504E-02));
#5200 = CARTESIAN_POINT('',(24.427386823419,29.184708930426,
    -1.346408312553E-02));
#5201 = CARTESIAN_POINT('',(24.414840395582,29.171789900661,
    -9.516937627513E-02));
#5202 = CARTESIAN_POINT('',(24.40134027137,29.157845412048,
    -0.175987652628));
#5203 = CARTESIAN_POINT('',(24.386783140194,29.142990587573,
    -0.256661135014));
#5204 = CARTESIAN_POINT('',(24.338802468903,29.095196991601,
    -0.502926553997));
#5205 = CARTESIAN_POINT('',(24.301964974644,29.059926355682,
    -0.668088575931));
#5206 = CARTESIAN_POINT('',(24.260508640828,29.023055975342,
    -0.832139210048));
#5207 = CARTESIAN_POINT('',(24.214697892974,28.985373426345,
    -0.994346394558));
#5208 = CARTESIAN_POINT('',(24.164651972704,28.947240684059,
    -1.154676908624));
#5209 = CARTESIAN_POINT('',(24.110329506916,28.908829052436,
    -1.31341498897));
#5210 = CARTESIAN_POINT('',(24.051560861185,28.870180686501,
    -1.470975300905));
#5211 = CARTESIAN_POINT('',(23.900975963072,28.777992900613,
    -1.842751584889));
#5212 = CARTESIAN_POINT('',(23.805671851924,28.724652059851,
    -2.054679524883));
#5213 = CARTESIAN_POINT('',(23.702156835039,28.671613215578,
    -2.263368054692));
#5214 = CARTESIAN_POINT('',(23.590514074585,28.619102852755,
    -2.468489999605));
#5215 = CARTESIAN_POINT('',(23.47083385717,28.567300431333,
    -2.669720239606));
#5216 = CARTESIAN_POINT('',(23.343215326698,28.516363209727,
    -2.866732253909));
#5217 = CARTESIAN_POINT('',(23.207768299658,28.466424668899,
    -3.059194759293));
#5218 = CARTESIAN_POINT('',(22.924528466663,28.369846192804,
    -3.430327866299));
#5219 = CARTESIAN_POINT('',(22.777065939882,28.323159431682,
    -3.609202576572));
#5220 = CARTESIAN_POINT('',(22.622369459986,28.277678890962,
    -3.783043442407));
#5221 = CARTESIAN_POINT('',(22.460603781325,28.233523048944,
    -3.951498244202));
#5222 = CARTESIAN_POINT('',(22.291951769564,28.190802469322,
    -4.114220146229));
#5223 = CARTESIAN_POINT('',(22.116614325248,28.149621544626,
    -4.27086815469));
#5224 = CARTESIAN_POINT('',(21.934810307384,28.110080239665,
    -4.421107575775));
#5225 = CARTESIAN_POINT('',(21.595278993985,28.041817109647,
    -4.68022968234));
#5226 = CARTESIAN_POINT('',(21.439740150706,28.012486275993,
    -4.791473869398));
#5227 = CARTESIAN_POINT('',(21.280309075277,27.984338686179,
    -4.898152926182));
#5228 = CARTESIAN_POINT('',(21.117143920619,27.95742671318,
    -5.000085055887));
#5229 = CARTESIAN_POINT('',(20.95041179851,27.931799855401,
    -5.09709682597));
#5230 = CARTESIAN_POINT('',(20.780288733613,27.907504841312,
    -5.189023220524));
#5231 = CARTESIAN_POINT('',(20.606959617516,27.884585734067,
    -5.275707692638));
#5232 = CARTESIAN_POINT('',(20.091410894336,27.82172375456,
    -5.513378909419));
#5233 = CARTESIAN_POINT('',(19.740932186312,27.785592854251,
    -5.649869866734));
#5234 = CARTESIAN_POINT('',(19.38080658362,27.75502432535,
    -5.765277105039));
#5235 = CARTESIAN_POINT('',(19.012791783384,27.730288451042,
    -5.85862422196));
#5236 = CARTESIAN_POINT('',(18.638749083562,27.711591566503,
    -5.92916284689));
#5237 = CARTESIAN_POINT('',(18.260613831578,27.699074817853,
    -5.976379091461));
#5238 = CARTESIAN_POINT('',(17.880365872965,27.692812921102,-6.));
#5239 = CARTESIAN_POINT('',(17.5,27.692812921102,-6.));
#5240 = PCURVE('',#3869,#5241);
#5241 = DEFINITIONAL_REPRESENTATION('',(#5242),#5301);
#5242 = B_SPLINE_CURVE_WITH_KNOTS('',8,(#5243,#5244,#5245,#5246,#5247,
    #5248,#5249,#5250,#5251,#5252,#5253,#5254,#5255,#5256,#5257,#5258,
    #5259,#5260,#5261,#5262,#5263,#5264,#5265,#5266,#5267,#5268,#5269,
    #5270,#5271,#5272,#5273,#5274,#5275,#5276,#5277,#5278,#5279,#5280,
    #5281,#5282,#5283,#5284,#5285,#5286,#5287,#5288,#5289,#5290,#5291,
    #5292,#5293,#5294,#5295,#5296,#5297,#5298,#5299,#5300),
  .UNSPECIFIED.,.F.,.F.,(9,7,7,7,7,7,7,7,9),(0.,4.030758221437E-02,
    7.764588005281E-02,0.140177328108,0.265442821738,0.436931565242,
    0.604735785638,0.739934387514,1.),.UNSPECIFIED.);
#5243 = CARTESIAN_POINT('',(1.570796326795,11.519350501542));
#5244 = CARTESIAN_POINT('',(1.576726202557,11.591246424259));
#5245 = CARTESIAN_POINT('',(1.582588828329,11.651802466972));
#5246 = CARTESIAN_POINT('',(1.58843873724,11.70211580953));
#5247 = CARTESIAN_POINT('',(1.594324007534,11.743374745447));
#5248 = CARTESIAN_POINT('',(1.600239690361,11.776728758498));
#5249 = CARTESIAN_POINT('',(1.606178694978,11.803391109153));
#5250 = CARTESIAN_POINT('',(1.612034440418,11.824551041447));
#5251 = CARTESIAN_POINT('',(1.623372413232,11.857053144586));
#5252 = CARTESIAN_POINT('',(1.629146341726,11.869851269213));
#5253 = CARTESIAN_POINT('',(1.635241213251,11.87979958991));
#5254 = CARTESIAN_POINT('',(1.641640947506,11.886989110317));
#5255 = CARTESIAN_POINT('',(1.648305868257,11.891609250721));
#5256 = CARTESIAN_POINT('',(1.655164557548,11.893936850281));
#5257 = CARTESIAN_POINT('',(1.662105868575,11.894325097811));
#5258 = CARTESIAN_POINT('',(1.680468479618,11.891295416902));
#5259 = CARTESIAN_POINT('',(1.692242484563,11.885052598591));
#5260 = CARTESIAN_POINT('',(1.704156344942,11.875691665582));
#5261 = CARTESIAN_POINT('',(1.716063898141,11.864200854737));
#5262 = CARTESIAN_POINT('',(1.7278707577,11.851281824973));
#5263 = CARTESIAN_POINT('',(1.739574566875,11.83733733636));
#5264 = CARTESIAN_POINT('',(1.751284337414,11.822482511884));
#5265 = CARTESIAN_POINT('',(1.787126622727,11.774688915912));
#5266 = CARTESIAN_POINT('',(1.811292097745,11.739418279994));
#5267 = CARTESIAN_POINT('',(1.835448844098,11.702547899653));
#5268 = CARTESIAN_POINT('',(1.859509374453,11.664865350656));
#5269 = CARTESIAN_POINT('',(1.883485978256,11.62673260837));
#5270 = CARTESIAN_POINT('',(1.907439024038,11.588320976747));
#5271 = CARTESIAN_POINT('',(1.931453111458,11.549672610812));
#5272 = CARTESIAN_POINT('',(1.988755285237,11.457484824924));
#5273 = CARTESIAN_POINT('',(2.021927492943,11.404143984162));
#5274 = CARTESIAN_POINT('',(2.055166465322,11.351105139889));
#5275 = CARTESIAN_POINT('',(2.08848056749,11.298594777066));
#5276 = CARTESIAN_POINT('',(2.121878982341,11.246792355644));
#5277 = CARTESIAN_POINT('',(2.155371282645,11.195855134038));
#5278 = CARTESIAN_POINT('',(2.18896703987,11.14591659321));
#5279 = CARTESIAN_POINT('',(2.25566229352,11.049338117115));
#5280 = CARTESIAN_POINT('',(2.288756340613,11.002651355993));
#5281 = CARTESIAN_POINT('',(2.321960382358,10.957170815273));
#5282 = CARTESIAN_POINT('',(2.355276331538,10.913014973255));
#5283 = CARTESIAN_POINT('',(2.388706541584,10.870294393633));
#5284 = CARTESIAN_POINT('',(2.422253773099,10.829113468937));
#5285 = CARTESIAN_POINT('',(2.455921160385,10.789572163977));
#5286 = CARTESIAN_POINT('',(2.516937347413,10.721309033958));
#5287 = CARTESIAN_POINT('',(2.54424229085,10.691978200304));
#5288 = CARTESIAN_POINT('',(2.571624347156,10.66383061049));
#5289 = CARTESIAN_POINT('',(2.599081302142,10.636918637491));
#5290 = CARTESIAN_POINT('',(2.626611284912,10.611291779713));
#5291 = CARTESIAN_POINT('',(2.654212664214,10.586996765623));
#5292 = CARTESIAN_POINT('',(2.681883944787,10.564077658379));
#5293 = CARTESIAN_POINT('',(2.762983290926,10.501215678871));
#5294 = CARTESIAN_POINT('',(2.816615834134,10.465084778562));
#5295 = CARTESIAN_POINT('',(2.870470554722,10.434516249661));
#5296 = CARTESIAN_POINT('',(2.924502297004,10.409780375353));
#5297 = CARTESIAN_POINT('',(2.978669718254,10.391083490815));
#5298 = CARTESIAN_POINT('',(3.032933518737,10.378566742164));
#5299 = CARTESIAN_POINT('',(3.087254671738,10.372304845413));
#5300 = CARTESIAN_POINT('',(3.14159265359,10.372304845413));
#5301 = ( GEOMETRIC_REPRESENTATION_CONTEXT(2) 
PARAMETRIC_REPRESENTATION_CONTEXT() REPRESENTATION_CONTEXT('2D SPACE',''
  ) );
#5302 = PCURVE('',#5303,#5308);
#5303 = CYLINDRICAL_SURFACE('',#5304,7.01);
#5304 = AXIS2_PLACEMENT_3D('',#5305,#5306,#5307);
#5305 = CARTESIAN_POINT('',(17.5,-13.82050807568,26.062177826491));
#5306 = DIRECTION('',(0.,0.866025403784,-0.5));
#5307 = DIRECTION('',(1.,0.,0.));
#5308 = DEFINITIONAL_REPRESENTATION('',(#5309),#5368);
#5309 = B_SPLINE_CURVE_WITH_KNOTS('',8,(#5310,#5311,#5312,#5313,#5314,
    #5315,#5316,#5317,#5318,#5319,#5320,#5321,#5322,#5323,#5324,#5325,
    #5326,#5327,#5328,#5329,#5330,#5331,#5332,#5333,#5334,#5335,#5336,
    #5337,#5338,#5339,#5340,#5341,#5342,#5343,#5344,#5345,#5346,#5347,
    #5348,#5349,#5350,#5351,#5352,#5353,#5354,#5355,#5356,#5357,#5358,
    #5359,#5360,#5361,#5362,#5363,#5364,#5365,#5366,#5367),
  .UNSPECIFIED.,.F.,.F.,(9,7,7,7,7,7,7,7,9),(0.,4.030758221437E-02,
    7.764588005281E-02,0.140177328108,0.265442821738,0.436931565242,
    0.604735785638,0.739934387514,1.),.UNSPECIFIED.);
#5310 = CARTESIAN_POINT('',(5.342046085415E-02,49.476050169433));
#5311 = CARTESIAN_POINT('',(5.342046085415E-02,49.559068430101));
#5312 = CARTESIAN_POINT('',(5.41722121133E-02,49.632030687905));
#5313 = CARTESIAN_POINT('',(5.5644296293E-02,49.696076911087));
#5314 = CARTESIAN_POINT('',(5.779339366656E-02,49.752403354139));
#5315 = CARTESIAN_POINT('',(6.053313462474E-02,49.801987305908));
#5316 = CARTESIAN_POINT('',(6.377081960905E-02,49.845852901244));
#5317 = CARTESIAN_POINT('',(6.732932315684E-02,49.884656819906));
#5318 = CARTESIAN_POINT('',(7.48241367386E-02,49.952443318764));
#5319 = CARTESIAN_POINT('',(7.890900905165E-02,49.983707544119));
#5320 = CARTESIAN_POINT('',(8.347534801132E-02,50.013618160578));
#5321 = CARTESIAN_POINT('',(8.85028273817E-02,50.042195312331));
#5322 = CARTESIAN_POINT('',(9.394370045882E-02,50.069461238342));
#5323 = CARTESIAN_POINT('',(9.971651425541E-02,50.095402770648));
#5324 = CARTESIAN_POINT('',(0.105699936926,50.119935089306));
#5325 = CARTESIAN_POINT('',(0.121819877444,50.181270973856));
#5326 = CARTESIAN_POINT('',(0.132464714666,50.216823281072));
#5327 = CARTESIAN_POINT('',(0.143455618795,50.250098162153));
#5328 = CARTESIAN_POINT('',(0.154595901858,50.281431377366));
#5329 = CARTESIAN_POINT('',(0.165753978697,50.311095815973));
#5330 = CARTESIAN_POINT('',(0.176899198878,50.339428672768));
#5331 = CARTESIAN_POINT('',(0.188118090281,50.366900758596));
#5332 = CARTESIAN_POINT('',(0.222636439075,50.448642999837));
#5333 = CARTESIAN_POINT('',(0.246143404156,50.500678744091));
#5334 = CARTESIAN_POINT('',(0.269776986387,50.550773375128));
#5335 = CARTESIAN_POINT('',(0.293407554814,50.599242922672));
#5336 = CARTESIAN_POINT('',(0.317022190484,50.646384256169));
#5337 = CARTESIAN_POINT('',(0.340663553376,50.692487847556));
#5338 = CARTESIAN_POINT('',(0.364405236662,50.737797536809));
#5339 = CARTESIAN_POINT('',(0.421134863157,50.843848714304));
#5340 = CARTESIAN_POINT('',(0.454036504588,50.903618161141));
#5341 = CARTESIAN_POINT('',(0.487045042012,50.962029439518));
#5342 = CARTESIAN_POINT('',(0.520158903897,51.019115103808));
#5343 = CARTESIAN_POINT('',(0.553380650094,51.07486801088));
#5344 = CARTESIAN_POINT('',(0.586714838686,51.129261090122));
#5345 = CARTESIAN_POINT('',(0.620167811308,51.182244297829));
#5346 = CARTESIAN_POINT('',(0.686605514117,51.284171437575));
#5347 = CARTESIAN_POINT('',(0.719584252994,51.333176871559));
#5348 = CARTESIAN_POINT('',(0.752682706384,51.380710000835));
#5349 = CARTESIAN_POINT('',(0.785901030213,51.42669732082));
#5350 = CARTESIAN_POINT('',(0.819240279281,51.471061164617));
#5351 = CARTESIAN_POINT('',(0.852702239946,51.513721441909));
#5352 = CARTESIAN_POINT('',(0.88628926282,51.554597377856));
#5353 = CARTESIAN_POINT('',(0.94716788325,51.625040826402));
#5354 = CARTESIAN_POINT('',(0.974414169622,51.655261672871));
#5355 = CARTESIAN_POINT('',(1.001739953426,51.68422467343));
#5356 = CARTESIAN_POINT('',(1.029142731802,51.711884285999));
#5357 = CARTESIAN_POINT('',(1.056620387756,51.738196661185));
#5358 = CARTESIAN_POINT('',(1.084171077736,51.763119759075));
#5359 = CARTESIAN_POINT('',(1.111793119216,51.786613466027));
#5360 = CARTESIAN_POINT('',(1.192752250723,51.851009003232));
#5361 = CARTESIAN_POINT('',(1.246297235685,51.887964204359));
#5362 = CARTESIAN_POINT('',(1.300067987492,51.919194700927));
#5363 = CARTESIAN_POINT('',(1.354018444085,51.944446363852));
#5364 = CARTESIAN_POINT('',(1.408106502435,51.963523699336));
#5365 = CARTESIAN_POINT('',(1.462292193951,51.976291999317));
#5366 = CARTESIAN_POINT('',(1.516535859895,51.982679491924));
#5367 = CARTESIAN_POINT('',(1.570796326795,51.982679491924));
#5368 = ( GEOMETRIC_REPRESENTATION_CONTEXT(2) 
PARAMETRIC_REPRESENTATION_CONTEXT() REPRESENTATION_CONTEXT('2D SPACE',''
  ) );
#5369 = ORIENTED_EDGE('',*,*,#5154,.T.);
#5370 = ORIENTED_EDGE('',*,*,#3855,.T.);
#5371 = ORIENTED_EDGE('',*,*,#5372,.F.);
#5372 = EDGE_CURVE('',#5178,#3833,#5373,.T.);
#5373 = SURFACE_CURVE('',#5374,(#5378,#5385),.PCURVE_S1.);
#5374 = LINE('',#5375,#5376);
#5375 = CARTESIAN_POINT('',(24.5,17.320508075689,1.));
#5376 = VECTOR('',#5377,1.);
#5377 = DIRECTION('',(0.,1.,-1.110223024625E-16));
#5378 = PCURVE('',#3869,#5379);
#5379 = DEFINITIONAL_REPRESENTATION('',(#5380),#5384);
#5380 = LINE('',#5381,#5382);
#5381 = CARTESIAN_POINT('',(1.570796326795,0.));
#5382 = VECTOR('',#5383,1.);
#5383 = DIRECTION('',(0.,1.));
#5384 = ( GEOMETRIC_REPRESENTATION_CONTEXT(2) 
PARAMETRIC_REPRESENTATION_CONTEXT() REPRESENTATION_CONTEXT('2D SPACE',''
  ) );
#5385 = PCURVE('',#3956,#5386);
#5386 = DEFINITIONAL_REPRESENTATION('',(#5387),#5391);
#5387 = LINE('',#5388,#5389);
#5388 = CARTESIAN_POINT('',(18.133974596216,19.5));
#5389 = VECTOR('',#5390,1.);
#5390 = DIRECTION('',(-0.5,0.866025403784));
#5391 = ( GEOMETRIC_REPRESENTATION_CONTEXT(2) 
PARAMETRIC_REPRESENTATION_CONTEXT() REPRESENTATION_CONTEXT('2D SPACE',''
  ) );
#5392 = ADVANCED_FACE('',(#5393),#3904,.T.);
#5393 = FACE_BOUND('',#5394,.T.);
#5394 = EDGE_LOOP('',(#5395,#5418,#5419,#5420));
#5395 = ORIENTED_EDGE('',*,*,#5396,.T.);
#5396 = EDGE_CURVE('',#5397,#3888,#5399,.T.);
#5397 = VERTEX_POINT('',#5398);
#5398 = CARTESIAN_POINT('',(24.5,25.626933041054,31.));
#5399 = SURFACE_CURVE('',#5400,(#5404,#5411),.PCURVE_S1.);
#5400 = LINE('',#5401,#5402);
#5401 = CARTESIAN_POINT('',(24.5,17.320508075689,31.));
#5402 = VECTOR('',#5403,1.);
#5403 = DIRECTION('',(0.,1.,-1.110223024625E-16));
#5404 = PCURVE('',#3904,#5405);
#5405 = DEFINITIONAL_REPRESENTATION('',(#5406),#5410);
#5406 = LINE('',#5407,#5408);
#5407 = CARTESIAN_POINT('',(1.570796326795,0.));
#5408 = VECTOR('',#5409,1.);
#5409 = DIRECTION('',(-4.859427277396E-18,1.));
#5410 = ( GEOMETRIC_REPRESENTATION_CONTEXT(2) 
PARAMETRIC_REPRESENTATION_CONTEXT() REPRESENTATION_CONTEXT('2D SPACE',''
  ) );
#5411 = PCURVE('',#3956,#5412);
#5412 = DEFINITIONAL_REPRESENTATION('',(#5413),#5417);
#5413 = LINE('',#5414,#5415);
#5414 = CARTESIAN_POINT('',(-7.846787517318,4.5));
#5415 = VECTOR('',#5416,1.);
#5416 = DIRECTION('',(-0.5,0.866025403784));
#5417 = ( GEOMETRIC_REPRESENTATION_CONTEXT(2) 
PARAMETRIC_REPRESENTATION_CONTEXT() REPRESENTATION_CONTEXT('2D SPACE',''
  ) );
#5418 = ORIENTED_EDGE('',*,*,#3887,.T.);
#5419 = ORIENTED_EDGE('',*,*,#4599,.F.);
#5420 = ORIENTED_EDGE('',*,*,#5421,.T.);
#5421 = EDGE_CURVE('',#4600,#5397,#5422,.T.);
#5422 = SURFACE_CURVE('',#5423,(#5428,#5457),.PCURVE_S1.);
#5423 = ELLIPSE('',#5424,7.246933262871,7.);
#5424 = AXIS2_PLACEMENT_3D('',#5425,#5426,#5427);
#5425 = CARTESIAN_POINT('',(17.5,25.626933041054,31.));
#5426 = DIRECTION('',(0.,0.965925826289,-0.258819045103));
#5427 = DIRECTION('',(0.,-0.258819045103,-0.965925826289));
#5428 = PCURVE('',#3904,#5429);
#5429 = DEFINITIONAL_REPRESENTATION('',(#5430),#5456);
#5430 = B_SPLINE_CURVE_WITH_KNOTS('',3,(#5431,#5432,#5433,#5434,#5435,
    #5436,#5437,#5438,#5439,#5440,#5441,#5442,#5443,#5444,#5445,#5446,
    #5447,#5448,#5449,#5450,#5451,#5452,#5453,#5454,#5455),
  .UNSPECIFIED.,.F.,.F.,(4,1,1,1,1,1,1,1,1,1,1,1,1,1,1,1,1,1,1,1,1,1,4),
  (3.14159265359,3.212992486626,3.284392319662,3.355792152698,
    3.427191985734,3.49859181877,3.569991651807,3.641391484843,
    3.712791317879,3.784191150915,3.855590983951,3.926990816987,
    3.998390650023,4.06979048306,4.141190316096,4.212590149132,
    4.283989982168,4.355389815204,4.42678964824,4.498189481276,
    4.569589314312,4.640989147349,4.712388980385),
  .QUASI_UNIFORM_KNOTS.);
#5431 = CARTESIAN_POINT('',(0.,10.182069312383));
#5432 = CARTESIAN_POINT('',(2.379994434538E-02,10.182073357314));
#5433 = CARTESIAN_POINT('',(7.139983303613E-02,10.178878775792));
#5434 = CARTESIAN_POINT('',(0.142799666072,10.164556562085));
#5435 = CARTESIAN_POINT('',(0.214199499108,10.140762720185));
#5436 = CARTESIAN_POINT('',(0.285599332145,10.107622321555));
#5437 = CARTESIAN_POINT('',(0.356999165181,10.065303217566));
#5438 = CARTESIAN_POINT('',(0.428398998217,10.014021331186));
#5439 = CARTESIAN_POINT('',(0.499798831253,9.954037909598));
#5440 = CARTESIAN_POINT('',(0.571198664289,9.885658634278));
#5441 = CARTESIAN_POINT('',(0.642598497325,9.809231945058));
#5442 = CARTESIAN_POINT('',(0.713998330361,9.725147296243));
#5443 = CARTESIAN_POINT('',(0.785398163397,9.63383316355));
#5444 = CARTESIAN_POINT('',(0.856797996434,9.53575486297));
#5445 = CARTESIAN_POINT('',(0.92819782947,9.431412179008));
#5446 = CARTESIAN_POINT('',(0.999597662506,9.321336818103));
#5447 = CARTESIAN_POINT('',(1.070997495542,9.206089698936));
#5448 = CARTESIAN_POINT('',(1.142397328578,9.086258094874));
#5449 = CARTESIAN_POINT('',(1.213797161614,8.962452638577));
#5450 = CARTESIAN_POINT('',(1.28519699465,8.835304220708));
#5451 = CARTESIAN_POINT('',(1.356596827687,8.705460736443));
#5452 = CARTESIAN_POINT('',(1.427996660723,8.573583928042));
#5453 = CARTESIAN_POINT('',(1.499396493759,8.440345475002));
#5454 = CARTESIAN_POINT('',(1.54699638245,8.351065543848));
#5455 = CARTESIAN_POINT('',(1.570796326795,8.306424965365));
#5456 = ( GEOMETRIC_REPRESENTATION_CONTEXT(2) 
PARAMETRIC_REPRESENTATION_CONTEXT() REPRESENTATION_CONTEXT('2D SPACE',''
  ) );
#5457 = PCURVE('',#5458,#5463);
#5458 = CYLINDRICAL_SURFACE('',#5459,7.);
#5459 = AXIS2_PLACEMENT_3D('',#5460,#5461,#5462);
#5460 = CARTESIAN_POINT('',(17.5,15.5,36.846787517318));
#5461 = DIRECTION('',(0.,0.866025403784,-0.5));
#5462 = DIRECTION('',(0.,0.5,0.866025403784));
#5463 = DEFINITIONAL_REPRESENTATION('',(#5464),#5490);
#5464 = B_SPLINE_CURVE_WITH_KNOTS('',3,(#5465,#5466,#5467,#5468,#5469,
    #5470,#5471,#5472,#5473,#5474,#5475,#5476,#5477,#5478,#5479,#5480,
    #5481,#5482,#5483,#5484,#5485,#5486,#5487,#5488,#5489),
  .UNSPECIFIED.,.F.,.F.,(4,1,1,1,1,1,1,1,1,1,1,1,1,1,1,1,1,1,1,1,1,1,4),
  (3.14159265359,3.212992486626,3.284392319662,3.355792152698,
    3.427191985734,3.49859181877,3.569991651807,3.641391484843,
    3.712791317879,3.784191150915,3.855590983951,3.926990816987,
    3.998390650023,4.06979048306,4.141190316096,4.212590149132,
    4.283989982168,4.355389815204,4.42678964824,4.498189481276,
    4.569589314312,4.640989147349,4.712388980385),
  .QUASI_UNIFORM_KNOTS.);
#5465 = CARTESIAN_POINT('',(0.,9.817930687617));
#5466 = CARTESIAN_POINT('',(2.379994434538E-02,9.817926642686));
#5467 = CARTESIAN_POINT('',(7.139983303613E-02,9.821121224208));
#5468 = CARTESIAN_POINT('',(0.142799666072,9.835443437915));
#5469 = CARTESIAN_POINT('',(0.214199499108,9.859237279815));
#5470 = CARTESIAN_POINT('',(0.285599332145,9.892377678445));
#5471 = CARTESIAN_POINT('',(0.356999165181,9.934696782434));
#5472 = CARTESIAN_POINT('',(0.428398998217,9.985978668814));
#5473 = CARTESIAN_POINT('',(0.499798831253,10.045962090402));
#5474 = CARTESIAN_POINT('',(0.571198664289,10.114341365722));
#5475 = CARTESIAN_POINT('',(0.642598497325,10.190768054942));
#5476 = CARTESIAN_POINT('',(0.713998330361,10.274852703757));
#5477 = CARTESIAN_POINT('',(0.785398163397,10.36616683645));
#5478 = CARTESIAN_POINT('',(0.856797996434,10.46424513703));
#5479 = CARTESIAN_POINT('',(0.92819782947,10.568587820992));
#5480 = CARTESIAN_POINT('',(0.999597662506,10.678663181897));
#5481 = CARTESIAN_POINT('',(1.070997495542,10.793910301064));
#5482 = CARTESIAN_POINT('',(1.142397328578,10.913741905126));
#5483 = CARTESIAN_POINT('',(1.213797161614,11.037547361423));
#5484 = CARTESIAN_POINT('',(1.28519699465,11.164695779292));
#5485 = CARTESIAN_POINT('',(1.356596827687,11.294539263557));
#5486 = CARTESIAN_POINT('',(1.427996660723,11.426416071958));
#5487 = CARTESIAN_POINT('',(1.499396493759,11.559654524998));
#5488 = CARTESIAN_POINT('',(1.54699638245,11.648934456152));
#5489 = CARTESIAN_POINT('',(1.570796326795,11.693575034635));
#5490 = ( GEOMETRIC_REPRESENTATION_CONTEXT(2) 
PARAMETRIC_REPRESENTATION_CONTEXT() REPRESENTATION_CONTEXT('2D SPACE',''
  ) );
#5491 = ADVANCED_FACE('',(#5492),#3956,.T.);
#5492 = FACE_BOUND('',#5493,.T.);
#5493 = EDGE_LOOP('',(#5494,#5495,#5496,#5519,#5547,#5575,#5606,#5625));
#5494 = ORIENTED_EDGE('',*,*,#3942,.F.);
#5495 = ORIENTED_EDGE('',*,*,#5396,.F.);
#5496 = ORIENTED_EDGE('',*,*,#5497,.F.);
#5497 = EDGE_CURVE('',#5498,#5397,#5500,.T.);
#5498 = VERTEX_POINT('',#5499);
#5499 = CARTESIAN_POINT('',(24.5,16.366025403784,36.346787517318));
#5500 = SURFACE_CURVE('',#5501,(#5505,#5512),.PCURVE_S1.);
#5501 = LINE('',#5502,#5503);
#5502 = CARTESIAN_POINT('',(24.5,15.5,36.846787517318));
#5503 = VECTOR('',#5504,1.);
#5504 = DIRECTION('',(0.,0.866025403784,-0.5));
#5505 = PCURVE('',#3956,#5506);
#5506 = DEFINITIONAL_REPRESENTATION('',(#5507),#5511);
#5507 = LINE('',#5508,#5509);
#5508 = CARTESIAN_POINT('',(-12.,8.881784197001E-16));
#5509 = VECTOR('',#5510,1.);
#5510 = DIRECTION('',(0.,1.));
#5511 = ( GEOMETRIC_REPRESENTATION_CONTEXT(2) 
PARAMETRIC_REPRESENTATION_CONTEXT() REPRESENTATION_CONTEXT('2D SPACE',''
  ) );
#5512 = PCURVE('',#5458,#5513);
#5513 = DEFINITIONAL_REPRESENTATION('',(#5514),#5518);
#5514 = LINE('',#5515,#5516);
#5515 = CARTESIAN_POINT('',(1.570796326795,0.));
#5516 = VECTOR('',#5517,1.);
#5517 = DIRECTION('',(0.,1.));
#5518 = ( GEOMETRIC_REPRESENTATION_CONTEXT(2) 
PARAMETRIC_REPRESENTATION_CONTEXT() REPRESENTATION_CONTEXT('2D SPACE',''
  ) );
#5519 = ORIENTED_EDGE('',*,*,#5520,.T.);
#5520 = EDGE_CURVE('',#5498,#5521,#5523,.T.);
#5521 = VERTEX_POINT('',#5522);
#5522 = CARTESIAN_POINT('',(24.5,4.366025403784,15.562177826491));
#5523 = SURFACE_CURVE('',#5524,(#5528,#5535),.PCURVE_S1.);
#5524 = LINE('',#5525,#5526);
#5525 = CARTESIAN_POINT('',(24.5,10.366025403784,25.954482671904));
#5526 = VECTOR('',#5527,1.);
#5527 = DIRECTION('',(-5.782411586589E-16,-0.5,-0.866025403784));
#5528 = PCURVE('',#3956,#5529);
#5529 = DEFINITIONAL_REPRESENTATION('',(#5530),#5534);
#5530 = LINE('',#5531,#5532);
#5531 = CARTESIAN_POINT('',(6.661338147751E-16,1.));
#5532 = VECTOR('',#5533,1.);
#5533 = DIRECTION('',(1.,0.));
#5534 = ( GEOMETRIC_REPRESENTATION_CONTEXT(2) 
PARAMETRIC_REPRESENTATION_CONTEXT() REPRESENTATION_CONTEXT('2D SPACE',''
  ) );
#5535 = PCURVE('',#5536,#5541);
#5536 = CYLINDRICAL_SURFACE('',#5537,1.);
#5537 = AXIS2_PLACEMENT_3D('',#5538,#5539,#5540);
#5538 = CARTESIAN_POINT('',(23.5,10.366025403784,25.954482671904));
#5539 = DIRECTION('',(-5.782411586589E-16,-0.5,-0.866025403784));
#5540 = DIRECTION('',(-1.,2.891205793295E-16,5.007715329124E-16));
#5541 = DEFINITIONAL_REPRESENTATION('',(#5542),#5546);
#5542 = LINE('',#5543,#5544);
#5543 = CARTESIAN_POINT('',(3.14159265359,0.));
#5544 = VECTOR('',#5545,1.);
#5545 = DIRECTION('',(0.,1.));
#5546 = ( GEOMETRIC_REPRESENTATION_CONTEXT(2) 
PARAMETRIC_REPRESENTATION_CONTEXT() REPRESENTATION_CONTEXT('2D SPACE',''
  ) );
#5547 = ORIENTED_EDGE('',*,*,#5548,.T.);
#5548 = EDGE_CURVE('',#5521,#5549,#5551,.T.);
#5549 = VERTEX_POINT('',#5550);
#5550 = CARTESIAN_POINT('',(24.5,19.196152422707,7.));
#5551 = SURFACE_CURVE('',#5552,(#5556,#5563),.PCURVE_S1.);
#5552 = LINE('',#5553,#5554);
#5553 = CARTESIAN_POINT('',(24.5,3.5,16.062177826491));
#5554 = VECTOR('',#5555,1.);
#5555 = DIRECTION('',(0.,0.866025403784,-0.5));
#5556 = PCURVE('',#3956,#5557);
#5557 = DEFINITIONAL_REPRESENTATION('',(#5558),#5562);
#5558 = LINE('',#5559,#5560);
#5559 = CARTESIAN_POINT('',(12.,0.));
#5560 = VECTOR('',#5561,1.);
#5561 = DIRECTION('',(0.,1.));
#5562 = ( GEOMETRIC_REPRESENTATION_CONTEXT(2) 
PARAMETRIC_REPRESENTATION_CONTEXT() REPRESENTATION_CONTEXT('2D SPACE',''
  ) );
#5563 = PCURVE('',#5564,#5569);
#5564 = CYLINDRICAL_SURFACE('',#5565,7.);
#5565 = AXIS2_PLACEMENT_3D('',#5566,#5567,#5568);
#5566 = CARTESIAN_POINT('',(17.5,3.5,16.062177826491));
#5567 = DIRECTION('',(0.,0.866025403784,-0.5));
#5568 = DIRECTION('',(0.,0.5,0.866025403784));
#5569 = DEFINITIONAL_REPRESENTATION('',(#5570),#5574);
#5570 = LINE('',#5571,#5572);
#5571 = CARTESIAN_POINT('',(1.570796326795,0.));
#5572 = VECTOR('',#5573,1.);
#5573 = DIRECTION('',(0.,1.));
#5574 = ( GEOMETRIC_REPRESENTATION_CONTEXT(2) 
PARAMETRIC_REPRESENTATION_CONTEXT() REPRESENTATION_CONTEXT('2D SPACE',''
  ) );
#5575 = ORIENTED_EDGE('',*,*,#5576,.T.);
#5576 = EDGE_CURVE('',#5549,#5577,#5579,.T.);
#5577 = VERTEX_POINT('',#5578);
#5578 = CARTESIAN_POINT('',(24.5,19.196152422707,6.567796344301));
#5579 = SURFACE_CURVE('',#5580,(#5584,#5591),.PCURVE_S1.);
#5580 = LINE('',#5581,#5582);
#5581 = CARTESIAN_POINT('',(24.5,19.196152422707,7.));
#5582 = VECTOR('',#5583,1.);
#5583 = DIRECTION('',(0.,0.,-1.));
#5584 = PCURVE('',#3956,#5585);
#5585 = DEFINITIONAL_REPRESENTATION('',(#5586),#5590);
#5586 = LINE('',#5587,#5588);
#5587 = CARTESIAN_POINT('',(12.,18.124355652982));
#5588 = VECTOR('',#5589,1.);
#5589 = DIRECTION('',(0.866025403784,0.5));
#5590 = ( GEOMETRIC_REPRESENTATION_CONTEXT(2) 
PARAMETRIC_REPRESENTATION_CONTEXT() REPRESENTATION_CONTEXT('2D SPACE',''
  ) );
#5591 = PCURVE('',#5592,#5600);
#5592 = SURFACE_OF_LINEAR_EXTRUSION('',#5593,#5598);
#5593 = ELLIPSE('',#5594,7.246933262871,7.);
#5594 = AXIS2_PLACEMENT_3D('',#5595,#5596,#5597);
#5595 = CARTESIAN_POINT('',(17.5,19.196152422707,7.));
#5596 = DIRECTION('',(0.,0.965925826289,-0.258819045103));
#5597 = DIRECTION('',(0.,-0.258819045103,-0.965925826289));
#5598 = VECTOR('',#5599,1.);
#5599 = DIRECTION('',(-0.,-0.,1.));
#5600 = DEFINITIONAL_REPRESENTATION('',(#5601),#5605);
#5601 = LINE('',#5602,#5603);
#5602 = CARTESIAN_POINT('',(4.712388980385,0.));
#5603 = VECTOR('',#5604,1.);
#5604 = DIRECTION('',(0.,-1.));
#5605 = ( GEOMETRIC_REPRESENTATION_CONTEXT(2) 
PARAMETRIC_REPRESENTATION_CONTEXT() REPRESENTATION_CONTEXT('2D SPACE',''
  ) );
#5606 = ORIENTED_EDGE('',*,*,#5607,.T.);
#5607 = EDGE_CURVE('',#5577,#5178,#5608,.T.);
#5608 = SURFACE_CURVE('',#5609,(#5613,#5619),.PCURVE_S1.);
#5609 = LINE('',#5610,#5611);
#5610 = CARTESIAN_POINT('',(24.5,-14.00765774841,25.738025084716));
#5611 = VECTOR('',#5612,1.);
#5612 = DIRECTION('',(0.,0.866025403784,-0.5));
#5613 = PCURVE('',#3956,#5614);
#5614 = DEFINITIONAL_REPRESENTATION('',(#5615),#5618);
#5615 = B_SPLINE_CURVE_WITH_KNOTS('',1,(#5616,#5617),.UNSPECIFIED.,.F.,
  .F.,(2,2),(14.473462819564,92.791908984796),.PIECEWISE_BEZIER_KNOTS.);
#5616 = CARTESIAN_POINT('',(12.374299345444,-5.526537180436));
#5617 = CARTESIAN_POINT('',(12.374299345444,72.791908984796));
#5618 = ( GEOMETRIC_REPRESENTATION_CONTEXT(2) 
PARAMETRIC_REPRESENTATION_CONTEXT() REPRESENTATION_CONTEXT('2D SPACE',''
  ) );
#5619 = PCURVE('',#5303,#5620);
#5620 = DEFINITIONAL_REPRESENTATION('',(#5621),#5624);
#5621 = B_SPLINE_CURVE_WITH_KNOTS('',1,(#5622,#5623),.UNSPECIFIED.,.F.,
  .F.,(2,2),(14.473462819564,92.791908984796),.PIECEWISE_BEZIER_KNOTS.);
#5622 = CARTESIAN_POINT('',(5.342046085417E-02,14.473462819564));
#5623 = CARTESIAN_POINT('',(5.342046085417E-02,92.791908984796));
#5624 = ( GEOMETRIC_REPRESENTATION_CONTEXT(2) 
PARAMETRIC_REPRESENTATION_CONTEXT() REPRESENTATION_CONTEXT('2D SPACE',''
  ) );
#5625 = ORIENTED_EDGE('',*,*,#5372,.T.);
#5626 = ADVANCED_FACE('',(#5627),#4041,.T.);
#5627 = FACE_BOUND('',#5628,.T.);
#5628 = EDGE_LOOP('',(#5629,#5630,#5631,#5632));
#5629 = ORIENTED_EDGE('',*,*,#4157,.F.);
#5630 = ORIENTED_EDGE('',*,*,#4027,.T.);
#5631 = ORIENTED_EDGE('',*,*,#4081,.T.);
#5632 = ORIENTED_EDGE('',*,*,#4130,.F.);
#5633 = ADVANCED_FACE('',(#5634,#5854),#4213,.T.);
#5634 = FACE_BOUND('',#5635,.T.);
#5635 = EDGE_LOOP('',(#5636,#5661,#5690,#5718,#5747,#5770,#5799,#5827));
#5636 = ORIENTED_EDGE('',*,*,#5637,.F.);
#5637 = EDGE_CURVE('',#5638,#5640,#5642,.T.);
#5638 = VERTEX_POINT('',#5639);
#5639 = CARTESIAN_POINT('',(-23.5,3.5,16.062177826491));
#5640 = VERTEX_POINT('',#5641);
#5641 = CARTESIAN_POINT('',(-23.5,15.5,36.846787517318));
#5642 = SURFACE_CURVE('',#5643,(#5647,#5654),.PCURVE_S1.);
#5643 = LINE('',#5644,#5645);
#5644 = CARTESIAN_POINT('',(-23.5,9.5,26.454482671904));
#5645 = VECTOR('',#5646,1.);
#5646 = DIRECTION('',(5.782411586589E-16,0.5,0.866025403784));
#5647 = PCURVE('',#4213,#5648);
#5648 = DEFINITIONAL_REPRESENTATION('',(#5649),#5653);
#5649 = LINE('',#5650,#5651);
#5650 = CARTESIAN_POINT('',(-23.5,1.316752711072E-14));
#5651 = VECTOR('',#5652,1.);
#5652 = DIRECTION('',(5.782411586589E-16,1.));
#5653 = ( GEOMETRIC_REPRESENTATION_CONTEXT(2) 
PARAMETRIC_REPRESENTATION_CONTEXT() REPRESENTATION_CONTEXT('2D SPACE',''
  ) );
#5654 = PCURVE('',#4849,#5655);
#5655 = DEFINITIONAL_REPRESENTATION('',(#5656),#5660);
#5656 = LINE('',#5657,#5658);
#5657 = CARTESIAN_POINT('',(4.712388980385,1.7763568394E-14));
#5658 = VECTOR('',#5659,1.);
#5659 = DIRECTION('',(0.,1.));
#5660 = ( GEOMETRIC_REPRESENTATION_CONTEXT(2) 
PARAMETRIC_REPRESENTATION_CONTEXT() REPRESENTATION_CONTEXT('2D SPACE',''
  ) );
#5661 = ORIENTED_EDGE('',*,*,#5662,.T.);
#5662 = EDGE_CURVE('',#5638,#5663,#5665,.T.);
#5663 = VERTEX_POINT('',#5664);
#5664 = CARTESIAN_POINT('',(-17.5,0.5,10.866025403784));
#5665 = SURFACE_CURVE('',#5666,(#5671,#5678),.PCURVE_S1.);
#5666 = CIRCLE('',#5667,6.);
#5667 = AXIS2_PLACEMENT_3D('',#5668,#5669,#5670);
#5668 = CARTESIAN_POINT('',(-17.5,3.5,16.062177826491));
#5669 = DIRECTION('',(0.,-0.866025403784,0.5));
#5670 = DIRECTION('',(0.,-0.5,-0.866025403784));
#5671 = PCURVE('',#4213,#5672);
#5672 = DEFINITIONAL_REPRESENTATION('',(#5673),#5677);
#5673 = CIRCLE('',#5674,6.);
#5674 = AXIS2_PLACEMENT_2D('',#5675,#5676);
#5675 = CARTESIAN_POINT('',(-17.5,-12.));
#5676 = DIRECTION('',(0.,-1.));
#5677 = ( GEOMETRIC_REPRESENTATION_CONTEXT(2) 
PARAMETRIC_REPRESENTATION_CONTEXT() REPRESENTATION_CONTEXT('2D SPACE',''
  ) );
#5678 = PCURVE('',#5679,#5684);
#5679 = TOROIDAL_SURFACE('',#5680,6.,1.);
#5680 = AXIS2_PLACEMENT_3D('',#5681,#5682,#5683);
#5681 = CARTESIAN_POINT('',(-17.5,4.366025403784,15.562177826491));
#5682 = DIRECTION('',(0.,-0.866025403784,0.5));
#5683 = DIRECTION('',(0.,-0.5,-0.866025403784));
#5684 = DEFINITIONAL_REPRESENTATION('',(#5685),#5689);
#5685 = LINE('',#5686,#5687);
#5686 = CARTESIAN_POINT('',(0.,1.570796326795));
#5687 = VECTOR('',#5688,1.);
#5688 = DIRECTION('',(1.,0.));
#5689 = ( GEOMETRIC_REPRESENTATION_CONTEXT(2) 
PARAMETRIC_REPRESENTATION_CONTEXT() REPRESENTATION_CONTEXT('2D SPACE',''
  ) );
#5690 = ORIENTED_EDGE('',*,*,#5691,.F.);
#5691 = EDGE_CURVE('',#5692,#5663,#5694,.T.);
#5692 = VERTEX_POINT('',#5693);
#5693 = CARTESIAN_POINT('',(17.5,0.5,10.866025403784));
#5694 = SURFACE_CURVE('',#5695,(#5699,#5706),.PCURVE_S1.);
#5695 = LINE('',#5696,#5697);
#5696 = CARTESIAN_POINT('',(-1.06581410364E-14,0.5,10.866025403784));
#5697 = VECTOR('',#5698,1.);
#5698 = DIRECTION('',(-1.,2.973811673103E-16,5.150792909956E-16));
#5699 = PCURVE('',#4213,#5700);
#5700 = DEFINITIONAL_REPRESENTATION('',(#5701),#5705);
#5701 = LINE('',#5702,#5703);
#5702 = CARTESIAN_POINT('',(-1.06581410364E-14,-18.));
#5703 = VECTOR('',#5704,1.);
#5704 = DIRECTION('',(-1.,5.947623346206E-16));
#5705 = ( GEOMETRIC_REPRESENTATION_CONTEXT(2) 
PARAMETRIC_REPRESENTATION_CONTEXT() REPRESENTATION_CONTEXT('2D SPACE',''
  ) );
#5706 = PCURVE('',#5707,#5712);
#5707 = CYLINDRICAL_SURFACE('',#5708,1.);
#5708 = AXIS2_PLACEMENT_3D('',#5709,#5710,#5711);
#5709 = CARTESIAN_POINT('',(4.440892098501E-15,1.366025403784,
    10.366025403784));
#5710 = DIRECTION('',(-1.,2.973811673103E-16,5.150792909956E-16));
#5711 = DIRECTION('',(5.947623346206E-16,0.5,0.866025403784));
#5712 = DEFINITIONAL_REPRESENTATION('',(#5713),#5717);
#5713 = LINE('',#5714,#5715);
#5714 = CARTESIAN_POINT('',(4.712388980385,1.42108547152E-14));
#5715 = VECTOR('',#5716,1.);
#5716 = DIRECTION('',(0.,1.));
#5717 = ( GEOMETRIC_REPRESENTATION_CONTEXT(2) 
PARAMETRIC_REPRESENTATION_CONTEXT() REPRESENTATION_CONTEXT('2D SPACE',''
  ) );
#5718 = ORIENTED_EDGE('',*,*,#5719,.T.);
#5719 = EDGE_CURVE('',#5692,#5720,#5722,.T.);
#5720 = VERTEX_POINT('',#5721);
#5721 = CARTESIAN_POINT('',(23.5,3.5,16.062177826491));
#5722 = SURFACE_CURVE('',#5723,(#5728,#5735),.PCURVE_S1.);
#5723 = CIRCLE('',#5724,6.);
#5724 = AXIS2_PLACEMENT_3D('',#5725,#5726,#5727);
#5725 = CARTESIAN_POINT('',(17.5,3.5,16.062177826491));
#5726 = DIRECTION('',(0.,-0.866025403784,0.5));
#5727 = DIRECTION('',(0.,-0.5,-0.866025403784));
#5728 = PCURVE('',#4213,#5729);
#5729 = DEFINITIONAL_REPRESENTATION('',(#5730),#5734);
#5730 = CIRCLE('',#5731,6.);
#5731 = AXIS2_PLACEMENT_2D('',#5732,#5733);
#5732 = CARTESIAN_POINT('',(17.5,-12.));
#5733 = DIRECTION('',(0.,-1.));
#5734 = ( GEOMETRIC_REPRESENTATION_CONTEXT(2) 
PARAMETRIC_REPRESENTATION_CONTEXT() REPRESENTATION_CONTEXT('2D SPACE',''
  ) );
#5735 = PCURVE('',#5736,#5741);
#5736 = TOROIDAL_SURFACE('',#5737,6.,1.);
#5737 = AXIS2_PLACEMENT_3D('',#5738,#5739,#5740);
#5738 = CARTESIAN_POINT('',(17.5,4.366025403784,15.562177826491));
#5739 = DIRECTION('',(0.,-0.866025403784,0.5));
#5740 = DIRECTION('',(0.,-0.5,-0.866025403784));
#5741 = DEFINITIONAL_REPRESENTATION('',(#5742),#5746);
#5742 = LINE('',#5743,#5744);
#5743 = CARTESIAN_POINT('',(0.,1.570796326795));
#5744 = VECTOR('',#5745,1.);
#5745 = DIRECTION('',(1.,0.));
#5746 = ( GEOMETRIC_REPRESENTATION_CONTEXT(2) 
PARAMETRIC_REPRESENTATION_CONTEXT() REPRESENTATION_CONTEXT('2D SPACE',''
  ) );
#5747 = ORIENTED_EDGE('',*,*,#5748,.F.);
#5748 = EDGE_CURVE('',#5749,#5720,#5751,.T.);
#5749 = VERTEX_POINT('',#5750);
#5750 = CARTESIAN_POINT('',(23.5,15.5,36.846787517318));
#5751 = SURFACE_CURVE('',#5752,(#5756,#5763),.PCURVE_S1.);
#5752 = LINE('',#5753,#5754);
#5753 = CARTESIAN_POINT('',(23.5,9.5,26.454482671904));
#5754 = VECTOR('',#5755,1.);
#5755 = DIRECTION('',(-5.782411586589E-16,-0.5,-0.866025403784));
#5756 = PCURVE('',#4213,#5757);
#5757 = DEFINITIONAL_REPRESENTATION('',(#5758),#5762);
#5758 = LINE('',#5759,#5760);
#5759 = CARTESIAN_POINT('',(23.5,-1.182145323025E-14));
#5760 = VECTOR('',#5761,1.);
#5761 = DIRECTION('',(-5.782411586589E-16,-1.));
#5762 = ( GEOMETRIC_REPRESENTATION_CONTEXT(2) 
PARAMETRIC_REPRESENTATION_CONTEXT() REPRESENTATION_CONTEXT('2D SPACE',''
  ) );
#5763 = PCURVE('',#5536,#5764);
#5764 = DEFINITIONAL_REPRESENTATION('',(#5765),#5769);
#5765 = LINE('',#5766,#5767);
#5766 = CARTESIAN_POINT('',(4.712388980385,1.06581410364E-14));
#5767 = VECTOR('',#5768,1.);
#5768 = DIRECTION('',(0.,1.));
#5769 = ( GEOMETRIC_REPRESENTATION_CONTEXT(2) 
PARAMETRIC_REPRESENTATION_CONTEXT() REPRESENTATION_CONTEXT('2D SPACE',''
  ) );
#5770 = ORIENTED_EDGE('',*,*,#5771,.T.);
#5771 = EDGE_CURVE('',#5749,#5772,#5774,.T.);
#5772 = VERTEX_POINT('',#5773);
#5773 = CARTESIAN_POINT('',(17.5,18.5,42.042939940024));
#5774 = SURFACE_CURVE('',#5775,(#5780,#5787),.PCURVE_S1.);
#5775 = CIRCLE('',#5776,6.);
#5776 = AXIS2_PLACEMENT_3D('',#5777,#5778,#5779);
#5777 = CARTESIAN_POINT('',(17.5,15.5,36.846787517318));
#5778 = DIRECTION('',(0.,-0.866025403784,0.5));
#5779 = DIRECTION('',(0.,-0.5,-0.866025403784));
#5780 = PCURVE('',#4213,#5781);
#5781 = DEFINITIONAL_REPRESENTATION('',(#5782),#5786);
#5782 = CIRCLE('',#5783,6.);
#5783 = AXIS2_PLACEMENT_2D('',#5784,#5785);
#5784 = CARTESIAN_POINT('',(17.5,12.));
#5785 = DIRECTION('',(0.,-1.));
#5786 = ( GEOMETRIC_REPRESENTATION_CONTEXT(2) 
PARAMETRIC_REPRESENTATION_CONTEXT() REPRESENTATION_CONTEXT('2D SPACE',''
  ) );
#5787 = PCURVE('',#5788,#5793);
#5788 = TOROIDAL_SURFACE('',#5789,6.,1.);
#5789 = AXIS2_PLACEMENT_3D('',#5790,#5791,#5792);
#5790 = CARTESIAN_POINT('',(17.5,16.366025403784,36.346787517318));
#5791 = DIRECTION('',(0.,-0.866025403784,0.5));
#5792 = DIRECTION('',(0.,-0.5,-0.866025403784));
#5793 = DEFINITIONAL_REPRESENTATION('',(#5794),#5798);
#5794 = LINE('',#5795,#5796);
#5795 = CARTESIAN_POINT('',(0.,1.570796326795));
#5796 = VECTOR('',#5797,1.);
#5797 = DIRECTION('',(1.,0.));
#5798 = ( GEOMETRIC_REPRESENTATION_CONTEXT(2) 
PARAMETRIC_REPRESENTATION_CONTEXT() REPRESENTATION_CONTEXT('2D SPACE',''
  ) );
#5799 = ORIENTED_EDGE('',*,*,#5800,.F.);
#5800 = EDGE_CURVE('',#5801,#5772,#5803,.T.);
#5801 = VERTEX_POINT('',#5802);
#5802 = CARTESIAN_POINT('',(-17.5,18.5,42.042939940024));
#5803 = SURFACE_CURVE('',#5804,(#5808,#5815),.PCURVE_S1.);
#5804 = LINE('',#5805,#5806);
#5805 = CARTESIAN_POINT('',(1.06581410364E-14,18.5,42.042939940024));
#5806 = VECTOR('',#5807,1.);
#5807 = DIRECTION('',(1.,-2.973811673103E-16,-5.150792909956E-16));
#5808 = PCURVE('',#4213,#5809);
#5809 = DEFINITIONAL_REPRESENTATION('',(#5810),#5814);
#5810 = LINE('',#5811,#5812);
#5811 = CARTESIAN_POINT('',(1.06581410364E-14,18.));
#5812 = VECTOR('',#5813,1.);
#5813 = DIRECTION('',(1.,-5.947623346206E-16));
#5814 = ( GEOMETRIC_REPRESENTATION_CONTEXT(2) 
PARAMETRIC_REPRESENTATION_CONTEXT() REPRESENTATION_CONTEXT('2D SPACE',''
  ) );
#5815 = PCURVE('',#5816,#5821);
#5816 = CYLINDRICAL_SURFACE('',#5817,1.);
#5817 = AXIS2_PLACEMENT_3D('',#5818,#5819,#5820);
#5818 = CARTESIAN_POINT('',(-8.881784197001E-16,19.366025403784,
    41.542939940024));
#5819 = DIRECTION('',(1.,-2.973811673103E-16,-5.150792909956E-16));
#5820 = DIRECTION('',(-5.947623346206E-16,-0.5,-0.866025403784));
#5821 = DEFINITIONAL_REPRESENTATION('',(#5822),#5826);
#5822 = LINE('',#5823,#5824);
#5823 = CARTESIAN_POINT('',(4.712388980385,1.06581410364E-14));
#5824 = VECTOR('',#5825,1.);
#5825 = DIRECTION('',(0.,1.));
#5826 = ( GEOMETRIC_REPRESENTATION_CONTEXT(2) 
PARAMETRIC_REPRESENTATION_CONTEXT() REPRESENTATION_CONTEXT('2D SPACE',''
  ) );
#5827 = ORIENTED_EDGE('',*,*,#5828,.T.);
#5828 = EDGE_CURVE('',#5801,#5640,#5829,.T.);
#5829 = SURFACE_CURVE('',#5830,(#5835,#5842),.PCURVE_S1.);
#5830 = CIRCLE('',#5831,6.);
#5831 = AXIS2_PLACEMENT_3D('',#5832,#5833,#5834);
#5832 = CARTESIAN_POINT('',(-17.5,15.5,36.846787517318));
#5833 = DIRECTION('',(0.,-0.866025403784,0.5));
#5834 = DIRECTION('',(0.,-0.5,-0.866025403784));
#5835 = PCURVE('',#4213,#5836);
#5836 = DEFINITIONAL_REPRESENTATION('',(#5837),#5841);
#5837 = CIRCLE('',#5838,6.);
#5838 = AXIS2_PLACEMENT_2D('',#5839,#5840);
#5839 = CARTESIAN_POINT('',(-17.5,12.));
#5840 = DIRECTION('',(0.,-1.));
#5841 = ( GEOMETRIC_REPRESENTATION_CONTEXT(2) 
PARAMETRIC_REPRESENTATION_CONTEXT() REPRESENTATION_CONTEXT('2D SPACE',''
  ) );
#5842 = PCURVE('',#5843,#5848);
#5843 = TOROIDAL_SURFACE('',#5844,6.,1.);
#5844 = AXIS2_PLACEMENT_3D('',#5845,#5846,#5847);
#5845 = CARTESIAN_POINT('',(-17.5,16.366025403784,36.346787517318));
#5846 = DIRECTION('',(0.,-0.866025403784,0.5));
#5847 = DIRECTION('',(0.,-0.5,-0.866025403784));
#5848 = DEFINITIONAL_REPRESENTATION('',(#5849),#5853);
#5849 = LINE('',#5850,#5851);
#5850 = CARTESIAN_POINT('',(0.,1.570796326795));
#5851 = VECTOR('',#5852,1.);
#5852 = DIRECTION('',(1.,0.));
#5853 = ( GEOMETRIC_REPRESENTATION_CONTEXT(2) 
PARAMETRIC_REPRESENTATION_CONTEXT() REPRESENTATION_CONTEXT('2D SPACE',''
  ) );
#5854 = FACE_BOUND('',#5855,.T.);
#5855 = EDGE_LOOP('',(#5856,#5857,#5858,#5859,#5860,#5861,#5862,#5863));
#5856 = ORIENTED_EDGE('',*,*,#4195,.F.);
#5857 = ORIENTED_EDGE('',*,*,#4571,.F.);
#5858 = ORIENTED_EDGE('',*,*,#4519,.F.);
#5859 = ORIENTED_EDGE('',*,*,#4494,.F.);
#5860 = ORIENTED_EDGE('',*,*,#4420,.T.);
#5861 = ORIENTED_EDGE('',*,*,#4395,.F.);
#5862 = ORIENTED_EDGE('',*,*,#4321,.T.);
#5863 = ORIENTED_EDGE('',*,*,#4296,.F.);
#5864 = ADVANCED_FACE('',(#5865),#4660,.T.);
#5865 = FACE_BOUND('',#5866,.T.);
#5866 = EDGE_LOOP('',(#5867,#5890,#5913,#5934));
#5867 = ORIENTED_EDGE('',*,*,#5868,.F.);
#5868 = EDGE_CURVE('',#5869,#4624,#5871,.T.);
#5869 = VERTEX_POINT('',#5870);
#5870 = CARTESIAN_POINT('',(-17.5,19.866025403784,42.408965343809));
#5871 = SURFACE_CURVE('',#5872,(#5876,#5883),.PCURVE_S1.);
#5872 = LINE('',#5873,#5874);
#5873 = CARTESIAN_POINT('',(-17.5,19.,42.908965343809));
#5874 = VECTOR('',#5875,1.);
#5875 = DIRECTION('',(0.,0.866025403784,-0.5));
#5876 = PCURVE('',#4660,#5877);
#5877 = DEFINITIONAL_REPRESENTATION('',(#5878),#5882);
#5878 = LINE('',#5879,#5880);
#5879 = CARTESIAN_POINT('',(-17.5,-2.252330219987E-15));
#5880 = VECTOR('',#5881,1.);
#5881 = DIRECTION('',(0.,1.));
#5882 = ( GEOMETRIC_REPRESENTATION_CONTEXT(2) 
PARAMETRIC_REPRESENTATION_CONTEXT() REPRESENTATION_CONTEXT('2D SPACE',''
  ) );
#5883 = PCURVE('',#4693,#5884);
#5884 = DEFINITIONAL_REPRESENTATION('',(#5885),#5889);
#5885 = LINE('',#5886,#5887);
#5886 = CARTESIAN_POINT('',(6.28318530718,0.));
#5887 = VECTOR('',#5888,1.);
#5888 = DIRECTION('',(0.,1.));
#5889 = ( GEOMETRIC_REPRESENTATION_CONTEXT(2) 
PARAMETRIC_REPRESENTATION_CONTEXT() REPRESENTATION_CONTEXT('2D SPACE',''
  ) );
#5890 = ORIENTED_EDGE('',*,*,#5891,.T.);
#5891 = EDGE_CURVE('',#5869,#5892,#5894,.T.);
#5892 = VERTEX_POINT('',#5893);
#5893 = CARTESIAN_POINT('',(17.5,19.866025403784,42.408965343809));
#5894 = SURFACE_CURVE('',#5895,(#5899,#5906),.PCURVE_S1.);
#5895 = LINE('',#5896,#5897);
#5896 = CARTESIAN_POINT('',(0.,19.866025403784,42.408965343809));
#5897 = VECTOR('',#5898,1.);
#5898 = DIRECTION('',(1.,-2.973811673103E-16,-5.150792909956E-16));
#5899 = PCURVE('',#4660,#5900);
#5900 = DEFINITIONAL_REPRESENTATION('',(#5901),#5905);
#5901 = LINE('',#5902,#5903);
#5902 = CARTESIAN_POINT('',(4.437342591868E-31,1.));
#5903 = VECTOR('',#5904,1.);
#5904 = DIRECTION('',(1.,0.));
#5905 = ( GEOMETRIC_REPRESENTATION_CONTEXT(2) 
PARAMETRIC_REPRESENTATION_CONTEXT() REPRESENTATION_CONTEXT('2D SPACE',''
  ) );
#5906 = PCURVE('',#5816,#5907);
#5907 = DEFINITIONAL_REPRESENTATION('',(#5908),#5912);
#5908 = LINE('',#5909,#5910);
#5909 = CARTESIAN_POINT('',(3.14159265359,0.));
#5910 = VECTOR('',#5911,1.);
#5911 = DIRECTION('',(0.,1.));
#5912 = ( GEOMETRIC_REPRESENTATION_CONTEXT(2) 
PARAMETRIC_REPRESENTATION_CONTEXT() REPRESENTATION_CONTEXT('2D SPACE',''
  ) );
#5913 = ORIENTED_EDGE('',*,*,#5914,.T.);
#5914 = EDGE_CURVE('',#5892,#4600,#5915,.T.);
#5915 = SURFACE_CURVE('',#5916,(#5920,#5927),.PCURVE_S1.);
#5916 = LINE('',#5917,#5918);
#5917 = CARTESIAN_POINT('',(17.5,19.,42.908965343809));
#5918 = VECTOR('',#5919,1.);
#5919 = DIRECTION('',(0.,0.866025403784,-0.5));
#5920 = PCURVE('',#4660,#5921);
#5921 = DEFINITIONAL_REPRESENTATION('',(#5922),#5926);
#5922 = LINE('',#5923,#5924);
#5923 = CARTESIAN_POINT('',(17.5,2.252330219987E-15));
#5924 = VECTOR('',#5925,1.);
#5925 = DIRECTION('',(0.,1.));
#5926 = ( GEOMETRIC_REPRESENTATION_CONTEXT(2) 
PARAMETRIC_REPRESENTATION_CONTEXT() REPRESENTATION_CONTEXT('2D SPACE',''
  ) );
#5927 = PCURVE('',#5458,#5928);
#5928 = DEFINITIONAL_REPRESENTATION('',(#5929),#5933);
#5929 = LINE('',#5930,#5931);
#5930 = CARTESIAN_POINT('',(0.,0.));
#5931 = VECTOR('',#5932,1.);
#5932 = DIRECTION('',(0.,1.));
#5933 = ( GEOMETRIC_REPRESENTATION_CONTEXT(2) 
PARAMETRIC_REPRESENTATION_CONTEXT() REPRESENTATION_CONTEXT('2D SPACE',''
  ) );
#5934 = ORIENTED_EDGE('',*,*,#4646,.T.);
#5935 = ADVANCED_FACE('',(#5936),#4693,.T.);
#5936 = FACE_BOUND('',#5937,.T.);
#5937 = EDGE_LOOP('',(#5938,#5939,#5961,#5962));
#5938 = ORIENTED_EDGE('',*,*,#4675,.F.);
#5939 = ORIENTED_EDGE('',*,*,#5940,.F.);
#5940 = EDGE_CURVE('',#5869,#4676,#5941,.T.);
#5941 = SURFACE_CURVE('',#5942,(#5947,#5954),.PCURVE_S1.);
#5942 = CIRCLE('',#5943,7.);
#5943 = AXIS2_PLACEMENT_3D('',#5944,#5945,#5946);
#5944 = CARTESIAN_POINT('',(-17.5,16.366025403784,36.346787517318));
#5945 = DIRECTION('',(0.,-0.866025403784,0.5));
#5946 = DIRECTION('',(0.,-0.5,-0.866025403784));
#5947 = PCURVE('',#4693,#5948);
#5948 = DEFINITIONAL_REPRESENTATION('',(#5949),#5953);
#5949 = LINE('',#5950,#5951);
#5950 = CARTESIAN_POINT('',(9.424777960769,1.));
#5951 = VECTOR('',#5952,1.);
#5952 = DIRECTION('',(-1.,0.));
#5953 = ( GEOMETRIC_REPRESENTATION_CONTEXT(2) 
PARAMETRIC_REPRESENTATION_CONTEXT() REPRESENTATION_CONTEXT('2D SPACE',''
  ) );
#5954 = PCURVE('',#5843,#5955);
#5955 = DEFINITIONAL_REPRESENTATION('',(#5956),#5960);
#5956 = LINE('',#5957,#5958);
#5957 = CARTESIAN_POINT('',(0.,0.));
#5958 = VECTOR('',#5959,1.);
#5959 = DIRECTION('',(1.,0.));
#5960 = ( GEOMETRIC_REPRESENTATION_CONTEXT(2) 
PARAMETRIC_REPRESENTATION_CONTEXT() REPRESENTATION_CONTEXT('2D SPACE',''
  ) );
#5961 = ORIENTED_EDGE('',*,*,#5868,.T.);
#5962 = ORIENTED_EDGE('',*,*,#5057,.F.);
#5963 = ADVANCED_FACE('',(#5964),#4849,.T.);
#5964 = FACE_BOUND('',#5965,.T.);
#5965 = EDGE_LOOP('',(#5966,#5988,#5989,#6011));
#5966 = ORIENTED_EDGE('',*,*,#5967,.T.);
#5967 = EDGE_CURVE('',#5640,#4676,#5968,.T.);
#5968 = SURFACE_CURVE('',#5969,(#5974,#5981),.PCURVE_S1.);
#5969 = CIRCLE('',#5970,1.);
#5970 = AXIS2_PLACEMENT_3D('',#5971,#5972,#5973);
#5971 = CARTESIAN_POINT('',(-23.5,16.366025403784,36.346787517318));
#5972 = DIRECTION('',(1.734723475977E-15,-0.5,-0.866025403784));
#5973 = DIRECTION('',(-1.,-8.673617379884E-16,-1.502314598737E-15));
#5974 = PCURVE('',#4849,#5975);
#5975 = DEFINITIONAL_REPRESENTATION('',(#5976),#5980);
#5976 = LINE('',#5977,#5978);
#5977 = CARTESIAN_POINT('',(9.424777960769,12.));
#5978 = VECTOR('',#5979,1.);
#5979 = DIRECTION('',(-1.,-1.130863886743E-15));
#5980 = ( GEOMETRIC_REPRESENTATION_CONTEXT(2) 
PARAMETRIC_REPRESENTATION_CONTEXT() REPRESENTATION_CONTEXT('2D SPACE',''
  ) );
#5981 = PCURVE('',#5843,#5982);
#5982 = DEFINITIONAL_REPRESENTATION('',(#5983),#5987);
#5983 = LINE('',#5984,#5985);
#5984 = CARTESIAN_POINT('',(4.712388980385,6.28318530718));
#5985 = VECTOR('',#5986,1.);
#5986 = DIRECTION('',(0.,-1.));
#5987 = ( GEOMETRIC_REPRESENTATION_CONTEXT(2) 
PARAMETRIC_REPRESENTATION_CONTEXT() REPRESENTATION_CONTEXT('2D SPACE',''
  ) );
#5988 = ORIENTED_EDGE('',*,*,#4835,.F.);
#5989 = ORIENTED_EDGE('',*,*,#5990,.F.);
#5990 = EDGE_CURVE('',#5638,#4808,#5991,.T.);
#5991 = SURFACE_CURVE('',#5992,(#5997,#6004),.PCURVE_S1.);
#5992 = CIRCLE('',#5993,1.);
#5993 = AXIS2_PLACEMENT_3D('',#5994,#5995,#5996);
#5994 = CARTESIAN_POINT('',(-23.5,4.366025403784,15.562177826491));
#5995 = DIRECTION('',(-0.,-0.5,-0.866025403784));
#5996 = DIRECTION('',(-1.,0.,0.));
#5997 = PCURVE('',#4849,#5998);
#5998 = DEFINITIONAL_REPRESENTATION('',(#5999),#6003);
#5999 = LINE('',#6000,#6001);
#6000 = CARTESIAN_POINT('',(9.424777960769,-12.));
#6001 = VECTOR('',#6002,1.);
#6002 = DIRECTION('',(-1.,0.));
#6003 = ( GEOMETRIC_REPRESENTATION_CONTEXT(2) 
PARAMETRIC_REPRESENTATION_CONTEXT() REPRESENTATION_CONTEXT('2D SPACE',''
  ) );
#6004 = PCURVE('',#5679,#6005);
#6005 = DEFINITIONAL_REPRESENTATION('',(#6006),#6010);
#6006 = LINE('',#6007,#6008);
#6007 = CARTESIAN_POINT('',(4.712388980385,6.28318530718));
#6008 = VECTOR('',#6009,1.);
#6009 = DIRECTION('',(0.,-1.));
#6010 = ( GEOMETRIC_REPRESENTATION_CONTEXT(2) 
PARAMETRIC_REPRESENTATION_CONTEXT() REPRESENTATION_CONTEXT('2D SPACE',''
  ) );
#6011 = ORIENTED_EDGE('',*,*,#5637,.T.);
#6012 = ADVANCED_FACE('',(#6013),#4823,.T.);
#6013 = FACE_BOUND('',#6014,.T.);
#6014 = EDGE_LOOP('',(#6015,#6045,#6067,#6068));
#6015 = ORIENTED_EDGE('',*,*,#6016,.F.);
#6016 = EDGE_CURVE('',#6017,#6019,#6021,.T.);
#6017 = VERTEX_POINT('',#6018);
#6018 = CARTESIAN_POINT('',(-17.5,0.866025403784,9.5));
#6019 = VERTEX_POINT('',#6020);
#6020 = CARTESIAN_POINT('',(-17.5,17.320508075689,1.06581410364E-14));
#6021 = SURFACE_CURVE('',#6022,(#6026,#6033),.PCURVE_S1.);
#6022 = LINE('',#6023,#6024);
#6023 = CARTESIAN_POINT('',(-17.5,5.329070518201E-15,10.));
#6024 = VECTOR('',#6025,1.);
#6025 = DIRECTION('',(0.,0.866025403784,-0.5));
#6026 = PCURVE('',#4823,#6027);
#6027 = DEFINITIONAL_REPRESENTATION('',(#6028),#6032);
#6028 = LINE('',#6029,#6030);
#6029 = CARTESIAN_POINT('',(3.14159265359,0.));
#6030 = VECTOR('',#6031,1.);
#6031 = DIRECTION('',(0.,1.));
#6032 = ( GEOMETRIC_REPRESENTATION_CONTEXT(2) 
PARAMETRIC_REPRESENTATION_CONTEXT() REPRESENTATION_CONTEXT('2D SPACE',''
  ) );
#6033 = PCURVE('',#6034,#6039);
#6034 = PLANE('',#6035);
#6035 = AXIS2_PLACEMENT_3D('',#6036,#6037,#6038);
#6036 = CARTESIAN_POINT('',(3.552713678801E-15,5.329070518201E-15,10.));
#6037 = DIRECTION('',(-5.947623346206E-16,-0.5,-0.866025403784));
#6038 = DIRECTION('',(-1.,2.973811673103E-16,5.150792909956E-16));
#6039 = DEFINITIONAL_REPRESENTATION('',(#6040),#6044);
#6040 = LINE('',#6041,#6042);
#6041 = CARTESIAN_POINT('',(17.5,1.742183488199E-16));
#6042 = VECTOR('',#6043,1.);
#6043 = DIRECTION('',(0.,1.));
#6044 = ( GEOMETRIC_REPRESENTATION_CONTEXT(2) 
PARAMETRIC_REPRESENTATION_CONTEXT() REPRESENTATION_CONTEXT('2D SPACE',''
  ) );
#6045 = ORIENTED_EDGE('',*,*,#6046,.F.);
#6046 = EDGE_CURVE('',#4808,#6017,#6047,.T.);
#6047 = SURFACE_CURVE('',#6048,(#6053,#6060),.PCURVE_S1.);
#6048 = CIRCLE('',#6049,7.);
#6049 = AXIS2_PLACEMENT_3D('',#6050,#6051,#6052);
#6050 = CARTESIAN_POINT('',(-17.5,4.366025403784,15.562177826491));
#6051 = DIRECTION('',(0.,-0.866025403784,0.5));
#6052 = DIRECTION('',(0.,-0.5,-0.866025403784));
#6053 = PCURVE('',#4823,#6054);
#6054 = DEFINITIONAL_REPRESENTATION('',(#6055),#6059);
#6055 = LINE('',#6056,#6057);
#6056 = CARTESIAN_POINT('',(9.424777960769,1.));
#6057 = VECTOR('',#6058,1.);
#6058 = DIRECTION('',(-1.,0.));
#6059 = ( GEOMETRIC_REPRESENTATION_CONTEXT(2) 
PARAMETRIC_REPRESENTATION_CONTEXT() REPRESENTATION_CONTEXT('2D SPACE',''
  ) );
#6060 = PCURVE('',#5679,#6061);
#6061 = DEFINITIONAL_REPRESENTATION('',(#6062),#6066);
#6062 = LINE('',#6063,#6064);
#6063 = CARTESIAN_POINT('',(0.,0.));
#6064 = VECTOR('',#6065,1.);
#6065 = DIRECTION('',(1.,0.));
#6066 = ( GEOMETRIC_REPRESENTATION_CONTEXT(2) 
PARAMETRIC_REPRESENTATION_CONTEXT() REPRESENTATION_CONTEXT('2D SPACE',''
  ) );
#6067 = ORIENTED_EDGE('',*,*,#4807,.T.);
#6068 = ORIENTED_EDGE('',*,*,#6069,.F.);
#6069 = EDGE_CURVE('',#6019,#4777,#6070,.T.);
#6070 = SURFACE_CURVE('',#6071,(#6076,#6105),.PCURVE_S1.);
#6071 = ELLIPSE('',#6072,7.246933262871,7.);
#6072 = AXIS2_PLACEMENT_3D('',#6073,#6074,#6075);
#6073 = CARTESIAN_POINT('',(-17.5,19.196152422707,7.));
#6074 = DIRECTION('',(0.,0.965925826289,-0.258819045103));
#6075 = DIRECTION('',(0.,-0.258819045103,-0.965925826289));
#6076 = PCURVE('',#4823,#6077);
#6077 = DEFINITIONAL_REPRESENTATION('',(#6078),#6104);
#6078 = B_SPLINE_CURVE_WITH_KNOTS('',3,(#6079,#6080,#6081,#6082,#6083,
    #6084,#6085,#6086,#6087,#6088,#6089,#6090,#6091,#6092,#6093,#6094,
    #6095,#6096,#6097,#6098,#6099,#6100,#6101,#6102,#6103),
  .UNSPECIFIED.,.F.,.F.,(4,1,1,1,1,1,1,1,1,1,1,1,1,1,1,1,1,1,1,1,1,1,4),
  (0.,7.139983303613E-02,0.142799666072,0.214199499108,0.285599332145,
    0.356999165181,0.428398998217,0.499798831253,0.571198664289,
    0.642598497325,0.713998330361,0.785398163397,0.856797996434,
    0.92819782947,0.999597662506,1.070997495542,1.142397328578,
    1.213797161614,1.28519699465,1.356596827687,1.427996660723,
    1.499396493759,1.570796326795),.QUASI_UNIFORM_KNOTS.);
#6079 = CARTESIAN_POINT('',(3.14159265359,20.));
#6080 = CARTESIAN_POINT('',(3.165392597935,20.000004044931));
#6081 = CARTESIAN_POINT('',(3.212992486626,19.996809463409));
#6082 = CARTESIAN_POINT('',(3.284392319662,19.982487249702));
#6083 = CARTESIAN_POINT('',(3.355792152698,19.958693407802));
#6084 = CARTESIAN_POINT('',(3.427191985734,19.925553009172));
#6085 = CARTESIAN_POINT('',(3.49859181877,19.883233905183));
#6086 = CARTESIAN_POINT('',(3.569991651807,19.831952018803));
#6087 = CARTESIAN_POINT('',(3.641391484843,19.771968597216));
#6088 = CARTESIAN_POINT('',(3.712791317879,19.703589321896));
#6089 = CARTESIAN_POINT('',(3.784191150915,19.627162632676));
#6090 = CARTESIAN_POINT('',(3.855590983951,19.543077983861));
#6091 = CARTESIAN_POINT('',(3.926990816987,19.451763851167));
#6092 = CARTESIAN_POINT('',(3.998390650023,19.353685550588));
#6093 = CARTESIAN_POINT('',(4.06979048306,19.249342866625));
#6094 = CARTESIAN_POINT('',(4.141190316096,19.13926750572));
#6095 = CARTESIAN_POINT('',(4.212590149132,19.024020386554));
#6096 = CARTESIAN_POINT('',(4.283989982168,18.904188782491));
#6097 = CARTESIAN_POINT('',(4.355389815204,18.780383326194));
#6098 = CARTESIAN_POINT('',(4.42678964824,18.653234908325));
#6099 = CARTESIAN_POINT('',(4.498189481276,18.52339142406));
#6100 = CARTESIAN_POINT('',(4.569589314312,18.391514615659));
#6101 = CARTESIAN_POINT('',(4.640989147349,18.258276162619));
#6102 = CARTESIAN_POINT('',(4.688589036039,18.168996231466));
#6103 = CARTESIAN_POINT('',(4.712388980385,18.124355652982));
#6104 = ( GEOMETRIC_REPRESENTATION_CONTEXT(2) 
PARAMETRIC_REPRESENTATION_CONTEXT() REPRESENTATION_CONTEXT('2D SPACE',''
  ) );
#6105 = PCURVE('',#4792,#6106);
#6106 = DEFINITIONAL_REPRESENTATION('',(#6107),#6111);
#6107 = LINE('',#6108,#6109);
#6108 = CARTESIAN_POINT('',(0.,0.));
#6109 = VECTOR('',#6110,1.);
#6110 = DIRECTION('',(1.,0.));
#6111 = ( GEOMETRIC_REPRESENTATION_CONTEXT(2) 
PARAMETRIC_REPRESENTATION_CONTEXT() REPRESENTATION_CONTEXT('2D SPACE',''
  ) );
#6112 = ADVANCED_FACE('',(#6113),#4792,.F.);
#6113 = FACE_BOUND('',#6114,.F.);
#6114 = EDGE_LOOP('',(#6115,#6116,#6144,#6372));
#6115 = ORIENTED_EDGE('',*,*,#6069,.F.);
#6116 = ORIENTED_EDGE('',*,*,#6117,.T.);
#6117 = EDGE_CURVE('',#6019,#6118,#6120,.T.);
#6118 = VERTEX_POINT('',#6119);
#6119 = CARTESIAN_POINT('',(-17.5,17.320508075689,-1.154700538379E-02));
#6120 = SURFACE_CURVE('',#6121,(#6125,#6132),.PCURVE_S1.);
#6121 = LINE('',#6122,#6123);
#6122 = CARTESIAN_POINT('',(-17.5,17.320508075689,1.06581410364E-14));
#6123 = VECTOR('',#6124,1.);
#6124 = DIRECTION('',(0.,0.,-1.));
#6125 = PCURVE('',#4792,#6126);
#6126 = DEFINITIONAL_REPRESENTATION('',(#6127),#6131);
#6127 = LINE('',#6128,#6129);
#6128 = CARTESIAN_POINT('',(0.,0.));
#6129 = VECTOR('',#6130,1.);
#6130 = DIRECTION('',(0.,-1.));
#6131 = ( GEOMETRIC_REPRESENTATION_CONTEXT(2) 
PARAMETRIC_REPRESENTATION_CONTEXT() REPRESENTATION_CONTEXT('2D SPACE',''
  ) );
#6132 = PCURVE('',#6133,#6138);
#6133 = PLANE('',#6134);
#6134 = AXIS2_PLACEMENT_3D('',#6135,#6136,#6137);
#6135 = CARTESIAN_POINT('',(17.5,17.320508075689,1.644253443979E-15));
#6136 = DIRECTION('',(2.973811673103E-16,1.,0.));
#6137 = DIRECTION('',(-1.,2.973811673103E-16,5.150792909956E-16));
#6138 = DEFINITIONAL_REPRESENTATION('',(#6139),#6143);
#6139 = LINE('',#6140,#6141);
#6140 = CARTESIAN_POINT('',(35.,-9.013887592423E-15));
#6141 = VECTOR('',#6142,1.);
#6142 = DIRECTION('',(-5.150792909956E-16,-1.));
#6143 = ( GEOMETRIC_REPRESENTATION_CONTEXT(2) 
PARAMETRIC_REPRESENTATION_CONTEXT() REPRESENTATION_CONTEXT('2D SPACE',''
  ) );
#6144 = ORIENTED_EDGE('',*,*,#6145,.F.);
#6145 = EDGE_CURVE('',#4751,#6118,#6146,.T.);
#6146 = SURFACE_CURVE('',#6147,(#6220,#6296),.PCURVE_S1.);
#6147 = B_SPLINE_CURVE_WITH_KNOTS('',8,(#6148,#6149,#6150,#6151,#6152,
    #6153,#6154,#6155,#6156,#6157,#6158,#6159,#6160,#6161,#6162,#6163,
    #6164,#6165,#6166,#6167,#6168,#6169,#6170,#6171,#6172,#6173,#6174,
    #6175,#6176,#6177,#6178,#6179,#6180,#6181,#6182,#6183,#6184,#6185,
    #6186,#6187,#6188,#6189,#6190,#6191,#6192,#6193,#6194,#6195,#6196,
    #6197,#6198,#6199,#6200,#6201,#6202,#6203,#6204,#6205,#6206,#6207,
    #6208,#6209,#6210,#6211,#6212,#6213,#6214,#6215,#6216,#6217,#6218,
    #6219),.UNSPECIFIED.,.F.,.F.,(9,7,7,7,7,7,7,7,7,7,9),(0.,
    1.56162864826E-02,3.57707223535E-02,5.45378984786E-02,
    9.834576200605E-02,0.12460067234,0.192327270356,0.377235859681,
    0.561185369554,0.710205803547,1.),.UNSPECIFIED.);
#6148 = CARTESIAN_POINT('',(-24.5,19.196152422707,6.5677963443));
#6149 = CARTESIAN_POINT('',(-24.5,19.191352064802,6.570567832229));
#6150 = CARTESIAN_POINT('',(-24.49994755918,19.186257737576,
    6.572377600188));
#6151 = CARTESIAN_POINT('',(-24.49983169513,19.180813860885,
    6.573014529478));
#6152 = CARTESIAN_POINT('',(-24.49963613478,19.174972330192,
    6.572187297175));
#6153 = CARTESIAN_POINT('',(-24.49934176235,19.16869512353,
    6.569534862176));
#6154 = CARTESIAN_POINT('',(-24.49892317402,19.161958880771,
    6.564657035292));
#6155 = CARTESIAN_POINT('',(-24.49835283582,19.154784019306,
    6.557254695808));
#6156 = CARTESIAN_POINT('',(-24.49668872579,19.137666180141,
    6.534840042537));
#6157 = CARTESIAN_POINT('',(-24.49550894285,19.127708651439,
    6.518481956697));
#6158 = CARTESIAN_POINT('',(-24.49409048807,19.117721748511,
    6.498889341452));
#6159 = CARTESIAN_POINT('',(-24.49245893359,19.107872314759,
    6.477093582264));
#6160 = CARTESIAN_POINT('',(-24.49065027366,19.098265455032,
    6.453988871176));
#6161 = CARTESIAN_POINT('',(-24.48869840758,19.088950647594,
    6.430161357947));
#6162 = CARTESIAN_POINT('',(-24.48662251154,19.079910197704,
    6.405927018724));
#6163 = CARTESIAN_POINT('',(-24.48235953202,19.06282103109,
    6.358336447156));
#6164 = CARTESIAN_POINT('',(-24.48019255468,19.054757162203,
    6.335064246254));
#6165 = CARTESIAN_POINT('',(-24.47791758309,19.046838054047,
    6.311569205589));
#6166 = CARTESIAN_POINT('',(-24.47553774073,19.03904391215,
    6.287921680639));
#6167 = CARTESIAN_POINT('',(-24.47305559424,19.031360231474,
    6.264169148196));
#6168 = CARTESIAN_POINT('',(-24.47047284524,19.023773755382,
    6.240341764933));
#6169 = CARTESIAN_POINT('',(-24.46778992986,19.016270713871,
    6.216454522177));
#6170 = CARTESIAN_POINT('',(-24.45850594349,18.991485759816,
    6.136603408329));
#6171 = CARTESIAN_POINT('',(-24.45146399511,18.974541639293,
    6.080458909649));
#6172 = CARTESIAN_POINT('',(-24.44388284866,18.957868431514,
    6.024205907387));
#6173 = CARTESIAN_POINT('',(-24.43576655103,18.94141553038,
    5.967914233429));
#6174 = CARTESIAN_POINT('',(-24.42711892946,18.925139347958,
    5.911634183139));
#6175 = CARTESIAN_POINT('',(-24.41794226209,18.909014189798,
    5.855389399117));
#6176 = CARTESIAN_POINT('',(-24.40823634053,18.893015018343,
    5.799188009936));
#6177 = CARTESIAN_POINT('',(-24.39186064498,18.867593995908,
    5.709357850665));
#6178 = CARTESIAN_POINT('',(-24.38553402082,18.858107530416,
    5.675715425266));
#6179 = CARTESIAN_POINT('',(-24.37901748574,18.848657362769,
    5.642095763219));
#6180 = CARTESIAN_POINT('',(-24.37231122702,18.839240775868,
    5.608501318754));
#6181 = CARTESIAN_POINT('',(-24.36541543161,18.829855576108,
    5.574934272437));
#6182 = CARTESIAN_POINT('',(-24.35833028043,18.820499973397,
    5.541396568375));
#6183 = CARTESIAN_POINT('',(-24.35105594254,18.811172461176,
    5.507889951408));
#6184 = CARTESIAN_POINT('',(-24.32434021368,18.777879645202,
    5.388067335413));
#6185 = CARTESIAN_POINT('',(-24.30383023103,18.754065893498,
    5.301937203255));
#6186 = CARTESIAN_POINT('',(-24.28206532263,18.730408410287,
    5.216052663161));
#6187 = CARTESIAN_POINT('',(-24.25904853271,18.706895173968,
    5.130438030568));
#6188 = CARTESIAN_POINT('',(-24.23478316451,18.683519681614,
    5.045115878457));
#6189 = CARTESIAN_POINT('',(-24.20927270227,18.660278108827,
    4.960107666436));
#6190 = CARTESIAN_POINT('',(-24.18252073903,18.637168120242,
    4.875434001478));
#6191 = CARTESIAN_POINT('',(-24.07811248871,18.551452153661,
    4.560903727962));
#6192 = CARTESIAN_POINT('',(-23.99246908018,18.489694253487,
    4.333339853472));
#6193 = CARTESIAN_POINT('',(-23.8976793296,18.428906450434,
    4.108834816376));
#6194 = CARTESIAN_POINT('',(-23.79383863271,18.369159651468,
    3.887791187316));
#6195 = CARTESIAN_POINT('',(-23.68106011074,18.310528080911,
    3.670613546623));
#6196 = CARTESIAN_POINT('',(-23.55947606869,18.253104661083,
    3.457705334064));
#6197 = CARTESIAN_POINT('',(-23.42923954291,18.196983407447,
    3.24947092733));
#6198 = CARTESIAN_POINT('',(-23.15253278742,18.087827344915,
    2.844210638271));
#6199 = CARTESIAN_POINT('',(-23.00615047273,18.034778045777,
    2.647132517404));
#6200 = CARTESIAN_POINT('',(-22.85155518708,17.983213914024,
    2.455480673877));
#6201 = CARTESIAN_POINT('',(-22.68894614597,17.93323622544,
    2.269655362223));
#6202 = CARTESIAN_POINT('',(-22.5185476921,17.88494755998,2.090054863131
    ));
#6203 = CARTESIAN_POINT('',(-22.3406114684,17.838450492902,
    1.917073794447));
#6204 = CARTESIAN_POINT('',(-22.15541914917,17.793846603312,
    1.751100842905));
#6205 = CARTESIAN_POINT('',(-21.8076353798,17.716716108391,
    1.464043736587));
#6206 = CARTESIAN_POINT('',(-21.64742822012,17.683504144152,
    1.340419122398));
#6207 = CARTESIAN_POINT('',(-21.48283284185,17.651653227356,
    1.221844888572));
#6208 = CARTESIAN_POINT('',(-21.31403019975,17.6212154506,1.108518540957
    ));
#6209 = CARTESIAN_POINT('',(-21.14121436402,17.592241340378,
    1.000631141133));
#6210 = CARTESIAN_POINT('',(-20.96459327221,17.564779518303,
    0.898366170838));
#6211 = CARTESIAN_POINT('',(-20.78438948118,17.538876362333,
    0.801898396395));
#6212 = CARTESIAN_POINT('',(-20.24390122527,17.467319060285,
    0.535389917595));
#6213 = CARTESIAN_POINT('',(-19.87422488309,17.42611073613,
    0.381890237709));
#6214 = CARTESIAN_POINT('',(-19.49365117939,17.391290955479,
    0.252173861596));
#6215 = CARTESIAN_POINT('',(-19.10414155636,17.36313575045,
    0.147277737426));
#6216 = CARTESIAN_POINT('',(-18.70777213191,17.341861911425,
    6.801533531547E-02));
#6217 = CARTESIAN_POINT('',(-18.30673231673,17.327624669557,
    1.496872576047E-02));
#6218 = CARTESIAN_POINT('',(-17.90332952805,17.320508075689,
    -1.154700538377E-02));
#6219 = CARTESIAN_POINT('',(-17.5,17.320508075689,-1.154700538377E-02));
#6220 = PCURVE('',#4792,#6221);
#6221 = DEFINITIONAL_REPRESENTATION('',(#6222),#6295);
#6222 = B_SPLINE_CURVE_WITH_KNOTS('',8,(#6223,#6224,#6225,#6226,#6227,
    #6228,#6229,#6230,#6231,#6232,#6233,#6234,#6235,#6236,#6237,#6238,
    #6239,#6240,#6241,#6242,#6243,#6244,#6245,#6246,#6247,#6248,#6249,
    #6250,#6251,#6252,#6253,#6254,#6255,#6256,#6257,#6258,#6259,#6260,
    #6261,#6262,#6263,#6264,#6265,#6266,#6267,#6268,#6269,#6270,#6271,
    #6272,#6273,#6274,#6275,#6276,#6277,#6278,#6279,#6280,#6281,#6282,
    #6283,#6284,#6285,#6286,#6287,#6288,#6289,#6290,#6291,#6292,#6293,
    #6294),.UNSPECIFIED.,.F.,.F.,(9,7,7,7,7,7,7,7,7,7,9),(0.,
    1.56162864826E-02,3.57707223535E-02,5.45378984786E-02,
    9.834576200605E-02,0.12460067234,0.192327270356,0.377235859681,
    0.561185369554,0.710205803547,1.),.UNSPECIFIED.);
#6223 = CARTESIAN_POINT('',(1.570796326795,-0.4322036557));
#6224 = CARTESIAN_POINT('',(1.568237015424,-0.411516988175));
#6225 = CARTESIAN_POINT('',(1.56552097389,-0.390694932181));
#6226 = CARTESIAN_POINT('',(1.562618546403,-0.369741178487));
#6227 = CARTESIAN_POINT('',(1.559504041377,-0.348767521453));
#6228 = CARTESIAN_POINT('',(1.556157133824,-0.327993102259));
#6229 = CARTESIAN_POINT('',(1.552565267925,-0.307730928914));
#6230 = CARTESIAN_POINT('',(1.548739165532,-0.288356320872));
#6231 = CARTESIAN_POINT('',(1.539609691856,-0.246886328666));
#6232 = CARTESIAN_POINT('',(1.534298245635,-0.226082411471));
#6233 = CARTESIAN_POINT('',(1.528970049073,-0.20840339758));
#6234 = CARTESIAN_POINT('',(1.523713853777,-0.193440569579));
#6235 = CARTESIAN_POINT('',(1.518585614233,-0.180691992063));
#6236 = CARTESIAN_POINT('',(1.513611723229,-0.169756170673));
#6237 = CARTESIAN_POINT('',(1.50878275933,-0.160251091581));
#6238 = CARTESIAN_POINT('',(1.499651337786,-0.144064025087));
#6239 = CARTESIAN_POINT('',(1.495341011077,-0.137241457597));
#6240 = CARTESIAN_POINT('',(1.491106533392,-0.131181984275));
#6241 = CARTESIAN_POINT('',(1.486937295875,-0.125741375662));
#6242 = CARTESIAN_POINT('',(1.482825511829,-0.120818021431));
#6243 = CARTESIAN_POINT('',(1.478764058615,-0.116332290472));
#6244 = CARTESIAN_POINT('',(1.474745532592,-0.112217801096));
#6245 = CARTESIAN_POINT('',(1.461465039496,-9.957020714563E-02));
#6246 = CARTESIAN_POINT('',(1.45237597565,-9.247838714523E-02));
#6247 = CARTESIAN_POINT('',(1.443421710981,-8.650613085309E-02));
#6248 = CARTESIAN_POINT('',(1.434574456475,-8.139474184233E-02));
#6249 = CARTESIAN_POINT('',(1.425810177497,-7.693125238464E-02));
#6250 = CARTESIAN_POINT('',(1.417114373612,-7.299612687375E-02));
#6251 = CARTESIAN_POINT('',(1.408472867358,-6.948779530327E-02));
#6252 = CARTESIAN_POINT('',(1.394719230631,-6.44454072675E-02));
#6253 = CARTESIAN_POINT('',(1.389581490632,-6.268386146823E-02));
#6254 = CARTESIAN_POINT('',(1.384457997821,-6.103501771295E-02));
#6255 = CARTESIAN_POINT('',(1.379347125836,-5.948628143068E-02));
#6256 = CARTESIAN_POINT('',(1.374247527336,-5.802728540513E-02));
#6257 = CARTESIAN_POINT('',(1.369158069937,-5.66494048136E-02));
#6258 = CARTESIAN_POINT('',(1.364077772139,-5.534527226592E-02));
#6259 = CARTESIAN_POINT('',(1.345922033105,-5.091740751785E-02));
#6260 = CARTESIAN_POINT('',(1.332893495752,-4.817340839575E-02));
#6261 = CARTESIAN_POINT('',(1.31990531651,-4.576701916609E-02));
#6262 = CARTESIAN_POINT('',(1.306948019787,-4.362905916873E-02));
#6263 = CARTESIAN_POINT('',(1.294015071016,-4.171268616152E-02));
#6264 = CARTESIAN_POINT('',(1.281101361256,-3.99821676945E-02));
#6265 = CARTESIAN_POINT('',(1.268202570497,-3.840818109125E-02));
#6266 = CARTESIAN_POINT('',(1.220130610715,-3.304211230824E-02));
#6267 = CARTESIAN_POINT('',(1.185033248331,-3.012236557816E-02));
#6268 = CARTESIAN_POINT('',(1.149955799814,-2.776423319523E-02));
#6269 = CARTESIAN_POINT('',(1.114873364673,-2.582977293398E-02));
#6270 = CARTESIAN_POINT('',(1.079762808377,-2.419141337161E-02));
#6271 = CARTESIAN_POINT('',(1.044611063928,-2.279250559373E-02));
#6272 = CARTESIAN_POINT('',(1.009405905302,-2.157954237455E-02));
#6273 = CARTESIAN_POINT('',(0.939053757467,-1.946386010904E-02));
#6274 = CARTESIAN_POINT('',(0.903907429958,-1.855930128677E-02));
#6275 = CARTESIAN_POINT('',(0.86869105573,-1.777118526406E-02));
#6276 = CARTESIAN_POINT('',(0.833398506174,-1.70772238745E-02));
#6277 = CARTESIAN_POINT('',(0.798025211725,-1.646197004272E-02));
#6278 = CARTESIAN_POINT('',(0.762567864906,-1.591362198884E-02));
#6279 = CARTESIAN_POINT('',(0.727024469474,-1.54225913654E-02));
#6280 = CARTESIAN_POINT('',(0.662530519659,-1.46247718245E-02));
#6281 = CARTESIAN_POINT('',(0.633609364478,-1.430064805278E-02));
#6282 = CARTESIAN_POINT('',(0.604631336833,-1.400564212952E-02));
#6283 = CARTESIAN_POINT('',(0.575596785546,-1.37366604232E-02));
#6284 = CARTESIAN_POINT('',(0.546506460142,-1.349120879442E-02));
#6285 = CARTESIAN_POINT('',(0.517361629431,-1.326726383765E-02));
#6286 = CARTESIAN_POINT('',(0.488164200069,-1.306314412301E-02));
#6287 = CARTESIAN_POINT('',(0.402040631054,-1.251613602643E-02));
#6288 = CARTESIAN_POINT('',(0.344961720016,-1.222425647225E-02));
#6289 = CARTESIAN_POINT('',(0.287715168594,-1.199144208594E-02));
#6290 = CARTESIAN_POINT('',(0.230329439885,-1.181091059099E-02));
#6291 = CARTESIAN_POINT('',(0.172830530404,-1.167826459049E-02));
#6292 = CARTESIAN_POINT('',(0.115247372744,-1.159076413384E-02));
#6293 = CARTESIAN_POINT('',(5.761850400737E-02,-1.154700538381E-02));
#6294 = CARTESIAN_POINT('',(0.,-1.15470053838E-02));
#6295 = ( GEOMETRIC_REPRESENTATION_CONTEXT(2) 
PARAMETRIC_REPRESENTATION_CONTEXT() REPRESENTATION_CONTEXT('2D SPACE',''
  ) );
#6296 = PCURVE('',#4765,#6297);
#6297 = DEFINITIONAL_REPRESENTATION('',(#6298),#6371);
#6298 = B_SPLINE_CURVE_WITH_KNOTS('',8,(#6299,#6300,#6301,#6302,#6303,
    #6304,#6305,#6306,#6307,#6308,#6309,#6310,#6311,#6312,#6313,#6314,
    #6315,#6316,#6317,#6318,#6319,#6320,#6321,#6322,#6323,#6324,#6325,
    #6326,#6327,#6328,#6329,#6330,#6331,#6332,#6333,#6334,#6335,#6336,
    #6337,#6338,#6339,#6340,#6341,#6342,#6343,#6344,#6345,#6346,#6347,
    #6348,#6349,#6350,#6351,#6352,#6353,#6354,#6355,#6356,#6357,#6358,
    #6359,#6360,#6361,#6362,#6363,#6364,#6365,#6366,#6367,#6368,#6369,
    #6370),.UNSPECIFIED.,.F.,.F.,(9,7,7,7,7,7,7,7,7,7,9),(0.,
    1.56162864826E-02,3.57707223535E-02,5.45378984786E-02,
    9.834576200605E-02,0.12460067234,0.192327270356,0.377235859681,
    0.561185369554,0.710205803547,1.),.UNSPECIFIED.);
#6299 = CARTESIAN_POINT('',(-5.342046085415E-02,38.340457480832));
#6300 = CARTESIAN_POINT('',(-5.342046085415E-02,38.334914504975));
#6301 = CARTESIAN_POINT('',(-5.356044105944E-02,38.329597804203));
#6302 = CARTESIAN_POINT('',(-5.387048821793E-02,38.324564804048));
#6303 = CARTESIAN_POINT('',(-5.439009227507E-02,38.319919506223));
#6304 = CARTESIAN_POINT('',(-5.51666463456E-02,38.315809503288));
#6305 = CARTESIAN_POINT('',(-5.625137686607E-02,38.312414659375));
#6306 = CARTESIAN_POINT('',(-5.767994586393E-02,38.309902216819));
#6307 = CARTESIAN_POINT('',(-6.167709823614E-02,38.30628505988));
#6308 = CARTESIAN_POINT('',(-6.441341163197E-02,38.305840629985));
#6309 = CARTESIAN_POINT('',(-6.755274802238E-02,38.306988025967));
#6310 = CARTESIAN_POINT('',(-7.095586863511E-02,38.309356045719));
#6311 = CARTESIAN_POINT('',(-7.450480745733E-02,38.312588616689));
#6312 = CARTESIAN_POINT('',(-7.812356369431E-02,38.316435513431));
#6313 = CARTESIAN_POINT('',(-8.177433050005E-02,38.320723423775));
#6314 = CARTESIAN_POINT('',(-8.889865328255E-02,38.329719057142));
#6315 = CARTESIAN_POINT('',(-9.236269737778E-02,38.334371642284));
#6316 = CARTESIAN_POINT('',(-9.584526014996E-02,38.339261013779));
#6317 = CARTESIAN_POINT('',(-9.933911623952E-02,38.34433485137));
#6318 = CARTESIAN_POINT('',(-0.102839488087,38.349556854931));
#6319 = CARTESIAN_POINT('',(-0.10634365117,38.354900465542));
#6320 = CARTESIAN_POINT('',(-0.109850799337,38.360346262366));
#6321 = CARTESIAN_POINT('',(-0.121558696745,38.378807419446));
#6322 = CARTESIAN_POINT('',(-0.129764793179,38.392205629968));
#6323 = CARTESIAN_POINT('',(-0.137974549055,38.405892709601));
#6324 = CARTESIAN_POINT('',(-0.146183761118,38.41978991623));
#6325 = CARTESIAN_POINT('',(-0.15439012552,38.433834353923));
#6326 = CARTESIAN_POINT('',(-0.162593358867,38.447991949327));
#6327 = CARTESIAN_POINT('',(-0.170795075167,38.462236954998));
#6328 = CARTESIAN_POINT('',(-0.183915653337,38.485136783415));
#6329 = CARTESIAN_POINT('',(-0.188831994807,38.493742476006));
#6330 = CARTESIAN_POINT('',(-0.193748025955,38.502368221777));
#6331 = CARTESIAN_POINT('',(-0.198663815373,38.511010440536));
#6332 = CARTESIAN_POINT('',(-0.203579428105,38.519666142283));
#6333 = CARTESIAN_POINT('',(-0.208494929738,38.528332804699));
#6334 = CARTESIAN_POINT('',(-0.213410390481,38.537008250645));
#6335 = CARTESIAN_POINT('',(-0.231005803441,38.568087134245));
#6336 = CARTESIAN_POINT('',(-0.243685802897,38.590528886389));
#6337 = CARTESIAN_POINT('',(-0.256367181372,38.612983174985));
#6338 = CARTESIAN_POINT('',(-0.269050856662,38.635427431305));
#6339 = CARTESIAN_POINT('',(-0.281737568383,38.657844737156));
#6340 = CARTESIAN_POINT('',(-0.294428004547,38.680221050709));
#6341 = CARTESIAN_POINT('',(-0.307122856936,38.702544045992));
#6342 = CARTESIAN_POINT('',(-0.354496472697,38.785576978181));
#6343 = CARTESIAN_POINT('',(-0.389207150961,38.845875004991));
#6344 = CARTESIAN_POINT('',(-0.423967148239,38.905483741853));
#6345 = CARTESIAN_POINT('',(-0.458784272346,38.964263310687));
#6346 = CARTESIAN_POINT('',(-0.493665846332,39.022075701464));
#6347 = CARTESIAN_POINT('',(-0.528617896001,39.078799667402));
#6348 = CARTESIAN_POINT('',(-0.563645992596,39.134314439429));
#6349 = CARTESIAN_POINT('',(-0.633681721085,39.242412660828));
#6350 = CARTESIAN_POINT('',(-0.668688467958,39.295009680555));
#6351 = CARTESIAN_POINT('',(-0.703779224751,39.346179754296));
#6352 = CARTESIAN_POINT('',(-0.73895732278,39.395810462186));
#6353 = CARTESIAN_POINT('',(-0.774225377622,39.44379150073));
#6354 = CARTESIAN_POINT('',(-0.809585190364,39.490014393781));
#6355 = CARTESIAN_POINT('',(-0.845037520923,39.534372768059));
#6356 = CARTESIAN_POINT('',(-0.909376667298,39.61110435321));
#6357 = CARTESIAN_POINT('',(-0.938232171498,39.644154255563));
#6358 = CARTESIAN_POINT('',(-0.967147677808,39.675857669398));
#6359 = CARTESIAN_POINT('',(-0.996122423881,39.7061609553));
#6360 = CARTESIAN_POINT('',(-1.025155318518,39.735012339708));
#6361 = CARTESIAN_POINT('',(-1.054244806944,39.762362189304));
#6362 = CARTESIAN_POINT('',(-1.083388736088,39.788163285417));
#6363 = CARTESIAN_POINT('',(-1.169359532704,39.859447083417));
#6364 = CARTESIAN_POINT('',(-1.226343654756,39.900509467795));
#6365 = CARTESIAN_POINT('',(-1.283499954098,39.935212841253));
#6366 = CARTESIAN_POINT('',(-1.340798779626,39.963277780534));
#6367 = CARTESIAN_POINT('',(-1.398213173024,39.984485296558));
#6368 = CARTESIAN_POINT('',(-1.455713359535,39.998678788198));
#6369 = CARTESIAN_POINT('',(-1.513260017515,40.005773502692));
#6370 = CARTESIAN_POINT('',(-1.570796326795,40.005773502692));
#6371 = ( GEOMETRIC_REPRESENTATION_CONTEXT(2) 
PARAMETRIC_REPRESENTATION_CONTEXT() REPRESENTATION_CONTEXT('2D SPACE',''
  ) );
#6372 = ORIENTED_EDGE('',*,*,#4776,.F.);
#6373 = ADVANCED_FACE('',(#6374),#4765,.T.);
#6374 = FACE_BOUND('',#6375,.F.);
#6375 = EDGE_LOOP('',(#6376,#6377,#6398,#6399));
#6376 = ORIENTED_EDGE('',*,*,#6145,.T.);
#6377 = ORIENTED_EDGE('',*,*,#6378,.T.);
#6378 = EDGE_CURVE('',#6118,#4865,#6379,.T.);
#6379 = SURFACE_CURVE('',#6380,(#6384,#6391),.PCURVE_S1.);
#6380 = LINE('',#6381,#6382);
#6381 = CARTESIAN_POINT('',(-17.5,-17.32550807568,19.991339745962));
#6382 = VECTOR('',#6383,1.);
#6383 = DIRECTION('',(0.,0.866025403784,-0.5));
#6384 = PCURVE('',#4765,#6385);
#6385 = DEFINITIONAL_REPRESENTATION('',(#6386),#6390);
#6386 = LINE('',#6387,#6388);
#6387 = CARTESIAN_POINT('',(-1.570796326795,0.));
#6388 = VECTOR('',#6389,1.);
#6389 = DIRECTION('',(-0.,1.));
#6390 = ( GEOMETRIC_REPRESENTATION_CONTEXT(2) 
PARAMETRIC_REPRESENTATION_CONTEXT() REPRESENTATION_CONTEXT('2D SPACE',''
  ) );
#6391 = PCURVE('',#5141,#6392);
#6392 = DEFINITIONAL_REPRESENTATION('',(#6393),#6397);
#6393 = LINE('',#6394,#6395);
#6394 = CARTESIAN_POINT('',(7.01,0.));
#6395 = VECTOR('',#6396,1.);
#6396 = DIRECTION('',(0.,1.));
#6397 = ( GEOMETRIC_REPRESENTATION_CONTEXT(2) 
PARAMETRIC_REPRESENTATION_CONTEXT() REPRESENTATION_CONTEXT('2D SPACE',''
  ) );
#6398 = ORIENTED_EDGE('',*,*,#4864,.T.);
#6399 = ORIENTED_EDGE('',*,*,#4750,.F.);
#6400 = ADVANCED_FACE('',(#6401),#5141,.F.);
#6401 = FACE_BOUND('',#6402,.F.);
#6402 = EDGE_LOOP('',(#6403,#6404,#6405,#6426));
#6403 = ORIENTED_EDGE('',*,*,#5126,.F.);
#6404 = ORIENTED_EDGE('',*,*,#6378,.F.);
#6405 = ORIENTED_EDGE('',*,*,#6406,.T.);
#6406 = EDGE_CURVE('',#6118,#6407,#6409,.T.);
#6407 = VERTEX_POINT('',#6408);
#6408 = CARTESIAN_POINT('',(17.5,17.320508075689,-1.154700538379E-02));
#6409 = SURFACE_CURVE('',#6410,(#6414,#6420),.PCURVE_S1.);
#6410 = LINE('',#6411,#6412);
#6411 = CARTESIAN_POINT('',(-3.505,17.320508075689,-1.15470053838E-02));
#6412 = VECTOR('',#6413,1.);
#6413 = DIRECTION('',(1.,-2.973811673103E-16,1.716930969985E-16));
#6414 = PCURVE('',#5141,#6415);
#6415 = DEFINITIONAL_REPRESENTATION('',(#6416),#6419);
#6416 = B_SPLINE_CURVE_WITH_KNOTS('',1,(#6417,#6418),.UNSPECIFIED.,.F.,
  .F.,(2,2),(-13.995,21.005),.PIECEWISE_BEZIER_KNOTS.);
#6417 = CARTESIAN_POINT('',(7.01,40.005773502692));
#6418 = CARTESIAN_POINT('',(42.01,40.005773502692));
#6419 = ( GEOMETRIC_REPRESENTATION_CONTEXT(2) 
PARAMETRIC_REPRESENTATION_CONTEXT() REPRESENTATION_CONTEXT('2D SPACE',''
  ) );
#6420 = PCURVE('',#6133,#6421);
#6421 = DEFINITIONAL_REPRESENTATION('',(#6422),#6425);
#6422 = B_SPLINE_CURVE_WITH_KNOTS('',1,(#6423,#6424),.UNSPECIFIED.,.F.,
  .F.,(2,2),(-13.995,21.005),.PIECEWISE_BEZIER_KNOTS.);
#6423 = CARTESIAN_POINT('',(35.,-1.154700538382E-02));
#6424 = CARTESIAN_POINT('',(0.,-1.15470053838E-02));
#6425 = ( GEOMETRIC_REPRESENTATION_CONTEXT(2) 
PARAMETRIC_REPRESENTATION_CONTEXT() REPRESENTATION_CONTEXT('2D SPACE',''
  ) );
#6426 = ORIENTED_EDGE('',*,*,#6427,.T.);
#6427 = EDGE_CURVE('',#6407,#5127,#6428,.T.);
#6428 = SURFACE_CURVE('',#6429,(#6433,#6440),.PCURVE_S1.);
#6429 = LINE('',#6430,#6431);
#6430 = CARTESIAN_POINT('',(17.5,-17.32550807568,19.991339745962));
#6431 = VECTOR('',#6432,1.);
#6432 = DIRECTION('',(0.,0.866025403784,-0.5));
#6433 = PCURVE('',#5141,#6434);
#6434 = DEFINITIONAL_REPRESENTATION('',(#6435),#6439);
#6435 = LINE('',#6436,#6437);
#6436 = CARTESIAN_POINT('',(42.01,0.));
#6437 = VECTOR('',#6438,1.);
#6438 = DIRECTION('',(0.,1.));
#6439 = ( GEOMETRIC_REPRESENTATION_CONTEXT(2) 
PARAMETRIC_REPRESENTATION_CONTEXT() REPRESENTATION_CONTEXT('2D SPACE',''
  ) );
#6440 = PCURVE('',#5303,#6441);
#6441 = DEFINITIONAL_REPRESENTATION('',(#6442),#6446);
#6442 = LINE('',#6443,#6444);
#6443 = CARTESIAN_POINT('',(1.570796326795,0.));
#6444 = VECTOR('',#6445,1.);
#6445 = DIRECTION('',(0.,1.));
#6446 = ( GEOMETRIC_REPRESENTATION_CONTEXT(2) 
PARAMETRIC_REPRESENTATION_CONTEXT() REPRESENTATION_CONTEXT('2D SPACE',''
  ) );
#6447 = ADVANCED_FACE('',(#6448),#5303,.T.);
#6448 = FACE_BOUND('',#6449,.T.);
#6449 = EDGE_LOOP('',(#6450,#6678,#6679,#6680));
#6450 = ORIENTED_EDGE('',*,*,#6451,.F.);
#6451 = EDGE_CURVE('',#6407,#5577,#6452,.T.);
#6452 = SURFACE_CURVE('',#6453,(#6526,#6602),.PCURVE_S1.);
#6453 = B_SPLINE_CURVE_WITH_KNOTS('',8,(#6454,#6455,#6456,#6457,#6458,
    #6459,#6460,#6461,#6462,#6463,#6464,#6465,#6466,#6467,#6468,#6469,
    #6470,#6471,#6472,#6473,#6474,#6475,#6476,#6477,#6478,#6479,#6480,
    #6481,#6482,#6483,#6484,#6485,#6486,#6487,#6488,#6489,#6490,#6491,
    #6492,#6493,#6494,#6495,#6496,#6497,#6498,#6499,#6500,#6501,#6502,
    #6503,#6504,#6505,#6506,#6507,#6508,#6509,#6510,#6511,#6512,#6513,
    #6514,#6515,#6516,#6517,#6518,#6519,#6520,#6521,#6522,#6523,#6524,
    #6525),.UNSPECIFIED.,.F.,.F.,(9,7,7,7,7,7,7,7,7,7,9),(0.,
    0.290273479443,0.439300686239,0.587270697203,0.808162600905,
    0.880931940429,0.907055201601,0.930546808479,0.962384255755,
    0.984487674531,1.),.UNSPECIFIED.);
#6454 = CARTESIAN_POINT('',(17.5,17.320508075689,-1.154700538377E-02));
#6455 = CARTESIAN_POINT('',(17.903995448036,17.320508075689,
    -1.154700538377E-02));
#6456 = CARTESIAN_POINT('',(18.308064691007,17.327648189609,
    1.505635906041E-02));
#6457 = CARTESIAN_POINT('',(18.709759068948,17.341932506317,
    6.827836525036E-02));
#6458 = CARTESIAN_POINT('',(19.106759788176,17.363276400947,
    0.147801775358));
#6459 = CARTESIAN_POINT('',(19.496866989873,17.391523617776,
    0.253040677085));
#6460 = CARTESIAN_POINT('',(19.877994980679,17.426455980651,
    0.383176398904));
#6461 = CARTESIAN_POINT('',(20.248173625261,17.467795730952,
    0.537165499874));
#6462 = CARTESIAN_POINT('',(20.78903694917,17.539538229033,
    0.804363317277));
#6463 = CARTESIAN_POINT('',(20.969168388515,17.565477722237,
    0.900966253874));
#6464 = CARTESIAN_POINT('',(21.14571248289,17.59297512598,1.003363532586
    ));
#6465 = CARTESIAN_POINT('',(21.318446872028,17.621984016941,
    1.111380212433));
#6466 = CARTESIAN_POINT('',(21.487163818402,17.652455734008,
    1.224832657758));
#6467 = CARTESIAN_POINT('',(21.651669454193,17.684339717086,
    1.343529673277));
#6468 = CARTESIAN_POINT('',(21.811783028259,17.717583845901,
    1.467273639142));
#6469 = CARTESIAN_POINT('',(22.121785787395,17.786440608113,
    1.723537452256));
#6470 = CARTESIAN_POINT('',(22.271740892003,17.822035063757,
    1.855989980556));
#6471 = CARTESIAN_POINT('',(22.417037922975,17.858866216725,1.9930214007
    ));
#6472 = CARTESIAN_POINT('',(22.557526974694,17.896881307985,
    2.13443033615));
#6473 = CARTESIAN_POINT('',(22.693070938161,17.936027109163,
    2.280012600539));
#6474 = CARTESIAN_POINT('',(22.82354465927,17.976250283233,
    2.429561934194));
#6475 = CARTESIAN_POINT('',(22.948834097092,18.017497745205,
    2.582870740652));
#6476 = CARTESIAN_POINT('',(23.247975391782,18.122742608485,
    2.973893962184));
#6477 = CARTESIAN_POINT('',(23.415328857192,18.187933321516,
    3.215968257016));
#6478 = CARTESIAN_POINT('',(23.570555866017,18.255115138585,
    3.465266293481));
#6479 = CARTESIAN_POINT('',(23.713366957604,18.324123120679,
    3.721097377783));
#6480 = CARTESIAN_POINT('',(23.843517200464,18.394786846633,
    3.982773123437));
#6481 = CARTESIAN_POINT('',(23.960802184607,18.466975466121,
    4.24960231198));
#6482 = CARTESIAN_POINT('',(24.065054280552,18.540544963207,
    4.520901116064));
#6483 = CARTESIAN_POINT('',(24.186146746287,18.640208710564,
    4.886584206467));
#6484 = CARTESIAN_POINT('',(24.214724122425,18.665056838829,
    4.977608061522));
#6485 = CARTESIAN_POINT('',(24.241867765918,18.69005686001,
    5.069015401918));
#6486 = CARTESIAN_POINT('',(24.267573289392,18.715212180082,
    5.160780700665));
#6487 = CARTESIAN_POINT('',(24.291836396121,18.740528001559,
    5.252877179164));
#6488 = CARTESIAN_POINT('',(24.31465300524,18.766013127172,5.34527640494
    ));
#6489 = CARTESIAN_POINT('',(24.336019385506,18.791684707088,
    5.437947207698));
#6490 = CARTESIAN_POINT('',(24.363080778105,18.826870547076,
    5.564206231623));
#6491 = CARTESIAN_POINT('',(24.370041894039,18.836193405541,
    5.59758870117));
#6492 = CARTESIAN_POINT('',(24.37681550401,18.845546126774,
    5.630999661694));
#6493 = CARTESIAN_POINT('',(24.383401440879,18.85493051706,
    5.664437238253));
#6494 = CARTESIAN_POINT('',(24.389799519561,18.864348722894,
    5.697899290206));
#6495 = CARTESIAN_POINT('',(24.396009544813,18.873803386601,
    5.731383359791));
#6496 = CARTESIAN_POINT('',(24.402031319019,18.883297801968,
    5.764886620717));
#6497 = CARTESIAN_POINT('',(24.41311033185,18.90141345377,5.82854831184)
  );
#6498 = CARTESIAN_POINT('',(24.418203532225,18.910026114715,
    5.85870317284));
#6499 = CARTESIAN_POINT('',(24.423144194484,18.918677343295,
    5.88886838438));
#6500 = CARTESIAN_POINT('',(24.427932162369,18.927370653226,
    5.919041210512));
#6501 = CARTESIAN_POINT('',(24.432567204752,18.936110194081,
    5.949218005884));
#6502 = CARTESIAN_POINT('',(24.437049040382,18.944901164008,
    5.979394016936));
#6503 = CARTESIAN_POINT('',(24.441377362654,18.95375022246,
    6.009563183086));
#6504 = CARTESIAN_POINT('',(24.451209437237,18.974749048514,
    6.080585743284));
#6505 = CARTESIAN_POINT('',(24.456575452408,18.986935467281,
    6.121361742218));
#6506 = CARTESIAN_POINT('',(24.461659876869,18.999265222924,
    6.162093675643));
#6507 = CARTESIAN_POINT('',(24.466464185126,19.011776779935,
    6.20277804783));
#6508 = CARTESIAN_POINT('',(24.470984349391,19.024502270663,
    6.243369262431));
#6509 = CARTESIAN_POINT('',(24.475212221566,19.037492522594,
    6.28374688384));
#6510 = CARTESIAN_POINT('',(24.479139029914,19.050797348715,
    6.323741502573));
#6511 = CARTESIAN_POINT('',(24.485266509494,19.074144897865,
    6.390279880297));
#6512 = CARTESIAN_POINT('',(24.487618518934,19.083905663993,
    6.417095626525));
#6513 = CARTESIAN_POINT('',(24.489829400404,19.093983563205,
    6.443559706829));
#6514 = CARTESIAN_POINT('',(24.491878798379,19.104413633066,
    6.469361406011));
#6515 = CARTESIAN_POINT('',(24.493724095278,19.115153777938,
    6.493816235324));
#6516 = CARTESIAN_POINT('',(24.495319219008,19.126078870737,
    6.515844661878));
#6517 = CARTESIAN_POINT('',(24.496630595318,19.137007929204,
    6.534070151008));
#6518 = CARTESIAN_POINT('',(24.498371645338,19.15502120106,
    6.557498560623));
#6519 = CARTESIAN_POINT('',(24.498935061825,19.162150438666,
    6.564795487049));
#6520 = CARTESIAN_POINT('',(24.499348739027,19.168844157965,
    6.569597532215));
#6521 = CARTESIAN_POINT('',(24.499639831499,19.175083244126,
    6.572202649305));
#6522 = CARTESIAN_POINT('',(24.499833327721,19.18089116457,
    6.573005260863));
#6523 = CARTESIAN_POINT('',(24.499948046764,19.18630565959,
    6.572360426986));
#6524 = CARTESIAN_POINT('',(24.5,19.191374414388,6.57055492869));
#6525 = CARTESIAN_POINT('',(24.5,19.196152422707,6.5677963443));
#6526 = PCURVE('',#5303,#6527);
#6527 = DEFINITIONAL_REPRESENTATION('',(#6528),#6601);
#6528 = B_SPLINE_CURVE_WITH_KNOTS('',8,(#6529,#6530,#6531,#6532,#6533,
    #6534,#6535,#6536,#6537,#6538,#6539,#6540,#6541,#6542,#6543,#6544,
    #6545,#6546,#6547,#6548,#6549,#6550,#6551,#6552,#6553,#6554,#6555,
    #6556,#6557,#6558,#6559,#6560,#6561,#6562,#6563,#6564,#6565,#6566,
    #6567,#6568,#6569,#6570,#6571,#6572,#6573,#6574,#6575,#6576,#6577,
    #6578,#6579,#6580,#6581,#6582,#6583,#6584,#6585,#6586,#6587,#6588,
    #6589,#6590,#6591,#6592,#6593,#6594,#6595,#6596,#6597,#6598,#6599,
    #6600),.UNSPECIFIED.,.F.,.F.,(9,7,7,7,7,7,7,7,7,7,9),(0.,
    0.290273479443,0.439300686239,0.587270697203,0.808162600905,
    0.880931940429,0.907055201601,0.930546808479,0.962384255755,
    0.984487674531,1.),.UNSPECIFIED.);
#6529 = CARTESIAN_POINT('',(1.570796326795,40.005773502692));
#6530 = CARTESIAN_POINT('',(1.513165021797,40.005773502692));
#6531 = CARTESIAN_POINT('',(1.45552329301,39.99865534051));
#6532 = CARTESIAN_POINT('',(1.397928287904,39.984414918561));
#6533 = CARTESIAN_POINT('',(1.340419515798,39.963137568472));
#6534 = CARTESIAN_POINT('',(1.283026866654,39.934980924969));
#6535 = CARTESIAN_POINT('',(1.225777395898,39.900165377723));
#6536 = CARTESIAN_POINT('',(1.168700875254,39.858972101185));
#6537 = CARTESIAN_POINT('',(1.082638554923,39.787504018352));
#6538 = CARTESIAN_POINT('',(1.05349461056,39.76166681013));
#6539 = CARTESIAN_POINT('',(1.024405154645,39.734281620954));
#6540 = CARTESIAN_POINT('',(0.995372332635,39.705395717537));
#6541 = CARTESIAN_POINT('',(0.966397691849,39.675058775952));
#6542 = CARTESIAN_POINT('',(0.937482315992,39.643322607512));
#6543 = CARTESIAN_POINT('',(0.908626959682,39.61024088466));
#6544 = CARTESIAN_POINT('',(0.851241675802,39.541740683401));
#6545 = CARTESIAN_POINT('',(0.822710624974,39.506340122072));
#6546 = CARTESIAN_POINT('',(0.794239311128,39.469721126122));
#6547 = CARTESIAN_POINT('',(0.76582749519,39.431938693155));
#6548 = CARTESIAN_POINT('',(0.737474480637,39.393048819232));
#6549 = CARTESIAN_POINT('',(0.709179175746,39.35310844297));
#6550 = CARTESIAN_POINT('',(0.680940155857,39.31217538965));
#6551 = CARTESIAN_POINT('',(0.610681575547,39.207808504103));
#6552 = CARTESIAN_POINT('',(0.568729548267,39.143228170262));
#6553 = CARTESIAN_POINT('',(0.526892945559,39.076760312284));
#6554 = CARTESIAN_POINT('',(0.485163212485,39.008607435691));
#6555 = CARTESIAN_POINT('',(0.443531145908,38.938966144665));
#6556 = CARTESIAN_POINT('',(0.401984753533,38.868068728735));
#6557 = CARTESIAN_POINT('',(0.360512045165,38.796132380113));
#6558 = CARTESIAN_POINT('',(0.305446689003,38.699602171959));
#6559 = CARTESIAN_POINT('',(0.291807388688,38.675609354745));
#6560 = CARTESIAN_POINT('',(0.278173106682,38.651556337985));
#6561 = CARTESIAN_POINT('',(0.264542944386,38.627458834835));
#6562 = CARTESIAN_POINT('',(0.250916036928,38.603334740102));
#6563 = CARTESIAN_POINT('',(0.23729146942,38.579205893413));
#6564 = CARTESIAN_POINT('',(0.223668069431,38.555102732397));
#6565 = CARTESIAN_POINT('',(0.20515323634,38.522445051717));
#6566 = CARTESIAN_POINT('',(0.200262356744,38.513827649211));
#6567 = CARTESIAN_POINT('',(0.195371350338,38.505221863131));
#6568 = CARTESIAN_POINT('',(0.19048014434,38.496630195238));
#6569 = CARTESIAN_POINT('',(0.185588674819,38.488055574772));
#6570 = CARTESIAN_POINT('',(0.180696881782,38.479501518934));
#6571 = CARTESIAN_POINT('',(0.175804704263,38.470972293373));
#6572 = CARTESIAN_POINT('',(0.166512329425,38.454830062478));
#6573 = CARTESIAN_POINT('',(0.162112296828,38.447211415151));
#6574 = CARTESIAN_POINT('',(0.157711864566,38.439620993104));
#6575 = CARTESIAN_POINT('',(0.15331099263,38.432063207282));
#6576 = CARTESIAN_POINT('',(0.14890970874,38.424543473993));
#6577 = CARTESIAN_POINT('',(0.144508103027,38.417068671749));
#6578 = CARTESIAN_POINT('',(0.140106322717,38.409647598092));
#6579 = CARTESIAN_POINT('',(0.129739003344,38.392321834806));
#6580 = CARTESIAN_POINT('',(0.123783005984,38.382487583572));
#6581 = CARTESIAN_POINT('',(0.117827383638,38.372799498469));
#6582 = CARTESIAN_POINT('',(0.11186949873,38.363292638588));
#6583 = CARTESIAN_POINT('',(0.105912413209,38.354017629533));
#6584 = CARTESIAN_POINT('',(9.996711241988E-02,38.345078707003));
#6585 = CARTESIAN_POINT('',(9.405068316288E-02,38.33660371505));
#6586 = CARTESIAN_POINT('',(8.412656386929E-02,38.323554096868));
#6587 = CARTESIAN_POINT('',(8.010353421434E-02,38.318599295181));
#6588 = CARTESIAN_POINT('',(7.610291895136E-02,38.314094971762));
#6589 = CARTESIAN_POINT('',(7.216063061081E-02,38.310226827638));
#6590 = CARTESIAN_POINT('',(6.836433077911E-02,38.307300651277));
#6591 = CARTESIAN_POINT('',(6.485629996664E-02,38.305747845905));
#6592 = CARTESIAN_POINT('',(6.181940431901E-02,38.30609994361));
#6593 = CARTESIAN_POINT('',(5.763282474994E-02,38.309985689836));
#6594 = CARTESIAN_POINT('',(5.62205625089E-02,38.312511327499));
#6595 = CARTESIAN_POINT('',(5.514824692799E-02,38.315907235875));
#6596 = CARTESIAN_POINT('',(5.438027035555E-02,38.320007884442));
#6597 = CARTESIAN_POINT('',(5.386611326651E-02,38.32463638531));
#6598 = CARTESIAN_POINT('',(5.355914267567E-02,38.329647892485));
#6599 = CARTESIAN_POINT('',(5.342046085415E-02,38.334940312053));
#6600 = CARTESIAN_POINT('',(5.342046085415E-02,38.340457480832));
#6601 = ( GEOMETRIC_REPRESENTATION_CONTEXT(2) 
PARAMETRIC_REPRESENTATION_CONTEXT() REPRESENTATION_CONTEXT('2D SPACE',''
  ) );
#6602 = PCURVE('',#5592,#6603);
#6603 = DEFINITIONAL_REPRESENTATION('',(#6604),#6677);
#6604 = B_SPLINE_CURVE_WITH_KNOTS('',8,(#6605,#6606,#6607,#6608,#6609,
    #6610,#6611,#6612,#6613,#6614,#6615,#6616,#6617,#6618,#6619,#6620,
    #6621,#6622,#6623,#6624,#6625,#6626,#6627,#6628,#6629,#6630,#6631,
    #6632,#6633,#6634,#6635,#6636,#6637,#6638,#6639,#6640,#6641,#6642,
    #6643,#6644,#6645,#6646,#6647,#6648,#6649,#6650,#6651,#6652,#6653,
    #6654,#6655,#6656,#6657,#6658,#6659,#6660,#6661,#6662,#6663,#6664,
    #6665,#6666,#6667,#6668,#6669,#6670,#6671,#6672,#6673,#6674,#6675,
    #6676),.UNSPECIFIED.,.F.,.F.,(9,7,7,7,7,7,7,7,7,7,9),(0.,
    0.290273479443,0.439300686239,0.587270697203,0.808162600905,
    0.880931940429,0.907055201601,0.930546808479,0.962384255755,
    0.984487674531,1.),.UNSPECIFIED.);
#6605 = CARTESIAN_POINT('',(6.28318530718,-1.154700538381E-02));
#6606 = CARTESIAN_POINT('',(6.225471671746,-1.154700538381E-02));
#6607 = CARTESIAN_POINT('',(6.16774759637,-1.15909088607E-02));
#6608 = CARTESIAN_POINT('',(6.110069480578,-1.167869837862E-02));
#6609 = CARTESIAN_POINT('',(6.052476045165,-1.181178746077E-02));
#6610 = CARTESIAN_POINT('',(5.994996333541,-1.199293411175E-02));
#6611 = CARTESIAN_POINT('',(5.937656433988,-1.222656537092E-02));
#6612 = CARTESIAN_POINT('',(5.8804849228,-1.251951289674E-02));
#6613 = CARTESIAN_POINT('',(5.794269553816,-1.306834339291E-02));
#6614 = CARTESIAN_POINT('',(5.765072066219,-1.327291335596E-02));
#6615 = CARTESIAN_POINT('',(5.735927220103,-1.349734249071E-02));
#6616 = CARTESIAN_POINT('',(5.706836913894,-1.374331757911E-02));
#6617 = CARTESIAN_POINT('',(5.677802408176,-1.401286854279E-02));
#6618 = CARTESIAN_POINT('',(5.64882444399,-1.430849782016E-02));
#6619 = CARTESIAN_POINT('',(5.619903361133,-1.46333097436E-02));
#6620 = CARTESIAN_POINT('',(5.562379833417,-1.534643164992E-02));
#6621 = CARTESIAN_POINT('',(5.533776323297,-1.573422028132E-02));
#6622 = CARTESIAN_POINT('',(5.505228440108,-1.615853431684E-02));
#6623 = CARTESIAN_POINT('',(5.476735364402,-1.6623850903E-02));
#6624 = CARTESIAN_POINT('',(5.448295689989,-1.713570541222E-02));
#6625 = CARTESIAN_POINT('',(5.41990741064,-1.770130102822E-02));
#6626 = CARTESIAN_POINT('',(5.391567906803,-1.833011833144E-02));
#6627 = CARTESIAN_POINT('',(5.321036252876,-2.008607379936E-02));
#6628 = CARTESIAN_POINT('',(5.27890041187,-2.130683218034E-02));
#6629 = CARTESIAN_POINT('',(5.236854946005,-2.273475035941E-02));
#6630 = CARTESIAN_POINT('',(5.194881942071,-2.444496136584E-02));
#6631 = CARTESIAN_POINT('',(5.152965659413,-2.648983121769E-02));
#6632 = CARTESIAN_POINT('',(5.111068955872,-2.907223833472E-02));
#6633 = CARTESIAN_POINT('',(5.06916168595,-3.233853526141E-02));
#6634 = CARTESIAN_POINT('',(5.013280924897,-3.860561366868E-02));
#6635 = CARTESIAN_POINT('',(4.99942010062,-4.031623576937E-02));
#6636 = CARTESIAN_POINT('',(4.985541641607,-4.221024461173E-02));
#6637 = CARTESIAN_POINT('',(4.971639917944,-4.432587845543E-02));
#6638 = CARTESIAN_POINT('',(4.957708349505,-4.670933194363E-02));
#6639 = CARTESIAN_POINT('',(4.943738439867,-4.942188979213E-02));
#6640 = CARTESIAN_POINT('',(4.929717243404,-5.255872759255E-02));
#6641 = CARTESIAN_POINT('',(4.910563707919,-5.761504620866E-02));
#6642 = CARTESIAN_POINT('',(4.9054948061,-5.90259581267E-02));
#6643 = CARTESIAN_POINT('',(4.90041551949,-6.051982843211E-02));
#6644 = CARTESIAN_POINT('',(4.895324709583,-6.21052732198E-02));
#6645 = CARTESIAN_POINT('',(4.890221056839,-6.37924439542E-02));
#6646 = CARTESIAN_POINT('',(4.885102977575,-6.559365969216E-02));
#6647 = CARTESIAN_POINT('',(4.879968540858,-6.752403930597E-02));
#6648 = CARTESIAN_POINT('',(4.870181358225,-7.147088111822E-02));
#6649 = CARTESIAN_POINT('',(4.86553229355,-7.345890835522E-02));
#6650 = CARTESIAN_POINT('',(4.860866308857,-7.558052142024E-02));
#6651 = CARTESIAN_POINT('',(4.856181403855,-7.785156963783E-02));
#6652 = CARTESIAN_POINT('',(4.851475240065,-8.029118477083E-02));
#6653 = CARTESIAN_POINT('',(4.846744920392,-8.292352013713E-02));
#6654 = CARTESIAN_POINT('',(4.84198676871,-8.577948972635E-02));
#6655 = CARTESIAN_POINT('',(4.830703477294,-9.312561526188E-02));
#6656 = CARTESIAN_POINT('',(4.824161397872,-9.782995032811E-02));
#6657 = CARTESIAN_POINT('',(4.817548085477,-0.103113291408));
#6658 = CARTESIAN_POINT('',(4.810842713493,-0.109122685669));
#6659 = CARTESIAN_POINT('',(4.804027875299,-0.116023649015));
#6660 = CARTESIAN_POINT('',(4.797076206021,-0.124126307816));
#6661 = CARTESIAN_POINT('',(4.789960859185,-0.133785976151));
#6662 = CARTESIAN_POINT('',(4.777482370162,-0.154381838088));
#6663 = CARTESIAN_POINT('',(4.772267666287,-0.16399376697));
#6664 = CARTESIAN_POINT('',(4.766885509585,-0.175140918556));
#6665 = CARTESIAN_POINT('',(4.76131723361,-0.188264770032));
#6666 = CARTESIAN_POINT('',(4.755585320759,-0.203892707051));
#6667 = CARTESIAN_POINT('',(4.749756385028,-0.222637281908));
#6668 = CARTESIAN_POINT('',(4.74392665919,-0.245199594251));
#6669 = CARTESIAN_POINT('',(4.734319661032,-0.288997630413));
#6670 = CARTESIAN_POINT('',(4.730517897753,-0.308307380953));
#6671 = CARTESIAN_POINT('',(4.726948710548,-0.328486636302));
#6672 = CARTESIAN_POINT('',(4.723622130292,-0.349166105757));
#6673 = CARTESIAN_POINT('',(4.720525545993,-0.370038948383));
#6674 = CARTESIAN_POINT('',(4.71763878365,-0.390890952771));
#6675 = CARTESIAN_POINT('',(4.714936376071,-0.411613301505));
#6676 = CARTESIAN_POINT('',(4.712388980385,-0.4322036557));
#6677 = ( GEOMETRIC_REPRESENTATION_CONTEXT(2) 
PARAMETRIC_REPRESENTATION_CONTEXT() REPRESENTATION_CONTEXT('2D SPACE',''
  ) );
#6678 = ORIENTED_EDGE('',*,*,#6427,.T.);
#6679 = ORIENTED_EDGE('',*,*,#5177,.F.);
#6680 = ORIENTED_EDGE('',*,*,#5607,.F.);
#6681 = ADVANCED_FACE('',(#6682),#5458,.T.);
#6682 = FACE_BOUND('',#6683,.T.);
#6683 = EDGE_LOOP('',(#6684,#6685,#6707,#6708));
#6684 = ORIENTED_EDGE('',*,*,#5914,.F.);
#6685 = ORIENTED_EDGE('',*,*,#6686,.F.);
#6686 = EDGE_CURVE('',#5498,#5892,#6687,.T.);
#6687 = SURFACE_CURVE('',#6688,(#6693,#6700),.PCURVE_S1.);
#6688 = CIRCLE('',#6689,7.);
#6689 = AXIS2_PLACEMENT_3D('',#6690,#6691,#6692);
#6690 = CARTESIAN_POINT('',(17.5,16.366025403784,36.346787517318));
#6691 = DIRECTION('',(0.,-0.866025403784,0.5));
#6692 = DIRECTION('',(0.,-0.5,-0.866025403784));
#6693 = PCURVE('',#5458,#6694);
#6694 = DEFINITIONAL_REPRESENTATION('',(#6695),#6699);
#6695 = LINE('',#6696,#6697);
#6696 = CARTESIAN_POINT('',(3.14159265359,1.));
#6697 = VECTOR('',#6698,1.);
#6698 = DIRECTION('',(-1.,0.));
#6699 = ( GEOMETRIC_REPRESENTATION_CONTEXT(2) 
PARAMETRIC_REPRESENTATION_CONTEXT() REPRESENTATION_CONTEXT('2D SPACE',''
  ) );
#6700 = PCURVE('',#5788,#6701);
#6701 = DEFINITIONAL_REPRESENTATION('',(#6702),#6706);
#6702 = LINE('',#6703,#6704);
#6703 = CARTESIAN_POINT('',(0.,0.));
#6704 = VECTOR('',#6705,1.);
#6705 = DIRECTION('',(1.,0.));
#6706 = ( GEOMETRIC_REPRESENTATION_CONTEXT(2) 
PARAMETRIC_REPRESENTATION_CONTEXT() REPRESENTATION_CONTEXT('2D SPACE',''
  ) );
#6707 = ORIENTED_EDGE('',*,*,#5497,.T.);
#6708 = ORIENTED_EDGE('',*,*,#5421,.F.);
#6709 = ADVANCED_FACE('',(#6710),#5592,.F.);
#6710 = FACE_BOUND('',#6711,.F.);
#6711 = EDGE_LOOP('',(#6712,#6758,#6759,#6760));
#6712 = ORIENTED_EDGE('',*,*,#6713,.F.);
#6713 = EDGE_CURVE('',#5549,#6714,#6716,.T.);
#6714 = VERTEX_POINT('',#6715);
#6715 = CARTESIAN_POINT('',(17.5,17.320508075689,1.06581410364E-14));
#6716 = SURFACE_CURVE('',#6717,(#6722,#6729),.PCURVE_S1.);
#6717 = ELLIPSE('',#6718,7.246933262871,7.);
#6718 = AXIS2_PLACEMENT_3D('',#6719,#6720,#6721);
#6719 = CARTESIAN_POINT('',(17.5,19.196152422707,7.));
#6720 = DIRECTION('',(0.,0.965925826289,-0.258819045103));
#6721 = DIRECTION('',(0.,-0.258819045103,-0.965925826289));
#6722 = PCURVE('',#5592,#6723);
#6723 = DEFINITIONAL_REPRESENTATION('',(#6724),#6728);
#6724 = LINE('',#6725,#6726);
#6725 = CARTESIAN_POINT('',(0.,0.));
#6726 = VECTOR('',#6727,1.);
#6727 = DIRECTION('',(1.,0.));
#6728 = ( GEOMETRIC_REPRESENTATION_CONTEXT(2) 
PARAMETRIC_REPRESENTATION_CONTEXT() REPRESENTATION_CONTEXT('2D SPACE',''
  ) );
#6729 = PCURVE('',#5564,#6730);
#6730 = DEFINITIONAL_REPRESENTATION('',(#6731),#6757);
#6731 = B_SPLINE_CURVE_WITH_KNOTS('',3,(#6732,#6733,#6734,#6735,#6736,
    #6737,#6738,#6739,#6740,#6741,#6742,#6743,#6744,#6745,#6746,#6747,
    #6748,#6749,#6750,#6751,#6752,#6753,#6754,#6755,#6756),
  .UNSPECIFIED.,.F.,.F.,(4,1,1,1,1,1,1,1,1,1,1,1,1,1,1,1,1,1,1,1,1,1,4),
  (4.712388980385,4.783788813421,4.855188646457,4.926588479493,
    4.997988312529,5.069388145565,5.140787978601,5.212187811638,
    5.283587644674,5.35498747771,5.426387310746,5.497787143782,
    5.569186976818,5.640586809854,5.711986642891,5.783386475927,
    5.854786308963,5.926186141999,5.997585975035,6.068985808071,
    6.140385641107,6.211785474143,6.28318530718),.QUASI_UNIFORM_KNOTS.);
#6732 = CARTESIAN_POINT('',(1.570796326795,18.124355652982));
#6733 = CARTESIAN_POINT('',(1.59459627114,18.168996231466));
#6734 = CARTESIAN_POINT('',(1.642196159831,18.258276162619));
#6735 = CARTESIAN_POINT('',(1.713595992867,18.391514615659));
#6736 = CARTESIAN_POINT('',(1.784995825903,18.52339142406));
#6737 = CARTESIAN_POINT('',(1.856395658939,18.653234908325));
#6738 = CARTESIAN_POINT('',(1.927795491976,18.780383326194));
#6739 = CARTESIAN_POINT('',(1.999195325012,18.904188782491));
#6740 = CARTESIAN_POINT('',(2.070595158048,19.024020386554));
#6741 = CARTESIAN_POINT('',(2.141994991084,19.13926750572));
#6742 = CARTESIAN_POINT('',(2.21339482412,19.249342866625));
#6743 = CARTESIAN_POINT('',(2.284794657156,19.353685550588));
#6744 = CARTESIAN_POINT('',(2.356194490192,19.451763851167));
#6745 = CARTESIAN_POINT('',(2.427594323228,19.543077983861));
#6746 = CARTESIAN_POINT('',(2.498994156265,19.627162632676));
#6747 = CARTESIAN_POINT('',(2.570393989301,19.703589321896));
#6748 = CARTESIAN_POINT('',(2.641793822337,19.771968597216));
#6749 = CARTESIAN_POINT('',(2.713193655373,19.831952018803));
#6750 = CARTESIAN_POINT('',(2.784593488409,19.883233905183));
#6751 = CARTESIAN_POINT('',(2.855993321445,19.925553009172));
#6752 = CARTESIAN_POINT('',(2.927393154481,19.958693407802));
#6753 = CARTESIAN_POINT('',(2.998792987518,19.982487249702));
#6754 = CARTESIAN_POINT('',(3.070192820554,19.996809463409));
#6755 = CARTESIAN_POINT('',(3.117792709244,20.000004044931));
#6756 = CARTESIAN_POINT('',(3.14159265359,20.));
#6757 = ( GEOMETRIC_REPRESENTATION_CONTEXT(2) 
PARAMETRIC_REPRESENTATION_CONTEXT() REPRESENTATION_CONTEXT('2D SPACE',''
  ) );
#6758 = ORIENTED_EDGE('',*,*,#5576,.T.);
#6759 = ORIENTED_EDGE('',*,*,#6451,.F.);
#6760 = ORIENTED_EDGE('',*,*,#6761,.F.);
#6761 = EDGE_CURVE('',#6714,#6407,#6762,.T.);
#6762 = SURFACE_CURVE('',#6763,(#6767,#6773),.PCURVE_S1.);
#6763 = LINE('',#6764,#6765);
#6764 = CARTESIAN_POINT('',(17.5,17.320508075689,1.06581410364E-14));
#6765 = VECTOR('',#6766,1.);
#6766 = DIRECTION('',(0.,0.,-1.));
#6767 = PCURVE('',#5592,#6768);
#6768 = DEFINITIONAL_REPRESENTATION('',(#6769),#6772);
#6769 = B_SPLINE_CURVE_WITH_KNOTS('',1,(#6770,#6771),.UNSPECIFIED.,.F.,
  .F.,(2,2),(0.,6.),.PIECEWISE_BEZIER_KNOTS.);
#6770 = CARTESIAN_POINT('',(6.28318530718,0.));
#6771 = CARTESIAN_POINT('',(6.28318530718,-6.));
#6772 = ( GEOMETRIC_REPRESENTATION_CONTEXT(2) 
PARAMETRIC_REPRESENTATION_CONTEXT() REPRESENTATION_CONTEXT('2D SPACE',''
  ) );
#6773 = PCURVE('',#6133,#6774);
#6774 = DEFINITIONAL_REPRESENTATION('',(#6775),#6779);
#6775 = LINE('',#6776,#6777);
#6776 = CARTESIAN_POINT('',(4.642866830219E-30,9.013887592423E-15));
#6777 = VECTOR('',#6778,1.);
#6778 = DIRECTION('',(-5.150792909956E-16,-1.));
#6779 = ( GEOMETRIC_REPRESENTATION_CONTEXT(2) 
PARAMETRIC_REPRESENTATION_CONTEXT() REPRESENTATION_CONTEXT('2D SPACE',''
  ) );
#6780 = ADVANCED_FACE('',(#6781),#5564,.T.);
#6781 = FACE_BOUND('',#6782,.T.);
#6782 = EDGE_LOOP('',(#6783,#6784,#6808,#6829));
#6783 = ORIENTED_EDGE('',*,*,#5548,.F.);
#6784 = ORIENTED_EDGE('',*,*,#6785,.F.);
#6785 = EDGE_CURVE('',#6786,#5521,#6788,.T.);
#6786 = VERTEX_POINT('',#6787);
#6787 = CARTESIAN_POINT('',(17.5,0.866025403784,9.5));
#6788 = SURFACE_CURVE('',#6789,(#6794,#6801),.PCURVE_S1.);
#6789 = CIRCLE('',#6790,7.);
#6790 = AXIS2_PLACEMENT_3D('',#6791,#6792,#6793);
#6791 = CARTESIAN_POINT('',(17.5,4.366025403784,15.562177826491));
#6792 = DIRECTION('',(0.,-0.866025403784,0.5));
#6793 = DIRECTION('',(0.,-0.5,-0.866025403784));
#6794 = PCURVE('',#5564,#6795);
#6795 = DEFINITIONAL_REPRESENTATION('',(#6796),#6800);
#6796 = LINE('',#6797,#6798);
#6797 = CARTESIAN_POINT('',(3.14159265359,1.));
#6798 = VECTOR('',#6799,1.);
#6799 = DIRECTION('',(-1.,0.));
#6800 = ( GEOMETRIC_REPRESENTATION_CONTEXT(2) 
PARAMETRIC_REPRESENTATION_CONTEXT() REPRESENTATION_CONTEXT('2D SPACE',''
  ) );
#6801 = PCURVE('',#5736,#6802);
#6802 = DEFINITIONAL_REPRESENTATION('',(#6803),#6807);
#6803 = LINE('',#6804,#6805);
#6804 = CARTESIAN_POINT('',(0.,0.));
#6805 = VECTOR('',#6806,1.);
#6806 = DIRECTION('',(1.,0.));
#6807 = ( GEOMETRIC_REPRESENTATION_CONTEXT(2) 
PARAMETRIC_REPRESENTATION_CONTEXT() REPRESENTATION_CONTEXT('2D SPACE',''
  ) );
#6808 = ORIENTED_EDGE('',*,*,#6809,.T.);
#6809 = EDGE_CURVE('',#6786,#6714,#6810,.T.);
#6810 = SURFACE_CURVE('',#6811,(#6815,#6822),.PCURVE_S1.);
#6811 = LINE('',#6812,#6813);
#6812 = CARTESIAN_POINT('',(17.5,5.329070518201E-15,10.));
#6813 = VECTOR('',#6814,1.);
#6814 = DIRECTION('',(0.,0.866025403784,-0.5));
#6815 = PCURVE('',#5564,#6816);
#6816 = DEFINITIONAL_REPRESENTATION('',(#6817),#6821);
#6817 = LINE('',#6818,#6819);
#6818 = CARTESIAN_POINT('',(3.14159265359,0.));
#6819 = VECTOR('',#6820,1.);
#6820 = DIRECTION('',(0.,1.));
#6821 = ( GEOMETRIC_REPRESENTATION_CONTEXT(2) 
PARAMETRIC_REPRESENTATION_CONTEXT() REPRESENTATION_CONTEXT('2D SPACE',''
  ) );
#6822 = PCURVE('',#6034,#6823);
#6823 = DEFINITIONAL_REPRESENTATION('',(#6824),#6828);
#6824 = LINE('',#6825,#6826);
#6825 = CARTESIAN_POINT('',(-17.5,-1.742183488199E-16));
#6826 = VECTOR('',#6827,1.);
#6827 = DIRECTION('',(0.,1.));
#6828 = ( GEOMETRIC_REPRESENTATION_CONTEXT(2) 
PARAMETRIC_REPRESENTATION_CONTEXT() REPRESENTATION_CONTEXT('2D SPACE',''
  ) );
#6829 = ORIENTED_EDGE('',*,*,#6713,.F.);
#6830 = ADVANCED_FACE('',(#6831),#5536,.T.);
#6831 = FACE_BOUND('',#6832,.T.);
#6832 = EDGE_LOOP('',(#6833,#6855,#6856,#6878));
#6833 = ORIENTED_EDGE('',*,*,#6834,.T.);
#6834 = EDGE_CURVE('',#5498,#5749,#6835,.T.);
#6835 = SURFACE_CURVE('',#6836,(#6841,#6848),.PCURVE_S1.);
#6836 = CIRCLE('',#6837,1.);
#6837 = AXIS2_PLACEMENT_3D('',#6838,#6839,#6840);
#6838 = CARTESIAN_POINT('',(23.5,16.366025403784,36.346787517318));
#6839 = DIRECTION('',(-0.,-0.5,-0.866025403784));
#6840 = DIRECTION('',(-1.,0.,0.));
#6841 = PCURVE('',#5536,#6842);
#6842 = DEFINITIONAL_REPRESENTATION('',(#6843),#6847);
#6843 = LINE('',#6844,#6845);
#6844 = CARTESIAN_POINT('',(0.,-12.));
#6845 = VECTOR('',#6846,1.);
#6846 = DIRECTION('',(1.,0.));
#6847 = ( GEOMETRIC_REPRESENTATION_CONTEXT(2) 
PARAMETRIC_REPRESENTATION_CONTEXT() REPRESENTATION_CONTEXT('2D SPACE',''
  ) );
#6848 = PCURVE('',#5788,#6849);
#6849 = DEFINITIONAL_REPRESENTATION('',(#6850),#6854);
#6850 = LINE('',#6851,#6852);
#6851 = CARTESIAN_POINT('',(1.570796326795,-3.14159265359));
#6852 = VECTOR('',#6853,1.);
#6853 = DIRECTION('',(0.,1.));
#6854 = ( GEOMETRIC_REPRESENTATION_CONTEXT(2) 
PARAMETRIC_REPRESENTATION_CONTEXT() REPRESENTATION_CONTEXT('2D SPACE',''
  ) );
#6855 = ORIENTED_EDGE('',*,*,#5748,.T.);
#6856 = ORIENTED_EDGE('',*,*,#6857,.F.);
#6857 = EDGE_CURVE('',#5521,#5720,#6858,.T.);
#6858 = SURFACE_CURVE('',#6859,(#6864,#6871),.PCURVE_S1.);
#6859 = CIRCLE('',#6860,1.);
#6860 = AXIS2_PLACEMENT_3D('',#6861,#6862,#6863);
#6861 = CARTESIAN_POINT('',(23.5,4.366025403784,15.562177826491));
#6862 = DIRECTION('',(0.,-0.5,-0.866025403784));
#6863 = DIRECTION('',(0.,0.866025403784,-0.5));
#6864 = PCURVE('',#5536,#6865);
#6865 = DEFINITIONAL_REPRESENTATION('',(#6866),#6870);
#6866 = LINE('',#6867,#6868);
#6867 = CARTESIAN_POINT('',(1.570796326795,12.));
#6868 = VECTOR('',#6869,1.);
#6869 = DIRECTION('',(1.,1.130863886743E-15));
#6870 = ( GEOMETRIC_REPRESENTATION_CONTEXT(2) 
PARAMETRIC_REPRESENTATION_CONTEXT() REPRESENTATION_CONTEXT('2D SPACE',''
  ) );
#6871 = PCURVE('',#5736,#6872);
#6872 = DEFINITIONAL_REPRESENTATION('',(#6873),#6877);
#6873 = LINE('',#6874,#6875);
#6874 = CARTESIAN_POINT('',(1.570796326795,-1.570796326795));
#6875 = VECTOR('',#6876,1.);
#6876 = DIRECTION('',(-1.413579858428E-16,1.));
#6877 = ( GEOMETRIC_REPRESENTATION_CONTEXT(2) 
PARAMETRIC_REPRESENTATION_CONTEXT() REPRESENTATION_CONTEXT('2D SPACE',''
  ) );
#6878 = ORIENTED_EDGE('',*,*,#5520,.F.);
#6879 = ADVANCED_FACE('',(#6880),#5679,.T.);
#6880 = FACE_BOUND('',#6881,.T.);
#6881 = EDGE_LOOP('',(#6882,#6904,#6905,#6906));
#6882 = ORIENTED_EDGE('',*,*,#6883,.T.);
#6883 = EDGE_CURVE('',#6017,#5663,#6884,.T.);
#6884 = SURFACE_CURVE('',#6885,(#6890,#6897),.PCURVE_S1.);
#6885 = CIRCLE('',#6886,1.);
#6886 = AXIS2_PLACEMENT_3D('',#6887,#6888,#6889);
#6887 = CARTESIAN_POINT('',(-17.5,1.366025403784,10.366025403784));
#6888 = DIRECTION('',(-1.,0.,0.));
#6889 = DIRECTION('',(0.,0.5,0.866025403784));
#6890 = PCURVE('',#5679,#6891);
#6891 = DEFINITIONAL_REPRESENTATION('',(#6892),#6896);
#6892 = LINE('',#6893,#6894);
#6893 = CARTESIAN_POINT('',(6.28318530718,-3.14159265359));
#6894 = VECTOR('',#6895,1.);
#6895 = DIRECTION('',(0.,1.));
#6896 = ( GEOMETRIC_REPRESENTATION_CONTEXT(2) 
PARAMETRIC_REPRESENTATION_CONTEXT() REPRESENTATION_CONTEXT('2D SPACE',''
  ) );
#6897 = PCURVE('',#5707,#6898);
#6898 = DEFINITIONAL_REPRESENTATION('',(#6899),#6903);
#6899 = LINE('',#6900,#6901);
#6900 = CARTESIAN_POINT('',(0.,17.5));
#6901 = VECTOR('',#6902,1.);
#6902 = DIRECTION('',(1.,0.));
#6903 = ( GEOMETRIC_REPRESENTATION_CONTEXT(2) 
PARAMETRIC_REPRESENTATION_CONTEXT() REPRESENTATION_CONTEXT('2D SPACE',''
  ) );
#6904 = ORIENTED_EDGE('',*,*,#5662,.F.);
#6905 = ORIENTED_EDGE('',*,*,#5990,.T.);
#6906 = ORIENTED_EDGE('',*,*,#6046,.T.);
#6907 = ADVANCED_FACE('',(#6908),#5707,.T.);
#6908 = FACE_BOUND('',#6909,.T.);
#6909 = EDGE_LOOP('',(#6910,#6932,#6933,#6934));
#6910 = ORIENTED_EDGE('',*,*,#6911,.T.);
#6911 = EDGE_CURVE('',#6786,#5692,#6912,.T.);
#6912 = SURFACE_CURVE('',#6913,(#6918,#6925),.PCURVE_S1.);
#6913 = CIRCLE('',#6914,1.);
#6914 = AXIS2_PLACEMENT_3D('',#6915,#6916,#6917);
#6915 = CARTESIAN_POINT('',(17.5,1.366025403784,10.366025403784));
#6916 = DIRECTION('',(-1.,0.,0.));
#6917 = DIRECTION('',(0.,0.5,0.866025403784));
#6918 = PCURVE('',#5707,#6919);
#6919 = DEFINITIONAL_REPRESENTATION('',(#6920),#6924);
#6920 = LINE('',#6921,#6922);
#6921 = CARTESIAN_POINT('',(0.,-17.5));
#6922 = VECTOR('',#6923,1.);
#6923 = DIRECTION('',(1.,0.));
#6924 = ( GEOMETRIC_REPRESENTATION_CONTEXT(2) 
PARAMETRIC_REPRESENTATION_CONTEXT() REPRESENTATION_CONTEXT('2D SPACE',''
  ) );
#6925 = PCURVE('',#5736,#6926);
#6926 = DEFINITIONAL_REPRESENTATION('',(#6927),#6931);
#6927 = LINE('',#6928,#6929);
#6928 = CARTESIAN_POINT('',(0.,-3.14159265359));
#6929 = VECTOR('',#6930,1.);
#6930 = DIRECTION('',(0.,1.));
#6931 = ( GEOMETRIC_REPRESENTATION_CONTEXT(2) 
PARAMETRIC_REPRESENTATION_CONTEXT() REPRESENTATION_CONTEXT('2D SPACE',''
  ) );
#6932 = ORIENTED_EDGE('',*,*,#5691,.T.);
#6933 = ORIENTED_EDGE('',*,*,#6883,.F.);
#6934 = ORIENTED_EDGE('',*,*,#6935,.F.);
#6935 = EDGE_CURVE('',#6786,#6017,#6936,.T.);
#6936 = SURFACE_CURVE('',#6937,(#6941,#6948),.PCURVE_S1.);
#6937 = LINE('',#6938,#6939);
#6938 = CARTESIAN_POINT('',(3.552713678801E-15,0.866025403784,9.5));
#6939 = VECTOR('',#6940,1.);
#6940 = DIRECTION('',(-1.,2.973811673103E-16,5.150792909956E-16));
#6941 = PCURVE('',#5707,#6942);
#6942 = DEFINITIONAL_REPRESENTATION('',(#6943),#6947);
#6943 = LINE('',#6944,#6945);
#6944 = CARTESIAN_POINT('',(3.14159265359,0.));
#6945 = VECTOR('',#6946,1.);
#6946 = DIRECTION('',(0.,1.));
#6947 = ( GEOMETRIC_REPRESENTATION_CONTEXT(2) 
PARAMETRIC_REPRESENTATION_CONTEXT() REPRESENTATION_CONTEXT('2D SPACE',''
  ) );
#6948 = PCURVE('',#6034,#6949);
#6949 = DEFINITIONAL_REPRESENTATION('',(#6950),#6954);
#6950 = LINE('',#6951,#6952);
#6951 = CARTESIAN_POINT('',(-4.437342591868E-31,1.));
#6952 = VECTOR('',#6953,1.);
#6953 = DIRECTION('',(1.,0.));
#6954 = ( GEOMETRIC_REPRESENTATION_CONTEXT(2) 
PARAMETRIC_REPRESENTATION_CONTEXT() REPRESENTATION_CONTEXT('2D SPACE',''
  ) );
#6955 = ADVANCED_FACE('',(#6956),#5736,.T.);
#6956 = FACE_BOUND('',#6957,.T.);
#6957 = EDGE_LOOP('',(#6958,#6959,#6960,#6961));
#6958 = ORIENTED_EDGE('',*,*,#6857,.T.);
#6959 = ORIENTED_EDGE('',*,*,#5719,.F.);
#6960 = ORIENTED_EDGE('',*,*,#6911,.F.);
#6961 = ORIENTED_EDGE('',*,*,#6785,.T.);
#6962 = ADVANCED_FACE('',(#6963),#5788,.T.);
#6963 = FACE_BOUND('',#6964,.T.);
#6964 = EDGE_LOOP('',(#6965,#6987,#6988,#6989));
#6965 = ORIENTED_EDGE('',*,*,#6966,.F.);
#6966 = EDGE_CURVE('',#5772,#5892,#6967,.T.);
#6967 = SURFACE_CURVE('',#6968,(#6973,#6980),.PCURVE_S1.);
#6968 = CIRCLE('',#6969,1.);
#6969 = AXIS2_PLACEMENT_3D('',#6970,#6971,#6972);
#6970 = CARTESIAN_POINT('',(17.5,19.366025403784,41.542939940024));
#6971 = DIRECTION('',(-1.,0.,0.));
#6972 = DIRECTION('',(0.,0.5,0.866025403784));
#6973 = PCURVE('',#5788,#6974);
#6974 = DEFINITIONAL_REPRESENTATION('',(#6975),#6979);
#6975 = LINE('',#6976,#6977);
#6976 = CARTESIAN_POINT('',(3.14159265359,6.28318530718));
#6977 = VECTOR('',#6978,1.);
#6978 = DIRECTION('',(0.,-1.));
#6979 = ( GEOMETRIC_REPRESENTATION_CONTEXT(2) 
PARAMETRIC_REPRESENTATION_CONTEXT() REPRESENTATION_CONTEXT('2D SPACE',''
  ) );
#6980 = PCURVE('',#5816,#6981);
#6981 = DEFINITIONAL_REPRESENTATION('',(#6982),#6986);
#6982 = LINE('',#6983,#6984);
#6983 = CARTESIAN_POINT('',(9.424777960769,17.5));
#6984 = VECTOR('',#6985,1.);
#6985 = DIRECTION('',(-1.,0.));
#6986 = ( GEOMETRIC_REPRESENTATION_CONTEXT(2) 
PARAMETRIC_REPRESENTATION_CONTEXT() REPRESENTATION_CONTEXT('2D SPACE',''
  ) );
#6987 = ORIENTED_EDGE('',*,*,#5771,.F.);
#6988 = ORIENTED_EDGE('',*,*,#6834,.F.);
#6989 = ORIENTED_EDGE('',*,*,#6686,.T.);
#6990 = ADVANCED_FACE('',(#6991),#5816,.T.);
#6991 = FACE_BOUND('',#6992,.T.);
#6992 = EDGE_LOOP('',(#6993,#6994,#6995,#7017));
#6993 = ORIENTED_EDGE('',*,*,#6966,.T.);
#6994 = ORIENTED_EDGE('',*,*,#5891,.F.);
#6995 = ORIENTED_EDGE('',*,*,#6996,.F.);
#6996 = EDGE_CURVE('',#5801,#5869,#6997,.T.);
#6997 = SURFACE_CURVE('',#6998,(#7003,#7010),.PCURVE_S1.);
#6998 = CIRCLE('',#6999,1.);
#6999 = AXIS2_PLACEMENT_3D('',#7000,#7001,#7002);
#7000 = CARTESIAN_POINT('',(-17.5,19.366025403784,41.542939940024));
#7001 = DIRECTION('',(-1.,0.,0.));
#7002 = DIRECTION('',(0.,0.5,0.866025403784));
#7003 = PCURVE('',#5816,#7004);
#7004 = DEFINITIONAL_REPRESENTATION('',(#7005),#7009);
#7005 = LINE('',#7006,#7007);
#7006 = CARTESIAN_POINT('',(9.424777960769,-17.5));
#7007 = VECTOR('',#7008,1.);
#7008 = DIRECTION('',(-1.,0.));
#7009 = ( GEOMETRIC_REPRESENTATION_CONTEXT(2) 
PARAMETRIC_REPRESENTATION_CONTEXT() REPRESENTATION_CONTEXT('2D SPACE',''
  ) );
#7010 = PCURVE('',#5843,#7011);
#7011 = DEFINITIONAL_REPRESENTATION('',(#7012),#7016);
#7012 = LINE('',#7013,#7014);
#7013 = CARTESIAN_POINT('',(3.14159265359,6.28318530718));
#7014 = VECTOR('',#7015,1.);
#7015 = DIRECTION('',(0.,-1.));
#7016 = ( GEOMETRIC_REPRESENTATION_CONTEXT(2) 
PARAMETRIC_REPRESENTATION_CONTEXT() REPRESENTATION_CONTEXT('2D SPACE',''
  ) );
#7017 = ORIENTED_EDGE('',*,*,#5800,.T.);
#7018 = ADVANCED_FACE('',(#7019),#5843,.T.);
#7019 = FACE_BOUND('',#7020,.T.);
#7020 = EDGE_LOOP('',(#7021,#7022,#7023,#7024));
#7021 = ORIENTED_EDGE('',*,*,#6996,.T.);
#7022 = ORIENTED_EDGE('',*,*,#5940,.T.);
#7023 = ORIENTED_EDGE('',*,*,#5967,.F.);
#7024 = ORIENTED_EDGE('',*,*,#5828,.F.);
#7025 = ADVANCED_FACE('',(#7026),#6034,.T.);
#7026 = FACE_BOUND('',#7027,.T.);
#7027 = EDGE_LOOP('',(#7028,#7029,#7030,#7031));
#7028 = ORIENTED_EDGE('',*,*,#6809,.F.);
#7029 = ORIENTED_EDGE('',*,*,#6935,.T.);
#7030 = ORIENTED_EDGE('',*,*,#6016,.T.);
#7031 = ORIENTED_EDGE('',*,*,#7032,.F.);
#7032 = EDGE_CURVE('',#6714,#6019,#7033,.T.);
#7033 = SURFACE_CURVE('',#7034,(#7038,#7045),.PCURVE_S1.);
#7034 = LINE('',#7035,#7036);
#7035 = CARTESIAN_POINT('',(3.552713678801E-15,17.320508075689,
    1.06581410364E-14));
#7036 = VECTOR('',#7037,1.);
#7037 = DIRECTION('',(-1.,2.973811673103E-16,5.150792909956E-16));
#7038 = PCURVE('',#6034,#7039);
#7039 = DEFINITIONAL_REPRESENTATION('',(#7040),#7044);
#7040 = LINE('',#7041,#7042);
#7041 = CARTESIAN_POINT('',(0.,20.));
#7042 = VECTOR('',#7043,1.);
#7043 = DIRECTION('',(1.,0.));
#7044 = ( GEOMETRIC_REPRESENTATION_CONTEXT(2) 
PARAMETRIC_REPRESENTATION_CONTEXT() REPRESENTATION_CONTEXT('2D SPACE',''
  ) );
#7045 = PCURVE('',#6133,#7046);
#7046 = DEFINITIONAL_REPRESENTATION('',(#7047),#7051);
#7047 = LINE('',#7048,#7049);
#7048 = CARTESIAN_POINT('',(17.5,0.));
#7049 = VECTOR('',#7050,1.);
#7050 = DIRECTION('',(1.,0.));
#7051 = ( GEOMETRIC_REPRESENTATION_CONTEXT(2) 
PARAMETRIC_REPRESENTATION_CONTEXT() REPRESENTATION_CONTEXT('2D SPACE',''
  ) );
#7052 = ADVANCED_FACE('',(#7053),#6133,.F.);
#7053 = FACE_BOUND('',#7054,.F.);
#7054 = EDGE_LOOP('',(#7055,#7056,#7057,#7058));
#7055 = ORIENTED_EDGE('',*,*,#7032,.F.);
#7056 = ORIENTED_EDGE('',*,*,#6761,.T.);
#7057 = ORIENTED_EDGE('',*,*,#6406,.F.);
#7058 = ORIENTED_EDGE('',*,*,#6117,.F.);
#7059 = ( GEOMETRIC_REPRESENTATION_CONTEXT(3) 
GLOBAL_UNCERTAINTY_ASSIGNED_CONTEXT((#7063)) 
GLOBAL_UNIT_ASSIGNED_CONTEXT((#7060,#7061,#7062)) REPRESENTATION_CONTEXT
('Context #1','3D Context with UNIT and UNCERTAINTY') );
#7060 = ( LENGTH_UNIT() NAMED_UNIT(*) SI_UNIT(.MILLI.,.METRE.) );
#7061 = ( NAMED_UNIT(*) PLANE_ANGLE_UNIT() SI_UNIT($,.RADIAN.) );
#7062 = ( NAMED_UNIT(*) SI_UNIT($,.STERADIAN.) SOLID_ANGLE_UNIT() );
#7063 = UNCERTAINTY_MEASURE_WITH_UNIT(LENGTH_MEASURE(5.E-06),#7060,
  'distance_accuracy_value','confusion accuracy');
#7064 = PRODUCT_RELATED_PRODUCT_CATEGORY('part',$,(#7));
ENDSEC;
END-ISO-10303-21;
